
===========================================================================
report_checks -unconstrained
===========================================================================
======================= nom_ff_n40C_1v95 Corner ===================================

Startpoint: ui_in[0] (input port clocked by clk)
Endpoint: uo_out[2] (output port clocked by clk)
Path Group: clk
Path Type: max

Fanout         Cap        Slew       Delay        Time   Description
---------------------------------------------------------------------------------------------
                      0.150000    0.000000    0.000000   clock clk (rise edge)
                                  0.000000    0.000000   clock network delay (ideal)
                                  8.000000    8.000000 ^ input external delay
   235    1.310722    4.387996    3.223398   11.223398 ^ ui_in[0] (in)
                                                         ui_in[0] (net)
                      4.387996    0.000000   11.223398 ^ _09222_/A (sky130_fd_sc_hd__inv_2)
    32    0.101131    0.933179    0.336625   11.560023 v _09222_/Y (sky130_fd_sc_hd__inv_2)
                                                         _05694_ (net)
                      0.933179    0.000000   11.560023 v _11971_/S (sky130_fd_sc_hd__mux2_1)
     1    0.002268    0.047818    0.440234   12.000257 v _11971_/X (sky130_fd_sc_hd__mux2_1)
                                                         _08407_ (net)
                      0.047818    0.000000   12.000257 v _11972_/B1 (sky130_fd_sc_hd__a31o_2)
     1    0.002176    0.026630    0.086220   12.086477 v _11972_/X (sky130_fd_sc_hd__a31o_2)
                                                         _08408_ (net)
                      0.026630    0.000000   12.086477 v _11981_/A2 (sky130_fd_sc_hd__o211a_2)
     1    0.001688    0.027830    0.141969   12.228446 v _11981_/X (sky130_fd_sc_hd__o211a_2)
                                                         _08417_ (net)
                      0.027830    0.000000   12.228446 v _12018_/B (sky130_fd_sc_hd__or4_2)
     1    0.001549    0.061010    0.367413   12.595859 v _12018_/X (sky130_fd_sc_hd__or4_2)
                                                         _08454_ (net)
                      0.061010    0.000000   12.595859 v _12037_/B (sky130_fd_sc_hd__and3_2)
     1    0.033442    0.075175    0.194791   12.790649 v _12037_/X (sky130_fd_sc_hd__and3_2)
                                                         uo_out[2] (net)
                      0.075175    0.000000   12.790649 v uo_out[2] (out)
                                             12.790649   data arrival time

                      0.150000   40.000000   40.000000   clock clk (rise edge)
                                  0.000000   40.000000   clock network delay (ideal)
                                 -0.250000   39.750000   clock uncertainty
                                  0.000000   39.750000   clock reconvergence pessimism
                                 -8.000000   31.750000   output external delay
                                             31.750000   data required time
---------------------------------------------------------------------------------------------
                                             31.750000   data required time
                                            -12.790649   data arrival time
---------------------------------------------------------------------------------------------
                                             18.959349   slack (MET)




===========================================================================
report_checks --slack_max -0.01
============================================================================
======================= nom_ff_n40C_1v95 Corner ===================================

No paths found.


===========================================================================
 report_check_types -max_slew -max_cap -max_fanout -violators
============================================================================
======================= nom_ff_n40C_1v95 Corner ===================================

max slew

Pin                                        Limit        Slew       Slack
------------------------------------------------------------------------
_09199_/A                               0.750000    4.772299   -4.022299 (VIOLATED)
_09379_/A                               0.750000    4.772299   -4.022299 (VIOLATED)
_09389_/B1                              0.750000    4.772299   -4.022299 (VIOLATED)
_09395_/C1                              0.750000    4.772299   -4.022299 (VIOLATED)
_09400_/S                               0.750000    4.772299   -4.022299 (VIOLATED)
_09401_/A                               0.750000    4.772299   -4.022299 (VIOLATED)
_09403_/S                               0.750000    4.772299   -4.022299 (VIOLATED)
_09408_/S                               0.750000    4.772299   -4.022299 (VIOLATED)
_09409_/S                               0.750000    4.772299   -4.022299 (VIOLATED)
_09411_/S                               0.750000    4.772299   -4.022299 (VIOLATED)
_09412_/S                               0.750000    4.772299   -4.022299 (VIOLATED)
_09502_/A1                              0.750000    4.772299   -4.022299 (VIOLATED)
_09505_/S                               0.750000    4.772299   -4.022299 (VIOLATED)
_09506_/S                               0.750000    4.772299   -4.022299 (VIOLATED)
_09507_/S                               0.750000    4.772299   -4.022299 (VIOLATED)
_09508_/S                               0.750000    4.772299   -4.022299 (VIOLATED)
_09513_/S                               0.750000    4.772299   -4.022299 (VIOLATED)
_09516_/S                               0.750000    4.772299   -4.022299 (VIOLATED)
_09517_/S                               0.750000    4.772299   -4.022299 (VIOLATED)
_09522_/A                               0.750000    4.772299   -4.022299 (VIOLATED)
_09524_/A                               0.750000    4.772299   -4.022299 (VIOLATED)
_09526_/S                               0.750000    4.772299   -4.022299 (VIOLATED)
_09527_/S                               0.750000    4.772299   -4.022299 (VIOLATED)
_09536_/A                               0.750000    4.772299   -4.022299 (VIOLATED)
_09539_/S                               0.750000    4.772299   -4.022299 (VIOLATED)
_09542_/S                               0.750000    4.772299   -4.022299 (VIOLATED)
_09543_/S                               0.750000    4.772299   -4.022299 (VIOLATED)
_09549_/A1                              0.750000    4.772299   -4.022299 (VIOLATED)
_09550_/S                               0.750000    4.772299   -4.022299 (VIOLATED)
_09551_/S                               0.750000    4.772299   -4.022299 (VIOLATED)
_09553_/S0                              0.750000    4.772299   -4.022299 (VIOLATED)
_09567_/B1                              0.750000    4.772299   -4.022299 (VIOLATED)
_09576_/C1                              0.750000    4.772299   -4.022299 (VIOLATED)
_09581_/S                               0.750000    4.772299   -4.022299 (VIOLATED)
_09582_/A                               0.750000    4.772299   -4.022299 (VIOLATED)
_09584_/S                               0.750000    4.772299   -4.022299 (VIOLATED)
_09587_/S                               0.750000    4.772299   -4.022299 (VIOLATED)
_09588_/S                               0.750000    4.772299   -4.022299 (VIOLATED)
_09590_/S                               0.750000    4.772299   -4.022299 (VIOLATED)
_09591_/S                               0.750000    4.772299   -4.022299 (VIOLATED)
_09600_/S                               0.750000    4.772299   -4.022299 (VIOLATED)
_09602_/A_N                             0.750000    4.772299   -4.022299 (VIOLATED)
_09603_/A                               0.750000    4.772299   -4.022299 (VIOLATED)
_09605_/S                               0.750000    4.772299   -4.022299 (VIOLATED)
_09606_/A                               0.750000    4.772299   -4.022299 (VIOLATED)
_09607_/A_N                             0.750000    4.772299   -4.022299 (VIOLATED)
_09610_/S                               0.750000    4.772299   -4.022299 (VIOLATED)
_09611_/S                               0.750000    4.772299   -4.022299 (VIOLATED)
_09613_/S                               0.750000    4.772299   -4.022299 (VIOLATED)
_09615_/S                               0.750000    4.772299   -4.022299 (VIOLATED)
_09618_/S                               0.750000    4.772299   -4.022299 (VIOLATED)
_09619_/S                               0.750000    4.772299   -4.022299 (VIOLATED)
_09621_/S                               0.750000    4.772299   -4.022299 (VIOLATED)
_09622_/S                               0.750000    4.772299   -4.022299 (VIOLATED)
_09625_/S                               0.750000    4.772299   -4.022299 (VIOLATED)
_09627_/S                               0.750000    4.772299   -4.022299 (VIOLATED)
_09629_/S                               0.750000    4.772299   -4.022299 (VIOLATED)
_09638_/S                               0.750000    4.772299   -4.022299 (VIOLATED)
_09639_/S                               0.750000    4.772299   -4.022299 (VIOLATED)
_09640_/S                               0.750000    4.772299   -4.022299 (VIOLATED)
_09641_/S                               0.750000    4.772299   -4.022299 (VIOLATED)
_09648_/S                               0.750000    4.772299   -4.022299 (VIOLATED)
_09649_/S                               0.750000    4.772299   -4.022299 (VIOLATED)
_09652_/S                               0.750000    4.772299   -4.022299 (VIOLATED)
_09653_/S                               0.750000    4.772299   -4.022299 (VIOLATED)
_09656_/A                               0.750000    4.772299   -4.022299 (VIOLATED)
_09658_/A                               0.750000    4.772299   -4.022299 (VIOLATED)
_09660_/S                               0.750000    4.772299   -4.022299 (VIOLATED)
_09661_/S                               0.750000    4.772299   -4.022299 (VIOLATED)
_09672_/B1                              0.750000    4.772299   -4.022299 (VIOLATED)
_09676_/B1                              0.750000    4.772299   -4.022299 (VIOLATED)
_09684_/S0                              0.750000    4.772299   -4.022299 (VIOLATED)
_09685_/S0                              0.750000    4.772299   -4.022299 (VIOLATED)
_09687_/S                               0.750000    4.772299   -4.022299 (VIOLATED)
_09689_/S                               0.750000    4.772299   -4.022299 (VIOLATED)
_09690_/S                               0.750000    4.772299   -4.022299 (VIOLATED)
_09701_/A                               0.750000    4.772299   -4.022299 (VIOLATED)
_09705_/S                               0.750000    4.772299   -4.022299 (VIOLATED)
_09707_/S                               0.750000    4.772299   -4.022299 (VIOLATED)
_09708_/S                               0.750000    4.772299   -4.022299 (VIOLATED)
_09714_/S                               0.750000    4.772299   -4.022299 (VIOLATED)
_09720_/A1                              0.750000    4.772299   -4.022299 (VIOLATED)
_09725_/A                               0.750000    4.772299   -4.022299 (VIOLATED)
_09727_/S                               0.750000    4.772299   -4.022299 (VIOLATED)
_09728_/S                               0.750000    4.772299   -4.022299 (VIOLATED)
_09731_/S                               0.750000    4.772299   -4.022299 (VIOLATED)
_09732_/S                               0.750000    4.772299   -4.022299 (VIOLATED)
_09734_/S                               0.750000    4.772299   -4.022299 (VIOLATED)
_09735_/S                               0.750000    4.772299   -4.022299 (VIOLATED)
_09738_/S                               0.750000    4.772299   -4.022299 (VIOLATED)
_09739_/S                               0.750000    4.772299   -4.022299 (VIOLATED)
_09740_/S0                              0.750000    4.772299   -4.022299 (VIOLATED)
_09743_/S                               0.750000    4.772299   -4.022299 (VIOLATED)
_09744_/S                               0.750000    4.772299   -4.022299 (VIOLATED)
_09745_/S0                              0.750000    4.772299   -4.022299 (VIOLATED)
_09754_/S                               0.750000    4.772299   -4.022299 (VIOLATED)
_09755_/S                               0.750000    4.772299   -4.022299 (VIOLATED)
_09756_/S                               0.750000    4.772299   -4.022299 (VIOLATED)
_09760_/S0                              0.750000    4.772299   -4.022299 (VIOLATED)
_09762_/S0                              0.750000    4.772299   -4.022299 (VIOLATED)
_09764_/S                               0.750000    4.772299   -4.022299 (VIOLATED)
_09765_/S                               0.750000    4.772299   -4.022299 (VIOLATED)
_09767_/S                               0.750000    4.772299   -4.022299 (VIOLATED)
_09768_/S                               0.750000    4.772299   -4.022299 (VIOLATED)
_09771_/S                               0.750000    4.772299   -4.022299 (VIOLATED)
_09772_/S                               0.750000    4.772299   -4.022299 (VIOLATED)
_09774_/S                               0.750000    4.772299   -4.022299 (VIOLATED)
_09775_/S                               0.750000    4.772299   -4.022299 (VIOLATED)
_09783_/S                               0.750000    4.772299   -4.022299 (VIOLATED)
_09785_/S                               0.750000    4.772299   -4.022299 (VIOLATED)
_09786_/S                               0.750000    4.772299   -4.022299 (VIOLATED)
_09791_/S                               0.750000    4.772299   -4.022299 (VIOLATED)
_09796_/A                               0.750000    4.772299   -4.022299 (VIOLATED)
_09798_/S                               0.750000    4.772299   -4.022299 (VIOLATED)
_09799_/S0                              0.750000    4.772299   -4.022299 (VIOLATED)
_09827_/A1                              0.750000    4.772299   -4.022299 (VIOLATED)
_09828_/S                               0.750000    4.772299   -4.022299 (VIOLATED)
_09829_/S0                              0.750000    4.772299   -4.022299 (VIOLATED)
_09836_/S                               0.750000    4.772299   -4.022299 (VIOLATED)
_09908_/A1                              0.750000    4.772299   -4.022299 (VIOLATED)
_09912_/A                               0.750000    4.772299   -4.022299 (VIOLATED)
_09914_/S                               0.750000    4.772299   -4.022299 (VIOLATED)
_09915_/S                               0.750000    4.772299   -4.022299 (VIOLATED)
_09917_/S                               0.750000    4.772299   -4.022299 (VIOLATED)
_09924_/S                               0.750000    4.772299   -4.022299 (VIOLATED)
_09925_/S                               0.750000    4.772299   -4.022299 (VIOLATED)
_09926_/S0                              0.750000    4.772299   -4.022299 (VIOLATED)
_09929_/S                               0.750000    4.772299   -4.022299 (VIOLATED)
_09930_/S                               0.750000    4.772299   -4.022299 (VIOLATED)
_09931_/S                               0.750000    4.772299   -4.022299 (VIOLATED)
_09932_/S                               0.750000    4.772299   -4.022299 (VIOLATED)
_09937_/S0                              0.750000    4.772299   -4.022299 (VIOLATED)
_09938_/S0                              0.750000    4.772299   -4.022299 (VIOLATED)
_09940_/S0                              0.750000    4.772299   -4.022299 (VIOLATED)
_09942_/S                               0.750000    4.772299   -4.022299 (VIOLATED)
_09949_/S                               0.750000    4.772299   -4.022299 (VIOLATED)
_09950_/S                               0.750000    4.772299   -4.022299 (VIOLATED)
_09952_/S0                              0.750000    4.772299   -4.022299 (VIOLATED)
_09955_/S                               0.750000    4.772299   -4.022299 (VIOLATED)
_09956_/B                               0.750000    4.772299   -4.022299 (VIOLATED)
_09957_/A1                              0.750000    4.772299   -4.022299 (VIOLATED)
_09959_/S                               0.750000    4.772299   -4.022299 (VIOLATED)
_09960_/A                               0.750000    4.772299   -4.022299 (VIOLATED)
_09964_/S                               0.750000    4.772299   -4.022299 (VIOLATED)
_09965_/B                               0.750000    4.772299   -4.022299 (VIOLATED)
_09967_/S                               0.750000    4.772299   -4.022299 (VIOLATED)
_09976_/A1                              0.750000    4.772299   -4.022299 (VIOLATED)
_09983_/S                               0.750000    4.772299   -4.022299 (VIOLATED)
_09985_/S                               0.750000    4.772299   -4.022299 (VIOLATED)
_09986_/S                               0.750000    4.772299   -4.022299 (VIOLATED)
_09988_/S                               0.750000    4.772299   -4.022299 (VIOLATED)
_09989_/S                               0.750000    4.772299   -4.022299 (VIOLATED)
_09990_/S0                              0.750000    4.772299   -4.022299 (VIOLATED)
_09995_/S                               0.750000    4.772299   -4.022299 (VIOLATED)
_09996_/S                               0.750000    4.772299   -4.022299 (VIOLATED)
_09997_/S                               0.750000    4.772299   -4.022299 (VIOLATED)
_09998_/S                               0.750000    4.772299   -4.022299 (VIOLATED)
_10002_/S                               0.750000    4.772299   -4.022299 (VIOLATED)
_10003_/S                               0.750000    4.772299   -4.022299 (VIOLATED)
_10005_/S                               0.750000    4.772299   -4.022299 (VIOLATED)
_10007_/S                               0.750000    4.772299   -4.022299 (VIOLATED)
_10015_/S                               0.750000    4.772299   -4.022299 (VIOLATED)
_10016_/S                               0.750000    4.772299   -4.022299 (VIOLATED)
_10018_/S                               0.750000    4.772299   -4.022299 (VIOLATED)
_10019_/S                               0.750000    4.772299   -4.022299 (VIOLATED)
_10022_/S0                              0.750000    4.772299   -4.022299 (VIOLATED)
_10024_/S                               0.750000    4.772299   -4.022299 (VIOLATED)
_10025_/S                               0.750000    4.772299   -4.022299 (VIOLATED)
_10029_/S                               0.750000    4.772299   -4.022299 (VIOLATED)
_10031_/S                               0.750000    4.772299   -4.022299 (VIOLATED)
_10033_/S                               0.750000    4.772299   -4.022299 (VIOLATED)
_10036_/S                               0.750000    4.772299   -4.022299 (VIOLATED)
_10037_/S                               0.750000    4.772299   -4.022299 (VIOLATED)
_10039_/S                               0.750000    4.772299   -4.022299 (VIOLATED)
_10040_/S                               0.750000    4.772299   -4.022299 (VIOLATED)
_10057_/S                               0.750000    4.772299   -4.022299 (VIOLATED)
_10058_/S                               0.750000    4.772299   -4.022299 (VIOLATED)
_10059_/S0                              0.750000    4.772299   -4.022299 (VIOLATED)
_10062_/S                               0.750000    4.772299   -4.022299 (VIOLATED)
_10063_/S                               0.750000    4.772299   -4.022299 (VIOLATED)
_10064_/S0                              0.750000    4.772299   -4.022299 (VIOLATED)
_10068_/S0                              0.750000    4.772299   -4.022299 (VIOLATED)
_10069_/S0                              0.750000    4.772299   -4.022299 (VIOLATED)
_10072_/S                               0.750000    4.772299   -4.022299 (VIOLATED)
_10074_/S                               0.750000    4.772299   -4.022299 (VIOLATED)
_10075_/S                               0.750000    4.772299   -4.022299 (VIOLATED)
_10083_/A                               0.750000    4.772299   -4.022299 (VIOLATED)
_10089_/C1                              0.750000    4.772299   -4.022299 (VIOLATED)
_10093_/S                               0.750000    4.772299   -4.022299 (VIOLATED)
_10095_/C1                              0.750000    4.772299   -4.022299 (VIOLATED)
_10099_/A                               0.750000    4.772299   -4.022299 (VIOLATED)
_10101_/S                               0.750000    4.772299   -4.022299 (VIOLATED)
_10102_/S0                              0.750000    4.772299   -4.022299 (VIOLATED)
_10110_/S                               0.750000    4.772299   -4.022299 (VIOLATED)
_10111_/S                               0.750000    4.772299   -4.022299 (VIOLATED)
_10112_/S0                              0.750000    4.772299   -4.022299 (VIOLATED)
_10115_/S                               0.750000    4.772299   -4.022299 (VIOLATED)
_10116_/S                               0.750000    4.772299   -4.022299 (VIOLATED)
_10119_/S                               0.750000    4.772299   -4.022299 (VIOLATED)
_10122_/S                               0.750000    4.772299   -4.022299 (VIOLATED)
_10123_/S                               0.750000    4.772299   -4.022299 (VIOLATED)
_10124_/S0                              0.750000    4.772299   -4.022299 (VIOLATED)
_10127_/S                               0.750000    4.772299   -4.022299 (VIOLATED)
_10128_/S                               0.750000    4.772299   -4.022299 (VIOLATED)
_10130_/S                               0.750000    4.772299   -4.022299 (VIOLATED)
_10131_/S                               0.750000    4.772299   -4.022299 (VIOLATED)
_10143_/C1                              0.750000    4.772299   -4.022299 (VIOLATED)
_10145_/S                               0.750000    4.772299   -4.022299 (VIOLATED)
_10146_/S                               0.750000    4.772299   -4.022299 (VIOLATED)
_10148_/S                               0.750000    4.772299   -4.022299 (VIOLATED)
_10152_/S                               0.750000    4.772299   -4.022299 (VIOLATED)
_10153_/S                               0.750000    4.772299   -4.022299 (VIOLATED)
_10155_/S                               0.750000    4.772299   -4.022299 (VIOLATED)
_10156_/S                               0.750000    4.772299   -4.022299 (VIOLATED)
_10158_/S                               0.750000    4.772299   -4.022299 (VIOLATED)
_10159_/S                               0.750000    4.772299   -4.022299 (VIOLATED)
_10162_/S0                              0.750000    4.772299   -4.022299 (VIOLATED)
_10169_/S                               0.750000    4.772299   -4.022299 (VIOLATED)
_10170_/S                               0.750000    4.772299   -4.022299 (VIOLATED)
_10172_/S                               0.750000    4.772299   -4.022299 (VIOLATED)
_10173_/S                               0.750000    4.772299   -4.022299 (VIOLATED)
_10176_/S                               0.750000    4.772299   -4.022299 (VIOLATED)
_10177_/S                               0.750000    4.772299   -4.022299 (VIOLATED)
_10178_/S0                              0.750000    4.772299   -4.022299 (VIOLATED)
_10181_/S                               0.750000    4.772299   -4.022299 (VIOLATED)
_10182_/S                               0.750000    4.772299   -4.022299 (VIOLATED)
_10183_/S0                              0.750000    4.772299   -4.022299 (VIOLATED)
_10187_/A                               0.750000    4.772299   -4.022299 (VIOLATED)
_10189_/S                               0.750000    4.772299   -4.022299 (VIOLATED)
_10190_/B                               0.750000    4.772299   -4.022299 (VIOLATED)
_10191_/A                               0.750000    4.772299   -4.022299 (VIOLATED)
_10200_/S                               0.750000    4.772299   -4.022299 (VIOLATED)
_10201_/S                               0.750000    4.772299   -4.022299 (VIOLATED)
_10202_/S0                              0.750000    4.772299   -4.022299 (VIOLATED)
_10205_/S                               0.750000    4.772299   -4.022299 (VIOLATED)
_10207_/S                               0.750000    4.772299   -4.022299 (VIOLATED)
_10208_/S                               0.750000    4.772299   -4.022299 (VIOLATED)
_10212_/S                               0.750000    4.772299   -4.022299 (VIOLATED)
_10213_/S                               0.750000    4.772299   -4.022299 (VIOLATED)
_10215_/S                               0.750000    4.772299   -4.022299 (VIOLATED)
_10216_/S                               0.750000    4.772299   -4.022299 (VIOLATED)
_10219_/S                               0.750000    4.772299   -4.022299 (VIOLATED)
_10220_/S                               0.750000    4.772299   -4.022299 (VIOLATED)
_10221_/S0                              0.750000    4.772299   -4.022299 (VIOLATED)
_10230_/S                               0.750000    4.772299   -4.022299 (VIOLATED)
_10231_/S                               0.750000    4.772299   -4.022299 (VIOLATED)
_10233_/S                               0.750000    4.772299   -4.022299 (VIOLATED)
_10238_/A                               0.750000    4.772299   -4.022299 (VIOLATED)
_10241_/A                               0.750000    4.772299   -4.022299 (VIOLATED)
_10245_/A                               0.750000    4.772299   -4.022299 (VIOLATED)
_10247_/S                               0.750000    4.772299   -4.022299 (VIOLATED)
_10249_/S                               0.750000    4.772299   -4.022299 (VIOLATED)
_10250_/S                               0.750000    4.772299   -4.022299 (VIOLATED)
_10260_/S                               0.750000    4.772299   -4.022299 (VIOLATED)
_10261_/S                               0.750000    4.772299   -4.022299 (VIOLATED)
_10263_/S                               0.750000    4.772299   -4.022299 (VIOLATED)
_10264_/S                               0.750000    4.772299   -4.022299 (VIOLATED)
_10269_/S                               0.750000    4.772299   -4.022299 (VIOLATED)
_10271_/S                               0.750000    4.772299   -4.022299 (VIOLATED)
_10272_/S                               0.750000    4.772299   -4.022299 (VIOLATED)
_10273_/S                               0.750000    4.772299   -4.022299 (VIOLATED)
_10277_/A                               0.750000    4.772299   -4.022299 (VIOLATED)
_10279_/A                               0.750000    4.772299   -4.022299 (VIOLATED)
_10281_/S                               0.750000    4.772299   -4.022299 (VIOLATED)
_10282_/S                               0.750000    4.772299   -4.022299 (VIOLATED)
_10291_/C1                              0.750000    4.772299   -4.022299 (VIOLATED)
_10298_/B1                              0.750000    4.772299   -4.022299 (VIOLATED)
_10305_/C1                              0.750000    4.772299   -4.022299 (VIOLATED)
_10308_/S                               0.750000    4.772299   -4.022299 (VIOLATED)
_10309_/S                               0.750000    4.772299   -4.022299 (VIOLATED)
_10311_/S                               0.750000    4.772299   -4.022299 (VIOLATED)
_10319_/S                               0.750000    4.772299   -4.022299 (VIOLATED)
_10320_/S                               0.750000    4.772299   -4.022299 (VIOLATED)
_10321_/S0                              0.750000    4.772299   -4.022299 (VIOLATED)
_10324_/S                               0.750000    4.772299   -4.022299 (VIOLATED)
_10325_/S                               0.750000    4.772299   -4.022299 (VIOLATED)
_10326_/S0                              0.750000    4.772299   -4.022299 (VIOLATED)
_10330_/S0                              0.750000    4.772299   -4.022299 (VIOLATED)
_10331_/S0                              0.750000    4.772299   -4.022299 (VIOLATED)
_10334_/S                               0.750000    4.772299   -4.022299 (VIOLATED)
_10336_/S                               0.750000    4.772299   -4.022299 (VIOLATED)
_10337_/S                               0.750000    4.772299   -4.022299 (VIOLATED)
_10345_/A                               0.750000    4.772299   -4.022299 (VIOLATED)
_10347_/A                               0.750000    4.772299   -4.022299 (VIOLATED)
_10349_/A                               0.750000    4.772299   -4.022299 (VIOLATED)
_10351_/A                               0.750000    4.772299   -4.022299 (VIOLATED)
_10354_/S                               0.750000    4.772299   -4.022299 (VIOLATED)
_10356_/S                               0.750000    4.772299   -4.022299 (VIOLATED)
_10358_/S                               0.750000    4.772299   -4.022299 (VIOLATED)
_10361_/S                               0.750000    4.772299   -4.022299 (VIOLATED)
_10362_/S                               0.750000    4.772299   -4.022299 (VIOLATED)
_10364_/S                               0.750000    4.772299   -4.022299 (VIOLATED)
_10365_/S                               0.750000    4.772299   -4.022299 (VIOLATED)
_10368_/S                               0.750000    4.772299   -4.022299 (VIOLATED)
_10369_/S                               0.750000    4.772299   -4.022299 (VIOLATED)
_10371_/S                               0.750000    4.772299   -4.022299 (VIOLATED)
_10372_/S                               0.750000    4.772299   -4.022299 (VIOLATED)
_10382_/S                               0.750000    4.772299   -4.022299 (VIOLATED)
_10383_/S                               0.750000    4.772299   -4.022299 (VIOLATED)
_10385_/S                               0.750000    4.772299   -4.022299 (VIOLATED)
_10388_/S                               0.750000    4.772299   -4.022299 (VIOLATED)
_10390_/S                               0.750000    4.772299   -4.022299 (VIOLATED)
_10391_/S                               0.750000    4.772299   -4.022299 (VIOLATED)
_10392_/S                               0.750000    4.772299   -4.022299 (VIOLATED)
_10396_/S                               0.750000    4.772299   -4.022299 (VIOLATED)
_10397_/A                               0.750000    4.772299   -4.022299 (VIOLATED)
_10399_/S0                              0.750000    4.772299   -4.022299 (VIOLATED)
_10409_/S0                              0.750000    4.772299   -4.022299 (VIOLATED)
_10410_/S0                              0.750000    4.772299   -4.022299 (VIOLATED)
_10412_/S                               0.750000    4.772299   -4.022299 (VIOLATED)
_10414_/S                               0.750000    4.772299   -4.022299 (VIOLATED)
_10415_/S                               0.750000    4.772299   -4.022299 (VIOLATED)
_10418_/S                               0.750000    4.772299   -4.022299 (VIOLATED)
_10420_/S                               0.750000    4.772299   -4.022299 (VIOLATED)
_10421_/S                               0.750000    4.772299   -4.022299 (VIOLATED)
_10422_/S                               0.750000    4.772299   -4.022299 (VIOLATED)
_10425_/S                               0.750000    4.772299   -4.022299 (VIOLATED)
_10426_/S                               0.750000    4.772299   -4.022299 (VIOLATED)
_10427_/S                               0.750000    4.772299   -4.022299 (VIOLATED)
_10428_/S                               0.750000    4.772299   -4.022299 (VIOLATED)
_10437_/S                               0.750000    4.772299   -4.022299 (VIOLATED)
_10438_/S                               0.750000    4.772299   -4.022299 (VIOLATED)
_10439_/S                               0.750000    4.772299   -4.022299 (VIOLATED)
_10440_/S                               0.750000    4.772299   -4.022299 (VIOLATED)
_10448_/A1                              0.750000    4.772299   -4.022299 (VIOLATED)
_10449_/S0                              0.750000    4.772299   -4.022299 (VIOLATED)
_10451_/S                               0.750000    4.772299   -4.022299 (VIOLATED)
_10452_/S                               0.750000    4.772299   -4.022299 (VIOLATED)
_10455_/S                               0.750000    4.772299   -4.022299 (VIOLATED)
_10457_/S                               0.750000    4.772299   -4.022299 (VIOLATED)
_10458_/S                               0.750000    4.772299   -4.022299 (VIOLATED)
_10467_/S                               0.750000    4.772299   -4.022299 (VIOLATED)
_10468_/S                               0.750000    4.772299   -4.022299 (VIOLATED)
_10469_/S0                              0.750000    4.772299   -4.022299 (VIOLATED)
_10472_/A                               0.750000    4.772299   -4.022299 (VIOLATED)
_10475_/S                               0.750000    4.772299   -4.022299 (VIOLATED)
_10476_/S                               0.750000    4.772299   -4.022299 (VIOLATED)
_10478_/S                               0.750000    4.772299   -4.022299 (VIOLATED)
_10479_/S                               0.750000    4.772299   -4.022299 (VIOLATED)
_10481_/S                               0.750000    4.772299   -4.022299 (VIOLATED)
_10482_/S                               0.750000    4.772299   -4.022299 (VIOLATED)
_10486_/S                               0.750000    4.772299   -4.022299 (VIOLATED)
_10487_/S                               0.750000    4.772299   -4.022299 (VIOLATED)
_10488_/S0                              0.750000    4.772299   -4.022299 (VIOLATED)
_12501_/A1                              0.750000    4.772299   -4.022299 (VIOLATED)
_16790_/A2                              0.750000    4.772299   -4.022299 (VIOLATED)
_20462_/Q                               0.750000    4.772299   -4.022299 (VIOLATED)
ui_in[0]                                0.750000    4.387996   -3.637996 (VIOLATED)
_09222_/A                               0.750000    4.387996   -3.637996 (VIOLATED)
_11802_/A                               0.750000    4.387996   -3.637996 (VIOLATED)
_11803_/S0                              0.750000    4.387996   -3.637996 (VIOLATED)
_11805_/S0                              0.750000    4.387996   -3.637996 (VIOLATED)
_11808_/S0                              0.750000    4.387996   -3.637996 (VIOLATED)
_11815_/S0                              0.750000    4.387996   -3.637996 (VIOLATED)
_11817_/S0                              0.750000    4.387996   -3.637996 (VIOLATED)
_11819_/S0                              0.750000    4.387996   -3.637996 (VIOLATED)
_11820_/S                               0.750000    4.387996   -3.637996 (VIOLATED)
_11824_/S0                              0.750000    4.387996   -3.637996 (VIOLATED)
_11825_/S0                              0.750000    4.387996   -3.637996 (VIOLATED)
_11828_/S0                              0.750000    4.387996   -3.637996 (VIOLATED)
_11829_/S                               0.750000    4.387996   -3.637996 (VIOLATED)
_11833_/S0                              0.750000    4.387996   -3.637996 (VIOLATED)
_11835_/S0                              0.750000    4.387996   -3.637996 (VIOLATED)
_11837_/S0                              0.750000    4.387996   -3.637996 (VIOLATED)
_11843_/S0                              0.750000    4.387996   -3.637996 (VIOLATED)
_11845_/S0                              0.750000    4.387996   -3.637996 (VIOLATED)
_11847_/S0                              0.750000    4.387996   -3.637996 (VIOLATED)
_11854_/S0                              0.750000    4.387996   -3.637996 (VIOLATED)
_11855_/S0                              0.750000    4.387996   -3.637996 (VIOLATED)
_11858_/S0                              0.750000    4.387996   -3.637996 (VIOLATED)
_11859_/S                               0.750000    4.387996   -3.637996 (VIOLATED)
_11863_/S0                              0.750000    4.387996   -3.637996 (VIOLATED)
_11865_/S0                              0.750000    4.387996   -3.637996 (VIOLATED)
_11867_/S0                              0.750000    4.387996   -3.637996 (VIOLATED)
_11873_/S0                              0.750000    4.387996   -3.637996 (VIOLATED)
_11874_/S0                              0.750000    4.387996   -3.637996 (VIOLATED)
_11877_/S0                              0.750000    4.387996   -3.637996 (VIOLATED)
_11878_/S                               0.750000    4.387996   -3.637996 (VIOLATED)
_11884_/S0                              0.750000    4.387996   -3.637996 (VIOLATED)
_11886_/S0                              0.750000    4.387996   -3.637996 (VIOLATED)
_11888_/C1                              0.750000    4.387996   -3.637996 (VIOLATED)
_11890_/A2                              0.750000    4.387996   -3.637996 (VIOLATED)
_11892_/S                               0.750000    4.387996   -3.637996 (VIOLATED)
_11896_/S0                              0.750000    4.387996   -3.637996 (VIOLATED)
_11897_/S0                              0.750000    4.387996   -3.637996 (VIOLATED)
_11900_/S0                              0.750000    4.387996   -3.637996 (VIOLATED)
_11901_/S                               0.750000    4.387996   -3.637996 (VIOLATED)
_11905_/S0                              0.750000    4.387996   -3.637996 (VIOLATED)
_11907_/S0                              0.750000    4.387996   -3.637996 (VIOLATED)
_11909_/S0                              0.750000    4.387996   -3.637996 (VIOLATED)
_11915_/S0                              0.750000    4.387996   -3.637996 (VIOLATED)
_11916_/S0                              0.750000    4.387996   -3.637996 (VIOLATED)
_11919_/S0                              0.750000    4.387996   -3.637996 (VIOLATED)
_11920_/S                               0.750000    4.387996   -3.637996 (VIOLATED)
_11924_/S0                              0.750000    4.387996   -3.637996 (VIOLATED)
_11925_/S0                              0.750000    4.387996   -3.637996 (VIOLATED)
_11928_/S0                              0.750000    4.387996   -3.637996 (VIOLATED)
_11929_/S                               0.750000    4.387996   -3.637996 (VIOLATED)
_11932_/S0                              0.750000    4.387996   -3.637996 (VIOLATED)
_11933_/S0                              0.750000    4.387996   -3.637996 (VIOLATED)
_11936_/C1                              0.750000    4.387996   -3.637996 (VIOLATED)
_11938_/S0                              0.750000    4.387996   -3.637996 (VIOLATED)
_11943_/S0                              0.750000    4.387996   -3.637996 (VIOLATED)
_11945_/S0                              0.750000    4.387996   -3.637996 (VIOLATED)
_11947_/S0                              0.750000    4.387996   -3.637996 (VIOLATED)
_11948_/S                               0.750000    4.387996   -3.637996 (VIOLATED)
_11951_/S0                              0.750000    4.387996   -3.637996 (VIOLATED)
_11952_/S0                              0.750000    4.387996   -3.637996 (VIOLATED)
_11955_/S0                              0.750000    4.387996   -3.637996 (VIOLATED)
_11963_/S0                              0.750000    4.387996   -3.637996 (VIOLATED)
_11965_/S0                              0.750000    4.387996   -3.637996 (VIOLATED)
_11967_/S0                              0.750000    4.387996   -3.637996 (VIOLATED)
_11973_/S0                              0.750000    4.387996   -3.637996 (VIOLATED)
_11975_/S0                              0.750000    4.387996   -3.637996 (VIOLATED)
_11977_/S                               0.750000    4.387996   -3.637996 (VIOLATED)
_11979_/S0                              0.750000    4.387996   -3.637996 (VIOLATED)
_11982_/S0                              0.750000    4.387996   -3.637996 (VIOLATED)
_11984_/S0                              0.750000    4.387996   -3.637996 (VIOLATED)
_11986_/S0                              0.750000    4.387996   -3.637996 (VIOLATED)
_11987_/S                               0.750000    4.387996   -3.637996 (VIOLATED)
_11990_/S0                              0.750000    4.387996   -3.637996 (VIOLATED)
_11992_/S0                              0.750000    4.387996   -3.637996 (VIOLATED)
_11994_/S0                              0.750000    4.387996   -3.637996 (VIOLATED)
_12000_/S0                              0.750000    4.387996   -3.637996 (VIOLATED)
_12002_/S0                              0.750000    4.387996   -3.637996 (VIOLATED)
_12004_/S0                              0.750000    4.387996   -3.637996 (VIOLATED)
_12005_/S                               0.750000    4.387996   -3.637996 (VIOLATED)
_12008_/S0                              0.750000    4.387996   -3.637996 (VIOLATED)
_12009_/S0                              0.750000    4.387996   -3.637996 (VIOLATED)
_12012_/S0                              0.750000    4.387996   -3.637996 (VIOLATED)
_12013_/S                               0.750000    4.387996   -3.637996 (VIOLATED)
_12014_/S                               0.750000    4.387996   -3.637996 (VIOLATED)
_12019_/S0                              0.750000    4.387996   -3.637996 (VIOLATED)
_12020_/S0                              0.750000    4.387996   -3.637996 (VIOLATED)
_12023_/S0                              0.750000    4.387996   -3.637996 (VIOLATED)
_12024_/S                               0.750000    4.387996   -3.637996 (VIOLATED)
_12027_/S0                              0.750000    4.387996   -3.637996 (VIOLATED)
_12028_/S0                              0.750000    4.387996   -3.637996 (VIOLATED)
_12031_/S0                              0.750000    4.387996   -3.637996 (VIOLATED)
_12032_/C1                              0.750000    4.387996   -3.637996 (VIOLATED)
_12038_/S0                              0.750000    4.387996   -3.637996 (VIOLATED)
_12040_/S0                              0.750000    4.387996   -3.637996 (VIOLATED)
_12042_/S0                              0.750000    4.387996   -3.637996 (VIOLATED)
_12048_/S0                              0.750000    4.387996   -3.637996 (VIOLATED)
_12050_/S0                              0.750000    4.387996   -3.637996 (VIOLATED)
_12052_/S0                              0.750000    4.387996   -3.637996 (VIOLATED)
_12053_/S                               0.750000    4.387996   -3.637996 (VIOLATED)
_12056_/S0                              0.750000    4.387996   -3.637996 (VIOLATED)
_12057_/S0                              0.750000    4.387996   -3.637996 (VIOLATED)
_12060_/S0                              0.750000    4.387996   -3.637996 (VIOLATED)
_12061_/S                               0.750000    4.387996   -3.637996 (VIOLATED)
_12064_/S0                              0.750000    4.387996   -3.637996 (VIOLATED)
_12066_/S0                              0.750000    4.387996   -3.637996 (VIOLATED)
_12068_/S0                              0.750000    4.387996   -3.637996 (VIOLATED)
_12076_/S0                              0.750000    4.387996   -3.637996 (VIOLATED)
_12077_/S0                              0.750000    4.387996   -3.637996 (VIOLATED)
_12080_/S0                              0.750000    4.387996   -3.637996 (VIOLATED)
_12081_/C1                              0.750000    4.387996   -3.637996 (VIOLATED)
_12084_/S0                              0.750000    4.387996   -3.637996 (VIOLATED)
_12086_/S0                              0.750000    4.387996   -3.637996 (VIOLATED)
_12088_/S0                              0.750000    4.387996   -3.637996 (VIOLATED)
_12090_/S                               0.750000    4.387996   -3.637996 (VIOLATED)
_12094_/S0                              0.750000    4.387996   -3.637996 (VIOLATED)
_12096_/S0                              0.750000    4.387996   -3.637996 (VIOLATED)
_12098_/S0                              0.750000    4.387996   -3.637996 (VIOLATED)
_12104_/S0                              0.750000    4.387996   -3.637996 (VIOLATED)
_12106_/S0                              0.750000    4.387996   -3.637996 (VIOLATED)
_12108_/S0                              0.750000    4.387996   -3.637996 (VIOLATED)
_12109_/S                               0.750000    4.387996   -3.637996 (VIOLATED)
_12114_/S0                              0.750000    4.387996   -3.637996 (VIOLATED)
_12115_/S0                              0.750000    4.387996   -3.637996 (VIOLATED)
_12118_/S0                              0.750000    4.387996   -3.637996 (VIOLATED)
_12119_/S                               0.750000    4.387996   -3.637996 (VIOLATED)
_12122_/S0                              0.750000    4.387996   -3.637996 (VIOLATED)
_12124_/S0                              0.750000    4.387996   -3.637996 (VIOLATED)
_12126_/S0                              0.750000    4.387996   -3.637996 (VIOLATED)
_12132_/S0                              0.750000    4.387996   -3.637996 (VIOLATED)
_12133_/S0                              0.750000    4.387996   -3.637996 (VIOLATED)
_12136_/S0                              0.750000    4.387996   -3.637996 (VIOLATED)
_12137_/S                               0.750000    4.387996   -3.637996 (VIOLATED)
_12140_/S0                              0.750000    4.387996   -3.637996 (VIOLATED)
_12142_/S0                              0.750000    4.387996   -3.637996 (VIOLATED)
_12144_/S0                              0.750000    4.387996   -3.637996 (VIOLATED)
_12150_/S0                              0.750000    4.387996   -3.637996 (VIOLATED)
_12152_/S0                              0.750000    4.387996   -3.637996 (VIOLATED)
_12154_/S0                              0.750000    4.387996   -3.637996 (VIOLATED)
_12159_/S0                              0.750000    4.387996   -3.637996 (VIOLATED)
_12160_/S0                              0.750000    4.387996   -3.637996 (VIOLATED)
_12163_/S0                              0.750000    4.387996   -3.637996 (VIOLATED)
_12164_/S                               0.750000    4.387996   -3.637996 (VIOLATED)
_12169_/S0                              0.750000    4.387996   -3.637996 (VIOLATED)
_12171_/S0                              0.750000    4.387996   -3.637996 (VIOLATED)
_12173_/S0                              0.750000    4.387996   -3.637996 (VIOLATED)
_12174_/C1                              0.750000    4.387996   -3.637996 (VIOLATED)
_12177_/S0                              0.750000    4.387996   -3.637996 (VIOLATED)
_12179_/S0                              0.750000    4.387996   -3.637996 (VIOLATED)
_12181_/S0                              0.750000    4.387996   -3.637996 (VIOLATED)
_12182_/S                               0.750000    4.387996   -3.637996 (VIOLATED)
_12188_/S0                              0.750000    4.387996   -3.637996 (VIOLATED)
_12190_/S0                              0.750000    4.387996   -3.637996 (VIOLATED)
_12192_/S0                              0.750000    4.387996   -3.637996 (VIOLATED)
_12198_/S0                              0.750000    4.387996   -3.637996 (VIOLATED)
_12200_/S0                              0.750000    4.387996   -3.637996 (VIOLATED)
_12202_/S0                              0.750000    4.387996   -3.637996 (VIOLATED)
_12203_/S                               0.750000    4.387996   -3.637996 (VIOLATED)
_12206_/S0                              0.750000    4.387996   -3.637996 (VIOLATED)
_12207_/S0                              0.750000    4.387996   -3.637996 (VIOLATED)
_12210_/S0                              0.750000    4.387996   -3.637996 (VIOLATED)
_12211_/S                               0.750000    4.387996   -3.637996 (VIOLATED)
_12214_/S0                              0.750000    4.387996   -3.637996 (VIOLATED)
_12215_/S0                              0.750000    4.387996   -3.637996 (VIOLATED)
_12218_/S0                              0.750000    4.387996   -3.637996 (VIOLATED)
_12225_/S0                              0.750000    4.387996   -3.637996 (VIOLATED)
_12227_/S0                              0.750000    4.387996   -3.637996 (VIOLATED)
_12229_/S0                              0.750000    4.387996   -3.637996 (VIOLATED)
_12235_/S0                              0.750000    4.387996   -3.637996 (VIOLATED)
_12237_/S0                              0.750000    4.387996   -3.637996 (VIOLATED)
_12239_/S0                              0.750000    4.387996   -3.637996 (VIOLATED)
_12240_/S                               0.750000    4.387996   -3.637996 (VIOLATED)
_12244_/S0                              0.750000    4.387996   -3.637996 (VIOLATED)
_12246_/S0                              0.750000    4.387996   -3.637996 (VIOLATED)
_12248_/S0                              0.750000    4.387996   -3.637996 (VIOLATED)
_12253_/S0                              0.750000    4.387996   -3.637996 (VIOLATED)
_12255_/S0                              0.750000    4.387996   -3.637996 (VIOLATED)
_12257_/S0                              0.750000    4.387996   -3.637996 (VIOLATED)
_12258_/S                               0.750000    4.387996   -3.637996 (VIOLATED)
_12263_/S0                              0.750000    4.387996   -3.637996 (VIOLATED)
_12265_/S0                              0.750000    4.387996   -3.637996 (VIOLATED)
_12267_/S0                              0.750000    4.387996   -3.637996 (VIOLATED)
_12273_/S0                              0.750000    4.387996   -3.637996 (VIOLATED)
_12274_/S0                              0.750000    4.387996   -3.637996 (VIOLATED)
_12277_/S0                              0.750000    4.387996   -3.637996 (VIOLATED)
_12278_/S                               0.750000    4.387996   -3.637996 (VIOLATED)
_12282_/S0                              0.750000    4.387996   -3.637996 (VIOLATED)
_12283_/S0                              0.750000    4.387996   -3.637996 (VIOLATED)
_12286_/S0                              0.750000    4.387996   -3.637996 (VIOLATED)
_12287_/S                               0.750000    4.387996   -3.637996 (VIOLATED)
_12290_/S0                              0.750000    4.387996   -3.637996 (VIOLATED)
_12292_/S0                              0.750000    4.387996   -3.637996 (VIOLATED)
_12294_/S0                              0.750000    4.387996   -3.637996 (VIOLATED)
_12300_/S0                              0.750000    4.387996   -3.637996 (VIOLATED)
_12302_/S0                              0.750000    4.387996   -3.637996 (VIOLATED)
_12304_/S0                              0.750000    4.387996   -3.637996 (VIOLATED)
_12310_/S0                              0.750000    4.387996   -3.637996 (VIOLATED)
_12312_/S0                              0.750000    4.387996   -3.637996 (VIOLATED)
_12314_/S0                              0.750000    4.387996   -3.637996 (VIOLATED)
_12315_/S                               0.750000    4.387996   -3.637996 (VIOLATED)
_12319_/S0                              0.750000    4.387996   -3.637996 (VIOLATED)
_12321_/S0                              0.750000    4.387996   -3.637996 (VIOLATED)
_12323_/S0                              0.750000    4.387996   -3.637996 (VIOLATED)
_12328_/S0                              0.750000    4.387996   -3.637996 (VIOLATED)
_12330_/S0                              0.750000    4.387996   -3.637996 (VIOLATED)
_12332_/S0                              0.750000    4.387996   -3.637996 (VIOLATED)
_12333_/S                               0.750000    4.387996   -3.637996 (VIOLATED)
_12339_/S0                              0.750000    4.387996   -3.637996 (VIOLATED)
_12341_/S0                              0.750000    4.387996   -3.637996 (VIOLATED)
_12343_/S0                              0.750000    4.387996   -3.637996 (VIOLATED)
_12344_/S                               0.750000    4.387996   -3.637996 (VIOLATED)
_12347_/S0                              0.750000    4.387996   -3.637996 (VIOLATED)
_12349_/S0                              0.750000    4.387996   -3.637996 (VIOLATED)
_12351_/S0                              0.750000    4.387996   -3.637996 (VIOLATED)
_12358_/S0                              0.750000    4.387996   -3.637996 (VIOLATED)
_12360_/S0                              0.750000    4.387996   -3.637996 (VIOLATED)
_12362_/S0                              0.750000    4.387996   -3.637996 (VIOLATED)
_12368_/S0                              0.750000    4.387996   -3.637996 (VIOLATED)
_12369_/S0                              0.750000    4.387996   -3.637996 (VIOLATED)
_12372_/S0                              0.750000    4.387996   -3.637996 (VIOLATED)
_12373_/S                               0.750000    4.387996   -3.637996 (VIOLATED)
_12377_/S0                              0.750000    4.387996   -3.637996 (VIOLATED)
_12379_/S0                              0.750000    4.387996   -3.637996 (VIOLATED)
_12381_/S0                              0.750000    4.387996   -3.637996 (VIOLATED)
_12387_/S0                              0.750000    4.387996   -3.637996 (VIOLATED)
_12389_/S0                              0.750000    4.387996   -3.637996 (VIOLATED)
_12391_/S0                              0.750000    4.387996   -3.637996 (VIOLATED)
_12392_/S                               0.750000    4.387996   -3.637996 (VIOLATED)
_12395_/S0                              0.750000    4.387996   -3.637996 (VIOLATED)
_12396_/S0                              0.750000    4.387996   -3.637996 (VIOLATED)
_12399_/S0                              0.750000    4.387996   -3.637996 (VIOLATED)
_12400_/C1                              0.750000    4.387996   -3.637996 (VIOLATED)
_12403_/S0                              0.750000    4.387996   -3.637996 (VIOLATED)
_12404_/S0                              0.750000    4.387996   -3.637996 (VIOLATED)
_12407_/S0                              0.750000    4.387996   -3.637996 (VIOLATED)
_12409_/S                               0.750000    4.387996   -3.637996 (VIOLATED)
_09265_/Y                               0.750000    3.697555   -2.947555 (VIOLATED)
_09267_/C                               0.750000    3.697555   -2.947555 (VIOLATED)
_09282_/A1                              0.750000    3.697555   -2.947555 (VIOLATED)
_09285_/B1                              0.750000    3.697555   -2.947555 (VIOLATED)
_09298_/A1                              0.750000    3.697555   -2.947555 (VIOLATED)
_09299_/A2                              0.750000    3.697555   -2.947555 (VIOLATED)
_09325_/A                               0.750000    3.697555   -2.947555 (VIOLATED)
_09329_/A2                              0.750000    3.697555   -2.947555 (VIOLATED)
_09340_/A2                              0.750000    3.697555   -2.947555 (VIOLATED)
_09343_/A2                              0.750000    3.697555   -2.947555 (VIOLATED)
_09347_/A2                              0.750000    3.697555   -2.947555 (VIOLATED)
_09350_/A2                              0.750000    3.697555   -2.947555 (VIOLATED)
_09355_/A2                              0.750000    3.697555   -2.947555 (VIOLATED)
_09357_/A2                              0.750000    3.697555   -2.947555 (VIOLATED)
_09363_/A2                              0.750000    3.697555   -2.947555 (VIOLATED)
_09470_/B2                              0.750000    3.697555   -2.947555 (VIOLATED)
_09475_/A                               0.750000    3.697555   -2.947555 (VIOLATED)
_09485_/A1                              0.750000    3.697555   -2.947555 (VIOLATED)
_09489_/A2                              0.750000    3.697555   -2.947555 (VIOLATED)
_09846_/A2                              0.750000    3.697555   -2.947555 (VIOLATED)
_09847_/A2                              0.750000    3.697555   -2.947555 (VIOLATED)
_09852_/A2                              0.750000    3.697555   -2.947555 (VIOLATED)
_09855_/A2                              0.750000    3.697555   -2.947555 (VIOLATED)
_09860_/A2                              0.750000    3.697555   -2.947555 (VIOLATED)
_09863_/A2                              0.750000    3.697555   -2.947555 (VIOLATED)
_09868_/A2                              0.750000    3.697555   -2.947555 (VIOLATED)
_10536_/B2                              0.750000    3.697555   -2.947555 (VIOLATED)
_10542_/A                               0.750000    3.697555   -2.947555 (VIOLATED)
_10551_/A1                              0.750000    3.697555   -2.947555 (VIOLATED)
_10553_/A2                              0.750000    3.697555   -2.947555 (VIOLATED)
_10567_/A1                              0.750000    3.697555   -2.947555 (VIOLATED)
_10579_/A1                              0.750000    3.697555   -2.947555 (VIOLATED)
_10588_/A1                              0.750000    3.697555   -2.947555 (VIOLATED)
_10589_/A2                              0.750000    3.697555   -2.947555 (VIOLATED)
_10604_/B2                              0.750000    3.697555   -2.947555 (VIOLATED)
_10608_/A1                              0.750000    3.697555   -2.947555 (VIOLATED)
_10620_/A1                              0.750000    3.697555   -2.947555 (VIOLATED)
_10621_/A2                              0.750000    3.697555   -2.947555 (VIOLATED)
_10628_/A2                              0.750000    3.697555   -2.947555 (VIOLATED)
_10631_/A2                              0.750000    3.697555   -2.947555 (VIOLATED)
_10635_/A2                              0.750000    3.697555   -2.947555 (VIOLATED)
_10636_/A2                              0.750000    3.697555   -2.947555 (VIOLATED)
_10642_/A2                              0.750000    3.697555   -2.947555 (VIOLATED)
_10645_/A2                              0.750000    3.697555   -2.947555 (VIOLATED)
_10652_/A2                              0.750000    3.697555   -2.947555 (VIOLATED)
_10657_/A2                              0.750000    3.697555   -2.947555 (VIOLATED)
_10662_/A2                              0.750000    3.697555   -2.947555 (VIOLATED)
_10663_/A2                              0.750000    3.697555   -2.947555 (VIOLATED)
_10668_/A2                              0.750000    3.697555   -2.947555 (VIOLATED)
_10672_/A2                              0.750000    3.697555   -2.947555 (VIOLATED)
_10675_/A2                              0.750000    3.697555   -2.947555 (VIOLATED)
_10681_/A2                              0.750000    3.697555   -2.947555 (VIOLATED)
_10687_/A2                              0.750000    3.697555   -2.947555 (VIOLATED)
_10690_/A2                              0.750000    3.697555   -2.947555 (VIOLATED)
_10694_/A2                              0.750000    3.697555   -2.947555 (VIOLATED)
_10697_/A2                              0.750000    3.697555   -2.947555 (VIOLATED)
_10702_/A2                              0.750000    3.697555   -2.947555 (VIOLATED)
_10704_/A2                              0.750000    3.697555   -2.947555 (VIOLATED)
_10711_/A2                              0.750000    3.697555   -2.947555 (VIOLATED)
_10717_/A2                              0.750000    3.697555   -2.947555 (VIOLATED)
_10721_/A2                              0.750000    3.697555   -2.947555 (VIOLATED)
_10724_/A2                              0.750000    3.697555   -2.947555 (VIOLATED)
_10727_/A2                              0.750000    3.697555   -2.947555 (VIOLATED)
_10731_/A2                              0.750000    3.697555   -2.947555 (VIOLATED)
_10734_/A2                              0.750000    3.697555   -2.947555 (VIOLATED)
_10740_/A2                              0.750000    3.697555   -2.947555 (VIOLATED)
_10746_/A2                              0.750000    3.697555   -2.947555 (VIOLATED)
_10751_/A2                              0.750000    3.697555   -2.947555 (VIOLATED)
_10754_/A2                              0.750000    3.697555   -2.947555 (VIOLATED)
_10757_/A2                              0.750000    3.697555   -2.947555 (VIOLATED)
_10762_/A2                              0.750000    3.697555   -2.947555 (VIOLATED)
_10765_/A2                              0.750000    3.697555   -2.947555 (VIOLATED)
_10770_/A2                              0.750000    3.697555   -2.947555 (VIOLATED)
_10780_/A2                              0.750000    3.697555   -2.947555 (VIOLATED)
_10783_/A2                              0.750000    3.697555   -2.947555 (VIOLATED)
_10786_/A2                              0.750000    3.697555   -2.947555 (VIOLATED)
_10789_/A2                              0.750000    3.697555   -2.947555 (VIOLATED)
_10795_/A2                              0.750000    3.697555   -2.947555 (VIOLATED)
_10798_/A2                              0.750000    3.697555   -2.947555 (VIOLATED)
_10804_/A2                              0.750000    3.697555   -2.947555 (VIOLATED)
_10812_/A2                              0.750000    3.697555   -2.947555 (VIOLATED)
_10813_/A2                              0.750000    3.697555   -2.947555 (VIOLATED)
_10817_/A2                              0.750000    3.697555   -2.947555 (VIOLATED)
_10819_/A2                              0.750000    3.697555   -2.947555 (VIOLATED)
_10825_/A2                              0.750000    3.697555   -2.947555 (VIOLATED)
_10828_/A2                              0.750000    3.697555   -2.947555 (VIOLATED)
_10835_/A2                              0.750000    3.697555   -2.947555 (VIOLATED)
_10842_/A2                              0.750000    3.697555   -2.947555 (VIOLATED)
_10846_/A2                              0.750000    3.697555   -2.947555 (VIOLATED)
_10850_/A2                              0.750000    3.697555   -2.947555 (VIOLATED)
_10854_/A2                              0.750000    3.697555   -2.947555 (VIOLATED)
_10858_/A2                              0.750000    3.697555   -2.947555 (VIOLATED)
_10861_/A2                              0.750000    3.697555   -2.947555 (VIOLATED)
_10866_/A2                              0.750000    3.697555   -2.947555 (VIOLATED)
_10870_/A2                              0.750000    3.697555   -2.947555 (VIOLATED)
_10873_/A2                              0.750000    3.697555   -2.947555 (VIOLATED)
_10878_/A2                              0.750000    3.697555   -2.947555 (VIOLATED)
_10881_/A2                              0.750000    3.697555   -2.947555 (VIOLATED)
_10884_/A2                              0.750000    3.697555   -2.947555 (VIOLATED)
_10888_/A2                              0.750000    3.697555   -2.947555 (VIOLATED)
_10894_/A2                              0.750000    3.697555   -2.947555 (VIOLATED)
_10900_/A2                              0.750000    3.697555   -2.947555 (VIOLATED)
_10903_/A2                              0.750000    3.697555   -2.947555 (VIOLATED)
_10905_/A2                              0.750000    3.697555   -2.947555 (VIOLATED)
_10910_/A2                              0.750000    3.697555   -2.947555 (VIOLATED)
_10914_/A2                              0.750000    3.697555   -2.947555 (VIOLATED)
_10917_/A2                              0.750000    3.697555   -2.947555 (VIOLATED)
_10923_/A2                              0.750000    3.697555   -2.947555 (VIOLATED)
_10929_/A2                              0.750000    3.697555   -2.947555 (VIOLATED)
_10933_/A2                              0.750000    3.697555   -2.947555 (VIOLATED)
_10937_/A2                              0.750000    3.697555   -2.947555 (VIOLATED)
_10939_/A2                              0.750000    3.697555   -2.947555 (VIOLATED)
_10943_/A2                              0.750000    3.697555   -2.947555 (VIOLATED)
_10946_/A2                              0.750000    3.697555   -2.947555 (VIOLATED)
_10952_/A2                              0.750000    3.697555   -2.947555 (VIOLATED)
_10960_/A2                              0.750000    3.697555   -2.947555 (VIOLATED)
_10963_/A2                              0.750000    3.697555   -2.947555 (VIOLATED)
_10967_/A2                              0.750000    3.697555   -2.947555 (VIOLATED)
_10968_/A2                              0.750000    3.697555   -2.947555 (VIOLATED)
_10973_/A2                              0.750000    3.697555   -2.947555 (VIOLATED)
_10977_/A2                              0.750000    3.697555   -2.947555 (VIOLATED)
_10983_/A2                              0.750000    3.697555   -2.947555 (VIOLATED)
_10993_/A2                              0.750000    3.697555   -2.947555 (VIOLATED)
_10994_/A2                              0.750000    3.697555   -2.947555 (VIOLATED)
_10999_/A2                              0.750000    3.697555   -2.947555 (VIOLATED)
_11001_/A2                              0.750000    3.697555   -2.947555 (VIOLATED)
_11007_/A2                              0.750000    3.697555   -2.947555 (VIOLATED)
_11010_/A2                              0.750000    3.697555   -2.947555 (VIOLATED)
_11015_/A2                              0.750000    3.697555   -2.947555 (VIOLATED)
_11026_/A2                              0.750000    3.697555   -2.947555 (VIOLATED)
_11029_/A2                              0.750000    3.697555   -2.947555 (VIOLATED)
_11033_/A2                              0.750000    3.697555   -2.947555 (VIOLATED)
_11036_/A2                              0.750000    3.697555   -2.947555 (VIOLATED)
_11039_/A2                              0.750000    3.697555   -2.947555 (VIOLATED)
_11043_/A2                              0.750000    3.697555   -2.947555 (VIOLATED)
_11049_/A2                              0.750000    3.697555   -2.947555 (VIOLATED)
_11055_/A2                              0.750000    3.697555   -2.947555 (VIOLATED)
_11059_/A2                              0.750000    3.697555   -2.947555 (VIOLATED)
_11063_/A2                              0.750000    3.697555   -2.947555 (VIOLATED)
_11064_/A2                              0.750000    3.697555   -2.947555 (VIOLATED)
_11069_/A2                              0.750000    3.697555   -2.947555 (VIOLATED)
_11072_/A2                              0.750000    3.697555   -2.947555 (VIOLATED)
_11078_/A2                              0.750000    3.697555   -2.947555 (VIOLATED)
_11099_/A2                              0.750000    3.697555   -2.947555 (VIOLATED)
_11102_/A2                              0.750000    3.697555   -2.947555 (VIOLATED)
_11105_/A2                              0.750000    3.697555   -2.947555 (VIOLATED)
_11108_/A2                              0.750000    3.697555   -2.947555 (VIOLATED)
_11112_/A2                              0.750000    3.697555   -2.947555 (VIOLATED)
_11115_/A2                              0.750000    3.697555   -2.947555 (VIOLATED)
_11121_/A2                              0.750000    3.697555   -2.947555 (VIOLATED)
_11127_/A2                              0.750000    3.697555   -2.947555 (VIOLATED)
_11130_/A2                              0.750000    3.697555   -2.947555 (VIOLATED)
_11132_/A2                              0.750000    3.697555   -2.947555 (VIOLATED)
_11137_/A2                              0.750000    3.697555   -2.947555 (VIOLATED)
_11140_/A2                              0.750000    3.697555   -2.947555 (VIOLATED)
_11143_/A2                              0.750000    3.697555   -2.947555 (VIOLATED)
_11149_/A2                              0.750000    3.697555   -2.947555 (VIOLATED)
_11156_/A2                              0.750000    3.697555   -2.947555 (VIOLATED)
_11158_/A2                              0.750000    3.697555   -2.947555 (VIOLATED)
_11163_/A2                              0.750000    3.697555   -2.947555 (VIOLATED)
_11166_/A2                              0.750000    3.697555   -2.947555 (VIOLATED)
_11169_/A2                              0.750000    3.697555   -2.947555 (VIOLATED)
_11172_/A2                              0.750000    3.697555   -2.947555 (VIOLATED)
_11178_/A2                              0.750000    3.697555   -2.947555 (VIOLATED)
_11185_/A2                              0.750000    3.697555   -2.947555 (VIOLATED)
_11188_/A2                              0.750000    3.697555   -2.947555 (VIOLATED)
_11192_/A2                              0.750000    3.697555   -2.947555 (VIOLATED)
_11196_/A2                              0.750000    3.697555   -2.947555 (VIOLATED)
_11198_/A2                              0.750000    3.697555   -2.947555 (VIOLATED)
_11202_/A2                              0.750000    3.697555   -2.947555 (VIOLATED)
_11208_/A2                              0.750000    3.697555   -2.947555 (VIOLATED)
_11214_/A2                              0.750000    3.697555   -2.947555 (VIOLATED)
_11219_/A2                              0.750000    3.697555   -2.947555 (VIOLATED)
_11222_/A2                              0.750000    3.697555   -2.947555 (VIOLATED)
_11223_/A2                              0.750000    3.697555   -2.947555 (VIOLATED)
_11228_/A2                              0.750000    3.697555   -2.947555 (VIOLATED)
_11232_/A2                              0.750000    3.697555   -2.947555 (VIOLATED)
_11239_/A2                              0.750000    3.697555   -2.947555 (VIOLATED)
_11248_/A2                              0.750000    3.697555   -2.947555 (VIOLATED)
_11251_/A2                              0.750000    3.697555   -2.947555 (VIOLATED)
_11256_/A2                              0.750000    3.697555   -2.947555 (VIOLATED)
_11258_/A2                              0.750000    3.697555   -2.947555 (VIOLATED)
_11263_/A2                              0.750000    3.697555   -2.947555 (VIOLATED)
_11266_/A2                              0.750000    3.697555   -2.947555 (VIOLATED)
_11273_/A2                              0.750000    3.697555   -2.947555 (VIOLATED)
_11277_/A2                              0.750000    3.697555   -2.947555 (VIOLATED)
_11280_/A2                              0.750000    3.697555   -2.947555 (VIOLATED)
_11285_/A2                              0.750000    3.697555   -2.947555 (VIOLATED)
_11288_/A2                              0.750000    3.697555   -2.947555 (VIOLATED)
_11290_/A2                              0.750000    3.697555   -2.947555 (VIOLATED)
_11294_/A2                              0.750000    3.697555   -2.947555 (VIOLATED)
_11301_/A2                              0.750000    3.697555   -2.947555 (VIOLATED)
_11307_/A2                              0.750000    3.697555   -2.947555 (VIOLATED)
_11310_/A2                              0.750000    3.697555   -2.947555 (VIOLATED)
_11313_/A2                              0.750000    3.697555   -2.947555 (VIOLATED)
_11315_/A2                              0.750000    3.697555   -2.947555 (VIOLATED)
_11320_/A2                              0.750000    3.697555   -2.947555 (VIOLATED)
_11324_/A2                              0.750000    3.697555   -2.947555 (VIOLATED)
_11331_/A2                              0.750000    3.697555   -2.947555 (VIOLATED)
_09206_/A                               0.750000    3.668844   -2.918844 (VIOLATED)
_09268_/B                               0.750000    3.668844   -2.918844 (VIOLATED)
_09276_/S                               0.750000    3.668844   -2.918844 (VIOLATED)
_09277_/S                               0.750000    3.668844   -2.918844 (VIOLATED)
_09278_/S                               0.750000    3.668844   -2.918844 (VIOLATED)
_09279_/S                               0.750000    3.668844   -2.918844 (VIOLATED)
_09280_/S                               0.750000    3.668844   -2.918844 (VIOLATED)
_09281_/S0                              0.750000    3.668844   -2.918844 (VIOLATED)
_09284_/A                               0.750000    3.668844   -2.918844 (VIOLATED)
_09286_/S                               0.750000    3.668844   -2.918844 (VIOLATED)
_09287_/S                               0.750000    3.668844   -2.918844 (VIOLATED)
_09289_/S                               0.750000    3.668844   -2.918844 (VIOLATED)
_09293_/S                               0.750000    3.668844   -2.918844 (VIOLATED)
_09294_/S                               0.750000    3.668844   -2.918844 (VIOLATED)
_09296_/S                               0.750000    3.668844   -2.918844 (VIOLATED)
_09297_/S                               0.750000    3.668844   -2.918844 (VIOLATED)
_09311_/S                               0.750000    3.668844   -2.918844 (VIOLATED)
_09312_/S                               0.750000    3.668844   -2.918844 (VIOLATED)
_09313_/S                               0.750000    3.668844   -2.918844 (VIOLATED)
_09315_/S                               0.750000    3.668844   -2.918844 (VIOLATED)
_09319_/A2                              0.750000    3.668844   -2.918844 (VIOLATED)
_09321_/S                               0.750000    3.668844   -2.918844 (VIOLATED)
_09322_/S                               0.750000    3.668844   -2.918844 (VIOLATED)
_09324_/S                               0.750000    3.668844   -2.918844 (VIOLATED)
_09326_/S                               0.750000    3.668844   -2.918844 (VIOLATED)
_09338_/B1_N                            0.750000    3.668844   -2.918844 (VIOLATED)
_09341_/B1                              0.750000    3.668844   -2.918844 (VIOLATED)
_09345_/B1_N                            0.750000    3.668844   -2.918844 (VIOLATED)
_09348_/B1                              0.750000    3.668844   -2.918844 (VIOLATED)
_09353_/B1_N                            0.750000    3.668844   -2.918844 (VIOLATED)
_09358_/C1                              0.750000    3.668844   -2.918844 (VIOLATED)
_09359_/S                               0.750000    3.668844   -2.918844 (VIOLATED)
_09360_/S                               0.750000    3.668844   -2.918844 (VIOLATED)
_09362_/S                               0.750000    3.668844   -2.918844 (VIOLATED)
_09424_/S                               0.750000    3.668844   -2.918844 (VIOLATED)
_09426_/S                               0.750000    3.668844   -2.918844 (VIOLATED)
_09427_/S                               0.750000    3.668844   -2.918844 (VIOLATED)
_09428_/S                               0.750000    3.668844   -2.918844 (VIOLATED)
_09431_/S                               0.750000    3.668844   -2.918844 (VIOLATED)
_09433_/S                               0.750000    3.668844   -2.918844 (VIOLATED)
_09434_/S                               0.750000    3.668844   -2.918844 (VIOLATED)
_09435_/S                               0.750000    3.668844   -2.918844 (VIOLATED)
_09440_/S                               0.750000    3.668844   -2.918844 (VIOLATED)
_09441_/S                               0.750000    3.668844   -2.918844 (VIOLATED)
_09442_/S                               0.750000    3.668844   -2.918844 (VIOLATED)
_09443_/S                               0.750000    3.668844   -2.918844 (VIOLATED)
_09445_/S                               0.750000    3.668844   -2.918844 (VIOLATED)
_09447_/S                               0.750000    3.668844   -2.918844 (VIOLATED)
_09448_/S                               0.750000    3.668844   -2.918844 (VIOLATED)
_09457_/B2                              0.750000    3.668844   -2.918844 (VIOLATED)
_09458_/S                               0.750000    3.668844   -2.918844 (VIOLATED)
_09459_/S                               0.750000    3.668844   -2.918844 (VIOLATED)
_09461_/S                               0.750000    3.668844   -2.918844 (VIOLATED)
_09463_/B                               0.750000    3.668844   -2.918844 (VIOLATED)
_09464_/A1                              0.750000    3.668844   -2.918844 (VIOLATED)
_09465_/S                               0.750000    3.668844   -2.918844 (VIOLATED)
_09467_/S                               0.750000    3.668844   -2.918844 (VIOLATED)
_09468_/A                               0.750000    3.668844   -2.918844 (VIOLATED)
_09469_/B                               0.750000    3.668844   -2.918844 (VIOLATED)
_09471_/S                               0.750000    3.668844   -2.918844 (VIOLATED)
_09472_/S                               0.750000    3.668844   -2.918844 (VIOLATED)
_09474_/S                               0.750000    3.668844   -2.918844 (VIOLATED)
_09476_/S                               0.750000    3.668844   -2.918844 (VIOLATED)
_09480_/S                               0.750000    3.668844   -2.918844 (VIOLATED)
_09481_/A                               0.750000    3.668844   -2.918844 (VIOLATED)
_09482_/B                               0.750000    3.668844   -2.918844 (VIOLATED)
_09484_/S                               0.750000    3.668844   -2.918844 (VIOLATED)
_09486_/B                               0.750000    3.668844   -2.918844 (VIOLATED)
_09487_/A1                              0.750000    3.668844   -2.918844 (VIOLATED)
_09844_/B1_N                            0.750000    3.668844   -2.918844 (VIOLATED)
_09847_/B1                              0.750000    3.668844   -2.918844 (VIOLATED)
_09851_/B1_N                            0.750000    3.668844   -2.918844 (VIOLATED)
_09854_/B1                              0.750000    3.668844   -2.918844 (VIOLATED)
_09858_/B1                              0.750000    3.668844   -2.918844 (VIOLATED)
_09861_/B1_N                            0.750000    3.668844   -2.918844 (VIOLATED)
_09864_/S                               0.750000    3.668844   -2.918844 (VIOLATED)
_09865_/S                               0.750000    3.668844   -2.918844 (VIOLATED)
_09867_/S                               0.750000    3.668844   -2.918844 (VIOLATED)
_10525_/S                               0.750000    3.668844   -2.918844 (VIOLATED)
_10526_/S                               0.750000    3.668844   -2.918844 (VIOLATED)
_10528_/S                               0.750000    3.668844   -2.918844 (VIOLATED)
_10529_/B                               0.750000    3.668844   -2.918844 (VIOLATED)
_10530_/A1                              0.750000    3.668844   -2.918844 (VIOLATED)
_10531_/S                               0.750000    3.668844   -2.918844 (VIOLATED)
_10533_/S                               0.750000    3.668844   -2.918844 (VIOLATED)
_10534_/A                               0.750000    3.668844   -2.918844 (VIOLATED)
_10535_/B                               0.750000    3.668844   -2.918844 (VIOLATED)
_10538_/S                               0.750000    3.668844   -2.918844 (VIOLATED)
_10539_/S                               0.750000    3.668844   -2.918844 (VIOLATED)
_10540_/S                               0.750000    3.668844   -2.918844 (VIOLATED)
_10541_/S                               0.750000    3.668844   -2.918844 (VIOLATED)
_10546_/S                               0.750000    3.668844   -2.918844 (VIOLATED)
_10547_/S                               0.750000    3.668844   -2.918844 (VIOLATED)
_10548_/S                               0.750000    3.668844   -2.918844 (VIOLATED)
_10549_/S                               0.750000    3.668844   -2.918844 (VIOLATED)
_10559_/S                               0.750000    3.668844   -2.918844 (VIOLATED)
_10560_/S                               0.750000    3.668844   -2.918844 (VIOLATED)
_10562_/S                               0.750000    3.668844   -2.918844 (VIOLATED)
_10564_/B                               0.750000    3.668844   -2.918844 (VIOLATED)
_10565_/A1                              0.750000    3.668844   -2.918844 (VIOLATED)
_10566_/S                               0.750000    3.668844   -2.918844 (VIOLATED)
_10568_/S                               0.750000    3.668844   -2.918844 (VIOLATED)
_10569_/A                               0.750000    3.668844   -2.918844 (VIOLATED)
_10570_/B                               0.750000    3.668844   -2.918844 (VIOLATED)
_10573_/S                               0.750000    3.668844   -2.918844 (VIOLATED)
_10574_/S                               0.750000    3.668844   -2.918844 (VIOLATED)
_10575_/S                               0.750000    3.668844   -2.918844 (VIOLATED)
_10576_/S                               0.750000    3.668844   -2.918844 (VIOLATED)
_10581_/S                               0.750000    3.668844   -2.918844 (VIOLATED)
_10582_/A                               0.750000    3.668844   -2.918844 (VIOLATED)
_10583_/B                               0.750000    3.668844   -2.918844 (VIOLATED)
_10585_/S                               0.750000    3.668844   -2.918844 (VIOLATED)
_10586_/B                               0.750000    3.668844   -2.918844 (VIOLATED)
_10587_/A1                              0.750000    3.668844   -2.918844 (VIOLATED)
_10595_/S                               0.750000    3.668844   -2.918844 (VIOLATED)
_10597_/S                               0.750000    3.668844   -2.918844 (VIOLATED)
_10598_/S                               0.750000    3.668844   -2.918844 (VIOLATED)
_10599_/S                               0.750000    3.668844   -2.918844 (VIOLATED)
_10600_/S                               0.750000    3.668844   -2.918844 (VIOLATED)
_10601_/S                               0.750000    3.668844   -2.918844 (VIOLATED)
_10602_/S                               0.750000    3.668844   -2.918844 (VIOLATED)
_10606_/S                               0.750000    3.668844   -2.918844 (VIOLATED)
_10607_/S                               0.750000    3.668844   -2.918844 (VIOLATED)
_10609_/S                               0.750000    3.668844   -2.918844 (VIOLATED)
_10611_/S                               0.750000    3.668844   -2.918844 (VIOLATED)
_10615_/S                               0.750000    3.668844   -2.918844 (VIOLATED)
_10616_/S                               0.750000    3.668844   -2.918844 (VIOLATED)
_10617_/S0                              0.750000    3.668844   -2.918844 (VIOLATED)
_10627_/B1_N                            0.750000    3.668844   -2.918844 (VIOLATED)
_10630_/B1                              0.750000    3.668844   -2.918844 (VIOLATED)
_10633_/B1                              0.750000    3.668844   -2.918844 (VIOLATED)
_10636_/B1_N                            0.750000    3.668844   -2.918844 (VIOLATED)
_10641_/B1_N                            0.750000    3.668844   -2.918844 (VIOLATED)
_10646_/C1                              0.750000    3.668844   -2.918844 (VIOLATED)
_10648_/S                               0.750000    3.668844   -2.918844 (VIOLATED)
_10649_/S                               0.750000    3.668844   -2.918844 (VIOLATED)
_10651_/S                               0.750000    3.668844   -2.918844 (VIOLATED)
_10657_/B1_N                            0.750000    3.668844   -2.918844 (VIOLATED)
_10660_/B1                              0.750000    3.668844   -2.918844 (VIOLATED)
_10663_/B1                              0.750000    3.668844   -2.918844 (VIOLATED)
_10666_/B1_N                            0.750000    3.668844   -2.918844 (VIOLATED)
_10671_/B1                              0.750000    3.668844   -2.918844 (VIOLATED)
_10674_/B1_N                            0.750000    3.668844   -2.918844 (VIOLATED)
_10677_/S                               0.750000    3.668844   -2.918844 (VIOLATED)
_10678_/S                               0.750000    3.668844   -2.918844 (VIOLATED)
_10680_/S                               0.750000    3.668844   -2.918844 (VIOLATED)
_10686_/B1_N                            0.750000    3.668844   -2.918844 (VIOLATED)
_10691_/C1                              0.750000    3.668844   -2.918844 (VIOLATED)
_10694_/C1                              0.750000    3.668844   -2.918844 (VIOLATED)
_10695_/B1_N                            0.750000    3.668844   -2.918844 (VIOLATED)
_10702_/C1                              0.750000    3.668844   -2.918844 (VIOLATED)
_10703_/B1_N                            0.750000    3.668844   -2.918844 (VIOLATED)
_10707_/S                               0.750000    3.668844   -2.918844 (VIOLATED)
_10708_/S                               0.750000    3.668844   -2.918844 (VIOLATED)
_10710_/S                               0.750000    3.668844   -2.918844 (VIOLATED)
_10716_/B1                              0.750000    3.668844   -2.918844 (VIOLATED)
_10719_/B1_N                            0.750000    3.668844   -2.918844 (VIOLATED)
_10723_/B1_N                            0.750000    3.668844   -2.918844 (VIOLATED)
_10728_/C1                              0.750000    3.668844   -2.918844 (VIOLATED)
_10732_/C1                              0.750000    3.668844   -2.918844 (VIOLATED)
_10733_/B1_N                            0.750000    3.668844   -2.918844 (VIOLATED)
_10736_/S                               0.750000    3.668844   -2.918844 (VIOLATED)
_10737_/S                               0.750000    3.668844   -2.918844 (VIOLATED)
_10739_/S                               0.750000    3.668844   -2.918844 (VIOLATED)
_10746_/B1_N                            0.750000    3.668844   -2.918844 (VIOLATED)
_10749_/B1                              0.750000    3.668844   -2.918844 (VIOLATED)
_10752_/B1_N                            0.750000    3.668844   -2.918844 (VIOLATED)
_10755_/B1                              0.750000    3.668844   -2.918844 (VIOLATED)
_10760_/B1                              0.750000    3.668844   -2.918844 (VIOLATED)
_10763_/B1_N                            0.750000    3.668844   -2.918844 (VIOLATED)
_10766_/S                               0.750000    3.668844   -2.918844 (VIOLATED)
_10767_/S                               0.750000    3.668844   -2.918844 (VIOLATED)
_10769_/S                               0.750000    3.668844   -2.918844 (VIOLATED)
_10779_/B1_N                            0.750000    3.668844   -2.918844 (VIOLATED)
_10784_/C1                              0.750000    3.668844   -2.918844 (VIOLATED)
_10785_/B1                              0.750000    3.668844   -2.918844 (VIOLATED)
_10788_/B1_N                            0.750000    3.668844   -2.918844 (VIOLATED)
_10793_/B1_N                            0.750000    3.668844   -2.918844 (VIOLATED)
_10796_/B1                              0.750000    3.668844   -2.918844 (VIOLATED)
_10800_/S                               0.750000    3.668844   -2.918844 (VIOLATED)
_10801_/S                               0.750000    3.668844   -2.918844 (VIOLATED)
_10803_/S                               0.750000    3.668844   -2.918844 (VIOLATED)
_10810_/B1                              0.750000    3.668844   -2.918844 (VIOLATED)
_10813_/B1_N                            0.750000    3.668844   -2.918844 (VIOLATED)
_10818_/C1                              0.750000    3.668844   -2.918844 (VIOLATED)
_10819_/B1_N                            0.750000    3.668844   -2.918844 (VIOLATED)
_10824_/B1_N                            0.750000    3.668844   -2.918844 (VIOLATED)
_10827_/B1                              0.750000    3.668844   -2.918844 (VIOLATED)
_10831_/S                               0.750000    3.668844   -2.918844 (VIOLATED)
_10832_/S                               0.750000    3.668844   -2.918844 (VIOLATED)
_10834_/S                               0.750000    3.668844   -2.918844 (VIOLATED)
_10842_/B1_N                            0.750000    3.668844   -2.918844 (VIOLATED)
_10847_/C1                              0.750000    3.668844   -2.918844 (VIOLATED)
_10849_/B1                              0.750000    3.668844   -2.918844 (VIOLATED)
_10852_/B1_N                            0.750000    3.668844   -2.918844 (VIOLATED)
_10856_/B1                              0.750000    3.668844   -2.918844 (VIOLATED)
_10859_/B1_N                            0.750000    3.668844   -2.918844 (VIOLATED)
_10862_/S                               0.750000    3.668844   -2.918844 (VIOLATED)
_10863_/S                               0.750000    3.668844   -2.918844 (VIOLATED)
_10865_/S                               0.750000    3.668844   -2.918844 (VIOLATED)
_10870_/B1                              0.750000    3.668844   -2.918844 (VIOLATED)
_10873_/B1_N                            0.750000    3.668844   -2.918844 (VIOLATED)
_10876_/B1_N                            0.750000    3.668844   -2.918844 (VIOLATED)
_10879_/B1                              0.750000    3.668844   -2.918844 (VIOLATED)
_10884_/B1_N                            0.750000    3.668844   -2.918844 (VIOLATED)
_10889_/C1                              0.750000    3.668844   -2.918844 (VIOLATED)
_10890_/S                               0.750000    3.668844   -2.918844 (VIOLATED)
_10891_/S                               0.750000    3.668844   -2.918844 (VIOLATED)
_10893_/S                               0.750000    3.668844   -2.918844 (VIOLATED)
_10899_/B1                              0.750000    3.668844   -2.918844 (VIOLATED)
_10902_/B1_N                            0.750000    3.668844   -2.918844 (VIOLATED)
_10905_/B1                              0.750000    3.668844   -2.918844 (VIOLATED)
_10908_/B1_N                            0.750000    3.668844   -2.918844 (VIOLATED)
_10915_/C1                              0.750000    3.668844   -2.918844 (VIOLATED)
_10916_/B1_N                            0.750000    3.668844   -2.918844 (VIOLATED)
_10919_/S                               0.750000    3.668844   -2.918844 (VIOLATED)
_10920_/S                               0.750000    3.668844   -2.918844 (VIOLATED)
_10922_/S                               0.750000    3.668844   -2.918844 (VIOLATED)
_10928_/B1_N                            0.750000    3.668844   -2.918844 (VIOLATED)
_10931_/B1                              0.750000    3.668844   -2.918844 (VIOLATED)
_10935_/B1_N                            0.750000    3.668844   -2.918844 (VIOLATED)
_10938_/B1                              0.750000    3.668844   -2.918844 (VIOLATED)
_10944_/C1                              0.750000    3.668844   -2.918844 (VIOLATED)
_10945_/B1_N                            0.750000    3.668844   -2.918844 (VIOLATED)
_10948_/S                               0.750000    3.668844   -2.918844 (VIOLATED)
_10949_/S                               0.750000    3.668844   -2.918844 (VIOLATED)
_10951_/S                               0.750000    3.668844   -2.918844 (VIOLATED)
_10959_/B1_N                            0.750000    3.668844   -2.918844 (VIOLATED)
_10962_/B1                              0.750000    3.668844   -2.918844 (VIOLATED)
_10965_/B1_N                            0.750000    3.668844   -2.918844 (VIOLATED)
_10968_/B1                              0.750000    3.668844   -2.918844 (VIOLATED)
_10973_/B1_N                            0.750000    3.668844   -2.918844 (VIOLATED)
_10978_/C1                              0.750000    3.668844   -2.918844 (VIOLATED)
_10979_/S                               0.750000    3.668844   -2.918844 (VIOLATED)
_10980_/S                               0.750000    3.668844   -2.918844 (VIOLATED)
_10982_/S                               0.750000    3.668844   -2.918844 (VIOLATED)
_10991_/B1                              0.750000    3.668844   -2.918844 (VIOLATED)
_10994_/B1_N                            0.750000    3.668844   -2.918844 (VIOLATED)
_11000_/C1                              0.750000    3.668844   -2.918844 (VIOLATED)
_11001_/B1_N                            0.750000    3.668844   -2.918844 (VIOLATED)
_11005_/B1                              0.750000    3.668844   -2.918844 (VIOLATED)
_11008_/B1_N                            0.750000    3.668844   -2.918844 (VIOLATED)
_11011_/S                               0.750000    3.668844   -2.918844 (VIOLATED)
_11012_/S                               0.750000    3.668844   -2.918844 (VIOLATED)
_11014_/S                               0.750000    3.668844   -2.918844 (VIOLATED)
_11025_/B1_N                            0.750000    3.668844   -2.918844 (VIOLATED)
_11030_/C1                              0.750000    3.668844   -2.918844 (VIOLATED)
_11033_/C1                              0.750000    3.668844   -2.918844 (VIOLATED)
_11034_/B1_N                            0.750000    3.668844   -2.918844 (VIOLATED)
_11039_/B1_N                            0.750000    3.668844   -2.918844 (VIOLATED)
_11044_/C1                              0.750000    3.668844   -2.918844 (VIOLATED)
_11045_/S                               0.750000    3.668844   -2.918844 (VIOLATED)
_11046_/S                               0.750000    3.668844   -2.918844 (VIOLATED)
_11048_/S                               0.750000    3.668844   -2.918844 (VIOLATED)
_11054_/B1                              0.750000    3.668844   -2.918844 (VIOLATED)
_11057_/B1_N                            0.750000    3.668844   -2.918844 (VIOLATED)
_11063_/C1                              0.750000    3.668844   -2.918844 (VIOLATED)
_11064_/B1_N                            0.750000    3.668844   -2.918844 (VIOLATED)
_11070_/C1                              0.750000    3.668844   -2.918844 (VIOLATED)
_11071_/B1_N                            0.750000    3.668844   -2.918844 (VIOLATED)
_11074_/S                               0.750000    3.668844   -2.918844 (VIOLATED)
_11075_/S                               0.750000    3.668844   -2.918844 (VIOLATED)
_11077_/S                               0.750000    3.668844   -2.918844 (VIOLATED)
_11099_/C1                              0.750000    3.668844   -2.918844 (VIOLATED)
_11100_/B1_N                            0.750000    3.668844   -2.918844 (VIOLATED)
_11104_/B1_N                            0.750000    3.668844   -2.918844 (VIOLATED)
_11107_/B1                              0.750000    3.668844   -2.918844 (VIOLATED)
_11113_/C1                              0.750000    3.668844   -2.918844 (VIOLATED)
_11114_/B1_N                            0.750000    3.668844   -2.918844 (VIOLATED)
_11117_/S                               0.750000    3.668844   -2.918844 (VIOLATED)
_11118_/S                               0.750000    3.668844   -2.918844 (VIOLATED)
_11120_/S                               0.750000    3.668844   -2.918844 (VIOLATED)
_11125_/B1                              0.750000    3.668844   -2.918844 (VIOLATED)
_11128_/B1_N                            0.750000    3.668844   -2.918844 (VIOLATED)
_11132_/B1_N                            0.750000    3.668844   -2.918844 (VIOLATED)
_11137_/C1                              0.750000    3.668844   -2.918844 (VIOLATED)
_11139_/B1_N                            0.750000    3.668844   -2.918844 (VIOLATED)
_11144_/C1                              0.750000    3.668844   -2.918844 (VIOLATED)
_11145_/S                               0.750000    3.668844   -2.918844 (VIOLATED)
_11146_/S                               0.750000    3.668844   -2.918844 (VIOLATED)
_11148_/S                               0.750000    3.668844   -2.918844 (VIOLATED)
_11156_/C1                              0.750000    3.668844   -2.918844 (VIOLATED)
_11157_/B1_N                            0.750000    3.668844   -2.918844 (VIOLATED)
_11163_/C1                              0.750000    3.668844   -2.918844 (VIOLATED)
_11164_/B1_N                            0.750000    3.668844   -2.918844 (VIOLATED)
_11170_/C1                              0.750000    3.668844   -2.918844 (VIOLATED)
_11171_/B1_N                            0.750000    3.668844   -2.918844 (VIOLATED)
_11174_/S                               0.750000    3.668844   -2.918844 (VIOLATED)
_11175_/S                               0.750000    3.668844   -2.918844 (VIOLATED)
_11177_/S                               0.750000    3.668844   -2.918844 (VIOLATED)
_11186_/C1                              0.750000    3.668844   -2.918844 (VIOLATED)
_11187_/B1_N                            0.750000    3.668844   -2.918844 (VIOLATED)
_11193_/C1                              0.750000    3.668844   -2.918844 (VIOLATED)
_11194_/B1_N                            0.750000    3.668844   -2.918844 (VIOLATED)
_11198_/B1_N                            0.750000    3.668844   -2.918844 (VIOLATED)
_11203_/C1                              0.750000    3.668844   -2.918844 (VIOLATED)
_11204_/S                               0.750000    3.668844   -2.918844 (VIOLATED)
_11205_/S                               0.750000    3.668844   -2.918844 (VIOLATED)
_11207_/S                               0.750000    3.668844   -2.918844 (VIOLATED)
_11214_/B1_N                            0.750000    3.668844   -2.918844 (VIOLATED)
_11219_/C1                              0.750000    3.668844   -2.918844 (VIOLATED)
_11222_/C1                              0.750000    3.668844   -2.918844 (VIOLATED)
_11223_/B1_N                            0.750000    3.668844   -2.918844 (VIOLATED)
_11228_/B1_N                            0.750000    3.668844   -2.918844 (VIOLATED)
_11233_/C1                              0.750000    3.668844   -2.918844 (VIOLATED)
_11235_/S                               0.750000    3.668844   -2.918844 (VIOLATED)
_11236_/S                               0.750000    3.668844   -2.918844 (VIOLATED)
_11238_/S                               0.750000    3.668844   -2.918844 (VIOLATED)
_11248_/B1                              0.750000    3.668844   -2.918844 (VIOLATED)
_11251_/B1_N                            0.750000    3.668844   -2.918844 (VIOLATED)
_11254_/B1_N                            0.750000    3.668844   -2.918844 (VIOLATED)
_11259_/C1                              0.750000    3.668844   -2.918844 (VIOLATED)
_11262_/B1_N                            0.750000    3.668844   -2.918844 (VIOLATED)
_11267_/C1                              0.750000    3.668844   -2.918844 (VIOLATED)
_11269_/S                               0.750000    3.668844   -2.918844 (VIOLATED)
_11270_/S                               0.750000    3.668844   -2.918844 (VIOLATED)
_11272_/S                               0.750000    3.668844   -2.918844 (VIOLATED)
_11276_/B1_N                            0.750000    3.668844   -2.918844 (VIOLATED)
_11279_/B1                              0.750000    3.668844   -2.918844 (VIOLATED)
_11285_/C1                              0.750000    3.668844   -2.918844 (VIOLATED)
_11286_/B1_N                            0.750000    3.668844   -2.918844 (VIOLATED)
_11290_/B1_N                            0.750000    3.668844   -2.918844 (VIOLATED)
_11295_/C1                              0.750000    3.668844   -2.918844 (VIOLATED)
_11297_/S                               0.750000    3.668844   -2.918844 (VIOLATED)
_11298_/S                               0.750000    3.668844   -2.918844 (VIOLATED)
_11300_/S                               0.750000    3.668844   -2.918844 (VIOLATED)
_11306_/B1_N                            0.750000    3.668844   -2.918844 (VIOLATED)
_11309_/B1                              0.750000    3.668844   -2.918844 (VIOLATED)
_11314_/C1                              0.750000    3.668844   -2.918844 (VIOLATED)
_11315_/B1_N                            0.750000    3.668844   -2.918844 (VIOLATED)
_11320_/B1_N                            0.750000    3.668844   -2.918844 (VIOLATED)
_11325_/C1                              0.750000    3.668844   -2.918844 (VIOLATED)
_11327_/S                               0.750000    3.668844   -2.918844 (VIOLATED)
_11328_/S                               0.750000    3.668844   -2.918844 (VIOLATED)
_11330_/S                               0.750000    3.668844   -2.918844 (VIOLATED)
_12497_/A2                              0.750000    3.668844   -2.918844 (VIOLATED)
_12548_/A1                              0.750000    3.668844   -2.918844 (VIOLATED)
_20467_/Q                               0.750000    3.668844   -2.918844 (VIOLATED)
_12642_/X                               0.750000    3.058536   -2.308537 (VIOLATED)
_12645_/A                               0.750000    3.058536   -2.308537 (VIOLATED)
_12997_/B                               0.750000    3.058536   -2.308537 (VIOLATED)
_13006_/A_N                             0.750000    3.058536   -2.308537 (VIOLATED)
_13015_/A                               0.750000    3.058536   -2.308537 (VIOLATED)
_13024_/A_N                             0.750000    3.058536   -2.308537 (VIOLATED)
_13326_/B                               0.750000    3.058536   -2.308537 (VIOLATED)
_13335_/A_N                             0.750000    3.058536   -2.308537 (VIOLATED)
_13344_/A                               0.750000    3.058536   -2.308537 (VIOLATED)
_13353_/A_N                             0.750000    3.058536   -2.308537 (VIOLATED)
_13653_/A                               0.750000    3.058536   -2.308537 (VIOLATED)
_13988_/B                               0.750000    3.058536   -2.308537 (VIOLATED)
_13997_/A_N                             0.750000    3.058536   -2.308537 (VIOLATED)
_14006_/A                               0.750000    3.058536   -2.308537 (VIOLATED)
_14015_/A_N                             0.750000    3.058536   -2.308537 (VIOLATED)
_14279_/B                               0.750000    3.058536   -2.308537 (VIOLATED)
_14288_/A_N                             0.750000    3.058536   -2.308537 (VIOLATED)
_14297_/A                               0.750000    3.058536   -2.308537 (VIOLATED)
_14306_/A_N                             0.750000    3.058536   -2.308537 (VIOLATED)
_14606_/B                               0.750000    3.058536   -2.308537 (VIOLATED)
_14615_/A_N                             0.750000    3.058536   -2.308537 (VIOLATED)
_14624_/A                               0.750000    3.058536   -2.308537 (VIOLATED)
_14633_/A_N                             0.750000    3.058536   -2.308537 (VIOLATED)
_15005_/B                               0.750000    3.058536   -2.308537 (VIOLATED)
_15014_/A_N                             0.750000    3.058536   -2.308537 (VIOLATED)
_15023_/A                               0.750000    3.058536   -2.308537 (VIOLATED)
_15032_/A_N                             0.750000    3.058536   -2.308537 (VIOLATED)
_15087_/A2                              0.750000    3.058536   -2.308537 (VIOLATED)
_15095_/A2                              0.750000    3.058536   -2.308537 (VIOLATED)
_15100_/A2                              0.750000    3.058536   -2.308537 (VIOLATED)
_15103_/A2                              0.750000    3.058536   -2.308537 (VIOLATED)
_15110_/A2                              0.750000    3.058536   -2.308537 (VIOLATED)
_15116_/A2                              0.750000    3.058536   -2.308537 (VIOLATED)
_15122_/A2                              0.750000    3.058536   -2.308537 (VIOLATED)
_15126_/A2                              0.750000    3.058536   -2.308537 (VIOLATED)
_15132_/A2                              0.750000    3.058536   -2.308537 (VIOLATED)
_15138_/A2                              0.750000    3.058536   -2.308537 (VIOLATED)
_15146_/A2                              0.750000    3.058536   -2.308537 (VIOLATED)
_15147_/A2                              0.750000    3.058536   -2.308537 (VIOLATED)
_15156_/A2                              0.750000    3.058536   -2.308537 (VIOLATED)
_15160_/A2                              0.750000    3.058536   -2.308537 (VIOLATED)
_15163_/A2                              0.750000    3.058536   -2.308537 (VIOLATED)
_15168_/A2                              0.750000    3.058536   -2.308537 (VIOLATED)
_15177_/A2                              0.750000    3.058536   -2.308537 (VIOLATED)
_15183_/A2                              0.750000    3.058536   -2.308537 (VIOLATED)
_15189_/A2                              0.750000    3.058536   -2.308537 (VIOLATED)
_15193_/A2                              0.750000    3.058536   -2.308537 (VIOLATED)
_15199_/A2                              0.750000    3.058536   -2.308537 (VIOLATED)
_15206_/A2                              0.750000    3.058536   -2.308537 (VIOLATED)
_15209_/A2                              0.750000    3.058536   -2.308537 (VIOLATED)
_15215_/A2                              0.750000    3.058536   -2.308537 (VIOLATED)
_15223_/A2                              0.750000    3.058536   -2.308537 (VIOLATED)
_15226_/A2                              0.750000    3.058536   -2.308537 (VIOLATED)
_15233_/A2                              0.750000    3.058536   -2.308537 (VIOLATED)
_15239_/A2                              0.750000    3.058536   -2.308537 (VIOLATED)
_15242_/A2                              0.750000    3.058536   -2.308537 (VIOLATED)
_15249_/A2                              0.750000    3.058536   -2.308537 (VIOLATED)
_15250_/A2                              0.750000    3.058536   -2.308537 (VIOLATED)
_15255_/A2                              0.750000    3.058536   -2.308537 (VIOLATED)
_15280_/A2                              0.750000    3.058536   -2.308537 (VIOLATED)
_15284_/A2                              0.750000    3.058536   -2.308537 (VIOLATED)
_15289_/A2                              0.750000    3.058536   -2.308537 (VIOLATED)
_15294_/A2                              0.750000    3.058536   -2.308537 (VIOLATED)
_15297_/A2                              0.750000    3.058536   -2.308537 (VIOLATED)
_15302_/A2                              0.750000    3.058536   -2.308537 (VIOLATED)
_15306_/A2                              0.750000    3.058536   -2.308537 (VIOLATED)
_15312_/A2                              0.750000    3.058536   -2.308537 (VIOLATED)
_15322_/A2                              0.750000    3.058536   -2.308537 (VIOLATED)
_15324_/A2                              0.750000    3.058536   -2.308537 (VIOLATED)
_15330_/A2                              0.750000    3.058536   -2.308537 (VIOLATED)
_15335_/A2                              0.750000    3.058536   -2.308537 (VIOLATED)
_15342_/A2                              0.750000    3.058536   -2.308537 (VIOLATED)
_15348_/A2                              0.750000    3.058536   -2.308537 (VIOLATED)
_15351_/A2                              0.750000    3.058536   -2.308537 (VIOLATED)
_15356_/A2                              0.750000    3.058536   -2.308537 (VIOLATED)
_15365_/A2                              0.750000    3.058536   -2.308537 (VIOLATED)
_15370_/A2                              0.750000    3.058536   -2.308537 (VIOLATED)
_15375_/A2                              0.750000    3.058536   -2.308537 (VIOLATED)
_15378_/A2                              0.750000    3.058536   -2.308537 (VIOLATED)
_15385_/A2                              0.750000    3.058536   -2.308537 (VIOLATED)
_15391_/A2                              0.750000    3.058536   -2.308537 (VIOLATED)
_15396_/A2                              0.750000    3.058536   -2.308537 (VIOLATED)
_15399_/A2                              0.750000    3.058536   -2.308537 (VIOLATED)
_15405_/A2                              0.750000    3.058536   -2.308537 (VIOLATED)
_15410_/A2                              0.750000    3.058536   -2.308537 (VIOLATED)
_15417_/A2                              0.750000    3.058536   -2.308537 (VIOLATED)
_15423_/A2                              0.750000    3.058536   -2.308537 (VIOLATED)
_15430_/A2                              0.750000    3.058536   -2.308537 (VIOLATED)
_15432_/A2                              0.750000    3.058536   -2.308537 (VIOLATED)
_15440_/A2                              0.750000    3.058536   -2.308537 (VIOLATED)
_15445_/A2                              0.750000    3.058536   -2.308537 (VIOLATED)
_15461_/A2                              0.750000    3.058536   -2.308537 (VIOLATED)
_15466_/A2                              0.750000    3.058536   -2.308537 (VIOLATED)
_15473_/A2                              0.750000    3.058536   -2.308537 (VIOLATED)
_15477_/A2                              0.750000    3.058536   -2.308537 (VIOLATED)
_15482_/A2                              0.750000    3.058536   -2.308537 (VIOLATED)
_15487_/A2                              0.750000    3.058536   -2.308537 (VIOLATED)
_15492_/A2                              0.750000    3.058536   -2.308537 (VIOLATED)
_15498_/A2                              0.750000    3.058536   -2.308537 (VIOLATED)
_15504_/A2                              0.750000    3.058536   -2.308537 (VIOLATED)
_15510_/A2                              0.750000    3.058536   -2.308537 (VIOLATED)
_15516_/A2                              0.750000    3.058536   -2.308537 (VIOLATED)
_15520_/A2                              0.750000    3.058536   -2.308537 (VIOLATED)
_15528_/A2                              0.750000    3.058536   -2.308537 (VIOLATED)
_15532_/A2                              0.750000    3.058536   -2.308537 (VIOLATED)
_15539_/A2                              0.750000    3.058536   -2.308537 (VIOLATED)
_15545_/A2                              0.750000    3.058536   -2.308537 (VIOLATED)
_15553_/A2                              0.750000    3.058536   -2.308537 (VIOLATED)
_15556_/A2                              0.750000    3.058536   -2.308537 (VIOLATED)
_15560_/A2                              0.750000    3.058536   -2.308537 (VIOLATED)
_15566_/A2                              0.750000    3.058536   -2.308537 (VIOLATED)
_15570_/A2                              0.750000    3.058536   -2.308537 (VIOLATED)
_15576_/A2                              0.750000    3.058536   -2.308537 (VIOLATED)
_15579_/A2                              0.750000    3.058536   -2.308537 (VIOLATED)
_15582_/A2                              0.750000    3.058536   -2.308537 (VIOLATED)
_15591_/A2                              0.750000    3.058536   -2.308537 (VIOLATED)
_15596_/A2                              0.750000    3.058536   -2.308537 (VIOLATED)
_15603_/A2                              0.750000    3.058536   -2.308537 (VIOLATED)
_15608_/A2                              0.750000    3.058536   -2.308537 (VIOLATED)
_15612_/A2                              0.750000    3.058536   -2.308537 (VIOLATED)
_15619_/A2                              0.750000    3.058536   -2.308537 (VIOLATED)
_15625_/A2                              0.750000    3.058536   -2.308537 (VIOLATED)
_15629_/A2                              0.750000    3.058536   -2.308537 (VIOLATED)
_15643_/A2                              0.750000    3.058536   -2.308537 (VIOLATED)
_15648_/A2                              0.750000    3.058536   -2.308537 (VIOLATED)
_15657_/A2                              0.750000    3.058536   -2.308537 (VIOLATED)
_15658_/A2                              0.750000    3.058536   -2.308537 (VIOLATED)
_15666_/A2                              0.750000    3.058536   -2.308537 (VIOLATED)
_15673_/A2                              0.750000    3.058536   -2.308537 (VIOLATED)
_15675_/A2                              0.750000    3.058536   -2.308537 (VIOLATED)
_15680_/A2                              0.750000    3.058536   -2.308537 (VIOLATED)
_15688_/A2                              0.750000    3.058536   -2.308537 (VIOLATED)
_15692_/A2                              0.750000    3.058536   -2.308537 (VIOLATED)
_15699_/A2                              0.750000    3.058536   -2.308537 (VIOLATED)
_15705_/A2                              0.750000    3.058536   -2.308537 (VIOLATED)
_15709_/A2                              0.750000    3.058536   -2.308537 (VIOLATED)
_15714_/A2                              0.750000    3.058536   -2.308537 (VIOLATED)
_15719_/A2                              0.750000    3.058536   -2.308537 (VIOLATED)
_15724_/A2                              0.750000    3.058536   -2.308537 (VIOLATED)
_15732_/A2                              0.750000    3.058536   -2.308537 (VIOLATED)
_15737_/A2                              0.750000    3.058536   -2.308537 (VIOLATED)
_15744_/A2                              0.750000    3.058536   -2.308537 (VIOLATED)
_15749_/A2                              0.750000    3.058536   -2.308537 (VIOLATED)
_15751_/A2                              0.750000    3.058536   -2.308537 (VIOLATED)
_15759_/A2                              0.750000    3.058536   -2.308537 (VIOLATED)
_15764_/A2                              0.750000    3.058536   -2.308537 (VIOLATED)
_15769_/A2                              0.750000    3.058536   -2.308537 (VIOLATED)
_15777_/A2                              0.750000    3.058536   -2.308537 (VIOLATED)
_15781_/A2                              0.750000    3.058536   -2.308537 (VIOLATED)
_15785_/A2                              0.750000    3.058536   -2.308537 (VIOLATED)
_15790_/A2                              0.750000    3.058536   -2.308537 (VIOLATED)
_15800_/A2                              0.750000    3.058536   -2.308537 (VIOLATED)
_15805_/A2                              0.750000    3.058536   -2.308537 (VIOLATED)
_15807_/A2                              0.750000    3.058536   -2.308537 (VIOLATED)
_15813_/A2                              0.750000    3.058536   -2.308537 (VIOLATED)
_15829_/A2                              0.750000    3.058536   -2.308537 (VIOLATED)
_15834_/A2                              0.750000    3.058536   -2.308537 (VIOLATED)
_15840_/A2                              0.750000    3.058536   -2.308537 (VIOLATED)
_15844_/A2                              0.750000    3.058536   -2.308537 (VIOLATED)
_15849_/A2                              0.750000    3.058536   -2.308537 (VIOLATED)
_15854_/A2                              0.750000    3.058536   -2.308537 (VIOLATED)
_15859_/A2                              0.750000    3.058536   -2.308537 (VIOLATED)
_15866_/A2                              0.750000    3.058536   -2.308537 (VIOLATED)
_15872_/A2                              0.750000    3.058536   -2.308537 (VIOLATED)
_15879_/A2                              0.750000    3.058536   -2.308537 (VIOLATED)
_15884_/A2                              0.750000    3.058536   -2.308537 (VIOLATED)
_15887_/A2                              0.750000    3.058536   -2.308537 (VIOLATED)
_15895_/A2                              0.750000    3.058536   -2.308537 (VIOLATED)
_15900_/A2                              0.750000    3.058536   -2.308537 (VIOLATED)
_15905_/A2                              0.750000    3.058536   -2.308537 (VIOLATED)
_15912_/A2                              0.750000    3.058536   -2.308537 (VIOLATED)
_15917_/A2                              0.750000    3.058536   -2.308537 (VIOLATED)
_15925_/A2                              0.750000    3.058536   -2.308537 (VIOLATED)
_15930_/A2                              0.750000    3.058536   -2.308537 (VIOLATED)
_15935_/A2                              0.750000    3.058536   -2.308537 (VIOLATED)
_15938_/A2                              0.750000    3.058536   -2.308537 (VIOLATED)
_15942_/A2                              0.750000    3.058536   -2.308537 (VIOLATED)
_15950_/A2                              0.750000    3.058536   -2.308537 (VIOLATED)
_15951_/A2                              0.750000    3.058536   -2.308537 (VIOLATED)
_15960_/A2                              0.750000    3.058536   -2.308537 (VIOLATED)
_15967_/A2                              0.750000    3.058536   -2.308537 (VIOLATED)
_15972_/A2                              0.750000    3.058536   -2.308537 (VIOLATED)
_15976_/A2                              0.750000    3.058536   -2.308537 (VIOLATED)
_15982_/A2                              0.750000    3.058536   -2.308537 (VIOLATED)
_15987_/A2                              0.750000    3.058536   -2.308537 (VIOLATED)
_15993_/A2                              0.750000    3.058536   -2.308537 (VIOLATED)
_16001_/A2                              0.750000    3.058536   -2.308537 (VIOLATED)
_16016_/A2                              0.750000    3.058536   -2.308537 (VIOLATED)
_16018_/A2                              0.750000    3.058536   -2.308537 (VIOLATED)
_16024_/A2                              0.750000    3.058536   -2.308537 (VIOLATED)
_16029_/A2                              0.750000    3.058536   -2.308537 (VIOLATED)
_16038_/A2                              0.750000    3.058536   -2.308537 (VIOLATED)
_16042_/A2                              0.750000    3.058536   -2.308537 (VIOLATED)
_16048_/A2                              0.750000    3.058536   -2.308537 (VIOLATED)
_16052_/A2                              0.750000    3.058536   -2.308537 (VIOLATED)
_16057_/A2                              0.750000    3.058536   -2.308537 (VIOLATED)
_16062_/A2                              0.750000    3.058536   -2.308537 (VIOLATED)
_16069_/A2                              0.750000    3.058536   -2.308537 (VIOLATED)
_16075_/A2                              0.750000    3.058536   -2.308537 (VIOLATED)
_16078_/A2                              0.750000    3.058536   -2.308537 (VIOLATED)
_16084_/A2                              0.750000    3.058536   -2.308537 (VIOLATED)
_16091_/A2                              0.750000    3.058536   -2.308537 (VIOLATED)
_16096_/A2                              0.750000    3.058536   -2.308537 (VIOLATED)
_16103_/A2                              0.750000    3.058536   -2.308537 (VIOLATED)
_16107_/A2                              0.750000    3.058536   -2.308537 (VIOLATED)
_16111_/A2                              0.750000    3.058536   -2.308537 (VIOLATED)
_16116_/A2                              0.750000    3.058536   -2.308537 (VIOLATED)
_16124_/A2                              0.750000    3.058536   -2.308537 (VIOLATED)
_16128_/A2                              0.750000    3.058536   -2.308537 (VIOLATED)
_16132_/A2                              0.750000    3.058536   -2.308537 (VIOLATED)
_16140_/A2                              0.750000    3.058536   -2.308537 (VIOLATED)
_16145_/A2                              0.750000    3.058536   -2.308537 (VIOLATED)
_16149_/A2                              0.750000    3.058536   -2.308537 (VIOLATED)
_16156_/A2                              0.750000    3.058536   -2.308537 (VIOLATED)
_16161_/A2                              0.750000    3.058536   -2.308537 (VIOLATED)
_16163_/A2                              0.750000    3.058536   -2.308537 (VIOLATED)
_16169_/A2                              0.750000    3.058536   -2.308537 (VIOLATED)
_16177_/A2                              0.750000    3.058536   -2.308537 (VIOLATED)
_16181_/A2                              0.750000    3.058536   -2.308537 (VIOLATED)
_16195_/A2                              0.750000    3.058536   -2.308537 (VIOLATED)
_16198_/A2                              0.750000    3.058536   -2.308537 (VIOLATED)
_16204_/A2                              0.750000    3.058536   -2.308537 (VIOLATED)
_16208_/A2                              0.750000    3.058536   -2.308537 (VIOLATED)
_16215_/A2                              0.750000    3.058536   -2.308537 (VIOLATED)
_16217_/A2                              0.750000    3.058536   -2.308537 (VIOLATED)
_16223_/A2                              0.750000    3.058536   -2.308537 (VIOLATED)
_16227_/A2                              0.750000    3.058536   -2.308537 (VIOLATED)
_16237_/A2                              0.750000    3.058536   -2.308537 (VIOLATED)
_16239_/A2                              0.750000    3.058536   -2.308537 (VIOLATED)
_16246_/A2                              0.750000    3.058536   -2.308537 (VIOLATED)
_16251_/A2                              0.750000    3.058536   -2.308537 (VIOLATED)
_16258_/A2                              0.750000    3.058536   -2.308537 (VIOLATED)
_16262_/A2                              0.750000    3.058536   -2.308537 (VIOLATED)
_16268_/A2                              0.750000    3.058536   -2.308537 (VIOLATED)
_16274_/A2                              0.750000    3.058536   -2.308537 (VIOLATED)
_16278_/A2                              0.750000    3.058536   -2.308537 (VIOLATED)
_16286_/A2                              0.750000    3.058536   -2.308537 (VIOLATED)
_16290_/A2                              0.750000    3.058536   -2.308537 (VIOLATED)
_16294_/A2                              0.750000    3.058536   -2.308537 (VIOLATED)
_16302_/A2                              0.750000    3.058536   -2.308537 (VIOLATED)
_16309_/A2                              0.750000    3.058536   -2.308537 (VIOLATED)
_16312_/A2                              0.750000    3.058536   -2.308537 (VIOLATED)
_16316_/A2                              0.750000    3.058536   -2.308537 (VIOLATED)
_16325_/A2                              0.750000    3.058536   -2.308537 (VIOLATED)
_16331_/A2                              0.750000    3.058536   -2.308537 (VIOLATED)
_16336_/A2                              0.750000    3.058536   -2.308537 (VIOLATED)
_16343_/A2                              0.750000    3.058536   -2.308537 (VIOLATED)
_16345_/A2                              0.750000    3.058536   -2.308537 (VIOLATED)
_16352_/A2                              0.750000    3.058536   -2.308537 (VIOLATED)
_16360_/A2                              0.750000    3.058536   -2.308537 (VIOLATED)
_16364_/A2                              0.750000    3.058536   -2.308537 (VIOLATED)
_16381_/A2                              0.750000    3.058536   -2.308537 (VIOLATED)
_16384_/B                               0.750000    3.058536   -2.308537 (VIOLATED)
_16389_/A2                              0.750000    3.058536   -2.308537 (VIOLATED)
_16395_/A2                              0.750000    3.058536   -2.308537 (VIOLATED)
_16401_/A2                              0.750000    3.058536   -2.308537 (VIOLATED)
_16408_/A2                              0.750000    3.058536   -2.308537 (VIOLATED)
_16413_/A2                              0.750000    3.058536   -2.308537 (VIOLATED)
_16417_/A2                              0.750000    3.058536   -2.308537 (VIOLATED)
_16425_/A2                              0.750000    3.058536   -2.308537 (VIOLATED)
_16427_/A2                              0.750000    3.058536   -2.308537 (VIOLATED)
_16433_/A2                              0.750000    3.058536   -2.308537 (VIOLATED)
_16441_/A2                              0.750000    3.058536   -2.308537 (VIOLATED)
_16446_/A2                              0.750000    3.058536   -2.308537 (VIOLATED)
_16450_/A2                              0.750000    3.058536   -2.308537 (VIOLATED)
_16454_/A2                              0.750000    3.058536   -2.308537 (VIOLATED)
_16460_/A2                              0.750000    3.058536   -2.308537 (VIOLATED)
_16467_/A2                              0.750000    3.058536   -2.308537 (VIOLATED)
_16471_/A2                              0.750000    3.058536   -2.308537 (VIOLATED)
_16477_/A2                              0.750000    3.058536   -2.308537 (VIOLATED)
_16481_/A2                              0.750000    3.058536   -2.308537 (VIOLATED)
_16487_/A2                              0.750000    3.058536   -2.308537 (VIOLATED)
_16495_/A2                              0.750000    3.058536   -2.308537 (VIOLATED)
_16500_/A2                              0.750000    3.058536   -2.308537 (VIOLATED)
_16503_/A2                              0.750000    3.058536   -2.308537 (VIOLATED)
_16508_/A2                              0.750000    3.058536   -2.308537 (VIOLATED)
_16517_/A2                              0.750000    3.058536   -2.308537 (VIOLATED)
_16521_/A2                              0.750000    3.058536   -2.308537 (VIOLATED)
_16527_/A2                              0.750000    3.058536   -2.308537 (VIOLATED)
_16533_/A2                              0.750000    3.058536   -2.308537 (VIOLATED)
_16537_/A2                              0.750000    3.058536   -2.308537 (VIOLATED)
_16543_/A2                              0.750000    3.058536   -2.308537 (VIOLATED)
_16548_/A2                              0.750000    3.058536   -2.308537 (VIOLATED)
_12764_/X                               0.750000    2.868237   -2.118237 (VIOLATED)
_12765_/A                               0.750000    2.868237   -2.118237 (VIOLATED)
_12786_/B                               0.750000    2.868237   -2.118237 (VIOLATED)
_13089_/B                               0.750000    2.868237   -2.118237 (VIOLATED)
_13416_/B                               0.750000    2.868237   -2.118237 (VIOLATED)
_13542_/B                               0.750000    2.868237   -2.118237 (VIOLATED)
_13727_/A                               0.750000    2.868237   -2.118237 (VIOLATED)
_14078_/B                               0.750000    2.868237   -2.118237 (VIOLATED)
_14406_/B                               0.750000    2.868237   -2.118237 (VIOLATED)
_14696_/B                               0.750000    2.868237   -2.118237 (VIOLATED)
_15089_/A2                              0.750000    2.868237   -2.118237 (VIOLATED)
_15094_/A2                              0.750000    2.868237   -2.118237 (VIOLATED)
_15099_/A2                              0.750000    2.868237   -2.118237 (VIOLATED)
_15105_/A2                              0.750000    2.868237   -2.118237 (VIOLATED)
_15111_/A2                              0.750000    2.868237   -2.118237 (VIOLATED)
_15117_/A2                              0.750000    2.868237   -2.118237 (VIOLATED)
_15119_/A2                              0.750000    2.868237   -2.118237 (VIOLATED)
_15124_/A2                              0.750000    2.868237   -2.118237 (VIOLATED)
_15135_/A2                              0.750000    2.868237   -2.118237 (VIOLATED)
_15138_/B1                              0.750000    2.868237   -2.118237 (VIOLATED)
_15143_/A2                              0.750000    2.868237   -2.118237 (VIOLATED)
_15148_/A2                              0.750000    2.868237   -2.118237 (VIOLATED)
_15153_/A2                              0.750000    2.868237   -2.118237 (VIOLATED)
_15161_/A2                              0.750000    2.868237   -2.118237 (VIOLATED)
_15167_/A2                              0.750000    2.868237   -2.118237 (VIOLATED)
_15170_/A2                              0.750000    2.868237   -2.118237 (VIOLATED)
_15180_/A2                              0.750000    2.868237   -2.118237 (VIOLATED)
_15184_/A2                              0.750000    2.868237   -2.118237 (VIOLATED)
_15188_/A2                              0.750000    2.868237   -2.118237 (VIOLATED)
_15196_/A2                              0.750000    2.868237   -2.118237 (VIOLATED)
_15200_/A2                              0.750000    2.868237   -2.118237 (VIOLATED)
_15202_/A2                              0.750000    2.868237   -2.118237 (VIOLATED)
_15208_/A2                              0.750000    2.868237   -2.118237 (VIOLATED)
_15214_/A2                              0.750000    2.868237   -2.118237 (VIOLATED)
_15221_/A2                              0.750000    2.868237   -2.118237 (VIOLATED)
_15226_/B1                              0.750000    2.868237   -2.118237 (VIOLATED)
_15231_/A2                              0.750000    2.868237   -2.118237 (VIOLATED)
_15237_/A2                              0.750000    2.868237   -2.118237 (VIOLATED)
_15240_/A2                              0.750000    2.868237   -2.118237 (VIOLATED)
_15248_/A2                              0.750000    2.868237   -2.118237 (VIOLATED)
_15252_/A2                              0.750000    2.868237   -2.118237 (VIOLATED)
_15256_/A2                              0.750000    2.868237   -2.118237 (VIOLATED)
_15280_/B1                              0.750000    2.868237   -2.118237 (VIOLATED)
_15284_/B1                              0.750000    2.868237   -2.118237 (VIOLATED)
_15289_/B1                              0.750000    2.868237   -2.118237 (VIOLATED)
_15293_/A2                              0.750000    2.868237   -2.118237 (VIOLATED)
_15297_/B1                              0.750000    2.868237   -2.118237 (VIOLATED)
_15304_/A2                              0.750000    2.868237   -2.118237 (VIOLATED)
_15309_/A2                              0.750000    2.868237   -2.118237 (VIOLATED)
_15311_/A2                              0.750000    2.868237   -2.118237 (VIOLATED)
_15320_/A2                              0.750000    2.868237   -2.118237 (VIOLATED)
_15327_/A2                              0.750000    2.868237   -2.118237 (VIOLATED)
_15334_/A2                              0.750000    2.868237   -2.118237 (VIOLATED)
_15339_/A2                              0.750000    2.868237   -2.118237 (VIOLATED)
_15340_/A2                              0.750000    2.868237   -2.118237 (VIOLATED)
_15346_/A2                              0.750000    2.868237   -2.118237 (VIOLATED)
_15351_/B1                              0.750000    2.868237   -2.118237 (VIOLATED)
_15357_/A2                              0.750000    2.868237   -2.118237 (VIOLATED)
_15364_/A2                              0.750000    2.868237   -2.118237 (VIOLATED)
_15369_/B                               0.750000    2.868237   -2.118237 (VIOLATED)
_15374_/A2                              0.750000    2.868237   -2.118237 (VIOLATED)
_15378_/B1                              0.750000    2.868237   -2.118237 (VIOLATED)
_15387_/B                               0.750000    2.868237   -2.118237 (VIOLATED)
_15393_/A2                              0.750000    2.868237   -2.118237 (VIOLATED)
_15397_/A2                              0.750000    2.868237   -2.118237 (VIOLATED)
_15402_/A2                              0.750000    2.868237   -2.118237 (VIOLATED)
_15407_/A2                              0.750000    2.868237   -2.118237 (VIOLATED)
_15410_/B1                              0.750000    2.868237   -2.118237 (VIOLATED)
_15416_/A2                              0.750000    2.868237   -2.118237 (VIOLATED)
_15421_/A2                              0.750000    2.868237   -2.118237 (VIOLATED)
_15431_/A2                              0.750000    2.868237   -2.118237 (VIOLATED)
_15435_/A2                              0.750000    2.868237   -2.118237 (VIOLATED)
_15438_/A2                              0.750000    2.868237   -2.118237 (VIOLATED)
_15443_/A2                              0.750000    2.868237   -2.118237 (VIOLATED)
_15461_/B1                              0.750000    2.868237   -2.118237 (VIOLATED)
_15464_/A2                              0.750000    2.868237   -2.118237 (VIOLATED)
_15471_/A2                              0.750000    2.868237   -2.118237 (VIOLATED)
_15477_/B1                              0.750000    2.868237   -2.118237 (VIOLATED)
_15483_/A2                              0.750000    2.868237   -2.118237 (VIOLATED)
_15489_/A2                              0.750000    2.868237   -2.118237 (VIOLATED)
_15496_/A2                              0.750000    2.868237   -2.118237 (VIOLATED)
_15497_/A2                              0.750000    2.868237   -2.118237 (VIOLATED)
_15506_/A2                              0.750000    2.868237   -2.118237 (VIOLATED)
_15513_/A2                              0.750000    2.868237   -2.118237 (VIOLATED)
_15515_/A2                              0.750000    2.868237   -2.118237 (VIOLATED)
_15521_/A2                              0.750000    2.868237   -2.118237 (VIOLATED)
_15529_/A2                              0.750000    2.868237   -2.118237 (VIOLATED)
_15531_/A2                              0.750000    2.868237   -2.118237 (VIOLATED)
_15537_/A2                              0.750000    2.868237   -2.118237 (VIOLATED)
_15543_/A2                              0.750000    2.868237   -2.118237 (VIOLATED)
_15550_/A2                              0.750000    2.868237   -2.118237 (VIOLATED)
_15557_/A2                              0.750000    2.868237   -2.118237 (VIOLATED)
_15562_/A2                              0.750000    2.868237   -2.118237 (VIOLATED)
_15567_/A2                              0.750000    2.868237   -2.118237 (VIOLATED)
_15568_/A2                              0.750000    2.868237   -2.118237 (VIOLATED)
_15575_/A2                              0.750000    2.868237   -2.118237 (VIOLATED)
_15578_/A2                              0.750000    2.868237   -2.118237 (VIOLATED)
_15582_/B1                              0.750000    2.868237   -2.118237 (VIOLATED)
_15593_/A2                              0.750000    2.868237   -2.118237 (VIOLATED)
_15598_/A2                              0.750000    2.868237   -2.118237 (VIOLATED)
_15602_/A2                              0.750000    2.868237   -2.118237 (VIOLATED)
_15607_/A2                              0.750000    2.868237   -2.118237 (VIOLATED)
_15614_/A2                              0.750000    2.868237   -2.118237 (VIOLATED)
_15620_/A2                              0.750000    2.868237   -2.118237 (VIOLATED)
_15626_/A2                              0.750000    2.868237   -2.118237 (VIOLATED)
_15629_/B1                              0.750000    2.868237   -2.118237 (VIOLATED)
_15644_/A2                              0.750000    2.868237   -2.118237 (VIOLATED)
_15651_/A2                              0.750000    2.868237   -2.118237 (VIOLATED)
_15655_/A2                              0.750000    2.868237   -2.118237 (VIOLATED)
_15659_/A2                              0.750000    2.868237   -2.118237 (VIOLATED)
_15665_/A2                              0.750000    2.868237   -2.118237 (VIOLATED)
_15671_/A2                              0.750000    2.868237   -2.118237 (VIOLATED)
_15675_/B1                              0.750000    2.868237   -2.118237 (VIOLATED)
_15683_/A2                              0.750000    2.868237   -2.118237 (VIOLATED)
_15689_/A2                              0.750000    2.868237   -2.118237 (VIOLATED)
_15692_/B1                              0.750000    2.868237   -2.118237 (VIOLATED)
_15701_/A2                              0.750000    2.868237   -2.118237 (VIOLATED)
_15703_/A2                              0.750000    2.868237   -2.118237 (VIOLATED)
_15712_/A2                              0.750000    2.868237   -2.118237 (VIOLATED)
_15715_/A2                              0.750000    2.868237   -2.118237 (VIOLATED)
_15719_/B1                              0.750000    2.868237   -2.118237 (VIOLATED)
_15723_/A2                              0.750000    2.868237   -2.118237 (VIOLATED)
_15730_/A2                              0.750000    2.868237   -2.118237 (VIOLATED)
_15734_/A2                              0.750000    2.868237   -2.118237 (VIOLATED)
_15741_/A2                              0.750000    2.868237   -2.118237 (VIOLATED)
_15747_/A2                              0.750000    2.868237   -2.118237 (VIOLATED)
_15754_/A2                              0.750000    2.868237   -2.118237 (VIOLATED)
_15756_/A2                              0.750000    2.868237   -2.118237 (VIOLATED)
_15762_/A2                              0.750000    2.868237   -2.118237 (VIOLATED)
_15767_/A2                              0.750000    2.868237   -2.118237 (VIOLATED)
_15774_/A2                              0.750000    2.868237   -2.118237 (VIOLATED)
_15783_/A2                              0.750000    2.868237   -2.118237 (VIOLATED)
_15787_/A2                              0.750000    2.868237   -2.118237 (VIOLATED)
_15792_/A2                              0.750000    2.868237   -2.118237 (VIOLATED)
_15798_/A2                              0.750000    2.868237   -2.118237 (VIOLATED)
_15803_/A2                              0.750000    2.868237   -2.118237 (VIOLATED)
_15808_/A2                              0.750000    2.868237   -2.118237 (VIOLATED)
_15814_/A2                              0.750000    2.868237   -2.118237 (VIOLATED)
_15831_/A2                              0.750000    2.868237   -2.118237 (VIOLATED)
_15836_/A2                              0.750000    2.868237   -2.118237 (VIOLATED)
_15842_/A2                              0.750000    2.868237   -2.118237 (VIOLATED)
_15847_/A2                              0.750000    2.868237   -2.118237 (VIOLATED)
_15852_/A2                              0.750000    2.868237   -2.118237 (VIOLATED)
_15855_/A2                              0.750000    2.868237   -2.118237 (VIOLATED)
_15862_/A2                              0.750000    2.868237   -2.118237 (VIOLATED)
_15867_/A2                              0.750000    2.868237   -2.118237 (VIOLATED)
_15873_/A2                              0.750000    2.868237   -2.118237 (VIOLATED)
_15877_/A2                              0.750000    2.868237   -2.118237 (VIOLATED)
_15883_/A2                              0.750000    2.868237   -2.118237 (VIOLATED)
_15889_/A2                              0.750000    2.868237   -2.118237 (VIOLATED)
_15896_/A2                              0.750000    2.868237   -2.118237 (VIOLATED)
_15899_/A2                              0.750000    2.868237   -2.118237 (VIOLATED)
_15905_/B1                              0.750000    2.868237   -2.118237 (VIOLATED)
_15910_/A2                              0.750000    2.868237   -2.118237 (VIOLATED)
_15917_/B1                              0.750000    2.868237   -2.118237 (VIOLATED)
_15924_/A2                              0.750000    2.868237   -2.118237 (VIOLATED)
_15928_/A2                              0.750000    2.868237   -2.118237 (VIOLATED)
_15932_/A2                              0.750000    2.868237   -2.118237 (VIOLATED)
_15937_/A2                              0.750000    2.868237   -2.118237 (VIOLATED)
_15943_/A2                              0.750000    2.868237   -2.118237 (VIOLATED)
_15947_/A2                              0.750000    2.868237   -2.118237 (VIOLATED)
_15951_/B1                              0.750000    2.868237   -2.118237 (VIOLATED)
_15961_/A2                              0.750000    2.868237   -2.118237 (VIOLATED)
_15965_/A2                              0.750000    2.868237   -2.118237 (VIOLATED)
_15975_/A2                              0.750000    2.868237   -2.118237 (VIOLATED)
_15977_/A2                              0.750000    2.868237   -2.118237 (VIOLATED)
_15982_/B1                              0.750000    2.868237   -2.118237 (VIOLATED)
_15988_/A2                              0.750000    2.868237   -2.118237 (VIOLATED)
_15995_/A2                              0.750000    2.868237   -2.118237 (VIOLATED)
_16000_/A2                              0.750000    2.868237   -2.118237 (VIOLATED)
_16015_/A2                              0.750000    2.868237   -2.118237 (VIOLATED)
_16020_/A2                              0.750000    2.868237   -2.118237 (VIOLATED)
_16026_/A2                              0.750000    2.868237   -2.118237 (VIOLATED)
_16029_/B1                              0.750000    2.868237   -2.118237 (VIOLATED)
_16035_/A2                              0.750000    2.868237   -2.118237 (VIOLATED)
_16043_/A2                              0.750000    2.868237   -2.118237 (VIOLATED)
_16046_/A2                              0.750000    2.868237   -2.118237 (VIOLATED)
_16050_/A2                              0.750000    2.868237   -2.118237 (VIOLATED)
_16057_/B1                              0.750000    2.868237   -2.118237 (VIOLATED)
_16062_/B1                              0.750000    2.868237   -2.118237 (VIOLATED)
_16067_/A2                              0.750000    2.868237   -2.118237 (VIOLATED)
_16074_/A2                              0.750000    2.868237   -2.118237 (VIOLATED)
_16080_/A2                              0.750000    2.868237   -2.118237 (VIOLATED)
_16087_/A2                              0.750000    2.868237   -2.118237 (VIOLATED)
_16088_/A2                              0.750000    2.868237   -2.118237 (VIOLATED)
_16094_/A2                              0.750000    2.868237   -2.118237 (VIOLATED)
_16105_/A2                              0.750000    2.868237   -2.118237 (VIOLATED)
_16109_/A2                              0.750000    2.868237   -2.118237 (VIOLATED)
_16114_/A2                              0.750000    2.868237   -2.118237 (VIOLATED)
_16118_/A2                              0.750000    2.868237   -2.118237 (VIOLATED)
_16125_/A2                              0.750000    2.868237   -2.118237 (VIOLATED)
_16130_/A2                              0.750000    2.868237   -2.118237 (VIOLATED)
_16134_/A2                              0.750000    2.868237   -2.118237 (VIOLATED)
_16140_/B1                              0.750000    2.868237   -2.118237 (VIOLATED)
_16147_/A2                              0.750000    2.868237   -2.118237 (VIOLATED)
_16150_/A2                              0.750000    2.868237   -2.118237 (VIOLATED)
_16157_/A2                              0.750000    2.868237   -2.118237 (VIOLATED)
_16161_/B1                              0.750000    2.868237   -2.118237 (VIOLATED)
_16166_/A2                              0.750000    2.868237   -2.118237 (VIOLATED)
_16169_/B1                              0.750000    2.868237   -2.118237 (VIOLATED)
_16175_/A2                              0.750000    2.868237   -2.118237 (VIOLATED)
_16180_/A2                              0.750000    2.868237   -2.118237 (VIOLATED)
_16196_/A2                              0.750000    2.868237   -2.118237 (VIOLATED)
_16198_/B1                              0.750000    2.868237   -2.118237 (VIOLATED)
_16202_/A2                              0.750000    2.868237   -2.118237 (VIOLATED)
_16210_/A2                              0.750000    2.868237   -2.118237 (VIOLATED)
_16213_/A2                              0.750000    2.868237   -2.118237 (VIOLATED)
_16219_/A2                              0.750000    2.868237   -2.118237 (VIOLATED)
_16222_/A2                              0.750000    2.868237   -2.118237 (VIOLATED)
_16229_/A2                              0.750000    2.868237   -2.118237 (VIOLATED)
_16238_/A2                              0.750000    2.868237   -2.118237 (VIOLATED)
_16243_/A2                              0.750000    2.868237   -2.118237 (VIOLATED)
_16248_/A2                              0.750000    2.868237   -2.118237 (VIOLATED)
_16251_/B1                              0.750000    2.868237   -2.118237 (VIOLATED)
_16258_/B1                              0.750000    2.868237   -2.118237 (VIOLATED)
_16264_/A2                              0.750000    2.868237   -2.118237 (VIOLATED)
_16268_/B1                              0.750000    2.868237   -2.118237 (VIOLATED)
_16271_/A2                              0.750000    2.868237   -2.118237 (VIOLATED)
_16281_/A2                              0.750000    2.868237   -2.118237 (VIOLATED)
_16283_/A2                              0.750000    2.868237   -2.118237 (VIOLATED)
_16291_/A2                              0.750000    2.868237   -2.118237 (VIOLATED)
_16294_/B1                              0.750000    2.868237   -2.118237 (VIOLATED)
_16302_/B1                              0.750000    2.868237   -2.118237 (VIOLATED)
_16307_/A2                              0.750000    2.868237   -2.118237 (VIOLATED)
_16311_/A2                              0.750000    2.868237   -2.118237 (VIOLATED)
_16318_/A2                              0.750000    2.868237   -2.118237 (VIOLATED)
_16326_/A2                              0.750000    2.868237   -2.118237 (VIOLATED)
_16330_/A2                              0.750000    2.868237   -2.118237 (VIOLATED)
_16336_/B1                              0.750000    2.868237   -2.118237 (VIOLATED)
_16341_/A2                              0.750000    2.868237   -2.118237 (VIOLATED)
_16346_/A2                              0.750000    2.868237   -2.118237 (VIOLATED)
_16353_/A2                              0.750000    2.868237   -2.118237 (VIOLATED)
_16357_/A2                              0.750000    2.868237   -2.118237 (VIOLATED)
_16365_/A2                              0.750000    2.868237   -2.118237 (VIOLATED)
_16380_/A2                              0.750000    2.868237   -2.118237 (VIOLATED)
_16385_/A2                              0.750000    2.868237   -2.118237 (VIOLATED)
_16390_/A2                              0.750000    2.868237   -2.118237 (VIOLATED)
_16394_/A2                              0.750000    2.868237   -2.118237 (VIOLATED)
_16403_/A2                              0.750000    2.868237   -2.118237 (VIOLATED)
_16406_/A2                              0.750000    2.868237   -2.118237 (VIOLATED)
_16413_/B1                              0.750000    2.868237   -2.118237 (VIOLATED)
_16417_/B1                              0.750000    2.868237   -2.118237 (VIOLATED)
_16422_/A2                              0.750000    2.868237   -2.118237 (VIOLATED)
_16429_/A2                              0.750000    2.868237   -2.118237 (VIOLATED)
_16436_/A2                              0.750000    2.868237   -2.118237 (VIOLATED)
_16438_/A2                              0.750000    2.868237   -2.118237 (VIOLATED)
_16444_/A2                              0.750000    2.868237   -2.118237 (VIOLATED)
_16452_/A2                              0.750000    2.868237   -2.118237 (VIOLATED)
_16455_/A2                              0.750000    2.868237   -2.118237 (VIOLATED)
_16458_/A2                              0.750000    2.868237   -2.118237 (VIOLATED)
_16469_/A2                              0.750000    2.868237   -2.118237 (VIOLATED)
_16471_/B1                              0.750000    2.868237   -2.118237 (VIOLATED)
_16478_/A2                              0.750000    2.868237   -2.118237 (VIOLATED)
_16482_/A2                              0.750000    2.868237   -2.118237 (VIOLATED)
_16489_/A2                              0.750000    2.868237   -2.118237 (VIOLATED)
_16492_/A2                              0.750000    2.868237   -2.118237 (VIOLATED)
_16498_/A2                              0.750000    2.868237   -2.118237 (VIOLATED)
_16504_/A2                              0.750000    2.868237   -2.118237 (VIOLATED)
_16511_/A2                              0.750000    2.868237   -2.118237 (VIOLATED)
_16516_/A2                              0.750000    2.868237   -2.118237 (VIOLATED)
_16521_/B1                              0.750000    2.868237   -2.118237 (VIOLATED)
_16524_/A2                              0.750000    2.868237   -2.118237 (VIOLATED)
_16532_/A2                              0.750000    2.868237   -2.118237 (VIOLATED)
_16538_/A2                              0.750000    2.868237   -2.118237 (VIOLATED)
_16542_/A2                              0.750000    2.868237   -2.118237 (VIOLATED)
_16546_/B                               0.750000    2.868237   -2.118237 (VIOLATED)
_12957_/X                               0.750000    2.842199   -2.092199 (VIOLATED)
_12976_/C                               0.750000    2.842199   -2.092199 (VIOLATED)
_13306_/B                               0.750000    2.842199   -2.092199 (VIOLATED)
_13633_/B                               0.750000    2.842199   -2.092199 (VIOLATED)
_13912_/A                               0.750000    2.842199   -2.092199 (VIOLATED)
_14258_/B                               0.750000    2.842199   -2.092199 (VIOLATED)
_14586_/B                               0.750000    2.842199   -2.092199 (VIOLATED)
_14913_/B                               0.750000    2.842199   -2.092199 (VIOLATED)
_14968_/B                               0.750000    2.842199   -2.092199 (VIOLATED)
_15090_/A2                              0.750000    2.842199   -2.092199 (VIOLATED)
_15092_/B1                              0.750000    2.842199   -2.092199 (VIOLATED)
_15099_/B1                              0.750000    2.842199   -2.092199 (VIOLATED)
_15103_/B1                              0.750000    2.842199   -2.092199 (VIOLATED)
_15112_/A2                              0.750000    2.842199   -2.092199 (VIOLATED)
_15115_/B1                              0.750000    2.842199   -2.092199 (VIOLATED)
_15121_/B1                              0.750000    2.842199   -2.092199 (VIOLATED)
_15125_/B1                              0.750000    2.842199   -2.092199 (VIOLATED)
_15133_/A2                              0.750000    2.842199   -2.092199 (VIOLATED)
_15139_/A2                              0.750000    2.842199   -2.092199 (VIOLATED)
_15142_/B1                              0.750000    2.842199   -2.092199 (VIOLATED)
_15147_/B1                              0.750000    2.842199   -2.092199 (VIOLATED)
_15154_/B1                              0.750000    2.842199   -2.092199 (VIOLATED)
_15160_/B1                              0.750000    2.842199   -2.092199 (VIOLATED)
_15165_/A2                              0.750000    2.842199   -2.092199 (VIOLATED)
_15171_/A2                              0.750000    2.842199   -2.092199 (VIOLATED)
_15179_/B1                              0.750000    2.842199   -2.092199 (VIOLATED)
_15182_/B1                              0.750000    2.842199   -2.092199 (VIOLATED)
_15191_/B1                              0.750000    2.842199   -2.092199 (VIOLATED)
_15195_/A2                              0.750000    2.842199   -2.092199 (VIOLATED)
_15198_/B1                              0.750000    2.842199   -2.092199 (VIOLATED)
_15202_/B1                              0.750000    2.842199   -2.092199 (VIOLATED)
_15210_/A2                              0.750000    2.842199   -2.092199 (VIOLATED)
_15213_/B1                              0.750000    2.842199   -2.092199 (VIOLATED)
_15221_/B1                              0.750000    2.842199   -2.092199 (VIOLATED)
_15228_/A2                              0.750000    2.842199   -2.092199 (VIOLATED)
_15232_/B1                              0.750000    2.842199   -2.092199 (VIOLATED)
_15238_/A2                              0.750000    2.842199   -2.092199 (VIOLATED)
_15241_/A2                              0.750000    2.842199   -2.092199 (VIOLATED)
_15247_/B1                              0.750000    2.842199   -2.092199 (VIOLATED)
_15251_/B1                              0.750000    2.842199   -2.092199 (VIOLATED)
_15257_/B1                              0.750000    2.842199   -2.092199 (VIOLATED)
_15278_/B1                              0.750000    2.842199   -2.092199 (VIOLATED)
_15283_/B1                              0.750000    2.842199   -2.092199 (VIOLATED)
_15287_/B1                              0.750000    2.842199   -2.092199 (VIOLATED)
_15295_/A2                              0.750000    2.842199   -2.092199 (VIOLATED)
_15298_/B1                              0.750000    2.842199   -2.092199 (VIOLATED)
_15305_/B1                              0.750000    2.842199   -2.092199 (VIOLATED)
_15309_/B1                              0.750000    2.842199   -2.092199 (VIOLATED)
_15311_/B1                              0.750000    2.842199   -2.092199 (VIOLATED)
_15320_/B1                              0.750000    2.842199   -2.092199 (VIOLATED)
_15328_/A2                              0.750000    2.842199   -2.092199 (VIOLATED)
_15332_/A2                              0.750000    2.842199   -2.092199 (VIOLATED)
_15338_/A2                              0.750000    2.842199   -2.092199 (VIOLATED)
_15343_/A2                              0.750000    2.842199   -2.092199 (VIOLATED)
_15347_/B1                              0.750000    2.842199   -2.092199 (VIOLATED)
_15352_/A2                              0.750000    2.842199   -2.092199 (VIOLATED)
_15357_/B1                              0.750000    2.842199   -2.092199 (VIOLATED)
_15366_/A2                              0.750000    2.842199   -2.092199 (VIOLATED)
_15371_/B1                              0.750000    2.842199   -2.092199 (VIOLATED)
_15377_/B1                              0.750000    2.842199   -2.092199 (VIOLATED)
_15380_/B1                              0.750000    2.842199   -2.092199 (VIOLATED)
_15388_/B1                              0.750000    2.842199   -2.092199 (VIOLATED)
_15391_/B1                              0.750000    2.842199   -2.092199 (VIOLATED)
_15395_/B1                              0.750000    2.842199   -2.092199 (VIOLATED)
_15399_/B1                              0.750000    2.842199   -2.092199 (VIOLATED)
_15409_/A2                              0.750000    2.842199   -2.092199 (VIOLATED)
_15411_/B1                              0.750000    2.842199   -2.092199 (VIOLATED)
_15420_/A2                              0.750000    2.842199   -2.092199 (VIOLATED)
_15425_/A2                              0.750000    2.842199   -2.092199 (VIOLATED)
_15428_/A2                              0.750000    2.842199   -2.092199 (VIOLATED)
_15434_/A2                              0.750000    2.842199   -2.092199 (VIOLATED)
_15439_/B1                              0.750000    2.842199   -2.092199 (VIOLATED)
_15443_/B1                              0.750000    2.842199   -2.092199 (VIOLATED)
_15463_/B1                              0.750000    2.842199   -2.092199 (VIOLATED)
_15468_/A2                              0.750000    2.842199   -2.092199 (VIOLATED)
_15470_/B1                              0.750000    2.842199   -2.092199 (VIOLATED)
_15480_/A2                              0.750000    2.842199   -2.092199 (VIOLATED)
_15481_/A2                              0.750000    2.842199   -2.092199 (VIOLATED)
_15489_/B1                              0.750000    2.842199   -2.092199 (VIOLATED)
_15493_/B1                              0.750000    2.842199   -2.092199 (VIOLATED)
_15500_/B1                              0.750000    2.842199   -2.092199 (VIOLATED)
_15507_/A2                              0.750000    2.842199   -2.092199 (VIOLATED)
_15511_/B1                              0.750000    2.842199   -2.092199 (VIOLATED)
_15519_/A2                              0.750000    2.842199   -2.092199 (VIOLATED)
_15520_/B1                              0.750000    2.842199   -2.092199 (VIOLATED)
_15527_/B1                              0.750000    2.842199   -2.092199 (VIOLATED)
_15532_/B1                              0.750000    2.842199   -2.092199 (VIOLATED)
_15538_/B1                              0.750000    2.842199   -2.092199 (VIOLATED)
_15544_/B1                              0.750000    2.842199   -2.092199 (VIOLATED)
_15553_/B1                              0.750000    2.842199   -2.092199 (VIOLATED)
_15557_/B1                              0.750000    2.842199   -2.092199 (VIOLATED)
_15560_/B1                              0.750000    2.842199   -2.092199 (VIOLATED)
_15564_/B1                              0.750000    2.842199   -2.092199 (VIOLATED)
_15571_/B1                              0.750000    2.842199   -2.092199 (VIOLATED)
_15575_/B1                              0.750000    2.842199   -2.092199 (VIOLATED)
_15579_/B1                              0.750000    2.842199   -2.092199 (VIOLATED)
_15583_/B1                              0.750000    2.842199   -2.092199 (VIOLATED)
_15594_/B1                              0.750000    2.842199   -2.092199 (VIOLATED)
_15595_/B                               0.750000    2.842199   -2.092199 (VIOLATED)
_15602_/B1                              0.750000    2.842199   -2.092199 (VIOLATED)
_15609_/B1                              0.750000    2.842199   -2.092199 (VIOLATED)
_15613_/B1                              0.750000    2.842199   -2.092199 (VIOLATED)
_15621_/A2                              0.750000    2.842199   -2.092199 (VIOLATED)
_15623_/A2                              0.750000    2.842199   -2.092199 (VIOLATED)
_15628_/B1                              0.750000    2.842199   -2.092199 (VIOLATED)
_15646_/A2                              0.750000    2.842199   -2.092199 (VIOLATED)
_15650_/B1                              0.750000    2.842199   -2.092199 (VIOLATED)
_15654_/B1                              0.750000    2.842199   -2.092199 (VIOLATED)
_15660_/B1                              0.750000    2.842199   -2.092199 (VIOLATED)
_15665_/B1                              0.750000    2.842199   -2.092199 (VIOLATED)
_15670_/B1                              0.750000    2.842199   -2.092199 (VIOLATED)
_15678_/A2                              0.750000    2.842199   -2.092199 (VIOLATED)
_15682_/A2                              0.750000    2.842199   -2.092199 (VIOLATED)
_15688_/B1                              0.750000    2.842199   -2.092199 (VIOLATED)
_15693_/B1                              0.750000    2.842199   -2.092199 (VIOLATED)
_15698_/B1                              0.750000    2.842199   -2.092199 (VIOLATED)
_15703_/B1                              0.750000    2.842199   -2.092199 (VIOLATED)
_15710_/A2                              0.750000    2.842199   -2.092199 (VIOLATED)
_15717_/B1                              0.750000    2.842199   -2.092199 (VIOLATED)
_15720_/B1                              0.750000    2.842199   -2.092199 (VIOLATED)
_15724_/B1                              0.750000    2.842199   -2.092199 (VIOLATED)
_15730_/B1                              0.750000    2.842199   -2.092199 (VIOLATED)
_15736_/B1                              0.750000    2.842199   -2.092199 (VIOLATED)
_15742_/A2                              0.750000    2.842199   -2.092199 (VIOLATED)
_15749_/B1                              0.750000    2.842199   -2.092199 (VIOLATED)
_15753_/A2                              0.750000    2.842199   -2.092199 (VIOLATED)
_15760_/A2                              0.750000    2.842199   -2.092199 (VIOLATED)
_15761_/B1                              0.750000    2.842199   -2.092199 (VIOLATED)
_15766_/B1                              0.750000    2.842199   -2.092199 (VIOLATED)
_15776_/B1                              0.750000    2.842199   -2.092199 (VIOLATED)
_15780_/B1                              0.750000    2.842199   -2.092199 (VIOLATED)
_15786_/B1                              0.750000    2.842199   -2.092199 (VIOLATED)
_15790_/B1                              0.750000    2.842199   -2.092199 (VIOLATED)
_15799_/A2                              0.750000    2.842199   -2.092199 (VIOLATED)
_15802_/B1                              0.750000    2.842199   -2.092199 (VIOLATED)
_15810_/A2                              0.750000    2.842199   -2.092199 (VIOLATED)
_15815_/A2                              0.750000    2.842199   -2.092199 (VIOLATED)
_15830_/B1                              0.750000    2.842199   -2.092199 (VIOLATED)
_15834_/B1                              0.750000    2.842199   -2.092199 (VIOLATED)
_15839_/B1                              0.750000    2.842199   -2.092199 (VIOLATED)
_15847_/B1                              0.750000    2.842199   -2.092199 (VIOLATED)
_15851_/B1                              0.750000    2.842199   -2.092199 (VIOLATED)
_15855_/B1                              0.750000    2.842199   -2.092199 (VIOLATED)
_15863_/A2                              0.750000    2.842199   -2.092199 (VIOLATED)
_15864_/B1                              0.750000    2.842199   -2.092199 (VIOLATED)
_15873_/B1                              0.750000    2.842199   -2.092199 (VIOLATED)
_15878_/B1                              0.750000    2.842199   -2.092199 (VIOLATED)
_15886_/A2                              0.750000    2.842199   -2.092199 (VIOLATED)
_15888_/B1                              0.750000    2.842199   -2.092199 (VIOLATED)
_15894_/B1                              0.750000    2.842199   -2.092199 (VIOLATED)
_15899_/B1                              0.750000    2.842199   -2.092199 (VIOLATED)
_15906_/A2                              0.750000    2.842199   -2.092199 (VIOLATED)
_15911_/A2                              0.750000    2.842199   -2.092199 (VIOLATED)
_15918_/B1                              0.750000    2.842199   -2.092199 (VIOLATED)
_15923_/B1                              0.750000    2.842199   -2.092199 (VIOLATED)
_15929_/B1                              0.750000    2.842199   -2.092199 (VIOLATED)
_15935_/B1                              0.750000    2.842199   -2.092199 (VIOLATED)
_15940_/B1                              0.750000    2.842199   -2.092199 (VIOLATED)
_15945_/A2                              0.750000    2.842199   -2.092199 (VIOLATED)
_15947_/B1                              0.750000    2.842199   -2.092199 (VIOLATED)
_15954_/B1                              0.750000    2.842199   -2.092199 (VIOLATED)
_15963_/A2                              0.750000    2.842199   -2.092199 (VIOLATED)
_15968_/A2                              0.750000    2.842199   -2.092199 (VIOLATED)
_15973_/B1                              0.750000    2.842199   -2.092199 (VIOLATED)
_15978_/B1                              0.750000    2.842199   -2.092199 (VIOLATED)
_15985_/A2                              0.750000    2.842199   -2.092199 (VIOLATED)
_15991_/A2                              0.750000    2.842199   -2.092199 (VIOLATED)
_15995_/B1                              0.750000    2.842199   -2.092199 (VIOLATED)
_15998_/B1                              0.750000    2.842199   -2.092199 (VIOLATED)
_16017_/A2                              0.750000    2.842199   -2.092199 (VIOLATED)
_16019_/A2                              0.750000    2.842199   -2.092199 (VIOLATED)
_16026_/B1                              0.750000    2.842199   -2.092199 (VIOLATED)
_16030_/A2                              0.750000    2.842199   -2.092199 (VIOLATED)
_16036_/B1                              0.750000    2.842199   -2.092199 (VIOLATED)
_16042_/B1                              0.750000    2.842199   -2.092199 (VIOLATED)
_16045_/B1                              0.750000    2.842199   -2.092199 (VIOLATED)
_16051_/B1                              0.750000    2.842199   -2.092199 (VIOLATED)
_16058_/A2                              0.750000    2.842199   -2.092199 (VIOLATED)
_16063_/B1                              0.750000    2.842199   -2.092199 (VIOLATED)
_16071_/A2                              0.750000    2.842199   -2.092199 (VIOLATED)
_16073_/B1                              0.750000    2.842199   -2.092199 (VIOLATED)
_16078_/B1                              0.750000    2.842199   -2.092199 (VIOLATED)
_16085_/B1                              0.750000    2.842199   -2.092199 (VIOLATED)
_16089_/B1                              0.750000    2.842199   -2.092199 (VIOLATED)
_16097_/A2                              0.750000    2.842199   -2.092199 (VIOLATED)
_16104_/A2                              0.750000    2.842199   -2.092199 (VIOLATED)
_16108_/B1                              0.750000    2.842199   -2.092199 (VIOLATED)
_16113_/B1                              0.750000    2.842199   -2.092199 (VIOLATED)
_16117_/B1                              0.750000    2.842199   -2.092199 (VIOLATED)
_16122_/B1                              0.750000    2.842199   -2.092199 (VIOLATED)
_16128_/B1                              0.750000    2.842199   -2.092199 (VIOLATED)
_16132_/B1                              0.750000    2.842199   -2.092199 (VIOLATED)
_16138_/A2                              0.750000    2.842199   -2.092199 (VIOLATED)
_16144_/B1                              0.750000    2.842199   -2.092199 (VIOLATED)
_16148_/B1                              0.750000    2.842199   -2.092199 (VIOLATED)
_16157_/B1                              0.750000    2.842199   -2.092199 (VIOLATED)
_16160_/B1                              0.750000    2.842199   -2.092199 (VIOLATED)
_16164_/B1                              0.750000    2.842199   -2.092199 (VIOLATED)
_16170_/A2                              0.750000    2.842199   -2.092199 (VIOLATED)
_16175_/B1                              0.750000    2.842199   -2.092199 (VIOLATED)
_16181_/B1                              0.750000    2.842199   -2.092199 (VIOLATED)
_16194_/B1                              0.750000    2.842199   -2.092199 (VIOLATED)
_16201_/B1                              0.750000    2.842199   -2.092199 (VIOLATED)
_16205_/B1                              0.750000    2.842199   -2.092199 (VIOLATED)
_16207_/B1                              0.750000    2.842199   -2.092199 (VIOLATED)
_16214_/B1                              0.750000    2.842199   -2.092199 (VIOLATED)
_16220_/A2                              0.750000    2.842199   -2.092199 (VIOLATED)
_16225_/A2                              0.750000    2.842199   -2.092199 (VIOLATED)
_16230_/B1                              0.750000    2.842199   -2.092199 (VIOLATED)
_16235_/B1                              0.750000    2.842199   -2.092199 (VIOLATED)
_16240_/B1                              0.750000    2.842199   -2.092199 (VIOLATED)
_16247_/B1                              0.750000    2.842199   -2.092199 (VIOLATED)
_16253_/B1                              0.750000    2.842199   -2.092199 (VIOLATED)
_16259_/B1                              0.750000    2.842199   -2.092199 (VIOLATED)
_16263_/A2                              0.750000    2.842199   -2.092199 (VIOLATED)
_16267_/B1                              0.750000    2.842199   -2.092199 (VIOLATED)
_16272_/B1                              0.750000    2.842199   -2.092199 (VIOLATED)
_16282_/A2                              0.750000    2.842199   -2.092199 (VIOLATED)
_16284_/B1                              0.750000    2.842199   -2.092199 (VIOLATED)
_16290_/B1                              0.750000    2.842199   -2.092199 (VIOLATED)
_16296_/B1                              0.750000    2.842199   -2.092199 (VIOLATED)
_16304_/A2                              0.750000    2.842199   -2.092199 (VIOLATED)
_16306_/B1                              0.750000    2.842199   -2.092199 (VIOLATED)
_16311_/B1                              0.750000    2.842199   -2.092199 (VIOLATED)
_16317_/B1                              0.750000    2.842199   -2.092199 (VIOLATED)
_16325_/B1                              0.750000    2.842199   -2.092199 (VIOLATED)
_16328_/B1                              0.750000    2.842199   -2.092199 (VIOLATED)
_16337_/A2                              0.750000    2.842199   -2.092199 (VIOLATED)
_16340_/B1                              0.750000    2.842199   -2.092199 (VIOLATED)
_16346_/B1                              0.750000    2.842199   -2.092199 (VIOLATED)
_16351_/B1                              0.750000    2.842199   -2.092199 (VIOLATED)
_16358_/B1                              0.750000    2.842199   -2.092199 (VIOLATED)
_16361_/B1                              0.750000    2.842199   -2.092199 (VIOLATED)
_16381_/B1                              0.750000    2.842199   -2.092199 (VIOLATED)
_16387_/B1                              0.750000    2.842199   -2.092199 (VIOLATED)
_16391_/B1                              0.750000    2.842199   -2.092199 (VIOLATED)
_16397_/A2                              0.750000    2.842199   -2.092199 (VIOLATED)
_16400_/A2                              0.750000    2.842199   -2.092199 (VIOLATED)
_16406_/B1                              0.750000    2.842199   -2.092199 (VIOLATED)
_16414_/B1                              0.750000    2.842199   -2.092199 (VIOLATED)
_16416_/B1                              0.750000    2.842199   -2.092199 (VIOLATED)
_16424_/B1                              0.750000    2.842199   -2.092199 (VIOLATED)
_16430_/A2                              0.750000    2.842199   -2.092199 (VIOLATED)
_16433_/B1                              0.750000    2.842199   -2.092199 (VIOLATED)
_16440_/B1                              0.750000    2.842199   -2.092199 (VIOLATED)
_16443_/B1                              0.750000    2.842199   -2.092199 (VIOLATED)
_16449_/B1                              0.750000    2.842199   -2.092199 (VIOLATED)
_16456_/A2                              0.750000    2.842199   -2.092199 (VIOLATED)
_16458_/B1                              0.750000    2.842199   -2.092199 (VIOLATED)
_16466_/B1                              0.750000    2.842199   -2.092199 (VIOLATED)
_16472_/A2                              0.750000    2.842199   -2.092199 (VIOLATED)
_16475_/B1                              0.750000    2.842199   -2.092199 (VIOLATED)
_16480_/B1                              0.750000    2.842199   -2.092199 (VIOLATED)
_16488_/B1                              0.750000    2.842199   -2.092199 (VIOLATED)
_16493_/A2                              0.750000    2.842199   -2.092199 (VIOLATED)
_16497_/B1                              0.750000    2.842199   -2.092199 (VIOLATED)
_16502_/B1                              0.750000    2.842199   -2.092199 (VIOLATED)
_16512_/A2                              0.750000    2.842199   -2.092199 (VIOLATED)
_16515_/B1                              0.750000    2.842199   -2.092199 (VIOLATED)
_16522_/B1                              0.750000    2.842199   -2.092199 (VIOLATED)
_16526_/B1                              0.750000    2.842199   -2.092199 (VIOLATED)
_16533_/B1                              0.750000    2.842199   -2.092199 (VIOLATED)
_16537_/B1                              0.750000    2.842199   -2.092199 (VIOLATED)
_16543_/B1                              0.750000    2.842199   -2.092199 (VIOLATED)
_16549_/B1                              0.750000    2.842199   -2.092199 (VIOLATED)
_12881_/X                               0.750000    2.816933   -2.066933 (VIOLATED)
_12900_/C                               0.750000    2.816933   -2.066933 (VIOLATED)
_13234_/B                               0.750000    2.816933   -2.066933 (VIOLATED)
_13524_/B                               0.750000    2.816933   -2.066933 (VIOLATED)
_13838_/A                               0.750000    2.816933   -2.066933 (VIOLATED)
_14186_/B                               0.750000    2.816933   -2.066933 (VIOLATED)
_14514_/B                               0.750000    2.816933   -2.066933 (VIOLATED)
_14750_/B                               0.750000    2.816933   -2.066933 (VIOLATED)
_14841_/B                               0.750000    2.816933   -2.066933 (VIOLATED)
_15087_/B1                              0.750000    2.816933   -2.066933 (VIOLATED)
_15096_/A2                              0.750000    2.816933   -2.066933 (VIOLATED)
_15098_/A2                              0.750000    2.816933   -2.066933 (VIOLATED)
_15104_/B1                              0.750000    2.816933   -2.066933 (VIOLATED)
_15113_/A2                              0.750000    2.816933   -2.066933 (VIOLATED)
_15116_/B1                              0.750000    2.816933   -2.066933 (VIOLATED)
_15120_/B1                              0.750000    2.816933   -2.066933 (VIOLATED)
_15128_/A2                              0.750000    2.816933   -2.066933 (VIOLATED)
_15132_/B1                              0.750000    2.816933   -2.066933 (VIOLATED)
_15140_/A2                              0.750000    2.816933   -2.066933 (VIOLATED)
_15144_/A2                              0.750000    2.816933   -2.066933 (VIOLATED)
_15149_/A2                              0.750000    2.816933   -2.066933 (VIOLATED)
_15154_/A2                              0.750000    2.816933   -2.066933 (VIOLATED)
_15158_/A2                              0.750000    2.816933   -2.066933 (VIOLATED)
_15166_/A2                              0.750000    2.816933   -2.066933 (VIOLATED)
_15168_/B1                              0.750000    2.816933   -2.066933 (VIOLATED)
_15180_/B1                              0.750000    2.816933   -2.066933 (VIOLATED)
_15181_/B                               0.750000    2.816933   -2.066933 (VIOLATED)
_15188_/B1                              0.750000    2.816933   -2.066933 (VIOLATED)
_15194_/A2                              0.750000    2.816933   -2.066933 (VIOLATED)
_15199_/B1                              0.750000    2.816933   -2.066933 (VIOLATED)
_15203_/A2                              0.750000    2.816933   -2.066933 (VIOLATED)
_15211_/A2                              0.750000    2.816933   -2.066933 (VIOLATED)
_15212_/A2                              0.750000    2.816933   -2.066933 (VIOLATED)
_15222_/A2                              0.750000    2.816933   -2.066933 (VIOLATED)
_15224_/B                               0.750000    2.816933   -2.066933 (VIOLATED)
_15232_/A2                              0.750000    2.816933   -2.066933 (VIOLATED)
_15236_/B1                              0.750000    2.816933   -2.066933 (VIOLATED)
_15243_/B1                              0.750000    2.816933   -2.066933 (VIOLATED)
_15246_/A2                              0.750000    2.816933   -2.066933 (VIOLATED)
_15254_/A2                              0.750000    2.816933   -2.066933 (VIOLATED)
_15256_/B1                              0.750000    2.816933   -2.066933 (VIOLATED)
_15277_/A2                              0.750000    2.816933   -2.066933 (VIOLATED)
_15283_/A2                              0.750000    2.816933   -2.066933 (VIOLATED)
_15290_/A2                              0.750000    2.816933   -2.066933 (VIOLATED)
_15292_/B1                              0.750000    2.816933   -2.066933 (VIOLATED)
_15299_/B1                              0.750000    2.816933   -2.066933 (VIOLATED)
_15304_/B1                              0.750000    2.816933   -2.066933 (VIOLATED)
_15308_/A2                              0.750000    2.816933   -2.066933 (VIOLATED)
_15312_/B1                              0.750000    2.816933   -2.066933 (VIOLATED)
_15319_/B1                              0.750000    2.816933   -2.066933 (VIOLATED)
_15325_/B1                              0.750000    2.816933   -2.066933 (VIOLATED)
_15331_/B1                              0.750000    2.816933   -2.066933 (VIOLATED)
_15337_/A2                              0.750000    2.816933   -2.066933 (VIOLATED)
_15341_/B1                              0.750000    2.816933   -2.066933 (VIOLATED)
_15347_/A2                              0.750000    2.816933   -2.066933 (VIOLATED)
_15354_/A2                              0.750000    2.816933   -2.066933 (VIOLATED)
_15355_/B                               0.750000    2.816933   -2.066933 (VIOLATED)
_15367_/A2                              0.750000    2.816933   -2.066933 (VIOLATED)
_15372_/A2                              0.750000    2.816933   -2.066933 (VIOLATED)
_15377_/A2                              0.750000    2.816933   -2.066933 (VIOLATED)
_15380_/A2                              0.750000    2.816933   -2.066933 (VIOLATED)
_15388_/A2                              0.750000    2.816933   -2.066933 (VIOLATED)
_15390_/B1                              0.750000    2.816933   -2.066933 (VIOLATED)
_15395_/A2                              0.750000    2.816933   -2.066933 (VIOLATED)
_15402_/B1                              0.750000    2.816933   -2.066933 (VIOLATED)
_15408_/A2                              0.750000    2.816933   -2.066933 (VIOLATED)
_15412_/B1                              0.750000    2.816933   -2.066933 (VIOLATED)
_15418_/A2                              0.750000    2.816933   -2.066933 (VIOLATED)
_15423_/B1                              0.750000    2.816933   -2.066933 (VIOLATED)
_15427_/A2                              0.750000    2.816933   -2.066933 (VIOLATED)
_15432_/B1                              0.750000    2.816933   -2.066933 (VIOLATED)
_15441_/A2                              0.750000    2.816933   -2.066933 (VIOLATED)
_15447_/A2                              0.750000    2.816933   -2.066933 (VIOLATED)
_15460_/A2                              0.750000    2.816933   -2.066933 (VIOLATED)
_15467_/A2                              0.750000    2.816933   -2.066933 (VIOLATED)
_15472_/B1                              0.750000    2.816933   -2.066933 (VIOLATED)
_15476_/B1                              0.750000    2.816933   -2.066933 (VIOLATED)
_15483_/B1                              0.750000    2.816933   -2.066933 (VIOLATED)
_15487_/B1                              0.750000    2.816933   -2.066933 (VIOLATED)
_15493_/A2                              0.750000    2.816933   -2.066933 (VIOLATED)
_15498_/B1                              0.750000    2.816933   -2.066933 (VIOLATED)
_15506_/B1                              0.750000    2.816933   -2.066933 (VIOLATED)
_15511_/A2                              0.750000    2.816933   -2.066933 (VIOLATED)
_15518_/A2                              0.750000    2.816933   -2.066933 (VIOLATED)
_15522_/B1                              0.750000    2.816933   -2.066933 (VIOLATED)
_15526_/A2                              0.750000    2.816933   -2.066933 (VIOLATED)
_15534_/A2                              0.750000    2.816933   -2.066933 (VIOLATED)
_15539_/B1                              0.750000    2.816933   -2.066933 (VIOLATED)
_15544_/A2                              0.750000    2.816933   -2.066933 (VIOLATED)
_15551_/B1                              0.750000    2.816933   -2.066933 (VIOLATED)
_15558_/A2                              0.750000    2.816933   -2.066933 (VIOLATED)
_15562_/B1                              0.750000    2.816933   -2.066933 (VIOLATED)
_15565_/A2                              0.750000    2.816933   -2.066933 (VIOLATED)
_15571_/A2                              0.750000    2.816933   -2.066933 (VIOLATED)
_15573_/A2                              0.750000    2.816933   -2.066933 (VIOLATED)
_15577_/A2                              0.750000    2.816933   -2.066933 (VIOLATED)
_15583_/A2                              0.750000    2.816933   -2.066933 (VIOLATED)
_15592_/B1                              0.750000    2.816933   -2.066933 (VIOLATED)
_15598_/B1                              0.750000    2.816933   -2.066933 (VIOLATED)
_15604_/B1                              0.750000    2.816933   -2.066933 (VIOLATED)
_15609_/A2                              0.750000    2.816933   -2.066933 (VIOLATED)
_15612_/B1                              0.750000    2.816933   -2.066933 (VIOLATED)
_15622_/A2                              0.750000    2.816933   -2.066933 (VIOLATED)
_15625_/B1                              0.750000    2.816933   -2.066933 (VIOLATED)
_15628_/A2                              0.750000    2.816933   -2.066933 (VIOLATED)
_15642_/A2                              0.750000    2.816933   -2.066933 (VIOLATED)
_15647_/B                               0.750000    2.816933   -2.066933 (VIOLATED)
_15654_/A2                              0.750000    2.816933   -2.066933 (VIOLATED)
_15659_/B1                              0.750000    2.816933   -2.066933 (VIOLATED)
_15668_/A2                              0.750000    2.816933   -2.066933 (VIOLATED)
_15669_/A2                              0.750000    2.816933   -2.066933 (VIOLATED)
_15676_/B1                              0.750000    2.816933   -2.066933 (VIOLATED)
_15681_/B1                              0.750000    2.816933   -2.066933 (VIOLATED)
_15689_/B1                              0.750000    2.816933   -2.066933 (VIOLATED)
_15694_/B1                              0.750000    2.816933   -2.066933 (VIOLATED)
_15698_/A2                              0.750000    2.816933   -2.066933 (VIOLATED)
_15705_/B1                              0.750000    2.816933   -2.066933 (VIOLATED)
_15709_/B1                              0.750000    2.816933   -2.066933 (VIOLATED)
_15716_/B1                              0.750000    2.816933   -2.066933 (VIOLATED)
_15722_/A2                              0.750000    2.816933   -2.066933 (VIOLATED)
_15726_/B1                              0.750000    2.816933   -2.066933 (VIOLATED)
_15731_/B1                              0.750000    2.816933   -2.066933 (VIOLATED)
_15735_/B                               0.750000    2.816933   -2.066933 (VIOLATED)
_15743_/B1                              0.750000    2.816933   -2.066933 (VIOLATED)
_15748_/A2                              0.750000    2.816933   -2.066933 (VIOLATED)
_15752_/B1                              0.750000    2.816933   -2.066933 (VIOLATED)
_15757_/B1                              0.750000    2.816933   -2.066933 (VIOLATED)
_15765_/A2                              0.750000    2.816933   -2.066933 (VIOLATED)
_15768_/B1                              0.750000    2.816933   -2.066933 (VIOLATED)
_15776_/A2                              0.750000    2.816933   -2.066933 (VIOLATED)
_15780_/A2                              0.750000    2.816933   -2.066933 (VIOLATED)
_15788_/A2                              0.750000    2.816933   -2.066933 (VIOLATED)
_15791_/A2                              0.750000    2.816933   -2.066933 (VIOLATED)
_15796_/B1                              0.750000    2.816933   -2.066933 (VIOLATED)
_15804_/A2                              0.750000    2.816933   -2.066933 (VIOLATED)
_15808_/B1                              0.750000    2.816933   -2.066933 (VIOLATED)
_15814_/B1                              0.750000    2.816933   -2.066933 (VIOLATED)
_15831_/B1                              0.750000    2.816933   -2.066933 (VIOLATED)
_15833_/A2                              0.750000    2.816933   -2.066933 (VIOLATED)
_15842_/B1                              0.750000    2.816933   -2.066933 (VIOLATED)
_15845_/B1                              0.750000    2.816933   -2.066933 (VIOLATED)
_15851_/A2                              0.750000    2.816933   -2.066933 (VIOLATED)
_15857_/A2                              0.750000    2.816933   -2.066933 (VIOLATED)
_15861_/A2                              0.750000    2.816933   -2.066933 (VIOLATED)
_15866_/B1                              0.750000    2.816933   -2.066933 (VIOLATED)
_15875_/A2                              0.750000    2.816933   -2.066933 (VIOLATED)
_15878_/A2                              0.750000    2.816933   -2.066933 (VIOLATED)
_15884_/B1                              0.750000    2.816933   -2.066933 (VIOLATED)
_15887_/B1                              0.750000    2.816933   -2.066933 (VIOLATED)
_15893_/A2                              0.750000    2.816933   -2.066933 (VIOLATED)
_15898_/B1                              0.750000    2.816933   -2.066933 (VIOLATED)
_15904_/B1                              0.750000    2.816933   -2.066933 (VIOLATED)
_15910_/B1                              0.750000    2.816933   -2.066933 (VIOLATED)
_15919_/B1                              0.750000    2.816933   -2.066933 (VIOLATED)
_15922_/B1                              0.750000    2.816933   -2.066933 (VIOLATED)
_15927_/A2                              0.750000    2.816933   -2.066933 (VIOLATED)
_15934_/A2                              0.750000    2.816933   -2.066933 (VIOLATED)
_15940_/A2                              0.750000    2.816933   -2.066933 (VIOLATED)
_15942_/B1                              0.750000    2.816933   -2.066933 (VIOLATED)
_15948_/B1                              0.750000    2.816933   -2.066933 (VIOLATED)
_15954_/A2                              0.750000    2.816933   -2.066933 (VIOLATED)
_15962_/A2                              0.750000    2.816933   -2.066933 (VIOLATED)
_15969_/A2                              0.750000    2.816933   -2.066933 (VIOLATED)
_15974_/A2                              0.750000    2.816933   -2.066933 (VIOLATED)
_15976_/B1                              0.750000    2.816933   -2.066933 (VIOLATED)
_15983_/B1                              0.750000    2.816933   -2.066933 (VIOLATED)
_15988_/B1                              0.750000    2.816933   -2.066933 (VIOLATED)
_15993_/B1                              0.750000    2.816933   -2.066933 (VIOLATED)
_15998_/A2                              0.750000    2.816933   -2.066933 (VIOLATED)
_16013_/B                               0.750000    2.816933   -2.066933 (VIOLATED)
_16022_/A2                              0.750000    2.816933   -2.066933 (VIOLATED)
_16024_/B1                              0.750000    2.816933   -2.066933 (VIOLATED)
_16031_/B1                              0.750000    2.816933   -2.066933 (VIOLATED)
_16037_/A2                              0.750000    2.816933   -2.066933 (VIOLATED)
_16041_/B1                              0.750000    2.816933   -2.066933 (VIOLATED)
_16047_/A2                              0.750000    2.816933   -2.066933 (VIOLATED)
_16049_/B1                              0.750000    2.816933   -2.066933 (VIOLATED)
_16060_/A2                              0.750000    2.816933   -2.066933 (VIOLATED)
_16061_/B                               0.750000    2.816933   -2.066933 (VIOLATED)
_16067_/B1                              0.750000    2.816933   -2.066933 (VIOLATED)
_16073_/A2                              0.750000    2.816933   -2.066933 (VIOLATED)
_16080_/B1                              0.750000    2.816933   -2.066933 (VIOLATED)
_16083_/B1                              0.750000    2.816933   -2.066933 (VIOLATED)
_16088_/B1                              0.750000    2.816933   -2.066933 (VIOLATED)
_16093_/B1                              0.750000    2.816933   -2.066933 (VIOLATED)
_16105_/B1                              0.750000    2.816933   -2.066933 (VIOLATED)
_16108_/A2                              0.750000    2.816933   -2.066933 (VIOLATED)
_16113_/A2                              0.750000    2.816933   -2.066933 (VIOLATED)
_16119_/A2                              0.750000    2.816933   -2.066933 (VIOLATED)
_16124_/B1                              0.750000    2.816933   -2.066933 (VIOLATED)
_16127_/A2                              0.750000    2.816933   -2.066933 (VIOLATED)
_16133_/B1                              0.750000    2.816933   -2.066933 (VIOLATED)
_16139_/A2                              0.750000    2.816933   -2.066933 (VIOLATED)
_16146_/A2                              0.750000    2.816933   -2.066933 (VIOLATED)
_16148_/A2                              0.750000    2.816933   -2.066933 (VIOLATED)
_16154_/A2                              0.750000    2.816933   -2.066933 (VIOLATED)
_16160_/A2                              0.750000    2.816933   -2.066933 (VIOLATED)
_16166_/B1                              0.750000    2.816933   -2.066933 (VIOLATED)
_16172_/A2                              0.750000    2.816933   -2.066933 (VIOLATED)
_16174_/B                               0.750000    2.816933   -2.066933 (VIOLATED)
_16182_/A2                              0.750000    2.816933   -2.066933 (VIOLATED)
_16193_/A2                              0.750000    2.816933   -2.066933 (VIOLATED)
_16200_/B1                              0.750000    2.816933   -2.066933 (VIOLATED)
_16203_/A2                              0.750000    2.816933   -2.066933 (VIOLATED)
_16207_/A2                              0.750000    2.816933   -2.066933 (VIOLATED)
_16212_/B1                              0.750000    2.816933   -2.066933 (VIOLATED)
_16217_/B1                              0.750000    2.816933   -2.066933 (VIOLATED)
_16223_/B1                              0.750000    2.816933   -2.066933 (VIOLATED)
_16229_/B1                              0.750000    2.816933   -2.066933 (VIOLATED)
_16237_/B1                              0.750000    2.816933   -2.066933 (VIOLATED)
_16239_/B1                              0.750000    2.816933   -2.066933 (VIOLATED)
_16248_/B1                              0.750000    2.816933   -2.066933 (VIOLATED)
_16252_/A2                              0.750000    2.816933   -2.066933 (VIOLATED)
_16259_/A2                              0.750000    2.816933   -2.066933 (VIOLATED)
_16265_/A2                              0.750000    2.816933   -2.066933 (VIOLATED)
_16266_/A2                              0.750000    2.816933   -2.066933 (VIOLATED)
_16274_/B1                              0.750000    2.816933   -2.066933 (VIOLATED)
_16279_/B1                              0.750000    2.816933   -2.066933 (VIOLATED)
_16287_/A2                              0.750000    2.816933   -2.066933 (VIOLATED)
_16291_/B1                              0.750000    2.816933   -2.066933 (VIOLATED)
_16296_/A2                              0.750000    2.816933   -2.066933 (VIOLATED)
_16303_/A2                              0.750000    2.816933   -2.066933 (VIOLATED)
_16305_/A2                              0.750000    2.816933   -2.066933 (VIOLATED)
_16313_/B1                              0.750000    2.816933   -2.066933 (VIOLATED)
_16316_/B1                              0.750000    2.816933   -2.066933 (VIOLATED)
_16323_/B1                              0.750000    2.816933   -2.066933 (VIOLATED)
_16329_/A2                              0.750000    2.816933   -2.066933 (VIOLATED)
_16334_/A2                              0.750000    2.816933   -2.066933 (VIOLATED)
_16341_/B1                              0.750000    2.816933   -2.066933 (VIOLATED)
_16345_/B1                              0.750000    2.816933   -2.066933 (VIOLATED)
_16352_/B1                              0.750000    2.816933   -2.066933 (VIOLATED)
_16357_/B1                              0.750000    2.816933   -2.066933 (VIOLATED)
_16363_/A2                              0.750000    2.816933   -2.066933 (VIOLATED)
_16380_/B1                              0.750000    2.816933   -2.066933 (VIOLATED)
_16383_/B                               0.750000    2.816933   -2.066933 (VIOLATED)
_16391_/A2                              0.750000    2.816933   -2.066933 (VIOLATED)
_16393_/A2                              0.750000    2.816933   -2.066933 (VIOLATED)
_16401_/B1                              0.750000    2.816933   -2.066933 (VIOLATED)
_16405_/A2                              0.750000    2.816933   -2.066933 (VIOLATED)
_16412_/A2                              0.750000    2.816933   -2.066933 (VIOLATED)
_16419_/A2                              0.750000    2.816933   -2.066933 (VIOLATED)
_16424_/A2                              0.750000    2.816933   -2.066933 (VIOLATED)
_16428_/A2                              0.750000    2.816933   -2.066933 (VIOLATED)
_16435_/B1                              0.750000    2.816933   -2.066933 (VIOLATED)
_16439_/B1                              0.750000    2.816933   -2.066933 (VIOLATED)
_16445_/A2                              0.750000    2.816933   -2.066933 (VIOLATED)
_16448_/B1                              0.750000    2.816933   -2.066933 (VIOLATED)
_16457_/A2                              0.750000    2.816933   -2.066933 (VIOLATED)
_16459_/A2                              0.750000    2.816933   -2.066933 (VIOLATED)
_16465_/A2                              0.750000    2.816933   -2.066933 (VIOLATED)
_16473_/A2                              0.750000    2.816933   -2.066933 (VIOLATED)
_16475_/A2                              0.750000    2.816933   -2.066933 (VIOLATED)
_16480_/A2                              0.750000    2.816933   -2.066933 (VIOLATED)
_16488_/A2                              0.750000    2.816933   -2.066933 (VIOLATED)
_16495_/B1                              0.750000    2.816933   -2.066933 (VIOLATED)
_16500_/B1                              0.750000    2.816933   -2.066933 (VIOLATED)
_16502_/A2                              0.750000    2.816933   -2.066933 (VIOLATED)
_16509_/A2                              0.750000    2.816933   -2.066933 (VIOLATED)
_16515_/A2                              0.750000    2.816933   -2.066933 (VIOLATED)
_16523_/A2                              0.750000    2.816933   -2.066933 (VIOLATED)
_16524_/B1                              0.750000    2.816933   -2.066933 (VIOLATED)
_16531_/B1                              0.750000    2.816933   -2.066933 (VIOLATED)
_16536_/A2                              0.750000    2.816933   -2.066933 (VIOLATED)
_16541_/B1                              0.750000    2.816933   -2.066933 (VIOLATED)
_16549_/A2                              0.750000    2.816933   -2.066933 (VIOLATED)
_11801_/Y                               0.750000    2.671802   -1.921802 (VIOLATED)
_11802_/C_N                             0.750000    2.671802   -1.921802 (VIOLATED)
_11811_/A2                              0.750000    2.671802   -1.921802 (VIOLATED)
_11812_/A2                              0.750000    2.671802   -1.921802 (VIOLATED)
_11821_/A2                              0.750000    2.671802   -1.921802 (VIOLATED)
_11830_/A2                              0.750000    2.671802   -1.921802 (VIOLATED)
_11838_/A2                              0.750000    2.671802   -1.921802 (VIOLATED)
_11839_/A2                              0.750000    2.671802   -1.921802 (VIOLATED)
_11849_/A2                              0.750000    2.671802   -1.921802 (VIOLATED)
_11850_/A2                              0.750000    2.671802   -1.921802 (VIOLATED)
_11860_/A2                              0.750000    2.671802   -1.921802 (VIOLATED)
_11869_/A2                              0.750000    2.671802   -1.921802 (VIOLATED)
_11870_/A2                              0.750000    2.671802   -1.921802 (VIOLATED)
_11879_/A2                              0.750000    2.671802   -1.921802 (VIOLATED)
_11888_/A2                              0.750000    2.671802   -1.921802 (VIOLATED)
_11889_/A2                              0.750000    2.671802   -1.921802 (VIOLATED)
_11902_/A2                              0.750000    2.671802   -1.921802 (VIOLATED)
_11910_/A2                              0.750000    2.671802   -1.921802 (VIOLATED)
_11911_/A2                              0.750000    2.671802   -1.921802 (VIOLATED)
_11921_/A2                              0.750000    2.671802   -1.921802 (VIOLATED)
_11930_/A2                              0.750000    2.671802   -1.921802 (VIOLATED)
_11936_/A2                              0.750000    2.671802   -1.921802 (VIOLATED)
_11937_/A2                              0.750000    2.671802   -1.921802 (VIOLATED)
_11949_/A2                              0.750000    2.671802   -1.921802 (VIOLATED)
_11956_/A2                              0.750000    2.671802   -1.921802 (VIOLATED)
_11957_/A2                              0.750000    2.671802   -1.921802 (VIOLATED)
_11969_/A2                              0.750000    2.671802   -1.921802 (VIOLATED)
_11970_/A2                              0.750000    2.671802   -1.921802 (VIOLATED)
_11978_/A2                              0.750000    2.671802   -1.921802 (VIOLATED)
_11988_/A2                              0.750000    2.671802   -1.921802 (VIOLATED)
_11996_/A2                              0.750000    2.671802   -1.921802 (VIOLATED)
_11997_/A2                              0.750000    2.671802   -1.921802 (VIOLATED)
_12006_/A2                              0.750000    2.671802   -1.921802 (VIOLATED)
_12015_/B2                              0.750000    2.671802   -1.921802 (VIOLATED)
_12025_/A2                              0.750000    2.671802   -1.921802 (VIOLATED)
_12032_/A2                              0.750000    2.671802   -1.921802 (VIOLATED)
_12033_/A2                              0.750000    2.671802   -1.921802 (VIOLATED)
_12043_/A2                              0.750000    2.671802   -1.921802 (VIOLATED)
_12044_/A2                              0.750000    2.671802   -1.921802 (VIOLATED)
_12054_/A2                              0.750000    2.671802   -1.921802 (VIOLATED)
_12062_/A2                              0.750000    2.671802   -1.921802 (VIOLATED)
_12069_/A2                              0.750000    2.671802   -1.921802 (VIOLATED)
_12070_/A2                              0.750000    2.671802   -1.921802 (VIOLATED)
_12081_/A2                              0.750000    2.671802   -1.921802 (VIOLATED)
_12082_/A2                              0.750000    2.671802   -1.921802 (VIOLATED)
_12091_/A2                              0.750000    2.671802   -1.921802 (VIOLATED)
_12099_/A2                              0.750000    2.671802   -1.921802 (VIOLATED)
_12100_/A2                              0.750000    2.671802   -1.921802 (VIOLATED)
_12110_/A2                              0.750000    2.671802   -1.921802 (VIOLATED)
_12120_/A2                              0.750000    2.671802   -1.921802 (VIOLATED)
_12128_/A2                              0.750000    2.671802   -1.921802 (VIOLATED)
_12129_/A2                              0.750000    2.671802   -1.921802 (VIOLATED)
_12138_/A2                              0.750000    2.671802   -1.921802 (VIOLATED)
_12146_/A2                              0.750000    2.671802   -1.921802 (VIOLATED)
_12147_/A2                              0.750000    2.671802   -1.921802 (VIOLATED)
_12156_/A2                              0.750000    2.671802   -1.921802 (VIOLATED)
_12157_/A2                              0.750000    2.671802   -1.921802 (VIOLATED)
_12165_/A2                              0.750000    2.671802   -1.921802 (VIOLATED)
_12174_/A2                              0.750000    2.671802   -1.921802 (VIOLATED)
_12175_/A2                              0.750000    2.671802   -1.921802 (VIOLATED)
_12183_/A2                              0.750000    2.671802   -1.921802 (VIOLATED)
_12193_/A2                              0.750000    2.671802   -1.921802 (VIOLATED)
_12194_/A2                              0.750000    2.671802   -1.921802 (VIOLATED)
_12204_/A2                              0.750000    2.671802   -1.921802 (VIOLATED)
_12212_/A2                              0.750000    2.671802   -1.921802 (VIOLATED)
_12220_/A2                              0.750000    2.671802   -1.921802 (VIOLATED)
_12221_/A2                              0.750000    2.671802   -1.921802 (VIOLATED)
_12230_/A2                              0.750000    2.671802   -1.921802 (VIOLATED)
_12231_/A2                              0.750000    2.671802   -1.921802 (VIOLATED)
_12241_/A2                              0.750000    2.671802   -1.921802 (VIOLATED)
_12250_/A2                              0.750000    2.671802   -1.921802 (VIOLATED)
_12251_/A2                              0.750000    2.671802   -1.921802 (VIOLATED)
_12259_/A2                              0.750000    2.671802   -1.921802 (VIOLATED)
_12268_/A2                              0.750000    2.671802   -1.921802 (VIOLATED)
_12269_/A2                              0.750000    2.671802   -1.921802 (VIOLATED)
_12279_/A2                              0.750000    2.671802   -1.921802 (VIOLATED)
_12288_/A2                              0.750000    2.671802   -1.921802 (VIOLATED)
_12295_/A2                              0.750000    2.671802   -1.921802 (VIOLATED)
_12296_/A2                              0.750000    2.671802   -1.921802 (VIOLATED)
_12305_/A2                              0.750000    2.671802   -1.921802 (VIOLATED)
_12306_/A2                              0.750000    2.671802   -1.921802 (VIOLATED)
_12316_/A2                              0.750000    2.671802   -1.921802 (VIOLATED)
_12325_/A2                              0.750000    2.671802   -1.921802 (VIOLATED)
_12326_/A2                              0.750000    2.671802   -1.921802 (VIOLATED)
_12334_/A2                              0.750000    2.671802   -1.921802 (VIOLATED)
_12345_/A2                              0.750000    2.671802   -1.921802 (VIOLATED)
_12352_/A2                              0.750000    2.671802   -1.921802 (VIOLATED)
_12353_/A2                              0.750000    2.671802   -1.921802 (VIOLATED)
_12363_/A2                              0.750000    2.671802   -1.921802 (VIOLATED)
_12364_/A2                              0.750000    2.671802   -1.921802 (VIOLATED)
_12374_/A2                              0.750000    2.671802   -1.921802 (VIOLATED)
_12382_/A2                              0.750000    2.671802   -1.921802 (VIOLATED)
_12383_/A2                              0.750000    2.671802   -1.921802 (VIOLATED)
_12393_/A2                              0.750000    2.671802   -1.921802 (VIOLATED)
_12400_/A2                              0.750000    2.671802   -1.921802 (VIOLATED)
_12401_/A2                              0.750000    2.671802   -1.921802 (VIOLATED)
_12410_/A2                              0.750000    2.671802   -1.921802 (VIOLATED)
_12919_/Y                               0.750000    2.481719   -1.731719 (VIOLATED)
_12938_/C                               0.750000    2.481719   -1.731719 (VIOLATED)
_13270_/B                               0.750000    2.481719   -1.731719 (VIOLATED)
_13597_/B                               0.750000    2.481719   -1.731719 (VIOLATED)
_13875_/A                               0.750000    2.481719   -1.731719 (VIOLATED)
_14222_/B                               0.750000    2.481719   -1.731719 (VIOLATED)
_14550_/B                               0.750000    2.481719   -1.731719 (VIOLATED)
_14877_/B                               0.750000    2.481719   -1.731719 (VIOLATED)
_14931_/B                               0.750000    2.481719   -1.731719 (VIOLATED)
_15091_/A2                              0.750000    2.481719   -1.731719 (VIOLATED)
_15094_/B1                              0.750000    2.481719   -1.731719 (VIOLATED)
_15098_/B1                              0.750000    2.481719   -1.731719 (VIOLATED)
_15107_/A2                              0.750000    2.481719   -1.731719 (VIOLATED)
_15109_/B1                              0.750000    2.481719   -1.731719 (VIOLATED)
_15115_/A2                              0.750000    2.481719   -1.731719 (VIOLATED)
_15121_/A2                              0.750000    2.481719   -1.731719 (VIOLATED)
_15125_/A2                              0.750000    2.481719   -1.731719 (VIOLATED)
_15134_/A2                              0.750000    2.481719   -1.731719 (VIOLATED)
_15137_/B1                              0.750000    2.481719   -1.731719 (VIOLATED)
_15144_/B1                              0.750000    2.481719   -1.731719 (VIOLATED)
_15148_/B1                              0.750000    2.481719   -1.731719 (VIOLATED)
_15153_/B1                              0.750000    2.481719   -1.731719 (VIOLATED)
_15159_/B1                              0.750000    2.481719   -1.731719 (VIOLATED)
_15164_/B1                              0.750000    2.481719   -1.731719 (VIOLATED)
_15172_/A2                              0.750000    2.481719   -1.731719 (VIOLATED)
_15178_/B1                              0.750000    2.481719   -1.731719 (VIOLATED)
_15182_/A2                              0.750000    2.481719   -1.731719 (VIOLATED)
_15190_/B1                              0.750000    2.481719   -1.731719 (VIOLATED)
_15194_/B1                              0.750000    2.481719   -1.731719 (VIOLATED)
_15197_/A2                              0.750000    2.481719   -1.731719 (VIOLATED)
_15204_/B1                              0.750000    2.481719   -1.731719 (VIOLATED)
_15207_/A2                              0.750000    2.481719   -1.731719 (VIOLATED)
_15212_/B1                              0.750000    2.481719   -1.731719 (VIOLATED)
_15222_/B1                              0.750000    2.481719   -1.731719 (VIOLATED)
_15225_/A2                              0.750000    2.481719   -1.731719 (VIOLATED)
_15233_/B1                              0.750000    2.481719   -1.731719 (VIOLATED)
_15237_/B1                              0.750000    2.481719   -1.731719 (VIOLATED)
_15240_/B1                              0.750000    2.481719   -1.731719 (VIOLATED)
_15245_/B1                              0.750000    2.481719   -1.731719 (VIOLATED)
_15252_/B1                              0.750000    2.481719   -1.731719 (VIOLATED)
_15257_/A2                              0.750000    2.481719   -1.731719 (VIOLATED)
_15278_/A2                              0.750000    2.481719   -1.731719 (VIOLATED)
_15285_/B1                              0.750000    2.481719   -1.731719 (VIOLATED)
_15287_/A2                              0.750000    2.481719   -1.731719 (VIOLATED)
_15294_/B1                              0.750000    2.481719   -1.731719 (VIOLATED)
_15298_/A2                              0.750000    2.481719   -1.731719 (VIOLATED)
_15302_/B1                              0.750000    2.481719   -1.731719 (VIOLATED)
_15306_/B1                              0.750000    2.481719   -1.731719 (VIOLATED)
_15314_/B1                              0.750000    2.481719   -1.731719 (VIOLATED)
_15321_/A2                              0.750000    2.481719   -1.731719 (VIOLATED)
_15326_/A2                              0.750000    2.481719   -1.731719 (VIOLATED)
_15333_/A2                              0.750000    2.481719   -1.731719 (VIOLATED)
_15335_/B1                              0.750000    2.481719   -1.731719 (VIOLATED)
_15340_/B1                              0.750000    2.481719   -1.731719 (VIOLATED)
_15345_/A2                              0.750000    2.481719   -1.731719 (VIOLATED)
_15350_/B1                              0.750000    2.481719   -1.731719 (VIOLATED)
_15356_/B1                              0.750000    2.481719   -1.731719 (VIOLATED)
_15365_/B1                              0.750000    2.481719   -1.731719 (VIOLATED)
_15368_/B                               0.750000    2.481719   -1.731719 (VIOLATED)
_15374_/B1                              0.750000    2.481719   -1.731719 (VIOLATED)
_15381_/A2                              0.750000    2.481719   -1.731719 (VIOLATED)
_15386_/B1                              0.750000    2.481719   -1.731719 (VIOLATED)
_15392_/B1                              0.750000    2.481719   -1.731719 (VIOLATED)
_15398_/B1                              0.750000    2.481719   -1.731719 (VIOLATED)
_15400_/A2                              0.750000    2.481719   -1.731719 (VIOLATED)
_15405_/B1                              0.750000    2.481719   -1.731719 (VIOLATED)
_15411_/A2                              0.750000    2.481719   -1.731719 (VIOLATED)
_15419_/A2                              0.750000    2.481719   -1.731719 (VIOLATED)
_15422_/B1                              0.750000    2.481719   -1.731719 (VIOLATED)
_15427_/B1                              0.750000    2.481719   -1.731719 (VIOLATED)
_15436_/A2                              0.750000    2.481719   -1.731719 (VIOLATED)
_15442_/A2                              0.750000    2.481719   -1.731719 (VIOLATED)
_15446_/A2                              0.750000    2.481719   -1.731719 (VIOLATED)
_15460_/B1                              0.750000    2.481719   -1.731719 (VIOLATED)
_15465_/B1                              0.750000    2.481719   -1.731719 (VIOLATED)
_15471_/B1                              0.750000    2.481719   -1.731719 (VIOLATED)
_15479_/B1                              0.750000    2.481719   -1.731719 (VIOLATED)
_15484_/B1                              0.750000    2.481719   -1.731719 (VIOLATED)
_15488_/B1                              0.750000    2.481719   -1.731719 (VIOLATED)
_15494_/A2                              0.750000    2.481719   -1.731719 (VIOLATED)
_15500_/A2                              0.750000    2.481719   -1.731719 (VIOLATED)
_15505_/B1                              0.750000    2.481719   -1.731719 (VIOLATED)
_15512_/A2                              0.750000    2.481719   -1.731719 (VIOLATED)
_15517_/A2                              0.750000    2.481719   -1.731719 (VIOLATED)
_15521_/B1                              0.750000    2.481719   -1.731719 (VIOLATED)
_15526_/B1                              0.750000    2.481719   -1.731719 (VIOLATED)
_15535_/A2                              0.750000    2.481719   -1.731719 (VIOLATED)
_15538_/A2                              0.750000    2.481719   -1.731719 (VIOLATED)
_15546_/A2                              0.750000    2.481719   -1.731719 (VIOLATED)
_15552_/A2                              0.750000    2.481719   -1.731719 (VIOLATED)
_15558_/B1                              0.750000    2.481719   -1.731719 (VIOLATED)
_15559_/A2                              0.750000    2.481719   -1.731719 (VIOLATED)
_15567_/B1                              0.750000    2.481719   -1.731719 (VIOLATED)
_15569_/B1                              0.750000    2.481719   -1.731719 (VIOLATED)
_15576_/B1                              0.750000    2.481719   -1.731719 (VIOLATED)
_15577_/B1                              0.750000    2.481719   -1.731719 (VIOLATED)
_15584_/B1                              0.750000    2.481719   -1.731719 (VIOLATED)
_15594_/A2                              0.750000    2.481719   -1.731719 (VIOLATED)
_15597_/B1                              0.750000    2.481719   -1.731719 (VIOLATED)
_15605_/A2                              0.750000    2.481719   -1.731719 (VIOLATED)
_15610_/A2                              0.750000    2.481719   -1.731719 (VIOLATED)
_15611_/B1                              0.750000    2.481719   -1.731719 (VIOLATED)
_15618_/B1                              0.750000    2.481719   -1.731719 (VIOLATED)
_15624_/B1                              0.750000    2.481719   -1.731719 (VIOLATED)
_15630_/B1                              0.750000    2.481719   -1.731719 (VIOLATED)
_15642_/B1                              0.750000    2.481719   -1.731719 (VIOLATED)
_15648_/B1                              0.750000    2.481719   -1.731719 (VIOLATED)
_15656_/A2                              0.750000    2.481719   -1.731719 (VIOLATED)
_15661_/A2                              0.750000    2.481719   -1.731719 (VIOLATED)
_15664_/B1                              0.750000    2.481719   -1.731719 (VIOLATED)
_15669_/B1                              0.750000    2.481719   -1.731719 (VIOLATED)
_15679_/A2                              0.750000    2.481719   -1.731719 (VIOLATED)
_15680_/B1                              0.750000    2.481719   -1.731719 (VIOLATED)
_15687_/B1                              0.750000    2.481719   -1.731719 (VIOLATED)
_15695_/A2                              0.750000    2.481719   -1.731719 (VIOLATED)
_15700_/B1                              0.750000    2.481719   -1.731719 (VIOLATED)
_15704_/B1                              0.750000    2.481719   -1.731719 (VIOLATED)
_15711_/B1                              0.750000    2.481719   -1.731719 (VIOLATED)
_15714_/B1                              0.750000    2.481719   -1.731719 (VIOLATED)
_15722_/B1                              0.750000    2.481719   -1.731719 (VIOLATED)
_15725_/A2                              0.750000    2.481719   -1.731719 (VIOLATED)
_15733_/B1                              0.750000    2.481719   -1.731719 (VIOLATED)
_15736_/A2                              0.750000    2.481719   -1.731719 (VIOLATED)
_15744_/B1                              0.750000    2.481719   -1.731719 (VIOLATED)
_15747_/B1                              0.750000    2.481719   -1.731719 (VIOLATED)
_15754_/B1                              0.750000    2.481719   -1.731719 (VIOLATED)
_15758_/B1                              0.750000    2.481719   -1.731719 (VIOLATED)
_15763_/A2                              0.750000    2.481719   -1.731719 (VIOLATED)
_15766_/A2                              0.750000    2.481719   -1.731719 (VIOLATED)
_15774_/B1                              0.750000    2.481719   -1.731719 (VIOLATED)
_15779_/B1                              0.750000    2.481719   -1.731719 (VIOLATED)
_15787_/B1                              0.750000    2.481719   -1.731719 (VIOLATED)
_15791_/B1                              0.750000    2.481719   -1.731719 (VIOLATED)
_15797_/B1                              0.750000    2.481719   -1.731719 (VIOLATED)
_15801_/B1                              0.750000    2.481719   -1.731719 (VIOLATED)
_15811_/A2                              0.750000    2.481719   -1.731719 (VIOLATED)
_15812_/B1                              0.750000    2.481719   -1.731719 (VIOLATED)
_15829_/B1                              0.750000    2.481719   -1.731719 (VIOLATED)
_15835_/B1                              0.750000    2.481719   -1.731719 (VIOLATED)
_15839_/A2                              0.750000    2.481719   -1.731719 (VIOLATED)
_15844_/B1                              0.750000    2.481719   -1.731719 (VIOLATED)
_15849_/B1                              0.750000    2.481719   -1.731719 (VIOLATED)
_15854_/B1                              0.750000    2.481719   -1.731719 (VIOLATED)
_15860_/B1                              0.750000    2.481719   -1.731719 (VIOLATED)
_15864_/A2                              0.750000    2.481719   -1.731719 (VIOLATED)
_15872_/B1                              0.750000    2.481719   -1.731719 (VIOLATED)
_15877_/B1                              0.750000    2.481719   -1.731719 (VIOLATED)
_15882_/A2                              0.750000    2.481719   -1.731719 (VIOLATED)
_15888_/A2                              0.750000    2.481719   -1.731719 (VIOLATED)
_15897_/A2                              0.750000    2.481719   -1.731719 (VIOLATED)
_15902_/A2                              0.750000    2.481719   -1.731719 (VIOLATED)
_15907_/A2                              0.750000    2.481719   -1.731719 (VIOLATED)
_15913_/A2                              0.750000    2.481719   -1.731719 (VIOLATED)
_15918_/A2                              0.750000    2.481719   -1.731719 (VIOLATED)
_15924_/B1                              0.750000    2.481719   -1.731719 (VIOLATED)
_15930_/B1                              0.750000    2.481719   -1.731719 (VIOLATED)
_15933_/B1                              0.750000    2.481719   -1.731719 (VIOLATED)
_15939_/A2                              0.750000    2.481719   -1.731719 (VIOLATED)
_15944_/B1                              0.750000    2.481719   -1.731719 (VIOLATED)
_15950_/B1                              0.750000    2.481719   -1.731719 (VIOLATED)
_15952_/B1                              0.750000    2.481719   -1.731719 (VIOLATED)
_15960_/B1                              0.750000    2.481719   -1.731719 (VIOLATED)
_15967_/B1                              0.750000    2.481719   -1.731719 (VIOLATED)
_15972_/B1                              0.750000    2.481719   -1.731719 (VIOLATED)
_15980_/A2                              0.750000    2.481719   -1.731719 (VIOLATED)
_15986_/A2                              0.750000    2.481719   -1.731719 (VIOLATED)
_15990_/A2                              0.750000    2.481719   -1.731719 (VIOLATED)
_15996_/A2                              0.750000    2.481719   -1.731719 (VIOLATED)
_15999_/B1                              0.750000    2.481719   -1.731719 (VIOLATED)
_16016_/B1                              0.750000    2.481719   -1.731719 (VIOLATED)
_16021_/A2                              0.750000    2.481719   -1.731719 (VIOLATED)
_16025_/B1                              0.750000    2.481719   -1.731719 (VIOLATED)
_16032_/A2                              0.750000    2.481719   -1.731719 (VIOLATED)
_16035_/B1                              0.750000    2.481719   -1.731719 (VIOLATED)
_16040_/B1                              0.750000    2.481719   -1.731719 (VIOLATED)
_16048_/B1                              0.750000    2.481719   -1.731719 (VIOLATED)
_16051_/A2                              0.750000    2.481719   -1.731719 (VIOLATED)
_16056_/B1                              0.750000    2.481719   -1.731719 (VIOLATED)
_16064_/B1                              0.750000    2.481719   -1.731719 (VIOLATED)
_16068_/B1                              0.750000    2.481719   -1.731719 (VIOLATED)
_16074_/B1                              0.750000    2.481719   -1.731719 (VIOLATED)
_16082_/A2                              0.750000    2.481719   -1.731719 (VIOLATED)
_16084_/B1                              0.750000    2.481719   -1.731719 (VIOLATED)
_16090_/A2                              0.750000    2.481719   -1.731719 (VIOLATED)
_16095_/A2                              0.750000    2.481719   -1.731719 (VIOLATED)
_16103_/B1                              0.750000    2.481719   -1.731719 (VIOLATED)
_16110_/B1                              0.750000    2.481719   -1.731719 (VIOLATED)
_16114_/B1                              0.750000    2.481719   -1.731719 (VIOLATED)
_16119_/B1                              0.750000    2.481719   -1.731719 (VIOLATED)
_16122_/A2                              0.750000    2.481719   -1.731719 (VIOLATED)
_16127_/B1                              0.750000    2.481719   -1.731719 (VIOLATED)
_16135_/A2                              0.750000    2.481719   -1.731719 (VIOLATED)
_16139_/B1                              0.750000    2.481719   -1.731719 (VIOLATED)
_16146_/B1                              0.750000    2.481719   -1.731719 (VIOLATED)
_16149_/B1                              0.750000    2.481719   -1.731719 (VIOLATED)
_16154_/B1                              0.750000    2.481719   -1.731719 (VIOLATED)
_16162_/A2                              0.750000    2.481719   -1.731719 (VIOLATED)
_16163_/B1                              0.750000    2.481719   -1.731719 (VIOLATED)
_16168_/B1                              0.750000    2.481719   -1.731719 (VIOLATED)
_16176_/B1                              0.750000    2.481719   -1.731719 (VIOLATED)
_16179_/B1                              0.750000    2.481719   -1.731719 (VIOLATED)
_16195_/B1                              0.750000    2.481719   -1.731719 (VIOLATED)
_16201_/A2                              0.750000    2.481719   -1.731719 (VIOLATED)
_16202_/B1                              0.750000    2.481719   -1.731719 (VIOLATED)
_16208_/B1                              0.750000    2.481719   -1.731719 (VIOLATED)
_16214_/A2                              0.750000    2.481719   -1.731719 (VIOLATED)
_16221_/A2                              0.750000    2.481719   -1.731719 (VIOLATED)
_16222_/B1                              0.750000    2.481719   -1.731719 (VIOLATED)
_16228_/A2                              0.750000    2.481719   -1.731719 (VIOLATED)
_16235_/A2                              0.750000    2.481719   -1.731719 (VIOLATED)
_16242_/A2                              0.750000    2.481719   -1.731719 (VIOLATED)
_16249_/A2                              0.750000    2.481719   -1.731719 (VIOLATED)
_16254_/B1                              0.750000    2.481719   -1.731719 (VIOLATED)
_16256_/A2                              0.750000    2.481719   -1.731719 (VIOLATED)
_16261_/B1                              0.750000    2.481719   -1.731719 (VIOLATED)
_16266_/B1                              0.750000    2.481719   -1.731719 (VIOLATED)
_16271_/B1                              0.750000    2.481719   -1.731719 (VIOLATED)
_16280_/B1                              0.750000    2.481719   -1.731719 (VIOLATED)
_16284_/A2                              0.750000    2.481719   -1.731719 (VIOLATED)
_16289_/B1                              0.750000    2.481719   -1.731719 (VIOLATED)
_16295_/A2                              0.750000    2.481719   -1.731719 (VIOLATED)
_16300_/A2                              0.750000    2.481719   -1.731719 (VIOLATED)
_16306_/A2                              0.750000    2.481719   -1.731719 (VIOLATED)
_16314_/A2                              0.750000    2.481719   -1.731719 (VIOLATED)
_16320_/A2                              0.750000    2.481719   -1.731719 (VIOLATED)
_16324_/A2                              0.750000    2.481719   -1.731719 (VIOLATED)
_16328_/A2                              0.750000    2.481719   -1.731719 (VIOLATED)
_16335_/B1                              0.750000    2.481719   -1.731719 (VIOLATED)
_16339_/B1                              0.750000    2.481719   -1.731719 (VIOLATED)
_16349_/A2                              0.750000    2.481719   -1.731719 (VIOLATED)
_16350_/B1                              0.750000    2.481719   -1.731719 (VIOLATED)
_16358_/A2                              0.750000    2.481719   -1.731719 (VIOLATED)
_16361_/A2                              0.750000    2.481719   -1.731719 (VIOLATED)
_16378_/B                               0.750000    2.481719   -1.731719 (VIOLATED)
_16385_/B1                              0.750000    2.481719   -1.731719 (VIOLATED)
_16392_/A2                              0.750000    2.481719   -1.731719 (VIOLATED)
_16394_/B1                              0.750000    2.481719   -1.731719 (VIOLATED)
_16403_/B1                              0.750000    2.481719   -1.731719 (VIOLATED)
_16408_/B1                              0.750000    2.481719   -1.731719 (VIOLATED)
_16411_/B1                              0.750000    2.481719   -1.731719 (VIOLATED)
_16419_/B1                              0.750000    2.481719   -1.731719 (VIOLATED)
_16423_/B1                              0.750000    2.481719   -1.731719 (VIOLATED)
_16427_/B1                              0.750000    2.481719   -1.731719 (VIOLATED)
_16436_/B1                              0.750000    2.481719   -1.731719 (VIOLATED)
_16438_/B1                              0.750000    2.481719   -1.731719 (VIOLATED)
_16445_/B1                              0.750000    2.481719   -1.731719 (VIOLATED)
_16449_/A2                              0.750000    2.481719   -1.731719 (VIOLATED)
_16453_/A2                              0.750000    2.481719   -1.731719 (VIOLATED)
_16460_/B1                              0.750000    2.481719   -1.731719 (VIOLATED)
_16467_/B1                              0.750000    2.481719   -1.731719 (VIOLATED)
_16470_/B1                              0.750000    2.481719   -1.731719 (VIOLATED)
_16476_/A2                              0.750000    2.481719   -1.731719 (VIOLATED)
_16481_/B1                              0.750000    2.481719   -1.731719 (VIOLATED)
_16490_/B1                              0.750000    2.481719   -1.731719 (VIOLATED)
_16494_/B1                              0.750000    2.481719   -1.731719 (VIOLATED)
_16499_/B1                              0.750000    2.481719   -1.731719 (VIOLATED)
_16504_/B1                              0.750000    2.481719   -1.731719 (VIOLATED)
_16509_/B1                              0.750000    2.481719   -1.731719 (VIOLATED)
_16516_/B1                              0.750000    2.481719   -1.731719 (VIOLATED)
_16522_/A2                              0.750000    2.481719   -1.731719 (VIOLATED)
_16528_/A2                              0.750000    2.481719   -1.731719 (VIOLATED)
_16530_/B                               0.750000    2.481719   -1.731719 (VIOLATED)
_16536_/B1                              0.750000    2.481719   -1.731719 (VIOLATED)
_16545_/A2                              0.750000    2.481719   -1.731719 (VIOLATED)
_16547_/B1                              0.750000    2.481719   -1.731719 (VIOLATED)
_12843_/Y                               0.750000    2.472091   -1.722091 (VIOLATED)
_12862_/C                               0.750000    2.472091   -1.722091 (VIOLATED)
_13198_/B                               0.750000    2.472091   -1.722091 (VIOLATED)
_13488_/B                               0.750000    2.472091   -1.722091 (VIOLATED)
_13801_/A                               0.750000    2.472091   -1.722091 (VIOLATED)
_14150_/B                               0.750000    2.472091   -1.722091 (VIOLATED)
_14351_/B                               0.750000    2.472091   -1.722091 (VIOLATED)
_14478_/B                               0.750000    2.472091   -1.722091 (VIOLATED)
_14805_/B                               0.750000    2.472091   -1.722091 (VIOLATED)
_15088_/B1                              0.750000    2.472091   -1.722091 (VIOLATED)
_15093_/A2                              0.750000    2.472091   -1.722091 (VIOLATED)
_15100_/B1                              0.750000    2.472091   -1.722091 (VIOLATED)
_15104_/A2                              0.750000    2.472091   -1.722091 (VIOLATED)
_15111_/B1                              0.750000    2.472091   -1.722091 (VIOLATED)
_15114_/A2                              0.750000    2.472091   -1.722091 (VIOLATED)
_15123_/A2                              0.750000    2.472091   -1.722091 (VIOLATED)
_15124_/B1                              0.750000    2.472091   -1.722091 (VIOLATED)
_15131_/B1                              0.750000    2.472091   -1.722091 (VIOLATED)
_15136_/B                               0.750000    2.472091   -1.722091 (VIOLATED)
_15142_/A2                              0.750000    2.472091   -1.722091 (VIOLATED)
_15151_/A2                              0.750000    2.472091   -1.722091 (VIOLATED)
_15155_/A2                              0.750000    2.472091   -1.722091 (VIOLATED)
_15159_/A2                              0.750000    2.472091   -1.722091 (VIOLATED)
_15163_/B1                              0.750000    2.472091   -1.722091 (VIOLATED)
_15170_/B1                              0.750000    2.472091   -1.722091 (VIOLATED)
_15178_/A2                              0.750000    2.472091   -1.722091 (VIOLATED)
_15183_/B1                              0.750000    2.472091   -1.722091 (VIOLATED)
_15190_/A2                              0.750000    2.472091   -1.722091 (VIOLATED)
_15196_/B1                              0.750000    2.472091   -1.722091 (VIOLATED)
_15198_/A2                              0.750000    2.472091   -1.722091 (VIOLATED)
_15204_/A2                              0.750000    2.472091   -1.722091 (VIOLATED)
_15209_/B1                              0.750000    2.472091   -1.722091 (VIOLATED)
_15213_/A2                              0.750000    2.472091   -1.722091 (VIOLATED)
_15223_/B1                              0.750000    2.472091   -1.722091 (VIOLATED)
_15227_/B1                              0.750000    2.472091   -1.722091 (VIOLATED)
_15234_/A2                              0.750000    2.472091   -1.722091 (VIOLATED)
_15236_/A2                              0.750000    2.472091   -1.722091 (VIOLATED)
_15243_/A2                              0.750000    2.472091   -1.722091 (VIOLATED)
_15245_/A2                              0.750000    2.472091   -1.722091 (VIOLATED)
_15250_/B1                              0.750000    2.472091   -1.722091 (VIOLATED)
_15258_/A2                              0.750000    2.472091   -1.722091 (VIOLATED)
_15279_/B1                              0.750000    2.472091   -1.722091 (VIOLATED)
_15285_/A2                              0.750000    2.472091   -1.722091 (VIOLATED)
_15288_/B1                              0.750000    2.472091   -1.722091 (VIOLATED)
_15292_/A2                              0.750000    2.472091   -1.722091 (VIOLATED)
_15300_/A2                              0.750000    2.472091   -1.722091 (VIOLATED)
_15305_/A2                              0.750000    2.472091   -1.722091 (VIOLATED)
_15307_/B1                              0.750000    2.472091   -1.722091 (VIOLATED)
_15314_/A2                              0.750000    2.472091   -1.722091 (VIOLATED)
_15319_/A2                              0.750000    2.472091   -1.722091 (VIOLATED)
_15325_/A2                              0.750000    2.472091   -1.722091 (VIOLATED)
_15331_/A2                              0.750000    2.472091   -1.722091 (VIOLATED)
_15336_/B1                              0.750000    2.472091   -1.722091 (VIOLATED)
_15341_/A2                              0.750000    2.472091   -1.722091 (VIOLATED)
_15346_/B1                              0.750000    2.472091   -1.722091 (VIOLATED)
_15353_/A2                              0.750000    2.472091   -1.722091 (VIOLATED)
_15358_/B1                              0.750000    2.472091   -1.722091 (VIOLATED)
_15363_/A2                              0.750000    2.472091   -1.722091 (VIOLATED)
_15371_/A2                              0.750000    2.472091   -1.722091 (VIOLATED)
_15375_/B1                              0.750000    2.472091   -1.722091 (VIOLATED)
_15379_/A2                              0.750000    2.472091   -1.722091 (VIOLATED)
_15386_/A2                              0.750000    2.472091   -1.722091 (VIOLATED)
_15392_/A2                              0.750000    2.472091   -1.722091 (VIOLATED)
_15396_/B1                              0.750000    2.472091   -1.722091 (VIOLATED)
_15401_/B1                              0.750000    2.472091   -1.722091 (VIOLATED)
_15406_/B1                              0.750000    2.472091   -1.722091 (VIOLATED)
_15412_/A2                              0.750000    2.472091   -1.722091 (VIOLATED)
_15417_/B1                              0.750000    2.472091   -1.722091 (VIOLATED)
_15421_/B1                              0.750000    2.472091   -1.722091 (VIOLATED)
_15429_/B1                              0.750000    2.472091   -1.722091 (VIOLATED)
_15433_/B1                              0.750000    2.472091   -1.722091 (VIOLATED)
_15439_/A2                              0.750000    2.472091   -1.722091 (VIOLATED)
_15444_/A2                              0.750000    2.472091   -1.722091 (VIOLATED)
_15462_/A2                              0.750000    2.472091   -1.722091 (VIOLATED)
_15465_/A2                              0.750000    2.472091   -1.722091 (VIOLATED)
_15470_/A2                              0.750000    2.472091   -1.722091 (VIOLATED)
_15476_/A2                              0.750000    2.472091   -1.722091 (VIOLATED)
_15484_/A2                              0.750000    2.472091   -1.722091 (VIOLATED)
_15488_/A2                              0.750000    2.472091   -1.722091 (VIOLATED)
_15492_/B1                              0.750000    2.472091   -1.722091 (VIOLATED)
_15497_/B1                              0.750000    2.472091   -1.722091 (VIOLATED)
_15504_/B1                              0.750000    2.472091   -1.722091 (VIOLATED)
_15509_/B1                              0.750000    2.472091   -1.722091 (VIOLATED)
_15515_/B1                              0.750000    2.472091   -1.722091 (VIOLATED)
_15524_/A2                              0.750000    2.472091   -1.722091 (VIOLATED)
_15527_/A2                              0.750000    2.472091   -1.722091 (VIOLATED)
_15531_/B1                              0.750000    2.472091   -1.722091 (VIOLATED)
_15541_/A2                              0.750000    2.472091   -1.722091 (VIOLATED)
_15542_/B1                              0.750000    2.472091   -1.722091 (VIOLATED)
_15550_/B1                              0.750000    2.472091   -1.722091 (VIOLATED)
_15555_/B1                              0.750000    2.472091   -1.722091 (VIOLATED)
_15561_/B1                              0.750000    2.472091   -1.722091 (VIOLATED)
_15566_/B1                              0.750000    2.472091   -1.722091 (VIOLATED)
_15569_/A2                              0.750000    2.472091   -1.722091 (VIOLATED)
_15574_/B1                              0.750000    2.472091   -1.722091 (VIOLATED)
_15580_/B1                              0.750000    2.472091   -1.722091 (VIOLATED)
_15584_/A2                              0.750000    2.472091   -1.722091 (VIOLATED)
_15592_/A2                              0.750000    2.472091   -1.722091 (VIOLATED)
_15596_/B1                              0.750000    2.472091   -1.722091 (VIOLATED)
_15604_/A2                              0.750000    2.472091   -1.722091 (VIOLATED)
_15607_/B1                              0.750000    2.472091   -1.722091 (VIOLATED)
_15611_/A2                              0.750000    2.472091   -1.722091 (VIOLATED)
_15618_/A2                              0.750000    2.472091   -1.722091 (VIOLATED)
_15624_/A2                              0.750000    2.472091   -1.722091 (VIOLATED)
_15631_/A2                              0.750000    2.472091   -1.722091 (VIOLATED)
_15643_/B1                              0.750000    2.472091   -1.722091 (VIOLATED)
_15649_/A2                              0.750000    2.472091   -1.722091 (VIOLATED)
_15653_/B1                              0.750000    2.472091   -1.722091 (VIOLATED)
_15660_/A2                              0.750000    2.472091   -1.722091 (VIOLATED)
_15667_/A2                              0.750000    2.472091   -1.722091 (VIOLATED)
_15670_/A2                              0.750000    2.472091   -1.722091 (VIOLATED)
_15676_/A2                              0.750000    2.472091   -1.722091 (VIOLATED)
_15681_/A2                              0.750000    2.472091   -1.722091 (VIOLATED)
_15691_/A2                              0.750000    2.472091   -1.722091 (VIOLATED)
_15694_/A2                              0.750000    2.472091   -1.722091 (VIOLATED)
_15700_/A2                              0.750000    2.472091   -1.722091 (VIOLATED)
_15706_/A2                              0.750000    2.472091   -1.722091 (VIOLATED)
_15712_/B1                              0.750000    2.472091   -1.722091 (VIOLATED)
_15716_/A2                              0.750000    2.472091   -1.722091 (VIOLATED)
_15720_/A2                              0.750000    2.472091   -1.722091 (VIOLATED)
_15723_/B1                              0.750000    2.472091   -1.722091 (VIOLATED)
_15731_/A2                              0.750000    2.472091   -1.722091 (VIOLATED)
_15737_/B1                              0.750000    2.472091   -1.722091 (VIOLATED)
_15741_/B1                              0.750000    2.472091   -1.722091 (VIOLATED)
_15746_/B1                              0.750000    2.472091   -1.722091 (VIOLATED)
_15751_/B1                              0.750000    2.472091   -1.722091 (VIOLATED)
_15758_/A2                              0.750000    2.472091   -1.722091 (VIOLATED)
_15761_/A2                              0.750000    2.472091   -1.722091 (VIOLATED)
_15767_/B1                              0.750000    2.472091   -1.722091 (VIOLATED)
_15778_/A2                              0.750000    2.472091   -1.722091 (VIOLATED)
_15779_/A2                              0.750000    2.472091   -1.722091 (VIOLATED)
_15786_/A2                              0.750000    2.472091   -1.722091 (VIOLATED)
_15792_/B1                              0.750000    2.472091   -1.722091 (VIOLATED)
_15796_/A2                              0.750000    2.472091   -1.722091 (VIOLATED)
_15802_/A2                              0.750000    2.472091   -1.722091 (VIOLATED)
_15807_/B1                              0.750000    2.472091   -1.722091 (VIOLATED)
_15813_/B1                              0.750000    2.472091   -1.722091 (VIOLATED)
_15830_/A2                              0.750000    2.472091   -1.722091 (VIOLATED)
_15832_/B                               0.750000    2.472091   -1.722091 (VIOLATED)
_15840_/B1                              0.750000    2.472091   -1.722091 (VIOLATED)
_15846_/A2                              0.750000    2.472091   -1.722091 (VIOLATED)
_15850_/B1                              0.750000    2.472091   -1.722091 (VIOLATED)
_15858_/A2                              0.750000    2.472091   -1.722091 (VIOLATED)
_15859_/B1                              0.750000    2.472091   -1.722091 (VIOLATED)
_15865_/A2                              0.750000    2.472091   -1.722091 (VIOLATED)
_15871_/B1                              0.750000    2.472091   -1.722091 (VIOLATED)
_15876_/B1                              0.750000    2.472091   -1.722091 (VIOLATED)
_15883_/B1                              0.750000    2.472091   -1.722091 (VIOLATED)
_15891_/A2                              0.750000    2.472091   -1.722091 (VIOLATED)
_15894_/A2                              0.750000    2.472091   -1.722091 (VIOLATED)
_15898_/A2                              0.750000    2.472091   -1.722091 (VIOLATED)
_15904_/A2                              0.750000    2.472091   -1.722091 (VIOLATED)
_15909_/B1                              0.750000    2.472091   -1.722091 (VIOLATED)
_15920_/A2                              0.750000    2.472091   -1.722091 (VIOLATED)
_15922_/A2                              0.750000    2.472091   -1.722091 (VIOLATED)
_15929_/A2                              0.750000    2.472091   -1.722091 (VIOLATED)
_15933_/A2                              0.750000    2.472091   -1.722091 (VIOLATED)
_15937_/B1                              0.750000    2.472091   -1.722091 (VIOLATED)
_15943_/B1                              0.750000    2.472091   -1.722091 (VIOLATED)
_15949_/A2                              0.750000    2.472091   -1.722091 (VIOLATED)
_15953_/A2                              0.750000    2.472091   -1.722091 (VIOLATED)
_15961_/B1                              0.750000    2.472091   -1.722091 (VIOLATED)
_15966_/A2                              0.750000    2.472091   -1.722091 (VIOLATED)
_15973_/A2                              0.750000    2.472091   -1.722091 (VIOLATED)
_15978_/A2                              0.750000    2.472091   -1.722091 (VIOLATED)
_15983_/A2                              0.750000    2.472091   -1.722091 (VIOLATED)
_15989_/A2                              0.750000    2.472091   -1.722091 (VIOLATED)
_15994_/A2                              0.750000    2.472091   -1.722091 (VIOLATED)
_16000_/B1                              0.750000    2.472091   -1.722091 (VIOLATED)
_16014_/A2                              0.750000    2.472091   -1.722091 (VIOLATED)
_16020_/B1                              0.750000    2.472091   -1.722091 (VIOLATED)
_16027_/A2                              0.750000    2.472091   -1.722091 (VIOLATED)
_16031_/A2                              0.750000    2.472091   -1.722091 (VIOLATED)
_16038_/B1                              0.750000    2.472091   -1.722091 (VIOLATED)
_16040_/A2                              0.750000    2.472091   -1.722091 (VIOLATED)
_16046_/B1                              0.750000    2.472091   -1.722091 (VIOLATED)
_16049_/A2                              0.750000    2.472091   -1.722091 (VIOLATED)
_16056_/A2                              0.750000    2.472091   -1.722091 (VIOLATED)
_16064_/A2                              0.750000    2.472091   -1.722091 (VIOLATED)
_16069_/B1                              0.750000    2.472091   -1.722091 (VIOLATED)
_16072_/B                               0.750000    2.472091   -1.722091 (VIOLATED)
_16079_/B1                              0.750000    2.472091   -1.722091 (VIOLATED)
_16083_/A2                              0.750000    2.472091   -1.722091 (VIOLATED)
_16092_/A2                              0.750000    2.472091   -1.722091 (VIOLATED)
_16093_/A2                              0.750000    2.472091   -1.722091 (VIOLATED)
_16102_/B1                              0.750000    2.472091   -1.722091 (VIOLATED)
_16107_/B1                              0.750000    2.472091   -1.722091 (VIOLATED)
_16112_/B1                              0.750000    2.472091   -1.722091 (VIOLATED)
_16117_/A2                              0.750000    2.472091   -1.722091 (VIOLATED)
_16123_/A2                              0.750000    2.472091   -1.722091 (VIOLATED)
_16129_/B1                              0.750000    2.472091   -1.722091 (VIOLATED)
_16134_/B1                              0.750000    2.472091   -1.722091 (VIOLATED)
_16137_/B1                              0.750000    2.472091   -1.722091 (VIOLATED)
_16145_/B1                              0.750000    2.472091   -1.722091 (VIOLATED)
_16151_/A2                              0.750000    2.472091   -1.722091 (VIOLATED)
_16155_/B1                              0.750000    2.472091   -1.722091 (VIOLATED)
_16159_/B1                              0.750000    2.472091   -1.722091 (VIOLATED)
_16165_/A2                              0.750000    2.472091   -1.722091 (VIOLATED)
_16168_/A2                              0.750000    2.472091   -1.722091 (VIOLATED)
_16177_/B1                              0.750000    2.472091   -1.722091 (VIOLATED)
_16180_/B1                              0.750000    2.472091   -1.722091 (VIOLATED)
_16194_/A2                              0.750000    2.472091   -1.722091 (VIOLATED)
_16200_/A2                              0.750000    2.472091   -1.722091 (VIOLATED)
_16204_/B1                              0.750000    2.472091   -1.722091 (VIOLATED)
_16210_/B1                              0.750000    2.472091   -1.722091 (VIOLATED)
_16215_/B1                              0.750000    2.472091   -1.722091 (VIOLATED)
_16219_/B1                              0.750000    2.472091   -1.722091 (VIOLATED)
_16224_/B1                              0.750000    2.472091   -1.722091 (VIOLATED)
_16230_/A2                              0.750000    2.472091   -1.722091 (VIOLATED)
_16236_/B1                              0.750000    2.472091   -1.722091 (VIOLATED)
_16241_/B                               0.750000    2.472091   -1.722091 (VIOLATED)
_16246_/B1                              0.750000    2.472091   -1.722091 (VIOLATED)
_16254_/A2                              0.750000    2.472091   -1.722091 (VIOLATED)
_16257_/B1                              0.750000    2.472091   -1.722091 (VIOLATED)
_16261_/A2                              0.750000    2.472091   -1.722091 (VIOLATED)
_16267_/A2                              0.750000    2.472091   -1.722091 (VIOLATED)
_16273_/A2                              0.750000    2.472091   -1.722091 (VIOLATED)
_16279_/A2                              0.750000    2.472091   -1.722091 (VIOLATED)
_16285_/A2                              0.750000    2.472091   -1.722091 (VIOLATED)
_16289_/A2                              0.750000    2.472091   -1.722091 (VIOLATED)
_16298_/A2                              0.750000    2.472091   -1.722091 (VIOLATED)
_16301_/B1                              0.750000    2.472091   -1.722091 (VIOLATED)
_16308_/A2                              0.750000    2.472091   -1.722091 (VIOLATED)
_16313_/A2                              0.750000    2.472091   -1.722091 (VIOLATED)
_16318_/B1                              0.750000    2.472091   -1.722091 (VIOLATED)
_16327_/A2                              0.750000    2.472091   -1.722091 (VIOLATED)
_16332_/A2                              0.750000    2.472091   -1.722091 (VIOLATED)
_16335_/A2                              0.750000    2.472091   -1.722091 (VIOLATED)
_16339_/A2                              0.750000    2.472091   -1.722091 (VIOLATED)
_16347_/B1                              0.750000    2.472091   -1.722091 (VIOLATED)
_16351_/A2                              0.750000    2.472091   -1.722091 (VIOLATED)
_16359_/A2                              0.750000    2.472091   -1.722091 (VIOLATED)
_16362_/B1                              0.750000    2.472091   -1.722091 (VIOLATED)
_16379_/A2                              0.750000    2.472091   -1.722091 (VIOLATED)
_16386_/A2                              0.750000    2.472091   -1.722091 (VIOLATED)
_16389_/B1                              0.750000    2.472091   -1.722091 (VIOLATED)
_16396_/A2                              0.750000    2.472091   -1.722091 (VIOLATED)
_16402_/B1                              0.750000    2.472091   -1.722091 (VIOLATED)
_16407_/B1                              0.750000    2.472091   -1.722091 (VIOLATED)
_16411_/A2                              0.750000    2.472091   -1.722091 (VIOLATED)
_16416_/A2                              0.750000    2.472091   -1.722091 (VIOLATED)
_16423_/A2                              0.750000    2.472091   -1.722091 (VIOLATED)
_16426_/B                               0.750000    2.472091   -1.722091 (VIOLATED)
_16435_/A2                              0.750000    2.472091   -1.722091 (VIOLATED)
_16439_/A2                              0.750000    2.472091   -1.722091 (VIOLATED)
_16443_/A2                              0.750000    2.472091   -1.722091 (VIOLATED)
_16448_/A2                              0.750000    2.472091   -1.722091 (VIOLATED)
_16455_/B1                              0.750000    2.472091   -1.722091 (VIOLATED)
_16461_/B1                              0.750000    2.472091   -1.722091 (VIOLATED)
_16468_/A2                              0.750000    2.472091   -1.722091 (VIOLATED)
_16470_/A2                              0.750000    2.472091   -1.722091 (VIOLATED)
_16477_/B1                              0.750000    2.472091   -1.722091 (VIOLATED)
_16479_/B                               0.750000    2.472091   -1.722091 (VIOLATED)
_16490_/A2                              0.750000    2.472091   -1.722091 (VIOLATED)
_16492_/B1                              0.750000    2.472091   -1.722091 (VIOLATED)
_16497_/A2                              0.750000    2.472091   -1.722091 (VIOLATED)
_16503_/B1                              0.750000    2.472091   -1.722091 (VIOLATED)
_16508_/B1                              0.750000    2.472091   -1.722091 (VIOLATED)
_16514_/B                               0.750000    2.472091   -1.722091 (VIOLATED)
_16519_/B                               0.750000    2.472091   -1.722091 (VIOLATED)
_16526_/A2                              0.750000    2.472091   -1.722091 (VIOLATED)
_16531_/A2                              0.750000    2.472091   -1.722091 (VIOLATED)
_16535_/B1                              0.750000    2.472091   -1.722091 (VIOLATED)
_16541_/A2                              0.750000    2.472091   -1.722091 (VIOLATED)
_16548_/B1                              0.750000    2.472091   -1.722091 (VIOLATED)
_12804_/X                               0.750000    2.421950   -1.671950 (VIOLATED)
_12805_/A                               0.750000    2.421950   -1.671950 (VIOLATED)
_12824_/C                               0.750000    2.421950   -1.671950 (VIOLATED)
_13125_/B                               0.750000    2.421950   -1.671950 (VIOLATED)
_13452_/B                               0.750000    2.421950   -1.671950 (VIOLATED)
_13764_/A                               0.750000    2.421950   -1.671950 (VIOLATED)
_13949_/B                               0.750000    2.421950   -1.671950 (VIOLATED)
_14114_/B                               0.750000    2.421950   -1.671950 (VIOLATED)
_14442_/B                               0.750000    2.421950   -1.671950 (VIOLATED)
_14732_/B                               0.750000    2.421950   -1.671950 (VIOLATED)
_15088_/A2                              0.750000    2.421950   -1.671950 (VIOLATED)
_15092_/A2                              0.750000    2.421950   -1.671950 (VIOLATED)
_15102_/A2                              0.750000    2.421950   -1.671950 (VIOLATED)
_15106_/A2                              0.750000    2.421950   -1.671950 (VIOLATED)
_15109_/A2                              0.750000    2.421950   -1.671950 (VIOLATED)
_15118_/A2                              0.750000    2.421950   -1.671950 (VIOLATED)
_15120_/A2                              0.750000    2.421950   -1.671950 (VIOLATED)
_15127_/A2                              0.750000    2.421950   -1.671950 (VIOLATED)
_15131_/A2                              0.750000    2.421950   -1.671950 (VIOLATED)
_15137_/A2                              0.750000    2.421950   -1.671950 (VIOLATED)
_15145_/A2                              0.750000    2.421950   -1.671950 (VIOLATED)
_15150_/A2                              0.750000    2.421950   -1.671950 (VIOLATED)
_15157_/A2                              0.750000    2.421950   -1.671950 (VIOLATED)
_15162_/A2                              0.750000    2.421950   -1.671950 (VIOLATED)
_15164_/A2                              0.750000    2.421950   -1.671950 (VIOLATED)
_15169_/A2                              0.750000    2.421950   -1.671950 (VIOLATED)
_15179_/A2                              0.750000    2.421950   -1.671950 (VIOLATED)
_15184_/B1                              0.750000    2.421950   -1.671950 (VIOLATED)
_15191_/A2                              0.750000    2.421950   -1.671950 (VIOLATED)
_15193_/B1                              0.750000    2.421950   -1.671950 (VIOLATED)
_15200_/B1                              0.750000    2.421950   -1.671950 (VIOLATED)
_15205_/A2                              0.750000    2.421950   -1.671950 (VIOLATED)
_15208_/B1                              0.750000    2.421950   -1.671950 (VIOLATED)
_15214_/B1                              0.750000    2.421950   -1.671950 (VIOLATED)
_15220_/A2                              0.750000    2.421950   -1.671950 (VIOLATED)
_15227_/A2                              0.750000    2.421950   -1.671950 (VIOLATED)
_15231_/B1                              0.750000    2.421950   -1.671950 (VIOLATED)
_15239_/B1                              0.750000    2.421950   -1.671950 (VIOLATED)
_15242_/B1                              0.750000    2.421950   -1.671950 (VIOLATED)
_15247_/A2                              0.750000    2.421950   -1.671950 (VIOLATED)
_15251_/A2                              0.750000    2.421950   -1.671950 (VIOLATED)
_15255_/B1                              0.750000    2.421950   -1.671950 (VIOLATED)
_15279_/A2                              0.750000    2.421950   -1.671950 (VIOLATED)
_15282_/A2                              0.750000    2.421950   -1.671950 (VIOLATED)
_15288_/A2                              0.750000    2.421950   -1.671950 (VIOLATED)
_15293_/B1                              0.750000    2.421950   -1.671950 (VIOLATED)
_15299_/A2                              0.750000    2.421950   -1.671950 (VIOLATED)
_15303_/A2                              0.750000    2.421950   -1.671950 (VIOLATED)
_15307_/A2                              0.750000    2.421950   -1.671950 (VIOLATED)
_15313_/A2                              0.750000    2.421950   -1.671950 (VIOLATED)
_15323_/A2                              0.750000    2.421950   -1.671950 (VIOLATED)
_15324_/B1                              0.750000    2.421950   -1.671950 (VIOLATED)
_15330_/B1                              0.750000    2.421950   -1.671950 (VIOLATED)
_15336_/A2                              0.750000    2.421950   -1.671950 (VIOLATED)
_15342_/B1                              0.750000    2.421950   -1.671950 (VIOLATED)
_15349_/A2                              0.750000    2.421950   -1.671950 (VIOLATED)
_15350_/A2                              0.750000    2.421950   -1.671950 (VIOLATED)
_15358_/A2                              0.750000    2.421950   -1.671950 (VIOLATED)
_15364_/B1                              0.750000    2.421950   -1.671950 (VIOLATED)
_15370_/B1                              0.750000    2.421950   -1.671950 (VIOLATED)
_15376_/A2                              0.750000    2.421950   -1.671950 (VIOLATED)
_15382_/A2                              0.750000    2.421950   -1.671950 (VIOLATED)
_15385_/B1                              0.750000    2.421950   -1.671950 (VIOLATED)
_15390_/A2                              0.750000    2.421950   -1.671950 (VIOLATED)
_15398_/A2                              0.750000    2.421950   -1.671950 (VIOLATED)
_15401_/A2                              0.750000    2.421950   -1.671950 (VIOLATED)
_15406_/A2                              0.750000    2.421950   -1.671950 (VIOLATED)
_15413_/A2                              0.750000    2.421950   -1.671950 (VIOLATED)
_15416_/B1                              0.750000    2.421950   -1.671950 (VIOLATED)
_15422_/A2                              0.750000    2.421950   -1.671950 (VIOLATED)
_15429_/A2                              0.750000    2.421950   -1.671950 (VIOLATED)
_15433_/A2                              0.750000    2.421950   -1.671950 (VIOLATED)
_15438_/B1                              0.750000    2.421950   -1.671950 (VIOLATED)
_15445_/B1                              0.750000    2.421950   -1.671950 (VIOLATED)
_15463_/A2                              0.750000    2.421950   -1.671950 (VIOLATED)
_15466_/B1                              0.750000    2.421950   -1.671950 (VIOLATED)
_15472_/A2                              0.750000    2.421950   -1.671950 (VIOLATED)
_15479_/A2                              0.750000    2.421950   -1.671950 (VIOLATED)
_15482_/B1                              0.750000    2.421950   -1.671950 (VIOLATED)
_15491_/A2                              0.750000    2.421950   -1.671950 (VIOLATED)
_15495_/A2                              0.750000    2.421950   -1.671950 (VIOLATED)
_15499_/A2                              0.750000    2.421950   -1.671950 (VIOLATED)
_15505_/A2                              0.750000    2.421950   -1.671950 (VIOLATED)
_15509_/A2                              0.750000    2.421950   -1.671950 (VIOLATED)
_15516_/B1                              0.750000    2.421950   -1.671950 (VIOLATED)
_15522_/A2                              0.750000    2.421950   -1.671950 (VIOLATED)
_15530_/A2                              0.750000    2.421950   -1.671950 (VIOLATED)
_15533_/A2                              0.750000    2.421950   -1.671950 (VIOLATED)
_15540_/A2                              0.750000    2.421950   -1.671950 (VIOLATED)
_15542_/A2                              0.750000    2.421950   -1.671950 (VIOLATED)
_15551_/A2                              0.750000    2.421950   -1.671950 (VIOLATED)
_15555_/A2                              0.750000    2.421950   -1.671950 (VIOLATED)
_15561_/A2                              0.750000    2.421950   -1.671950 (VIOLATED)
_15564_/A2                              0.750000    2.421950   -1.671950 (VIOLATED)
_15570_/B1                              0.750000    2.421950   -1.671950 (VIOLATED)
_15574_/A2                              0.750000    2.421950   -1.671950 (VIOLATED)
_15580_/A2                              0.750000    2.421950   -1.671950 (VIOLATED)
_15585_/A2                              0.750000    2.421950   -1.671950 (VIOLATED)
_15593_/B1                              0.750000    2.421950   -1.671950 (VIOLATED)
_15597_/A2                              0.750000    2.421950   -1.671950 (VIOLATED)
_15603_/B1                              0.750000    2.421950   -1.671950 (VIOLATED)
_15608_/B1                              0.750000    2.421950   -1.671950 (VIOLATED)
_15613_/A2                              0.750000    2.421950   -1.671950 (VIOLATED)
_15619_/B1                              0.750000    2.421950   -1.671950 (VIOLATED)
_15627_/A2                              0.750000    2.421950   -1.671950 (VIOLATED)
_15630_/A2                              0.750000    2.421950   -1.671950 (VIOLATED)
_15644_/B1                              0.750000    2.421950   -1.671950 (VIOLATED)
_15650_/A2                              0.750000    2.421950   -1.671950 (VIOLATED)
_15653_/A2                              0.750000    2.421950   -1.671950 (VIOLATED)
_15658_/B1                              0.750000    2.421950   -1.671950 (VIOLATED)
_15664_/A2                              0.750000    2.421950   -1.671950 (VIOLATED)
_15672_/A2                              0.750000    2.421950   -1.671950 (VIOLATED)
_15677_/A2                              0.750000    2.421950   -1.671950 (VIOLATED)
_15684_/A2                              0.750000    2.421950   -1.671950 (VIOLATED)
_15687_/A2                              0.750000    2.421950   -1.671950 (VIOLATED)
_15693_/A2                              0.750000    2.421950   -1.671950 (VIOLATED)
_15699_/B1                              0.750000    2.421950   -1.671950 (VIOLATED)
_15704_/A2                              0.750000    2.421950   -1.671950 (VIOLATED)
_15711_/A2                              0.750000    2.421950   -1.671950 (VIOLATED)
_15717_/A2                              0.750000    2.421950   -1.671950 (VIOLATED)
_15721_/A2                              0.750000    2.421950   -1.671950 (VIOLATED)
_15726_/A2                              0.750000    2.421950   -1.671950 (VIOLATED)
_15733_/A2                              0.750000    2.421950   -1.671950 (VIOLATED)
_15734_/B1                              0.750000    2.421950   -1.671950 (VIOLATED)
_15743_/A2                              0.750000    2.421950   -1.671950 (VIOLATED)
_15746_/A2                              0.750000    2.421950   -1.671950 (VIOLATED)
_15752_/A2                              0.750000    2.421950   -1.671950 (VIOLATED)
_15757_/A2                              0.750000    2.421950   -1.671950 (VIOLATED)
_15762_/B1                              0.750000    2.421950   -1.671950 (VIOLATED)
_15768_/A2                              0.750000    2.421950   -1.671950 (VIOLATED)
_15775_/A2                              0.750000    2.421950   -1.671950 (VIOLATED)
_15781_/B1                              0.750000    2.421950   -1.671950 (VIOLATED)
_15785_/B1                              0.750000    2.421950   -1.671950 (VIOLATED)
_15794_/A2                              0.750000    2.421950   -1.671950 (VIOLATED)
_15797_/A2                              0.750000    2.421950   -1.671950 (VIOLATED)
_15801_/A2                              0.750000    2.421950   -1.671950 (VIOLATED)
_15809_/A2                              0.750000    2.421950   -1.671950 (VIOLATED)
_15812_/A2                              0.750000    2.421950   -1.671950 (VIOLATED)
_15828_/A2                              0.750000    2.421950   -1.671950 (VIOLATED)
_15835_/A2                              0.750000    2.421950   -1.671950 (VIOLATED)
_15841_/A2                              0.750000    2.421950   -1.671950 (VIOLATED)
_15845_/A2                              0.750000    2.421950   -1.671950 (VIOLATED)
_15850_/A2                              0.750000    2.421950   -1.671950 (VIOLATED)
_15856_/A2                              0.750000    2.421950   -1.671950 (VIOLATED)
_15860_/A2                              0.750000    2.421950   -1.671950 (VIOLATED)
_15867_/B1                              0.750000    2.421950   -1.671950 (VIOLATED)
_15871_/A2                              0.750000    2.421950   -1.671950 (VIOLATED)
_15876_/A2                              0.750000    2.421950   -1.671950 (VIOLATED)
_15885_/A2                              0.750000    2.421950   -1.671950 (VIOLATED)
_15889_/B1                              0.750000    2.421950   -1.671950 (VIOLATED)
_15895_/B1                              0.750000    2.421950   -1.671950 (VIOLATED)
_15900_/B1                              0.750000    2.421950   -1.671950 (VIOLATED)
_15908_/A2                              0.750000    2.421950   -1.671950 (VIOLATED)
_15909_/A2                              0.750000    2.421950   -1.671950 (VIOLATED)
_15919_/A2                              0.750000    2.421950   -1.671950 (VIOLATED)
_15923_/A2                              0.750000    2.421950   -1.671950 (VIOLATED)
_15928_/B1                              0.750000    2.421950   -1.671950 (VIOLATED)
_15932_/B1                              0.750000    2.421950   -1.671950 (VIOLATED)
_15938_/B1                              0.750000    2.421950   -1.671950 (VIOLATED)
_15944_/A2                              0.750000    2.421950   -1.671950 (VIOLATED)
_15948_/A2                              0.750000    2.421950   -1.671950 (VIOLATED)
_15952_/A2                              0.750000    2.421950   -1.671950 (VIOLATED)
_15964_/A2                              0.750000    2.421950   -1.671950 (VIOLATED)
_15965_/B1                              0.750000    2.421950   -1.671950 (VIOLATED)
_15971_/A2                              0.750000    2.421950   -1.671950 (VIOLATED)
_15977_/B1                              0.750000    2.421950   -1.671950 (VIOLATED)
_15984_/A2                              0.750000    2.421950   -1.671950 (VIOLATED)
_15987_/B1                              0.750000    2.421950   -1.671950 (VIOLATED)
_15997_/A2                              0.750000    2.421950   -1.671950 (VIOLATED)
_15999_/A2                              0.750000    2.421950   -1.671950 (VIOLATED)
_16015_/B1                              0.750000    2.421950   -1.671950 (VIOLATED)
_16018_/B1                              0.750000    2.421950   -1.671950 (VIOLATED)
_16025_/A2                              0.750000    2.421950   -1.671950 (VIOLATED)
_16028_/B                               0.750000    2.421950   -1.671950 (VIOLATED)
_16036_/A2                              0.750000    2.421950   -1.671950 (VIOLATED)
_16041_/A2                              0.750000    2.421950   -1.671950 (VIOLATED)
_16045_/A2                              0.750000    2.421950   -1.671950 (VIOLATED)
_16050_/B1                              0.750000    2.421950   -1.671950 (VIOLATED)
_16059_/A2                              0.750000    2.421950   -1.671950 (VIOLATED)
_16063_/A2                              0.750000    2.421950   -1.671950 (VIOLATED)
_16068_/A2                              0.750000    2.421950   -1.671950 (VIOLATED)
_16076_/A2                              0.750000    2.421950   -1.671950 (VIOLATED)
_16079_/A2                              0.750000    2.421950   -1.671950 (VIOLATED)
_16085_/A2                              0.750000    2.421950   -1.671950 (VIOLATED)
_16089_/A2                              0.750000    2.421950   -1.671950 (VIOLATED)
_16094_/B1                              0.750000    2.421950   -1.671950 (VIOLATED)
_16102_/A2                              0.750000    2.421950   -1.671950 (VIOLATED)
_16110_/A2                              0.750000    2.421950   -1.671950 (VIOLATED)
_16112_/A2                              0.750000    2.421950   -1.671950 (VIOLATED)
_16116_/B1                              0.750000    2.421950   -1.671950 (VIOLATED)
_16125_/B1                              0.750000    2.421950   -1.671950 (VIOLATED)
_16129_/A2                              0.750000    2.421950   -1.671950 (VIOLATED)
_16133_/A2                              0.750000    2.421950   -1.671950 (VIOLATED)
_16137_/A2                              0.750000    2.421950   -1.671950 (VIOLATED)
_16144_/A2                              0.750000    2.421950   -1.671950 (VIOLATED)
_16152_/A2                              0.750000    2.421950   -1.671950 (VIOLATED)
_16155_/A2                              0.750000    2.421950   -1.671950 (VIOLATED)
_16159_/A2                              0.750000    2.421950   -1.671950 (VIOLATED)
_16164_/A2                              0.750000    2.421950   -1.671950 (VIOLATED)
_16171_/A2                              0.750000    2.421950   -1.671950 (VIOLATED)
_16176_/A2                              0.750000    2.421950   -1.671950 (VIOLATED)
_16179_/A2                              0.750000    2.421950   -1.671950 (VIOLATED)
_16196_/B1                              0.750000    2.421950   -1.671950 (VIOLATED)
_16199_/A2                              0.750000    2.421950   -1.671950 (VIOLATED)
_16205_/A2                              0.750000    2.421950   -1.671950 (VIOLATED)
_16209_/A2                              0.750000    2.421950   -1.671950 (VIOLATED)
_16212_/A2                              0.750000    2.421950   -1.671950 (VIOLATED)
_16218_/A2                              0.750000    2.421950   -1.671950 (VIOLATED)
_16224_/A2                              0.750000    2.421950   -1.671950 (VIOLATED)
_16227_/B1                              0.750000    2.421950   -1.671950 (VIOLATED)
_16236_/A2                              0.750000    2.421950   -1.671950 (VIOLATED)
_16240_/A2                              0.750000    2.421950   -1.671950 (VIOLATED)
_16247_/A2                              0.750000    2.421950   -1.671950 (VIOLATED)
_16253_/A2                              0.750000    2.421950   -1.671950 (VIOLATED)
_16257_/A2                              0.750000    2.421950   -1.671950 (VIOLATED)
_16262_/B1                              0.750000    2.421950   -1.671950 (VIOLATED)
_16270_/A2                              0.750000    2.421950   -1.671950 (VIOLATED)
_16272_/A2                              0.750000    2.421950   -1.671950 (VIOLATED)
_16280_/A2                              0.750000    2.421950   -1.671950 (VIOLATED)
_16283_/B1                              0.750000    2.421950   -1.671950 (VIOLATED)
_16292_/A2                              0.750000    2.421950   -1.671950 (VIOLATED)
_16297_/A2                              0.750000    2.421950   -1.671950 (VIOLATED)
_16301_/A2                              0.750000    2.421950   -1.671950 (VIOLATED)
_16307_/B1                              0.750000    2.421950   -1.671950 (VIOLATED)
_16315_/A2                              0.750000    2.421950   -1.671950 (VIOLATED)
_16317_/A2                              0.750000    2.421950   -1.671950 (VIOLATED)
_16323_/A2                              0.750000    2.421950   -1.671950 (VIOLATED)
_16330_/B1                              0.750000    2.421950   -1.671950 (VIOLATED)
_16338_/A2                              0.750000    2.421950   -1.671950 (VIOLATED)
_16340_/A2                              0.750000    2.421950   -1.671950 (VIOLATED)
_16347_/A2                              0.750000    2.421950   -1.671950 (VIOLATED)
_16350_/A2                              0.750000    2.421950   -1.671950 (VIOLATED)
_16356_/A2                              0.750000    2.421950   -1.671950 (VIOLATED)
_16362_/A2                              0.750000    2.421950   -1.671950 (VIOLATED)
_16377_/B                               0.750000    2.421950   -1.671950 (VIOLATED)
_16387_/A2                              0.750000    2.421950   -1.671950 (VIOLATED)
_16390_/B1                              0.750000    2.421950   -1.671950 (VIOLATED)
_16395_/B1                              0.750000    2.421950   -1.671950 (VIOLATED)
_16402_/A2                              0.750000    2.421950   -1.671950 (VIOLATED)
_16407_/A2                              0.750000    2.421950   -1.671950 (VIOLATED)
_16414_/A2                              0.750000    2.421950   -1.671950 (VIOLATED)
_16418_/A2                              0.750000    2.421950   -1.671950 (VIOLATED)
_16422_/B1                              0.750000    2.421950   -1.671950 (VIOLATED)
_16429_/B1                              0.750000    2.421950   -1.671950 (VIOLATED)
_16434_/A2                              0.750000    2.421950   -1.671950 (VIOLATED)
_16440_/A2                              0.750000    2.421950   -1.671950 (VIOLATED)
_16444_/B1                              0.750000    2.421950   -1.671950 (VIOLATED)
_16450_/B1                              0.750000    2.421950   -1.671950 (VIOLATED)
_16454_/B1                              0.750000    2.421950   -1.671950 (VIOLATED)
_16461_/A2                              0.750000    2.421950   -1.671950 (VIOLATED)
_16466_/A2                              0.750000    2.421950   -1.671950 (VIOLATED)
_16474_/A2                              0.750000    2.421950   -1.671950 (VIOLATED)
_16478_/B1                              0.750000    2.421950   -1.671950 (VIOLATED)
_16482_/B1                              0.750000    2.421950   -1.671950 (VIOLATED)
_16489_/B1                              0.750000    2.421950   -1.671950 (VIOLATED)
_16494_/A2                              0.750000    2.421950   -1.671950 (VIOLATED)
_16499_/A2                              0.750000    2.421950   -1.671950 (VIOLATED)
_16501_/A2                              0.750000    2.421950   -1.671950 (VIOLATED)
_16510_/A2                              0.750000    2.421950   -1.671950 (VIOLATED)
_16513_/A2                              0.750000    2.421950   -1.671950 (VIOLATED)
_16520_/A2                              0.750000    2.421950   -1.671950 (VIOLATED)
_16525_/A2                              0.750000    2.421950   -1.671950 (VIOLATED)
_16532_/B1                              0.750000    2.421950   -1.671950 (VIOLATED)
_16535_/A2                              0.750000    2.421950   -1.671950 (VIOLATED)
_16542_/B1                              0.750000    2.421950   -1.671950 (VIOLATED)
_16547_/A2                              0.750000    2.421950   -1.671950 (VIOLATED)
_13033_/X                               0.750000    2.396350   -1.646350 (VIOLATED)
_13034_/A                               0.750000    2.396350   -1.646350 (VIOLATED)
_13053_/C                               0.750000    2.396350   -1.646350 (VIOLATED)
_13143_/B                               0.750000    2.396350   -1.646350 (VIOLATED)
_13380_/B                               0.750000    2.396350   -1.646350 (VIOLATED)
_13690_/A                               0.750000    2.396350   -1.646350 (VIOLATED)
_14042_/B                               0.750000    2.396350   -1.646350 (VIOLATED)
_14333_/B                               0.750000    2.396350   -1.646350 (VIOLATED)
_14660_/B                               0.750000    2.396350   -1.646350 (VIOLATED)
_15059_/C                               0.750000    2.396350   -1.646350 (VIOLATED)
_15089_/B1                              0.750000    2.396350   -1.646350 (VIOLATED)
_15093_/B1                              0.750000    2.396350   -1.646350 (VIOLATED)
_15101_/A2                              0.750000    2.396350   -1.646350 (VIOLATED)
_15105_/B1                              0.750000    2.396350   -1.646350 (VIOLATED)
_15110_/B1                              0.750000    2.396350   -1.646350 (VIOLATED)
_15114_/B1                              0.750000    2.396350   -1.646350 (VIOLATED)
_15119_/B1                              0.750000    2.396350   -1.646350 (VIOLATED)
_15126_/B1                              0.750000    2.396350   -1.646350 (VIOLATED)
_15133_/B1                              0.750000    2.396350   -1.646350 (VIOLATED)
_15139_/B1                              0.750000    2.396350   -1.646350 (VIOLATED)
_15143_/B1                              0.750000    2.396350   -1.646350 (VIOLATED)
_15149_/B1                              0.750000    2.396350   -1.646350 (VIOLATED)
_15155_/B1                              0.750000    2.396350   -1.646350 (VIOLATED)
_15158_/B1                              0.750000    2.396350   -1.646350 (VIOLATED)
_15165_/B1                              0.750000    2.396350   -1.646350 (VIOLATED)
_15169_/B1                              0.750000    2.396350   -1.646350 (VIOLATED)
_15177_/B1                              0.750000    2.396350   -1.646350 (VIOLATED)
_15185_/A2                              0.750000    2.396350   -1.646350 (VIOLATED)
_15189_/B1                              0.750000    2.396350   -1.646350 (VIOLATED)
_15195_/B1                              0.750000    2.396350   -1.646350 (VIOLATED)
_15197_/B1                              0.750000    2.396350   -1.646350 (VIOLATED)
_15203_/B1                              0.750000    2.396350   -1.646350 (VIOLATED)
_15207_/B1                              0.750000    2.396350   -1.646350 (VIOLATED)
_15215_/B1                              0.750000    2.396350   -1.646350 (VIOLATED)
_15220_/B1                              0.750000    2.396350   -1.646350 (VIOLATED)
_15225_/B1                              0.750000    2.396350   -1.646350 (VIOLATED)
_15234_/B1                              0.750000    2.396350   -1.646350 (VIOLATED)
_15238_/B1                              0.750000    2.396350   -1.646350 (VIOLATED)
_15241_/B1                              0.750000    2.396350   -1.646350 (VIOLATED)
_15246_/B1                              0.750000    2.396350   -1.646350 (VIOLATED)
_15253_/A2                              0.750000    2.396350   -1.646350 (VIOLATED)
_15258_/B1                              0.750000    2.396350   -1.646350 (VIOLATED)
_15277_/B1                              0.750000    2.396350   -1.646350 (VIOLATED)
_15282_/B1                              0.750000    2.396350   -1.646350 (VIOLATED)
_15290_/B1                              0.750000    2.396350   -1.646350 (VIOLATED)
_15295_/B1                              0.750000    2.396350   -1.646350 (VIOLATED)
_15300_/B1                              0.750000    2.396350   -1.646350 (VIOLATED)
_15303_/B1                              0.750000    2.396350   -1.646350 (VIOLATED)
_15308_/B1                              0.750000    2.396350   -1.646350 (VIOLATED)
_15313_/B1                              0.750000    2.396350   -1.646350 (VIOLATED)
_15321_/B1                              0.750000    2.396350   -1.646350 (VIOLATED)
_15326_/B1                              0.750000    2.396350   -1.646350 (VIOLATED)
_15332_/B1                              0.750000    2.396350   -1.646350 (VIOLATED)
_15337_/B1                              0.750000    2.396350   -1.646350 (VIOLATED)
_15344_/A2                              0.750000    2.396350   -1.646350 (VIOLATED)
_15345_/B1                              0.750000    2.396350   -1.646350 (VIOLATED)
_15352_/B1                              0.750000    2.396350   -1.646350 (VIOLATED)
_15359_/A2                              0.750000    2.396350   -1.646350 (VIOLATED)
_15363_/B1                              0.750000    2.396350   -1.646350 (VIOLATED)
_15372_/B1                              0.750000    2.396350   -1.646350 (VIOLATED)
_15376_/B1                              0.750000    2.396350   -1.646350 (VIOLATED)
_15379_/B1                              0.750000    2.396350   -1.646350 (VIOLATED)
_15389_/A2                              0.750000    2.396350   -1.646350 (VIOLATED)
_15393_/B1                              0.750000    2.396350   -1.646350 (VIOLATED)
_15397_/B1                              0.750000    2.396350   -1.646350 (VIOLATED)
_15400_/B1                              0.750000    2.396350   -1.646350 (VIOLATED)
_15407_/B1                              0.750000    2.396350   -1.646350 (VIOLATED)
_15414_/A2                              0.750000    2.396350   -1.646350 (VIOLATED)
_15418_/B1                              0.750000    2.396350   -1.646350 (VIOLATED)
_15424_/A2                              0.750000    2.396350   -1.646350 (VIOLATED)
_15428_/B1                              0.750000    2.396350   -1.646350 (VIOLATED)
_15434_/B1                              0.750000    2.396350   -1.646350 (VIOLATED)
_15440_/B1                              0.750000    2.396350   -1.646350 (VIOLATED)
_15444_/B1                              0.750000    2.396350   -1.646350 (VIOLATED)
_15462_/B1                              0.750000    2.396350   -1.646350 (VIOLATED)
_15464_/B1                              0.750000    2.396350   -1.646350 (VIOLATED)
_15473_/B1                              0.750000    2.396350   -1.646350 (VIOLATED)
_15478_/B                               0.750000    2.396350   -1.646350 (VIOLATED)
_15481_/B1                              0.750000    2.396350   -1.646350 (VIOLATED)
_15490_/A2                              0.750000    2.396350   -1.646350 (VIOLATED)
_15494_/B1                              0.750000    2.396350   -1.646350 (VIOLATED)
_15499_/B1                              0.750000    2.396350   -1.646350 (VIOLATED)
_15508_/A2                              0.750000    2.396350   -1.646350 (VIOLATED)
_15510_/B1                              0.750000    2.396350   -1.646350 (VIOLATED)
_15517_/B1                              0.750000    2.396350   -1.646350 (VIOLATED)
_15523_/A2                              0.750000    2.396350   -1.646350 (VIOLATED)
_15528_/B1                              0.750000    2.396350   -1.646350 (VIOLATED)
_15533_/B1                              0.750000    2.396350   -1.646350 (VIOLATED)
_15537_/B1                              0.750000    2.396350   -1.646350 (VIOLATED)
_15543_/B1                              0.750000    2.396350   -1.646350 (VIOLATED)
_15552_/B1                              0.750000    2.396350   -1.646350 (VIOLATED)
_15556_/B1                              0.750000    2.396350   -1.646350 (VIOLATED)
_15559_/B1                              0.750000    2.396350   -1.646350 (VIOLATED)
_15565_/B1                              0.750000    2.396350   -1.646350 (VIOLATED)
_15568_/B1                              0.750000    2.396350   -1.646350 (VIOLATED)
_15573_/B1                              0.750000    2.396350   -1.646350 (VIOLATED)
_15578_/B1                              0.750000    2.396350   -1.646350 (VIOLATED)
_15585_/B1                              0.750000    2.396350   -1.646350 (VIOLATED)
_15591_/B1                              0.750000    2.396350   -1.646350 (VIOLATED)
_15599_/A2                              0.750000    2.396350   -1.646350 (VIOLATED)
_15605_/B1                              0.750000    2.396350   -1.646350 (VIOLATED)
_15610_/B1                              0.750000    2.396350   -1.646350 (VIOLATED)
_15614_/B1                              0.750000    2.396350   -1.646350 (VIOLATED)
_15620_/B1                              0.750000    2.396350   -1.646350 (VIOLATED)
_15623_/B1                              0.750000    2.396350   -1.646350 (VIOLATED)
_15631_/B1                              0.750000    2.396350   -1.646350 (VIOLATED)
_15645_/A2                              0.750000    2.396350   -1.646350 (VIOLATED)
_15649_/B1                              0.750000    2.396350   -1.646350 (VIOLATED)
_15655_/B1                              0.750000    2.396350   -1.646350 (VIOLATED)
_15662_/A2                              0.750000    2.396350   -1.646350 (VIOLATED)
_15666_/B1                              0.750000    2.396350   -1.646350 (VIOLATED)
_15671_/B1                              0.750000    2.396350   -1.646350 (VIOLATED)
_15677_/B1                              0.750000    2.396350   -1.646350 (VIOLATED)
_15682_/B1                              0.750000    2.396350   -1.646350 (VIOLATED)
_15690_/A2                              0.750000    2.396350   -1.646350 (VIOLATED)
_15696_/A2                              0.750000    2.396350   -1.646350 (VIOLATED)
_15702_/A2                              0.750000    2.396350   -1.646350 (VIOLATED)
_15707_/A2                              0.750000    2.396350   -1.646350 (VIOLATED)
_15710_/B1                              0.750000    2.396350   -1.646350 (VIOLATED)
_15715_/B1                              0.750000    2.396350   -1.646350 (VIOLATED)
_15721_/B1                              0.750000    2.396350   -1.646350 (VIOLATED)
_15725_/B1                              0.750000    2.396350   -1.646350 (VIOLATED)
_15732_/B1                              0.750000    2.396350   -1.646350 (VIOLATED)
_15738_/A2                              0.750000    2.396350   -1.646350 (VIOLATED)
_15742_/B1                              0.750000    2.396350   -1.646350 (VIOLATED)
_15748_/B1                              0.750000    2.396350   -1.646350 (VIOLATED)
_15753_/B1                              0.750000    2.396350   -1.646350 (VIOLATED)
_15756_/B1                              0.750000    2.396350   -1.646350 (VIOLATED)
_15763_/B1                              0.750000    2.396350   -1.646350 (VIOLATED)
_15769_/B1                              0.750000    2.396350   -1.646350 (VIOLATED)
_15775_/B1                              0.750000    2.396350   -1.646350 (VIOLATED)
_15782_/A2                              0.750000    2.396350   -1.646350 (VIOLATED)
_15789_/A2                              0.750000    2.396350   -1.646350 (VIOLATED)
_15793_/A2                              0.750000    2.396350   -1.646350 (VIOLATED)
_15798_/B1                              0.750000    2.396350   -1.646350 (VIOLATED)
_15803_/B1                              0.750000    2.396350   -1.646350 (VIOLATED)
_15809_/B1                              0.750000    2.396350   -1.646350 (VIOLATED)
_15816_/A2                              0.750000    2.396350   -1.646350 (VIOLATED)
_15828_/B1                              0.750000    2.396350   -1.646350 (VIOLATED)
_15833_/B1                              0.750000    2.396350   -1.646350 (VIOLATED)
_15841_/B1                              0.750000    2.396350   -1.646350 (VIOLATED)
_15846_/B1                              0.750000    2.396350   -1.646350 (VIOLATED)
_15852_/B1                              0.750000    2.396350   -1.646350 (VIOLATED)
_15856_/B1                              0.750000    2.396350   -1.646350 (VIOLATED)
_15861_/B1                              0.750000    2.396350   -1.646350 (VIOLATED)
_15865_/B1                              0.750000    2.396350   -1.646350 (VIOLATED)
_15874_/A2                              0.750000    2.396350   -1.646350 (VIOLATED)
_15880_/A2                              0.750000    2.396350   -1.646350 (VIOLATED)
_15882_/B1                              0.750000    2.396350   -1.646350 (VIOLATED)
_15890_/A2                              0.750000    2.396350   -1.646350 (VIOLATED)
_15893_/B1                              0.750000    2.396350   -1.646350 (VIOLATED)
_15901_/A2                              0.750000    2.396350   -1.646350 (VIOLATED)
_15906_/B1                              0.750000    2.396350   -1.646350 (VIOLATED)
_15911_/B1                              0.750000    2.396350   -1.646350 (VIOLATED)
_15920_/B1                              0.750000    2.396350   -1.646350 (VIOLATED)
_15925_/B1                              0.750000    2.396350   -1.646350 (VIOLATED)
_15927_/B1                              0.750000    2.396350   -1.646350 (VIOLATED)
_15934_/B1                              0.750000    2.396350   -1.646350 (VIOLATED)
_15939_/B1                              0.750000    2.396350   -1.646350 (VIOLATED)
_15945_/B1                              0.750000    2.396350   -1.646350 (VIOLATED)
_15949_/B1                              0.750000    2.396350   -1.646350 (VIOLATED)
_15953_/B1                              0.750000    2.396350   -1.646350 (VIOLATED)
_15962_/B1                              0.750000    2.396350   -1.646350 (VIOLATED)
_15966_/B1                              0.750000    2.396350   -1.646350 (VIOLATED)
_15971_/B1                              0.750000    2.396350   -1.646350 (VIOLATED)
_15979_/A2                              0.750000    2.396350   -1.646350 (VIOLATED)
_15984_/B1                              0.750000    2.396350   -1.646350 (VIOLATED)
_15989_/B1                              0.750000    2.396350   -1.646350 (VIOLATED)
_15994_/B1                              0.750000    2.396350   -1.646350 (VIOLATED)
_16002_/A2                              0.750000    2.396350   -1.646350 (VIOLATED)
_16014_/B1                              0.750000    2.396350   -1.646350 (VIOLATED)
_16019_/B1                              0.750000    2.396350   -1.646350 (VIOLATED)
_16027_/B1                              0.750000    2.396350   -1.646350 (VIOLATED)
_16030_/B1                              0.750000    2.396350   -1.646350 (VIOLATED)
_16037_/B1                              0.750000    2.396350   -1.646350 (VIOLATED)
_16043_/B1                              0.750000    2.396350   -1.646350 (VIOLATED)
_16047_/B1                              0.750000    2.396350   -1.646350 (VIOLATED)
_16052_/B1                              0.750000    2.396350   -1.646350 (VIOLATED)
_16058_/B1                              0.750000    2.396350   -1.646350 (VIOLATED)
_16065_/A2                              0.750000    2.396350   -1.646350 (VIOLATED)
_16070_/A2                              0.750000    2.396350   -1.646350 (VIOLATED)
_16075_/B1                              0.750000    2.396350   -1.646350 (VIOLATED)
_16081_/A2                              0.750000    2.396350   -1.646350 (VIOLATED)
_16086_/A2                              0.750000    2.396350   -1.646350 (VIOLATED)
_16090_/B1                              0.750000    2.396350   -1.646350 (VIOLATED)
_16095_/B1                              0.750000    2.396350   -1.646350 (VIOLATED)
_16104_/B1                              0.750000    2.396350   -1.646350 (VIOLATED)
_16109_/B1                              0.750000    2.396350   -1.646350 (VIOLATED)
_16111_/B1                              0.750000    2.396350   -1.646350 (VIOLATED)
_16118_/B1                              0.750000    2.396350   -1.646350 (VIOLATED)
_16123_/B1                              0.750000    2.396350   -1.646350 (VIOLATED)
_16130_/B1                              0.750000    2.396350   -1.646350 (VIOLATED)
_16135_/B1                              0.750000    2.396350   -1.646350 (VIOLATED)
_16138_/B1                              0.750000    2.396350   -1.646350 (VIOLATED)
_16147_/B1                              0.750000    2.396350   -1.646350 (VIOLATED)
_16150_/B1                              0.750000    2.396350   -1.646350 (VIOLATED)
_16156_/B1                              0.750000    2.396350   -1.646350 (VIOLATED)
_16162_/B1                              0.750000    2.396350   -1.646350 (VIOLATED)
_16165_/B1                              0.750000    2.396350   -1.646350 (VIOLATED)
_16170_/B1                              0.750000    2.396350   -1.646350 (VIOLATED)
_16173_/B                               0.750000    2.396350   -1.646350 (VIOLATED)
_16182_/B1                              0.750000    2.396350   -1.646350 (VIOLATED)
_16193_/B1                              0.750000    2.396350   -1.646350 (VIOLATED)
_16199_/B1                              0.750000    2.396350   -1.646350 (VIOLATED)
_16203_/B1                              0.750000    2.396350   -1.646350 (VIOLATED)
_16209_/B1                              0.750000    2.396350   -1.646350 (VIOLATED)
_16213_/B1                              0.750000    2.396350   -1.646350 (VIOLATED)
_16218_/B1                              0.750000    2.396350   -1.646350 (VIOLATED)
_16226_/A2                              0.750000    2.396350   -1.646350 (VIOLATED)
_16228_/B1                              0.750000    2.396350   -1.646350 (VIOLATED)
_16238_/B1                              0.750000    2.396350   -1.646350 (VIOLATED)
_16242_/B1                              0.750000    2.396350   -1.646350 (VIOLATED)
_16249_/B1                              0.750000    2.396350   -1.646350 (VIOLATED)
_16252_/B1                              0.750000    2.396350   -1.646350 (VIOLATED)
_16256_/B1                              0.750000    2.396350   -1.646350 (VIOLATED)
_16263_/B1                              0.750000    2.396350   -1.646350 (VIOLATED)
_16269_/A2                              0.750000    2.396350   -1.646350 (VIOLATED)
_16273_/B1                              0.750000    2.396350   -1.646350 (VIOLATED)
_16278_/B1                              0.750000    2.396350   -1.646350 (VIOLATED)
_16285_/B1                              0.750000    2.396350   -1.646350 (VIOLATED)
_16293_/A2                              0.750000    2.396350   -1.646350 (VIOLATED)
_16295_/B1                              0.750000    2.396350   -1.646350 (VIOLATED)
_16300_/B1                              0.750000    2.396350   -1.646350 (VIOLATED)
_16305_/B1                              0.750000    2.396350   -1.646350 (VIOLATED)
_16312_/B1                              0.750000    2.396350   -1.646350 (VIOLATED)
_16319_/A2                              0.750000    2.396350   -1.646350 (VIOLATED)
_16324_/B1                              0.750000    2.396350   -1.646350 (VIOLATED)
_16329_/B1                              0.750000    2.396350   -1.646350 (VIOLATED)
_16334_/B1                              0.750000    2.396350   -1.646350 (VIOLATED)
_16342_/A2                              0.750000    2.396350   -1.646350 (VIOLATED)
_16348_/A2                              0.750000    2.396350   -1.646350 (VIOLATED)
_16354_/A2                              0.750000    2.396350   -1.646350 (VIOLATED)
_16356_/B1                              0.750000    2.396350   -1.646350 (VIOLATED)
_16363_/B1                              0.750000    2.396350   -1.646350 (VIOLATED)
_16379_/B1                              0.750000    2.396350   -1.646350 (VIOLATED)
_16386_/B1                              0.750000    2.396350   -1.646350 (VIOLATED)
_16392_/B1                              0.750000    2.396350   -1.646350 (VIOLATED)
_16393_/B1                              0.750000    2.396350   -1.646350 (VIOLATED)
_16400_/B1                              0.750000    2.396350   -1.646350 (VIOLATED)
_16405_/B1                              0.750000    2.396350   -1.646350 (VIOLATED)
_16412_/B1                              0.750000    2.396350   -1.646350 (VIOLATED)
_16418_/B1                              0.750000    2.396350   -1.646350 (VIOLATED)
_16425_/B1                              0.750000    2.396350   -1.646350 (VIOLATED)
_16428_/B1                              0.750000    2.396350   -1.646350 (VIOLATED)
_16434_/B1                              0.750000    2.396350   -1.646350 (VIOLATED)
_16441_/B1                              0.750000    2.396350   -1.646350 (VIOLATED)
_16446_/B1                              0.750000    2.396350   -1.646350 (VIOLATED)
_16451_/A2                              0.750000    2.396350   -1.646350 (VIOLATED)
_16453_/B1                              0.750000    2.396350   -1.646350 (VIOLATED)
_16459_/B1                              0.750000    2.396350   -1.646350 (VIOLATED)
_16465_/B1                              0.750000    2.396350   -1.646350 (VIOLATED)
_16472_/B1                              0.750000    2.396350   -1.646350 (VIOLATED)
_16476_/B1                              0.750000    2.396350   -1.646350 (VIOLATED)
_16483_/A2                              0.750000    2.396350   -1.646350 (VIOLATED)
_16487_/B1                              0.750000    2.396350   -1.646350 (VIOLATED)
_16493_/B1                              0.750000    2.396350   -1.646350 (VIOLATED)
_16498_/B1                              0.750000    2.396350   -1.646350 (VIOLATED)
_16501_/B1                              0.750000    2.396350   -1.646350 (VIOLATED)
_16510_/B1                              0.750000    2.396350   -1.646350 (VIOLATED)
_16513_/B1                              0.750000    2.396350   -1.646350 (VIOLATED)
_16520_/B1                              0.750000    2.396350   -1.646350 (VIOLATED)
_16525_/B1                              0.750000    2.396350   -1.646350 (VIOLATED)
_16534_/A2                              0.750000    2.396350   -1.646350 (VIOLATED)
_16539_/A2                              0.750000    2.396350   -1.646350 (VIOLATED)
_16544_/A2                              0.750000    2.396350   -1.646350 (VIOLATED)
_16550_/A2                              0.750000    2.396350   -1.646350 (VIOLATED)
ui_in[1]                                0.750000    2.203202   -1.453203 (VIOLATED)
_11801_/A                               0.750000    2.203202   -1.453203 (VIOLATED)
_11803_/S1                              0.750000    2.203202   -1.453203 (VIOLATED)
_11805_/S1                              0.750000    2.203202   -1.453203 (VIOLATED)
_11808_/S1                              0.750000    2.203202   -1.453203 (VIOLATED)
_11810_/B                               0.750000    2.203202   -1.453203 (VIOLATED)
_11815_/S1                              0.750000    2.203202   -1.453203 (VIOLATED)
_11817_/S1                              0.750000    2.203202   -1.453203 (VIOLATED)
_11819_/S1                              0.750000    2.203202   -1.453203 (VIOLATED)
_11824_/S1                              0.750000    2.203202   -1.453203 (VIOLATED)
_11825_/S1                              0.750000    2.203202   -1.453203 (VIOLATED)
_11828_/S1                              0.750000    2.203202   -1.453203 (VIOLATED)
_11833_/S1                              0.750000    2.203202   -1.453203 (VIOLATED)
_11835_/S1                              0.750000    2.203202   -1.453203 (VIOLATED)
_11837_/S1                              0.750000    2.203202   -1.453203 (VIOLATED)
_11843_/S1                              0.750000    2.203202   -1.453203 (VIOLATED)
_11845_/S1                              0.750000    2.203202   -1.453203 (VIOLATED)
_11847_/S1                              0.750000    2.203202   -1.453203 (VIOLATED)
_11854_/S1                              0.750000    2.203202   -1.453203 (VIOLATED)
_11855_/S1                              0.750000    2.203202   -1.453203 (VIOLATED)
_11858_/S1                              0.750000    2.203202   -1.453203 (VIOLATED)
_11863_/S1                              0.750000    2.203202   -1.453203 (VIOLATED)
_11865_/S1                              0.750000    2.203202   -1.453203 (VIOLATED)
_11867_/S1                              0.750000    2.203202   -1.453203 (VIOLATED)
_11873_/S1                              0.750000    2.203202   -1.453203 (VIOLATED)
_11874_/S1                              0.750000    2.203202   -1.453203 (VIOLATED)
_11877_/S1                              0.750000    2.203202   -1.453203 (VIOLATED)
_11884_/S1                              0.750000    2.203202   -1.453203 (VIOLATED)
_11886_/S1                              0.750000    2.203202   -1.453203 (VIOLATED)
_11890_/B1_N                            0.750000    2.203202   -1.453203 (VIOLATED)
_11893_/A                               0.750000    2.203202   -1.453203 (VIOLATED)
_11896_/S1                              0.750000    2.203202   -1.453203 (VIOLATED)
_11897_/S1                              0.750000    2.203202   -1.453203 (VIOLATED)
_11900_/S1                              0.750000    2.203202   -1.453203 (VIOLATED)
_11905_/S1                              0.750000    2.203202   -1.453203 (VIOLATED)
_11907_/S1                              0.750000    2.203202   -1.453203 (VIOLATED)
_11909_/S1                              0.750000    2.203202   -1.453203 (VIOLATED)
_11915_/S1                              0.750000    2.203202   -1.453203 (VIOLATED)
_11916_/S1                              0.750000    2.203202   -1.453203 (VIOLATED)
_11919_/S1                              0.750000    2.203202   -1.453203 (VIOLATED)
_11924_/S1                              0.750000    2.203202   -1.453203 (VIOLATED)
_11925_/S1                              0.750000    2.203202   -1.453203 (VIOLATED)
_11928_/S1                              0.750000    2.203202   -1.453203 (VIOLATED)
_11932_/S1                              0.750000    2.203202   -1.453203 (VIOLATED)
_11933_/S1                              0.750000    2.203202   -1.453203 (VIOLATED)
_11938_/S1                              0.750000    2.203202   -1.453203 (VIOLATED)
_11943_/S1                              0.750000    2.203202   -1.453203 (VIOLATED)
_11945_/S1                              0.750000    2.203202   -1.453203 (VIOLATED)
_11947_/S1                              0.750000    2.203202   -1.453203 (VIOLATED)
_11951_/S1                              0.750000    2.203202   -1.453203 (VIOLATED)
_11952_/S1                              0.750000    2.203202   -1.453203 (VIOLATED)
_11955_/S1                              0.750000    2.203202   -1.453203 (VIOLATED)
_11963_/S1                              0.750000    2.203202   -1.453203 (VIOLATED)
_11965_/S1                              0.750000    2.203202   -1.453203 (VIOLATED)
_11967_/S1                              0.750000    2.203202   -1.453203 (VIOLATED)
_11973_/S1                              0.750000    2.203202   -1.453203 (VIOLATED)
_11975_/S1                              0.750000    2.203202   -1.453203 (VIOLATED)
_11979_/S1                              0.750000    2.203202   -1.453203 (VIOLATED)
_11982_/S1                              0.750000    2.203202   -1.453203 (VIOLATED)
_11984_/S1                              0.750000    2.203202   -1.453203 (VIOLATED)
_11986_/S1                              0.750000    2.203202   -1.453203 (VIOLATED)
_11990_/S1                              0.750000    2.203202   -1.453203 (VIOLATED)
_11992_/S1                              0.750000    2.203202   -1.453203 (VIOLATED)
_11994_/S1                              0.750000    2.203202   -1.453203 (VIOLATED)
_12000_/S1                              0.750000    2.203202   -1.453203 (VIOLATED)
_12002_/S1                              0.750000    2.203202   -1.453203 (VIOLATED)
_12004_/S1                              0.750000    2.203202   -1.453203 (VIOLATED)
_12008_/S1                              0.750000    2.203202   -1.453203 (VIOLATED)
_12009_/S1                              0.750000    2.203202   -1.453203 (VIOLATED)
_12012_/S1                              0.750000    2.203202   -1.453203 (VIOLATED)
_12019_/S1                              0.750000    2.203202   -1.453203 (VIOLATED)
_12020_/S1                              0.750000    2.203202   -1.453203 (VIOLATED)
_12023_/S1                              0.750000    2.203202   -1.453203 (VIOLATED)
_12027_/S1                              0.750000    2.203202   -1.453203 (VIOLATED)
_12028_/S1                              0.750000    2.203202   -1.453203 (VIOLATED)
_12031_/S1                              0.750000    2.203202   -1.453203 (VIOLATED)
_12038_/S1                              0.750000    2.203202   -1.453203 (VIOLATED)
_12040_/S1                              0.750000    2.203202   -1.453203 (VIOLATED)
_12042_/S1                              0.750000    2.203202   -1.453203 (VIOLATED)
_12048_/S1                              0.750000    2.203202   -1.453203 (VIOLATED)
_12050_/S1                              0.750000    2.203202   -1.453203 (VIOLATED)
_12052_/S1                              0.750000    2.203202   -1.453203 (VIOLATED)
_12056_/S1                              0.750000    2.203202   -1.453203 (VIOLATED)
_12057_/S1                              0.750000    2.203202   -1.453203 (VIOLATED)
_12060_/S1                              0.750000    2.203202   -1.453203 (VIOLATED)
_12064_/S1                              0.750000    2.203202   -1.453203 (VIOLATED)
_12066_/S1                              0.750000    2.203202   -1.453203 (VIOLATED)
_12068_/S1                              0.750000    2.203202   -1.453203 (VIOLATED)
_12076_/S1                              0.750000    2.203202   -1.453203 (VIOLATED)
_12077_/S1                              0.750000    2.203202   -1.453203 (VIOLATED)
_12080_/S1                              0.750000    2.203202   -1.453203 (VIOLATED)
_12084_/S1                              0.750000    2.203202   -1.453203 (VIOLATED)
_12086_/S1                              0.750000    2.203202   -1.453203 (VIOLATED)
_12088_/S1                              0.750000    2.203202   -1.453203 (VIOLATED)
_12094_/S1                              0.750000    2.203202   -1.453203 (VIOLATED)
_12096_/S1                              0.750000    2.203202   -1.453203 (VIOLATED)
_12098_/S1                              0.750000    2.203202   -1.453203 (VIOLATED)
_12104_/S1                              0.750000    2.203202   -1.453203 (VIOLATED)
_12106_/S1                              0.750000    2.203202   -1.453203 (VIOLATED)
_12108_/S1                              0.750000    2.203202   -1.453203 (VIOLATED)
_12114_/S1                              0.750000    2.203202   -1.453203 (VIOLATED)
_12115_/S1                              0.750000    2.203202   -1.453203 (VIOLATED)
_12118_/S1                              0.750000    2.203202   -1.453203 (VIOLATED)
_12122_/S1                              0.750000    2.203202   -1.453203 (VIOLATED)
_12124_/S1                              0.750000    2.203202   -1.453203 (VIOLATED)
_12126_/S1                              0.750000    2.203202   -1.453203 (VIOLATED)
_12132_/S1                              0.750000    2.203202   -1.453203 (VIOLATED)
_12133_/S1                              0.750000    2.203202   -1.453203 (VIOLATED)
_12136_/S1                              0.750000    2.203202   -1.453203 (VIOLATED)
_12140_/S1                              0.750000    2.203202   -1.453203 (VIOLATED)
_12142_/S1                              0.750000    2.203202   -1.453203 (VIOLATED)
_12144_/S1                              0.750000    2.203202   -1.453203 (VIOLATED)
_12150_/S1                              0.750000    2.203202   -1.453203 (VIOLATED)
_12152_/S1                              0.750000    2.203202   -1.453203 (VIOLATED)
_12154_/S1                              0.750000    2.203202   -1.453203 (VIOLATED)
_12159_/S1                              0.750000    2.203202   -1.453203 (VIOLATED)
_12160_/S1                              0.750000    2.203202   -1.453203 (VIOLATED)
_12163_/S1                              0.750000    2.203202   -1.453203 (VIOLATED)
_12169_/S1                              0.750000    2.203202   -1.453203 (VIOLATED)
_12171_/S1                              0.750000    2.203202   -1.453203 (VIOLATED)
_12173_/S1                              0.750000    2.203202   -1.453203 (VIOLATED)
_12177_/S1                              0.750000    2.203202   -1.453203 (VIOLATED)
_12179_/S1                              0.750000    2.203202   -1.453203 (VIOLATED)
_12181_/S1                              0.750000    2.203202   -1.453203 (VIOLATED)
_12188_/S1                              0.750000    2.203202   -1.453203 (VIOLATED)
_12190_/S1                              0.750000    2.203202   -1.453203 (VIOLATED)
_12192_/S1                              0.750000    2.203202   -1.453203 (VIOLATED)
_12198_/S1                              0.750000    2.203202   -1.453203 (VIOLATED)
_12200_/S1                              0.750000    2.203202   -1.453203 (VIOLATED)
_12202_/S1                              0.750000    2.203202   -1.453203 (VIOLATED)
_12206_/S1                              0.750000    2.203202   -1.453203 (VIOLATED)
_12207_/S1                              0.750000    2.203202   -1.453203 (VIOLATED)
_12210_/S1                              0.750000    2.203202   -1.453203 (VIOLATED)
_12214_/S1                              0.750000    2.203202   -1.453203 (VIOLATED)
_12215_/S1                              0.750000    2.203202   -1.453203 (VIOLATED)
_12218_/S1                              0.750000    2.203202   -1.453203 (VIOLATED)
_12225_/S1                              0.750000    2.203202   -1.453203 (VIOLATED)
_12227_/S1                              0.750000    2.203202   -1.453203 (VIOLATED)
_12229_/S1                              0.750000    2.203202   -1.453203 (VIOLATED)
_12235_/S1                              0.750000    2.203202   -1.453203 (VIOLATED)
_12237_/S1                              0.750000    2.203202   -1.453203 (VIOLATED)
_12239_/S1                              0.750000    2.203202   -1.453203 (VIOLATED)
_12244_/S1                              0.750000    2.203202   -1.453203 (VIOLATED)
_12246_/S1                              0.750000    2.203202   -1.453203 (VIOLATED)
_12248_/S1                              0.750000    2.203202   -1.453203 (VIOLATED)
_12253_/S1                              0.750000    2.203202   -1.453203 (VIOLATED)
_12255_/S1                              0.750000    2.203202   -1.453203 (VIOLATED)
_12257_/S1                              0.750000    2.203202   -1.453203 (VIOLATED)
_12263_/S1                              0.750000    2.203202   -1.453203 (VIOLATED)
_12265_/S1                              0.750000    2.203202   -1.453203 (VIOLATED)
_12267_/S1                              0.750000    2.203202   -1.453203 (VIOLATED)
_12273_/S1                              0.750000    2.203202   -1.453203 (VIOLATED)
_12274_/S1                              0.750000    2.203202   -1.453203 (VIOLATED)
_12277_/S1                              0.750000    2.203202   -1.453203 (VIOLATED)
_12282_/S1                              0.750000    2.203202   -1.453203 (VIOLATED)
_12283_/S1                              0.750000    2.203202   -1.453203 (VIOLATED)
_12286_/S1                              0.750000    2.203202   -1.453203 (VIOLATED)
_12290_/S1                              0.750000    2.203202   -1.453203 (VIOLATED)
_12292_/S1                              0.750000    2.203202   -1.453203 (VIOLATED)
_12294_/S1                              0.750000    2.203202   -1.453203 (VIOLATED)
_12300_/S1                              0.750000    2.203202   -1.453203 (VIOLATED)
_12302_/S1                              0.750000    2.203202   -1.453203 (VIOLATED)
_12304_/S1                              0.750000    2.203202   -1.453203 (VIOLATED)
_12310_/S1                              0.750000    2.203202   -1.453203 (VIOLATED)
_12312_/S1                              0.750000    2.203202   -1.453203 (VIOLATED)
_12314_/S1                              0.750000    2.203202   -1.453203 (VIOLATED)
_12319_/S1                              0.750000    2.203202   -1.453203 (VIOLATED)
_12321_/S1                              0.750000    2.203202   -1.453203 (VIOLATED)
_12323_/S1                              0.750000    2.203202   -1.453203 (VIOLATED)
_12328_/S1                              0.750000    2.203202   -1.453203 (VIOLATED)
_12330_/S1                              0.750000    2.203202   -1.453203 (VIOLATED)
_12332_/S1                              0.750000    2.203202   -1.453203 (VIOLATED)
_12339_/S1                              0.750000    2.203202   -1.453203 (VIOLATED)
_12341_/S1                              0.750000    2.203202   -1.453203 (VIOLATED)
_12343_/S1                              0.750000    2.203202   -1.453203 (VIOLATED)
_12347_/S1                              0.750000    2.203202   -1.453203 (VIOLATED)
_12349_/S1                              0.750000    2.203202   -1.453203 (VIOLATED)
_12351_/S1                              0.750000    2.203202   -1.453203 (VIOLATED)
_12358_/S1                              0.750000    2.203202   -1.453203 (VIOLATED)
_12360_/S1                              0.750000    2.203202   -1.453203 (VIOLATED)
_12362_/S1                              0.750000    2.203202   -1.453203 (VIOLATED)
_12368_/S1                              0.750000    2.203202   -1.453203 (VIOLATED)
_12369_/S1                              0.750000    2.203202   -1.453203 (VIOLATED)
_12372_/S1                              0.750000    2.203202   -1.453203 (VIOLATED)
_12377_/S1                              0.750000    2.203202   -1.453203 (VIOLATED)
_12379_/S1                              0.750000    2.203202   -1.453203 (VIOLATED)
_12381_/S1                              0.750000    2.203202   -1.453203 (VIOLATED)
_12387_/S1                              0.750000    2.203202   -1.453203 (VIOLATED)
_12389_/S1                              0.750000    2.203202   -1.453203 (VIOLATED)
_12391_/S1                              0.750000    2.203202   -1.453203 (VIOLATED)
_12395_/S1                              0.750000    2.203202   -1.453203 (VIOLATED)
_12396_/S1                              0.750000    2.203202   -1.453203 (VIOLATED)
_12399_/S1                              0.750000    2.203202   -1.453203 (VIOLATED)
_12403_/S1                              0.750000    2.203202   -1.453203 (VIOLATED)
_12404_/S1                              0.750000    2.203202   -1.453203 (VIOLATED)
_12407_/S1                              0.750000    2.203202   -1.453203 (VIOLATED)
_09269_/X                               0.750000    1.808740   -1.058740 (VIOLATED)
_09283_/A1                              0.750000    1.808740   -1.058740 (VIOLATED)
_09291_/B1                              0.750000    1.808740   -1.058740 (VIOLATED)
_09295_/B2                              0.750000    1.808740   -1.058740 (VIOLATED)
_09301_/A1                              0.750000    1.808740   -1.058740 (VIOLATED)
_09323_/B2                              0.750000    1.808740   -1.058740 (VIOLATED)
_09330_/A1                              0.750000    1.808740   -1.058740 (VIOLATED)
_09340_/B1                              0.750000    1.808740   -1.058740 (VIOLATED)
_09343_/B1                              0.750000    1.808740   -1.058740 (VIOLATED)
_09354_/A2                              0.750000    1.808740   -1.058740 (VIOLATED)
_09358_/A2                              0.750000    1.808740   -1.058740 (VIOLATED)
_09361_/A1                              0.750000    1.808740   -1.058740 (VIOLATED)
_09460_/B2                              0.750000    1.808740   -1.058740 (VIOLATED)
_09466_/A1                              0.750000    1.808740   -1.058740 (VIOLATED)
_09473_/B2                              0.750000    1.808740   -1.058740 (VIOLATED)
_09483_/B2                              0.750000    1.808740   -1.058740 (VIOLATED)
_09844_/A2                              0.750000    1.808740   -1.058740 (VIOLATED)
_09849_/A2                              0.750000    1.808740   -1.058740 (VIOLATED)
_09852_/B1                              0.750000    1.808740   -1.058740 (VIOLATED)
_09855_/B1                              0.750000    1.808740   -1.058740 (VIOLATED)
_09859_/A2                              0.750000    1.808740   -1.058740 (VIOLATED)
_09862_/A2                              0.750000    1.808740   -1.058740 (VIOLATED)
_09866_/B2                              0.750000    1.808740   -1.058740 (VIOLATED)
_10527_/A1                              0.750000    1.808740   -1.058740 (VIOLATED)
_10532_/A1                              0.750000    1.808740   -1.058740 (VIOLATED)
_10543_/B2                              0.750000    1.808740   -1.058740 (VIOLATED)
_10551_/B2                              0.750000    1.808740   -1.058740 (VIOLATED)
_10561_/B2                              0.750000    1.808740   -1.058740 (VIOLATED)
_10571_/B2                              0.750000    1.808740   -1.058740 (VIOLATED)
_10578_/B2                              0.750000    1.808740   -1.058740 (VIOLATED)
_10584_/B2                              0.750000    1.808740   -1.058740 (VIOLATED)
_10604_/A1                              0.750000    1.808740   -1.058740 (VIOLATED)
_10610_/A                               0.750000    1.808740   -1.058740 (VIOLATED)
_10619_/A1                              0.750000    1.808740   -1.058740 (VIOLATED)
_10621_/B1                              0.750000    1.808740   -1.058740 (VIOLATED)
_10628_/B1                              0.750000    1.808740   -1.058740 (VIOLATED)
_10631_/B1                              0.750000    1.808740   -1.058740 (VIOLATED)
_10634_/A2                              0.750000    1.808740   -1.058740 (VIOLATED)
_10637_/A2                              0.750000    1.808740   -1.058740 (VIOLATED)
_10641_/A2                              0.750000    1.808740   -1.058740 (VIOLATED)
_10645_/B1                              0.750000    1.808740   -1.058740 (VIOLATED)
_10650_/B2                              0.750000    1.808740   -1.058740 (VIOLATED)
_10658_/A2                              0.750000    1.808740   -1.058740 (VIOLATED)
_10661_/A2                              0.750000    1.808740   -1.058740 (VIOLATED)
_10665_/A2                              0.750000    1.808740   -1.058740 (VIOLATED)
_10666_/A2                              0.750000    1.808740   -1.058740 (VIOLATED)
_10673_/A2                              0.750000    1.808740   -1.058740 (VIOLATED)
_10676_/A2                              0.750000    1.808740   -1.058740 (VIOLATED)
_10679_/A1                              0.750000    1.808740   -1.058740 (VIOLATED)
_10687_/B1                              0.750000    1.808740   -1.058740 (VIOLATED)
_10690_/B1                              0.750000    1.808740   -1.058740 (VIOLATED)
_10693_/A2                              0.750000    1.808740   -1.058740 (VIOLATED)
_10696_/A2                              0.750000    1.808740   -1.058740 (VIOLATED)
_10701_/A2                              0.750000    1.808740   -1.058740 (VIOLATED)
_10703_/A2                              0.750000    1.808740   -1.058740 (VIOLATED)
_10709_/B2                              0.750000    1.808740   -1.058740 (VIOLATED)
_10718_/A2                              0.750000    1.808740   -1.058740 (VIOLATED)
_10721_/B1                              0.750000    1.808740   -1.058740 (VIOLATED)
_10724_/B1                              0.750000    1.808740   -1.058740 (VIOLATED)
_10727_/B1                              0.750000    1.808740   -1.058740 (VIOLATED)
_10732_/A2                              0.750000    1.808740   -1.058740 (VIOLATED)
_10733_/A2                              0.750000    1.808740   -1.058740 (VIOLATED)
_10738_/B2                              0.750000    1.808740   -1.058740 (VIOLATED)
_10747_/A2                              0.750000    1.808740   -1.058740 (VIOLATED)
_10750_/A2                              0.750000    1.808740   -1.058740 (VIOLATED)
_10754_/B1                              0.750000    1.808740   -1.058740 (VIOLATED)
_10757_/B1                              0.750000    1.808740   -1.058740 (VIOLATED)
_10761_/A2                              0.750000    1.808740   -1.058740 (VIOLATED)
_10764_/A2                              0.750000    1.808740   -1.058740 (VIOLATED)
_10768_/B2                              0.750000    1.808740   -1.058740 (VIOLATED)
_10780_/B1                              0.750000    1.808740   -1.058740 (VIOLATED)
_10783_/B1                              0.750000    1.808740   -1.058740 (VIOLATED)
_10787_/A2                              0.750000    1.808740   -1.058740 (VIOLATED)
_10790_/A2                              0.750000    1.808740   -1.058740 (VIOLATED)
_10795_/B1                              0.750000    1.808740   -1.058740 (VIOLATED)
_10796_/A2                              0.750000    1.808740   -1.058740 (VIOLATED)
_10802_/B2                              0.750000    1.808740   -1.058740 (VIOLATED)
_10811_/A2                              0.750000    1.808740   -1.058740 (VIOLATED)
_10814_/A2                              0.750000    1.808740   -1.058740 (VIOLATED)
_10818_/A2                              0.750000    1.808740   -1.058740 (VIOLATED)
_10821_/A2                              0.750000    1.808740   -1.058740 (VIOLATED)
_10826_/A2                              0.750000    1.808740   -1.058740 (VIOLATED)
_10829_/A2                              0.750000    1.808740   -1.058740 (VIOLATED)
_10833_/A1                              0.750000    1.808740   -1.058740 (VIOLATED)
_10844_/A2                              0.750000    1.808740   -1.058740 (VIOLATED)
_10847_/A2                              0.750000    1.808740   -1.058740 (VIOLATED)
_10851_/A2                              0.750000    1.808740   -1.058740 (VIOLATED)
_10852_/A2                              0.750000    1.808740   -1.058740 (VIOLATED)
_10857_/A2                              0.750000    1.808740   -1.058740 (VIOLATED)
_10860_/A2                              0.750000    1.808740   -1.058740 (VIOLATED)
_10864_/A1                              0.750000    1.808740   -1.058740 (VIOLATED)
_10871_/A2                              0.750000    1.808740   -1.058740 (VIOLATED)
_10874_/A2                              0.750000    1.808740   -1.058740 (VIOLATED)
_10878_/B1                              0.750000    1.808740   -1.058740 (VIOLATED)
_10881_/B1                              0.750000    1.808740   -1.058740 (VIOLATED)
_10886_/A2                              0.750000    1.808740   -1.058740 (VIOLATED)
_10889_/A2                              0.750000    1.808740   -1.058740 (VIOLATED)
_10892_/B2                              0.750000    1.808740   -1.058740 (VIOLATED)
_10901_/A2                              0.750000    1.808740   -1.058740 (VIOLATED)
_10903_/B1                              0.750000    1.808740   -1.058740 (VIOLATED)
_10907_/A2                              0.750000    1.808740   -1.058740 (VIOLATED)
_10908_/A2                              0.750000    1.808740   -1.058740 (VIOLATED)
_10914_/B1                              0.750000    1.808740   -1.058740 (VIOLATED)
_10916_/A2                              0.750000    1.808740   -1.058740 (VIOLATED)
_10921_/A1                              0.750000    1.808740   -1.058740 (VIOLATED)
_10929_/B1                              0.750000    1.808740   -1.058740 (VIOLATED)
_10933_/B1                              0.750000    1.808740   -1.058740 (VIOLATED)
_10936_/A2                              0.750000    1.808740   -1.058740 (VIOLATED)
_10940_/A2                              0.750000    1.808740   -1.058740 (VIOLATED)
_10944_/A2                              0.750000    1.808740   -1.058740 (VIOLATED)
_10947_/A2                              0.750000    1.808740   -1.058740 (VIOLATED)
_10950_/B2                              0.750000    1.808740   -1.058740 (VIOLATED)
_10960_/B1                              0.750000    1.808740   -1.058740 (VIOLATED)
_10963_/B1                              0.750000    1.808740   -1.058740 (VIOLATED)
_10966_/A2                              0.750000    1.808740   -1.058740 (VIOLATED)
_10970_/A2                              0.750000    1.808740   -1.058740 (VIOLATED)
_10974_/A2                              0.750000    1.808740   -1.058740 (VIOLATED)
_10978_/A2                              0.750000    1.808740   -1.058740 (VIOLATED)
_10981_/A1                              0.750000    1.808740   -1.058740 (VIOLATED)
_10991_/A2                              0.750000    1.808740   -1.058740 (VIOLATED)
_10996_/A2                              0.750000    1.808740   -1.058740 (VIOLATED)
_10999_/B1                              0.750000    1.808740   -1.058740 (VIOLATED)
_11002_/A2                              0.750000    1.808740   -1.058740 (VIOLATED)
_11006_/A2                              0.750000    1.808740   -1.058740 (VIOLATED)
_11009_/A2                              0.750000    1.808740   -1.058740 (VIOLATED)
_11013_/A1                              0.750000    1.808740   -1.058740 (VIOLATED)
_11026_/B1                              0.750000    1.808740   -1.058740 (VIOLATED)
_11029_/B1                              0.750000    1.808740   -1.058740 (VIOLATED)
_11032_/A2                              0.750000    1.808740   -1.058740 (VIOLATED)
_11035_/A2                              0.750000    1.808740   -1.058740 (VIOLATED)
_11041_/A2                              0.750000    1.808740   -1.058740 (VIOLATED)
_11044_/A2                              0.750000    1.808740   -1.058740 (VIOLATED)
_11047_/B2                              0.750000    1.808740   -1.058740 (VIOLATED)
_11056_/A2                              0.750000    1.808740   -1.058740 (VIOLATED)
_11057_/A2                              0.750000    1.808740   -1.058740 (VIOLATED)
_11062_/A2                              0.750000    1.808740   -1.058740 (VIOLATED)
_11065_/A2                              0.750000    1.808740   -1.058740 (VIOLATED)
_11070_/A2                              0.750000    1.808740   -1.058740 (VIOLATED)
_11071_/A2                              0.750000    1.808740   -1.058740 (VIOLATED)
_11076_/A1                              0.750000    1.808740   -1.058740 (VIOLATED)
_11098_/A2                              0.750000    1.808740   -1.058740 (VIOLATED)
_11100_/A2                              0.750000    1.808740   -1.058740 (VIOLATED)
_11105_/B1                              0.750000    1.808740   -1.058740 (VIOLATED)
_11109_/A2                              0.750000    1.808740   -1.058740 (VIOLATED)
_11113_/A2                              0.750000    1.808740   -1.058740 (VIOLATED)
_11114_/A2                              0.750000    1.808740   -1.058740 (VIOLATED)
_11119_/A1                              0.750000    1.808740   -1.058740 (VIOLATED)
_11125_/A2                              0.750000    1.808740   -1.058740 (VIOLATED)
_11128_/A2                              0.750000    1.808740   -1.058740 (VIOLATED)
_11133_/A2                              0.750000    1.808740   -1.058740 (VIOLATED)
_11136_/A2                              0.750000    1.808740   -1.058740 (VIOLATED)
_11141_/A2                              0.750000    1.808740   -1.058740 (VIOLATED)
_11144_/A2                              0.750000    1.808740   -1.058740 (VIOLATED)
_11147_/A1                              0.750000    1.808740   -1.058740 (VIOLATED)
_11155_/A2                              0.750000    1.808740   -1.058740 (VIOLATED)
_11159_/A2                              0.750000    1.808740   -1.058740 (VIOLATED)
_11162_/A2                              0.750000    1.808740   -1.058740 (VIOLATED)
_11164_/A2                              0.750000    1.808740   -1.058740 (VIOLATED)
_11170_/A2                              0.750000    1.808740   -1.058740 (VIOLATED)
_11171_/A2                              0.750000    1.808740   -1.058740 (VIOLATED)
_11176_/A1                              0.750000    1.808740   -1.058740 (VIOLATED)
_11186_/A2                              0.750000    1.808740   -1.058740 (VIOLATED)
_11189_/A2                              0.750000    1.808740   -1.058740 (VIOLATED)
_11193_/A2                              0.750000    1.808740   -1.058740 (VIOLATED)
_11194_/A2                              0.750000    1.808740   -1.058740 (VIOLATED)
_11200_/A2                              0.750000    1.808740   -1.058740 (VIOLATED)
_11203_/A2                              0.750000    1.808740   -1.058740 (VIOLATED)
_11206_/A1                              0.750000    1.808740   -1.058740 (VIOLATED)
_11215_/A2                              0.750000    1.808740   -1.058740 (VIOLATED)
_11218_/A2                              0.750000    1.808740   -1.058740 (VIOLATED)
_11221_/A2                              0.750000    1.808740   -1.058740 (VIOLATED)
_11225_/A2                              0.750000    1.808740   -1.058740 (VIOLATED)
_11229_/A2                              0.750000    1.808740   -1.058740 (VIOLATED)
_11233_/A2                              0.750000    1.808740   -1.058740 (VIOLATED)
_11237_/A1                              0.750000    1.808740   -1.058740 (VIOLATED)
_11249_/A2                              0.750000    1.808740   -1.058740 (VIOLATED)
_11252_/A2                              0.750000    1.808740   -1.058740 (VIOLATED)
_11254_/A2                              0.750000    1.808740   -1.058740 (VIOLATED)
_11259_/A2                              0.750000    1.808740   -1.058740 (VIOLATED)
_11262_/A2                              0.750000    1.808740   -1.058740 (VIOLATED)
_11266_/B1                              0.750000    1.808740   -1.058740 (VIOLATED)
_11271_/A1                              0.750000    1.808740   -1.058740 (VIOLATED)
_11278_/A2                              0.750000    1.808740   -1.058740 (VIOLATED)
_11281_/A2                              0.750000    1.808740   -1.058740 (VIOLATED)
_11284_/A2                              0.750000    1.808740   -1.058740 (VIOLATED)
_11286_/A2                              0.750000    1.808740   -1.058740 (VIOLATED)
_11291_/A2                              0.750000    1.808740   -1.058740 (VIOLATED)
_11295_/A2                              0.750000    1.808740   -1.058740 (VIOLATED)
_11299_/A1                              0.750000    1.808740   -1.058740 (VIOLATED)
_11307_/B1                              0.750000    1.808740   -1.058740 (VIOLATED)
_11310_/B1                              0.750000    1.808740   -1.058740 (VIOLATED)
_11314_/A2                              0.750000    1.808740   -1.058740 (VIOLATED)
_11317_/A2                              0.750000    1.808740   -1.058740 (VIOLATED)
_11321_/A2                              0.750000    1.808740   -1.058740 (VIOLATED)
_11325_/A2                              0.750000    1.808740   -1.058740 (VIOLATED)
_11329_/B2                              0.750000    1.808740   -1.058740 (VIOLATED)
_09273_/X                               0.750000    1.790910   -1.040910 (VIOLATED)
_09295_/A1                              0.750000    1.790910   -1.040910 (VIOLATED)
_09300_/A1                              0.750000    1.790910   -1.040910 (VIOLATED)
_09314_/B2                              0.750000    1.790910   -1.040910 (VIOLATED)
_09327_/A1                              0.750000    1.790910   -1.040910 (VIOLATED)
_09347_/B1                              0.750000    1.790910   -1.040910 (VIOLATED)
_09350_/B1                              0.750000    1.790910   -1.040910 (VIOLATED)
_09353_/A2                              0.750000    1.790910   -1.040910 (VIOLATED)
_09357_/B1                              0.750000    1.790910   -1.040910 (VIOLATED)
_09361_/B2                              0.750000    1.790910   -1.040910 (VIOLATED)
_09462_/A                               0.750000    1.790910   -1.040910 (VIOLATED)
_09470_/A1                              0.750000    1.790910   -1.040910 (VIOLATED)
_09477_/A1                              0.750000    1.790910   -1.040910 (VIOLATED)
_09487_/B1                              0.750000    1.790910   -1.040910 (VIOLATED)
_09846_/B1                              0.750000    1.790910   -1.040910 (VIOLATED)
_09849_/B1                              0.750000    1.790910   -1.040910 (VIOLATED)
_09851_/A2                              0.750000    1.790910   -1.040910 (VIOLATED)
_09856_/A2                              0.750000    1.790910   -1.040910 (VIOLATED)
_09859_/B1                              0.750000    1.790910   -1.040910 (VIOLATED)
_09862_/B1                              0.750000    1.790910   -1.040910 (VIOLATED)
_09866_/A1                              0.750000    1.790910   -1.040910 (VIOLATED)
_10527_/B2                              0.750000    1.790910   -1.040910 (VIOLATED)
_10530_/B1                              0.750000    1.790910   -1.040910 (VIOLATED)
_10543_/A1                              0.750000    1.790910   -1.040910 (VIOLATED)
_10550_/A                               0.750000    1.790910   -1.040910 (VIOLATED)
_10563_/A                               0.750000    1.790910   -1.040910 (VIOLATED)
_10565_/B1                              0.750000    1.790910   -1.040910 (VIOLATED)
_10578_/A1                              0.750000    1.790910   -1.040910 (VIOLATED)
_10587_/B1                              0.750000    1.790910   -1.040910 (VIOLATED)
_10603_/A                               0.750000    1.790910   -1.040910 (VIOLATED)
_10608_/B2                              0.750000    1.790910   -1.040910 (VIOLATED)
_10622_/A1                              0.750000    1.790910   -1.040910 (VIOLATED)
_10627_/A2                              0.750000    1.790910   -1.040910 (VIOLATED)
_10632_/A2                              0.750000    1.790910   -1.040910 (VIOLATED)
_10634_/B1                              0.750000    1.790910   -1.040910 (VIOLATED)
_10637_/B1                              0.750000    1.790910   -1.040910 (VIOLATED)
_10643_/A2                              0.750000    1.790910   -1.040910 (VIOLATED)
_10646_/A2                              0.750000    1.790910   -1.040910 (VIOLATED)
_10652_/B1                              0.750000    1.790910   -1.040910 (VIOLATED)
_10659_/A2                              0.750000    1.790910   -1.040910 (VIOLATED)
_10661_/B1                              0.750000    1.790910   -1.040910 (VIOLATED)
_10665_/B1                              0.750000    1.790910   -1.040910 (VIOLATED)
_10668_/B1                              0.750000    1.790910   -1.040910 (VIOLATED)
_10672_/B1                              0.750000    1.790910   -1.040910 (VIOLATED)
_10675_/B1                              0.750000    1.790910   -1.040910 (VIOLATED)
_10679_/B2                              0.750000    1.790910   -1.040910 (VIOLATED)
_10688_/A2                              0.750000    1.790910   -1.040910 (VIOLATED)
_10691_/A2                              0.750000    1.790910   -1.040910 (VIOLATED)
_10693_/B1                              0.750000    1.790910   -1.040910 (VIOLATED)
_10695_/A2                              0.750000    1.790910   -1.040910 (VIOLATED)
_10701_/B1                              0.750000    1.790910   -1.040910 (VIOLATED)
_10704_/B1                              0.750000    1.790910   -1.040910 (VIOLATED)
_10711_/B1                              0.750000    1.790910   -1.040910 (VIOLATED)
_10717_/B1                              0.750000    1.790910   -1.040910 (VIOLATED)
_10719_/A2                              0.750000    1.790910   -1.040910 (VIOLATED)
_10725_/A2                              0.750000    1.790910   -1.040910 (VIOLATED)
_10728_/A2                              0.750000    1.790910   -1.040910 (VIOLATED)
_10731_/B1                              0.750000    1.790910   -1.040910 (VIOLATED)
_10735_/A2                              0.750000    1.790910   -1.040910 (VIOLATED)
_10740_/B1                              0.750000    1.790910   -1.040910 (VIOLATED)
_10748_/A2                              0.750000    1.790910   -1.040910 (VIOLATED)
_10750_/B1                              0.750000    1.790910   -1.040910 (VIOLATED)
_10752_/A2                              0.750000    1.790910   -1.040910 (VIOLATED)
_10755_/A2                              0.750000    1.790910   -1.040910 (VIOLATED)
_10761_/B1                              0.750000    1.790910   -1.040910 (VIOLATED)
_10764_/B1                              0.750000    1.790910   -1.040910 (VIOLATED)
_10770_/B1                              0.750000    1.790910   -1.040910 (VIOLATED)
_10779_/A2                              0.750000    1.790910   -1.040910 (VIOLATED)
_10784_/A2                              0.750000    1.790910   -1.040910 (VIOLATED)
_10786_/B1                              0.750000    1.790910   -1.040910 (VIOLATED)
_10789_/B1                              0.750000    1.790910   -1.040910 (VIOLATED)
_10793_/A2                              0.750000    1.790910   -1.040910 (VIOLATED)
_10798_/B1                              0.750000    1.790910   -1.040910 (VIOLATED)
_10804_/B1                              0.750000    1.790910   -1.040910 (VIOLATED)
_10811_/B1                              0.750000    1.790910   -1.040910 (VIOLATED)
_10815_/A2                              0.750000    1.790910   -1.040910 (VIOLATED)
_10817_/B1                              0.750000    1.790910   -1.040910 (VIOLATED)
_10820_/B1                              0.750000    1.790910   -1.040910 (VIOLATED)
_10825_/B1                              0.750000    1.790910   -1.040910 (VIOLATED)
_10828_/B1                              0.750000    1.790910   -1.040910 (VIOLATED)
_10833_/B2                              0.750000    1.790910   -1.040910 (VIOLATED)
_10843_/B1                              0.750000    1.790910   -1.040910 (VIOLATED)
_10846_/B1                              0.750000    1.790910   -1.040910 (VIOLATED)
_10850_/B1                              0.750000    1.790910   -1.040910 (VIOLATED)
_10853_/B1                              0.750000    1.790910   -1.040910 (VIOLATED)
_10857_/B1                              0.750000    1.790910   -1.040910 (VIOLATED)
_10860_/B1                              0.750000    1.790910   -1.040910 (VIOLATED)
_10864_/B2                              0.750000    1.790910   -1.040910 (VIOLATED)
_10871_/B1                              0.750000    1.790910   -1.040910 (VIOLATED)
_10874_/B1                              0.750000    1.790910   -1.040910 (VIOLATED)
_10876_/A2                              0.750000    1.790910   -1.040910 (VIOLATED)
_10879_/A2                              0.750000    1.790910   -1.040910 (VIOLATED)
_10885_/B1                              0.750000    1.790910   -1.040910 (VIOLATED)
_10888_/B1                              0.750000    1.790910   -1.040910 (VIOLATED)
_10894_/B1                              0.750000    1.790910   -1.040910 (VIOLATED)
_10900_/B1                              0.750000    1.790910   -1.040910 (VIOLATED)
_10902_/A2                              0.750000    1.790910   -1.040910 (VIOLATED)
_10907_/B1                              0.750000    1.790910   -1.040910 (VIOLATED)
_10910_/B1                              0.750000    1.790910   -1.040910 (VIOLATED)
_10915_/A2                              0.750000    1.790910   -1.040910 (VIOLATED)
_10918_/A2                              0.750000    1.790910   -1.040910 (VIOLATED)
_10921_/B2                              0.750000    1.790910   -1.040910 (VIOLATED)
_10928_/A2                              0.750000    1.790910   -1.040910 (VIOLATED)
_10931_/A2                              0.750000    1.790910   -1.040910 (VIOLATED)
_10935_/A2                              0.750000    1.790910   -1.040910 (VIOLATED)
_10939_/B1                              0.750000    1.790910   -1.040910 (VIOLATED)
_10943_/B1                              0.750000    1.790910   -1.040910 (VIOLATED)
_10945_/A2                              0.750000    1.790910   -1.040910 (VIOLATED)
_10952_/B1                              0.750000    1.790910   -1.040910 (VIOLATED)
_10961_/A2                              0.750000    1.790910   -1.040910 (VIOLATED)
_10964_/A2                              0.750000    1.790910   -1.040910 (VIOLATED)
_10965_/A2                              0.750000    1.790910   -1.040910 (VIOLATED)
_10970_/B1                              0.750000    1.790910   -1.040910 (VIOLATED)
_10975_/A2                              0.750000    1.790910   -1.040910 (VIOLATED)
_10977_/B1                              0.750000    1.790910   -1.040910 (VIOLATED)
_10983_/B1                              0.750000    1.790910   -1.040910 (VIOLATED)
_10993_/B1                              0.750000    1.790910   -1.040910 (VIOLATED)
_10996_/B1                              0.750000    1.790910   -1.040910 (VIOLATED)
_11000_/A2                              0.750000    1.790910   -1.040910 (VIOLATED)
_11003_/A2                              0.750000    1.790910   -1.040910 (VIOLATED)
_11006_/B1                              0.750000    1.790910   -1.040910 (VIOLATED)
_11009_/B1                              0.750000    1.790910   -1.040910 (VIOLATED)
_11013_/B2                              0.750000    1.790910   -1.040910 (VIOLATED)
_11025_/A2                              0.750000    1.790910   -1.040910 (VIOLATED)
_11030_/A2                              0.750000    1.790910   -1.040910 (VIOLATED)
_11032_/B1                              0.750000    1.790910   -1.040910 (VIOLATED)
_11035_/B1                              0.750000    1.790910   -1.040910 (VIOLATED)
_11040_/B1                              0.750000    1.790910   -1.040910 (VIOLATED)
_11043_/B1                              0.750000    1.790910   -1.040910 (VIOLATED)
_11049_/B1                              0.750000    1.790910   -1.040910 (VIOLATED)
_11055_/B1                              0.750000    1.790910   -1.040910 (VIOLATED)
_11059_/B1                              0.750000    1.790910   -1.040910 (VIOLATED)
_11062_/B1                              0.750000    1.790910   -1.040910 (VIOLATED)
_11066_/A2                              0.750000    1.790910   -1.040910 (VIOLATED)
_11069_/B1                              0.750000    1.790910   -1.040910 (VIOLATED)
_11073_/A2                              0.750000    1.790910   -1.040910 (VIOLATED)
_11076_/B2                              0.750000    1.790910   -1.040910 (VIOLATED)
_11098_/B1                              0.750000    1.790910   -1.040910 (VIOLATED)
_11101_/B1                              0.750000    1.790910   -1.040910 (VIOLATED)
_11104_/A2                              0.750000    1.790910   -1.040910 (VIOLATED)
_11108_/B1                              0.750000    1.790910   -1.040910 (VIOLATED)
_11112_/B1                              0.750000    1.790910   -1.040910 (VIOLATED)
_11116_/A2                              0.750000    1.790910   -1.040910 (VIOLATED)
_11119_/B2                              0.750000    1.790910   -1.040910 (VIOLATED)
_11127_/B1                              0.750000    1.790910   -1.040910 (VIOLATED)
_11130_/B1                              0.750000    1.790910   -1.040910 (VIOLATED)
_11134_/A2                              0.750000    1.790910   -1.040910 (VIOLATED)
_11136_/B1                              0.750000    1.790910   -1.040910 (VIOLATED)
_11140_/B1                              0.750000    1.790910   -1.040910 (VIOLATED)
_11143_/B1                              0.750000    1.790910   -1.040910 (VIOLATED)
_11147_/B2                              0.750000    1.790910   -1.040910 (VIOLATED)
_11155_/B1                              0.750000    1.790910   -1.040910 (VIOLATED)
_11157_/A2                              0.750000    1.790910   -1.040910 (VIOLATED)
_11162_/B1                              0.750000    1.790910   -1.040910 (VIOLATED)
_11165_/B1                              0.750000    1.790910   -1.040910 (VIOLATED)
_11169_/B1                              0.750000    1.790910   -1.040910 (VIOLATED)
_11173_/A2                              0.750000    1.790910   -1.040910 (VIOLATED)
_11176_/B2                              0.750000    1.790910   -1.040910 (VIOLATED)
_11185_/B1                              0.750000    1.790910   -1.040910 (VIOLATED)
_11187_/A2                              0.750000    1.790910   -1.040910 (VIOLATED)
_11192_/B1                              0.750000    1.790910   -1.040910 (VIOLATED)
_11195_/B1                              0.750000    1.790910   -1.040910 (VIOLATED)
_11199_/B1                              0.750000    1.790910   -1.040910 (VIOLATED)
_11202_/B1                              0.750000    1.790910   -1.040910 (VIOLATED)
_11206_/B2                              0.750000    1.790910   -1.040910 (VIOLATED)
_11216_/A2                              0.750000    1.790910   -1.040910 (VIOLATED)
_11218_/B1                              0.750000    1.790910   -1.040910 (VIOLATED)
_11221_/B1                              0.750000    1.790910   -1.040910 (VIOLATED)
_11224_/B1                              0.750000    1.790910   -1.040910 (VIOLATED)
_11230_/A2                              0.750000    1.790910   -1.040910 (VIOLATED)
_11232_/B1                              0.750000    1.790910   -1.040910 (VIOLATED)
_11239_/B1                              0.750000    1.790910   -1.040910 (VIOLATED)
_11249_/B1                              0.750000    1.790910   -1.040910 (VIOLATED)
_11252_/B1                              0.750000    1.790910   -1.040910 (VIOLATED)
_11255_/B1                              0.750000    1.790910   -1.040910 (VIOLATED)
_11258_/B1                              0.750000    1.790910   -1.040910 (VIOLATED)
_11264_/A2                              0.750000    1.790910   -1.040910 (VIOLATED)
_11267_/A2                              0.750000    1.790910   -1.040910 (VIOLATED)
_11271_/B2                              0.750000    1.790910   -1.040910 (VIOLATED)
_11277_/B1                              0.750000    1.790910   -1.040910 (VIOLATED)
_11280_/B1                              0.750000    1.790910   -1.040910 (VIOLATED)
_11284_/B1                              0.750000    1.790910   -1.040910 (VIOLATED)
_11287_/B1                              0.750000    1.790910   -1.040910 (VIOLATED)
_11292_/A2                              0.750000    1.790910   -1.040910 (VIOLATED)
_11294_/B1                              0.750000    1.790910   -1.040910 (VIOLATED)
_11299_/B2                              0.750000    1.790910   -1.040910 (VIOLATED)
_11308_/A2                              0.750000    1.790910   -1.040910 (VIOLATED)
_11311_/A2                              0.750000    1.790910   -1.040910 (VIOLATED)
_11313_/B1                              0.750000    1.790910   -1.040910 (VIOLATED)
_11316_/B1                              0.750000    1.790910   -1.040910 (VIOLATED)
_11322_/A2                              0.750000    1.790910   -1.040910 (VIOLATED)
_11324_/B1                              0.750000    1.790910   -1.040910 (VIOLATED)
_11331_/B1                              0.750000    1.790910   -1.040910 (VIOLATED)
_12616_/Y                               0.750000    1.772548   -1.022548 (VIOLATED)
_12639_/A                               0.750000    1.772548   -1.022548 (VIOLATED)
_12647_/B                               0.750000    1.772548   -1.022548 (VIOLATED)
_12650_/A_N                             0.750000    1.772548   -1.022548 (VIOLATED)
_12653_/A_N                             0.750000    1.772548   -1.022548 (VIOLATED)
_12656_/B                               0.750000    1.772548   -1.022548 (VIOLATED)
_12659_/A_N                             0.750000    1.772548   -1.022548 (VIOLATED)
_12662_/B                               0.750000    1.772548   -1.022548 (VIOLATED)
_12665_/A_N                             0.750000    1.772548   -1.022548 (VIOLATED)
_12668_/B                               0.750000    1.772548   -1.022548 (VIOLATED)
_12671_/A2                              0.750000    1.772548   -1.022548 (VIOLATED)
_12675_/S                               0.750000    1.772548   -1.022548 (VIOLATED)
_12678_/S                               0.750000    1.772548   -1.022548 (VIOLATED)
_12681_/S                               0.750000    1.772548   -1.022548 (VIOLATED)
_12684_/S                               0.750000    1.772548   -1.022548 (VIOLATED)
_12688_/S                               0.750000    1.772548   -1.022548 (VIOLATED)
_12691_/B                               0.750000    1.772548   -1.022548 (VIOLATED)
_12692_/A2                              0.750000    1.772548   -1.022548 (VIOLATED)
_12695_/S                               0.750000    1.772548   -1.022548 (VIOLATED)
_12698_/S                               0.750000    1.772548   -1.022548 (VIOLATED)
_12702_/A                               0.750000    1.772548   -1.022548 (VIOLATED)
_12704_/B2                              0.750000    1.772548   -1.022548 (VIOLATED)
_12707_/B                               0.750000    1.772548   -1.022548 (VIOLATED)
_12708_/A2                              0.750000    1.772548   -1.022548 (VIOLATED)
_12711_/S                               0.750000    1.772548   -1.022548 (VIOLATED)
_12714_/S                               0.750000    1.772548   -1.022548 (VIOLATED)
_12717_/S                               0.750000    1.772548   -1.022548 (VIOLATED)
_12720_/S                               0.750000    1.772548   -1.022548 (VIOLATED)
_12723_/S                               0.750000    1.772548   -1.022548 (VIOLATED)
_12726_/S                               0.750000    1.772548   -1.022548 (VIOLATED)
_12729_/B                               0.750000    1.772548   -1.022548 (VIOLATED)
_12730_/A2                              0.750000    1.772548   -1.022548 (VIOLATED)
_12733_/A2                              0.750000    1.772548   -1.022548 (VIOLATED)
_12737_/S                               0.750000    1.772548   -1.022548 (VIOLATED)
_12741_/S                               0.750000    1.772548   -1.022548 (VIOLATED)
_12744_/S                               0.750000    1.772548   -1.022548 (VIOLATED)
_12747_/S                               0.750000    1.772548   -1.022548 (VIOLATED)
_12750_/S                               0.750000    1.772548   -1.022548 (VIOLATED)
_12753_/S                               0.750000    1.772548   -1.022548 (VIOLATED)
_12757_/S                               0.750000    1.772548   -1.022548 (VIOLATED)
_12760_/B                               0.750000    1.772548   -1.022548 (VIOLATED)
_12761_/A2                              0.750000    1.772548   -1.022548 (VIOLATED)
_15175_/A                               0.750000    1.772548   -1.022548 (VIOLATED)
_15176_/A1                              0.750000    1.772548   -1.022548 (VIOLATED)
_15262_/S                               0.750000    1.772548   -1.022548 (VIOLATED)
_15274_/B1                              0.750000    1.772548   -1.022548 (VIOLATED)
_15450_/S                               0.750000    1.772548   -1.022548 (VIOLATED)
_15452_/A                               0.750000    1.772548   -1.022548 (VIOLATED)
_15453_/A1                              0.750000    1.772548   -1.022548 (VIOLATED)
_15549_/S                               0.750000    1.772548   -1.022548 (VIOLATED)
_15635_/S                               0.750000    1.772548   -1.022548 (VIOLATED)
_15819_/S                               0.750000    1.772548   -1.022548 (VIOLATED)
_15820_/S                               0.750000    1.772548   -1.022548 (VIOLATED)
_15916_/S                               0.750000    1.772548   -1.022548 (VIOLATED)
_15959_/A                               0.750000    1.772548   -1.022548 (VIOLATED)
_16005_/A1                              0.750000    1.772548   -1.022548 (VIOLATED)
_16101_/S                               0.750000    1.772548   -1.022548 (VIOLATED)
_16185_/S                               0.750000    1.772548   -1.022548 (VIOLATED)
_16368_/S                               0.750000    1.772548   -1.022548 (VIOLATED)
_16369_/S                               0.750000    1.772548   -1.022548 (VIOLATED)
_16553_/S                               0.750000    1.772548   -1.022548 (VIOLATED)
_16555_/A1                              0.750000    1.772548   -1.022548 (VIOLATED)
_10521_/Y                               0.750000    1.569488   -0.819488 (VIOLATED)
_11398_/A1                              0.750000    1.569488   -0.819488 (VIOLATED)
_12644_/A                               0.750000    1.569488   -0.819488 (VIOLATED)
_12995_/A                               0.750000    1.569488   -0.819488 (VIOLATED)
_12996_/A                               0.750000    1.569488   -0.819488 (VIOLATED)
_13652_/A                               0.750000    1.569488   -0.819488 (VIOLATED)
_14277_/A                               0.750000    1.569488   -0.819488 (VIOLATED)
_14278_/A                               0.750000    1.569488   -0.819488 (VIOLATED)
_15089_/C1                              0.750000    1.569488   -0.819488 (VIOLATED)
_15106_/C1                              0.750000    1.569488   -0.819488 (VIOLATED)
_15116_/C1                              0.750000    1.569488   -0.819488 (VIOLATED)
_15127_/C1                              0.750000    1.569488   -0.819488 (VIOLATED)
_15133_/C1                              0.750000    1.569488   -0.819488 (VIOLATED)
_15150_/C1                              0.750000    1.569488   -0.819488 (VIOLATED)
_15160_/C1                              0.750000    1.569488   -0.819488 (VIOLATED)
_15171_/C1                              0.750000    1.569488   -0.819488 (VIOLATED)
_15186_/A1                              0.750000    1.569488   -0.819488 (VIOLATED)
_15210_/C1                              0.750000    1.569488   -0.819488 (VIOLATED)
_15229_/A1                              0.750000    1.569488   -0.819488 (VIOLATED)
_15253_/C1                              0.750000    1.569488   -0.819488 (VIOLATED)
_15327_/C1                              0.750000    1.569488   -0.819488 (VIOLATED)
_15338_/C1                              0.750000    1.569488   -0.819488 (VIOLATED)
_15347_/C1                              0.750000    1.569488   -0.819488 (VIOLATED)
_15352_/C1                              0.750000    1.569488   -0.819488 (VIOLATED)
_15366_/C1                              0.750000    1.569488   -0.819488 (VIOLATED)
_15380_/C1                              0.750000    1.569488   -0.819488 (VIOLATED)
_15407_/C1                              0.750000    1.569488   -0.819488 (VIOLATED)
_15424_/C1                              0.750000    1.569488   -0.819488 (VIOLATED)
_15430_/C1                              0.750000    1.569488   -0.819488 (VIOLATED)
_15446_/C1                              0.750000    1.569488   -0.819488 (VIOLATED)
_15466_/C1                              0.750000    1.569488   -0.819488 (VIOLATED)
_15495_/C1                              0.750000    1.569488   -0.819488 (VIOLATED)
_15506_/C1                              0.750000    1.569488   -0.819488 (VIOLATED)
_15523_/C1                              0.750000    1.569488   -0.819488 (VIOLATED)
_15533_/C1                              0.750000    1.569488   -0.819488 (VIOLATED)
_15545_/C1                              0.750000    1.569488   -0.819488 (VIOLATED)
_15601_/A1                              0.750000    1.569488   -0.819488 (VIOLATED)
_15616_/A                               0.750000    1.569488   -0.819488 (VIOLATED)
_15626_/C1                              0.750000    1.569488   -0.819488 (VIOLATED)
_15651_/C1                              0.750000    1.569488   -0.819488 (VIOLATED)
_15661_/C1                              0.750000    1.569488   -0.819488 (VIOLATED)
_15667_/C1                              0.750000    1.569488   -0.819488 (VIOLATED)
_15677_/C1                              0.750000    1.569488   -0.819488 (VIOLATED)
_15690_/C1                              0.750000    1.569488   -0.819488 (VIOLATED)
_15705_/C1                              0.750000    1.569488   -0.819488 (VIOLATED)
_15739_/A1                              0.750000    1.569488   -0.819488 (VIOLATED)
_15764_/C1                              0.750000    1.569488   -0.819488 (VIOLATED)
_15782_/C1                              0.750000    1.569488   -0.819488 (VIOLATED)
_15793_/C1                              0.750000    1.569488   -0.819488 (VIOLATED)
_15799_/C1                              0.750000    1.569488   -0.819488 (VIOLATED)
_15809_/C1                              0.750000    1.569488   -0.819488 (VIOLATED)
_15838_/A1                              0.750000    1.569488   -0.819488 (VIOLATED)
_15862_/C1                              0.750000    1.569488   -0.819488 (VIOLATED)
_15873_/C1                              0.750000    1.569488   -0.819488 (VIOLATED)
_15890_/C1                              0.750000    1.569488   -0.819488 (VIOLATED)
_15900_/C1                              0.750000    1.569488   -0.819488 (VIOLATED)
_15912_/C1                              0.750000    1.569488   -0.819488 (VIOLATED)
_15968_/C1                              0.750000    1.569488   -0.819488 (VIOLATED)
_15979_/C1                              0.750000    1.569488   -0.819488 (VIOLATED)
_15985_/C1                              0.750000    1.569488   -0.819488 (VIOLATED)
_15995_/C1                              0.750000    1.569488   -0.819488 (VIOLATED)
_16017_/C1                              0.750000    1.569488   -0.819488 (VIOLATED)
_16034_/A1                              0.750000    1.569488   -0.819488 (VIOLATED)
_16058_/C1                              0.750000    1.569488   -0.819488 (VIOLATED)
_16076_/C1                              0.750000    1.569488   -0.819488 (VIOLATED)
_16085_/C1                              0.750000    1.569488   -0.819488 (VIOLATED)
_16096_/C1                              0.750000    1.569488   -0.819488 (VIOLATED)
_16150_/C1                              0.750000    1.569488   -0.819488 (VIOLATED)
_16175_/C1                              0.750000    1.569488   -0.819488 (VIOLATED)
_16191_/A1                              0.750000    1.569488   -0.819488 (VIOLATED)
_16220_/C1                              0.750000    1.569488   -0.819488 (VIOLATED)
_16245_/A1                              0.750000    1.569488   -0.819488 (VIOLATED)
_16269_/C1                              0.750000    1.569488   -0.819488 (VIOLATED)
_16280_/C1                              0.750000    1.569488   -0.819488 (VIOLATED)
_16297_/C1                              0.750000    1.569488   -0.819488 (VIOLATED)
_16307_/C1                              0.750000    1.569488   -0.819488 (VIOLATED)
_16319_/C1                              0.750000    1.569488   -0.819488 (VIOLATED)
_16331_/C1                              0.750000    1.569488   -0.819488 (VIOLATED)
_16342_/C1                              0.750000    1.569488   -0.819488 (VIOLATED)
_16348_/C1                              0.750000    1.569488   -0.819488 (VIOLATED)
_16358_/C1                              0.750000    1.569488   -0.819488 (VIOLATED)
_16379_/C1                              0.750000    1.569488   -0.819488 (VIOLATED)
_16395_/C1                              0.750000    1.569488   -0.819488 (VIOLATED)
_16431_/A1                              0.750000    1.569488   -0.819488 (VIOLATED)
_16456_/C1                              0.750000    1.569488   -0.819488 (VIOLATED)
_16468_/C1                              0.750000    1.569488   -0.819488 (VIOLATED)
_16484_/A1                              0.750000    1.569488   -0.819488 (VIOLATED)
_16517_/C1                              0.750000    1.569488   -0.819488 (VIOLATED)
_16527_/D1                              0.750000    1.569488   -0.819488 (VIOLATED)
_16534_/C1                              0.750000    1.569488   -0.819488 (VIOLATED)
_16543_/C1                              0.750000    1.569488   -0.819488 (VIOLATED)
_09200_/A                               0.750000    1.434371   -0.684371 (VIOLATED)
_09374_/A                               0.750000    1.434371   -0.684371 (VIOLATED)
_09375_/A                               0.750000    1.434371   -0.684371 (VIOLATED)
_09380_/A_N                             0.750000    1.434371   -0.684371 (VIOLATED)
_09381_/A_N                             0.750000    1.434371   -0.684371 (VIOLATED)
_09383_/B                               0.750000    1.434371   -0.684371 (VIOLATED)
_09384_/B                               0.750000    1.434371   -0.684371 (VIOLATED)
_09385_/A                               0.750000    1.434371   -0.684371 (VIOLATED)
_09386_/A                               0.750000    1.434371   -0.684371 (VIOLATED)
_09387_/A                               0.750000    1.434371   -0.684371 (VIOLATED)
_09390_/A                               0.750000    1.434371   -0.684371 (VIOLATED)
_09393_/A                               0.750000    1.434371   -0.684371 (VIOLATED)
_09396_/A                               0.750000    1.434371   -0.684371 (VIOLATED)
_09499_/S0                              0.750000    1.434371   -0.684371 (VIOLATED)
_09500_/S0                              0.750000    1.434371   -0.684371 (VIOLATED)
_09535_/S0                              0.750000    1.434371   -0.684371 (VIOLATED)
_09537_/S0                              0.750000    1.434371   -0.684371 (VIOLATED)
_09546_/S0                              0.750000    1.434371   -0.684371 (VIOLATED)
_09547_/S0                              0.750000    1.434371   -0.684371 (VIOLATED)
_09553_/S1                              0.750000    1.434371   -0.684371 (VIOLATED)
_09568_/A                               0.750000    1.434371   -0.684371 (VIOLATED)
_09571_/A                               0.750000    1.434371   -0.684371 (VIOLATED)
_09574_/A                               0.750000    1.434371   -0.684371 (VIOLATED)
_09577_/A                               0.750000    1.434371   -0.684371 (VIOLATED)
_09646_/S0                              0.750000    1.434371   -0.684371 (VIOLATED)
_09647_/S0                              0.750000    1.434371   -0.684371 (VIOLATED)
_09670_/A                               0.750000    1.434371   -0.684371 (VIOLATED)
_09673_/A                               0.750000    1.434371   -0.684371 (VIOLATED)
_09677_/A                               0.750000    1.434371   -0.684371 (VIOLATED)
_09680_/A                               0.750000    1.434371   -0.684371 (VIOLATED)
_09684_/S1                              0.750000    1.434371   -0.684371 (VIOLATED)
_09685_/S1                              0.750000    1.434371   -0.684371 (VIOLATED)
_09700_/S0                              0.750000    1.434371   -0.684371 (VIOLATED)
_09712_/S0                              0.750000    1.434371   -0.684371 (VIOLATED)
_09713_/S0                              0.750000    1.434371   -0.684371 (VIOLATED)
_09740_/S1                              0.750000    1.434371   -0.684371 (VIOLATED)
_09745_/S1                              0.750000    1.434371   -0.684371 (VIOLATED)
_09760_/S1                              0.750000    1.434371   -0.684371 (VIOLATED)
_09762_/S1                              0.750000    1.434371   -0.684371 (VIOLATED)
_09789_/S0                              0.750000    1.434371   -0.684371 (VIOLATED)
_09790_/S0                              0.750000    1.434371   -0.684371 (VIOLATED)
_09792_/S0                              0.750000    1.434371   -0.684371 (VIOLATED)
_09793_/S0                              0.750000    1.434371   -0.684371 (VIOLATED)
_09799_/S1                              0.750000    1.434371   -0.684371 (VIOLATED)
_09814_/A                               0.750000    1.434371   -0.684371 (VIOLATED)
_09817_/A                               0.750000    1.434371   -0.684371 (VIOLATED)
_09829_/S1                              0.750000    1.434371   -0.684371 (VIOLATED)
_09896_/A                               0.750000    1.434371   -0.684371 (VIOLATED)
_09899_/A                               0.750000    1.434371   -0.684371 (VIOLATED)
_09902_/A                               0.750000    1.434371   -0.684371 (VIOLATED)
_09905_/C_N                             0.750000    1.434371   -0.684371 (VIOLATED)
_09911_/S0                              0.750000    1.434371   -0.684371 (VIOLATED)
_09926_/S1                              0.750000    1.434371   -0.684371 (VIOLATED)
_09937_/S1                              0.750000    1.434371   -0.684371 (VIOLATED)
_09938_/S1                              0.750000    1.434371   -0.684371 (VIOLATED)
_09940_/S1                              0.750000    1.434371   -0.684371 (VIOLATED)
_09952_/S1                              0.750000    1.434371   -0.684371 (VIOLATED)
_09957_/C1                              0.750000    1.434371   -0.684371 (VIOLATED)
_09971_/A                               0.750000    1.434371   -0.684371 (VIOLATED)
_09974_/A                               0.750000    1.434371   -0.684371 (VIOLATED)
_09990_/S1                              0.750000    1.434371   -0.684371 (VIOLATED)
_10022_/S1                              0.750000    1.434371   -0.684371 (VIOLATED)
_10027_/A1                              0.750000    1.434371   -0.684371 (VIOLATED)
_10059_/S1                              0.750000    1.434371   -0.684371 (VIOLATED)
_10064_/S1                              0.750000    1.434371   -0.684371 (VIOLATED)
_10068_/S1                              0.750000    1.434371   -0.684371 (VIOLATED)
_10069_/S1                              0.750000    1.434371   -0.684371 (VIOLATED)
_10082_/S0                              0.750000    1.434371   -0.684371 (VIOLATED)
_10087_/A                               0.750000    1.434371   -0.684371 (VIOLATED)
_10090_/A                               0.750000    1.434371   -0.684371 (VIOLATED)
_10102_/S1                              0.750000    1.434371   -0.684371 (VIOLATED)
_10112_/S1                              0.750000    1.434371   -0.684371 (VIOLATED)
_10118_/A1                              0.750000    1.434371   -0.684371 (VIOLATED)
_10124_/S1                              0.750000    1.434371   -0.684371 (VIOLATED)
_10139_/A                               0.750000    1.434371   -0.684371 (VIOLATED)
_10160_/A1                              0.750000    1.434371   -0.684371 (VIOLATED)
_10162_/S1                              0.750000    1.434371   -0.684371 (VIOLATED)
_10178_/S1                              0.750000    1.434371   -0.684371 (VIOLATED)
_10183_/S1                              0.750000    1.434371   -0.684371 (VIOLATED)
_10202_/S1                              0.750000    1.434371   -0.684371 (VIOLATED)
_10221_/S1                              0.750000    1.434371   -0.684371 (VIOLATED)
_10236_/S0                              0.750000    1.434371   -0.684371 (VIOLATED)
_10237_/S0                              0.750000    1.434371   -0.684371 (VIOLATED)
_10240_/S0                              0.750000    1.434371   -0.684371 (VIOLATED)
_10267_/S0                              0.750000    1.434371   -0.684371 (VIOLATED)
_10268_/S0                              0.750000    1.434371   -0.684371 (VIOLATED)
_10293_/A                               0.750000    1.434371   -0.684371 (VIOLATED)
_10296_/A                               0.750000    1.434371   -0.684371 (VIOLATED)
_10299_/S0                              0.750000    1.434371   -0.684371 (VIOLATED)
_10302_/S0                              0.750000    1.434371   -0.684371 (VIOLATED)
_10321_/S1                              0.750000    1.434371   -0.684371 (VIOLATED)
_10326_/S1                              0.750000    1.434371   -0.684371 (VIOLATED)
_10330_/S1                              0.750000    1.434371   -0.684371 (VIOLATED)
_10331_/S1                              0.750000    1.434371   -0.684371 (VIOLATED)
_10393_/S0                              0.750000    1.434371   -0.684371 (VIOLATED)
_10394_/S0                              0.750000    1.434371   -0.684371 (VIOLATED)
_10399_/S1                              0.750000    1.434371   -0.684371 (VIOLATED)
_10409_/S1                              0.750000    1.434371   -0.684371 (VIOLATED)
_10410_/S1                              0.750000    1.434371   -0.684371 (VIOLATED)
_10445_/S0                              0.750000    1.434371   -0.684371 (VIOLATED)
_10446_/S0                              0.750000    1.434371   -0.684371 (VIOLATED)
_10449_/S1                              0.750000    1.434371   -0.684371 (VIOLATED)
_10469_/S1                              0.750000    1.434371   -0.684371 (VIOLATED)
_10488_/S1                              0.750000    1.434371   -0.684371 (VIOLATED)
_12572_/A1                              0.750000    1.434371   -0.684371 (VIOLATED)
_16826_/A2                              0.750000    1.434371   -0.684371 (VIOLATED)
_20463_/Q                               0.750000    1.434371   -0.684371 (VIOLATED)
_09367_/Y                               0.750000    1.355723   -0.605723 (VIOLATED)
_09809_/A                               0.750000    1.355723   -0.605723 (VIOLATED)
_10048_/S                               0.750000    1.355723   -0.605723 (VIOLATED)
_10498_/S                               0.750000    1.355723   -0.605723 (VIOLATED)
_11423_/A                               0.750000    1.355723   -0.605723 (VIOLATED)
_11435_/S                               0.750000    1.355723   -0.605723 (VIOLATED)
_11446_/S                               0.750000    1.355723   -0.605723 (VIOLATED)
_11478_/S                               0.750000    1.355723   -0.605723 (VIOLATED)
_11489_/S                               0.750000    1.355723   -0.605723 (VIOLATED)
_11506_/S                               0.750000    1.355723   -0.605723 (VIOLATED)
_11519_/A1                              0.750000    1.355723   -0.605723 (VIOLATED)
_11540_/S                               0.750000    1.355723   -0.605723 (VIOLATED)
_11545_/S                               0.750000    1.355723   -0.605723 (VIOLATED)
_11560_/S                               0.750000    1.355723   -0.605723 (VIOLATED)
_11572_/A                               0.750000    1.355723   -0.605723 (VIOLATED)
_11573_/A1                              0.750000    1.355723   -0.605723 (VIOLATED)
_11582_/A2                              0.750000    1.355723   -0.605723 (VIOLATED)
_11587_/C1                              0.750000    1.355723   -0.605723 (VIOLATED)
_11588_/C1                              0.750000    1.355723   -0.605723 (VIOLATED)
_11600_/A1                              0.750000    1.355723   -0.605723 (VIOLATED)
_11601_/S                               0.750000    1.355723   -0.605723 (VIOLATED)
_11613_/B1                              0.750000    1.355723   -0.605723 (VIOLATED)
_11614_/A1                              0.750000    1.355723   -0.605723 (VIOLATED)
_12478_/B2                              0.750000    1.355723   -0.605723 (VIOLATED)
_12480_/A1                              0.750000    1.355723   -0.605723 (VIOLATED)
_12599_/C1                              0.750000    1.355723   -0.605723 (VIOLATED)
_12610_/S                               0.750000    1.355723   -0.605723 (VIOLATED)
_12611_/A                               0.750000    1.355723   -0.605723 (VIOLATED)
_12612_/A1                              0.750000    1.355723   -0.605723 (VIOLATED)
_12619_/A1                              0.750000    1.355723   -0.605723 (VIOLATED)
_12620_/S                               0.750000    1.355723   -0.605723 (VIOLATED)
_12627_/B1                              0.750000    1.355723   -0.605723 (VIOLATED)
_12630_/A                               0.750000    1.355723   -0.605723 (VIOLATED)
_16576_/S                               0.750000    1.355723   -0.605723 (VIOLATED)
_16599_/S                               0.750000    1.355723   -0.605723 (VIOLATED)
_16638_/A                               0.750000    1.355723   -0.605723 (VIOLATED)
_16662_/S                               0.750000    1.355723   -0.605723 (VIOLATED)
_16682_/S                               0.750000    1.355723   -0.605723 (VIOLATED)
_16721_/S                               0.750000    1.355723   -0.605723 (VIOLATED)
_16750_/S                               0.750000    1.355723   -0.605723 (VIOLATED)
_16775_/S                               0.750000    1.355723   -0.605723 (VIOLATED)
_16800_/S                               0.750000    1.355723   -0.605723 (VIOLATED)
_16837_/S                               0.750000    1.355723   -0.605723 (VIOLATED)
_16859_/S                               0.750000    1.355723   -0.605723 (VIOLATED)
_16890_/S                               0.750000    1.355723   -0.605723 (VIOLATED)
_16909_/S                               0.750000    1.355723   -0.605723 (VIOLATED)
_16942_/S                               0.750000    1.355723   -0.605723 (VIOLATED)
_16962_/S                               0.750000    1.355723   -0.605723 (VIOLATED)
_16990_/S                               0.750000    1.355723   -0.605723 (VIOLATED)
_17010_/A                               0.750000    1.355723   -0.605723 (VIOLATED)
_17011_/A1                              0.750000    1.355723   -0.605723 (VIOLATED)
_17074_/S                               0.750000    1.355723   -0.605723 (VIOLATED)
_17148_/C1                              0.750000    1.355723   -0.605723 (VIOLATED)
_17164_/A1                              0.750000    1.355723   -0.605723 (VIOLATED)
_17199_/A                               0.750000    1.355723   -0.605723 (VIOLATED)
_09842_/Y                               0.750000    1.348798   -0.598798 (VIOLATED)
_10507_/B1                              0.750000    1.348798   -0.598798 (VIOLATED)
_10508_/C                               0.750000    1.348798   -0.598798 (VIOLATED)
_16564_/A                               0.750000    1.348798   -0.598798 (VIOLATED)
_16608_/A                               0.750000    1.348798   -0.598798 (VIOLATED)
_16623_/A                               0.750000    1.348798   -0.598798 (VIOLATED)
_16699_/A                               0.750000    1.348798   -0.598798 (VIOLATED)
_16712_/A                               0.750000    1.348798   -0.598798 (VIOLATED)
_16740_/A                               0.750000    1.348798   -0.598798 (VIOLATED)
_16769_/A                               0.750000    1.348798   -0.598798 (VIOLATED)
_16829_/A                               0.750000    1.348798   -0.598798 (VIOLATED)
_16861_/A                               0.750000    1.348798   -0.598798 (VIOLATED)
_16878_/A                               0.750000    1.348798   -0.598798 (VIOLATED)
_16912_/A                               0.750000    1.348798   -0.598798 (VIOLATED)
_16982_/A                               0.750000    1.348798   -0.598798 (VIOLATED)
_17016_/A                               0.750000    1.348798   -0.598798 (VIOLATED)
_17036_/A                               0.750000    1.348798   -0.598798 (VIOLATED)
_17061_/A                               0.750000    1.348798   -0.598798 (VIOLATED)
_17087_/A                               0.750000    1.348798   -0.598798 (VIOLATED)
_17140_/A                               0.750000    1.348798   -0.598798 (VIOLATED)
_17171_/A                               0.750000    1.348798   -0.598798 (VIOLATED)
_15270_/Y                               0.750000    1.319847   -0.569848 (VIOLATED)
_15273_/A                               0.750000    1.319847   -0.569848 (VIOLATED)
_15275_/A2                              0.750000    1.319847   -0.569848 (VIOLATED)
_15458_/A2                              0.750000    1.319847   -0.569848 (VIOLATED)
_15825_/B1                              0.750000    1.319847   -0.569848 (VIOLATED)
_15826_/A2                              0.750000    1.319847   -0.569848 (VIOLATED)
_16009_/B1                              0.750000    1.319847   -0.569848 (VIOLATED)
_16011_/A2                              0.750000    1.319847   -0.569848 (VIOLATED)
_16190_/B1                              0.750000    1.319847   -0.569848 (VIOLATED)
_16191_/A2                              0.750000    1.319847   -0.569848 (VIOLATED)
_16374_/S                               0.750000    1.319847   -0.569848 (VIOLATED)
_16561_/B1                              0.750000    1.319847   -0.569848 (VIOLATED)
_16562_/B2                              0.750000    1.319847   -0.569848 (VIOLATED)
_16590_/B1                              0.750000    1.319847   -0.569848 (VIOLATED)
_16591_/A1                              0.750000    1.319847   -0.569848 (VIOLATED)
_16620_/B1                              0.750000    1.319847   -0.569848 (VIOLATED)
_16621_/A1                              0.750000    1.319847   -0.569848 (VIOLATED)
_16651_/B1                              0.750000    1.319847   -0.569848 (VIOLATED)
_16652_/B1                              0.750000    1.319847   -0.569848 (VIOLATED)
_16677_/B1                              0.750000    1.319847   -0.569848 (VIOLATED)
_16678_/B2                              0.750000    1.319847   -0.569848 (VIOLATED)
_16710_/B2                              0.750000    1.319847   -0.569848 (VIOLATED)
_16738_/B2                              0.750000    1.319847   -0.569848 (VIOLATED)
_16767_/B1                              0.750000    1.319847   -0.569848 (VIOLATED)
_16791_/B2                              0.750000    1.319847   -0.569848 (VIOLATED)
_16844_/A                               0.750000    1.319847   -0.569848 (VIOLATED)
_16876_/B2                              0.750000    1.319847   -0.569848 (VIOLATED)
_16901_/B2                              0.750000    1.319847   -0.569848 (VIOLATED)
_16932_/B2                              0.750000    1.319847   -0.569848 (VIOLATED)
_16955_/B2                              0.750000    1.319847   -0.569848 (VIOLATED)
_16980_/B2                              0.750000    1.319847   -0.569848 (VIOLATED)
_17003_/B2                              0.750000    1.319847   -0.569848 (VIOLATED)
_17034_/B2                              0.750000    1.319847   -0.569848 (VIOLATED)
_17058_/C1                              0.750000    1.319847   -0.569848 (VIOLATED)
_17059_/B2                              0.750000    1.319847   -0.569848 (VIOLATED)
_17085_/B2                              0.750000    1.319847   -0.569848 (VIOLATED)
_17108_/B2                              0.750000    1.319847   -0.569848 (VIOLATED)
_17138_/B2                              0.750000    1.319847   -0.569848 (VIOLATED)
_17159_/B2                              0.750000    1.319847   -0.569848 (VIOLATED)
_17188_/B2                              0.750000    1.319847   -0.569848 (VIOLATED)
_17208_/C1                              0.750000    1.319847   -0.569848 (VIOLATED)
_17209_/B2                              0.750000    1.319847   -0.569848 (VIOLATED)
_09497_/Y                               0.750000    1.229802   -0.479802 (VIOLATED)
_09534_/A                               0.750000    1.229802   -0.479802 (VIOLATED)
_09562_/A2                              0.750000    1.229802   -0.479802 (VIOLATED)
_09599_/A                               0.750000    1.229802   -0.479802 (VIOLATED)
_09753_/S                               0.750000    1.229802   -0.479802 (VIOLATED)
_09807_/S                               0.750000    1.229802   -0.479802 (VIOLATED)
_09947_/A1                              0.750000    1.229802   -0.479802 (VIOLATED)
_10045_/A                               0.750000    1.229802   -0.479802 (VIOLATED)
_10046_/A1                              0.750000    1.229802   -0.479802 (VIOLATED)
_10108_/A                               0.750000    1.229802   -0.479802 (VIOLATED)
_10137_/S                               0.750000    1.229802   -0.479802 (VIOLATED)
_10168_/A                               0.750000    1.229802   -0.479802 (VIOLATED)
_10199_/A1                              0.750000    1.229802   -0.479802 (VIOLATED)
_10257_/A1                              0.750000    1.229802   -0.479802 (VIOLATED)
_10318_/S                               0.750000    1.229802   -0.479802 (VIOLATED)
_10344_/A                               0.750000    1.229802   -0.479802 (VIOLATED)
_10380_/A1                              0.750000    1.229802   -0.479802 (VIOLATED)
_10408_/A                               0.750000    1.229802   -0.479802 (VIOLATED)
_10435_/S                               0.750000    1.229802   -0.479802 (VIOLATED)
_10466_/A                               0.750000    1.229802   -0.479802 (VIOLATED)
_10496_/S                               0.750000    1.229802   -0.479802 (VIOLATED)
_10512_/S                               0.750000    1.229802   -0.479802 (VIOLATED)
_11420_/A1                              0.750000    1.229802   -0.479802 (VIOLATED)
_11421_/A1                              0.750000    1.229802   -0.479802 (VIOLATED)
_11428_/A1                              0.750000    1.229802   -0.479802 (VIOLATED)
_11466_/A                               0.750000    1.229802   -0.479802 (VIOLATED)
_11467_/B                               0.750000    1.229802   -0.479802 (VIOLATED)
_11496_/A1                              0.750000    1.229802   -0.479802 (VIOLATED)
_11497_/A                               0.750000    1.229802   -0.479802 (VIOLATED)
_11501_/S                               0.750000    1.229802   -0.479802 (VIOLATED)
_11510_/A                               0.750000    1.229802   -0.479802 (VIOLATED)
_11512_/A                               0.750000    1.229802   -0.479802 (VIOLATED)
_11514_/A1                              0.750000    1.229802   -0.479802 (VIOLATED)
_11556_/A1                              0.750000    1.229802   -0.479802 (VIOLATED)
_11584_/S                               0.750000    1.229802   -0.479802 (VIOLATED)
_11611_/A1                              0.750000    1.229802   -0.479802 (VIOLATED)
_12420_/A                               0.750000    1.229802   -0.479802 (VIOLATED)
_12605_/A1                              0.750000    1.229802   -0.479802 (VIOLATED)
_12625_/A1                              0.750000    1.229802   -0.479802 (VIOLATED)
_16574_/A1                              0.750000    1.229802   -0.479802 (VIOLATED)
_16639_/A1                              0.750000    1.229802   -0.479802 (VIOLATED)
_16719_/A1                              0.750000    1.229802   -0.479802 (VIOLATED)
_16888_/S                               0.750000    1.229802   -0.479802 (VIOLATED)
_16907_/A1                              0.750000    1.229802   -0.479802 (VIOLATED)
_16940_/S                               0.750000    1.229802   -0.479802 (VIOLATED)
_16987_/S                               0.750000    1.229802   -0.479802 (VIOLATED)
_17043_/S                               0.750000    1.229802   -0.479802 (VIOLATED)
_11807_/Y                               0.750000    1.180527   -0.430527 (VIOLATED)
_11809_/A1                              0.750000    1.180527   -0.430527 (VIOLATED)
_11822_/A1                              0.750000    1.180527   -0.430527 (VIOLATED)
_11831_/A1                              0.750000    1.180527   -0.430527 (VIOLATED)
_11841_/A1                              0.750000    1.180527   -0.430527 (VIOLATED)
_11848_/A1                              0.750000    1.180527   -0.430527 (VIOLATED)
_11861_/A1                              0.750000    1.180527   -0.430527 (VIOLATED)
_11868_/A1                              0.750000    1.180527   -0.430527 (VIOLATED)
_11880_/A1                              0.750000    1.180527   -0.430527 (VIOLATED)
_11894_/A1                              0.750000    1.180527   -0.430527 (VIOLATED)
_11903_/A1                              0.750000    1.180527   -0.430527 (VIOLATED)
_11913_/A1                              0.750000    1.180527   -0.430527 (VIOLATED)
_11922_/A1                              0.750000    1.180527   -0.430527 (VIOLATED)
_11931_/A1                              0.750000    1.180527   -0.430527 (VIOLATED)
_11940_/A1                              0.750000    1.180527   -0.430527 (VIOLATED)
_11950_/A1                              0.750000    1.180527   -0.430527 (VIOLATED)
_11959_/A1                              0.750000    1.180527   -0.430527 (VIOLATED)
_11968_/A1                              0.750000    1.180527   -0.430527 (VIOLATED)
_11980_/A1                              0.750000    1.180527   -0.430527 (VIOLATED)
_11989_/A1                              0.750000    1.180527   -0.430527 (VIOLATED)
_11995_/A1                              0.750000    1.180527   -0.430527 (VIOLATED)
_12007_/A1                              0.750000    1.180527   -0.430527 (VIOLATED)
_12016_/A1                              0.750000    1.180527   -0.430527 (VIOLATED)
_12026_/A1                              0.750000    1.180527   -0.430527 (VIOLATED)
_12034_/A1                              0.750000    1.180527   -0.430527 (VIOLATED)
_12046_/A1                              0.750000    1.180527   -0.430527 (VIOLATED)
_12055_/A1                              0.750000    1.180527   -0.430527 (VIOLATED)
_12063_/A1                              0.750000    1.180527   -0.430527 (VIOLATED)
_12072_/A1                              0.750000    1.180527   -0.430527 (VIOLATED)
_12083_/A1                              0.750000    1.180527   -0.430527 (VIOLATED)
_12089_/A                               0.750000    1.180527   -0.430527 (VIOLATED)
_12102_/A1                              0.750000    1.180527   -0.430527 (VIOLATED)
_12111_/A1                              0.750000    1.180527   -0.430527 (VIOLATED)
_12121_/A1                              0.750000    1.180527   -0.430527 (VIOLATED)
_12127_/A1                              0.750000    1.180527   -0.430527 (VIOLATED)
_12139_/A1                              0.750000    1.180527   -0.430527 (VIOLATED)
_12145_/A1                              0.750000    1.180527   -0.430527 (VIOLATED)
_12155_/A1                              0.750000    1.180527   -0.430527 (VIOLATED)
_12166_/A1                              0.750000    1.180527   -0.430527 (VIOLATED)
_12176_/A1                              0.750000    1.180527   -0.430527 (VIOLATED)
_12184_/A1                              0.750000    1.180527   -0.430527 (VIOLATED)
_12196_/A1                              0.750000    1.180527   -0.430527 (VIOLATED)
_12205_/A1                              0.750000    1.180527   -0.430527 (VIOLATED)
_12213_/A1                              0.750000    1.180527   -0.430527 (VIOLATED)
_12219_/A1                              0.750000    1.180527   -0.430527 (VIOLATED)
_12233_/A1                              0.750000    1.180527   -0.430527 (VIOLATED)
_12242_/A1                              0.750000    1.180527   -0.430527 (VIOLATED)
_12249_/A1                              0.750000    1.180527   -0.430527 (VIOLATED)
_12260_/A1                              0.750000    1.180527   -0.430527 (VIOLATED)
_12271_/A1                              0.750000    1.180527   -0.430527 (VIOLATED)
_12280_/A1                              0.750000    1.180527   -0.430527 (VIOLATED)
_12289_/A1                              0.750000    1.180527   -0.430527 (VIOLATED)
_12298_/A1                              0.750000    1.180527   -0.430527 (VIOLATED)
_12308_/A1                              0.750000    1.180527   -0.430527 (VIOLATED)
_12317_/A1                              0.750000    1.180527   -0.430527 (VIOLATED)
_12324_/A1                              0.750000    1.180527   -0.430527 (VIOLATED)
_12335_/A1                              0.750000    1.180527   -0.430527 (VIOLATED)
_12346_/A1                              0.750000    1.180527   -0.430527 (VIOLATED)
_12355_/A1                              0.750000    1.180527   -0.430527 (VIOLATED)
_12366_/A1                              0.750000    1.180527   -0.430527 (VIOLATED)
_12375_/A1                              0.750000    1.180527   -0.430527 (VIOLATED)
_12385_/A1                              0.750000    1.180527   -0.430527 (VIOLATED)
_12394_/A1                              0.750000    1.180527   -0.430527 (VIOLATED)
_12402_/A1                              0.750000    1.180527   -0.430527 (VIOLATED)
_12408_/A                               0.750000    1.180527   -0.430527 (VIOLATED)
_09271_/X                               0.750000    1.065780   -0.315780 (VIOLATED)
_09298_/B2                              0.750000    1.065780   -0.315780 (VIOLATED)
_09299_/B1                              0.750000    1.065780   -0.315780 (VIOLATED)
_09314_/A1                              0.750000    1.065780   -0.315780 (VIOLATED)
_09323_/A1                              0.750000    1.065780   -0.315780 (VIOLATED)
_09338_/A2                              0.750000    1.065780   -0.315780 (VIOLATED)
_09345_/A2                              0.750000    1.065780   -0.315780 (VIOLATED)
_09354_/B1                              0.750000    1.065780   -0.315780 (VIOLATED)
_09363_/B1                              0.750000    1.065780   -0.315780 (VIOLATED)
_09460_/A1                              0.750000    1.065780   -0.315780 (VIOLATED)
_09464_/B1                              0.750000    1.065780   -0.315780 (VIOLATED)
_09473_/A1                              0.750000    1.065780   -0.315780 (VIOLATED)
_09483_/A1                              0.750000    1.065780   -0.315780 (VIOLATED)
_09853_/A2                              0.750000    1.065780   -0.315780 (VIOLATED)
_09861_/A2                              0.750000    1.065780   -0.315780 (VIOLATED)
_09868_/B1                              0.750000    1.065780   -0.315780 (VIOLATED)
_10536_/A1                              0.750000    1.065780   -0.315780 (VIOLATED)
_10544_/A1                              0.750000    1.065780   -0.315780 (VIOLATED)
_10552_/A1                              0.750000    1.065780   -0.315780 (VIOLATED)
_10554_/A1                              0.750000    1.065780   -0.315780 (VIOLATED)
_10561_/A1                              0.750000    1.065780   -0.315780 (VIOLATED)
_10571_/A1                              0.750000    1.065780   -0.315780 (VIOLATED)
_10577_/A                               0.750000    1.065780   -0.315780 (VIOLATED)
_10584_/A1                              0.750000    1.065780   -0.315780 (VIOLATED)
_10596_/A                               0.750000    1.065780   -0.315780 (VIOLATED)
_10605_/A1                              0.750000    1.065780   -0.315780 (VIOLATED)
_10612_/A1                              0.750000    1.065780   -0.315780 (VIOLATED)
_10629_/A2                              0.750000    1.065780   -0.315780 (VIOLATED)
_10638_/A2                              0.750000    1.065780   -0.315780 (VIOLATED)
_10642_/B1                              0.750000    1.065780   -0.315780 (VIOLATED)
_10650_/A1                              0.750000    1.065780   -0.315780 (VIOLATED)
_10658_/B1                              0.750000    1.065780   -0.315780 (VIOLATED)
_10674_/A2                              0.750000    1.065780   -0.315780 (VIOLATED)
_10681_/B1                              0.750000    1.065780   -0.315780 (VIOLATED)
_10686_/A2                              0.750000    1.065780   -0.315780 (VIOLATED)
_10696_/B1                              0.750000    1.065780   -0.315780 (VIOLATED)
_10705_/A2                              0.750000    1.065780   -0.315780 (VIOLATED)
_10709_/A1                              0.750000    1.065780   -0.315780 (VIOLATED)
_10723_/A2                              0.750000    1.065780   -0.315780 (VIOLATED)
_10734_/B1                              0.750000    1.065780   -0.315780 (VIOLATED)
_10738_/A1                              0.750000    1.065780   -0.315780 (VIOLATED)
_10747_/B1                              0.750000    1.065780   -0.315780 (VIOLATED)
_10763_/A2                              0.750000    1.065780   -0.315780 (VIOLATED)
_10768_/A1                              0.750000    1.065780   -0.315780 (VIOLATED)
_10781_/A2                              0.750000    1.065780   -0.315780 (VIOLATED)
_10788_/A2                              0.750000    1.065780   -0.315780 (VIOLATED)
_10802_/A1                              0.750000    1.065780   -0.315780 (VIOLATED)
_10814_/B1                              0.750000    1.065780   -0.315780 (VIOLATED)
_10820_/A2                              0.750000    1.065780   -0.315780 (VIOLATED)
_10824_/A2                              0.750000    1.065780   -0.315780 (VIOLATED)
_10835_/B1                              0.750000    1.065780   -0.315780 (VIOLATED)
_10843_/A2                              0.750000    1.065780   -0.315780 (VIOLATED)
_10853_/A2                              0.750000    1.065780   -0.315780 (VIOLATED)
_10859_/A2                              0.750000    1.065780   -0.315780 (VIOLATED)
_10866_/B1                              0.750000    1.065780   -0.315780 (VIOLATED)
_10872_/A2                              0.750000    1.065780   -0.315780 (VIOLATED)
_10875_/A2                              0.750000    1.065780   -0.315780 (VIOLATED)
_10885_/A2                              0.750000    1.065780   -0.315780 (VIOLATED)
_10892_/A1                              0.750000    1.065780   -0.315780 (VIOLATED)
_10904_/A2                              0.750000    1.065780   -0.315780 (VIOLATED)
_10917_/B1                              0.750000    1.065780   -0.315780 (VIOLATED)
_10923_/B1                              0.750000    1.065780   -0.315780 (VIOLATED)
_10930_/A2                              0.750000    1.065780   -0.315780 (VIOLATED)
_10936_/B1                              0.750000    1.065780   -0.315780 (VIOLATED)
_10946_/B1                              0.750000    1.065780   -0.315780 (VIOLATED)
_10950_/A1                              0.750000    1.065780   -0.315780 (VIOLATED)
_10959_/A2                              0.750000    1.065780   -0.315780 (VIOLATED)
_10966_/B1                              0.750000    1.065780   -0.315780 (VIOLATED)
_10974_/B1                              0.750000    1.065780   -0.315780 (VIOLATED)
_10981_/B2                              0.750000    1.065780   -0.315780 (VIOLATED)
_11002_/B1                              0.750000    1.065780   -0.315780 (VIOLATED)
_11008_/A2                              0.750000    1.065780   -0.315780 (VIOLATED)
_11015_/B1                              0.750000    1.065780   -0.315780 (VIOLATED)
_11027_/A2                              0.750000    1.065780   -0.315780 (VIOLATED)
_11034_/A2                              0.750000    1.065780   -0.315780 (VIOLATED)
_11040_/A2                              0.750000    1.065780   -0.315780 (VIOLATED)
_11047_/A1                              0.750000    1.065780   -0.315780 (VIOLATED)
_11065_/B1                              0.750000    1.065780   -0.315780 (VIOLATED)
_11072_/B1                              0.750000    1.065780   -0.315780 (VIOLATED)
_11078_/B1                              0.750000    1.065780   -0.315780 (VIOLATED)
_11101_/A2                              0.750000    1.065780   -0.315780 (VIOLATED)
_11106_/A2                              0.750000    1.065780   -0.315780 (VIOLATED)
_11115_/B1                              0.750000    1.065780   -0.315780 (VIOLATED)
_11121_/B1                              0.750000    1.065780   -0.315780 (VIOLATED)
_11133_/B1                              0.750000    1.065780   -0.315780 (VIOLATED)
_11139_/A2                              0.750000    1.065780   -0.315780 (VIOLATED)
_11149_/B1                              0.750000    1.065780   -0.315780 (VIOLATED)
_11158_/B1                              0.750000    1.065780   -0.315780 (VIOLATED)
_11165_/A2                              0.750000    1.065780   -0.315780 (VIOLATED)
_11172_/B1                              0.750000    1.065780   -0.315780 (VIOLATED)
_11178_/B1                              0.750000    1.065780   -0.315780 (VIOLATED)
_11188_/B1                              0.750000    1.065780   -0.315780 (VIOLATED)
_11195_/A2                              0.750000    1.065780   -0.315780 (VIOLATED)
_11199_/A2                              0.750000    1.065780   -0.315780 (VIOLATED)
_11208_/B1                              0.750000    1.065780   -0.315780 (VIOLATED)
_11215_/B1                              0.750000    1.065780   -0.315780 (VIOLATED)
_11224_/A2                              0.750000    1.065780   -0.315780 (VIOLATED)
_11229_/B1                              0.750000    1.065780   -0.315780 (VIOLATED)
_11237_/B2                              0.750000    1.065780   -0.315780 (VIOLATED)
_11250_/A2                              0.750000    1.065780   -0.315780 (VIOLATED)
_11253_/A2                              0.750000    1.065780   -0.315780 (VIOLATED)
_11255_/A2                              0.750000    1.065780   -0.315780 (VIOLATED)
_11263_/B1                              0.750000    1.065780   -0.315780 (VIOLATED)
_11273_/B1                              0.750000    1.065780   -0.315780 (VIOLATED)
_11276_/A2                              0.750000    1.065780   -0.315780 (VIOLATED)
_11287_/A2                              0.750000    1.065780   -0.315780 (VIOLATED)
_11291_/B1                              0.750000    1.065780   -0.315780 (VIOLATED)
_11301_/B1                              0.750000    1.065780   -0.315780 (VIOLATED)
_11306_/A2                              0.750000    1.065780   -0.315780 (VIOLATED)
_11316_/A2                              0.750000    1.065780   -0.315780 (VIOLATED)
_11321_/B1                              0.750000    1.065780   -0.315780 (VIOLATED)
_11329_/A1                              0.750000    1.065780   -0.315780 (VIOLATED)
_09199_/Y                               0.750000    1.041069   -0.291069 (VIOLATED)
_09378_/A                               0.750000    1.041069   -0.291069 (VIOLATED)
_09382_/B1                              0.750000    1.041069   -0.291069 (VIOLATED)
_09398_/C1                              0.750000    1.041069   -0.291069 (VIOLATED)
_09402_/A1                              0.750000    1.041069   -0.291069 (VIOLATED)
_09501_/A                               0.750000    1.041069   -0.291069 (VIOLATED)
_09523_/A1                              0.750000    1.041069   -0.291069 (VIOLATED)
_09525_/A1                              0.750000    1.041069   -0.291069 (VIOLATED)
_09538_/A1                              0.750000    1.041069   -0.291069 (VIOLATED)
_09548_/A                               0.750000    1.041069   -0.291069 (VIOLATED)
_09570_/B1                              0.750000    1.041069   -0.291069 (VIOLATED)
_09579_/C1                              0.750000    1.041069   -0.291069 (VIOLATED)
_09583_/A1                              0.750000    1.041069   -0.291069 (VIOLATED)
_09657_/A1                              0.750000    1.041069   -0.291069 (VIOLATED)
_09659_/A1                              0.750000    1.041069   -0.291069 (VIOLATED)
_09669_/B1                              0.750000    1.041069   -0.291069 (VIOLATED)
_09679_/B1                              0.750000    1.041069   -0.291069 (VIOLATED)
_09703_/C1                              0.750000    1.041069   -0.291069 (VIOLATED)
_09719_/C1                              0.750000    1.041069   -0.291069 (VIOLATED)
_09726_/A1                              0.750000    1.041069   -0.291069 (VIOLATED)
_09794_/S                               0.750000    1.041069   -0.291069 (VIOLATED)
_09797_/A1                              0.750000    1.041069   -0.291069 (VIOLATED)
_09820_/A                               0.750000    1.041069   -0.291069 (VIOLATED)
_09901_/C1                              0.750000    1.041069   -0.291069 (VIOLATED)
_09913_/A1                              0.750000    1.041069   -0.291069 (VIOLATED)
_09961_/A1                              0.750000    1.041069   -0.291069 (VIOLATED)
_09966_/A2                              0.750000    1.041069   -0.291069 (VIOLATED)
_09973_/B1                              0.750000    1.041069   -0.291069 (VIOLATED)
_10086_/A1                              0.750000    1.041069   -0.291069 (VIOLATED)
_10092_/C1                              0.750000    1.041069   -0.291069 (VIOLATED)
_10096_/C1                              0.750000    1.041069   -0.291069 (VIOLATED)
_10100_/A1                              0.750000    1.041069   -0.291069 (VIOLATED)
_10141_/C1                              0.750000    1.041069   -0.291069 (VIOLATED)
_10188_/A1                              0.750000    1.041069   -0.291069 (VIOLATED)
_10239_/A1                              0.750000    1.041069   -0.291069 (VIOLATED)
_10243_/C1                              0.750000    1.041069   -0.291069 (VIOLATED)
_10246_/A1                              0.750000    1.041069   -0.291069 (VIOLATED)
_10278_/A1                              0.750000    1.041069   -0.291069 (VIOLATED)
_10280_/A1                              0.750000    1.041069   -0.291069 (VIOLATED)
_10295_/C1                              0.750000    1.041069   -0.291069 (VIOLATED)
_10300_/B2                              0.750000    1.041069   -0.291069 (VIOLATED)
_10303_/A                               0.750000    1.041069   -0.291069 (VIOLATED)
_10346_/A1                              0.750000    1.041069   -0.291069 (VIOLATED)
_10348_/A1                              0.750000    1.041069   -0.291069 (VIOLATED)
_10350_/A1                              0.750000    1.041069   -0.291069 (VIOLATED)
_10352_/A1                              0.750000    1.041069   -0.291069 (VIOLATED)
_10395_/S                               0.750000    1.041069   -0.291069 (VIOLATED)
_10398_/A1                              0.750000    1.041069   -0.291069 (VIOLATED)
_10447_/A                               0.750000    1.041069   -0.291069 (VIOLATED)
_10473_/A1                              0.750000    1.041069   -0.291069 (VIOLATED)
_12755_/Y                               0.750000    1.016848   -0.266848 (VIOLATED)
_12756_/A1                              0.750000    1.016848   -0.266848 (VIOLATED)
_12801_/A1                              0.750000    1.016848   -0.266848 (VIOLATED)
_12839_/A1                              0.750000    1.016848   -0.266848 (VIOLATED)
_12877_/A1                              0.750000    1.016848   -0.266848 (VIOLATED)
_12915_/A1                              0.750000    1.016848   -0.266848 (VIOLATED)
_12953_/A1                              0.750000    1.016848   -0.266848 (VIOLATED)
_12991_/A1                              0.750000    1.016848   -0.266848 (VIOLATED)
_13030_/A1                              0.750000    1.016848   -0.266848 (VIOLATED)
_13068_/A1                              0.750000    1.016848   -0.266848 (VIOLATED)
_13104_/A1                              0.750000    1.016848   -0.266848 (VIOLATED)
_13140_/A1                              0.750000    1.016848   -0.266848 (VIOLATED)
_13177_/A1                              0.750000    1.016848   -0.266848 (VIOLATED)
_13213_/A1                              0.750000    1.016848   -0.266848 (VIOLATED)
_13249_/A1                              0.750000    1.016848   -0.266848 (VIOLATED)
_13285_/A1                              0.750000    1.016848   -0.266848 (VIOLATED)
_13321_/A1                              0.750000    1.016848   -0.266848 (VIOLATED)
_13359_/A1                              0.750000    1.016848   -0.266848 (VIOLATED)
_13395_/A1                              0.750000    1.016848   -0.266848 (VIOLATED)
_13431_/A1                              0.750000    1.016848   -0.266848 (VIOLATED)
_13467_/A1                              0.750000    1.016848   -0.266848 (VIOLATED)
_13503_/A1                              0.750000    1.016848   -0.266848 (VIOLATED)
_13539_/A1                              0.750000    1.016848   -0.266848 (VIOLATED)
_13576_/A1                              0.750000    1.016848   -0.266848 (VIOLATED)
_13612_/A1                              0.750000    1.016848   -0.266848 (VIOLATED)
_13648_/A1                              0.750000    1.016848   -0.266848 (VIOLATED)
_13687_/A1                              0.750000    1.016848   -0.266848 (VIOLATED)
_13724_/A1                              0.750000    1.016848   -0.266848 (VIOLATED)
_13761_/A1                              0.750000    1.016848   -0.266848 (VIOLATED)
_13798_/A1                              0.750000    1.016848   -0.266848 (VIOLATED)
_13835_/A1                              0.750000    1.016848   -0.266848 (VIOLATED)
_13872_/A1                              0.750000    1.016848   -0.266848 (VIOLATED)
_13909_/A1                              0.750000    1.016848   -0.266848 (VIOLATED)
_13946_/A1                              0.750000    1.016848   -0.266848 (VIOLATED)
_13983_/A1                              0.750000    1.016848   -0.266848 (VIOLATED)
_14021_/A1                              0.750000    1.016848   -0.266848 (VIOLATED)
_14057_/A1                              0.750000    1.016848   -0.266848 (VIOLATED)
_14093_/A1                              0.750000    1.016848   -0.266848 (VIOLATED)
_14129_/A1                              0.750000    1.016848   -0.266848 (VIOLATED)
_14165_/A1                              0.750000    1.016848   -0.266848 (VIOLATED)
_14201_/A1                              0.750000    1.016848   -0.266848 (VIOLATED)
_14237_/A1                              0.750000    1.016848   -0.266848 (VIOLATED)
_14273_/A1                              0.750000    1.016848   -0.266848 (VIOLATED)
_14312_/A1                              0.750000    1.016848   -0.266848 (VIOLATED)
_14348_/A1                              0.750000    1.016848   -0.266848 (VIOLATED)
_14385_/A1                              0.750000    1.016848   -0.266848 (VIOLATED)
_14421_/A1                              0.750000    1.016848   -0.266848 (VIOLATED)
_14457_/A1                              0.750000    1.016848   -0.266848 (VIOLATED)
_14493_/A1                              0.750000    1.016848   -0.266848 (VIOLATED)
_14529_/A1                              0.750000    1.016848   -0.266848 (VIOLATED)
_14565_/A1                              0.750000    1.016848   -0.266848 (VIOLATED)
_14601_/A1                              0.750000    1.016848   -0.266848 (VIOLATED)
_14639_/A1                              0.750000    1.016848   -0.266848 (VIOLATED)
_14675_/A1                              0.750000    1.016848   -0.266848 (VIOLATED)
_14711_/A1                              0.750000    1.016848   -0.266848 (VIOLATED)
_14747_/A1                              0.750000    1.016848   -0.266848 (VIOLATED)
_14784_/A1                              0.750000    1.016848   -0.266848 (VIOLATED)
_14820_/A1                              0.750000    1.016848   -0.266848 (VIOLATED)
_14856_/A1                              0.750000    1.016848   -0.266848 (VIOLATED)
_14892_/A1                              0.750000    1.016848   -0.266848 (VIOLATED)
_14928_/A1                              0.750000    1.016848   -0.266848 (VIOLATED)
_14965_/A1                              0.750000    1.016848   -0.266848 (VIOLATED)
_15002_/A1                              0.750000    1.016848   -0.266848 (VIOLATED)
_15038_/A1                              0.750000    1.016848   -0.266848 (VIOLATED)
_15074_/A1                              0.750000    1.016848   -0.266848 (VIOLATED)
_10522_/X                               0.750000    1.002170   -0.252170 (VIOLATED)
_12766_/A                               0.750000    1.002170   -0.252170 (VIOLATED)
_12767_/A                               0.750000    1.002170   -0.252170 (VIOLATED)
_13324_/A                               0.750000    1.002170   -0.252170 (VIOLATED)
_13325_/A                               0.750000    1.002170   -0.252170 (VIOLATED)
_13986_/A                               0.750000    1.002170   -0.252170 (VIOLATED)
_13987_/A                               0.750000    1.002170   -0.252170 (VIOLATED)
_14604_/A                               0.750000    1.002170   -0.252170 (VIOLATED)
_14605_/A                               0.750000    1.002170   -0.252170 (VIOLATED)
_15095_/C1                              0.750000    1.002170   -0.252170 (VIOLATED)
_15100_/C1                              0.750000    1.002170   -0.252170 (VIOLATED)
_15112_/C1                              0.750000    1.002170   -0.252170 (VIOLATED)
_15121_/C1                              0.750000    1.002170   -0.252170 (VIOLATED)
_15140_/C1                              0.750000    1.002170   -0.252170 (VIOLATED)
_15144_/C1                              0.750000    1.002170   -0.252170 (VIOLATED)
_15156_/C1                              0.750000    1.002170   -0.252170 (VIOLATED)
_15165_/C1                              0.750000    1.002170   -0.252170 (VIOLATED)
_15187_/A1                              0.750000    1.002170   -0.252170 (VIOLATED)
_15204_/C1                              0.750000    1.002170   -0.252170 (VIOLATED)
_15230_/A1                              0.750000    1.002170   -0.252170 (VIOLATED)
_15247_/C1                              0.750000    1.002170   -0.252170 (VIOLATED)
_15321_/C1                              0.750000    1.002170   -0.252170 (VIOLATED)
_15332_/C1                              0.750000    1.002170   -0.252170 (VIOLATED)
_15343_/C1                              0.750000    1.002170   -0.252170 (VIOLATED)
_15359_/C1                              0.750000    1.002170   -0.252170 (VIOLATED)
_15372_/C1                              0.750000    1.002170   -0.252170 (VIOLATED)
_15383_/A1                              0.750000    1.002170   -0.252170 (VIOLATED)
_15413_/C1                              0.750000    1.002170   -0.252170 (VIOLATED)
_15418_/C1                              0.750000    1.002170   -0.252170 (VIOLATED)
_15434_/C1                              0.750000    1.002170   -0.252170 (VIOLATED)
_15440_/C1                              0.750000    1.002170   -0.252170 (VIOLATED)
_15469_/A1                              0.750000    1.002170   -0.252170 (VIOLATED)
_15489_/C1                              0.750000    1.002170   -0.252170 (VIOLATED)
_15512_/C1                              0.750000    1.002170   -0.252170 (VIOLATED)
_15517_/C1                              0.750000    1.002170   -0.252170 (VIOLATED)
_15529_/C1                              0.750000    1.002170   -0.252170 (VIOLATED)
_15539_/C1                              0.750000    1.002170   -0.252170 (VIOLATED)
_15600_/A1                              0.750000    1.002170   -0.252170 (VIOLATED)
_15615_/A                               0.750000    1.002170   -0.252170 (VIOLATED)
_15620_/C1                              0.750000    1.002170   -0.252170 (VIOLATED)
_15644_/C1                              0.750000    1.002170   -0.252170 (VIOLATED)
_15655_/C1                              0.750000    1.002170   -0.252170 (VIOLATED)
_15671_/C1                              0.750000    1.002170   -0.252170 (VIOLATED)
_15683_/C1                              0.750000    1.002170   -0.252170 (VIOLATED)
_15694_/C1                              0.750000    1.002170   -0.252170 (VIOLATED)
_15701_/C1                              0.750000    1.002170   -0.252170 (VIOLATED)
_15740_/A1                              0.750000    1.002170   -0.252170 (VIOLATED)
_15758_/C1                              0.750000    1.002170   -0.252170 (VIOLATED)
_15776_/C1                              0.750000    1.002170   -0.252170 (VIOLATED)
_15787_/C1                              0.750000    1.002170   -0.252170 (VIOLATED)
_15803_/C1                              0.750000    1.002170   -0.252170 (VIOLATED)
_15815_/C1                              0.750000    1.002170   -0.252170 (VIOLATED)
_15837_/A1                              0.750000    1.002170   -0.252170 (VIOLATED)
_15856_/C1                              0.750000    1.002170   -0.252170 (VIOLATED)
_15879_/C1                              0.750000    1.002170   -0.252170 (VIOLATED)
_15884_/C1                              0.750000    1.002170   -0.252170 (VIOLATED)
_15896_/C1                              0.750000    1.002170   -0.252170 (VIOLATED)
_15906_/C1                              0.750000    1.002170   -0.252170 (VIOLATED)
_15962_/C1                              0.750000    1.002170   -0.252170 (VIOLATED)
_15973_/C1                              0.750000    1.002170   -0.252170 (VIOLATED)
_15989_/C1                              0.750000    1.002170   -0.252170 (VIOLATED)
_16001_/C1                              0.750000    1.002170   -0.252170 (VIOLATED)
_16020_/C1                              0.750000    1.002170   -0.252170 (VIOLATED)
_16033_/A1                              0.750000    1.002170   -0.252170 (VIOLATED)
_16065_/C1                              0.750000    1.002170   -0.252170 (VIOLATED)
_16069_/C1                              0.750000    1.002170   -0.252170 (VIOLATED)
_16081_/C1                              0.750000    1.002170   -0.252170 (VIOLATED)
_16090_/C1                              0.750000    1.002170   -0.252170 (VIOLATED)
_16153_/A1                              0.750000    1.002170   -0.252170 (VIOLATED)
_16170_/C1                              0.750000    1.002170   -0.252170 (VIOLATED)
_16224_/C1                              0.750000    1.002170   -0.252170 (VIOLATED)
_16244_/A1                              0.750000    1.002170   -0.252170 (VIOLATED)
_16263_/C1                              0.750000    1.002170   -0.252170 (VIOLATED)
_16286_/C1                              0.750000    1.002170   -0.252170 (VIOLATED)
_16291_/C1                              0.750000    1.002170   -0.252170 (VIOLATED)
_16303_/C1                              0.750000    1.002170   -0.252170 (VIOLATED)
_16313_/C1                              0.750000    1.002170   -0.252170 (VIOLATED)
_16325_/C1                              0.750000    1.002170   -0.252170 (VIOLATED)
_16336_/C1                              0.750000    1.002170   -0.252170 (VIOLATED)
_16352_/C1                              0.750000    1.002170   -0.252170 (VIOLATED)
_16364_/C1                              0.750000    1.002170   -0.252170 (VIOLATED)
_16387_/C1                              0.750000    1.002170   -0.252170 (VIOLATED)
_16398_/A1                              0.750000    1.002170   -0.252170 (VIOLATED)
_16432_/A1                              0.750000    1.002170   -0.252170 (VIOLATED)
_16450_/C1                              0.750000    1.002170   -0.252170 (VIOLATED)
_16472_/C1                              0.750000    1.002170   -0.252170 (VIOLATED)
_16485_/A1                              0.750000    1.002170   -0.252170 (VIOLATED)
_16510_/C1                              0.750000    1.002170   -0.252170 (VIOLATED)
_16523_/C1                              0.750000    1.002170   -0.252170 (VIOLATED)
_16537_/C1                              0.750000    1.002170   -0.252170 (VIOLATED)
_16550_/C1                              0.750000    1.002170   -0.252170 (VIOLATED)
_12699_/Y                               0.750000    1.001878   -0.251878 (VIOLATED)
_12700_/A1                              0.750000    1.001878   -0.251878 (VIOLATED)
_12785_/A1                              0.750000    1.001878   -0.251878 (VIOLATED)
_12823_/A1                              0.750000    1.001878   -0.251878 (VIOLATED)
_12861_/A1                              0.750000    1.001878   -0.251878 (VIOLATED)
_12899_/A1                              0.750000    1.001878   -0.251878 (VIOLATED)
_12937_/A1                              0.750000    1.001878   -0.251878 (VIOLATED)
_12975_/A1                              0.750000    1.001878   -0.251878 (VIOLATED)
_13014_/A1                              0.750000    1.001878   -0.251878 (VIOLATED)
_13052_/A1                              0.750000    1.001878   -0.251878 (VIOLATED)
_13088_/A1                              0.750000    1.001878   -0.251878 (VIOLATED)
_13124_/A1                              0.750000    1.001878   -0.251878 (VIOLATED)
_13161_/A1                              0.750000    1.001878   -0.251878 (VIOLATED)
_13197_/A1                              0.750000    1.001878   -0.251878 (VIOLATED)
_13233_/A1                              0.750000    1.001878   -0.251878 (VIOLATED)
_13269_/A1                              0.750000    1.001878   -0.251878 (VIOLATED)
_13305_/A1                              0.750000    1.001878   -0.251878 (VIOLATED)
_13343_/A1                              0.750000    1.001878   -0.251878 (VIOLATED)
_13379_/A1                              0.750000    1.001878   -0.251878 (VIOLATED)
_13415_/A1                              0.750000    1.001878   -0.251878 (VIOLATED)
_13451_/A1                              0.750000    1.001878   -0.251878 (VIOLATED)
_13487_/A1                              0.750000    1.001878   -0.251878 (VIOLATED)
_13523_/A1                              0.750000    1.001878   -0.251878 (VIOLATED)
_13560_/A1                              0.750000    1.001878   -0.251878 (VIOLATED)
_13596_/A1                              0.750000    1.001878   -0.251878 (VIOLATED)
_13632_/A1                              0.750000    1.001878   -0.251878 (VIOLATED)
_13671_/A1                              0.750000    1.001878   -0.251878 (VIOLATED)
_13708_/A1                              0.750000    1.001878   -0.251878 (VIOLATED)
_13745_/A1                              0.750000    1.001878   -0.251878 (VIOLATED)
_13782_/A1                              0.750000    1.001878   -0.251878 (VIOLATED)
_13819_/A1                              0.750000    1.001878   -0.251878 (VIOLATED)
_13856_/A1                              0.750000    1.001878   -0.251878 (VIOLATED)
_13893_/A1                              0.750000    1.001878   -0.251878 (VIOLATED)
_13930_/A1                              0.750000    1.001878   -0.251878 (VIOLATED)
_13967_/A1                              0.750000    1.001878   -0.251878 (VIOLATED)
_14005_/A1                              0.750000    1.001878   -0.251878 (VIOLATED)
_14041_/A1                              0.750000    1.001878   -0.251878 (VIOLATED)
_14077_/A1                              0.750000    1.001878   -0.251878 (VIOLATED)
_14113_/A1                              0.750000    1.001878   -0.251878 (VIOLATED)
_14149_/A1                              0.750000    1.001878   -0.251878 (VIOLATED)
_14185_/A1                              0.750000    1.001878   -0.251878 (VIOLATED)
_14221_/A1                              0.750000    1.001878   -0.251878 (VIOLATED)
_14257_/A1                              0.750000    1.001878   -0.251878 (VIOLATED)
_14296_/A1                              0.750000    1.001878   -0.251878 (VIOLATED)
_14332_/A1                              0.750000    1.001878   -0.251878 (VIOLATED)
_14369_/A1                              0.750000    1.001878   -0.251878 (VIOLATED)
_14405_/A1                              0.750000    1.001878   -0.251878 (VIOLATED)
_14441_/A1                              0.750000    1.001878   -0.251878 (VIOLATED)
_14477_/A1                              0.750000    1.001878   -0.251878 (VIOLATED)
_14513_/A1                              0.750000    1.001878   -0.251878 (VIOLATED)
_14549_/A1                              0.750000    1.001878   -0.251878 (VIOLATED)
_14585_/A1                              0.750000    1.001878   -0.251878 (VIOLATED)
_14623_/A1                              0.750000    1.001878   -0.251878 (VIOLATED)
_14659_/A1                              0.750000    1.001878   -0.251878 (VIOLATED)
_14695_/A1                              0.750000    1.001878   -0.251878 (VIOLATED)
_14731_/A1                              0.750000    1.001878   -0.251878 (VIOLATED)
_14768_/A1                              0.750000    1.001878   -0.251878 (VIOLATED)
_14804_/A1                              0.750000    1.001878   -0.251878 (VIOLATED)
_14840_/A1                              0.750000    1.001878   -0.251878 (VIOLATED)
_14876_/A1                              0.750000    1.001878   -0.251878 (VIOLATED)
_14912_/A1                              0.750000    1.001878   -0.251878 (VIOLATED)
_14949_/A1                              0.750000    1.001878   -0.251878 (VIOLATED)
_14986_/A1                              0.750000    1.001878   -0.251878 (VIOLATED)
_15022_/A1                              0.750000    1.001878   -0.251878 (VIOLATED)
_15058_/A1                              0.750000    1.001878   -0.251878 (VIOLATED)
_12669_/Y                               0.750000    1.001835   -0.251835 (VIOLATED)
_12670_/A1                              0.750000    1.001835   -0.251835 (VIOLATED)
_12776_/A1                              0.750000    1.001835   -0.251835 (VIOLATED)
_12814_/A1                              0.750000    1.001835   -0.251835 (VIOLATED)
_12852_/A1                              0.750000    1.001835   -0.251835 (VIOLATED)
_12890_/A1                              0.750000    1.001835   -0.251835 (VIOLATED)
_12928_/A1                              0.750000    1.001835   -0.251835 (VIOLATED)
_12966_/A1                              0.750000    1.001835   -0.251835 (VIOLATED)
_13005_/A1                              0.750000    1.001835   -0.251835 (VIOLATED)
_13043_/A1                              0.750000    1.001835   -0.251835 (VIOLATED)
_13079_/A1                              0.750000    1.001835   -0.251835 (VIOLATED)
_13115_/A1                              0.750000    1.001835   -0.251835 (VIOLATED)
_13152_/A1                              0.750000    1.001835   -0.251835 (VIOLATED)
_13188_/A1                              0.750000    1.001835   -0.251835 (VIOLATED)
_13224_/A1                              0.750000    1.001835   -0.251835 (VIOLATED)
_13260_/A1                              0.750000    1.001835   -0.251835 (VIOLATED)
_13296_/A1                              0.750000    1.001835   -0.251835 (VIOLATED)
_13334_/A1                              0.750000    1.001835   -0.251835 (VIOLATED)
_13370_/A1                              0.750000    1.001835   -0.251835 (VIOLATED)
_13406_/A1                              0.750000    1.001835   -0.251835 (VIOLATED)
_13442_/A1                              0.750000    1.001835   -0.251835 (VIOLATED)
_13478_/A1                              0.750000    1.001835   -0.251835 (VIOLATED)
_13514_/A1                              0.750000    1.001835   -0.251835 (VIOLATED)
_13551_/A1                              0.750000    1.001835   -0.251835 (VIOLATED)
_13587_/A1                              0.750000    1.001835   -0.251835 (VIOLATED)
_13623_/A1                              0.750000    1.001835   -0.251835 (VIOLATED)
_13662_/A1                              0.750000    1.001835   -0.251835 (VIOLATED)
_13699_/A1                              0.750000    1.001835   -0.251835 (VIOLATED)
_13736_/A1                              0.750000    1.001835   -0.251835 (VIOLATED)
_13773_/A1                              0.750000    1.001835   -0.251835 (VIOLATED)
_13810_/A1                              0.750000    1.001835   -0.251835 (VIOLATED)
_13847_/A1                              0.750000    1.001835   -0.251835 (VIOLATED)
_13884_/A1                              0.750000    1.001835   -0.251835 (VIOLATED)
_13921_/A1                              0.750000    1.001835   -0.251835 (VIOLATED)
_13958_/A1                              0.750000    1.001835   -0.251835 (VIOLATED)
_13996_/A1                              0.750000    1.001835   -0.251835 (VIOLATED)
_14032_/A1                              0.750000    1.001835   -0.251835 (VIOLATED)
_14068_/A1                              0.750000    1.001835   -0.251835 (VIOLATED)
_14104_/A1                              0.750000    1.001835   -0.251835 (VIOLATED)
_14140_/A1                              0.750000    1.001835   -0.251835 (VIOLATED)
_14176_/A1                              0.750000    1.001835   -0.251835 (VIOLATED)
_14212_/A1                              0.750000    1.001835   -0.251835 (VIOLATED)
_14248_/A1                              0.750000    1.001835   -0.251835 (VIOLATED)
_14287_/A1                              0.750000    1.001835   -0.251835 (VIOLATED)
_14323_/A1                              0.750000    1.001835   -0.251835 (VIOLATED)
_14360_/A1                              0.750000    1.001835   -0.251835 (VIOLATED)
_14396_/A1                              0.750000    1.001835   -0.251835 (VIOLATED)
_14432_/A1                              0.750000    1.001835   -0.251835 (VIOLATED)
_14468_/A1                              0.750000    1.001835   -0.251835 (VIOLATED)
_14504_/A1                              0.750000    1.001835   -0.251835 (VIOLATED)
_14540_/A1                              0.750000    1.001835   -0.251835 (VIOLATED)
_14576_/A1                              0.750000    1.001835   -0.251835 (VIOLATED)
_14614_/A1                              0.750000    1.001835   -0.251835 (VIOLATED)
_14650_/A1                              0.750000    1.001835   -0.251835 (VIOLATED)
_14686_/A1                              0.750000    1.001835   -0.251835 (VIOLATED)
_14722_/A1                              0.750000    1.001835   -0.251835 (VIOLATED)
_14759_/A1                              0.750000    1.001835   -0.251835 (VIOLATED)
_14795_/A1                              0.750000    1.001835   -0.251835 (VIOLATED)
_14831_/A1                              0.750000    1.001835   -0.251835 (VIOLATED)
_14867_/A1                              0.750000    1.001835   -0.251835 (VIOLATED)
_14903_/A1                              0.750000    1.001835   -0.251835 (VIOLATED)
_14940_/A1                              0.750000    1.001835   -0.251835 (VIOLATED)
_14977_/A1                              0.750000    1.001835   -0.251835 (VIOLATED)
_15013_/A1                              0.750000    1.001835   -0.251835 (VIOLATED)
_15049_/A1                              0.750000    1.001835   -0.251835 (VIOLATED)
_12648_/Y                               0.750000    1.001743   -0.251743 (VIOLATED)
_12649_/A1                              0.750000    1.001743   -0.251743 (VIOLATED)
_12769_/A1                              0.750000    1.001743   -0.251743 (VIOLATED)
_12807_/A1                              0.750000    1.001743   -0.251743 (VIOLATED)
_12845_/A1                              0.750000    1.001743   -0.251743 (VIOLATED)
_12883_/A1                              0.750000    1.001743   -0.251743 (VIOLATED)
_12921_/A1                              0.750000    1.001743   -0.251743 (VIOLATED)
_12959_/A1                              0.750000    1.001743   -0.251743 (VIOLATED)
_12998_/A1                              0.750000    1.001743   -0.251743 (VIOLATED)
_13036_/A1                              0.750000    1.001743   -0.251743 (VIOLATED)
_13072_/A1                              0.750000    1.001743   -0.251743 (VIOLATED)
_13108_/A1                              0.750000    1.001743   -0.251743 (VIOLATED)
_13145_/A1                              0.750000    1.001743   -0.251743 (VIOLATED)
_13181_/A1                              0.750000    1.001743   -0.251743 (VIOLATED)
_13217_/A1                              0.750000    1.001743   -0.251743 (VIOLATED)
_13253_/A1                              0.750000    1.001743   -0.251743 (VIOLATED)
_13289_/A1                              0.750000    1.001743   -0.251743 (VIOLATED)
_13327_/A1                              0.750000    1.001743   -0.251743 (VIOLATED)
_13363_/A1                              0.750000    1.001743   -0.251743 (VIOLATED)
_13399_/A1                              0.750000    1.001743   -0.251743 (VIOLATED)
_13435_/A1                              0.750000    1.001743   -0.251743 (VIOLATED)
_13471_/A1                              0.750000    1.001743   -0.251743 (VIOLATED)
_13507_/A1                              0.750000    1.001743   -0.251743 (VIOLATED)
_13544_/A1                              0.750000    1.001743   -0.251743 (VIOLATED)
_13580_/A1                              0.750000    1.001743   -0.251743 (VIOLATED)
_13616_/A1                              0.750000    1.001743   -0.251743 (VIOLATED)
_13655_/A1                              0.750000    1.001743   -0.251743 (VIOLATED)
_13692_/A1                              0.750000    1.001743   -0.251743 (VIOLATED)
_13729_/A1                              0.750000    1.001743   -0.251743 (VIOLATED)
_13766_/A1                              0.750000    1.001743   -0.251743 (VIOLATED)
_13803_/A1                              0.750000    1.001743   -0.251743 (VIOLATED)
_13840_/A1                              0.750000    1.001743   -0.251743 (VIOLATED)
_13877_/A1                              0.750000    1.001743   -0.251743 (VIOLATED)
_13914_/A1                              0.750000    1.001743   -0.251743 (VIOLATED)
_13951_/A1                              0.750000    1.001743   -0.251743 (VIOLATED)
_13989_/A1                              0.750000    1.001743   -0.251743 (VIOLATED)
_14025_/A1                              0.750000    1.001743   -0.251743 (VIOLATED)
_14061_/A1                              0.750000    1.001743   -0.251743 (VIOLATED)
_14097_/A1                              0.750000    1.001743   -0.251743 (VIOLATED)
_14133_/A1                              0.750000    1.001743   -0.251743 (VIOLATED)
_14169_/A1                              0.750000    1.001743   -0.251743 (VIOLATED)
_14205_/A1                              0.750000    1.001743   -0.251743 (VIOLATED)
_14241_/A1                              0.750000    1.001743   -0.251743 (VIOLATED)
_14280_/A1                              0.750000    1.001743   -0.251743 (VIOLATED)
_14316_/A1                              0.750000    1.001743   -0.251743 (VIOLATED)
_14353_/A1                              0.750000    1.001743   -0.251743 (VIOLATED)
_14389_/A1                              0.750000    1.001743   -0.251743 (VIOLATED)
_14425_/A1                              0.750000    1.001743   -0.251743 (VIOLATED)
_14461_/A1                              0.750000    1.001743   -0.251743 (VIOLATED)
_14497_/A1                              0.750000    1.001743   -0.251743 (VIOLATED)
_14533_/A1                              0.750000    1.001743   -0.251743 (VIOLATED)
_14569_/A1                              0.750000    1.001743   -0.251743 (VIOLATED)
_14607_/A1                              0.750000    1.001743   -0.251743 (VIOLATED)
_14643_/A1                              0.750000    1.001743   -0.251743 (VIOLATED)
_14679_/A1                              0.750000    1.001743   -0.251743 (VIOLATED)
_14715_/A1                              0.750000    1.001743   -0.251743 (VIOLATED)
_14752_/A1                              0.750000    1.001743   -0.251743 (VIOLATED)
_14788_/A1                              0.750000    1.001743   -0.251743 (VIOLATED)
_14824_/A1                              0.750000    1.001743   -0.251743 (VIOLATED)
_14860_/A1                              0.750000    1.001743   -0.251743 (VIOLATED)
_14896_/A1                              0.750000    1.001743   -0.251743 (VIOLATED)
_14933_/A1                              0.750000    1.001743   -0.251743 (VIOLATED)
_14970_/A1                              0.750000    1.001743   -0.251743 (VIOLATED)
_15006_/A1                              0.750000    1.001743   -0.251743 (VIOLATED)
_15042_/A1                              0.750000    1.001743   -0.251743 (VIOLATED)
_12676_/Y                               0.750000    1.001659   -0.251659 (VIOLATED)
_12677_/A1                              0.750000    1.001659   -0.251659 (VIOLATED)
_12778_/A1                              0.750000    1.001659   -0.251659 (VIOLATED)
_12816_/A1                              0.750000    1.001659   -0.251659 (VIOLATED)
_12854_/A1                              0.750000    1.001659   -0.251659 (VIOLATED)
_12892_/A1                              0.750000    1.001659   -0.251659 (VIOLATED)
_12930_/A1                              0.750000    1.001659   -0.251659 (VIOLATED)
_12968_/A1                              0.750000    1.001659   -0.251659 (VIOLATED)
_13007_/A1                              0.750000    1.001659   -0.251659 (VIOLATED)
_13045_/A1                              0.750000    1.001659   -0.251659 (VIOLATED)
_13081_/A1                              0.750000    1.001659   -0.251659 (VIOLATED)
_13117_/A1                              0.750000    1.001659   -0.251659 (VIOLATED)
_13154_/A1                              0.750000    1.001659   -0.251659 (VIOLATED)
_13190_/A1                              0.750000    1.001659   -0.251659 (VIOLATED)
_13226_/A1                              0.750000    1.001659   -0.251659 (VIOLATED)
_13262_/A1                              0.750000    1.001659   -0.251659 (VIOLATED)
_13298_/A1                              0.750000    1.001659   -0.251659 (VIOLATED)
_13336_/A1                              0.750000    1.001659   -0.251659 (VIOLATED)
_13372_/A1                              0.750000    1.001659   -0.251659 (VIOLATED)
_13408_/A1                              0.750000    1.001659   -0.251659 (VIOLATED)
_13444_/A1                              0.750000    1.001659   -0.251659 (VIOLATED)
_13480_/A1                              0.750000    1.001659   -0.251659 (VIOLATED)
_13516_/A1                              0.750000    1.001659   -0.251659 (VIOLATED)
_13553_/A1                              0.750000    1.001659   -0.251659 (VIOLATED)
_13589_/A1                              0.750000    1.001659   -0.251659 (VIOLATED)
_13625_/A1                              0.750000    1.001659   -0.251659 (VIOLATED)
_13664_/A1                              0.750000    1.001659   -0.251659 (VIOLATED)
_13701_/A1                              0.750000    1.001659   -0.251659 (VIOLATED)
_13738_/A1                              0.750000    1.001659   -0.251659 (VIOLATED)
_13775_/A1                              0.750000    1.001659   -0.251659 (VIOLATED)
_13812_/A1                              0.750000    1.001659   -0.251659 (VIOLATED)
_13849_/A1                              0.750000    1.001659   -0.251659 (VIOLATED)
_13886_/A1                              0.750000    1.001659   -0.251659 (VIOLATED)
_13923_/A1                              0.750000    1.001659   -0.251659 (VIOLATED)
_13960_/A1                              0.750000    1.001659   -0.251659 (VIOLATED)
_13998_/A1                              0.750000    1.001659   -0.251659 (VIOLATED)
_14034_/A1                              0.750000    1.001659   -0.251659 (VIOLATED)
_14070_/A1                              0.750000    1.001659   -0.251659 (VIOLATED)
_14106_/A1                              0.750000    1.001659   -0.251659 (VIOLATED)
_14142_/A1                              0.750000    1.001659   -0.251659 (VIOLATED)
_14178_/A1                              0.750000    1.001659   -0.251659 (VIOLATED)
_14214_/A1                              0.750000    1.001659   -0.251659 (VIOLATED)
_14250_/A1                              0.750000    1.001659   -0.251659 (VIOLATED)
_14289_/A1                              0.750000    1.001659   -0.251659 (VIOLATED)
_14325_/A1                              0.750000    1.001659   -0.251659 (VIOLATED)
_14362_/A1                              0.750000    1.001659   -0.251659 (VIOLATED)
_14398_/A1                              0.750000    1.001659   -0.251659 (VIOLATED)
_14434_/A1                              0.750000    1.001659   -0.251659 (VIOLATED)
_14470_/A1                              0.750000    1.001659   -0.251659 (VIOLATED)
_14506_/A1                              0.750000    1.001659   -0.251659 (VIOLATED)
_14542_/A1                              0.750000    1.001659   -0.251659 (VIOLATED)
_14578_/A1                              0.750000    1.001659   -0.251659 (VIOLATED)
_14616_/A1                              0.750000    1.001659   -0.251659 (VIOLATED)
_14652_/A1                              0.750000    1.001659   -0.251659 (VIOLATED)
_14688_/A1                              0.750000    1.001659   -0.251659 (VIOLATED)
_14724_/A1                              0.750000    1.001659   -0.251659 (VIOLATED)
_14761_/A1                              0.750000    1.001659   -0.251659 (VIOLATED)
_14797_/A1                              0.750000    1.001659   -0.251659 (VIOLATED)
_14833_/A1                              0.750000    1.001659   -0.251659 (VIOLATED)
_14869_/A1                              0.750000    1.001659   -0.251659 (VIOLATED)
_14905_/A1                              0.750000    1.001659   -0.251659 (VIOLATED)
_14942_/A1                              0.750000    1.001659   -0.251659 (VIOLATED)
_14979_/A1                              0.750000    1.001659   -0.251659 (VIOLATED)
_15015_/A1                              0.750000    1.001659   -0.251659 (VIOLATED)
_15051_/A1                              0.750000    1.001659   -0.251659 (VIOLATED)
_12686_/Y                               0.750000    1.001647   -0.251647 (VIOLATED)
_12687_/A1                              0.750000    1.001647   -0.251647 (VIOLATED)
_12781_/A1                              0.750000    1.001647   -0.251647 (VIOLATED)
_12819_/A1                              0.750000    1.001647   -0.251647 (VIOLATED)
_12857_/A1                              0.750000    1.001647   -0.251647 (VIOLATED)
_12895_/A1                              0.750000    1.001647   -0.251647 (VIOLATED)
_12933_/A1                              0.750000    1.001647   -0.251647 (VIOLATED)
_12971_/A1                              0.750000    1.001647   -0.251647 (VIOLATED)
_13010_/A1                              0.750000    1.001647   -0.251647 (VIOLATED)
_13048_/A1                              0.750000    1.001647   -0.251647 (VIOLATED)
_13084_/A1                              0.750000    1.001647   -0.251647 (VIOLATED)
_13120_/A1                              0.750000    1.001647   -0.251647 (VIOLATED)
_13157_/A1                              0.750000    1.001647   -0.251647 (VIOLATED)
_13193_/A1                              0.750000    1.001647   -0.251647 (VIOLATED)
_13229_/A1                              0.750000    1.001647   -0.251647 (VIOLATED)
_13265_/A1                              0.750000    1.001647   -0.251647 (VIOLATED)
_13301_/A1                              0.750000    1.001647   -0.251647 (VIOLATED)
_13339_/A1                              0.750000    1.001647   -0.251647 (VIOLATED)
_13375_/A1                              0.750000    1.001647   -0.251647 (VIOLATED)
_13411_/A1                              0.750000    1.001647   -0.251647 (VIOLATED)
_13447_/A1                              0.750000    1.001647   -0.251647 (VIOLATED)
_13483_/A1                              0.750000    1.001647   -0.251647 (VIOLATED)
_13519_/A1                              0.750000    1.001647   -0.251647 (VIOLATED)
_13556_/A1                              0.750000    1.001647   -0.251647 (VIOLATED)
_13592_/A1                              0.750000    1.001647   -0.251647 (VIOLATED)
_13628_/A1                              0.750000    1.001647   -0.251647 (VIOLATED)
_13667_/A1                              0.750000    1.001647   -0.251647 (VIOLATED)
_13704_/A1                              0.750000    1.001647   -0.251647 (VIOLATED)
_13741_/A1                              0.750000    1.001647   -0.251647 (VIOLATED)
_13778_/A1                              0.750000    1.001647   -0.251647 (VIOLATED)
_13815_/A1                              0.750000    1.001647   -0.251647 (VIOLATED)
_13852_/A1                              0.750000    1.001647   -0.251647 (VIOLATED)
_13889_/A1                              0.750000    1.001647   -0.251647 (VIOLATED)
_13926_/A1                              0.750000    1.001647   -0.251647 (VIOLATED)
_13963_/A1                              0.750000    1.001647   -0.251647 (VIOLATED)
_14001_/A1                              0.750000    1.001647   -0.251647 (VIOLATED)
_14037_/A1                              0.750000    1.001647   -0.251647 (VIOLATED)
_14073_/A1                              0.750000    1.001647   -0.251647 (VIOLATED)
_14109_/A1                              0.750000    1.001647   -0.251647 (VIOLATED)
_14145_/A1                              0.750000    1.001647   -0.251647 (VIOLATED)
_14181_/A1                              0.750000    1.001647   -0.251647 (VIOLATED)
_14217_/A1                              0.750000    1.001647   -0.251647 (VIOLATED)
_14253_/A1                              0.750000    1.001647   -0.251647 (VIOLATED)
_14292_/A1                              0.750000    1.001647   -0.251647 (VIOLATED)
_14328_/A1                              0.750000    1.001647   -0.251647 (VIOLATED)
_14365_/A1                              0.750000    1.001647   -0.251647 (VIOLATED)
_14401_/A1                              0.750000    1.001647   -0.251647 (VIOLATED)
_14437_/A1                              0.750000    1.001647   -0.251647 (VIOLATED)
_14473_/A1                              0.750000    1.001647   -0.251647 (VIOLATED)
_14509_/A1                              0.750000    1.001647   -0.251647 (VIOLATED)
_14545_/A1                              0.750000    1.001647   -0.251647 (VIOLATED)
_14581_/A1                              0.750000    1.001647   -0.251647 (VIOLATED)
_14619_/A1                              0.750000    1.001647   -0.251647 (VIOLATED)
_14655_/A1                              0.750000    1.001647   -0.251647 (VIOLATED)
_14691_/A1                              0.750000    1.001647   -0.251647 (VIOLATED)
_14727_/A1                              0.750000    1.001647   -0.251647 (VIOLATED)
_14764_/A1                              0.750000    1.001647   -0.251647 (VIOLATED)
_14800_/A1                              0.750000    1.001647   -0.251647 (VIOLATED)
_14836_/A1                              0.750000    1.001647   -0.251647 (VIOLATED)
_14872_/A1                              0.750000    1.001647   -0.251647 (VIOLATED)
_14908_/A1                              0.750000    1.001647   -0.251647 (VIOLATED)
_14945_/A1                              0.750000    1.001647   -0.251647 (VIOLATED)
_14982_/A1                              0.750000    1.001647   -0.251647 (VIOLATED)
_15018_/A1                              0.750000    1.001647   -0.251647 (VIOLATED)
_15054_/A1                              0.750000    1.001647   -0.251647 (VIOLATED)
_12693_/Y                               0.750000    1.000062   -0.250062 (VIOLATED)
_12694_/A1                              0.750000    1.000062   -0.250062 (VIOLATED)
_12783_/A1                              0.750000    1.000062   -0.250062 (VIOLATED)
_12821_/A1                              0.750000    1.000062   -0.250062 (VIOLATED)
_12859_/A1                              0.750000    1.000062   -0.250062 (VIOLATED)
_12897_/A1                              0.750000    1.000062   -0.250062 (VIOLATED)
_12935_/A1                              0.750000    1.000062   -0.250062 (VIOLATED)
_12973_/A1                              0.750000    1.000062   -0.250062 (VIOLATED)
_13012_/A1                              0.750000    1.000062   -0.250062 (VIOLATED)
_13050_/A1                              0.750000    1.000062   -0.250062 (VIOLATED)
_13086_/A1                              0.750000    1.000062   -0.250062 (VIOLATED)
_13122_/A1                              0.750000    1.000062   -0.250062 (VIOLATED)
_13159_/A1                              0.750000    1.000062   -0.250062 (VIOLATED)
_13195_/A1                              0.750000    1.000062   -0.250062 (VIOLATED)
_13231_/A1                              0.750000    1.000062   -0.250062 (VIOLATED)
_13267_/A1                              0.750000    1.000062   -0.250062 (VIOLATED)
_13303_/A1                              0.750000    1.000062   -0.250062 (VIOLATED)
_13341_/A1                              0.750000    1.000062   -0.250062 (VIOLATED)
_13377_/A1                              0.750000    1.000062   -0.250062 (VIOLATED)
_13413_/A1                              0.750000    1.000062   -0.250062 (VIOLATED)
_13449_/A1                              0.750000    1.000062   -0.250062 (VIOLATED)
_13485_/A1                              0.750000    1.000062   -0.250062 (VIOLATED)
_13521_/A1                              0.750000    1.000062   -0.250062 (VIOLATED)
_13558_/A1                              0.750000    1.000062   -0.250062 (VIOLATED)
_13594_/A1                              0.750000    1.000062   -0.250062 (VIOLATED)
_13630_/A1                              0.750000    1.000062   -0.250062 (VIOLATED)
_13669_/A1                              0.750000    1.000062   -0.250062 (VIOLATED)
_13706_/A1                              0.750000    1.000062   -0.250062 (VIOLATED)
_13743_/A1                              0.750000    1.000062   -0.250062 (VIOLATED)
_13780_/A1                              0.750000    1.000062   -0.250062 (VIOLATED)
_13817_/A1                              0.750000    1.000062   -0.250062 (VIOLATED)
_13854_/A1                              0.750000    1.000062   -0.250062 (VIOLATED)
_13891_/A1                              0.750000    1.000062   -0.250062 (VIOLATED)
_13928_/A1                              0.750000    1.000062   -0.250062 (VIOLATED)
_13965_/A1                              0.750000    1.000062   -0.250062 (VIOLATED)
_14003_/A1                              0.750000    1.000062   -0.250062 (VIOLATED)
_14039_/A1                              0.750000    1.000062   -0.250062 (VIOLATED)
_14075_/A1                              0.750000    1.000062   -0.250062 (VIOLATED)
_14111_/A1                              0.750000    1.000062   -0.250062 (VIOLATED)
_14147_/A1                              0.750000    1.000062   -0.250062 (VIOLATED)
_14183_/A1                              0.750000    1.000062   -0.250062 (VIOLATED)
_14219_/A1                              0.750000    1.000062   -0.250062 (VIOLATED)
_14255_/A1                              0.750000    1.000062   -0.250062 (VIOLATED)
_14294_/A1                              0.750000    1.000062   -0.250062 (VIOLATED)
_14330_/A1                              0.750000    1.000062   -0.250062 (VIOLATED)
_14367_/A1                              0.750000    1.000062   -0.250062 (VIOLATED)
_14403_/A1                              0.750000    1.000062   -0.250062 (VIOLATED)
_14439_/A1                              0.750000    1.000062   -0.250062 (VIOLATED)
_14475_/A1                              0.750000    1.000062   -0.250062 (VIOLATED)
_14511_/A1                              0.750000    1.000062   -0.250062 (VIOLATED)
_14547_/A1                              0.750000    1.000062   -0.250062 (VIOLATED)
_14583_/A1                              0.750000    1.000062   -0.250062 (VIOLATED)
_14621_/A1                              0.750000    1.000062   -0.250062 (VIOLATED)
_14657_/A1                              0.750000    1.000062   -0.250062 (VIOLATED)
_14693_/A1                              0.750000    1.000062   -0.250062 (VIOLATED)
_14729_/A1                              0.750000    1.000062   -0.250062 (VIOLATED)
_14766_/A1                              0.750000    1.000062   -0.250062 (VIOLATED)
_14802_/A1                              0.750000    1.000062   -0.250062 (VIOLATED)
_14838_/A1                              0.750000    1.000062   -0.250062 (VIOLATED)
_14874_/A1                              0.750000    1.000062   -0.250062 (VIOLATED)
_14910_/A1                              0.750000    1.000062   -0.250062 (VIOLATED)
_14947_/A1                              0.750000    1.000062   -0.250062 (VIOLATED)
_14984_/A1                              0.750000    1.000062   -0.250062 (VIOLATED)
_15020_/A1                              0.750000    1.000062   -0.250062 (VIOLATED)
_15056_/A1                              0.750000    1.000062   -0.250062 (VIOLATED)
_09222_/Y                               0.750000    0.933179   -0.183179 (VIOLATED)
_11813_/S                               0.750000    0.933179   -0.183179 (VIOLATED)
_11840_/S                               0.750000    0.933179   -0.183179 (VIOLATED)
_11851_/S                               0.750000    0.933179   -0.183179 (VIOLATED)
_11871_/S                               0.750000    0.933179   -0.183179 (VIOLATED)
_11889_/C1                              0.750000    0.933179   -0.183179 (VIOLATED)
_11891_/A2                              0.750000    0.933179   -0.183179 (VIOLATED)
_11912_/S                               0.750000    0.933179   -0.183179 (VIOLATED)
_11937_/C1                              0.750000    0.933179   -0.183179 (VIOLATED)
_11958_/S                               0.750000    0.933179   -0.183179 (VIOLATED)
_11971_/S                               0.750000    0.933179   -0.183179 (VIOLATED)
_11998_/S                               0.750000    0.933179   -0.183179 (VIOLATED)
_12033_/C1                              0.750000    0.933179   -0.183179 (VIOLATED)
_12045_/S                               0.750000    0.933179   -0.183179 (VIOLATED)
_12071_/S                               0.750000    0.933179   -0.183179 (VIOLATED)
_12082_/C1                              0.750000    0.933179   -0.183179 (VIOLATED)
_12101_/S                               0.750000    0.933179   -0.183179 (VIOLATED)
_12130_/S                               0.750000    0.933179   -0.183179 (VIOLATED)
_12148_/S                               0.750000    0.933179   -0.183179 (VIOLATED)
_12158_/S                               0.750000    0.933179   -0.183179 (VIOLATED)
_12175_/C1                              0.750000    0.933179   -0.183179 (VIOLATED)
_12195_/S                               0.750000    0.933179   -0.183179 (VIOLATED)
_12222_/S                               0.750000    0.933179   -0.183179 (VIOLATED)
_12232_/S                               0.750000    0.933179   -0.183179 (VIOLATED)
_12252_/S                               0.750000    0.933179   -0.183179 (VIOLATED)
_12270_/S                               0.750000    0.933179   -0.183179 (VIOLATED)
_12297_/S                               0.750000    0.933179   -0.183179 (VIOLATED)
_12307_/S                               0.750000    0.933179   -0.183179 (VIOLATED)
_12327_/S                               0.750000    0.933179   -0.183179 (VIOLATED)
_12354_/S                               0.750000    0.933179   -0.183179 (VIOLATED)
_12365_/S                               0.750000    0.933179   -0.183179 (VIOLATED)
_12384_/S                               0.750000    0.933179   -0.183179 (VIOLATED)
_12401_/C1                              0.750000    0.933179   -0.183179 (VIOLATED)
_12731_/Y                               0.750000    0.927357   -0.177357 (VIOLATED)
_12732_/A0                              0.750000    0.927357   -0.177357 (VIOLATED)
_12794_/A0                              0.750000    0.927357   -0.177357 (VIOLATED)
_12832_/A0                              0.750000    0.927357   -0.177357 (VIOLATED)
_12870_/A0                              0.750000    0.927357   -0.177357 (VIOLATED)
_12908_/A0                              0.750000    0.927357   -0.177357 (VIOLATED)
_12946_/A0                              0.750000    0.927357   -0.177357 (VIOLATED)
_12984_/A0                              0.750000    0.927357   -0.177357 (VIOLATED)
_13023_/A0                              0.750000    0.927357   -0.177357 (VIOLATED)
_13061_/A0                              0.750000    0.927357   -0.177357 (VIOLATED)
_13097_/A0                              0.750000    0.927357   -0.177357 (VIOLATED)
_13133_/A0                              0.750000    0.927357   -0.177357 (VIOLATED)
_13170_/A0                              0.750000    0.927357   -0.177357 (VIOLATED)
_13206_/A0                              0.750000    0.927357   -0.177357 (VIOLATED)
_13242_/A0                              0.750000    0.927357   -0.177357 (VIOLATED)
_13278_/A0                              0.750000    0.927357   -0.177357 (VIOLATED)
_13314_/A0                              0.750000    0.927357   -0.177357 (VIOLATED)
_13352_/A0                              0.750000    0.927357   -0.177357 (VIOLATED)
_13388_/A0                              0.750000    0.927357   -0.177357 (VIOLATED)
_13424_/A0                              0.750000    0.927357   -0.177357 (VIOLATED)
_13460_/A0                              0.750000    0.927357   -0.177357 (VIOLATED)
_13496_/A0                              0.750000    0.927357   -0.177357 (VIOLATED)
_13532_/A0                              0.750000    0.927357   -0.177357 (VIOLATED)
_13569_/A0                              0.750000    0.927357   -0.177357 (VIOLATED)
_13605_/A0                              0.750000    0.927357   -0.177357 (VIOLATED)
_13641_/A0                              0.750000    0.927357   -0.177357 (VIOLATED)
_13680_/A0                              0.750000    0.927357   -0.177357 (VIOLATED)
_13717_/A0                              0.750000    0.927357   -0.177357 (VIOLATED)
_13754_/A0                              0.750000    0.927357   -0.177357 (VIOLATED)
_13791_/A0                              0.750000    0.927357   -0.177357 (VIOLATED)
_13828_/A0                              0.750000    0.927357   -0.177357 (VIOLATED)
_13865_/A0                              0.750000    0.927357   -0.177357 (VIOLATED)
_13902_/A0                              0.750000    0.927357   -0.177357 (VIOLATED)
_13939_/A0                              0.750000    0.927357   -0.177357 (VIOLATED)
_13976_/A0                              0.750000    0.927357   -0.177357 (VIOLATED)
_14014_/A0                              0.750000    0.927357   -0.177357 (VIOLATED)
_14050_/A0                              0.750000    0.927357   -0.177357 (VIOLATED)
_14086_/A0                              0.750000    0.927357   -0.177357 (VIOLATED)
_14122_/A0                              0.750000    0.927357   -0.177357 (VIOLATED)
_14158_/A0                              0.750000    0.927357   -0.177357 (VIOLATED)
_14194_/A0                              0.750000    0.927357   -0.177357 (VIOLATED)
_14230_/A0                              0.750000    0.927357   -0.177357 (VIOLATED)
_14266_/A0                              0.750000    0.927357   -0.177357 (VIOLATED)
_14305_/A0                              0.750000    0.927357   -0.177357 (VIOLATED)
_14341_/A0                              0.750000    0.927357   -0.177357 (VIOLATED)
_14378_/A0                              0.750000    0.927357   -0.177357 (VIOLATED)
_14414_/A0                              0.750000    0.927357   -0.177357 (VIOLATED)
_14450_/A0                              0.750000    0.927357   -0.177357 (VIOLATED)
_14486_/A0                              0.750000    0.927357   -0.177357 (VIOLATED)
_14522_/A0                              0.750000    0.927357   -0.177357 (VIOLATED)
_14558_/A0                              0.750000    0.927357   -0.177357 (VIOLATED)
_14594_/A0                              0.750000    0.927357   -0.177357 (VIOLATED)
_14632_/A0                              0.750000    0.927357   -0.177357 (VIOLATED)
_14668_/A0                              0.750000    0.927357   -0.177357 (VIOLATED)
_14704_/A0                              0.750000    0.927357   -0.177357 (VIOLATED)
_14740_/A0                              0.750000    0.927357   -0.177357 (VIOLATED)
_14777_/A0                              0.750000    0.927357   -0.177357 (VIOLATED)
_14813_/A0                              0.750000    0.927357   -0.177357 (VIOLATED)
_14849_/A0                              0.750000    0.927357   -0.177357 (VIOLATED)
_14885_/A0                              0.750000    0.927357   -0.177357 (VIOLATED)
_14921_/A0                              0.750000    0.927357   -0.177357 (VIOLATED)
_14958_/A0                              0.750000    0.927357   -0.177357 (VIOLATED)
_14995_/A0                              0.750000    0.927357   -0.177357 (VIOLATED)
_15031_/A0                              0.750000    0.927357   -0.177357 (VIOLATED)
_15067_/A0                              0.750000    0.927357   -0.177357 (VIOLATED)
_09374_/Y                               0.750000    0.924600   -0.174600 (VIOLATED)
_09378_/B                               0.750000    0.924600   -0.174600 (VIOLATED)
_09405_/A2                              0.750000    0.924600   -0.174600 (VIOLATED)
_09410_/B2                              0.750000    0.924600   -0.174600 (VIOLATED)
_09525_/B1                              0.750000    0.924600   -0.174600 (VIOLATED)
_09586_/A2                              0.750000    0.924600   -0.174600 (VIOLATED)
_09589_/B2                              0.750000    0.924600   -0.174600 (VIOLATED)
_09626_/A2                              0.750000    0.924600   -0.174600 (VIOLATED)
_09659_/B1                              0.750000    0.924600   -0.174600 (VIOLATED)
_09688_/A2                              0.750000    0.924600   -0.174600 (VIOLATED)
_09703_/A2                              0.750000    0.924600   -0.174600 (VIOLATED)
_09706_/A2                              0.750000    0.924600   -0.174600 (VIOLATED)
_09717_/A2                              0.750000    0.924600   -0.174600 (VIOLATED)
_09718_/A2                              0.750000    0.924600   -0.174600 (VIOLATED)
_09730_/A2                              0.750000    0.924600   -0.174600 (VIOLATED)
_09733_/B2                              0.750000    0.924600   -0.174600 (VIOLATED)
_09758_/A2                              0.750000    0.924600   -0.174600 (VIOLATED)
_09797_/B1                              0.750000    0.924600   -0.174600 (VIOLATED)
_09831_/A2                              0.750000    0.924600   -0.174600 (VIOLATED)
_09943_/A2                              0.750000    0.924600   -0.174600 (VIOLATED)
_09962_/A1                              0.750000    0.924600   -0.174600 (VIOLATED)
_09969_/A2                              0.750000    0.924600   -0.174600 (VIOLATED)
_09984_/A2                              0.750000    0.924600   -0.174600 (VIOLATED)
_10030_/A2                              0.750000    0.924600   -0.174600 (VIOLATED)
_10073_/A2                              0.750000    0.924600   -0.174600 (VIOLATED)
_10094_/A2                              0.750000    0.924600   -0.174600 (VIOLATED)
_10100_/B1                              0.750000    0.924600   -0.174600 (VIOLATED)
_10120_/A2                              0.750000    0.924600   -0.174600 (VIOLATED)
_10174_/B2                              0.750000    0.924600   -0.174600 (VIOLATED)
_10186_/B                               0.750000    0.924600   -0.174600 (VIOLATED)
_10206_/A2                              0.750000    0.924600   -0.174600 (VIOLATED)
_10251_/A1                              0.750000    0.924600   -0.174600 (VIOLATED)
_10280_/B1                              0.750000    0.924600   -0.174600 (VIOLATED)
_10291_/A2                              0.750000    0.924600   -0.174600 (VIOLATED)
_10295_/A2                              0.750000    0.924600   -0.174600 (VIOLATED)
_10297_/A2                              0.750000    0.924600   -0.174600 (VIOLATED)
_10305_/A2                              0.750000    0.924600   -0.174600 (VIOLATED)
_10312_/A2                              0.750000    0.924600   -0.174600 (VIOLATED)
_10335_/A2                              0.750000    0.924600   -0.174600 (VIOLATED)
_10355_/A2                              0.750000    0.924600   -0.174600 (VIOLATED)
_10400_/A1                              0.750000    0.924600   -0.174600 (VIOLATED)
_10413_/A2                              0.750000    0.924600   -0.174600 (VIOLATED)
_10453_/A1                              0.750000    0.924600   -0.174600 (VIOLATED)
_10471_/A1                              0.750000    0.924600   -0.174600 (VIOLATED)
_10474_/A2                              0.750000    0.924600   -0.174600 (VIOLATED)
_17212_/Y                               0.750000    0.894165   -0.144165 (VIOLATED)
_17213_/S                               0.750000    0.894165   -0.144165 (VIOLATED)
_17214_/S                               0.750000    0.894165   -0.144165 (VIOLATED)
_17215_/S                               0.750000    0.894165   -0.144165 (VIOLATED)
_17216_/S                               0.750000    0.894165   -0.144165 (VIOLATED)
_17217_/S                               0.750000    0.894165   -0.144165 (VIOLATED)
_17218_/S                               0.750000    0.894165   -0.144165 (VIOLATED)
_17219_/S                               0.750000    0.894165   -0.144165 (VIOLATED)
_17220_/S                               0.750000    0.894165   -0.144165 (VIOLATED)
_17221_/S                               0.750000    0.894165   -0.144165 (VIOLATED)
_17222_/S                               0.750000    0.894165   -0.144165 (VIOLATED)
_17223_/S                               0.750000    0.894165   -0.144165 (VIOLATED)
_17224_/S                               0.750000    0.894165   -0.144165 (VIOLATED)
_17225_/S                               0.750000    0.894165   -0.144165 (VIOLATED)
_17226_/S                               0.750000    0.894165   -0.144165 (VIOLATED)
_17227_/S                               0.750000    0.894165   -0.144165 (VIOLATED)
_17228_/S                               0.750000    0.894165   -0.144165 (VIOLATED)
_17229_/S                               0.750000    0.894165   -0.144165 (VIOLATED)
_17230_/S                               0.750000    0.894165   -0.144165 (VIOLATED)
_17231_/S                               0.750000    0.894165   -0.144165 (VIOLATED)
_17232_/S                               0.750000    0.894165   -0.144165 (VIOLATED)
_17233_/S                               0.750000    0.894165   -0.144165 (VIOLATED)
_17234_/S                               0.750000    0.894165   -0.144165 (VIOLATED)
_17235_/S                               0.750000    0.894165   -0.144165 (VIOLATED)
_17236_/S                               0.750000    0.894165   -0.144165 (VIOLATED)
_17237_/S                               0.750000    0.894165   -0.144165 (VIOLATED)
_17238_/S                               0.750000    0.894165   -0.144165 (VIOLATED)
_17239_/S                               0.750000    0.894165   -0.144165 (VIOLATED)
_17240_/S                               0.750000    0.894165   -0.144165 (VIOLATED)
_17241_/S                               0.750000    0.894165   -0.144165 (VIOLATED)
_17242_/S                               0.750000    0.894165   -0.144165 (VIOLATED)
_17243_/S                               0.750000    0.894165   -0.144165 (VIOLATED)
_17244_/S                               0.750000    0.894165   -0.144165 (VIOLATED)
_18111_/Y                               0.750000    0.893886   -0.143886 (VIOLATED)
_18112_/S                               0.750000    0.893886   -0.143886 (VIOLATED)
_18113_/S                               0.750000    0.893886   -0.143886 (VIOLATED)
_18114_/S                               0.750000    0.893886   -0.143886 (VIOLATED)
_18115_/S                               0.750000    0.893886   -0.143886 (VIOLATED)
_18116_/S                               0.750000    0.893886   -0.143886 (VIOLATED)
_18117_/S                               0.750000    0.893886   -0.143886 (VIOLATED)
_18118_/S                               0.750000    0.893886   -0.143886 (VIOLATED)
_18119_/S                               0.750000    0.893886   -0.143886 (VIOLATED)
_18120_/S                               0.750000    0.893886   -0.143886 (VIOLATED)
_18121_/S                               0.750000    0.893886   -0.143886 (VIOLATED)
_18122_/S                               0.750000    0.893886   -0.143886 (VIOLATED)
_18123_/S                               0.750000    0.893886   -0.143886 (VIOLATED)
_18124_/S                               0.750000    0.893886   -0.143886 (VIOLATED)
_18125_/S                               0.750000    0.893886   -0.143886 (VIOLATED)
_18126_/S                               0.750000    0.893886   -0.143886 (VIOLATED)
_18127_/S                               0.750000    0.893886   -0.143886 (VIOLATED)
_18128_/S                               0.750000    0.893886   -0.143886 (VIOLATED)
_18129_/S                               0.750000    0.893886   -0.143886 (VIOLATED)
_18130_/S                               0.750000    0.893886   -0.143886 (VIOLATED)
_18131_/S                               0.750000    0.893886   -0.143886 (VIOLATED)
_18132_/S                               0.750000    0.893886   -0.143886 (VIOLATED)
_18133_/S                               0.750000    0.893886   -0.143886 (VIOLATED)
_18134_/S                               0.750000    0.893886   -0.143886 (VIOLATED)
_18135_/S                               0.750000    0.893886   -0.143886 (VIOLATED)
_18136_/S                               0.750000    0.893886   -0.143886 (VIOLATED)
_18137_/S                               0.750000    0.893886   -0.143886 (VIOLATED)
_18138_/S                               0.750000    0.893886   -0.143886 (VIOLATED)
_18139_/S                               0.750000    0.893886   -0.143886 (VIOLATED)
_18140_/S                               0.750000    0.893886   -0.143886 (VIOLATED)
_18141_/S                               0.750000    0.893886   -0.143886 (VIOLATED)
_18142_/S                               0.750000    0.893886   -0.143886 (VIOLATED)
_18143_/S                               0.750000    0.893886   -0.143886 (VIOLATED)
_17246_/Y                               0.750000    0.893701   -0.143701 (VIOLATED)
_17247_/S                               0.750000    0.893701   -0.143701 (VIOLATED)
_17248_/S                               0.750000    0.893701   -0.143701 (VIOLATED)
_17249_/S                               0.750000    0.893701   -0.143701 (VIOLATED)
_17250_/S                               0.750000    0.893701   -0.143701 (VIOLATED)
_17251_/S                               0.750000    0.893701   -0.143701 (VIOLATED)
_17252_/S                               0.750000    0.893701   -0.143701 (VIOLATED)
_17253_/S                               0.750000    0.893701   -0.143701 (VIOLATED)
_17254_/S                               0.750000    0.893701   -0.143701 (VIOLATED)
_17255_/S                               0.750000    0.893701   -0.143701 (VIOLATED)
_17256_/S                               0.750000    0.893701   -0.143701 (VIOLATED)
_17257_/S                               0.750000    0.893701   -0.143701 (VIOLATED)
_17258_/S                               0.750000    0.893701   -0.143701 (VIOLATED)
_17259_/S                               0.750000    0.893701   -0.143701 (VIOLATED)
_17260_/S                               0.750000    0.893701   -0.143701 (VIOLATED)
_17261_/S                               0.750000    0.893701   -0.143701 (VIOLATED)
_17262_/S                               0.750000    0.893701   -0.143701 (VIOLATED)
_17263_/S                               0.750000    0.893701   -0.143701 (VIOLATED)
_17264_/S                               0.750000    0.893701   -0.143701 (VIOLATED)
_17265_/S                               0.750000    0.893701   -0.143701 (VIOLATED)
_17266_/S                               0.750000    0.893701   -0.143701 (VIOLATED)
_17267_/S                               0.750000    0.893701   -0.143701 (VIOLATED)
_17268_/S                               0.750000    0.893701   -0.143701 (VIOLATED)
_17269_/S                               0.750000    0.893701   -0.143701 (VIOLATED)
_17270_/S                               0.750000    0.893701   -0.143701 (VIOLATED)
_17271_/S                               0.750000    0.893701   -0.143701 (VIOLATED)
_17272_/S                               0.750000    0.893701   -0.143701 (VIOLATED)
_17273_/S                               0.750000    0.893701   -0.143701 (VIOLATED)
_17274_/S                               0.750000    0.893701   -0.143701 (VIOLATED)
_17275_/S                               0.750000    0.893701   -0.143701 (VIOLATED)
_17276_/S                               0.750000    0.893701   -0.143701 (VIOLATED)
_17277_/S                               0.750000    0.893701   -0.143701 (VIOLATED)
_17278_/S                               0.750000    0.893701   -0.143701 (VIOLATED)
_17314_/Y                               0.750000    0.893701   -0.143701 (VIOLATED)
_17315_/S                               0.750000    0.893701   -0.143701 (VIOLATED)
_17316_/S                               0.750000    0.893701   -0.143701 (VIOLATED)
_17317_/S                               0.750000    0.893701   -0.143701 (VIOLATED)
_17318_/S                               0.750000    0.893701   -0.143701 (VIOLATED)
_17319_/S                               0.750000    0.893701   -0.143701 (VIOLATED)
_17320_/S                               0.750000    0.893701   -0.143701 (VIOLATED)
_17321_/S                               0.750000    0.893701   -0.143701 (VIOLATED)
_17322_/S                               0.750000    0.893701   -0.143701 (VIOLATED)
_17323_/S                               0.750000    0.893701   -0.143701 (VIOLATED)
_17324_/S                               0.750000    0.893701   -0.143701 (VIOLATED)
_17325_/S                               0.750000    0.893701   -0.143701 (VIOLATED)
_17326_/S                               0.750000    0.893701   -0.143701 (VIOLATED)
_17327_/S                               0.750000    0.893701   -0.143701 (VIOLATED)
_17328_/S                               0.750000    0.893701   -0.143701 (VIOLATED)
_17329_/S                               0.750000    0.893701   -0.143701 (VIOLATED)
_17330_/S                               0.750000    0.893701   -0.143701 (VIOLATED)
_17331_/S                               0.750000    0.893701   -0.143701 (VIOLATED)
_17332_/S                               0.750000    0.893701   -0.143701 (VIOLATED)
_17333_/S                               0.750000    0.893701   -0.143701 (VIOLATED)
_17334_/S                               0.750000    0.893701   -0.143701 (VIOLATED)
_17335_/S                               0.750000    0.893701   -0.143701 (VIOLATED)
_17336_/S                               0.750000    0.893701   -0.143701 (VIOLATED)
_17337_/S                               0.750000    0.893701   -0.143701 (VIOLATED)
_17338_/S                               0.750000    0.893701   -0.143701 (VIOLATED)
_17339_/S                               0.750000    0.893701   -0.143701 (VIOLATED)
_17340_/S                               0.750000    0.893701   -0.143701 (VIOLATED)
_17341_/S                               0.750000    0.893701   -0.143701 (VIOLATED)
_17342_/S                               0.750000    0.893701   -0.143701 (VIOLATED)
_17343_/S                               0.750000    0.893701   -0.143701 (VIOLATED)
_17344_/S                               0.750000    0.893701   -0.143701 (VIOLATED)
_17345_/S                               0.750000    0.893701   -0.143701 (VIOLATED)
_17346_/S                               0.750000    0.893701   -0.143701 (VIOLATED)
_17347_/Y                               0.750000    0.893701   -0.143701 (VIOLATED)
_17348_/S                               0.750000    0.893701   -0.143701 (VIOLATED)
_17349_/S                               0.750000    0.893701   -0.143701 (VIOLATED)
_17350_/S                               0.750000    0.893701   -0.143701 (VIOLATED)
_17351_/S                               0.750000    0.893701   -0.143701 (VIOLATED)
_17352_/S                               0.750000    0.893701   -0.143701 (VIOLATED)
_17353_/S                               0.750000    0.893701   -0.143701 (VIOLATED)
_17354_/S                               0.750000    0.893701   -0.143701 (VIOLATED)
_17355_/S                               0.750000    0.893701   -0.143701 (VIOLATED)
_17356_/S                               0.750000    0.893701   -0.143701 (VIOLATED)
_17357_/S                               0.750000    0.893701   -0.143701 (VIOLATED)
_17358_/S                               0.750000    0.893701   -0.143701 (VIOLATED)
_17359_/S                               0.750000    0.893701   -0.143701 (VIOLATED)
_17360_/S                               0.750000    0.893701   -0.143701 (VIOLATED)
_17361_/S                               0.750000    0.893701   -0.143701 (VIOLATED)
_17362_/S                               0.750000    0.893701   -0.143701 (VIOLATED)
_17363_/S                               0.750000    0.893701   -0.143701 (VIOLATED)
_17364_/S                               0.750000    0.893701   -0.143701 (VIOLATED)
_17365_/S                               0.750000    0.893701   -0.143701 (VIOLATED)
_17366_/S                               0.750000    0.893701   -0.143701 (VIOLATED)
_17367_/S                               0.750000    0.893701   -0.143701 (VIOLATED)
_17368_/S                               0.750000    0.893701   -0.143701 (VIOLATED)
_17369_/S                               0.750000    0.893701   -0.143701 (VIOLATED)
_17370_/S                               0.750000    0.893701   -0.143701 (VIOLATED)
_17371_/S                               0.750000    0.893701   -0.143701 (VIOLATED)
_17372_/S                               0.750000    0.893701   -0.143701 (VIOLATED)
_17373_/S                               0.750000    0.893701   -0.143701 (VIOLATED)
_17374_/S                               0.750000    0.893701   -0.143701 (VIOLATED)
_17375_/S                               0.750000    0.893701   -0.143701 (VIOLATED)
_17376_/S                               0.750000    0.893701   -0.143701 (VIOLATED)
_17377_/S                               0.750000    0.893701   -0.143701 (VIOLATED)
_17378_/S                               0.750000    0.893701   -0.143701 (VIOLATED)
_17379_/S                               0.750000    0.893701   -0.143701 (VIOLATED)
_17547_/Y                               0.750000    0.893699   -0.143699 (VIOLATED)
_17548_/S                               0.750000    0.893699   -0.143699 (VIOLATED)
_17549_/S                               0.750000    0.893699   -0.143699 (VIOLATED)
_17550_/S                               0.750000    0.893699   -0.143699 (VIOLATED)
_17551_/S                               0.750000    0.893699   -0.143699 (VIOLATED)
_17552_/S                               0.750000    0.893699   -0.143699 (VIOLATED)
_17553_/S                               0.750000    0.893699   -0.143699 (VIOLATED)
_17554_/S                               0.750000    0.893699   -0.143699 (VIOLATED)
_17555_/S                               0.750000    0.893699   -0.143699 (VIOLATED)
_17556_/S                               0.750000    0.893699   -0.143699 (VIOLATED)
_17557_/S                               0.750000    0.893699   -0.143699 (VIOLATED)
_17558_/S                               0.750000    0.893699   -0.143699 (VIOLATED)
_17559_/S                               0.750000    0.893699   -0.143699 (VIOLATED)
_17560_/S                               0.750000    0.893699   -0.143699 (VIOLATED)
_17561_/S                               0.750000    0.893699   -0.143699 (VIOLATED)
_17562_/S                               0.750000    0.893699   -0.143699 (VIOLATED)
_17563_/S                               0.750000    0.893699   -0.143699 (VIOLATED)
_17564_/S                               0.750000    0.893699   -0.143699 (VIOLATED)
_17565_/S                               0.750000    0.893699   -0.143699 (VIOLATED)
_17566_/S                               0.750000    0.893699   -0.143699 (VIOLATED)
_17567_/S                               0.750000    0.893699   -0.143699 (VIOLATED)
_17568_/S                               0.750000    0.893699   -0.143699 (VIOLATED)
_17569_/S                               0.750000    0.893699   -0.143699 (VIOLATED)
_17570_/S                               0.750000    0.893699   -0.143699 (VIOLATED)
_17571_/S                               0.750000    0.893699   -0.143699 (VIOLATED)
_17572_/S                               0.750000    0.893699   -0.143699 (VIOLATED)
_17573_/S                               0.750000    0.893699   -0.143699 (VIOLATED)
_17574_/S                               0.750000    0.893699   -0.143699 (VIOLATED)
_17575_/S                               0.750000    0.893699   -0.143699 (VIOLATED)
_17576_/S                               0.750000    0.893699   -0.143699 (VIOLATED)
_17577_/S                               0.750000    0.893699   -0.143699 (VIOLATED)
_17578_/S                               0.750000    0.893699   -0.143699 (VIOLATED)
_17579_/S                               0.750000    0.893699   -0.143699 (VIOLATED)
_17613_/Y                               0.750000    0.893699   -0.143699 (VIOLATED)
_17614_/S                               0.750000    0.893699   -0.143699 (VIOLATED)
_17615_/S                               0.750000    0.893699   -0.143699 (VIOLATED)
_17616_/S                               0.750000    0.893699   -0.143699 (VIOLATED)
_17617_/S                               0.750000    0.893699   -0.143699 (VIOLATED)
_17618_/S                               0.750000    0.893699   -0.143699 (VIOLATED)
_17619_/S                               0.750000    0.893699   -0.143699 (VIOLATED)
_17620_/S                               0.750000    0.893699   -0.143699 (VIOLATED)
_17621_/S                               0.750000    0.893699   -0.143699 (VIOLATED)
_17622_/S                               0.750000    0.893699   -0.143699 (VIOLATED)
_17623_/S                               0.750000    0.893699   -0.143699 (VIOLATED)
_17624_/S                               0.750000    0.893699   -0.143699 (VIOLATED)
_17625_/S                               0.750000    0.893699   -0.143699 (VIOLATED)
_17626_/S                               0.750000    0.893699   -0.143699 (VIOLATED)
_17627_/S                               0.750000    0.893699   -0.143699 (VIOLATED)
_17628_/S                               0.750000    0.893699   -0.143699 (VIOLATED)
_17629_/S                               0.750000    0.893699   -0.143699 (VIOLATED)
_17630_/S                               0.750000    0.893699   -0.143699 (VIOLATED)
_17631_/S                               0.750000    0.893699   -0.143699 (VIOLATED)
_17632_/S                               0.750000    0.893699   -0.143699 (VIOLATED)
_17633_/S                               0.750000    0.893699   -0.143699 (VIOLATED)
_17634_/S                               0.750000    0.893699   -0.143699 (VIOLATED)
_17635_/S                               0.750000    0.893699   -0.143699 (VIOLATED)
_17636_/S                               0.750000    0.893699   -0.143699 (VIOLATED)
_17637_/S                               0.750000    0.893699   -0.143699 (VIOLATED)
_17638_/S                               0.750000    0.893699   -0.143699 (VIOLATED)
_17639_/S                               0.750000    0.893699   -0.143699 (VIOLATED)
_17640_/S                               0.750000    0.893699   -0.143699 (VIOLATED)
_17641_/S                               0.750000    0.893699   -0.143699 (VIOLATED)
_17642_/S                               0.750000    0.893699   -0.143699 (VIOLATED)
_17643_/S                               0.750000    0.893699   -0.143699 (VIOLATED)
_17644_/S                               0.750000    0.893699   -0.143699 (VIOLATED)
_17645_/S                               0.750000    0.893699   -0.143699 (VIOLATED)
_17646_/Y                               0.750000    0.893699   -0.143699 (VIOLATED)
_17647_/S                               0.750000    0.893699   -0.143699 (VIOLATED)
_17648_/S                               0.750000    0.893699   -0.143699 (VIOLATED)
_17649_/S                               0.750000    0.893699   -0.143699 (VIOLATED)
_17650_/S                               0.750000    0.893699   -0.143699 (VIOLATED)
_17651_/S                               0.750000    0.893699   -0.143699 (VIOLATED)
_17652_/S                               0.750000    0.893699   -0.143699 (VIOLATED)
_17653_/S                               0.750000    0.893699   -0.143699 (VIOLATED)
_17654_/S                               0.750000    0.893699   -0.143699 (VIOLATED)
_17655_/S                               0.750000    0.893699   -0.143699 (VIOLATED)
_17656_/S                               0.750000    0.893699   -0.143699 (VIOLATED)
_17657_/S                               0.750000    0.893699   -0.143699 (VIOLATED)
_17658_/S                               0.750000    0.893699   -0.143699 (VIOLATED)
_17659_/S                               0.750000    0.893699   -0.143699 (VIOLATED)
_17660_/S                               0.750000    0.893699   -0.143699 (VIOLATED)
_17661_/S                               0.750000    0.893699   -0.143699 (VIOLATED)
_17662_/S                               0.750000    0.893699   -0.143699 (VIOLATED)
_17663_/S                               0.750000    0.893699   -0.143699 (VIOLATED)
_17664_/S                               0.750000    0.893699   -0.143699 (VIOLATED)
_17665_/S                               0.750000    0.893699   -0.143699 (VIOLATED)
_17666_/S                               0.750000    0.893699   -0.143699 (VIOLATED)
_17667_/S                               0.750000    0.893699   -0.143699 (VIOLATED)
_17668_/S                               0.750000    0.893699   -0.143699 (VIOLATED)
_17669_/S                               0.750000    0.893699   -0.143699 (VIOLATED)
_17670_/S                               0.750000    0.893699   -0.143699 (VIOLATED)
_17671_/S                               0.750000    0.893699   -0.143699 (VIOLATED)
_17672_/S                               0.750000    0.893699   -0.143699 (VIOLATED)
_17673_/S                               0.750000    0.893699   -0.143699 (VIOLATED)
_17674_/S                               0.750000    0.893699   -0.143699 (VIOLATED)
_17675_/S                               0.750000    0.893699   -0.143699 (VIOLATED)
_17676_/S                               0.750000    0.893699   -0.143699 (VIOLATED)
_17677_/S                               0.750000    0.893699   -0.143699 (VIOLATED)
_17678_/S                               0.750000    0.893699   -0.143699 (VIOLATED)
_11810_/X                               0.750000    0.893475   -0.143475 (VIOLATED)
_11811_/B1                              0.750000    0.893475   -0.143475 (VIOLATED)
_11812_/B1                              0.750000    0.893475   -0.143475 (VIOLATED)
_11821_/B1                              0.750000    0.893475   -0.143475 (VIOLATED)
_11830_/B1                              0.750000    0.893475   -0.143475 (VIOLATED)
_11838_/B1                              0.750000    0.893475   -0.143475 (VIOLATED)
_11839_/B1                              0.750000    0.893475   -0.143475 (VIOLATED)
_11849_/B1                              0.750000    0.893475   -0.143475 (VIOLATED)
_11850_/B1                              0.750000    0.893475   -0.143475 (VIOLATED)
_11860_/B1                              0.750000    0.893475   -0.143475 (VIOLATED)
_11869_/B1                              0.750000    0.893475   -0.143475 (VIOLATED)
_11870_/B1                              0.750000    0.893475   -0.143475 (VIOLATED)
_11879_/B1                              0.750000    0.893475   -0.143475 (VIOLATED)
_11888_/B1                              0.750000    0.893475   -0.143475 (VIOLATED)
_11889_/B1                              0.750000    0.893475   -0.143475 (VIOLATED)
_11902_/B1                              0.750000    0.893475   -0.143475 (VIOLATED)
_11910_/B1                              0.750000    0.893475   -0.143475 (VIOLATED)
_11911_/B1                              0.750000    0.893475   -0.143475 (VIOLATED)
_11921_/B1                              0.750000    0.893475   -0.143475 (VIOLATED)
_11930_/B1                              0.750000    0.893475   -0.143475 (VIOLATED)
_11936_/B1                              0.750000    0.893475   -0.143475 (VIOLATED)
_11937_/B1                              0.750000    0.893475   -0.143475 (VIOLATED)
_11949_/B1                              0.750000    0.893475   -0.143475 (VIOLATED)
_11956_/B1                              0.750000    0.893475   -0.143475 (VIOLATED)
_11957_/B1                              0.750000    0.893475   -0.143475 (VIOLATED)
_11969_/B1                              0.750000    0.893475   -0.143475 (VIOLATED)
_11970_/B1                              0.750000    0.893475   -0.143475 (VIOLATED)
_11978_/B1                              0.750000    0.893475   -0.143475 (VIOLATED)
_11988_/B1                              0.750000    0.893475   -0.143475 (VIOLATED)
_11996_/B1                              0.750000    0.893475   -0.143475 (VIOLATED)
_11997_/B1                              0.750000    0.893475   -0.143475 (VIOLATED)
_12006_/B1                              0.750000    0.893475   -0.143475 (VIOLATED)
_12015_/A1                              0.750000    0.893475   -0.143475 (VIOLATED)
_12025_/B1                              0.750000    0.893475   -0.143475 (VIOLATED)
_12032_/B1                              0.750000    0.893475   -0.143475 (VIOLATED)
_12033_/B1                              0.750000    0.893475   -0.143475 (VIOLATED)
_12043_/B1                              0.750000    0.893475   -0.143475 (VIOLATED)
_12044_/B1                              0.750000    0.893475   -0.143475 (VIOLATED)
_12054_/B1                              0.750000    0.893475   -0.143475 (VIOLATED)
_12062_/B1                              0.750000    0.893475   -0.143475 (VIOLATED)
_12069_/B1                              0.750000    0.893475   -0.143475 (VIOLATED)
_12070_/B1                              0.750000    0.893475   -0.143475 (VIOLATED)
_12081_/B1                              0.750000    0.893475   -0.143475 (VIOLATED)
_12082_/B1                              0.750000    0.893475   -0.143475 (VIOLATED)
_12091_/B1                              0.750000    0.893475   -0.143475 (VIOLATED)
_12099_/B1                              0.750000    0.893475   -0.143475 (VIOLATED)
_12100_/B1                              0.750000    0.893475   -0.143475 (VIOLATED)
_12110_/B1                              0.750000    0.893475   -0.143475 (VIOLATED)
_12120_/B1                              0.750000    0.893475   -0.143475 (VIOLATED)
_12128_/B1                              0.750000    0.893475   -0.143475 (VIOLATED)
_12129_/B1                              0.750000    0.893475   -0.143475 (VIOLATED)
_12138_/B1                              0.750000    0.893475   -0.143475 (VIOLATED)
_12146_/B1                              0.750000    0.893475   -0.143475 (VIOLATED)
_12147_/B1                              0.750000    0.893475   -0.143475 (VIOLATED)
_12156_/B1                              0.750000    0.893475   -0.143475 (VIOLATED)
_12157_/B1                              0.750000    0.893475   -0.143475 (VIOLATED)
_12165_/B1                              0.750000    0.893475   -0.143475 (VIOLATED)
_12174_/B1                              0.750000    0.893475   -0.143475 (VIOLATED)
_12175_/B1                              0.750000    0.893475   -0.143475 (VIOLATED)
_12183_/B1                              0.750000    0.893475   -0.143475 (VIOLATED)
_12193_/B1                              0.750000    0.893475   -0.143475 (VIOLATED)
_12194_/B1                              0.750000    0.893475   -0.143475 (VIOLATED)
_12204_/B1                              0.750000    0.893475   -0.143475 (VIOLATED)
_12212_/B1                              0.750000    0.893475   -0.143475 (VIOLATED)
_12220_/B1                              0.750000    0.893475   -0.143475 (VIOLATED)
_12221_/B1                              0.750000    0.893475   -0.143475 (VIOLATED)
_12230_/B1                              0.750000    0.893475   -0.143475 (VIOLATED)
_12231_/B1                              0.750000    0.893475   -0.143475 (VIOLATED)
_12241_/B1                              0.750000    0.893475   -0.143475 (VIOLATED)
_12250_/B1                              0.750000    0.893475   -0.143475 (VIOLATED)
_12251_/B1                              0.750000    0.893475   -0.143475 (VIOLATED)
_12259_/B1                              0.750000    0.893475   -0.143475 (VIOLATED)
_12268_/B1                              0.750000    0.893475   -0.143475 (VIOLATED)
_12269_/B1                              0.750000    0.893475   -0.143475 (VIOLATED)
_12279_/B1                              0.750000    0.893475   -0.143475 (VIOLATED)
_12288_/B1                              0.750000    0.893475   -0.143475 (VIOLATED)
_12295_/B1                              0.750000    0.893475   -0.143475 (VIOLATED)
_12296_/B1                              0.750000    0.893475   -0.143475 (VIOLATED)
_12305_/B1                              0.750000    0.893475   -0.143475 (VIOLATED)
_12306_/B1                              0.750000    0.893475   -0.143475 (VIOLATED)
_12316_/B1                              0.750000    0.893475   -0.143475 (VIOLATED)
_12325_/B1                              0.750000    0.893475   -0.143475 (VIOLATED)
_12326_/B1                              0.750000    0.893475   -0.143475 (VIOLATED)
_12334_/B1                              0.750000    0.893475   -0.143475 (VIOLATED)
_12345_/B1                              0.750000    0.893475   -0.143475 (VIOLATED)
_12352_/B1                              0.750000    0.893475   -0.143475 (VIOLATED)
_12353_/B1                              0.750000    0.893475   -0.143475 (VIOLATED)
_12363_/B1                              0.750000    0.893475   -0.143475 (VIOLATED)
_12364_/B1                              0.750000    0.893475   -0.143475 (VIOLATED)
_12374_/B1                              0.750000    0.893475   -0.143475 (VIOLATED)
_12382_/B1                              0.750000    0.893475   -0.143475 (VIOLATED)
_12383_/B1                              0.750000    0.893475   -0.143475 (VIOLATED)
_12393_/B1                              0.750000    0.893475   -0.143475 (VIOLATED)
_12400_/B1                              0.750000    0.893475   -0.143475 (VIOLATED)
_12401_/B1                              0.750000    0.893475   -0.143475 (VIOLATED)
_12410_/B1                              0.750000    0.893475   -0.143475 (VIOLATED)
_09335_/Y                               0.750000    0.877624   -0.127624 (VIOLATED)
_09811_/A                               0.750000    0.877624   -0.127624 (VIOLATED)
_09812_/A1                              0.750000    0.877624   -0.127624 (VIOLATED)
_09813_/A1                              0.750000    0.877624   -0.127624 (VIOLATED)
_10053_/A                               0.750000    0.877624   -0.127624 (VIOLATED)
_10503_/A                               0.750000    0.877624   -0.127624 (VIOLATED)
_11425_/S                               0.750000    0.877624   -0.127624 (VIOLATED)
_11436_/A                               0.750000    0.877624   -0.127624 (VIOLATED)
_11437_/A1                              0.750000    0.877624   -0.127624 (VIOLATED)
_11479_/S                               0.750000    0.877624   -0.127624 (VIOLATED)
_11541_/S                               0.750000    0.877624   -0.127624 (VIOLATED)
_11602_/A                               0.750000    0.877624   -0.127624 (VIOLATED)
_11614_/C1                              0.750000    0.877624   -0.127624 (VIOLATED)
_12480_/B2                              0.750000    0.877624   -0.127624 (VIOLATED)
_12482_/A1                              0.750000    0.877624   -0.127624 (VIOLATED)
_12602_/A                               0.750000    0.877624   -0.127624 (VIOLATED)
_12629_/A1                              0.750000    0.877624   -0.127624 (VIOLATED)
_16577_/S                               0.750000    0.877624   -0.127624 (VIOLATED)
_16601_/S                               0.750000    0.877624   -0.127624 (VIOLATED)
_16631_/A1                              0.750000    0.877624   -0.127624 (VIOLATED)
_16633_/A1                              0.750000    0.877624   -0.127624 (VIOLATED)
_16643_/S                               0.750000    0.877624   -0.127624 (VIOLATED)
_16663_/S                               0.750000    0.877624   -0.127624 (VIOLATED)
_16666_/A                               0.750000    0.877624   -0.127624 (VIOLATED)
_16667_/A1                              0.750000    0.877624   -0.127624 (VIOLATED)
_16683_/S                               0.750000    0.877624   -0.127624 (VIOLATED)
_16685_/A1                              0.750000    0.877624   -0.127624 (VIOLATED)
_16747_/A1                              0.750000    0.877624   -0.127624 (VIOLATED)
_16751_/S                               0.750000    0.877624   -0.127624 (VIOLATED)
_16776_/S                               0.750000    0.877624   -0.127624 (VIOLATED)
_16778_/S                               0.750000    0.877624   -0.127624 (VIOLATED)
_17075_/S                               0.750000    0.877624   -0.127624 (VIOLATED)
_09205_/A                               0.750000    0.875974   -0.125974 (VIOLATED)
_09265_/B                               0.750000    0.875974   -0.125974 (VIOLATED)
_09266_/B                               0.750000    0.875974   -0.125974 (VIOLATED)
_09269_/B                               0.750000    0.875974   -0.125974 (VIOLATED)
_09270_/B                               0.750000    0.875974   -0.125974 (VIOLATED)
_09271_/B                               0.750000    0.875974   -0.125974 (VIOLATED)
_09272_/B                               0.750000    0.875974   -0.125974 (VIOLATED)
_09273_/A_N                             0.750000    0.875974   -0.125974 (VIOLATED)
_09274_/A_N                             0.750000    0.875974   -0.125974 (VIOLATED)
_09281_/S1                              0.750000    0.875974   -0.125974 (VIOLATED)
_09290_/A                               0.750000    0.875974   -0.125974 (VIOLATED)
_09309_/S0                              0.750000    0.875974   -0.125974 (VIOLATED)
_09310_/S0                              0.750000    0.875974   -0.125974 (VIOLATED)
_09316_/S0                              0.750000    0.875974   -0.125974 (VIOLATED)
_09317_/S0                              0.750000    0.875974   -0.125974 (VIOLATED)
_09339_/A_N                             0.750000    0.875974   -0.125974 (VIOLATED)
_09341_/A3                              0.750000    0.875974   -0.125974 (VIOLATED)
_09342_/A_N                             0.750000    0.875974   -0.125974 (VIOLATED)
_09346_/B                               0.750000    0.875974   -0.125974 (VIOLATED)
_09348_/A3                              0.750000    0.875974   -0.125974 (VIOLATED)
_09349_/B                               0.750000    0.875974   -0.125974 (VIOLATED)
_09356_/C                               0.750000    0.875974   -0.125974 (VIOLATED)
_09422_/A                               0.750000    0.875974   -0.125974 (VIOLATED)
_09444_/S1                              0.750000    0.875974   -0.125974 (VIOLATED)
_09845_/B                               0.750000    0.875974   -0.125974 (VIOLATED)
_09848_/B                               0.750000    0.875974   -0.125974 (VIOLATED)
_09854_/A2                              0.750000    0.875974   -0.125974 (VIOLATED)
_09858_/A2                              0.750000    0.875974   -0.125974 (VIOLATED)
_10617_/S1                              0.750000    0.875974   -0.125974 (VIOLATED)
_10630_/A2                              0.750000    0.875974   -0.125974 (VIOLATED)
_10633_/A2                              0.750000    0.875974   -0.125974 (VIOLATED)
_10644_/B                               0.750000    0.875974   -0.125974 (VIOLATED)
_10660_/A2                              0.750000    0.875974   -0.125974 (VIOLATED)
_10664_/B                               0.750000    0.875974   -0.125974 (VIOLATED)
_10667_/B                               0.750000    0.875974   -0.125974 (VIOLATED)
_10671_/A2                              0.750000    0.875974   -0.125974 (VIOLATED)
_10689_/B                               0.750000    0.875974   -0.125974 (VIOLATED)
_10692_/B                               0.750000    0.875974   -0.125974 (VIOLATED)
_10700_/B                               0.750000    0.875974   -0.125974 (VIOLATED)
_10716_/A2                              0.750000    0.875974   -0.125974 (VIOLATED)
_10720_/B                               0.750000    0.875974   -0.125974 (VIOLATED)
_10726_/B                               0.750000    0.875974   -0.125974 (VIOLATED)
_10730_/B                               0.750000    0.875974   -0.125974 (VIOLATED)
_10749_/A2                              0.750000    0.875974   -0.125974 (VIOLATED)
_10753_/B                               0.750000    0.875974   -0.125974 (VIOLATED)
_10756_/B                               0.750000    0.875974   -0.125974 (VIOLATED)
_10760_/A2                              0.750000    0.875974   -0.125974 (VIOLATED)
_10782_/B                               0.750000    0.875974   -0.125974 (VIOLATED)
_10785_/A2                              0.750000    0.875974   -0.125974 (VIOLATED)
_10794_/B                               0.750000    0.875974   -0.125974 (VIOLATED)
_10797_/B                               0.750000    0.875974   -0.125974 (VIOLATED)
_10810_/A2                              0.750000    0.875974   -0.125974 (VIOLATED)
_10816_/B                               0.750000    0.875974   -0.125974 (VIOLATED)
_10827_/A2                              0.750000    0.875974   -0.125974 (VIOLATED)
_10845_/B                               0.750000    0.875974   -0.125974 (VIOLATED)
_10849_/A2                              0.750000    0.875974   -0.125974 (VIOLATED)
_10856_/A2                              0.750000    0.875974   -0.125974 (VIOLATED)
_10877_/B                               0.750000    0.875974   -0.125974 (VIOLATED)
_10880_/B                               0.750000    0.875974   -0.125974 (VIOLATED)
_10887_/B                               0.750000    0.875974   -0.125974 (VIOLATED)
_10899_/A2                              0.750000    0.875974   -0.125974 (VIOLATED)
_10906_/B                               0.750000    0.875974   -0.125974 (VIOLATED)
_10909_/B                               0.750000    0.875974   -0.125974 (VIOLATED)
_10913_/B                               0.750000    0.875974   -0.125974 (VIOLATED)
_10932_/B                               0.750000    0.875974   -0.125974 (VIOLATED)
_10938_/A2                              0.750000    0.875974   -0.125974 (VIOLATED)
_10942_/B                               0.750000    0.875974   -0.125974 (VIOLATED)
_10962_/A2                              0.750000    0.875974   -0.125974 (VIOLATED)
_10969_/B                               0.750000    0.875974   -0.125974 (VIOLATED)
_10976_/B                               0.750000    0.875974   -0.125974 (VIOLATED)
_10992_/B                               0.750000    0.875974   -0.125974 (VIOLATED)
_10995_/B                               0.750000    0.875974   -0.125974 (VIOLATED)
_10998_/B                               0.750000    0.875974   -0.125974 (VIOLATED)
_11005_/A2                              0.750000    0.875974   -0.125974 (VIOLATED)
_11028_/B                               0.750000    0.875974   -0.125974 (VIOLATED)
_11031_/B                               0.750000    0.875974   -0.125974 (VIOLATED)
_11042_/B                               0.750000    0.875974   -0.125974 (VIOLATED)
_11054_/A2                              0.750000    0.875974   -0.125974 (VIOLATED)
_11058_/B                               0.750000    0.875974   -0.125974 (VIOLATED)
_11061_/B                               0.750000    0.875974   -0.125974 (VIOLATED)
_11068_/B                               0.750000    0.875974   -0.125974 (VIOLATED)
_11097_/B                               0.750000    0.875974   -0.125974 (VIOLATED)
_11107_/A2                              0.750000    0.875974   -0.125974 (VIOLATED)
_11111_/B                               0.750000    0.875974   -0.125974 (VIOLATED)
_11126_/B                               0.750000    0.875974   -0.125974 (VIOLATED)
_11129_/B                               0.750000    0.875974   -0.125974 (VIOLATED)
_11135_/B                               0.750000    0.875974   -0.125974 (VIOLATED)
_11142_/B                               0.750000    0.875974   -0.125974 (VIOLATED)
_11154_/B                               0.750000    0.875974   -0.125974 (VIOLATED)
_11161_/B                               0.750000    0.875974   -0.125974 (VIOLATED)
_11168_/B                               0.750000    0.875974   -0.125974 (VIOLATED)
_11184_/B                               0.750000    0.875974   -0.125974 (VIOLATED)
_11191_/B                               0.750000    0.875974   -0.125974 (VIOLATED)
_11201_/B                               0.750000    0.875974   -0.125974 (VIOLATED)
_11217_/B                               0.750000    0.875974   -0.125974 (VIOLATED)
_11220_/B                               0.750000    0.875974   -0.125974 (VIOLATED)
_11231_/B                               0.750000    0.875974   -0.125974 (VIOLATED)
_11257_/B                               0.750000    0.875974   -0.125974 (VIOLATED)
_11265_/B                               0.750000    0.875974   -0.125974 (VIOLATED)
_11279_/A2                              0.750000    0.875974   -0.125974 (VIOLATED)
_11283_/B                               0.750000    0.875974   -0.125974 (VIOLATED)
_11293_/B                               0.750000    0.875974   -0.125974 (VIOLATED)
_11309_/A2                              0.750000    0.875974   -0.125974 (VIOLATED)
_11312_/B                               0.750000    0.875974   -0.125974 (VIOLATED)
_11323_/B                               0.750000    0.875974   -0.125974 (VIOLATED)
_12543_/A                               0.750000    0.875974   -0.125974 (VIOLATED)
_20468_/Q                               0.750000    0.875974   -0.125974 (VIOLATED)
_12742_/X                               0.750000    0.866190   -0.116191 (VIOLATED)
_12743_/A1                              0.750000    0.866190   -0.116191 (VIOLATED)
_12745_/X                               0.750000    0.866190   -0.116191 (VIOLATED)
_12746_/A1                              0.750000    0.866190   -0.116191 (VIOLATED)
_12748_/X                               0.750000    0.866190   -0.116191 (VIOLATED)
_12749_/A1                              0.750000    0.866190   -0.116191 (VIOLATED)
_12751_/X                               0.750000    0.866190   -0.116191 (VIOLATED)
_12752_/A1                              0.750000    0.866190   -0.116191 (VIOLATED)
_12758_/X                               0.750000    0.866190   -0.116191 (VIOLATED)
_12759_/A1                              0.750000    0.866190   -0.116191 (VIOLATED)
_12797_/A1                              0.750000    0.866190   -0.116191 (VIOLATED)
_12798_/A1                              0.750000    0.866190   -0.116191 (VIOLATED)
_12799_/A1                              0.750000    0.866190   -0.116191 (VIOLATED)
_12800_/A1                              0.750000    0.866190   -0.116191 (VIOLATED)
_12802_/A1                              0.750000    0.866190   -0.116191 (VIOLATED)
_12835_/A1                              0.750000    0.866190   -0.116191 (VIOLATED)
_12836_/A1                              0.750000    0.866190   -0.116191 (VIOLATED)
_12837_/A1                              0.750000    0.866190   -0.116191 (VIOLATED)
_12838_/A1                              0.750000    0.866190   -0.116191 (VIOLATED)
_12840_/A1                              0.750000    0.866190   -0.116191 (VIOLATED)
_12873_/A1                              0.750000    0.866190   -0.116191 (VIOLATED)
_12874_/A1                              0.750000    0.866190   -0.116191 (VIOLATED)
_12875_/A1                              0.750000    0.866190   -0.116191 (VIOLATED)
_12876_/A1                              0.750000    0.866190   -0.116191 (VIOLATED)
_12878_/A1                              0.750000    0.866190   -0.116191 (VIOLATED)
_12911_/A1                              0.750000    0.866190   -0.116191 (VIOLATED)
_12912_/A1                              0.750000    0.866190   -0.116191 (VIOLATED)
_12913_/A1                              0.750000    0.866190   -0.116191 (VIOLATED)
_12914_/A1                              0.750000    0.866190   -0.116191 (VIOLATED)
_12916_/A1                              0.750000    0.866190   -0.116191 (VIOLATED)
_12949_/A1                              0.750000    0.866190   -0.116191 (VIOLATED)
_12950_/A1                              0.750000    0.866190   -0.116191 (VIOLATED)
_12951_/A1                              0.750000    0.866190   -0.116191 (VIOLATED)
_12952_/A1                              0.750000    0.866190   -0.116191 (VIOLATED)
_12954_/A1                              0.750000    0.866190   -0.116191 (VIOLATED)
_12987_/A1                              0.750000    0.866190   -0.116191 (VIOLATED)
_12988_/A1                              0.750000    0.866190   -0.116191 (VIOLATED)
_12989_/A1                              0.750000    0.866190   -0.116191 (VIOLATED)
_12990_/A1                              0.750000    0.866190   -0.116191 (VIOLATED)
_12992_/A1                              0.750000    0.866190   -0.116191 (VIOLATED)
_13026_/A1                              0.750000    0.866190   -0.116191 (VIOLATED)
_13027_/A1                              0.750000    0.866190   -0.116191 (VIOLATED)
_13028_/A1                              0.750000    0.866190   -0.116191 (VIOLATED)
_13029_/A1                              0.750000    0.866190   -0.116191 (VIOLATED)
_13031_/A1                              0.750000    0.866190   -0.116191 (VIOLATED)
_13064_/A1                              0.750000    0.866190   -0.116191 (VIOLATED)
_13065_/A1                              0.750000    0.866190   -0.116191 (VIOLATED)
_13066_/A1                              0.750000    0.866190   -0.116191 (VIOLATED)
_13067_/A1                              0.750000    0.866190   -0.116191 (VIOLATED)
_13069_/A1                              0.750000    0.866190   -0.116191 (VIOLATED)
_13100_/A1                              0.750000    0.866190   -0.116191 (VIOLATED)
_13101_/A1                              0.750000    0.866190   -0.116191 (VIOLATED)
_13102_/A1                              0.750000    0.866190   -0.116191 (VIOLATED)
_13103_/A1                              0.750000    0.866190   -0.116191 (VIOLATED)
_13105_/A1                              0.750000    0.866190   -0.116191 (VIOLATED)
_13136_/A1                              0.750000    0.866190   -0.116191 (VIOLATED)
_13137_/A1                              0.750000    0.866190   -0.116191 (VIOLATED)
_13138_/A1                              0.750000    0.866190   -0.116191 (VIOLATED)
_13139_/A1                              0.750000    0.866190   -0.116191 (VIOLATED)
_13141_/A1                              0.750000    0.866190   -0.116191 (VIOLATED)
_13173_/A1                              0.750000    0.866190   -0.116191 (VIOLATED)
_13174_/A1                              0.750000    0.866190   -0.116191 (VIOLATED)
_13175_/A1                              0.750000    0.866190   -0.116191 (VIOLATED)
_13176_/A1                              0.750000    0.866190   -0.116191 (VIOLATED)
_13178_/A1                              0.750000    0.866190   -0.116191 (VIOLATED)
_13209_/A1                              0.750000    0.866190   -0.116191 (VIOLATED)
_13210_/A1                              0.750000    0.866190   -0.116191 (VIOLATED)
_13211_/A1                              0.750000    0.866190   -0.116191 (VIOLATED)
_13212_/A1                              0.750000    0.866190   -0.116191 (VIOLATED)
_13214_/A1                              0.750000    0.866190   -0.116191 (VIOLATED)
_13245_/A1                              0.750000    0.866190   -0.116191 (VIOLATED)
_13246_/A1                              0.750000    0.866190   -0.116191 (VIOLATED)
_13247_/A1                              0.750000    0.866190   -0.116191 (VIOLATED)
_13248_/A1                              0.750000    0.866190   -0.116191 (VIOLATED)
_13250_/A1                              0.750000    0.866190   -0.116191 (VIOLATED)
_13281_/A1                              0.750000    0.866190   -0.116191 (VIOLATED)
_13282_/A1                              0.750000    0.866190   -0.116191 (VIOLATED)
_13283_/A1                              0.750000    0.866190   -0.116191 (VIOLATED)
_13284_/A1                              0.750000    0.866190   -0.116191 (VIOLATED)
_13286_/A1                              0.750000    0.866190   -0.116191 (VIOLATED)
_13317_/A1                              0.750000    0.866190   -0.116191 (VIOLATED)
_13318_/A1                              0.750000    0.866190   -0.116191 (VIOLATED)
_13319_/A1                              0.750000    0.866190   -0.116191 (VIOLATED)
_13320_/A1                              0.750000    0.866190   -0.116191 (VIOLATED)
_13322_/A1                              0.750000    0.866190   -0.116191 (VIOLATED)
_13355_/A1                              0.750000    0.866190   -0.116191 (VIOLATED)
_13356_/A1                              0.750000    0.866190   -0.116191 (VIOLATED)
_13357_/A1                              0.750000    0.866190   -0.116191 (VIOLATED)
_13358_/A1                              0.750000    0.866190   -0.116191 (VIOLATED)
_13360_/A1                              0.750000    0.866190   -0.116191 (VIOLATED)
_13391_/A1                              0.750000    0.866190   -0.116191 (VIOLATED)
_13392_/A1                              0.750000    0.866190   -0.116191 (VIOLATED)
_13393_/A1                              0.750000    0.866190   -0.116191 (VIOLATED)
_13394_/A1                              0.750000    0.866190   -0.116191 (VIOLATED)
_13396_/A1                              0.750000    0.866190   -0.116191 (VIOLATED)
_13427_/A1                              0.750000    0.866190   -0.116191 (VIOLATED)
_13428_/A1                              0.750000    0.866190   -0.116191 (VIOLATED)
_13429_/A1                              0.750000    0.866190   -0.116191 (VIOLATED)
_13430_/A1                              0.750000    0.866190   -0.116191 (VIOLATED)
_13432_/A1                              0.750000    0.866190   -0.116191 (VIOLATED)
_13463_/A1                              0.750000    0.866190   -0.116191 (VIOLATED)
_13464_/A1                              0.750000    0.866190   -0.116191 (VIOLATED)
_13465_/A1                              0.750000    0.866190   -0.116191 (VIOLATED)
_13466_/A1                              0.750000    0.866190   -0.116191 (VIOLATED)
_13468_/A1                              0.750000    0.866190   -0.116191 (VIOLATED)
_13499_/A1                              0.750000    0.866190   -0.116191 (VIOLATED)
_13500_/A1                              0.750000    0.866190   -0.116191 (VIOLATED)
_13501_/A1                              0.750000    0.866190   -0.116191 (VIOLATED)
_13502_/A1                              0.750000    0.866190   -0.116191 (VIOLATED)
_13504_/A1                              0.750000    0.866190   -0.116191 (VIOLATED)
_13535_/A1                              0.750000    0.866190   -0.116191 (VIOLATED)
_13536_/A1                              0.750000    0.866190   -0.116191 (VIOLATED)
_13537_/A1                              0.750000    0.866190   -0.116191 (VIOLATED)
_13538_/A1                              0.750000    0.866190   -0.116191 (VIOLATED)
_13540_/A1                              0.750000    0.866190   -0.116191 (VIOLATED)
_13572_/A1                              0.750000    0.866190   -0.116191 (VIOLATED)
_13573_/A1                              0.750000    0.866190   -0.116191 (VIOLATED)
_13574_/A1                              0.750000    0.866190   -0.116191 (VIOLATED)
_13575_/A1                              0.750000    0.866190   -0.116191 (VIOLATED)
_13577_/A1                              0.750000    0.866190   -0.116191 (VIOLATED)
_13608_/A1                              0.750000    0.866190   -0.116191 (VIOLATED)
_13609_/A1                              0.750000    0.866190   -0.116191 (VIOLATED)
_13610_/A1                              0.750000    0.866190   -0.116191 (VIOLATED)
_13611_/A1                              0.750000    0.866190   -0.116191 (VIOLATED)
_13613_/A1                              0.750000    0.866190   -0.116191 (VIOLATED)
_13644_/A1                              0.750000    0.866190   -0.116191 (VIOLATED)
_13645_/A1                              0.750000    0.866190   -0.116191 (VIOLATED)
_13646_/A1                              0.750000    0.866190   -0.116191 (VIOLATED)
_13647_/A1                              0.750000    0.866190   -0.116191 (VIOLATED)
_13649_/A1                              0.750000    0.866190   -0.116191 (VIOLATED)
_13683_/A1                              0.750000    0.866190   -0.116191 (VIOLATED)
_13684_/A1                              0.750000    0.866190   -0.116191 (VIOLATED)
_13685_/A1                              0.750000    0.866190   -0.116191 (VIOLATED)
_13686_/A1                              0.750000    0.866190   -0.116191 (VIOLATED)
_13688_/A1                              0.750000    0.866190   -0.116191 (VIOLATED)
_13720_/A1                              0.750000    0.866190   -0.116191 (VIOLATED)
_13721_/A1                              0.750000    0.866190   -0.116191 (VIOLATED)
_13722_/A1                              0.750000    0.866190   -0.116191 (VIOLATED)
_13723_/A1                              0.750000    0.866190   -0.116191 (VIOLATED)
_13725_/A1                              0.750000    0.866190   -0.116191 (VIOLATED)
_13757_/A1                              0.750000    0.866190   -0.116191 (VIOLATED)
_13758_/A1                              0.750000    0.866190   -0.116191 (VIOLATED)
_13759_/A1                              0.750000    0.866190   -0.116191 (VIOLATED)
_13760_/A1                              0.750000    0.866190   -0.116191 (VIOLATED)
_13762_/A1                              0.750000    0.866190   -0.116191 (VIOLATED)
_13794_/A1                              0.750000    0.866190   -0.116191 (VIOLATED)
_13795_/A1                              0.750000    0.866190   -0.116191 (VIOLATED)
_13796_/A1                              0.750000    0.866190   -0.116191 (VIOLATED)
_13797_/A1                              0.750000    0.866190   -0.116191 (VIOLATED)
_13799_/A1                              0.750000    0.866190   -0.116191 (VIOLATED)
_13831_/A1                              0.750000    0.866190   -0.116191 (VIOLATED)
_13832_/A1                              0.750000    0.866190   -0.116191 (VIOLATED)
_13833_/A1                              0.750000    0.866190   -0.116191 (VIOLATED)
_13834_/A1                              0.750000    0.866190   -0.116191 (VIOLATED)
_13836_/A1                              0.750000    0.866190   -0.116191 (VIOLATED)
_13868_/A1                              0.750000    0.866190   -0.116191 (VIOLATED)
_13869_/A1                              0.750000    0.866190   -0.116191 (VIOLATED)
_13870_/A1                              0.750000    0.866190   -0.116191 (VIOLATED)
_13871_/A1                              0.750000    0.866190   -0.116191 (VIOLATED)
_13873_/A1                              0.750000    0.866190   -0.116191 (VIOLATED)
_13905_/A1                              0.750000    0.866190   -0.116191 (VIOLATED)
_13906_/A1                              0.750000    0.866190   -0.116191 (VIOLATED)
_13907_/A1                              0.750000    0.866190   -0.116191 (VIOLATED)
_13908_/A1                              0.750000    0.866190   -0.116191 (VIOLATED)
_13910_/A1                              0.750000    0.866190   -0.116191 (VIOLATED)
_13942_/A1                              0.750000    0.866190   -0.116191 (VIOLATED)
_13943_/A1                              0.750000    0.866190   -0.116191 (VIOLATED)
_13944_/A1                              0.750000    0.866190   -0.116191 (VIOLATED)
_13945_/A1                              0.750000    0.866190   -0.116191 (VIOLATED)
_13947_/A1                              0.750000    0.866190   -0.116191 (VIOLATED)
_13979_/A1                              0.750000    0.866190   -0.116191 (VIOLATED)
_13980_/A1                              0.750000    0.866190   -0.116191 (VIOLATED)
_13981_/A1                              0.750000    0.866190   -0.116191 (VIOLATED)
_13982_/A1                              0.750000    0.866190   -0.116191 (VIOLATED)
_13984_/A1                              0.750000    0.866190   -0.116191 (VIOLATED)
_14017_/A1                              0.750000    0.866190   -0.116191 (VIOLATED)
_14018_/A1                              0.750000    0.866190   -0.116191 (VIOLATED)
_14019_/A1                              0.750000    0.866190   -0.116191 (VIOLATED)
_14020_/A1                              0.750000    0.866190   -0.116191 (VIOLATED)
_14022_/A1                              0.750000    0.866190   -0.116191 (VIOLATED)
_14053_/A1                              0.750000    0.866190   -0.116191 (VIOLATED)
_14054_/A1                              0.750000    0.866190   -0.116191 (VIOLATED)
_14055_/A1                              0.750000    0.866190   -0.116191 (VIOLATED)
_14056_/A1                              0.750000    0.866190   -0.116191 (VIOLATED)
_14058_/A1                              0.750000    0.866190   -0.116191 (VIOLATED)
_14089_/A1                              0.750000    0.866190   -0.116191 (VIOLATED)
_14090_/A1                              0.750000    0.866190   -0.116191 (VIOLATED)
_14091_/A1                              0.750000    0.866190   -0.116191 (VIOLATED)
_14092_/A1                              0.750000    0.866190   -0.116191 (VIOLATED)
_14094_/A1                              0.750000    0.866190   -0.116191 (VIOLATED)
_14125_/A1                              0.750000    0.866190   -0.116191 (VIOLATED)
_14126_/A1                              0.750000    0.866190   -0.116191 (VIOLATED)
_14127_/A1                              0.750000    0.866190   -0.116191 (VIOLATED)
_14128_/A1                              0.750000    0.866190   -0.116191 (VIOLATED)
_14130_/A1                              0.750000    0.866190   -0.116191 (VIOLATED)
_14161_/A1                              0.750000    0.866190   -0.116191 (VIOLATED)
_14162_/A1                              0.750000    0.866190   -0.116191 (VIOLATED)
_14163_/A1                              0.750000    0.866190   -0.116191 (VIOLATED)
_14164_/A1                              0.750000    0.866190   -0.116191 (VIOLATED)
_14166_/A1                              0.750000    0.866190   -0.116191 (VIOLATED)
_14197_/A1                              0.750000    0.866190   -0.116191 (VIOLATED)
_14198_/A1                              0.750000    0.866190   -0.116191 (VIOLATED)
_14199_/A1                              0.750000    0.866190   -0.116191 (VIOLATED)
_14200_/A1                              0.750000    0.866190   -0.116191 (VIOLATED)
_14202_/A1                              0.750000    0.866190   -0.116191 (VIOLATED)
_14233_/A1                              0.750000    0.866190   -0.116191 (VIOLATED)
_14234_/A1                              0.750000    0.866190   -0.116191 (VIOLATED)
_14235_/A1                              0.750000    0.866190   -0.116191 (VIOLATED)
_14236_/A1                              0.750000    0.866190   -0.116191 (VIOLATED)
_14238_/A1                              0.750000    0.866190   -0.116191 (VIOLATED)
_14269_/A1                              0.750000    0.866190   -0.116191 (VIOLATED)
_14270_/A1                              0.750000    0.866190   -0.116191 (VIOLATED)
_14271_/A1                              0.750000    0.866190   -0.116191 (VIOLATED)
_14272_/A1                              0.750000    0.866190   -0.116191 (VIOLATED)
_14274_/A1                              0.750000    0.866190   -0.116191 (VIOLATED)
_14308_/A1                              0.750000    0.866190   -0.116191 (VIOLATED)
_14309_/A1                              0.750000    0.866190   -0.116191 (VIOLATED)
_14310_/A1                              0.750000    0.866190   -0.116191 (VIOLATED)
_14311_/A1                              0.750000    0.866190   -0.116191 (VIOLATED)
_14313_/A1                              0.750000    0.866190   -0.116191 (VIOLATED)
_14344_/A1                              0.750000    0.866190   -0.116191 (VIOLATED)
_14345_/A1                              0.750000    0.866190   -0.116191 (VIOLATED)
_14346_/A1                              0.750000    0.866190   -0.116191 (VIOLATED)
_14347_/A1                              0.750000    0.866190   -0.116191 (VIOLATED)
_14349_/A1                              0.750000    0.866190   -0.116191 (VIOLATED)
_14381_/A1                              0.750000    0.866190   -0.116191 (VIOLATED)
_14382_/A1                              0.750000    0.866190   -0.116191 (VIOLATED)
_14383_/A1                              0.750000    0.866190   -0.116191 (VIOLATED)
_14384_/A1                              0.750000    0.866190   -0.116191 (VIOLATED)
_14386_/A1                              0.750000    0.866190   -0.116191 (VIOLATED)
_14417_/A1                              0.750000    0.866190   -0.116191 (VIOLATED)
_14418_/A1                              0.750000    0.866190   -0.116191 (VIOLATED)
_14419_/A1                              0.750000    0.866190   -0.116191 (VIOLATED)
_14420_/A1                              0.750000    0.866190   -0.116191 (VIOLATED)
_14422_/A1                              0.750000    0.866190   -0.116191 (VIOLATED)
_14453_/A1                              0.750000    0.866190   -0.116191 (VIOLATED)
_14454_/A1                              0.750000    0.866190   -0.116191 (VIOLATED)
_14455_/A1                              0.750000    0.866190   -0.116191 (VIOLATED)
_14456_/A1                              0.750000    0.866190   -0.116191 (VIOLATED)
_14458_/A1                              0.750000    0.866190   -0.116191 (VIOLATED)
_14489_/A1                              0.750000    0.866190   -0.116191 (VIOLATED)
_14490_/A1                              0.750000    0.866190   -0.116191 (VIOLATED)
_14491_/A1                              0.750000    0.866190   -0.116191 (VIOLATED)
_14492_/A1                              0.750000    0.866190   -0.116191 (VIOLATED)
_14494_/A1                              0.750000    0.866190   -0.116191 (VIOLATED)
_14525_/A1                              0.750000    0.866190   -0.116191 (VIOLATED)
_14526_/A1                              0.750000    0.866190   -0.116191 (VIOLATED)
_14527_/A1                              0.750000    0.866190   -0.116191 (VIOLATED)
_14528_/A1                              0.750000    0.866190   -0.116191 (VIOLATED)
_14530_/A1                              0.750000    0.866190   -0.116191 (VIOLATED)
_14561_/A1                              0.750000    0.866190   -0.116191 (VIOLATED)
_14562_/A1                              0.750000    0.866190   -0.116191 (VIOLATED)
_14563_/A1                              0.750000    0.866190   -0.116191 (VIOLATED)
_14564_/A1                              0.750000    0.866190   -0.116191 (VIOLATED)
_14566_/A1                              0.750000    0.866190   -0.116191 (VIOLATED)
_14597_/A1                              0.750000    0.866190   -0.116191 (VIOLATED)
_14598_/A1                              0.750000    0.866190   -0.116191 (VIOLATED)
_14599_/A1                              0.750000    0.866190   -0.116191 (VIOLATED)
_14600_/A1                              0.750000    0.866190   -0.116191 (VIOLATED)
_14602_/A1                              0.750000    0.866190   -0.116191 (VIOLATED)
_14635_/A1                              0.750000    0.866190   -0.116191 (VIOLATED)
_14636_/A1                              0.750000    0.866190   -0.116191 (VIOLATED)
_14637_/A1                              0.750000    0.866190   -0.116191 (VIOLATED)
_14638_/A1                              0.750000    0.866190   -0.116191 (VIOLATED)
_14640_/A1                              0.750000    0.866190   -0.116191 (VIOLATED)
_14671_/A1                              0.750000    0.866190   -0.116191 (VIOLATED)
_14672_/A1                              0.750000    0.866190   -0.116191 (VIOLATED)
_14673_/A1                              0.750000    0.866190   -0.116191 (VIOLATED)
_14674_/A1                              0.750000    0.866190   -0.116191 (VIOLATED)
_14676_/A1                              0.750000    0.866190   -0.116191 (VIOLATED)
_14707_/A1                              0.750000    0.866190   -0.116191 (VIOLATED)
_14708_/A1                              0.750000    0.866190   -0.116191 (VIOLATED)
_14709_/A1                              0.750000    0.866190   -0.116191 (VIOLATED)
_14710_/A1                              0.750000    0.866190   -0.116191 (VIOLATED)
_14712_/A1                              0.750000    0.866190   -0.116191 (VIOLATED)
_14743_/A1                              0.750000    0.866190   -0.116191 (VIOLATED)
_14744_/A1                              0.750000    0.866190   -0.116191 (VIOLATED)
_14745_/A1                              0.750000    0.866190   -0.116191 (VIOLATED)
_14746_/A1                              0.750000    0.866190   -0.116191 (VIOLATED)
_14748_/A1                              0.750000    0.866190   -0.116191 (VIOLATED)
_14780_/A1                              0.750000    0.866190   -0.116191 (VIOLATED)
_14781_/A1                              0.750000    0.866190   -0.116191 (VIOLATED)
_14782_/A1                              0.750000    0.866190   -0.116191 (VIOLATED)
_14783_/A1                              0.750000    0.866190   -0.116191 (VIOLATED)
_14785_/A1                              0.750000    0.866190   -0.116191 (VIOLATED)
_14816_/A1                              0.750000    0.866190   -0.116191 (VIOLATED)
_14817_/A1                              0.750000    0.866190   -0.116191 (VIOLATED)
_14818_/A1                              0.750000    0.866190   -0.116191 (VIOLATED)
_14819_/A1                              0.750000    0.866190   -0.116191 (VIOLATED)
_14821_/A1                              0.750000    0.866190   -0.116191 (VIOLATED)
_14852_/A1                              0.750000    0.866190   -0.116191 (VIOLATED)
_14853_/A1                              0.750000    0.866190   -0.116191 (VIOLATED)
_14854_/A1                              0.750000    0.866190   -0.116191 (VIOLATED)
_14855_/A1                              0.750000    0.866190   -0.116191 (VIOLATED)
_14857_/A1                              0.750000    0.866190   -0.116191 (VIOLATED)
_14888_/A1                              0.750000    0.866190   -0.116191 (VIOLATED)
_14889_/A1                              0.750000    0.866190   -0.116191 (VIOLATED)
_14890_/A1                              0.750000    0.866190   -0.116191 (VIOLATED)
_14891_/A1                              0.750000    0.866190   -0.116191 (VIOLATED)
_14893_/A1                              0.750000    0.866190   -0.116191 (VIOLATED)
_14924_/A1                              0.750000    0.866190   -0.116191 (VIOLATED)
_14925_/A1                              0.750000    0.866190   -0.116191 (VIOLATED)
_14926_/A1                              0.750000    0.866190   -0.116191 (VIOLATED)
_14927_/A1                              0.750000    0.866190   -0.116191 (VIOLATED)
_14929_/A1                              0.750000    0.866190   -0.116191 (VIOLATED)
_14961_/A1                              0.750000    0.866190   -0.116191 (VIOLATED)
_14962_/A1                              0.750000    0.866190   -0.116191 (VIOLATED)
_14963_/A1                              0.750000    0.866190   -0.116191 (VIOLATED)
_14964_/A1                              0.750000    0.866190   -0.116191 (VIOLATED)
_14966_/A1                              0.750000    0.866190   -0.116191 (VIOLATED)
_14998_/A1                              0.750000    0.866190   -0.116191 (VIOLATED)
_14999_/A1                              0.750000    0.866190   -0.116191 (VIOLATED)
_15000_/A1                              0.750000    0.866190   -0.116191 (VIOLATED)
_15001_/A1                              0.750000    0.866190   -0.116191 (VIOLATED)
_15003_/A1                              0.750000    0.866190   -0.116191 (VIOLATED)
_15034_/A1                              0.750000    0.866190   -0.116191 (VIOLATED)
_15035_/A1                              0.750000    0.866190   -0.116191 (VIOLATED)
_15036_/A1                              0.750000    0.866190   -0.116191 (VIOLATED)
_15037_/A1                              0.750000    0.866190   -0.116191 (VIOLATED)
_15039_/A1                              0.750000    0.866190   -0.116191 (VIOLATED)
_15070_/A1                              0.750000    0.866190   -0.116191 (VIOLATED)
_15071_/A1                              0.750000    0.866190   -0.116191 (VIOLATED)
_15072_/A1                              0.750000    0.866190   -0.116191 (VIOLATED)
_15073_/A1                              0.750000    0.866190   -0.116191 (VIOLATED)
_15075_/A1                              0.750000    0.866190   -0.116191 (VIOLATED)
_09456_/X                               0.750000    0.822986   -0.072986 (VIOLATED)
_09563_/A                               0.750000    0.822986   -0.072986 (VIOLATED)
_09564_/A1                              0.750000    0.822986   -0.072986 (VIOLATED)
_09699_/S                               0.750000    0.822986   -0.072986 (VIOLATED)
_09808_/S                               0.750000    0.822986   -0.072986 (VIOLATED)
_10047_/S                               0.750000    0.822986   -0.072986 (VIOLATED)
_10138_/S                               0.750000    0.822986   -0.072986 (VIOLATED)
_10257_/C1                              0.750000    0.822986   -0.072986 (VIOLATED)
_10381_/S                               0.750000    0.822986   -0.072986 (VIOLATED)
_10497_/S                               0.750000    0.822986   -0.072986 (VIOLATED)
_11421_/C1                              0.750000    0.822986   -0.072986 (VIOLATED)
_11422_/S                               0.750000    0.822986   -0.072986 (VIOLATED)
_11427_/A1                              0.750000    0.822986   -0.072986 (VIOLATED)
_11429_/A1                              0.750000    0.822986   -0.072986 (VIOLATED)
_11430_/S                               0.750000    0.822986   -0.072986 (VIOLATED)
_11431_/A                               0.750000    0.822986   -0.072986 (VIOLATED)
_11442_/A1                              0.750000    0.822986   -0.072986 (VIOLATED)
_11444_/A                               0.750000    0.822986   -0.072986 (VIOLATED)
_11445_/A1                              0.750000    0.822986   -0.072986 (VIOLATED)
_11469_/A1                              0.750000    0.822986   -0.072986 (VIOLATED)
_11477_/S                               0.750000    0.822986   -0.072986 (VIOLATED)
_11483_/A1                              0.750000    0.822986   -0.072986 (VIOLATED)
_11488_/S                               0.750000    0.822986   -0.072986 (VIOLATED)
_11500_/S                               0.750000    0.822986   -0.072986 (VIOLATED)
_11508_/A                               0.750000    0.822986   -0.072986 (VIOLATED)
_11511_/A1                              0.750000    0.822986   -0.072986 (VIOLATED)
_11517_/C1                              0.750000    0.822986   -0.072986 (VIOLATED)
_11538_/S                               0.750000    0.822986   -0.072986 (VIOLATED)
_11539_/S                               0.750000    0.822986   -0.072986 (VIOLATED)
_11550_/C1                              0.750000    0.822986   -0.072986 (VIOLATED)
_11556_/C1                              0.750000    0.822986   -0.072986 (VIOLATED)
_11587_/A1                              0.750000    0.822986   -0.072986 (VIOLATED)
_11613_/A1                              0.750000    0.822986   -0.072986 (VIOLATED)
_12478_/A1                              0.750000    0.822986   -0.072986 (VIOLATED)
_12600_/B1                              0.750000    0.822986   -0.072986 (VIOLATED)
_12625_/C1                              0.750000    0.822986   -0.072986 (VIOLATED)
_16575_/S                               0.750000    0.822986   -0.072986 (VIOLATED)
_16597_/A1                              0.750000    0.822986   -0.072986 (VIOLATED)
_16640_/S                               0.750000    0.822986   -0.072986 (VIOLATED)
_16661_/S                               0.750000    0.822986   -0.072986 (VIOLATED)
_16681_/S                               0.750000    0.822986   -0.072986 (VIOLATED)
_16720_/S                               0.750000    0.822986   -0.072986 (VIOLATED)
_16749_/S                               0.750000    0.822986   -0.072986 (VIOLATED)
_16774_/S                               0.750000    0.822986   -0.072986 (VIOLATED)
_16798_/S                               0.750000    0.822986   -0.072986 (VIOLATED)
_16836_/S                               0.750000    0.822986   -0.072986 (VIOLATED)
_16858_/S                               0.750000    0.822986   -0.072986 (VIOLATED)
_16889_/S                               0.750000    0.822986   -0.072986 (VIOLATED)
_16906_/A                               0.750000    0.822986   -0.072986 (VIOLATED)
_16941_/S                               0.750000    0.822986   -0.072986 (VIOLATED)
_16961_/S                               0.750000    0.822986   -0.072986 (VIOLATED)
_16989_/S                               0.750000    0.822986   -0.072986 (VIOLATED)
_17009_/S                               0.750000    0.822986   -0.072986 (VIOLATED)
_17044_/S                               0.750000    0.822986   -0.072986 (VIOLATED)
_17073_/S                               0.750000    0.822986   -0.072986 (VIOLATED)
_17094_/S                               0.750000    0.822986   -0.072986 (VIOLATED)
_17113_/A                               0.750000    0.822986   -0.072986 (VIOLATED)
_17114_/A1                              0.750000    0.822986   -0.072986 (VIOLATED)
_17147_/A                               0.750000    0.822986   -0.072986 (VIOLATED)
_17148_/A1                              0.750000    0.822986   -0.072986 (VIOLATED)
_17163_/C1                              0.750000    0.822986   -0.072986 (VIOLATED)
_17201_/A                               0.750000    0.822986   -0.072986 (VIOLATED)
_09265_/A                               0.750000    0.820438   -0.070438 (VIOLATED)
_09266_/A                               0.750000    0.820438   -0.070438 (VIOLATED)
_09269_/A_N                             0.750000    0.820438   -0.070438 (VIOLATED)
_09270_/A_N                             0.750000    0.820438   -0.070438 (VIOLATED)
_09271_/A                               0.750000    0.820438   -0.070438 (VIOLATED)
_09272_/A                               0.750000    0.820438   -0.070438 (VIOLATED)
_09273_/B                               0.750000    0.820438   -0.070438 (VIOLATED)
_09274_/B                               0.750000    0.820438   -0.070438 (VIOLATED)
_09282_/B2                              0.750000    0.820438   -0.070438 (VIOLATED)
_09291_/A1                              0.750000    0.820438   -0.070438 (VIOLATED)
_09309_/S1                              0.750000    0.820438   -0.070438 (VIOLATED)
_09310_/S1                              0.750000    0.820438   -0.070438 (VIOLATED)
_09316_/S1                              0.750000    0.820438   -0.070438 (VIOLATED)
_09317_/S1                              0.750000    0.820438   -0.070438 (VIOLATED)
_09336_/A1                              0.750000    0.820438   -0.070438 (VIOLATED)
_09337_/A1                              0.750000    0.820438   -0.070438 (VIOLATED)
_09339_/B                               0.750000    0.820438   -0.070438 (VIOLATED)
_09341_/A2                              0.750000    0.820438   -0.070438 (VIOLATED)
_09342_/B                               0.750000    0.820438   -0.070438 (VIOLATED)
_09346_/A_N                             0.750000    0.820438   -0.070438 (VIOLATED)
_09348_/A2                              0.750000    0.820438   -0.070438 (VIOLATED)
_09349_/A_N                             0.750000    0.820438   -0.070438 (VIOLATED)
_09356_/B                               0.750000    0.820438   -0.070438 (VIOLATED)
_09444_/S0                              0.750000    0.820438   -0.070438 (VIOLATED)
_09845_/A                               0.750000    0.820438   -0.070438 (VIOLATED)
_09848_/A                               0.750000    0.820438   -0.070438 (VIOLATED)
_09854_/A1                              0.750000    0.820438   -0.070438 (VIOLATED)
_09858_/A1                              0.750000    0.820438   -0.070438 (VIOLATED)
_10618_/A                               0.750000    0.820438   -0.070438 (VIOLATED)
_10630_/A1                              0.750000    0.820438   -0.070438 (VIOLATED)
_10633_/A1                              0.750000    0.820438   -0.070438 (VIOLATED)
_10644_/A                               0.750000    0.820438   -0.070438 (VIOLATED)
_10660_/A1                              0.750000    0.820438   -0.070438 (VIOLATED)
_10664_/A                               0.750000    0.820438   -0.070438 (VIOLATED)
_10667_/A                               0.750000    0.820438   -0.070438 (VIOLATED)
_10671_/A1                              0.750000    0.820438   -0.070438 (VIOLATED)
_10689_/A                               0.750000    0.820438   -0.070438 (VIOLATED)
_10692_/A                               0.750000    0.820438   -0.070438 (VIOLATED)
_10700_/A                               0.750000    0.820438   -0.070438 (VIOLATED)
_10716_/A1                              0.750000    0.820438   -0.070438 (VIOLATED)
_10720_/A                               0.750000    0.820438   -0.070438 (VIOLATED)
_10726_/A                               0.750000    0.820438   -0.070438 (VIOLATED)
_10730_/A                               0.750000    0.820438   -0.070438 (VIOLATED)
_10749_/A1                              0.750000    0.820438   -0.070438 (VIOLATED)
_10753_/A                               0.750000    0.820438   -0.070438 (VIOLATED)
_10756_/A                               0.750000    0.820438   -0.070438 (VIOLATED)
_10760_/A1                              0.750000    0.820438   -0.070438 (VIOLATED)
_10782_/A                               0.750000    0.820438   -0.070438 (VIOLATED)
_10785_/A1                              0.750000    0.820438   -0.070438 (VIOLATED)
_10794_/A                               0.750000    0.820438   -0.070438 (VIOLATED)
_10797_/A                               0.750000    0.820438   -0.070438 (VIOLATED)
_10810_/A1                              0.750000    0.820438   -0.070438 (VIOLATED)
_10816_/A                               0.750000    0.820438   -0.070438 (VIOLATED)
_10827_/A1                              0.750000    0.820438   -0.070438 (VIOLATED)
_10845_/A                               0.750000    0.820438   -0.070438 (VIOLATED)
_10849_/A1                              0.750000    0.820438   -0.070438 (VIOLATED)
_10856_/A1                              0.750000    0.820438   -0.070438 (VIOLATED)
_10877_/A                               0.750000    0.820438   -0.070438 (VIOLATED)
_10880_/A                               0.750000    0.820438   -0.070438 (VIOLATED)
_10887_/A                               0.750000    0.820438   -0.070438 (VIOLATED)
_10899_/A1                              0.750000    0.820438   -0.070438 (VIOLATED)
_10906_/A                               0.750000    0.820438   -0.070438 (VIOLATED)
_10909_/A                               0.750000    0.820438   -0.070438 (VIOLATED)
_10913_/A                               0.750000    0.820438   -0.070438 (VIOLATED)
_10932_/A                               0.750000    0.820438   -0.070438 (VIOLATED)
_10938_/A1                              0.750000    0.820438   -0.070438 (VIOLATED)
_10942_/A                               0.750000    0.820438   -0.070438 (VIOLATED)
_10962_/A1                              0.750000    0.820438   -0.070438 (VIOLATED)
_10969_/A                               0.750000    0.820438   -0.070438 (VIOLATED)
_10976_/A                               0.750000    0.820438   -0.070438 (VIOLATED)
_10992_/A                               0.750000    0.820438   -0.070438 (VIOLATED)
_10995_/A                               0.750000    0.820438   -0.070438 (VIOLATED)
_10998_/A                               0.750000    0.820438   -0.070438 (VIOLATED)
_11005_/A1                              0.750000    0.820438   -0.070438 (VIOLATED)
_11028_/A                               0.750000    0.820438   -0.070438 (VIOLATED)
_11031_/A                               0.750000    0.820438   -0.070438 (VIOLATED)
_11042_/A                               0.750000    0.820438   -0.070438 (VIOLATED)
_11054_/A1                              0.750000    0.820438   -0.070438 (VIOLATED)
_11058_/A                               0.750000    0.820438   -0.070438 (VIOLATED)
_11061_/A                               0.750000    0.820438   -0.070438 (VIOLATED)
_11068_/A                               0.750000    0.820438   -0.070438 (VIOLATED)
_11097_/A                               0.750000    0.820438   -0.070438 (VIOLATED)
_11107_/A1                              0.750000    0.820438   -0.070438 (VIOLATED)
_11111_/A                               0.750000    0.820438   -0.070438 (VIOLATED)
_11126_/A                               0.750000    0.820438   -0.070438 (VIOLATED)
_11129_/A                               0.750000    0.820438   -0.070438 (VIOLATED)
_11135_/A                               0.750000    0.820438   -0.070438 (VIOLATED)
_11142_/A                               0.750000    0.820438   -0.070438 (VIOLATED)
_11154_/A                               0.750000    0.820438   -0.070438 (VIOLATED)
_11161_/A                               0.750000    0.820438   -0.070438 (VIOLATED)
_11168_/A                               0.750000    0.820438   -0.070438 (VIOLATED)
_11184_/A                               0.750000    0.820438   -0.070438 (VIOLATED)
_11191_/A                               0.750000    0.820438   -0.070438 (VIOLATED)
_11201_/A                               0.750000    0.820438   -0.070438 (VIOLATED)
_11217_/A                               0.750000    0.820438   -0.070438 (VIOLATED)
_11220_/A                               0.750000    0.820438   -0.070438 (VIOLATED)
_11231_/A                               0.750000    0.820438   -0.070438 (VIOLATED)
_11257_/A                               0.750000    0.820438   -0.070438 (VIOLATED)
_11265_/A                               0.750000    0.820438   -0.070438 (VIOLATED)
_11279_/A1                              0.750000    0.820438   -0.070438 (VIOLATED)
_11283_/A                               0.750000    0.820438   -0.070438 (VIOLATED)
_11293_/A                               0.750000    0.820438   -0.070438 (VIOLATED)
_11309_/A1                              0.750000    0.820438   -0.070438 (VIOLATED)
_11312_/A                               0.750000    0.820438   -0.070438 (VIOLATED)
_11323_/A                               0.750000    0.820438   -0.070438 (VIOLATED)
_12535_/A                               0.750000    0.820438   -0.070438 (VIOLATED)
_20469_/Q                               0.750000    0.820438   -0.070438 (VIOLATED)
_09384_/Y                               0.750000    0.814594   -0.064594 (VIOLATED)
_09388_/A2                              0.750000    0.814594   -0.064594 (VIOLATED)
_09391_/A2                              0.750000    0.814594   -0.064594 (VIOLATED)
_09394_/B1                              0.750000    0.814594   -0.064594 (VIOLATED)
_09397_/A2                              0.750000    0.814594   -0.064594 (VIOLATED)
_09509_/A                               0.750000    0.814594   -0.064594 (VIOLATED)
_09518_/B2                              0.750000    0.814594   -0.064594 (VIOLATED)
_09540_/A                               0.750000    0.814594   -0.064594 (VIOLATED)
_09552_/A                               0.750000    0.814594   -0.064594 (VIOLATED)
_09567_/A2                              0.750000    0.814594   -0.064594 (VIOLATED)
_09570_/A2                              0.750000    0.814594   -0.064594 (VIOLATED)
_09575_/A2                              0.750000    0.814594   -0.064594 (VIOLATED)
_09579_/A2                              0.750000    0.814594   -0.064594 (VIOLATED)
_09601_/A                               0.750000    0.814594   -0.064594 (VIOLATED)
_09612_/A1                              0.750000    0.814594   -0.064594 (VIOLATED)
_09620_/B2                              0.750000    0.814594   -0.064594 (VIOLATED)
_09643_/B2                              0.750000    0.814594   -0.064594 (VIOLATED)
_09654_/A1                              0.750000    0.814594   -0.064594 (VIOLATED)
_09671_/B1                              0.750000    0.814594   -0.064594 (VIOLATED)
_09674_/B1                              0.750000    0.814594   -0.064594 (VIOLATED)
_09678_/B1                              0.750000    0.814594   -0.064594 (VIOLATED)
_09679_/A2                              0.750000    0.814594   -0.064594 (VIOLATED)
_09741_/A1                              0.750000    0.814594   -0.064594 (VIOLATED)
_09747_/A1                              0.750000    0.814594   -0.064594 (VIOLATED)
_09769_/A1                              0.750000    0.814594   -0.064594 (VIOLATED)
_09776_/A1                              0.750000    0.814594   -0.064594 (VIOLATED)
_09784_/B1                              0.750000    0.814594   -0.064594 (VIOLATED)
_09815_/B1                              0.750000    0.814594   -0.064594 (VIOLATED)
_09818_/B1                              0.750000    0.814594   -0.064594 (VIOLATED)
_09822_/B1                              0.750000    0.814594   -0.064594 (VIOLATED)
_09825_/A2                              0.750000    0.814594   -0.064594 (VIOLATED)
_09832_/B1                              0.750000    0.814594   -0.064594 (VIOLATED)
_09835_/B1                              0.750000    0.814594   -0.064594 (VIOLATED)
_09897_/B1                              0.750000    0.814594   -0.064594 (VIOLATED)
_09900_/B1                              0.750000    0.814594   -0.064594 (VIOLATED)
_09903_/B1                              0.750000    0.814594   -0.064594 (VIOLATED)
_09909_/B1                              0.750000    0.814594   -0.064594 (VIOLATED)
_09918_/A                               0.750000    0.814594   -0.064594 (VIOLATED)
_09927_/B2                              0.750000    0.814594   -0.064594 (VIOLATED)
_09935_/A1                              0.750000    0.814594   -0.064594 (VIOLATED)
_09951_/A                               0.750000    0.814594   -0.064594 (VIOLATED)
_09972_/A2                              0.750000    0.814594   -0.064594 (VIOLATED)
_09975_/A2                              0.750000    0.814594   -0.064594 (VIOLATED)
_09991_/A1                              0.750000    0.814594   -0.064594 (VIOLATED)
_10000_/B2                              0.750000    0.814594   -0.064594 (VIOLATED)
_10004_/A1                              0.750000    0.814594   -0.064594 (VIOLATED)
_10017_/A1                              0.750000    0.814594   -0.064594 (VIOLATED)
_10041_/B2                              0.750000    0.814594   -0.064594 (VIOLATED)
_10061_/A1                              0.750000    0.814594   -0.064594 (VIOLATED)
_10065_/A1                              0.750000    0.814594   -0.064594 (VIOLATED)
_10085_/B1                              0.750000    0.814594   -0.064594 (VIOLATED)
_10088_/A2                              0.750000    0.814594   -0.064594 (VIOLATED)
_10091_/A2                              0.750000    0.814594   -0.064594 (VIOLATED)
_10113_/A1                              0.750000    0.814594   -0.064594 (VIOLATED)
_10126_/A1                              0.750000    0.814594   -0.064594 (VIOLATED)
_10129_/A1                              0.750000    0.814594   -0.064594 (VIOLATED)
_10141_/A2                              0.750000    0.814594   -0.064594 (VIOLATED)
_10142_/B1                              0.750000    0.814594   -0.064594 (VIOLATED)
_10149_/A1                              0.750000    0.814594   -0.064594 (VIOLATED)
_10157_/A1                              0.750000    0.814594   -0.064594 (VIOLATED)
_10180_/A1                              0.750000    0.814594   -0.064594 (VIOLATED)
_10184_/A1                              0.750000    0.814594   -0.064594 (VIOLATED)
_10203_/A1                              0.750000    0.814594   -0.064594 (VIOLATED)
_10214_/A1                              0.750000    0.814594   -0.064594 (VIOLATED)
_10222_/A1                              0.750000    0.814594   -0.064594 (VIOLATED)
_10232_/B2                              0.750000    0.814594   -0.064594 (VIOLATED)
_10242_/A2                              0.750000    0.814594   -0.064594 (VIOLATED)
_10265_/A1                              0.750000    0.814594   -0.064594 (VIOLATED)
_10274_/A1                              0.750000    0.814594   -0.064594 (VIOLATED)
_10323_/A1                              0.750000    0.814594   -0.064594 (VIOLATED)
_10327_/A1                              0.750000    0.814594   -0.064594 (VIOLATED)
_10346_/B1                              0.750000    0.814594   -0.064594 (VIOLATED)
_10366_/B2                              0.750000    0.814594   -0.064594 (VIOLATED)
_10370_/A1                              0.750000    0.814594   -0.064594 (VIOLATED)
_10384_/B2                              0.750000    0.814594   -0.064594 (VIOLATED)
_10403_/A1                              0.750000    0.814594   -0.064594 (VIOLATED)
_10419_/A                               0.750000    0.814594   -0.064594 (VIOLATED)
_10430_/A1                              0.750000    0.814594   -0.064594 (VIOLATED)
_10442_/A1                              0.750000    0.814594   -0.064594 (VIOLATED)
_10460_/B2                              0.750000    0.814594   -0.064594 (VIOLATED)
_10483_/B2                              0.750000    0.814594   -0.064594 (VIOLATED)
_10489_/A1                              0.750000    0.814594   -0.064594 (VIOLATED)
_12641_/Y                               0.750000    0.790389   -0.040389 (VIOLATED)
_12646_/A                               0.750000    0.790389   -0.040389 (VIOLATED)
_12997_/A                               0.750000    0.790389   -0.040389 (VIOLATED)
_13144_/A                               0.750000    0.790389   -0.040389 (VIOLATED)
_13326_/A                               0.750000    0.790389   -0.040389 (VIOLATED)
_13543_/A                               0.750000    0.790389   -0.040389 (VIOLATED)
_13654_/A                               0.750000    0.790389   -0.040389 (VIOLATED)
_13691_/A                               0.750000    0.790389   -0.040389 (VIOLATED)
_13728_/A                               0.750000    0.790389   -0.040389 (VIOLATED)
_13765_/A                               0.750000    0.790389   -0.040389 (VIOLATED)
_13802_/A                               0.750000    0.790389   -0.040389 (VIOLATED)
_13839_/A                               0.750000    0.790389   -0.040389 (VIOLATED)
_13876_/A                               0.750000    0.790389   -0.040389 (VIOLATED)
_13913_/A                               0.750000    0.790389   -0.040389 (VIOLATED)
_13950_/A                               0.750000    0.790389   -0.040389 (VIOLATED)
_13988_/A                               0.750000    0.790389   -0.040389 (VIOLATED)
_14279_/A                               0.750000    0.790389   -0.040389 (VIOLATED)
_14352_/A                               0.750000    0.790389   -0.040389 (VIOLATED)
_14606_/A                               0.750000    0.790389   -0.040389 (VIOLATED)
_14751_/A                               0.750000    0.790389   -0.040389 (VIOLATED)
_14932_/A                               0.750000    0.790389   -0.040389 (VIOLATED)
_14969_/A                               0.750000    0.790389   -0.040389 (VIOLATED)
_15005_/A                               0.750000    0.790389   -0.040389 (VIOLATED)
_09201_/A                               0.750000    0.783427   -0.033427 (VIOLATED)
_09374_/B                               0.750000    0.783427   -0.033427 (VIOLATED)
_09375_/B                               0.750000    0.783427   -0.033427 (VIOLATED)
_09380_/B                               0.750000    0.783427   -0.033427 (VIOLATED)
_09381_/B                               0.750000    0.783427   -0.033427 (VIOLATED)
_09383_/A_N                             0.750000    0.783427   -0.033427 (VIOLATED)
_09384_/A_N                             0.750000    0.783427   -0.033427 (VIOLATED)
_09385_/B                               0.750000    0.783427   -0.033427 (VIOLATED)
_09386_/B                               0.750000    0.783427   -0.033427 (VIOLATED)
_09387_/B                               0.750000    0.783427   -0.033427 (VIOLATED)
_09390_/B                               0.750000    0.783427   -0.033427 (VIOLATED)
_09393_/B                               0.750000    0.783427   -0.033427 (VIOLATED)
_09396_/B                               0.750000    0.783427   -0.033427 (VIOLATED)
_09499_/S1                              0.750000    0.783427   -0.033427 (VIOLATED)
_09500_/S1                              0.750000    0.783427   -0.033427 (VIOLATED)
_09535_/S1                              0.750000    0.783427   -0.033427 (VIOLATED)
_09537_/S1                              0.750000    0.783427   -0.033427 (VIOLATED)
_09546_/S1                              0.750000    0.783427   -0.033427 (VIOLATED)
_09547_/S1                              0.750000    0.783427   -0.033427 (VIOLATED)
_09568_/B                               0.750000    0.783427   -0.033427 (VIOLATED)
_09571_/B                               0.750000    0.783427   -0.033427 (VIOLATED)
_09574_/B                               0.750000    0.783427   -0.033427 (VIOLATED)
_09577_/B                               0.750000    0.783427   -0.033427 (VIOLATED)
_09646_/S1                              0.750000    0.783427   -0.033427 (VIOLATED)
_09647_/S1                              0.750000    0.783427   -0.033427 (VIOLATED)
_09670_/B                               0.750000    0.783427   -0.033427 (VIOLATED)
_09673_/B                               0.750000    0.783427   -0.033427 (VIOLATED)
_09677_/B                               0.750000    0.783427   -0.033427 (VIOLATED)
_09680_/B                               0.750000    0.783427   -0.033427 (VIOLATED)
_09686_/S                               0.750000    0.783427   -0.033427 (VIOLATED)
_09700_/S1                              0.750000    0.783427   -0.033427 (VIOLATED)
_09712_/S1                              0.750000    0.783427   -0.033427 (VIOLATED)
_09713_/S1                              0.750000    0.783427   -0.033427 (VIOLATED)
_09761_/A                               0.750000    0.783427   -0.033427 (VIOLATED)
_09789_/S1                              0.750000    0.783427   -0.033427 (VIOLATED)
_09790_/S1                              0.750000    0.783427   -0.033427 (VIOLATED)
_09792_/S1                              0.750000    0.783427   -0.033427 (VIOLATED)
_09793_/S1                              0.750000    0.783427   -0.033427 (VIOLATED)
_09801_/A1                              0.750000    0.783427   -0.033427 (VIOLATED)
_09814_/B                               0.750000    0.783427   -0.033427 (VIOLATED)
_09817_/B                               0.750000    0.783427   -0.033427 (VIOLATED)
_09830_/B2                              0.750000    0.783427   -0.033427 (VIOLATED)
_09896_/B                               0.750000    0.783427   -0.033427 (VIOLATED)
_09899_/B                               0.750000    0.783427   -0.033427 (VIOLATED)
_09902_/B                               0.750000    0.783427   -0.033427 (VIOLATED)
_09905_/A                               0.750000    0.783427   -0.033427 (VIOLATED)
_09911_/S1                              0.750000    0.783427   -0.033427 (VIOLATED)
_09939_/S                               0.750000    0.783427   -0.033427 (VIOLATED)
_09941_/A                               0.750000    0.783427   -0.033427 (VIOLATED)
_09957_/B1                              0.750000    0.783427   -0.033427 (VIOLATED)
_09971_/C_N                             0.750000    0.783427   -0.033427 (VIOLATED)
_09974_/C_N                             0.750000    0.783427   -0.033427 (VIOLATED)
_10023_/A                               0.750000    0.783427   -0.033427 (VIOLATED)
_10082_/S1                              0.750000    0.783427   -0.033427 (VIOLATED)
_10087_/B                               0.750000    0.783427   -0.033427 (VIOLATED)
_10090_/B                               0.750000    0.783427   -0.033427 (VIOLATED)
_10104_/A1                              0.750000    0.783427   -0.033427 (VIOLATED)
_10118_/C1                              0.750000    0.783427   -0.033427 (VIOLATED)
_10139_/B                               0.750000    0.783427   -0.033427 (VIOLATED)
_10160_/B1                              0.750000    0.783427   -0.033427 (VIOLATED)
_10236_/S1                              0.750000    0.783427   -0.033427 (VIOLATED)
_10237_/S1                              0.750000    0.783427   -0.033427 (VIOLATED)
_10240_/S1                              0.750000    0.783427   -0.033427 (VIOLATED)
_10267_/S1                              0.750000    0.783427   -0.033427 (VIOLATED)
_10268_/S1                              0.750000    0.783427   -0.033427 (VIOLATED)
_10293_/B                               0.750000    0.783427   -0.033427 (VIOLATED)
_10296_/B                               0.750000    0.783427   -0.033427 (VIOLATED)
_10299_/S1                              0.750000    0.783427   -0.033427 (VIOLATED)
_10302_/S1                              0.750000    0.783427   -0.033427 (VIOLATED)
_10393_/S1                              0.750000    0.783427   -0.033427 (VIOLATED)
_10394_/S1                              0.750000    0.783427   -0.033427 (VIOLATED)
_10401_/A1                              0.750000    0.783427   -0.033427 (VIOLATED)
_10411_/S                               0.750000    0.783427   -0.033427 (VIOLATED)
_10445_/S1                              0.750000    0.783427   -0.033427 (VIOLATED)
_10446_/S1                              0.750000    0.783427   -0.033427 (VIOLATED)
_10450_/A                               0.750000    0.783427   -0.033427 (VIOLATED)
_10470_/B2                              0.750000    0.783427   -0.033427 (VIOLATED)
_12567_/A1                              0.750000    0.783427   -0.033427 (VIOLATED)
_16850_/A2                              0.750000    0.783427   -0.033427 (VIOLATED)
_20464_/Q                               0.750000    0.783427   -0.033427 (VIOLATED)
_11368_/Y                               0.750000    0.782312   -0.032312 (VIOLATED)
_11369_/A                               0.750000    0.782312   -0.032312 (VIOLATED)
_11397_/S                               0.750000    0.782312   -0.032312 (VIOLATED)
_11463_/S                               0.750000    0.782312   -0.032312 (VIOLATED)
_11529_/S                               0.750000    0.782312   -0.032312 (VIOLATED)
_11569_/S                               0.750000    0.782312   -0.032312 (VIOLATED)
_11595_/S                               0.750000    0.782312   -0.032312 (VIOLATED)
_11620_/S                               0.750000    0.782312   -0.032312 (VIOLATED)
_18216_/S                               0.750000    0.782312   -0.032312 (VIOLATED)
_18226_/A                               0.750000    0.782312   -0.032312 (VIOLATED)
_18234_/S                               0.750000    0.782312   -0.032312 (VIOLATED)
_18243_/A                               0.750000    0.782312   -0.032312 (VIOLATED)
_18249_/S                               0.750000    0.782312   -0.032312 (VIOLATED)
_18257_/A1                              0.750000    0.782312   -0.032312 (VIOLATED)
_18273_/A                               0.750000    0.782312   -0.032312 (VIOLATED)
_18274_/A                               0.750000    0.782312   -0.032312 (VIOLATED)
_18280_/A                               0.750000    0.782312   -0.032312 (VIOLATED)
_18281_/A1                              0.750000    0.782312   -0.032312 (VIOLATED)
_18321_/B1                              0.750000    0.782312   -0.032312 (VIOLATED)
_18322_/B1                              0.750000    0.782312   -0.032312 (VIOLATED)
_18329_/A                               0.750000    0.782312   -0.032312 (VIOLATED)
_18347_/A                               0.750000    0.782312   -0.032312 (VIOLATED)
_18362_/A                               0.750000    0.782312   -0.032312 (VIOLATED)
_18378_/A                               0.750000    0.782312   -0.032312 (VIOLATED)
_18392_/A                               0.750000    0.782312   -0.032312 (VIOLATED)
_18400_/S                               0.750000    0.782312   -0.032312 (VIOLATED)

max fanout

Pin                                   Limit Fanout  Slack
---------------------------------------------------------
_20462_/Q                                10    346   -336 (VIOLATED)
_20467_/Q                                10    337   -327 (VIOLATED)
_12642_/X                                10    282   -272 (VIOLATED)
_12764_/X                                10    265   -255 (VIOLATED)
_12804_/X                                10    265   -255 (VIOLATED)
_13033_/X                                10    265   -255 (VIOLATED)
_12843_/Y                                10    264   -254 (VIOLATED)
_12881_/X                                10    264   -254 (VIOLATED)
_12919_/Y                                10    264   -254 (VIOLATED)
_12957_/X                                10    264   -254 (VIOLATED)
ui_in[0]                                 10    235   -225 (VIOLATED)
_09265_/Y                                10    198   -188 (VIOLATED)
ui_in[1]                                 10    195   -185 (VIOLATED)
_09269_/X                                10    195   -185 (VIOLATED)
_09273_/X                                10    192   -182 (VIOLATED)
_09271_/X                                10    111   -101 (VIOLATED)
_20463_/Q                                10    106    -96 (VIOLATED)
_20468_/Q                                10    106    -96 (VIOLATED)
_20469_/Q                                10    106    -96 (VIOLATED)
_11801_/Y                                10     96    -86 (VIOLATED)
_11810_/X                                10     95    -85 (VIOLATED)
_10521_/Y                                10     90    -80 (VIOLATED)
_10522_/X                                10     90    -80 (VIOLATED)
_09384_/Y                                10     81    -71 (VIOLATED)
_20464_/Q                                10     79    -69 (VIOLATED)
ui_in[3]                                 10     67    -57 (VIOLATED)
ui_in[2]                                 10     66    -56 (VIOLATED)
_09223_/Y                                10     66    -56 (VIOLATED)
_09387_/Y                                10     65    -55 (VIOLATED)
_11807_/Y                                10     64    -54 (VIOLATED)
_12648_/Y                                10     64    -54 (VIOLATED)
_12651_/X                                10     64    -54 (VIOLATED)
_12654_/X                                10     64    -54 (VIOLATED)
_12657_/X                                10     64    -54 (VIOLATED)
_12660_/X                                10     64    -54 (VIOLATED)
_12663_/X                                10     64    -54 (VIOLATED)
_12666_/X                                10     64    -54 (VIOLATED)
_12669_/Y                                10     64    -54 (VIOLATED)
_12676_/Y                                10     64    -54 (VIOLATED)
_12679_/X                                10     64    -54 (VIOLATED)
_12682_/X                                10     64    -54 (VIOLATED)
_12686_/Y                                10     64    -54 (VIOLATED)
_12689_/X                                10     64    -54 (VIOLATED)
_12693_/Y                                10     64    -54 (VIOLATED)
_12696_/X                                10     64    -54 (VIOLATED)
_12699_/Y                                10     64    -54 (VIOLATED)
_12705_/X                                10     64    -54 (VIOLATED)
_12709_/X                                10     64    -54 (VIOLATED)
_12712_/X                                10     64    -54 (VIOLATED)
_12715_/X                                10     64    -54 (VIOLATED)
_12718_/X                                10     64    -54 (VIOLATED)
_12721_/X                                10     64    -54 (VIOLATED)
_12724_/X                                10     64    -54 (VIOLATED)
_12727_/X                                10     64    -54 (VIOLATED)
_12731_/Y                                10     64    -54 (VIOLATED)
_12739_/X                                10     64    -54 (VIOLATED)
_12742_/X                                10     64    -54 (VIOLATED)
_12745_/X                                10     64    -54 (VIOLATED)
_12748_/X                                10     64    -54 (VIOLATED)
_12751_/X                                10     64    -54 (VIOLATED)
_12755_/Y                                10     64    -54 (VIOLATED)
_12758_/X                                10     64    -54 (VIOLATED)
_12762_/X                                10     64    -54 (VIOLATED)
_09375_/X                                10     63    -53 (VIOLATED)
_09381_/Y                                10     62    -52 (VIOLATED)
_09456_/X                                10     61    -51 (VIOLATED)
_12616_/Y                                10     61    -51 (VIOLATED)
_09367_/Y                                10     54    -44 (VIOLATED)
_09199_/Y                                10     49    -39 (VIOLATED)
_12672_/X                                10     48    -38 (VIOLATED)
_12734_/X                                10     48    -38 (VIOLATED)
_09497_/Y                                10     46    -36 (VIOLATED)
_20471_/Q                                10     45    -35 (VIOLATED)
_09374_/Y                                10     44    -34 (VIOLATED)
_09383_/X                                10     44    -34 (VIOLATED)
_20470_/Q                                10     44    -34 (VIOLATED)
_09203_/Y                                10     43    -33 (VIOLATED)
_09496_/Y                                10     42    -32 (VIOLATED)
_12640_/X                                10     42    -32 (VIOLATED)
_15270_/Y                                10     41    -31 (VIOLATED)
_09366_/X                                10     39    -29 (VIOLATED)
_09373_/X                                10     39    -29 (VIOLATED)
_09334_/X                                10     38    -28 (VIOLATED)
_12637_/Y                                10     37    -27 (VIOLATED)
_09380_/X                                10     36    -26 (VIOLATED)
_09455_/Y                                10     36    -26 (VIOLATED)
ui_in[4]                                 10     34    -24 (VIOLATED)
_09241_/X                                10     34    -24 (VIOLATED)
_09386_/X                                10     33    -23 (VIOLATED)
_20465_/Q                                10     33    -23 (VIOLATED)
_09222_/Y                                10     32    -22 (VIOLATED)
_09224_/Y                                10     32    -22 (VIOLATED)
_15085_/X                                10     32    -22 (VIOLATED)
_17212_/Y                                10     32    -22 (VIOLATED)
_17246_/Y                                10     32    -22 (VIOLATED)
_17281_/X                                10     32    -22 (VIOLATED)
_17314_/Y                                10     32    -22 (VIOLATED)
_17347_/Y                                10     32    -22 (VIOLATED)
_17381_/X                                10     32    -22 (VIOLATED)
_17414_/X                                10     32    -22 (VIOLATED)
_17447_/X                                10     32    -22 (VIOLATED)
_17480_/X                                10     32    -22 (VIOLATED)
_17513_/X                                10     32    -22 (VIOLATED)
_17547_/Y                                10     32    -22 (VIOLATED)
_17580_/X                                10     32    -22 (VIOLATED)
_17613_/Y                                10     32    -22 (VIOLATED)
_17646_/Y                                10     32    -22 (VIOLATED)
_17680_/Y                                10     32    -22 (VIOLATED)
_17713_/X                                10     32    -22 (VIOLATED)
_17746_/Y                                10     32    -22 (VIOLATED)
_17779_/X                                10     32    -22 (VIOLATED)
_17813_/X                                10     32    -22 (VIOLATED)
_17846_/X                                10     32    -22 (VIOLATED)
_17879_/X                                10     32    -22 (VIOLATED)
_17912_/X                                10     32    -22 (VIOLATED)
_17945_/X                                10     32    -22 (VIOLATED)
_17978_/X                                10     32    -22 (VIOLATED)
_18012_/X                                10     32    -22 (VIOLATED)
_18045_/X                                10     32    -22 (VIOLATED)
_18078_/X                                10     32    -22 (VIOLATED)
_18111_/Y                                10     32    -22 (VIOLATED)
_18144_/X                                10     32    -22 (VIOLATED)
_18177_/X                                10     32    -22 (VIOLATED)
_09255_/X                                10     31    -21 (VIOLATED)
_09335_/Y                                10     31    -21 (VIOLATED)
_15275_/X                                10     31    -21 (VIOLATED)
_15458_/X                                10     31    -21 (VIOLATED)
_15640_/Y                                10     31    -21 (VIOLATED)
_15826_/X                                10     31    -21 (VIOLATED)
_16011_/X                                10     31    -21 (VIOLATED)
_16191_/X                                10     31    -21 (VIOLATED)
_16374_/X                                10     31    -21 (VIOLATED)
_16562_/X                                10     31    -21 (VIOLATED)
_16591_/X                                10     31    -21 (VIOLATED)
_16621_/X                                10     31    -21 (VIOLATED)
_16652_/X                                10     31    -21 (VIOLATED)
_16678_/X                                10     31    -21 (VIOLATED)
_16710_/X                                10     31    -21 (VIOLATED)
_16738_/X                                10     31    -21 (VIOLATED)
_16767_/X                                10     31    -21 (VIOLATED)
_16791_/X                                10     31    -21 (VIOLATED)
_16827_/X                                10     31    -21 (VIOLATED)
_16851_/X                                10     31    -21 (VIOLATED)
_16876_/X                                10     31    -21 (VIOLATED)
_16901_/X                                10     31    -21 (VIOLATED)
_16932_/X                                10     31    -21 (VIOLATED)
_16955_/X                                10     31    -21 (VIOLATED)
_16980_/X                                10     31    -21 (VIOLATED)
_17003_/X                                10     31    -21 (VIOLATED)
_17034_/X                                10     31    -21 (VIOLATED)
_17059_/X                                10     31    -21 (VIOLATED)
_17085_/X                                10     31    -21 (VIOLATED)
_17108_/X                                10     31    -21 (VIOLATED)
_17138_/X                                10     31    -21 (VIOLATED)
_17159_/X                                10     31    -21 (VIOLATED)
_17188_/X                                10     31    -21 (VIOLATED)
_17209_/X                                10     31    -21 (VIOLATED)
_09227_/Y                                10     29    -19 (VIOLATED)
_20453_/Q                                10     29    -19 (VIOLATED)
_09888_/X                                10     28    -18 (VIOLATED)
_09268_/X                                10     27    -17 (VIOLATED)
_10523_/X                                10     27    -17 (VIOLATED)
_09889_/Y                                10     26    -16 (VIOLATED)
_12994_/X                                10     26    -16 (VIOLATED)
_11368_/Y                                10     25    -15 (VIOLATED)
_14276_/Y                                10     25    -15 (VIOLATED)
_16557_/X                                10     25    -15 (VIOLATED)
_09372_/X                                10     23    -13 (VIOLATED)
_12643_/X                                10     23    -13 (VIOLATED)
_12766_/Y                                10     23    -13 (VIOLATED)
_12995_/Y                                10     23    -13 (VIOLATED)
_13324_/Y                                10     23    -13 (VIOLATED)
_13651_/Y                                10     23    -13 (VIOLATED)
_13986_/Y                                10     23    -13 (VIOLATED)
_14277_/Y                                10     23    -13 (VIOLATED)
_14604_/Y                                10     23    -13 (VIOLATED)
_15271_/X                                10     23    -13 (VIOLATED)
_09201_/Y                                10     22    -12 (VIOLATED)
_09202_/Y                                10     22    -12 (VIOLATED)
_09379_/X                                10     22    -12 (VIOLATED)
_09880_/Y                                10     22    -12 (VIOLATED)
_12641_/Y                                10     22    -12 (VIOLATED)
_13987_/X                                10     22    -12 (VIOLATED)
_20466_/Q                                10     22    -12 (VIOLATED)
_12417_/Y                                10     21    -11 (VIOLATED)
_12767_/X                                10     21    -11 (VIOLATED)
_13652_/X                                10     21    -11 (VIOLATED)
_09204_/Y                                10     20    -10 (VIOLATED)
_09242_/X                                10     20    -10 (VIOLATED)
_09842_/Y                                10     20    -10 (VIOLATED)
_09890_/Y                                10     20    -10 (VIOLATED)
_11369_/Y                                10     20    -10 (VIOLATED)
_12636_/X                                10     20    -10 (VIOLATED)
_12644_/X                                10     20    -10 (VIOLATED)
_14278_/X                                10     20    -10 (VIOLATED)
_14605_/X                                10     20    -10 (VIOLATED)
_20459_/Q                                10     20    -10 (VIOLATED)
_09256_/Y                                10     19     -9 (VIOLATED)
_09264_/Y                                10     19     -9 (VIOLATED)
_11398_/Y                                10     19     -9 (VIOLATED)
_11399_/Y                                10     19     -9 (VIOLATED)
_12996_/X                                10     19     -9 (VIOLATED)
_13325_/X                                10     19     -9 (VIOLATED)
_09304_/X                                10     18     -8 (VIOLATED)
_10053_/Y                                10     18     -8 (VIOLATED)
_11570_/X                                10     18     -8 (VIOLATED)
_12765_/Y                                10     18     -8 (VIOLATED)
_12805_/Y                                10     18     -8 (VIOLATED)
_12842_/X                                10     18     -8 (VIOLATED)
_12880_/X                                10     18     -8 (VIOLATED)
_12918_/X                                10     18     -8 (VIOLATED)
_12956_/X                                10     18     -8 (VIOLATED)
_13034_/Y                                10     18     -8 (VIOLATED)
_09275_/Y                                10     17     -7 (VIOLATED)
_09377_/X                                10     17     -7 (VIOLATED)
_09406_/Y                                10     17     -7 (VIOLATED)
_11391_/Y                                10     17     -7 (VIOLATED)
_11643_/X                                10     17     -7 (VIOLATED)
_11685_/Y                                10     17     -7 (VIOLATED)
_12673_/Y                                10     16     -6 (VIOLATED)
_12735_/Y                                10     16     -6 (VIOLATED)
_16793_/Y                                10     16     -6 (VIOLATED)
_16821_/X                                10     16     -6 (VIOLATED)
_20456_/Q                                10     16     -6 (VIOLATED)
_09376_/Y                                10     15     -5 (VIOLATED)
_11621_/Y                                10     15     -5 (VIOLATED)
_16795_/Y                                10     15     -5 (VIOLATED)
_20457_/Q                                10     15     -5 (VIOLATED)
_20458_/Q                                10     15     -5 (VIOLATED)
_20461_/Q                                10     15     -5 (VIOLATED)
_09378_/X                                10     14     -4 (VIOLATED)
_09407_/Y                                10     14     -4 (VIOLATED)
_09884_/X                                10     14     -4 (VIOLATED)
_11491_/Y                                10     14     -4 (VIOLATED)
_11565_/Y                                10     14     -4 (VIOLATED)
_11593_/X                                10     14     -4 (VIOLATED)
_11628_/Y                                10     14     -4 (VIOLATED)
_15267_/X                                10     14     -4 (VIOLATED)
_20480_/Q                                10     14     -4 (VIOLATED)
_09841_/X                                10     13     -3 (VIOLATED)
_10055_/Y                                10     13     -3 (VIOLATED)
_11390_/X                                10     13     -3 (VIOLATED)
_10407_/X                                10     12     -2 (VIOLATED)
_10434_/X                                10     12     -2 (VIOLATED)
_11464_/X                                10     12     -2 (VIOLATED)
_11530_/X                                10     12     -2 (VIOLATED)
_11677_/Y                                10     12     -2 (VIOLATED)
_15081_/Y                                10     12     -2 (VIOLATED)
_20452_/Q                                10     12     -2 (VIOLATED)
_20479_/Q                                10     12     -2 (VIOLATED)
_09226_/X                                10     11        (VIOLATED)
_09258_/Y                                10     11        (VIOLATED)
_09503_/X                                10     11        (VIOLATED)
_09520_/X                                10     11        (VIOLATED)
_09839_/X                                10     11        (VIOLATED)
_11596_/Y                                10     11        (VIOLATED)
_11632_/Y                                10     11        (VIOLATED)
_11656_/X                                10     11        (VIOLATED)
_15264_/Y                                10     11        (VIOLATED)
_20451_/Q                                10     11        (VIOLATED)

max capacitance

Pin                                        Limit         Cap       Slack
------------------------------------------------------------------------
ui_in[0]                                0.200000    1.310722   -1.110722 (VIOLATED)
_20462_/Q                               0.200000    1.281025   -1.081025 (VIOLATED)
_20467_/Q                               0.200000    0.984379   -0.784379 (VIOLATED)
_12642_/X                               0.200000    0.709068   -0.509068 (VIOLATED)
_12764_/X                               0.200000    0.664818   -0.464818 (VIOLATED)
_12804_/X                               0.200000    0.664207   -0.464207 (VIOLATED)
_12957_/X                               0.200000    0.657699   -0.457699 (VIOLATED)
ui_in[1]                                0.200000    0.657225   -0.457225 (VIOLATED)
_13033_/X                               0.200000    0.656645   -0.456645 (VIOLATED)
_12919_/Y                               0.200000    0.656117   -0.456117 (VIOLATED)
_12843_/Y                               0.200000    0.653549   -0.453549 (VIOLATED)
_12881_/X                               0.200000    0.651834   -0.451834 (VIOLATED)
_09265_/Y                               0.195017    0.498918   -0.303901 (VIOLATED)
_09269_/X                               0.200000    0.493971   -0.293971 (VIOLATED)
_09273_/X                               0.200000    0.488856   -0.288856 (VIOLATED)
_20463_/Q                               0.200000    0.383677   -0.183677 (VIOLATED)
_11801_/Y                               0.130930    0.242120   -0.111190 (VIOLATED)
_09271_/X                               0.200000    0.284799   -0.084799 (VIOLATED)
_11810_/X                               0.200000    0.241895   -0.041895 (VIOLATED)
_12616_/Y                               0.174876    0.210327   -0.035451 (VIOLATED)
_20468_/Q                               0.200000    0.233561   -0.033561 (VIOLATED)
_10522_/X                               0.200000    0.227406   -0.027406 (VIOLATED)
_10521_/Y                               0.200000    0.225663   -0.025663 (VIOLATED)
_09456_/X                               0.200000    0.218852   -0.018852 (VIOLATED)
_20469_/Q                               0.200000    0.218631   -0.018631 (VIOLATED)
_20464_/Q                               0.200000    0.208681   -0.008681 (VIOLATED)
_09384_/Y                               0.200000    0.204842   -0.004842 (VIOLATED)



===========================================================================
report_parasitic_annotation -report_unannotated
============================================================================
Found 12358 unannotated drivers.
 clk
 ena
 rst_n
 ui_in[0]
 ui_in[1]
 ui_in[2]
 ui_in[3]
 ui_in[4]
 ui_in[5]
 ui_in[6]
 ui_in[7]
 uio_in[0]
 uio_in[1]
 uio_in[2]
 uio_in[3]
 uio_in[4]
 uio_in[5]
 uio_in[6]
 uio_in[7]
 _09197_/Y
 _09198_/Y
 _09199_/Y
 _09200_/Y
 _09201_/Y
 _09202_/Y
 _09203_/Y
 _09204_/Y
 _09205_/Y
 _09206_/Y
 _09207_/Y
 _09208_/Y
 _09209_/Y
 _09210_/Y
 _09211_/Y
 _09212_/Y
 _09213_/Y
 _09214_/Y
 _09215_/Y
 _09216_/Y
 _09217_/Y
 _09218_/Y
 _09219_/Y
 _09220_/Y
 _09221_/Y
 _09222_/Y
 _09223_/Y
 _09224_/Y
 _09225_/X
 _09226_/X
 _09227_/Y
 _09228_/Y
 _09229_/X
 _09230_/Y
 _09231_/X
 _09232_/Y
 _09233_/Y
 _09234_/X
 _09235_/Y
 _09236_/X
 _09237_/Y
 _09238_/X
 _09239_/Y
 _09240_/X
 _09241_/X
 _09242_/X
 _09243_/Y
 _09244_/X
 _09245_/X
 _09246_/X
 _09247_/Y
 _09248_/Y
 _09249_/Y
 _09250_/X
 _09251_/Y
 _09252_/Y
 _09253_/X
 _09254_/Y
 _09255_/X
 _09256_/Y
 _09257_/X
 _09258_/Y
 _09259_/X
 _09260_/X
 _09261_/Y
 _09262_/X
 _09263_/X
 _09264_/Y
 _09265_/Y
 _09266_/X
 _09267_/X
 _09268_/X
 _09269_/X
 _09270_/Y
 _09271_/X
 _09272_/Y
 _09273_/X
 _09274_/Y
 _09275_/Y
 _09276_/X
 _09277_/X
 _09278_/X
 _09279_/X
 _09280_/X
 _09281_/X
 _09282_/X
 _09283_/X
 _09284_/X
 _09285_/X
 _09286_/X
 _09287_/X
 _09288_/X
 _09289_/X
 _09290_/X
 _09291_/X
 _09292_/X
 _09293_/X
 _09294_/X
 _09295_/X
 _09296_/X
 _09297_/X
 _09298_/X
 _09299_/X
 _09300_/X
 _09301_/X
 _09302_/X
 _09303_/X
 _09304_/X
 _09305_/Y
 _09306_/Y
 _09307_/X
 _09308_/X
 _09309_/X
 _09310_/X
 _09311_/X
 _09312_/X
 _09313_/X
 _09314_/X
 _09315_/X
 _09316_/X
 _09317_/X
 _09318_/X
 _09319_/X
 _09320_/Y
 _09321_/X
 _09322_/X
 _09323_/X
 _09324_/X
 _09325_/X
 _09326_/X
 _09327_/X
 _09328_/X
 _09329_/X
 _09330_/X
 _09331_/Y
 _09332_/X
 _09333_/Y
 _09334_/X
 _09335_/Y
 _09336_/X
 _09337_/X
 _09338_/X
 _09339_/X
 _09340_/X
 _09341_/X
 _09342_/X
 _09343_/X
 _09344_/X
 _09345_/X
 _09346_/X
 _09347_/X
 _09348_/X
 _09349_/X
 _09350_/X
 _09351_/X
 _09352_/X
 _09353_/X
 _09354_/X
 _09355_/X
 _09356_/X
 _09357_/X
 _09358_/X
 _09359_/X
 _09360_/X
 _09361_/X
 _09362_/X
 _09363_/X
 _09364_/X
 _09365_/X
 _09366_/X
 _09367_/Y
 _09368_/X
 _09369_/X
 _09370_/X
 _09371_/Y
 _09372_/X
 _09373_/X
 _09374_/Y
 _09375_/X
 _09376_/Y
 _09377_/X
 _09378_/X
 _09379_/X
 _09380_/X
 _09381_/Y
 _09382_/X
 _09383_/X
 _09384_/Y
 _09385_/X
 _09386_/X
 _09387_/Y
 _09388_/X
 _09389_/X
 _09390_/X
 _09391_/X
 _09392_/X
 _09393_/X
 _09394_/X
 _09395_/X
 _09396_/X
 _09397_/X
 _09398_/X
 _09399_/Y
 _09400_/X
 _09401_/X
 _09402_/X
 _09403_/X
 _09404_/X
 _09405_/X
 _09406_/Y
 _09407_/Y
 _09408_/X
 _09409_/X
 _09410_/X
 _09411_/X
 _09412_/X
 _09413_/X
 _09414_/X
 _09415_/Y
 _09416_/X
 _09417_/X
 _09418_/Y
 _09419_/X
 _09420_/X
 _09421_/Y
 _09422_/Y
 _09423_/X
 _09424_/X
 _09425_/X
 _09426_/X
 _09427_/X
 _09428_/X
 _09429_/X
 _09430_/X
 _09431_/X
 _09432_/X
 _09433_/X
 _09434_/X
 _09435_/X
 _09436_/X
 _09437_/X
 _09438_/X
 _09439_/X
 _09440_/X
 _09441_/X
 _09442_/X
 _09443_/X
 _09444_/X
 _09445_/X
 _09446_/X
 _09447_/X
 _09448_/X
 _09449_/X
 _09450_/X
 _09451_/X
 _09452_/X
 _09453_/Y
 _09454_/X
 _09455_/Y
 _09456_/X
 _09457_/X
 _09458_/X
 _09459_/X
 _09460_/X
 _09461_/X
 _09462_/X
 _09463_/Y
 _09464_/X
 _09465_/X
 _09466_/X
 _09467_/X
 _09468_/X
 _09469_/Y
 _09470_/X
 _09471_/X
 _09472_/X
 _09473_/X
 _09474_/X
 _09475_/X
 _09476_/X
 _09477_/X
 _09478_/X
 _09479_/X
 _09480_/X
 _09481_/X
 _09482_/Y
 _09483_/X
 _09484_/X
 _09485_/X
 _09486_/Y
 _09487_/X
 _09488_/X
 _09489_/X
 _09490_/X
 _09491_/Y
 _09492_/Y
 _09493_/X
 _09494_/Y
 _09495_/X
 _09496_/Y
 _09497_/Y
 _09498_/Y
 _09499_/X
 _09500_/X
 _09501_/X
 _09502_/X
 _09503_/X
 _09504_/Y
 _09505_/X
 _09506_/X
 _09507_/X
 _09508_/X
 _09509_/X
 _09510_/X
 _09511_/X
 _09512_/X
 _09513_/X
 _09514_/X
 _09515_/X
 _09516_/X
 _09517_/X
 _09518_/X
 _09519_/X
 _09520_/X
 _09521_/Y
 _09522_/X
 _09523_/X
 _09524_/X
 _09525_/X
 _09526_/X
 _09527_/X
 _09528_/X
 _09529_/X
 _09530_/X
 _09531_/Y
 _09532_/Y
 _09533_/Y
 _09534_/Y
 _09535_/X
 _09536_/X
 _09537_/X
 _09538_/X
 _09539_/X
 _09540_/X
 _09541_/X
 _09542_/X
 _09543_/X
 _09544_/X
 _09545_/X
 _09546_/X
 _09547_/X
 _09548_/X
 _09549_/X
 _09550_/X
 _09551_/X
 _09552_/X
 _09553_/X
 _09554_/X
 _09555_/X
 _09556_/X
 _09557_/Y
 _09558_/X
 _09559_/X
 _09560_/X
 _09561_/X
 _09562_/X
 _09563_/Y
 _09564_/X
 _09565_/Y
 _09566_/X
 _09567_/X
 _09568_/X
 _09569_/X
 _09570_/X
 _09571_/X
 _09572_/X
 _09573_/X
 _09574_/X
 _09575_/X
 _09576_/X
 _09577_/X
 _09578_/X
 _09579_/X
 _09580_/X
 _09581_/X
 _09582_/X
 _09583_/X
 _09584_/X
 _09585_/X
 _09586_/X
 _09587_/X
 _09588_/X
 _09589_/X
 _09590_/X
 _09591_/X
 _09592_/X
 _09593_/X
 _09594_/X
 _09595_/X
 _09596_/X
 _09597_/Y
 _09598_/X
 _09599_/Y
 _09600_/X
 _09601_/Y
 _09602_/Y
 _09603_/Y
 _09604_/X
 _09605_/X
 _09606_/X
 _09607_/X
 _09608_/X
 _09609_/X
 _09610_/X
 _09611_/X
 _09612_/X
 _09613_/X
 _09614_/Y
 _09615_/X
 _09616_/Y
 _09617_/X
 _09618_/X
 _09619_/X
 _09620_/X
 _09621_/X
 _09622_/X
 _09623_/X
 _09624_/Y
 _09625_/X
 _09626_/Y
 _09627_/X
 _09628_/Y
 _09629_/X
 _09630_/Y
 _09631_/X
 _09632_/X
 _09633_/X
 _09634_/Y
 _09635_/Y
 _09636_/X
 _09637_/Y
 _09638_/X
 _09639_/X
 _09640_/X
 _09641_/X
 _09642_/X
 _09643_/X
 _09644_/X
 _09645_/X
 _09646_/X
 _09647_/X
 _09648_/X
 _09649_/X
 _09650_/X
 _09651_/X
 _09652_/X
 _09653_/X
 _09654_/X
 _09655_/X
 _09656_/X
 _09657_/X
 _09658_/X
 _09659_/X
 _09660_/X
 _09661_/X
 _09662_/X
 _09663_/X
 _09664_/X
 _09665_/X
 _09666_/X
 _09667_/Y
 _09668_/X
 _09669_/X
 _09670_/X
 _09671_/X
 _09672_/X
 _09673_/X
 _09674_/X
 _09675_/X
 _09676_/X
 _09677_/X
 _09678_/X
 _09679_/X
 _09680_/X
 _09681_/X
 _09682_/X
 _09683_/X
 _09684_/X
 _09685_/X
 _09686_/X
 _09687_/X
 _09688_/X
 _09689_/X
 _09690_/X
 _09691_/X
 _09692_/X
 _09693_/Y
 _09694_/Y
 _09695_/Y
 _09696_/X
 _09697_/Y
 _09698_/Y
 _09699_/X
 _09700_/X
 _09701_/X
 _09702_/X
 _09703_/X
 _09704_/Y
 _09705_/X
 _09706_/X
 _09707_/X
 _09708_/X
 _09709_/X
 _09710_/Y
 _09711_/X
 _09712_/X
 _09713_/X
 _09714_/X
 _09715_/Y
 _09716_/X
 _09717_/X
 _09718_/X
 _09719_/X
 _09720_/Y
 _09721_/Y
 _09722_/X
 _09723_/Y
 _09724_/X
 _09725_/X
 _09726_/X
 _09727_/X
 _09728_/X
 _09729_/X
 _09730_/X
 _09731_/X
 _09732_/X
 _09733_/X
 _09734_/X
 _09735_/X
 _09736_/X
 _09737_/Y
 _09738_/X
 _09739_/X
 _09740_/X
 _09741_/X
 _09742_/Y
 _09743_/X
 _09744_/X
 _09745_/X
 _09746_/X
 _09747_/Y
 _09748_/X
 _09749_/X
 _09750_/Y
 _09751_/X
 _09752_/X
 _09753_/X
 _09754_/X
 _09755_/X
 _09756_/X
 _09757_/X
 _09758_/X
 _09759_/Y
 _09760_/X
 _09761_/X
 _09762_/X
 _09763_/Y
 _09764_/X
 _09765_/X
 _09766_/X
 _09767_/X
 _09768_/X
 _09769_/X
 _09770_/Y
 _09771_/X
 _09772_/X
 _09773_/X
 _09774_/X
 _09775_/X
 _09776_/X
 _09777_/Y
 _09778_/X
 _09779_/X
 _09780_/Y
 _09781_/X
 _09782_/X
 _09783_/X
 _09784_/X
 _09785_/X
 _09786_/X
 _09787_/X
 _09788_/Y
 _09789_/X
 _09790_/X
 _09791_/X
 _09792_/X
 _09793_/X
 _09794_/X
 _09795_/Y
 _09796_/X
 _09797_/X
 _09798_/X
 _09799_/X
 _09800_/X
 _09801_/X
 _09802_/Y
 _09803_/X
 _09804_/Y
 _09805_/X
 _09806_/X
 _09807_/X
 _09808_/X
 _09809_/X
 _09810_/Y
 _09811_/Y
 _09812_/Y
 _09813_/X
 _09814_/X
 _09815_/X
 _09816_/X
 _09817_/X
 _09818_/X
 _09819_/X
 _09820_/X
 _09821_/X
 _09822_/X
 _09823_/X
 _09824_/X
 _09825_/X
 _09826_/X
 _09827_/X
 _09828_/X
 _09829_/X
 _09830_/X
 _09831_/Y
 _09832_/X
 _09833_/X
 _09834_/X
 _09835_/X
 _09836_/X
 _09837_/X
 _09838_/X
 _09839_/X
 _09840_/Y
 _09841_/X
 _09842_/Y
 _09843_/Y
 _09844_/X
 _09845_/X
 _09846_/X
 _09847_/X
 _09848_/X
 _09849_/X
 _09850_/X
 _09851_/X
 _09852_/X
 _09853_/X
 _09854_/X
 _09855_/X
 _09856_/X
 _09857_/X
 _09858_/X
 _09859_/X
 _09860_/X
 _09861_/X
 _09862_/X
 _09863_/X
 _09864_/X
 _09865_/X
 _09866_/X
 _09867_/X
 _09868_/X
 _09869_/X
 _09870_/X
 _09871_/Y
 _09872_/X
 _09873_/Y
 _09874_/X
 _09875_/Y
 _09876_/Y
 _09877_/Y
 _09878_/X
 _09879_/X
 _09880_/Y
 _09881_/X
 _09882_/Y
 _09883_/Y
 _09884_/X
 _09885_/X
 _09886_/Y
 _09887_/X
 _09888_/X
 _09889_/Y
 _09890_/Y
 _09891_/Y
 _09892_/X
 _09893_/Y
 _09894_/X
 _09895_/X
 _09896_/X
 _09897_/X
 _09898_/X
 _09899_/X
 _09900_/X
 _09901_/X
 _09902_/X
 _09903_/X
 _09904_/X
 _09905_/X
 _09906_/X
 _09907_/X
 _09908_/X
 _09909_/X
 _09910_/X
 _09911_/X
 _09912_/X
 _09913_/X
 _09914_/X
 _09915_/X
 _09916_/X
 _09917_/X
 _09918_/X
 _09919_/X
 _09920_/X
 _09921_/X
 _09922_/X
 _09923_/Y
 _09924_/X
 _09925_/X
 _09926_/X
 _09927_/X
 _09928_/X
 _09929_/X
 _09930_/X
 _09931_/X
 _09932_/X
 _09933_/X
 _09934_/X
 _09935_/X
 _09936_/X
 _09937_/X
 _09938_/X
 _09939_/X
 _09940_/X
 _09941_/X
 _09942_/X
 _09943_/X
 _09944_/X
 _09945_/Y
 _09946_/Y
 _09947_/Y
 _09948_/Y
 _09949_/X
 _09950_/X
 _09951_/X
 _09952_/X
 _09953_/X
 _09954_/X
 _09955_/X
 _09956_/Y
 _09957_/X
 _09958_/X
 _09959_/X
 _09960_/X
 _09961_/X
 _09962_/X
 _09963_/X
 _09964_/X
 _09965_/X
 _09966_/X
 _09967_/X
 _09968_/X
 _09969_/X
 _09970_/X
 _09971_/X
 _09972_/X
 _09973_/X
 _09974_/X
 _09975_/X
 _09976_/X
 _09977_/X
 _09978_/Y
 _09979_/Y
 _09980_/Y
 _09981_/Y
 _09982_/Y
 _09983_/X
 _09984_/X
 _09985_/X
 _09986_/X
 _09987_/X
 _09988_/X
 _09989_/X
 _09990_/X
 _09991_/X
 _09992_/X
 _09993_/X
 _09994_/X
 _09995_/X
 _09996_/X
 _09997_/X
 _09998_/X
 _09999_/X
 _10000_/X
 _10001_/X
 _10002_/X
 _10003_/X
 _10004_/X
 _10005_/X
 _10006_/X
 _10007_/X
 _10008_/X
 _10009_/X
 _10010_/X
 _10011_/X
 _10012_/X
 _10013_/Y
 _10014_/Y
 _10015_/X
 _10016_/X
 _10017_/X
 _10018_/X
 _10019_/X
 _10020_/X
 _10021_/Y
 _10022_/X
 _10023_/X
 _10024_/X
 _10025_/X
 _10026_/X
 _10027_/X
 _10028_/Y
 _10029_/X
 _10030_/Y
 _10031_/X
 _10032_/Y
 _10033_/X
 _10034_/Y
 _10035_/X
 _10036_/X
 _10037_/X
 _10038_/X
 _10039_/X
 _10040_/X
 _10041_/X
 _10042_/Y
 _10043_/X
 _10044_/X
 _10045_/Y
 _10046_/X
 _10047_/X
 _10048_/X
 _10049_/Y
 _10050_/Y
 _10051_/X
 _10052_/Y
 _10053_/Y
 _10054_/X
 _10055_/Y
 _10056_/X
 _10057_/X
 _10058_/X
 _10059_/X
 _10060_/X
 _10061_/X
 _10062_/X
 _10063_/X
 _10064_/X
 _10065_/X
 _10066_/X
 _10067_/X
 _10068_/X
 _10069_/X
 _10070_/X
 _10071_/Y
 _10072_/X
 _10073_/X
 _10074_/X
 _10075_/X
 _10076_/X
 _10077_/Y
 _10078_/X
 _10079_/Y
 _10080_/X
 _10081_/X
 _10082_/X
 _10083_/X
 _10084_/X
 _10085_/X
 _10086_/X
 _10087_/X
 _10088_/X
 _10089_/X
 _10090_/X
 _10091_/X
 _10092_/X
 _10093_/X
 _10094_/X
 _10095_/X
 _10096_/X
 _10097_/Y
 _10098_/Y
 _10099_/X
 _10100_/X
 _10101_/X
 _10102_/X
 _10103_/X
 _10104_/X
 _10105_/X
 _10106_/X
 _10107_/X
 _10108_/X
 _10109_/X
 _10110_/X
 _10111_/X
 _10112_/X
 _10113_/X
 _10114_/X
 _10115_/X
 _10116_/X
 _10117_/X
 _10118_/X
 _10119_/X
 _10120_/X
 _10121_/X
 _10122_/X
 _10123_/X
 _10124_/X
 _10125_/X
 _10126_/X
 _10127_/X
 _10128_/X
 _10129_/X
 _10130_/X
 _10131_/X
 _10132_/X
 _10133_/X
 _10134_/Y
 _10135_/X
 _10136_/Y
 _10137_/X
 _10138_/X
 _10139_/X
 _10140_/X
 _10141_/X
 _10142_/X
 _10143_/X
 _10144_/X
 _10145_/X
 _10146_/X
 _10147_/X
 _10148_/X
 _10149_/X
 _10150_/X
 _10151_/X
 _10152_/X
 _10153_/X
 _10154_/X
 _10155_/X
 _10156_/X
 _10157_/X
 _10158_/X
 _10159_/X
 _10160_/X
 _10161_/X
 _10162_/X
 _10163_/X
 _10164_/X
 _10165_/X
 _10166_/X
 _10167_/X
 _10168_/Y
 _10169_/X
 _10170_/X
 _10171_/X
 _10172_/X
 _10173_/X
 _10174_/X
 _10175_/X
 _10176_/X
 _10177_/X
 _10178_/X
 _10179_/X
 _10180_/X
 _10181_/X
 _10182_/X
 _10183_/X
 _10184_/X
 _10185_/X
 _10186_/X
 _10187_/X
 _10188_/X
 _10189_/X
 _10190_/Y
 _10191_/X
 _10192_/X
 _10193_/X
 _10194_/X
 _10195_/Y
 _10196_/X
 _10197_/Y
 _10198_/X
 _10199_/Y
 _10200_/X
 _10201_/X
 _10202_/X
 _10203_/X
 _10204_/X
 _10205_/X
 _10206_/X
 _10207_/X
 _10208_/X
 _10209_/X
 _10210_/X
 _10211_/Y
 _10212_/X
 _10213_/X
 _10214_/X
 _10215_/X
 _10216_/X
 _10217_/X
 _10218_/Y
 _10219_/X
 _10220_/X
 _10221_/X
 _10222_/X
 _10223_/Y
 _10224_/X
 _10225_/X
 _10226_/Y
 _10227_/X
 _10228_/X
 _10229_/Y
 _10230_/X
 _10231_/X
 _10232_/X
 _10233_/X
 _10234_/X
 _10235_/X
 _10236_/X
 _10237_/X
 _10238_/X
 _10239_/X
 _10240_/X
 _10241_/X
 _10242_/X
 _10243_/X
 _10244_/X
 _10245_/X
 _10246_/X
 _10247_/X
 _10248_/X
 _10249_/X
 _10250_/X
 _10251_/X
 _10252_/X
 _10253_/Y
 _10254_/X
 _10255_/Y
 _10256_/X
 _10257_/X
 _10258_/X
 _10259_/X
 _10260_/X
 _10261_/X
 _10262_/X
 _10263_/X
 _10264_/X
 _10265_/X
 _10266_/X
 _10267_/X
 _10268_/X
 _10269_/X
 _10270_/Y
 _10271_/X
 _10272_/X
 _10273_/X
 _10274_/X
 _10275_/X
 _10276_/Y
 _10277_/X
 _10278_/X
 _10279_/X
 _10280_/X
 _10281_/X
 _10282_/X
 _10283_/X
 _10284_/X
 _10285_/Y
 _10286_/X
 _10287_/Y
 _10288_/X
 _10289_/X
 _10290_/X
 _10291_/X
 _10292_/X
 _10293_/X
 _10294_/X
 _10295_/X
 _10296_/X
 _10297_/X
 _10298_/X
 _10299_/X
 _10300_/X
 _10301_/X
 _10302_/X
 _10303_/X
 _10304_/X
 _10305_/X
 _10306_/Y
 _10307_/Y
 _10308_/X
 _10309_/X
 _10310_/X
 _10311_/X
 _10312_/X
 _10313_/X
 _10314_/X
 _10315_/X
 _10316_/X
 _10317_/Y
 _10318_/X
 _10319_/X
 _10320_/X
 _10321_/X
 _10322_/X
 _10323_/Y
 _10324_/X
 _10325_/X
 _10326_/X
 _10327_/X
 _10328_/Y
 _10329_/X
 _10330_/X
 _10331_/X
 _10332_/X
 _10333_/Y
 _10334_/X
 _10335_/Y
 _10336_/X
 _10337_/X
 _10338_/Y
 _10339_/X
 _10340_/Y
 _10341_/Y
 _10342_/X
 _10343_/X
 _10344_/Y
 _10345_/X
 _10346_/X
 _10347_/X
 _10348_/X
 _10349_/X
 _10350_/X
 _10351_/X
 _10352_/X
 _10353_/X
 _10354_/X
 _10355_/Y
 _10356_/X
 _10357_/Y
 _10358_/X
 _10359_/Y
 _10360_/X
 _10361_/X
 _10362_/X
 _10363_/X
 _10364_/X
 _10365_/X
 _10366_/X
 _10367_/Y
 _10368_/X
 _10369_/X
 _10370_/X
 _10371_/X
 _10372_/X
 _10373_/X
 _10374_/X
 _10375_/X
 _10376_/X
 _10377_/Y
 _10378_/Y
 _10379_/X
 _10380_/Y
 _10381_/X
 _10382_/X
 _10383_/X
 _10384_/X
 _10385_/X
 _10386_/X
 _10387_/Y
 _10388_/X
 _10389_/X
 _10390_/X
 _10391_/X
 _10392_/X
 _10393_/X
 _10394_/X
 _10395_/X
 _10396_/X
 _10397_/X
 _10398_/X
 _10399_/X
 _10400_/X
 _10401_/X
 _10402_/X
 _10403_/X
 _10404_/X
 _10405_/Y
 _10406_/Y
 _10407_/X
 _10408_/Y
 _10409_/X
 _10410_/X
 _10411_/X
 _10412_/X
 _10413_/X
 _10414_/X
 _10415_/X
 _10416_/X
 _10417_/X
 _10418_/X
 _10419_/X
 _10420_/X
 _10421_/X
 _10422_/X
 _10423_/X
 _10424_/X
 _10425_/X
 _10426_/X
 _10427_/X
 _10428_/X
 _10429_/X
 _10430_/X
 _10431_/X
 _10432_/X
 _10433_/X
 _10434_/X
 _10435_/X
 _10436_/Y
 _10437_/X
 _10438_/X
 _10439_/X
 _10440_/X
 _10441_/X
 _10442_/X
 _10443_/X
 _10444_/X
 _10445_/X
 _10446_/X
 _10447_/X
 _10448_/X
 _10449_/X
 _10450_/X
 _10451_/X
 _10452_/X
 _10453_/X
 _10454_/X
 _10455_/X
 _10456_/X
 _10457_/X
 _10458_/X
 _10459_/X
 _10460_/X
 _10461_/X
 _10462_/X
 _10463_/Y
 _10464_/X
 _10465_/Y
 _10466_/Y
 _10467_/X
 _10468_/X
 _10469_/X
 _10470_/X
 _10471_/X
 _10472_/X
 _10473_/X
 _10474_/X
 _10475_/X
 _10476_/X
 _10477_/X
 _10478_/X
 _10479_/X
 _10480_/X
 _10481_/X
 _10482_/X
 _10483_/X
 _10484_/X
 _10485_/X
 _10486_/X
 _10487_/X
 _10488_/X
 _10489_/X
 _10490_/X
 _10491_/X
 _10492_/Y
 _10493_/X
 _10494_/X
 _10495_/X
 _10496_/X
 _10497_/X
 _10498_/X
 _10499_/X
 _10500_/Y
 _10501_/Y
 _10502_/Y
 _10503_/Y
 _10504_/X
 _10505_/Y
 _10506_/Y
 _10507_/X
 _10508_/Y
 _10509_/X
 _10510_/X
 _10511_/X
 _10512_/X
 _10513_/X
 _10514_/Y
 _10515_/X
 _10516_/Y
 _10517_/X
 _10518_/X
 _10519_/X
 _10520_/Y
 _10521_/Y
 _10522_/X
 _10523_/X
 _10524_/Y
 _10525_/X
 _10526_/X
 _10527_/X
 _10528_/X
 _10529_/Y
 _10530_/X
 _10531_/X
 _10532_/X
 _10533_/X
 _10534_/X
 _10535_/Y
 _10536_/X
 _10537_/X
 _10538_/X
 _10539_/X
 _10540_/X
 _10541_/X
 _10542_/X
 _10543_/X
 _10544_/X
 _10545_/X
 _10546_/X
 _10547_/X
 _10548_/X
 _10549_/X
 _10550_/X
 _10551_/X
 _10552_/X
 _10553_/X
 _10554_/X
 _10555_/X
 _10556_/Y
 _10557_/Y
 _10558_/Y
 _10559_/X
 _10560_/X
 _10561_/X
 _10562_/X
 _10563_/X
 _10564_/Y
 _10565_/X
 _10566_/X
 _10567_/X
 _10568_/X
 _10569_/X
 _10570_/Y
 _10571_/X
 _10572_/X
 _10573_/X
 _10574_/X
 _10575_/X
 _10576_/X
 _10577_/X
 _10578_/X
 _10579_/X
 _10580_/X
 _10581_/X
 _10582_/X
 _10583_/Y
 _10584_/X
 _10585_/X
 _10586_/Y
 _10587_/X
 _10588_/X
 _10589_/X
 _10590_/X
 _10591_/X
 _10592_/Y
 _10593_/X
 _10594_/Y
 _10595_/X
 _10596_/Y
 _10597_/X
 _10598_/X
 _10599_/X
 _10600_/X
 _10601_/X
 _10602_/X
 _10603_/Y
 _10604_/X
 _10605_/Y
 _10606_/X
 _10607_/X
 _10608_/Y
 _10609_/X
 _10610_/Y
 _10611_/X
 _10612_/Y
 _10613_/X
 _10614_/X
 _10615_/X
 _10616_/X
 _10617_/X
 _10618_/Y
 _10619_/X
 _10620_/Y
 _10621_/X
 _10622_/Y
 _10623_/X
 _10624_/Y
 _10625_/X
 _10626_/X
 _10627_/X
 _10628_/X
 _10629_/X
 _10630_/X
 _10631_/X
 _10632_/X
 _10633_/X
 _10634_/X
 _10635_/X
 _10636_/X
 _10637_/X
 _10638_/X
 _10639_/X
 _10640_/X
 _10641_/X
 _10642_/X
 _10643_/X
 _10644_/X
 _10645_/X
 _10646_/X
 _10647_/X
 _10648_/X
 _10649_/X
 _10650_/X
 _10651_/X
 _10652_/X
 _10653_/X
 _10654_/Y
 _10655_/Y
 _10656_/Y
 _10657_/X
 _10658_/X
 _10659_/X
 _10660_/X
 _10661_/X
 _10662_/X
 _10663_/X
 _10664_/X
 _10665_/X
 _10666_/X
 _10667_/X
 _10668_/X
 _10669_/X
 _10670_/X
 _10671_/X
 _10672_/X
 _10673_/X
 _10674_/X
 _10675_/X
 _10676_/X
 _10677_/X
 _10678_/X
 _10679_/X
 _10680_/X
 _10681_/X
 _10682_/X
 _10683_/Y
 _10684_/Y
 _10685_/X
 _10686_/X
 _10687_/X
 _10688_/X
 _10689_/X
 _10690_/X
 _10691_/X
 _10692_/X
 _10693_/X
 _10694_/X
 _10695_/X
 _10696_/X
 _10697_/X
 _10698_/X
 _10699_/X
 _10700_/X
 _10701_/X
 _10702_/X
 _10703_/X
 _10704_/X
 _10705_/X
 _10706_/X
 _10707_/X
 _10708_/X
 _10709_/X
 _10710_/X
 _10711_/X
 _10712_/X
 _10713_/X
 _10714_/X
 _10715_/X
 _10716_/X
 _10717_/X
 _10718_/X
 _10719_/X
 _10720_/X
 _10721_/X
 _10722_/X
 _10723_/X
 _10724_/X
 _10725_/X
 _10726_/X
 _10727_/X
 _10728_/X
 _10729_/X
 _10730_/X
 _10731_/X
 _10732_/X
 _10733_/X
 _10734_/X
 _10735_/X
 _10736_/X
 _10737_/X
 _10738_/X
 _10739_/X
 _10740_/X
 _10741_/X
 _10742_/Y
 _10743_/Y
 _10744_/Y
 _10745_/Y
 _10746_/X
 _10747_/X
 _10748_/X
 _10749_/X
 _10750_/X
 _10751_/X
 _10752_/X
 _10753_/X
 _10754_/X
 _10755_/X
 _10756_/X
 _10757_/X
 _10758_/X
 _10759_/X
 _10760_/X
 _10761_/X
 _10762_/X
 _10763_/X
 _10764_/X
 _10765_/X
 _10766_/X
 _10767_/X
 _10768_/X
 _10769_/X
 _10770_/X
 _10771_/X
 _10772_/Y
 _10773_/Y
 _10774_/X
 _10775_/X
 _10776_/X
 _10777_/Y
 _10778_/X
 _10779_/X
 _10780_/X
 _10781_/X
 _10782_/X
 _10783_/X
 _10784_/X
 _10785_/X
 _10786_/X
 _10787_/X
 _10788_/X
 _10789_/X
 _10790_/X
 _10791_/X
 _10792_/X
 _10793_/X
 _10794_/X
 _10795_/X
 _10796_/X
 _10797_/X
 _10798_/X
 _10799_/X
 _10800_/X
 _10801_/X
 _10802_/X
 _10803_/X
 _10804_/X
 _10805_/X
 _10806_/X
 _10807_/X
 _10808_/Y
 _10809_/X
 _10810_/X
 _10811_/X
 _10812_/X
 _10813_/X
 _10814_/X
 _10815_/X
 _10816_/X
 _10817_/X
 _10818_/X
 _10819_/X
 _10820_/X
 _10821_/X
 _10822_/X
 _10823_/X
 _10824_/X
 _10825_/X
 _10826_/X
 _10827_/X
 _10828_/X
 _10829_/X
 _10830_/X
 _10831_/X
 _10832_/X
 _10833_/X
 _10834_/X
 _10835_/X
 _10836_/X
 _10837_/X
 _10838_/X
 _10839_/Y
 _10840_/X
 _10841_/Y
 _10842_/X
 _10843_/X
 _10844_/X
 _10845_/X
 _10846_/X
 _10847_/X
 _10848_/X
 _10849_/X
 _10850_/X
 _10851_/X
 _10852_/X
 _10853_/X
 _10854_/X
 _10855_/X
 _10856_/X
 _10857_/X
 _10858_/X
 _10859_/X
 _10860_/X
 _10861_/X
 _10862_/X
 _10863_/X
 _10864_/X
 _10865_/X
 _10866_/X
 _10867_/X
 _10868_/X
 _10869_/X
 _10870_/X
 _10871_/X
 _10872_/X
 _10873_/X
 _10874_/X
 _10875_/X
 _10876_/X
 _10877_/X
 _10878_/X
 _10879_/X
 _10880_/X
 _10881_/X
 _10882_/X
 _10883_/X
 _10884_/X
 _10885_/X
 _10886_/X
 _10887_/X
 _10888_/X
 _10889_/X
 _10890_/X
 _10891_/X
 _10892_/X
 _10893_/X
 _10894_/X
 _10895_/X
 _10896_/X
 _10897_/X
 _10898_/X
 _10899_/X
 _10900_/X
 _10901_/X
 _10902_/X
 _10903_/X
 _10904_/X
 _10905_/X
 _10906_/X
 _10907_/X
 _10908_/X
 _10909_/X
 _10910_/X
 _10911_/X
 _10912_/X
 _10913_/X
 _10914_/X
 _10915_/X
 _10916_/X
 _10917_/X
 _10918_/X
 _10919_/X
 _10920_/X
 _10921_/X
 _10922_/X
 _10923_/X
 _10924_/X
 _10925_/X
 _10926_/Y
 _10927_/Y
 _10928_/X
 _10929_/X
 _10930_/X
 _10931_/X
 _10932_/X
 _10933_/X
 _10934_/X
 _10935_/X
 _10936_/X
 _10937_/X
 _10938_/X
 _10939_/X
 _10940_/X
 _10941_/X
 _10942_/X
 _10943_/X
 _10944_/X
 _10945_/X
 _10946_/X
 _10947_/X
 _10948_/X
 _10949_/X
 _10950_/X
 _10951_/X
 _10952_/X
 _10953_/X
 _10954_/Y
 _10955_/Y
 _10956_/X
 _10957_/X
 _10958_/Y
 _10959_/X
 _10960_/X
 _10961_/X
 _10962_/X
 _10963_/X
 _10964_/X
 _10965_/X
 _10966_/X
 _10967_/X
 _10968_/X
 _10969_/X
 _10970_/X
 _10971_/X
 _10972_/X
 _10973_/X
 _10974_/X
 _10975_/X
 _10976_/X
 _10977_/X
 _10978_/X
 _10979_/X
 _10980_/X
 _10981_/X
 _10982_/X
 _10983_/X
 _10984_/X
 _10985_/X
 _10986_/Y
 _10987_/Y
 _10988_/X
 _10989_/X
 _10990_/Y
 _10991_/X
 _10992_/X
 _10993_/X
 _10994_/X
 _10995_/X
 _10996_/X
 _10997_/X
 _10998_/X
 _10999_/X
 _11000_/X
 _11001_/X
 _11002_/X
 _11003_/X
 _11004_/X
 _11005_/X
 _11006_/X
 _11007_/X
 _11008_/X
 _11009_/X
 _11010_/X
 _11011_/X
 _11012_/X
 _11013_/X
 _11014_/X
 _11015_/X
 _11016_/X
 _11017_/Y
 _11018_/Y
 _11019_/X
 _11020_/X
 _11021_/X
 _11022_/Y
 _11023_/X
 _11024_/X
 _11025_/X
 _11026_/X
 _11027_/X
 _11028_/X
 _11029_/X
 _11030_/X
 _11031_/X
 _11032_/X
 _11033_/X
 _11034_/X
 _11035_/X
 _11036_/X
 _11037_/X
 _11038_/X
 _11039_/X
 _11040_/X
 _11041_/X
 _11042_/X
 _11043_/X
 _11044_/X
 _11045_/X
 _11046_/X
 _11047_/X
 _11048_/X
 _11049_/X
 _11050_/X
 _11051_/X
 _11052_/X
 _11053_/Y
 _11054_/X
 _11055_/X
 _11056_/X
 _11057_/X
 _11058_/X
 _11059_/X
 _11060_/X
 _11061_/X
 _11062_/X
 _11063_/X
 _11064_/X
 _11065_/X
 _11066_/X
 _11067_/X
 _11068_/X
 _11069_/X
 _11070_/X
 _11071_/X
 _11072_/X
 _11073_/X
 _11074_/X
 _11075_/X
 _11076_/X
 _11077_/X
 _11078_/X
 _11079_/X
 _11080_/Y
 _11081_/Y
 _11082_/X
 _11083_/X
 _11084_/X
 _11085_/X
 _11086_/X
 _11087_/X
 _11088_/Y
 _11089_/X
 _11090_/X
 _11091_/Y
 _11092_/Y
 _11093_/X
 _11094_/Y
 _11095_/X
 _11096_/X
 _11097_/X
 _11098_/X
 _11099_/X
 _11100_/X
 _11101_/X
 _11102_/X
 _11103_/X
 _11104_/X
 _11105_/X
 _11106_/X
 _11107_/X
 _11108_/X
 _11109_/X
 _11110_/X
 _11111_/X
 _11112_/X
 _11113_/X
 _11114_/X
 _11115_/X
 _11116_/X
 _11117_/X
 _11118_/X
 _11119_/X
 _11120_/X
 _11121_/X
 _11122_/X
 _11123_/Y
 _11124_/Y
 _11125_/X
 _11126_/X
 _11127_/X
 _11128_/X
 _11129_/X
 _11130_/X
 _11131_/X
 _11132_/X
 _11133_/X
 _11134_/X
 _11135_/X
 _11136_/X
 _11137_/X
 _11138_/X
 _11139_/X
 _11140_/X
 _11141_/X
 _11142_/X
 _11143_/X
 _11144_/X
 _11145_/X
 _11146_/X
 _11147_/X
 _11148_/X
 _11149_/X
 _11150_/X
 _11151_/X
 _11152_/X
 _11153_/Y
 _11154_/X
 _11155_/X
 _11156_/X
 _11157_/X
 _11158_/X
 _11159_/X
 _11160_/X
 _11161_/X
 _11162_/X
 _11163_/X
 _11164_/X
 _11165_/X
 _11166_/X
 _11167_/X
 _11168_/X
 _11169_/X
 _11170_/X
 _11171_/X
 _11172_/X
 _11173_/X
 _11174_/X
 _11175_/X
 _11176_/X
 _11177_/X
 _11178_/X
 _11179_/X
 _11180_/X
 _11181_/Y
 _11182_/Y
 _11183_/Y
 _11184_/X
 _11185_/X
 _11186_/X
 _11187_/X
 _11188_/X
 _11189_/X
 _11190_/X
 _11191_/X
 _11192_/X
 _11193_/X
 _11194_/X
 _11195_/X
 _11196_/X
 _11197_/X
 _11198_/X
 _11199_/X
 _11200_/X
 _11201_/X
 _11202_/X
 _11203_/X
 _11204_/X
 _11205_/X
 _11206_/X
 _11207_/X
 _11208_/X
 _11209_/X
 _11210_/X
 _11211_/Y
 _11212_/Y
 _11213_/Y
 _11214_/X
 _11215_/X
 _11216_/X
 _11217_/X
 _11218_/X
 _11219_/X
 _11220_/X
 _11221_/X
 _11222_/X
 _11223_/X
 _11224_/X
 _11225_/X
 _11226_/X
 _11227_/X
 _11228_/X
 _11229_/X
 _11230_/X
 _11231_/X
 _11232_/X
 _11233_/X
 _11234_/X
 _11235_/X
 _11236_/X
 _11237_/X
 _11238_/X
 _11239_/X
 _11240_/X
 _11241_/X
 _11242_/X
 _11243_/Y
 _11244_/X
 _11245_/X
 _11246_/X
 _11247_/Y
 _11248_/X
 _11249_/X
 _11250_/X
 _11251_/X
 _11252_/X
 _11253_/X
 _11254_/X
 _11255_/X
 _11256_/X
 _11257_/X
 _11258_/X
 _11259_/X
 _11260_/X
 _11261_/X
 _11262_/X
 _11263_/X
 _11264_/X
 _11265_/X
 _11266_/X
 _11267_/X
 _11268_/X
 _11269_/X
 _11270_/X
 _11271_/X
 _11272_/X
 _11273_/X
 _11274_/X
 _11275_/X
 _11276_/X
 _11277_/X
 _11278_/X
 _11279_/X
 _11280_/X
 _11281_/X
 _11282_/X
 _11283_/X
 _11284_/X
 _11285_/X
 _11286_/X
 _11287_/X
 _11288_/X
 _11289_/X
 _11290_/X
 _11291_/X
 _11292_/X
 _11293_/X
 _11294_/X
 _11295_/X
 _11296_/X
 _11297_/X
 _11298_/X
 _11299_/X
 _11300_/X
 _11301_/X
 _11302_/X
 _11303_/Y
 _11304_/X
 _11305_/X
 _11306_/X
 _11307_/X
 _11308_/X
 _11309_/X
 _11310_/X
 _11311_/X
 _11312_/X
 _11313_/X
 _11314_/X
 _11315_/X
 _11316_/X
 _11317_/X
 _11318_/X
 _11319_/X
 _11320_/X
 _11321_/X
 _11322_/X
 _11323_/X
 _11324_/X
 _11325_/X
 _11326_/X
 _11327_/X
 _11328_/X
 _11329_/X
 _11330_/X
 _11331_/X
 _11332_/X
 _11333_/X
 _11334_/X
 _11335_/Y
 _11336_/Y
 _11337_/X
 _11338_/X
 _11339_/X
 _11340_/X
 _11341_/X
 _11342_/X
 _11343_/Y
 _11344_/X
 _11345_/X
 _11346_/Y
 _11347_/X
 _11348_/Y
 _11349_/Y
 _11350_/X
 _11351_/X
 _11352_/X
 _11353_/X
 _11354_/Y
 _11355_/X
 _11356_/X
 _11357_/X
 _11358_/Y
 _11359_/Y
 _11360_/X
 _11361_/X
 _11362_/Y
 _11363_/Y
 _11364_/X
 _11365_/Y
 _11366_/X
 _11367_/X
 _11368_/Y
 _11369_/Y
 _11370_/X
 _11371_/X
 _11372_/X
 _11373_/Y
 _11374_/Y
 _11375_/Y
 _11376_/X
 _11377_/Y
 _11378_/X
 _11379_/X
 _11380_/X
 _11381_/X
 _11382_/X
 _11383_/Y
 _11384_/Y
 _11385_/X
 _11386_/Y
 _11387_/X
 _11388_/Y
 _11389_/Y
 _11390_/X
 _11391_/Y
 _11392_/X
 _11393_/X
 _11394_/Y
 _11395_/X
 _11396_/Y
 _11397_/X
 _11398_/Y
 _11399_/Y
 _11400_/Y
 _11401_/X
 _11402_/Y
 _11403_/X
 _11404_/Y
 _11405_/Y
 _11406_/Y
 _11407_/Y
 _11408_/Y
 _11409_/X
 _11410_/X
 _11411_/Y
 _11412_/X
 _11413_/Y
 _11414_/Y
 _11415_/X
 _11416_/Y
 _11417_/X
 _11418_/Y
 _11419_/X
 _11420_/X
 _11421_/X
 _11422_/X
 _11423_/X
 _11424_/X
 _11425_/X
 _11426_/Y
 _11427_/Y
 _11428_/X
 _11429_/Y
 _11430_/X
 _11431_/Y
 _11432_/Y
 _11433_/Y
 _11434_/X
 _11435_/X
 _11436_/Y
 _11437_/X
 _11438_/X
 _11439_/X
 _11440_/X
 _11441_/X
 _11442_/X
 _11443_/Y
 _11444_/Y
 _11445_/X
 _11446_/X
 _11447_/Y
 _11448_/X
 _11449_/X
 _11450_/X
 _11451_/Y
 _11452_/X
 _11453_/X
 _11454_/X
 _11455_/Y
 _11456_/X
 _11457_/Y
 _11458_/X
 _11459_/X
 _11460_/X
 _11461_/X
 _11462_/Y
 _11463_/X
 _11464_/X
 _11465_/Y
 _11466_/X
 _11467_/Y
 _11468_/Y
 _11469_/Y
 _11470_/Y
 _11471_/X
 _11472_/X
 _11473_/Y
 _11474_/X
 _11475_/X
 _11476_/X
 _11477_/X
 _11478_/X
 _11479_/X
 _11480_/X
 _11481_/Y
 _11482_/X
 _11483_/Y
 _11484_/Y
 _11485_/Y
 _11486_/Y
 _11487_/Y
 _11488_/X
 _11489_/X
 _11490_/X
 _11491_/Y
 _11492_/Y
 _11493_/X
 _11494_/X
 _11495_/Y
 _11496_/X
 _11497_/Y
 _11498_/Y
 _11499_/X
 _11500_/X
 _11501_/X
 _11502_/X
 _11503_/X
 _11504_/Y
 _11505_/X
 _11506_/X
 _11507_/X
 _11508_/Y
 _11509_/Y
 _11510_/Y
 _11511_/X
 _11512_/Y
 _11513_/X
 _11514_/X
 _11515_/X
 _11516_/X
 _11517_/X
 _11518_/X
 _11519_/X
 _11520_/X
 _11521_/X
 _11522_/X
 _11523_/Y
 _11524_/Y
 _11525_/X
 _11526_/Y
 _11527_/Y
 _11528_/X
 _11529_/X
 _11530_/X
 _11531_/Y
 _11532_/Y
 _11533_/Y
 _11534_/Y
 _11535_/Y
 _11536_/X
 _11537_/Y
 _11538_/X
 _11539_/X
 _11540_/X
 _11541_/X
 _11542_/X
 _11543_/Y
 _11544_/X
 _11545_/X
 _11546_/Y
 _11547_/X
 _11548_/X
 _11549_/X
 _11550_/X
 _11551_/X
 _11552_/Y
 _11553_/X
 _11554_/Y
 _11555_/Y
 _11556_/X
 _11557_/X
 _11558_/Y
 _11559_/X
 _11560_/X
 _11561_/X
 _11562_/X
 _11563_/X
 _11564_/Y
 _11565_/Y
 _11566_/Y
 _11567_/X
 _11568_/Y
 _11569_/X
 _11570_/X
 _11571_/Y
 _11572_/Y
 _11573_/Y
 _11574_/Y
 _11575_/Y
 _11576_/X
 _11577_/Y
 _11578_/X
 _11579_/Y
 _11580_/X
 _11581_/Y
 _11582_/X
 _11583_/X
 _11584_/X
 _11585_/X
 _11586_/X
 _11587_/X
 _11588_/X
 _11589_/Y
 _11590_/X
 _11591_/Y
 _11592_/X
 _11593_/X
 _11594_/Y
 _11595_/X
 _11596_/Y
 _11597_/Y
 _11598_/Y
 _11599_/X
 _11600_/X
 _11601_/X
 _11602_/X
 _11603_/X
 _11604_/Y
 _11605_/X
 _11606_/Y
 _11607_/Y
 _11608_/X
 _11609_/X
 _11610_/X
 _11611_/X
 _11612_/Y
 _11613_/Y
 _11614_/X
 _11615_/X
 _11616_/Y
 _11617_/X
 _11618_/Y
 _11619_/Y
 _11620_/X
 _11621_/Y
 _11622_/Y
 _11623_/X
 _11624_/X
 _11625_/X
 _11626_/Y
 _11627_/Y
 _11628_/Y
 _11629_/Y
 _11630_/X
 _11631_/Y
 _11632_/Y
 _11633_/X
 _11634_/Y
 _11635_/X
 _11636_/Y
 _11637_/Y
 _11638_/Y
 _11639_/Y
 _11640_/X
 _11641_/Y
 _11642_/Y
 _11643_/X
 _11644_/X
 _11645_/X
 _11646_/Y
 _11647_/X
 _11648_/Y
 _11649_/Y
 _11650_/Y
 _11651_/Y
 _11652_/Y
 _11653_/Y
 _11654_/X
 _11655_/Y
 _11656_/X
 _11657_/Y
 _11658_/Y
 _11659_/Y
 _11660_/X
 _11661_/X
 _11662_/X
 _11663_/X
 _11664_/Y
 _11665_/Y
 _11666_/X
 _11667_/X
 _11668_/Y
 _11669_/X
 _11670_/X
 _11671_/Y
 _11672_/X
 _11673_/Y
 _11674_/Y
 _11675_/Y
 _11676_/X
 _11677_/Y
 _11678_/Y
 _11679_/Y
 _11680_/X
 _11681_/Y
 _11682_/X
 _11683_/X
 _11684_/X
 _11685_/Y
 _11686_/Y
 _11687_/X
 _11688_/X
 _11689_/X
 _11690_/Y
 _11691_/X
 _11692_/Y
 _11693_/Y
 _11694_/X
 _11695_/X
 _11696_/Y
 _11697_/Y
 _11698_/X
 _11699_/X
 _11700_/Y
 _11701_/X
 _11702_/Y
 _11703_/Y
 _11704_/X
 _11705_/Y
 _11706_/Y
 _11707_/X
 _11708_/X
 _11709_/Y
 _11710_/X
 _11711_/X
 _11712_/X
 _11713_/X
 _11714_/X
 _11715_/Y
 _11716_/Y
 _11717_/X
 _11718_/Y
 _11719_/Y
 _11720_/X
 _11721_/X
 _11722_/Y
 _11723_/X
 _11724_/X
 _11725_/Y
 _11726_/X
 _11727_/X
 _11728_/X
 _11729_/X
 _11730_/Y
 _11731_/X
 _11732_/X
 _11733_/Y
 _11734_/Y
 _11735_/Y
 _11736_/X
 _11737_/X
 _11738_/Y
 _11739_/X
 _11740_/X
 _11741_/Y
 _11742_/X
 _11743_/X
 _11744_/Y
 _11745_/X
 _11746_/X
 _11747_/X
 _11748_/X
 _11749_/Y
 _11750_/X
 _11751_/X
 _11752_/X
 _11753_/X
 _11754_/X
 _11755_/Y
 _11756_/X
 _11757_/X
 _11758_/X
 _11759_/Y
 _11760_/X
 _11761_/X
 _11762_/X
 _11763_/Y
 _11764_/X
 _11765_/X
 _11766_/X
 _11767_/X
 _11768_/X
 _11769_/X
 _11770_/X
 _11771_/X
 _11772_/Y
 _11773_/X
 _11774_/Y
 _11775_/Y
 _11776_/X
 _11777_/X
 _11778_/X
 _11779_/X
 _11780_/X
 _11781_/X
 _11782_/X
 _11783_/X
 _11784_/Y
 _11785_/X
 _11786_/X
 _11787_/Y
 _11788_/X
 _11789_/Y
 _11790_/X
 _11791_/X
 _11792_/Y
 _11793_/X
 _11794_/X
 _11795_/X
 _11796_/X
 _11797_/Y
 _11798_/X
 _11799_/X
 _11800_/X
 _11801_/Y
 _11802_/X
 _11803_/X
 _11804_/X
 _11805_/X
 _11806_/X
 _11807_/Y
 _11808_/X
 _11809_/X
 _11810_/X
 _11811_/X
 _11812_/X
 _11813_/X
 _11814_/Y
 _11815_/X
 _11816_/X
 _11817_/X
 _11818_/X
 _11819_/X
 _11820_/X
 _11821_/X
 _11822_/X
 _11823_/X
 _11824_/X
 _11825_/X
 _11826_/X
 _11827_/X
 _11828_/X
 _11829_/X
 _11830_/X
 _11831_/X
 _11832_/X
 _11833_/X
 _11834_/X
 _11835_/X
 _11836_/X
 _11837_/X
 _11838_/X
 _11839_/X
 _11840_/X
 _11841_/X
 _11842_/X
 _11843_/X
 _11844_/X
 _11845_/X
 _11846_/X
 _11847_/X
 _11848_/X
 _11849_/X
 _11850_/X
 _11851_/X
 _11852_/X
 _11853_/Y
 _11854_/X
 _11855_/X
 _11856_/X
 _11857_/X
 _11858_/X
 _11859_/X
 _11860_/X
 _11861_/X
 _11862_/X
 _11863_/X
 _11864_/X
 _11865_/X
 _11866_/X
 _11867_/X
 _11868_/X
 _11869_/X
 _11870_/X
 _11871_/X
 _11872_/X
 _11873_/X
 _11874_/X
 _11875_/X
 _11876_/X
 _11877_/X
 _11878_/X
 _11879_/X
 _11880_/X
 _11881_/X
 _11882_/X
 _11883_/X
 _11884_/X
 _11885_/X
 _11886_/X
 _11887_/X
 _11888_/X
 _11889_/X
 _11890_/X
 _11891_/X
 _11892_/X
 _11893_/X
 _11894_/X
 _11895_/X
 _11896_/X
 _11897_/X
 _11898_/X
 _11899_/X
 _11900_/X
 _11901_/X
 _11902_/X
 _11903_/X
 _11904_/X
 _11905_/X
 _11906_/X
 _11907_/X
 _11908_/X
 _11909_/X
 _11910_/X
 _11911_/X
 _11912_/X
 _11913_/X
 _11914_/X
 _11915_/X
 _11916_/X
 _11917_/X
 _11918_/X
 _11919_/X
 _11920_/X
 _11921_/X
 _11922_/X
 _11923_/X
 _11924_/X
 _11925_/X
 _11926_/X
 _11927_/X
 _11928_/X
 _11929_/X
 _11930_/X
 _11931_/X
 _11932_/X
 _11933_/X
 _11934_/X
 _11935_/X
 _11936_/X
 _11937_/X
 _11938_/X
 _11939_/X
 _11940_/X
 _11941_/X
 _11942_/X
 _11943_/X
 _11944_/X
 _11945_/X
 _11946_/X
 _11947_/X
 _11948_/X
 _11949_/X
 _11950_/X
 _11951_/X
 _11952_/X
 _11953_/X
 _11954_/X
 _11955_/X
 _11956_/X
 _11957_/X
 _11958_/X
 _11959_/X
 _11960_/X
 _11961_/X
 _11962_/X
 _11963_/X
 _11964_/X
 _11965_/X
 _11966_/X
 _11967_/X
 _11968_/X
 _11969_/X
 _11970_/X
 _11971_/X
 _11972_/X
 _11973_/X
 _11974_/X
 _11975_/X
 _11976_/X
 _11977_/X
 _11978_/X
 _11979_/X
 _11980_/X
 _11981_/X
 _11982_/X
 _11983_/X
 _11984_/X
 _11985_/X
 _11986_/X
 _11987_/X
 _11988_/X
 _11989_/X
 _11990_/X
 _11991_/X
 _11992_/X
 _11993_/X
 _11994_/X
 _11995_/X
 _11996_/X
 _11997_/X
 _11998_/X
 _11999_/X
 _12000_/X
 _12001_/X
 _12002_/X
 _12003_/X
 _12004_/X
 _12005_/X
 _12006_/X
 _12007_/X
 _12008_/X
 _12009_/X
 _12010_/X
 _12011_/X
 _12012_/X
 _12013_/X
 _12014_/X
 _12015_/X
 _12016_/X
 _12017_/X
 _12018_/X
 _12019_/X
 _12020_/X
 _12021_/X
 _12022_/X
 _12023_/X
 _12024_/X
 _12025_/X
 _12026_/X
 _12027_/X
 _12028_/X
 _12029_/X
 _12030_/X
 _12031_/X
 _12032_/X
 _12033_/X
 _12034_/X
 _12035_/X
 _12036_/X
 _12037_/X
 _12038_/X
 _12039_/X
 _12040_/X
 _12041_/X
 _12042_/X
 _12043_/X
 _12044_/X
 _12045_/X
 _12046_/X
 _12047_/X
 _12048_/X
 _12049_/X
 _12050_/X
 _12051_/X
 _12052_/X
 _12053_/X
 _12054_/X
 _12055_/X
 _12056_/X
 _12057_/X
 _12058_/X
 _12059_/X
 _12060_/X
 _12061_/X
 _12062_/X
 _12063_/X
 _12064_/X
 _12065_/X
 _12066_/X
 _12067_/X
 _12068_/X
 _12069_/X
 _12070_/X
 _12071_/X
 _12072_/X
 _12073_/X
 _12074_/X
 _12075_/X
 _12076_/X
 _12077_/X
 _12078_/X
 _12079_/X
 _12080_/X
 _12081_/X
 _12082_/X
 _12083_/X
 _12084_/X
 _12085_/X
 _12086_/X
 _12087_/X
 _12088_/X
 _12089_/X
 _12090_/X
 _12091_/X
 _12092_/X
 _12093_/X
 _12094_/X
 _12095_/X
 _12096_/X
 _12097_/X
 _12098_/X
 _12099_/X
 _12100_/X
 _12101_/X
 _12102_/X
 _12103_/X
 _12104_/X
 _12105_/X
 _12106_/X
 _12107_/X
 _12108_/X
 _12109_/X
 _12110_/X
 _12111_/X
 _12112_/X
 _12113_/X
 _12114_/X
 _12115_/X
 _12116_/X
 _12117_/X
 _12118_/X
 _12119_/X
 _12120_/X
 _12121_/X
 _12122_/X
 _12123_/X
 _12124_/X
 _12125_/X
 _12126_/X
 _12127_/X
 _12128_/X
 _12129_/X
 _12130_/X
 _12131_/X
 _12132_/X
 _12133_/X
 _12134_/X
 _12135_/X
 _12136_/X
 _12137_/X
 _12138_/X
 _12139_/X
 _12140_/X
 _12141_/X
 _12142_/X
 _12143_/X
 _12144_/X
 _12145_/X
 _12146_/X
 _12147_/X
 _12148_/X
 _12149_/X
 _12150_/X
 _12151_/X
 _12152_/X
 _12153_/X
 _12154_/X
 _12155_/X
 _12156_/X
 _12157_/X
 _12158_/X
 _12159_/X
 _12160_/X
 _12161_/X
 _12162_/X
 _12163_/X
 _12164_/X
 _12165_/X
 _12166_/X
 _12167_/X
 _12168_/X
 _12169_/X
 _12170_/X
 _12171_/X
 _12172_/X
 _12173_/X
 _12174_/X
 _12175_/X
 _12176_/X
 _12177_/X
 _12178_/X
 _12179_/X
 _12180_/X
 _12181_/X
 _12182_/X
 _12183_/X
 _12184_/X
 _12185_/X
 _12186_/X
 _12187_/X
 _12188_/X
 _12189_/X
 _12190_/X
 _12191_/X
 _12192_/X
 _12193_/X
 _12194_/X
 _12195_/X
 _12196_/X
 _12197_/X
 _12198_/X
 _12199_/X
 _12200_/X
 _12201_/X
 _12202_/X
 _12203_/X
 _12204_/X
 _12205_/X
 _12206_/X
 _12207_/X
 _12208_/X
 _12209_/X
 _12210_/X
 _12211_/X
 _12212_/X
 _12213_/X
 _12214_/X
 _12215_/X
 _12216_/X
 _12217_/X
 _12218_/X
 _12219_/X
 _12220_/X
 _12221_/X
 _12222_/X
 _12223_/X
 _12224_/X
 _12225_/X
 _12226_/X
 _12227_/X
 _12228_/X
 _12229_/X
 _12230_/X
 _12231_/X
 _12232_/X
 _12233_/X
 _12234_/X
 _12235_/X
 _12236_/X
 _12237_/X
 _12238_/X
 _12239_/X
 _12240_/X
 _12241_/X
 _12242_/X
 _12243_/X
 _12244_/X
 _12245_/X
 _12246_/X
 _12247_/X
 _12248_/X
 _12249_/X
 _12250_/X
 _12251_/X
 _12252_/X
 _12253_/X
 _12254_/X
 _12255_/X
 _12256_/X
 _12257_/X
 _12258_/X
 _12259_/X
 _12260_/X
 _12261_/X
 _12262_/X
 _12263_/X
 _12264_/X
 _12265_/X
 _12266_/X
 _12267_/X
 _12268_/X
 _12269_/X
 _12270_/X
 _12271_/X
 _12272_/X
 _12273_/X
 _12274_/X
 _12275_/X
 _12276_/X
 _12277_/X
 _12278_/X
 _12279_/X
 _12280_/X
 _12281_/X
 _12282_/X
 _12283_/X
 _12284_/X
 _12285_/X
 _12286_/X
 _12287_/X
 _12288_/X
 _12289_/X
 _12290_/X
 _12291_/X
 _12292_/X
 _12293_/X
 _12294_/X
 _12295_/X
 _12296_/X
 _12297_/X
 _12298_/X
 _12299_/X
 _12300_/X
 _12301_/X
 _12302_/X
 _12303_/X
 _12304_/X
 _12305_/X
 _12306_/X
 _12307_/X
 _12308_/X
 _12309_/X
 _12310_/X
 _12311_/X
 _12312_/X
 _12313_/X
 _12314_/X
 _12315_/X
 _12316_/X
 _12317_/X
 _12318_/X
 _12319_/X
 _12320_/X
 _12321_/X
 _12322_/X
 _12323_/X
 _12324_/X
 _12325_/X
 _12326_/X
 _12327_/X
 _12328_/X
 _12329_/X
 _12330_/X
 _12331_/X
 _12332_/X
 _12333_/X
 _12334_/X
 _12335_/X
 _12336_/X
 _12337_/X
 _12338_/X
 _12339_/X
 _12340_/X
 _12341_/X
 _12342_/X
 _12343_/X
 _12344_/X
 _12345_/X
 _12346_/X
 _12347_/X
 _12348_/X
 _12349_/X
 _12350_/X
 _12351_/X
 _12352_/X
 _12353_/X
 _12354_/X
 _12355_/X
 _12356_/X
 _12357_/X
 _12358_/X
 _12359_/X
 _12360_/X
 _12361_/X
 _12362_/X
 _12363_/X
 _12364_/X
 _12365_/X
 _12366_/X
 _12367_/X
 _12368_/X
 _12369_/X
 _12370_/X
 _12371_/X
 _12372_/X
 _12373_/X
 _12374_/X
 _12375_/X
 _12376_/X
 _12377_/X
 _12378_/X
 _12379_/X
 _12380_/X
 _12381_/X
 _12382_/X
 _12383_/X
 _12384_/X
 _12385_/X
 _12386_/X
 _12387_/X
 _12388_/X
 _12389_/X
 _12390_/X
 _12391_/X
 _12392_/X
 _12393_/X
 _12394_/X
 _12395_/X
 _12396_/X
 _12397_/X
 _12398_/X
 _12399_/X
 _12400_/X
 _12401_/X
 _12402_/X
 _12403_/X
 _12404_/X
 _12405_/X
 _12406_/X
 _12407_/X
 _12408_/X
 _12409_/X
 _12410_/X
 _12411_/X
 _12412_/X
 _12413_/X
 _12414_/X
 _12415_/Y
 _12416_/Y
 _12417_/Y
 _12418_/X
 _12419_/Y
 _12420_/X
 _12421_/Y
 _12422_/Y
 _12423_/Y
 _12424_/Y
 _12425_/X
 _12426_/X
 _12427_/Y
 _12428_/X
 _12429_/Y
 _12430_/Y
 _12431_/X
 _12432_/X
 _12433_/Y
 _12434_/Y
 _12435_/Y
 _12436_/X
 _12437_/X
 _12438_/Y
 _12439_/X
 _12440_/Y
 _12441_/X
 _12442_/X
 _12443_/X
 _12444_/Y
 _12445_/Y
 _12446_/Y
 _12447_/X
 _12448_/X
 _12449_/X
 _12450_/Y
 _12451_/Y
 _12452_/X
 _12453_/X
 _12454_/X
 _12455_/Y
 _12456_/X
 _12457_/X
 _12458_/Y
 _12459_/X
 _12460_/X
 _12461_/Y
 _12462_/X
 _12463_/X
 _12464_/X
 _12465_/Y
 _12466_/X
 _12467_/X
 _12468_/X
 _12469_/X
 _12470_/X
 _12471_/X
 _12472_/Y
 _12473_/X
 _12474_/X
 _12475_/Y
 _12476_/Y
 _12477_/Y
 _12478_/X
 _12479_/X
 _12480_/X
 _12481_/Y
 _12482_/X
 _12483_/Y
 _12484_/X
 _12485_/X
 _12486_/X
 _12487_/X
 _12488_/X
 _12489_/X
 _12490_/X
 _12491_/X
 _12492_/Y
 _12493_/X
 _12494_/X
 _12495_/Y
 _12496_/X
 _12497_/X
 _12498_/X
 _12499_/X
 _12500_/Y
 _12501_/X
 _12502_/X
 _12503_/Y
 _12504_/X
 _12505_/X
 _12506_/X
 _12507_/X
 _12508_/X
 _12509_/X
 _12510_/X
 _12511_/Y
 _12512_/X
 _12513_/X
 _12514_/X
 _12515_/Y
 _12516_/X
 _12517_/X
 _12518_/X
 _12519_/Y
 _12520_/X
 _12521_/Y
 _12522_/Y
 _12523_/Y
 _12524_/X
 _12525_/X
 _12526_/Y
 _12527_/Y
 _12528_/Y
 _12529_/Y
 _12530_/Y
 _12531_/X
 _12532_/Y
 _12533_/Y
 _12534_/X
 _12535_/Y
 _12536_/Y
 _12537_/X
 _12538_/Y
 _12539_/X
 _12540_/Y
 _12541_/Y
 _12542_/Y
 _12543_/Y
 _12544_/Y
 _12545_/X
 _12546_/Y
 _12547_/Y
 _12548_/Y
 _12549_/X
 _12550_/X
 _12551_/Y
 _12552_/X
 _12553_/Y
 _12554_/X
 _12555_/Y
 _12556_/X
 _12557_/X
 _12558_/X
 _12559_/Y
 _12560_/X
 _12561_/X
 _12562_/X
 _12563_/X
 _12564_/Y
 _12565_/X
 _12566_/X
 _12567_/X
 _12568_/X
 _12569_/X
 _12570_/Y
 _12571_/X
 _12572_/X
 _12573_/X
 _12574_/X
 _12575_/Y
 _12576_/X
 _12577_/X
 _12578_/X
 _12579_/Y
 _12580_/X
 _12581_/X
 _12582_/X
 _12583_/X
 _12584_/X
 _12585_/Y
 _12586_/X
 _12587_/X
 _12588_/X
 _12589_/Y
 _12590_/X
 _12591_/Y
 _12592_/X
 _12593_/X
 _12594_/X
 _12595_/X
 _12596_/X
 _12597_/X
 _12598_/X
 _12599_/X
 _12600_/X
 _12601_/X
 _12602_/X
 _12603_/Y
 _12604_/X
 _12605_/X
 _12606_/X
 _12607_/Y
 _12608_/X
 _12609_/X
 _12610_/X
 _12611_/Y
 _12612_/X
 _12613_/Y
 _12614_/X
 _12615_/X
 _12616_/Y
 _12617_/X
 _12618_/X
 _12619_/Y
 _12620_/X
 _12621_/Y
 _12622_/X
 _12623_/Y
 _12624_/X
 _12625_/X
 _12626_/X
 _12627_/X
 _12628_/X
 _12629_/X
 _12630_/X
 _12631_/Y
 _12632_/X
 _12633_/X
 _12634_/Y
 _12635_/X
 _12636_/X
 _12637_/Y
 _12638_/X
 _12639_/Y
 _12640_/X
 _12641_/Y
 _12642_/X
 _12643_/X
 _12644_/X
 _12645_/X
 _12646_/Y
 _12647_/X
 _12648_/Y
 _12649_/X
 _12650_/X
 _12651_/X
 _12652_/X
 _12653_/X
 _12654_/X
 _12655_/X
 _12656_/Y
 _12657_/X
 _12658_/X
 _12659_/X
 _12660_/X
 _12661_/X
 _12662_/Y
 _12663_/X
 _12664_/X
 _12665_/X
 _12666_/X
 _12667_/X
 _12668_/X
 _12669_/Y
 _12670_/X
 _12671_/X
 _12672_/X
 _12673_/Y
 _12674_/Y
 _12675_/X
 _12676_/Y
 _12677_/X
 _12678_/X
 _12679_/X
 _12680_/X
 _12681_/X
 _12682_/X
 _12683_/X
 _12684_/X
 _12685_/Y
 _12686_/Y
 _12687_/X
 _12688_/X
 _12689_/X
 _12690_/X
 _12691_/Y
 _12692_/Y
 _12693_/Y
 _12694_/X
 _12695_/X
 _12696_/X
 _12697_/X
 _12698_/X
 _12699_/Y
 _12700_/X
 _12701_/Y
 _12702_/Y
 _12703_/X
 _12704_/X
 _12705_/X
 _12706_/X
 _12707_/Y
 _12708_/X
 _12709_/X
 _12710_/X
 _12711_/X
 _12712_/X
 _12713_/X
 _12714_/X
 _12715_/X
 _12716_/X
 _12717_/X
 _12718_/X
 _12719_/X
 _12720_/X
 _12721_/X
 _12722_/X
 _12723_/X
 _12724_/X
 _12725_/X
 _12726_/X
 _12727_/X
 _12728_/X
 _12729_/Y
 _12730_/X
 _12731_/Y
 _12732_/X
 _12733_/X
 _12734_/X
 _12735_/Y
 _12736_/Y
 _12737_/X
 _12738_/Y
 _12739_/X
 _12740_/X
 _12741_/X
 _12742_/X
 _12743_/X
 _12744_/X
 _12745_/X
 _12746_/X
 _12747_/X
 _12748_/X
 _12749_/X
 _12750_/X
 _12751_/X
 _12752_/X
 _12753_/X
 _12754_/Y
 _12755_/Y
 _12756_/X
 _12757_/X
 _12758_/X
 _12759_/X
 _12760_/X
 _12761_/Y
 _12762_/X
 _12763_/X
 _12764_/X
 _12765_/Y
 _12766_/Y
 _12767_/X
 _12768_/X
 _12769_/X
 _12770_/X
 _12771_/X
 _12772_/X
 _12773_/X
 _12774_/X
 _12775_/X
 _12776_/X
 _12777_/X
 _12778_/X
 _12779_/X
 _12780_/X
 _12781_/X
 _12782_/X
 _12783_/X
 _12784_/X
 _12785_/X
 _12786_/X
 _12787_/X
 _12788_/X
 _12789_/X
 _12790_/X
 _12791_/X
 _12792_/X
 _12793_/X
 _12794_/X
 _12795_/X
 _12796_/X
 _12797_/X
 _12798_/X
 _12799_/X
 _12800_/X
 _12801_/X
 _12802_/X
 _12803_/X
 _12804_/X
 _12805_/Y
 _12806_/X
 _12807_/X
 _12808_/X
 _12809_/X
 _12810_/X
 _12811_/X
 _12812_/X
 _12813_/X
 _12814_/X
 _12815_/X
 _12816_/X
 _12817_/X
 _12818_/X
 _12819_/X
 _12820_/X
 _12821_/X
 _12822_/X
 _12823_/X
 _12824_/X
 _12825_/X
 _12826_/X
 _12827_/X
 _12828_/X
 _12829_/X
 _12830_/X
 _12831_/X
 _12832_/X
 _12833_/X
 _12834_/X
 _12835_/X
 _12836_/X
 _12837_/X
 _12838_/X
 _12839_/X
 _12840_/X
 _12841_/X
 _12842_/X
 _12843_/Y
 _12844_/X
 _12845_/X
 _12846_/X
 _12847_/X
 _12848_/X
 _12849_/X
 _12850_/X
 _12851_/X
 _12852_/X
 _12853_/X
 _12854_/X
 _12855_/X
 _12856_/X
 _12857_/X
 _12858_/X
 _12859_/X
 _12860_/X
 _12861_/X
 _12862_/X
 _12863_/X
 _12864_/X
 _12865_/X
 _12866_/X
 _12867_/X
 _12868_/X
 _12869_/X
 _12870_/X
 _12871_/X
 _12872_/X
 _12873_/X
 _12874_/X
 _12875_/X
 _12876_/X
 _12877_/X
 _12878_/X
 _12879_/X
 _12880_/X
 _12881_/X
 _12882_/X
 _12883_/X
 _12884_/X
 _12885_/X
 _12886_/X
 _12887_/X
 _12888_/X
 _12889_/X
 _12890_/X
 _12891_/X
 _12892_/X
 _12893_/X
 _12894_/X
 _12895_/X
 _12896_/X
 _12897_/X
 _12898_/X
 _12899_/X
 _12900_/X
 _12901_/X
 _12902_/X
 _12903_/X
 _12904_/X
 _12905_/X
 _12906_/X
 _12907_/X
 _12908_/X
 _12909_/X
 _12910_/X
 _12911_/X
 _12912_/X
 _12913_/X
 _12914_/X
 _12915_/X
 _12916_/X
 _12917_/X
 _12918_/X
 _12919_/Y
 _12920_/X
 _12921_/X
 _12922_/X
 _12923_/X
 _12924_/X
 _12925_/X
 _12926_/X
 _12927_/X
 _12928_/X
 _12929_/X
 _12930_/X
 _12931_/X
 _12932_/X
 _12933_/X
 _12934_/X
 _12935_/X
 _12936_/X
 _12937_/X
 _12938_/X
 _12939_/X
 _12940_/X
 _12941_/X
 _12942_/X
 _12943_/X
 _12944_/X
 _12945_/X
 _12946_/X
 _12947_/X
 _12948_/X
 _12949_/X
 _12950_/X
 _12951_/X
 _12952_/X
 _12953_/X
 _12954_/X
 _12955_/X
 _12956_/X
 _12957_/X
 _12958_/X
 _12959_/X
 _12960_/X
 _12961_/X
 _12962_/X
 _12963_/X
 _12964_/X
 _12965_/X
 _12966_/X
 _12967_/X
 _12968_/X
 _12969_/X
 _12970_/X
 _12971_/X
 _12972_/X
 _12973_/X
 _12974_/X
 _12975_/X
 _12976_/X
 _12977_/X
 _12978_/X
 _12979_/X
 _12980_/X
 _12981_/X
 _12982_/X
 _12983_/X
 _12984_/X
 _12985_/X
 _12986_/X
 _12987_/X
 _12988_/X
 _12989_/X
 _12990_/X
 _12991_/X
 _12992_/X
 _12993_/X
 _12994_/X
 _12995_/Y
 _12996_/X
 _12997_/Y
 _12998_/X
 _12999_/X
 _13000_/X
 _13001_/X
 _13002_/X
 _13003_/X
 _13004_/X
 _13005_/X
 _13006_/X
 _13007_/X
 _13008_/X
 _13009_/X
 _13010_/X
 _13011_/X
 _13012_/X
 _13013_/X
 _13014_/X
 _13015_/X
 _13016_/X
 _13017_/X
 _13018_/X
 _13019_/X
 _13020_/X
 _13021_/X
 _13022_/X
 _13023_/X
 _13024_/X
 _13025_/X
 _13026_/X
 _13027_/X
 _13028_/X
 _13029_/X
 _13030_/X
 _13031_/X
 _13032_/X
 _13033_/X
 _13034_/Y
 _13035_/X
 _13036_/X
 _13037_/X
 _13038_/X
 _13039_/X
 _13040_/X
 _13041_/X
 _13042_/X
 _13043_/X
 _13044_/X
 _13045_/X
 _13046_/X
 _13047_/X
 _13048_/X
 _13049_/X
 _13050_/X
 _13051_/X
 _13052_/X
 _13053_/X
 _13054_/X
 _13055_/X
 _13056_/X
 _13057_/X
 _13058_/X
 _13059_/X
 _13060_/X
 _13061_/X
 _13062_/X
 _13063_/X
 _13064_/X
 _13065_/X
 _13066_/X
 _13067_/X
 _13068_/X
 _13069_/X
 _13070_/X
 _13071_/X
 _13072_/X
 _13073_/X
 _13074_/X
 _13075_/X
 _13076_/X
 _13077_/X
 _13078_/X
 _13079_/X
 _13080_/X
 _13081_/X
 _13082_/X
 _13083_/X
 _13084_/X
 _13085_/X
 _13086_/X
 _13087_/X
 _13088_/X
 _13089_/X
 _13090_/X
 _13091_/X
 _13092_/X
 _13093_/X
 _13094_/X
 _13095_/X
 _13096_/X
 _13097_/X
 _13098_/X
 _13099_/X
 _13100_/X
 _13101_/X
 _13102_/X
 _13103_/X
 _13104_/X
 _13105_/X
 _13106_/X
 _13107_/X
 _13108_/X
 _13109_/X
 _13110_/X
 _13111_/X
 _13112_/X
 _13113_/X
 _13114_/X
 _13115_/X
 _13116_/X
 _13117_/X
 _13118_/X
 _13119_/X
 _13120_/X
 _13121_/X
 _13122_/X
 _13123_/X
 _13124_/X
 _13125_/X
 _13126_/X
 _13127_/X
 _13128_/X
 _13129_/X
 _13130_/X
 _13131_/X
 _13132_/X
 _13133_/X
 _13134_/X
 _13135_/X
 _13136_/X
 _13137_/X
 _13138_/X
 _13139_/X
 _13140_/X
 _13141_/X
 _13142_/X
 _13143_/X
 _13144_/Y
 _13145_/X
 _13146_/X
 _13147_/X
 _13148_/X
 _13149_/X
 _13150_/X
 _13151_/X
 _13152_/X
 _13153_/Y
 _13154_/X
 _13155_/X
 _13156_/X
 _13157_/X
 _13158_/X
 _13159_/X
 _13160_/X
 _13161_/X
 _13162_/X
 _13163_/X
 _13164_/X
 _13165_/X
 _13166_/X
 _13167_/X
 _13168_/X
 _13169_/X
 _13170_/X
 _13171_/Y
 _13172_/X
 _13173_/X
 _13174_/X
 _13175_/X
 _13176_/X
 _13177_/X
 _13178_/X
 _13179_/X
 _13180_/X
 _13181_/X
 _13182_/X
 _13183_/X
 _13184_/X
 _13185_/X
 _13186_/X
 _13187_/X
 _13188_/X
 _13189_/X
 _13190_/X
 _13191_/X
 _13192_/X
 _13193_/X
 _13194_/X
 _13195_/X
 _13196_/X
 _13197_/X
 _13198_/X
 _13199_/X
 _13200_/X
 _13201_/X
 _13202_/X
 _13203_/X
 _13204_/X
 _13205_/X
 _13206_/X
 _13207_/X
 _13208_/X
 _13209_/X
 _13210_/X
 _13211_/X
 _13212_/X
 _13213_/X
 _13214_/X
 _13215_/X
 _13216_/X
 _13217_/X
 _13218_/X
 _13219_/X
 _13220_/X
 _13221_/X
 _13222_/X
 _13223_/X
 _13224_/X
 _13225_/X
 _13226_/X
 _13227_/X
 _13228_/X
 _13229_/X
 _13230_/X
 _13231_/X
 _13232_/X
 _13233_/X
 _13234_/X
 _13235_/X
 _13236_/X
 _13237_/X
 _13238_/X
 _13239_/X
 _13240_/X
 _13241_/X
 _13242_/X
 _13243_/X
 _13244_/X
 _13245_/X
 _13246_/X
 _13247_/X
 _13248_/X
 _13249_/X
 _13250_/X
 _13251_/X
 _13252_/X
 _13253_/X
 _13254_/X
 _13255_/X
 _13256_/X
 _13257_/X
 _13258_/X
 _13259_/X
 _13260_/X
 _13261_/X
 _13262_/X
 _13263_/X
 _13264_/X
 _13265_/X
 _13266_/X
 _13267_/X
 _13268_/X
 _13269_/X
 _13270_/X
 _13271_/X
 _13272_/X
 _13273_/X
 _13274_/X
 _13275_/X
 _13276_/X
 _13277_/X
 _13278_/X
 _13279_/X
 _13280_/X
 _13281_/X
 _13282_/X
 _13283_/X
 _13284_/X
 _13285_/X
 _13286_/X
 _13287_/X
 _13288_/X
 _13289_/X
 _13290_/X
 _13291_/X
 _13292_/X
 _13293_/X
 _13294_/X
 _13295_/X
 _13296_/X
 _13297_/X
 _13298_/X
 _13299_/X
 _13300_/X
 _13301_/X
 _13302_/X
 _13303_/X
 _13304_/X
 _13305_/X
 _13306_/X
 _13307_/X
 _13308_/X
 _13309_/X
 _13310_/X
 _13311_/X
 _13312_/X
 _13313_/X
 _13314_/X
 _13315_/X
 _13316_/X
 _13317_/X
 _13318_/X
 _13319_/X
 _13320_/X
 _13321_/X
 _13322_/X
 _13323_/X
 _13324_/Y
 _13325_/X
 _13326_/Y
 _13327_/X
 _13328_/X
 _13329_/X
 _13330_/X
 _13331_/X
 _13332_/X
 _13333_/X
 _13334_/X
 _13335_/X
 _13336_/X
 _13337_/X
 _13338_/X
 _13339_/X
 _13340_/X
 _13341_/X
 _13342_/X
 _13343_/X
 _13344_/X
 _13345_/X
 _13346_/X
 _13347_/X
 _13348_/X
 _13349_/X
 _13350_/X
 _13351_/X
 _13352_/X
 _13353_/X
 _13354_/X
 _13355_/X
 _13356_/X
 _13357_/X
 _13358_/X
 _13359_/X
 _13360_/X
 _13361_/X
 _13362_/X
 _13363_/X
 _13364_/X
 _13365_/X
 _13366_/X
 _13367_/X
 _13368_/X
 _13369_/X
 _13370_/X
 _13371_/X
 _13372_/X
 _13373_/X
 _13374_/X
 _13375_/X
 _13376_/X
 _13377_/X
 _13378_/X
 _13379_/X
 _13380_/X
 _13381_/X
 _13382_/X
 _13383_/X
 _13384_/X
 _13385_/X
 _13386_/X
 _13387_/X
 _13388_/X
 _13389_/X
 _13390_/X
 _13391_/X
 _13392_/X
 _13393_/X
 _13394_/X
 _13395_/X
 _13396_/X
 _13397_/X
 _13398_/X
 _13399_/X
 _13400_/X
 _13401_/X
 _13402_/X
 _13403_/X
 _13404_/X
 _13405_/X
 _13406_/X
 _13407_/X
 _13408_/X
 _13409_/X
 _13410_/X
 _13411_/X
 _13412_/X
 _13413_/X
 _13414_/X
 _13415_/X
 _13416_/X
 _13417_/X
 _13418_/X
 _13419_/X
 _13420_/X
 _13421_/X
 _13422_/X
 _13423_/X
 _13424_/X
 _13425_/X
 _13426_/X
 _13427_/X
 _13428_/X
 _13429_/X
 _13430_/X
 _13431_/X
 _13432_/X
 _13433_/X
 _13434_/X
 _13435_/X
 _13436_/X
 _13437_/X
 _13438_/X
 _13439_/X
 _13440_/X
 _13441_/X
 _13442_/X
 _13443_/X
 _13444_/X
 _13445_/X
 _13446_/X
 _13447_/X
 _13448_/X
 _13449_/X
 _13450_/X
 _13451_/X
 _13452_/X
 _13453_/X
 _13454_/X
 _13455_/X
 _13456_/X
 _13457_/X
 _13458_/X
 _13459_/X
 _13460_/X
 _13461_/X
 _13462_/X
 _13463_/X
 _13464_/X
 _13465_/X
 _13466_/X
 _13467_/X
 _13468_/X
 _13469_/X
 _13470_/X
 _13471_/X
 _13472_/X
 _13473_/X
 _13474_/X
 _13475_/X
 _13476_/X
 _13477_/X
 _13478_/X
 _13479_/X
 _13480_/X
 _13481_/X
 _13482_/X
 _13483_/X
 _13484_/X
 _13485_/X
 _13486_/X
 _13487_/X
 _13488_/X
 _13489_/X
 _13490_/X
 _13491_/X
 _13492_/X
 _13493_/X
 _13494_/X
 _13495_/X
 _13496_/X
 _13497_/X
 _13498_/X
 _13499_/X
 _13500_/X
 _13501_/X
 _13502_/X
 _13503_/X
 _13504_/X
 _13505_/X
 _13506_/X
 _13507_/X
 _13508_/X
 _13509_/X
 _13510_/X
 _13511_/X
 _13512_/X
 _13513_/X
 _13514_/X
 _13515_/X
 _13516_/X
 _13517_/X
 _13518_/X
 _13519_/X
 _13520_/X
 _13521_/X
 _13522_/X
 _13523_/X
 _13524_/X
 _13525_/X
 _13526_/X
 _13527_/X
 _13528_/X
 _13529_/X
 _13530_/X
 _13531_/X
 _13532_/X
 _13533_/X
 _13534_/X
 _13535_/X
 _13536_/X
 _13537_/X
 _13538_/X
 _13539_/X
 _13540_/X
 _13541_/X
 _13542_/X
 _13543_/Y
 _13544_/X
 _13545_/X
 _13546_/X
 _13547_/X
 _13548_/X
 _13549_/X
 _13550_/X
 _13551_/X
 _13552_/Y
 _13553_/X
 _13554_/X
 _13555_/X
 _13556_/X
 _13557_/X
 _13558_/X
 _13559_/X
 _13560_/X
 _13561_/X
 _13562_/X
 _13563_/X
 _13564_/X
 _13565_/X
 _13566_/X
 _13567_/X
 _13568_/X
 _13569_/X
 _13570_/Y
 _13571_/X
 _13572_/X
 _13573_/X
 _13574_/X
 _13575_/X
 _13576_/X
 _13577_/X
 _13578_/X
 _13579_/X
 _13580_/X
 _13581_/X
 _13582_/X
 _13583_/X
 _13584_/X
 _13585_/X
 _13586_/X
 _13587_/X
 _13588_/X
 _13589_/X
 _13590_/X
 _13591_/X
 _13592_/X
 _13593_/X
 _13594_/X
 _13595_/X
 _13596_/X
 _13597_/X
 _13598_/X
 _13599_/X
 _13600_/X
 _13601_/X
 _13602_/X
 _13603_/X
 _13604_/X
 _13605_/X
 _13606_/X
 _13607_/X
 _13608_/X
 _13609_/X
 _13610_/X
 _13611_/X
 _13612_/X
 _13613_/X
 _13614_/X
 _13615_/X
 _13616_/X
 _13617_/X
 _13618_/X
 _13619_/X
 _13620_/X
 _13621_/X
 _13622_/X
 _13623_/X
 _13624_/X
 _13625_/X
 _13626_/X
 _13627_/X
 _13628_/X
 _13629_/X
 _13630_/X
 _13631_/X
 _13632_/X
 _13633_/X
 _13634_/X
 _13635_/X
 _13636_/X
 _13637_/X
 _13638_/X
 _13639_/X
 _13640_/X
 _13641_/X
 _13642_/X
 _13643_/X
 _13644_/X
 _13645_/X
 _13646_/X
 _13647_/X
 _13648_/X
 _13649_/X
 _13650_/X
 _13651_/Y
 _13652_/X
 _13653_/X
 _13654_/Y
 _13655_/X
 _13656_/X
 _13657_/X
 _13658_/X
 _13659_/X
 _13660_/X
 _13661_/X
 _13662_/X
 _13663_/Y
 _13664_/X
 _13665_/X
 _13666_/X
 _13667_/X
 _13668_/X
 _13669_/X
 _13670_/X
 _13671_/X
 _13672_/X
 _13673_/X
 _13674_/X
 _13675_/X
 _13676_/X
 _13677_/X
 _13678_/X
 _13679_/X
 _13680_/X
 _13681_/Y
 _13682_/X
 _13683_/X
 _13684_/X
 _13685_/X
 _13686_/X
 _13687_/X
 _13688_/X
 _13689_/X
 _13690_/X
 _13691_/Y
 _13692_/X
 _13693_/X
 _13694_/X
 _13695_/X
 _13696_/X
 _13697_/X
 _13698_/X
 _13699_/X
 _13700_/Y
 _13701_/X
 _13702_/X
 _13703_/X
 _13704_/X
 _13705_/X
 _13706_/X
 _13707_/X
 _13708_/X
 _13709_/X
 _13710_/X
 _13711_/X
 _13712_/X
 _13713_/X
 _13714_/X
 _13715_/X
 _13716_/X
 _13717_/X
 _13718_/Y
 _13719_/X
 _13720_/X
 _13721_/X
 _13722_/X
 _13723_/X
 _13724_/X
 _13725_/X
 _13726_/X
 _13727_/X
 _13728_/Y
 _13729_/X
 _13730_/X
 _13731_/X
 _13732_/X
 _13733_/X
 _13734_/X
 _13735_/X
 _13736_/X
 _13737_/Y
 _13738_/X
 _13739_/X
 _13740_/X
 _13741_/X
 _13742_/X
 _13743_/X
 _13744_/X
 _13745_/X
 _13746_/X
 _13747_/X
 _13748_/X
 _13749_/X
 _13750_/X
 _13751_/X
 _13752_/X
 _13753_/X
 _13754_/X
 _13755_/Y
 _13756_/X
 _13757_/X
 _13758_/X
 _13759_/X
 _13760_/X
 _13761_/X
 _13762_/X
 _13763_/X
 _13764_/X
 _13765_/Y
 _13766_/X
 _13767_/X
 _13768_/X
 _13769_/X
 _13770_/X
 _13771_/X
 _13772_/X
 _13773_/X
 _13774_/Y
 _13775_/X
 _13776_/X
 _13777_/X
 _13778_/X
 _13779_/X
 _13780_/X
 _13781_/X
 _13782_/X
 _13783_/X
 _13784_/X
 _13785_/X
 _13786_/X
 _13787_/X
 _13788_/X
 _13789_/X
 _13790_/X
 _13791_/X
 _13792_/Y
 _13793_/X
 _13794_/X
 _13795_/X
 _13796_/X
 _13797_/X
 _13798_/X
 _13799_/X
 _13800_/X
 _13801_/X
 _13802_/Y
 _13803_/X
 _13804_/X
 _13805_/X
 _13806_/X
 _13807_/X
 _13808_/X
 _13809_/X
 _13810_/X
 _13811_/Y
 _13812_/X
 _13813_/X
 _13814_/X
 _13815_/X
 _13816_/X
 _13817_/X
 _13818_/X
 _13819_/X
 _13820_/X
 _13821_/X
 _13822_/X
 _13823_/X
 _13824_/X
 _13825_/X
 _13826_/X
 _13827_/X
 _13828_/X
 _13829_/Y
 _13830_/X
 _13831_/X
 _13832_/X
 _13833_/X
 _13834_/X
 _13835_/X
 _13836_/X
 _13837_/X
 _13838_/X
 _13839_/Y
 _13840_/X
 _13841_/X
 _13842_/X
 _13843_/X
 _13844_/X
 _13845_/X
 _13846_/X
 _13847_/X
 _13848_/Y
 _13849_/X
 _13850_/X
 _13851_/X
 _13852_/X
 _13853_/X
 _13854_/X
 _13855_/X
 _13856_/X
 _13857_/X
 _13858_/X
 _13859_/X
 _13860_/X
 _13861_/X
 _13862_/X
 _13863_/X
 _13864_/X
 _13865_/X
 _13866_/Y
 _13867_/X
 _13868_/X
 _13869_/X
 _13870_/X
 _13871_/X
 _13872_/X
 _13873_/X
 _13874_/X
 _13875_/X
 _13876_/Y
 _13877_/X
 _13878_/X
 _13879_/X
 _13880_/X
 _13881_/X
 _13882_/X
 _13883_/X
 _13884_/X
 _13885_/Y
 _13886_/X
 _13887_/X
 _13888_/X
 _13889_/X
 _13890_/X
 _13891_/X
 _13892_/X
 _13893_/X
 _13894_/X
 _13895_/X
 _13896_/X
 _13897_/X
 _13898_/X
 _13899_/X
 _13900_/X
 _13901_/X
 _13902_/X
 _13903_/Y
 _13904_/X
 _13905_/X
 _13906_/X
 _13907_/X
 _13908_/X
 _13909_/X
 _13910_/X
 _13911_/X
 _13912_/X
 _13913_/Y
 _13914_/X
 _13915_/X
 _13916_/X
 _13917_/X
 _13918_/X
 _13919_/X
 _13920_/X
 _13921_/X
 _13922_/Y
 _13923_/X
 _13924_/X
 _13925_/X
 _13926_/X
 _13927_/X
 _13928_/X
 _13929_/X
 _13930_/X
 _13931_/X
 _13932_/X
 _13933_/X
 _13934_/X
 _13935_/X
 _13936_/X
 _13937_/X
 _13938_/X
 _13939_/X
 _13940_/Y
 _13941_/X
 _13942_/X
 _13943_/X
 _13944_/X
 _13945_/X
 _13946_/X
 _13947_/X
 _13948_/X
 _13949_/X
 _13950_/Y
 _13951_/X
 _13952_/X
 _13953_/X
 _13954_/X
 _13955_/X
 _13956_/X
 _13957_/X
 _13958_/X
 _13959_/Y
 _13960_/X
 _13961_/X
 _13962_/X
 _13963_/X
 _13964_/X
 _13965_/X
 _13966_/X
 _13967_/X
 _13968_/X
 _13969_/X
 _13970_/X
 _13971_/X
 _13972_/X
 _13973_/X
 _13974_/X
 _13975_/X
 _13976_/X
 _13977_/Y
 _13978_/X
 _13979_/X
 _13980_/X
 _13981_/X
 _13982_/X
 _13983_/X
 _13984_/X
 _13985_/X
 _13986_/Y
 _13987_/X
 _13988_/Y
 _13989_/X
 _13990_/X
 _13991_/X
 _13992_/X
 _13993_/X
 _13994_/X
 _13995_/X
 _13996_/X
 _13997_/X
 _13998_/X
 _13999_/X
 _14000_/X
 _14001_/X
 _14002_/X
 _14003_/X
 _14004_/X
 _14005_/X
 _14006_/X
 _14007_/X
 _14008_/X
 _14009_/X
 _14010_/X
 _14011_/X
 _14012_/X
 _14013_/X
 _14014_/X
 _14015_/X
 _14016_/X
 _14017_/X
 _14018_/X
 _14019_/X
 _14020_/X
 _14021_/X
 _14022_/X
 _14023_/X
 _14024_/X
 _14025_/X
 _14026_/X
 _14027_/X
 _14028_/X
 _14029_/X
 _14030_/X
 _14031_/X
 _14032_/X
 _14033_/X
 _14034_/X
 _14035_/X
 _14036_/X
 _14037_/X
 _14038_/X
 _14039_/X
 _14040_/X
 _14041_/X
 _14042_/X
 _14043_/X
 _14044_/X
 _14045_/X
 _14046_/X
 _14047_/X
 _14048_/X
 _14049_/X
 _14050_/X
 _14051_/X
 _14052_/X
 _14053_/X
 _14054_/X
 _14055_/X
 _14056_/X
 _14057_/X
 _14058_/X
 _14059_/X
 _14060_/X
 _14061_/X
 _14062_/X
 _14063_/X
 _14064_/X
 _14065_/X
 _14066_/X
 _14067_/X
 _14068_/X
 _14069_/X
 _14070_/X
 _14071_/X
 _14072_/X
 _14073_/X
 _14074_/X
 _14075_/X
 _14076_/X
 _14077_/X
 _14078_/X
 _14079_/X
 _14080_/X
 _14081_/X
 _14082_/X
 _14083_/X
 _14084_/X
 _14085_/X
 _14086_/X
 _14087_/X
 _14088_/X
 _14089_/X
 _14090_/X
 _14091_/X
 _14092_/X
 _14093_/X
 _14094_/X
 _14095_/X
 _14096_/X
 _14097_/X
 _14098_/X
 _14099_/X
 _14100_/X
 _14101_/X
 _14102_/X
 _14103_/X
 _14104_/X
 _14105_/X
 _14106_/X
 _14107_/X
 _14108_/X
 _14109_/X
 _14110_/X
 _14111_/X
 _14112_/X
 _14113_/X
 _14114_/X
 _14115_/X
 _14116_/X
 _14117_/X
 _14118_/X
 _14119_/X
 _14120_/X
 _14121_/X
 _14122_/X
 _14123_/X
 _14124_/X
 _14125_/X
 _14126_/X
 _14127_/X
 _14128_/X
 _14129_/X
 _14130_/X
 _14131_/X
 _14132_/X
 _14133_/X
 _14134_/X
 _14135_/X
 _14136_/X
 _14137_/X
 _14138_/X
 _14139_/X
 _14140_/X
 _14141_/X
 _14142_/X
 _14143_/X
 _14144_/X
 _14145_/X
 _14146_/X
 _14147_/X
 _14148_/X
 _14149_/X
 _14150_/X
 _14151_/X
 _14152_/X
 _14153_/X
 _14154_/X
 _14155_/X
 _14156_/X
 _14157_/X
 _14158_/X
 _14159_/X
 _14160_/X
 _14161_/X
 _14162_/X
 _14163_/X
 _14164_/X
 _14165_/X
 _14166_/X
 _14167_/X
 _14168_/X
 _14169_/X
 _14170_/X
 _14171_/X
 _14172_/X
 _14173_/X
 _14174_/X
 _14175_/X
 _14176_/X
 _14177_/X
 _14178_/X
 _14179_/X
 _14180_/X
 _14181_/X
 _14182_/X
 _14183_/X
 _14184_/X
 _14185_/X
 _14186_/X
 _14187_/X
 _14188_/X
 _14189_/X
 _14190_/X
 _14191_/X
 _14192_/X
 _14193_/X
 _14194_/X
 _14195_/X
 _14196_/X
 _14197_/X
 _14198_/X
 _14199_/X
 _14200_/X
 _14201_/X
 _14202_/X
 _14203_/X
 _14204_/X
 _14205_/X
 _14206_/X
 _14207_/X
 _14208_/X
 _14209_/X
 _14210_/X
 _14211_/X
 _14212_/X
 _14213_/X
 _14214_/X
 _14215_/X
 _14216_/X
 _14217_/X
 _14218_/X
 _14219_/X
 _14220_/X
 _14221_/X
 _14222_/X
 _14223_/X
 _14224_/X
 _14225_/X
 _14226_/X
 _14227_/X
 _14228_/X
 _14229_/X
 _14230_/X
 _14231_/X
 _14232_/X
 _14233_/X
 _14234_/X
 _14235_/X
 _14236_/X
 _14237_/X
 _14238_/X
 _14239_/X
 _14240_/X
 _14241_/X
 _14242_/X
 _14243_/X
 _14244_/X
 _14245_/X
 _14246_/X
 _14247_/X
 _14248_/X
 _14249_/X
 _14250_/X
 _14251_/X
 _14252_/X
 _14253_/X
 _14254_/X
 _14255_/X
 _14256_/X
 _14257_/X
 _14258_/X
 _14259_/X
 _14260_/X
 _14261_/X
 _14262_/X
 _14263_/X
 _14264_/X
 _14265_/X
 _14266_/X
 _14267_/X
 _14268_/X
 _14269_/X
 _14270_/X
 _14271_/X
 _14272_/X
 _14273_/X
 _14274_/X
 _14275_/X
 _14276_/Y
 _14277_/Y
 _14278_/X
 _14279_/Y
 _14280_/X
 _14281_/X
 _14282_/X
 _14283_/X
 _14284_/X
 _14285_/X
 _14286_/X
 _14287_/X
 _14288_/X
 _14289_/X
 _14290_/X
 _14291_/X
 _14292_/X
 _14293_/X
 _14294_/X
 _14295_/X
 _14296_/X
 _14297_/X
 _14298_/X
 _14299_/X
 _14300_/X
 _14301_/X
 _14302_/X
 _14303_/X
 _14304_/X
 _14305_/X
 _14306_/X
 _14307_/X
 _14308_/X
 _14309_/X
 _14310_/X
 _14311_/X
 _14312_/X
 _14313_/X
 _14314_/X
 _14315_/X
 _14316_/X
 _14317_/X
 _14318_/X
 _14319_/X
 _14320_/X
 _14321_/X
 _14322_/X
 _14323_/X
 _14324_/X
 _14325_/X
 _14326_/X
 _14327_/X
 _14328_/X
 _14329_/X
 _14330_/X
 _14331_/X
 _14332_/X
 _14333_/X
 _14334_/X
 _14335_/X
 _14336_/X
 _14337_/X
 _14338_/X
 _14339_/X
 _14340_/X
 _14341_/X
 _14342_/X
 _14343_/X
 _14344_/X
 _14345_/X
 _14346_/X
 _14347_/X
 _14348_/X
 _14349_/X
 _14350_/X
 _14351_/X
 _14352_/Y
 _14353_/X
 _14354_/X
 _14355_/X
 _14356_/X
 _14357_/X
 _14358_/X
 _14359_/X
 _14360_/X
 _14361_/Y
 _14362_/X
 _14363_/X
 _14364_/X
 _14365_/X
 _14366_/X
 _14367_/X
 _14368_/X
 _14369_/X
 _14370_/X
 _14371_/X
 _14372_/X
 _14373_/X
 _14374_/X
 _14375_/X
 _14376_/X
 _14377_/X
 _14378_/X
 _14379_/Y
 _14380_/X
 _14381_/X
 _14382_/X
 _14383_/X
 _14384_/X
 _14385_/X
 _14386_/X
 _14387_/X
 _14388_/X
 _14389_/X
 _14390_/X
 _14391_/X
 _14392_/X
 _14393_/X
 _14394_/X
 _14395_/X
 _14396_/X
 _14397_/X
 _14398_/X
 _14399_/X
 _14400_/X
 _14401_/X
 _14402_/X
 _14403_/X
 _14404_/X
 _14405_/X
 _14406_/X
 _14407_/X
 _14408_/X
 _14409_/X
 _14410_/X
 _14411_/X
 _14412_/X
 _14413_/X
 _14414_/X
 _14415_/X
 _14416_/X
 _14417_/X
 _14418_/X
 _14419_/X
 _14420_/X
 _14421_/X
 _14422_/X
 _14423_/X
 _14424_/X
 _14425_/X
 _14426_/X
 _14427_/X
 _14428_/X
 _14429_/X
 _14430_/X
 _14431_/X
 _14432_/X
 _14433_/X
 _14434_/X
 _14435_/X
 _14436_/X
 _14437_/X
 _14438_/X
 _14439_/X
 _14440_/X
 _14441_/X
 _14442_/X
 _14443_/X
 _14444_/X
 _14445_/X
 _14446_/X
 _14447_/X
 _14448_/X
 _14449_/X
 _14450_/X
 _14451_/X
 _14452_/X
 _14453_/X
 _14454_/X
 _14455_/X
 _14456_/X
 _14457_/X
 _14458_/X
 _14459_/X
 _14460_/X
 _14461_/X
 _14462_/X
 _14463_/X
 _14464_/X
 _14465_/X
 _14466_/X
 _14467_/X
 _14468_/X
 _14469_/X
 _14470_/X
 _14471_/X
 _14472_/X
 _14473_/X
 _14474_/X
 _14475_/X
 _14476_/X
 _14477_/X
 _14478_/X
 _14479_/X
 _14480_/X
 _14481_/X
 _14482_/X
 _14483_/X
 _14484_/X
 _14485_/X
 _14486_/X
 _14487_/X
 _14488_/X
 _14489_/X
 _14490_/X
 _14491_/X
 _14492_/X
 _14493_/X
 _14494_/X
 _14495_/X
 _14496_/X
 _14497_/X
 _14498_/X
 _14499_/X
 _14500_/X
 _14501_/X
 _14502_/X
 _14503_/X
 _14504_/X
 _14505_/X
 _14506_/X
 _14507_/X
 _14508_/X
 _14509_/X
 _14510_/X
 _14511_/X
 _14512_/X
 _14513_/X
 _14514_/X
 _14515_/X
 _14516_/X
 _14517_/X
 _14518_/X
 _14519_/X
 _14520_/X
 _14521_/X
 _14522_/X
 _14523_/X
 _14524_/X
 _14525_/X
 _14526_/X
 _14527_/X
 _14528_/X
 _14529_/X
 _14530_/X
 _14531_/X
 _14532_/X
 _14533_/X
 _14534_/X
 _14535_/X
 _14536_/X
 _14537_/X
 _14538_/X
 _14539_/X
 _14540_/X
 _14541_/X
 _14542_/X
 _14543_/X
 _14544_/X
 _14545_/X
 _14546_/X
 _14547_/X
 _14548_/X
 _14549_/X
 _14550_/X
 _14551_/X
 _14552_/X
 _14553_/X
 _14554_/X
 _14555_/X
 _14556_/X
 _14557_/X
 _14558_/X
 _14559_/X
 _14560_/X
 _14561_/X
 _14562_/X
 _14563_/X
 _14564_/X
 _14565_/X
 _14566_/X
 _14567_/X
 _14568_/X
 _14569_/X
 _14570_/X
 _14571_/X
 _14572_/X
 _14573_/X
 _14574_/X
 _14575_/X
 _14576_/X
 _14577_/X
 _14578_/X
 _14579_/X
 _14580_/X
 _14581_/X
 _14582_/X
 _14583_/X
 _14584_/X
 _14585_/X
 _14586_/X
 _14587_/X
 _14588_/X
 _14589_/X
 _14590_/X
 _14591_/X
 _14592_/X
 _14593_/X
 _14594_/X
 _14595_/X
 _14596_/X
 _14597_/X
 _14598_/X
 _14599_/X
 _14600_/X
 _14601_/X
 _14602_/X
 _14603_/X
 _14604_/Y
 _14605_/X
 _14606_/Y
 _14607_/X
 _14608_/X
 _14609_/X
 _14610_/X
 _14611_/X
 _14612_/X
 _14613_/X
 _14614_/X
 _14615_/X
 _14616_/X
 _14617_/X
 _14618_/X
 _14619_/X
 _14620_/X
 _14621_/X
 _14622_/X
 _14623_/X
 _14624_/X
 _14625_/X
 _14626_/X
 _14627_/X
 _14628_/X
 _14629_/X
 _14630_/X
 _14631_/X
 _14632_/X
 _14633_/X
 _14634_/X
 _14635_/X
 _14636_/X
 _14637_/X
 _14638_/X
 _14639_/X
 _14640_/X
 _14641_/X
 _14642_/X
 _14643_/X
 _14644_/X
 _14645_/X
 _14646_/X
 _14647_/X
 _14648_/X
 _14649_/X
 _14650_/X
 _14651_/X
 _14652_/X
 _14653_/X
 _14654_/X
 _14655_/X
 _14656_/X
 _14657_/X
 _14658_/X
 _14659_/X
 _14660_/X
 _14661_/X
 _14662_/X
 _14663_/X
 _14664_/X
 _14665_/X
 _14666_/X
 _14667_/X
 _14668_/X
 _14669_/X
 _14670_/X
 _14671_/X
 _14672_/X
 _14673_/X
 _14674_/X
 _14675_/X
 _14676_/X
 _14677_/X
 _14678_/X
 _14679_/X
 _14680_/X
 _14681_/X
 _14682_/X
 _14683_/X
 _14684_/X
 _14685_/X
 _14686_/X
 _14687_/X
 _14688_/X
 _14689_/X
 _14690_/X
 _14691_/X
 _14692_/X
 _14693_/X
 _14694_/X
 _14695_/X
 _14696_/X
 _14697_/X
 _14698_/X
 _14699_/X
 _14700_/X
 _14701_/X
 _14702_/X
 _14703_/X
 _14704_/X
 _14705_/X
 _14706_/X
 _14707_/X
 _14708_/X
 _14709_/X
 _14710_/X
 _14711_/X
 _14712_/X
 _14713_/X
 _14714_/X
 _14715_/X
 _14716_/X
 _14717_/X
 _14718_/X
 _14719_/X
 _14720_/X
 _14721_/X
 _14722_/X
 _14723_/X
 _14724_/X
 _14725_/X
 _14726_/X
 _14727_/X
 _14728_/X
 _14729_/X
 _14730_/X
 _14731_/X
 _14732_/X
 _14733_/X
 _14734_/X
 _14735_/X
 _14736_/X
 _14737_/X
 _14738_/X
 _14739_/X
 _14740_/X
 _14741_/X
 _14742_/X
 _14743_/X
 _14744_/X
 _14745_/X
 _14746_/X
 _14747_/X
 _14748_/X
 _14749_/X
 _14750_/X
 _14751_/Y
 _14752_/X
 _14753_/X
 _14754_/X
 _14755_/X
 _14756_/X
 _14757_/X
 _14758_/X
 _14759_/X
 _14760_/Y
 _14761_/X
 _14762_/X
 _14763_/X
 _14764_/X
 _14765_/X
 _14766_/X
 _14767_/X
 _14768_/X
 _14769_/X
 _14770_/X
 _14771_/X
 _14772_/X
 _14773_/X
 _14774_/X
 _14775_/X
 _14776_/X
 _14777_/X
 _14778_/Y
 _14779_/X
 _14780_/X
 _14781_/X
 _14782_/X
 _14783_/X
 _14784_/X
 _14785_/X
 _14786_/X
 _14787_/X
 _14788_/X
 _14789_/X
 _14790_/X
 _14791_/X
 _14792_/X
 _14793_/X
 _14794_/X
 _14795_/X
 _14796_/X
 _14797_/X
 _14798_/X
 _14799_/X
 _14800_/X
 _14801_/X
 _14802_/X
 _14803_/X
 _14804_/X
 _14805_/X
 _14806_/X
 _14807_/X
 _14808_/X
 _14809_/X
 _14810_/X
 _14811_/X
 _14812_/X
 _14813_/X
 _14814_/X
 _14815_/X
 _14816_/X
 _14817_/X
 _14818_/X
 _14819_/X
 _14820_/X
 _14821_/X
 _14822_/X
 _14823_/X
 _14824_/X
 _14825_/X
 _14826_/X
 _14827_/X
 _14828_/X
 _14829_/X
 _14830_/X
 _14831_/X
 _14832_/X
 _14833_/X
 _14834_/X
 _14835_/X
 _14836_/X
 _14837_/X
 _14838_/X
 _14839_/X
 _14840_/X
 _14841_/X
 _14842_/X
 _14843_/X
 _14844_/X
 _14845_/X
 _14846_/X
 _14847_/X
 _14848_/X
 _14849_/X
 _14850_/X
 _14851_/X
 _14852_/X
 _14853_/X
 _14854_/X
 _14855_/X
 _14856_/X
 _14857_/X
 _14858_/X
 _14859_/X
 _14860_/X
 _14861_/X
 _14862_/X
 _14863_/X
 _14864_/X
 _14865_/X
 _14866_/X
 _14867_/X
 _14868_/X
 _14869_/X
 _14870_/X
 _14871_/X
 _14872_/X
 _14873_/X
 _14874_/X
 _14875_/X
 _14876_/X
 _14877_/X
 _14878_/X
 _14879_/X
 _14880_/X
 _14881_/X
 _14882_/X
 _14883_/X
 _14884_/X
 _14885_/X
 _14886_/X
 _14887_/X
 _14888_/X
 _14889_/X
 _14890_/X
 _14891_/X
 _14892_/X
 _14893_/X
 _14894_/X
 _14895_/X
 _14896_/X
 _14897_/X
 _14898_/X
 _14899_/X
 _14900_/X
 _14901_/X
 _14902_/X
 _14903_/X
 _14904_/X
 _14905_/X
 _14906_/X
 _14907_/X
 _14908_/X
 _14909_/X
 _14910_/X
 _14911_/X
 _14912_/X
 _14913_/X
 _14914_/X
 _14915_/X
 _14916_/X
 _14917_/X
 _14918_/X
 _14919_/X
 _14920_/X
 _14921_/X
 _14922_/X
 _14923_/X
 _14924_/X
 _14925_/X
 _14926_/X
 _14927_/X
 _14928_/X
 _14929_/X
 _14930_/X
 _14931_/X
 _14932_/Y
 _14933_/X
 _14934_/X
 _14935_/X
 _14936_/X
 _14937_/X
 _14938_/X
 _14939_/X
 _14940_/X
 _14941_/Y
 _14942_/X
 _14943_/X
 _14944_/X
 _14945_/X
 _14946_/X
 _14947_/X
 _14948_/X
 _14949_/X
 _14950_/X
 _14951_/X
 _14952_/X
 _14953_/X
 _14954_/X
 _14955_/X
 _14956_/X
 _14957_/X
 _14958_/X
 _14959_/Y
 _14960_/X
 _14961_/X
 _14962_/X
 _14963_/X
 _14964_/X
 _14965_/X
 _14966_/X
 _14967_/X
 _14968_/X
 _14969_/Y
 _14970_/X
 _14971_/X
 _14972_/X
 _14973_/X
 _14974_/X
 _14975_/X
 _14976_/X
 _14977_/X
 _14978_/Y
 _14979_/X
 _14980_/X
 _14981_/X
 _14982_/X
 _14983_/X
 _14984_/X
 _14985_/X
 _14986_/X
 _14987_/X
 _14988_/X
 _14989_/X
 _14990_/X
 _14991_/X
 _14992_/X
 _14993_/X
 _14994_/X
 _14995_/X
 _14996_/Y
 _14997_/X
 _14998_/X
 _14999_/X
 _15000_/X
 _15001_/X
 _15002_/X
 _15003_/X
 _15004_/X
 _15005_/Y
 _15006_/X
 _15007_/X
 _15008_/X
 _15009_/X
 _15010_/X
 _15011_/X
 _15012_/X
 _15013_/X
 _15014_/X
 _15015_/X
 _15016_/X
 _15017_/X
 _15018_/X
 _15019_/X
 _15020_/X
 _15021_/X
 _15022_/X
 _15023_/X
 _15024_/X
 _15025_/X
 _15026_/X
 _15027_/X
 _15028_/X
 _15029_/X
 _15030_/X
 _15031_/X
 _15032_/X
 _15033_/X
 _15034_/X
 _15035_/X
 _15036_/X
 _15037_/X
 _15038_/X
 _15039_/X
 _15040_/X
 _15041_/X
 _15042_/X
 _15043_/X
 _15044_/X
 _15045_/X
 _15046_/X
 _15047_/X
 _15048_/X
 _15049_/X
 _15050_/X
 _15051_/X
 _15052_/X
 _15053_/X
 _15054_/X
 _15055_/X
 _15056_/X
 _15057_/X
 _15058_/X
 _15059_/X
 _15060_/X
 _15061_/X
 _15062_/X
 _15063_/X
 _15064_/X
 _15065_/X
 _15066_/X
 _15067_/X
 _15068_/X
 _15069_/X
 _15070_/X
 _15071_/X
 _15072_/X
 _15073_/X
 _15074_/X
 _15075_/X
 _15076_/X
 _15077_/X
 _15078_/Y
 _15079_/X
 _15080_/Y
 _15081_/Y
 _15082_/X
 _15083_/X
 _15084_/X
 _15085_/X
 _15086_/Y
 _15087_/X
 _15088_/X
 _15089_/X
 _15090_/X
 _15091_/X
 _15092_/X
 _15093_/X
 _15094_/X
 _15095_/X
 _15096_/X
 _15097_/X
 _15098_/X
 _15099_/X
 _15100_/X
 _15101_/X
 _15102_/X
 _15103_/X
 _15104_/X
 _15105_/X
 _15106_/X
 _15107_/X
 _15108_/X
 _15109_/X
 _15110_/X
 _15111_/X
 _15112_/X
 _15113_/X
 _15114_/X
 _15115_/X
 _15116_/X
 _15117_/X
 _15118_/X
 _15119_/X
 _15120_/X
 _15121_/X
 _15122_/X
 _15123_/X
 _15124_/X
 _15125_/X
 _15126_/X
 _15127_/X
 _15128_/X
 _15129_/X
 _15130_/X
 _15131_/X
 _15132_/X
 _15133_/X
 _15134_/X
 _15135_/X
 _15136_/X
 _15137_/X
 _15138_/X
 _15139_/X
 _15140_/X
 _15141_/X
 _15142_/X
 _15143_/X
 _15144_/X
 _15145_/X
 _15146_/X
 _15147_/X
 _15148_/X
 _15149_/X
 _15150_/X
 _15151_/X
 _15152_/X
 _15153_/X
 _15154_/X
 _15155_/X
 _15156_/X
 _15157_/X
 _15158_/X
 _15159_/X
 _15160_/X
 _15161_/X
 _15162_/X
 _15163_/X
 _15164_/X
 _15165_/X
 _15166_/X
 _15167_/X
 _15168_/X
 _15169_/X
 _15170_/X
 _15171_/X
 _15172_/X
 _15173_/X
 _15174_/Y
 _15175_/Y
 _15176_/X
 _15177_/X
 _15178_/X
 _15179_/X
 _15180_/X
 _15181_/X
 _15182_/X
 _15183_/X
 _15184_/X
 _15185_/X
 _15186_/X
 _15187_/X
 _15188_/X
 _15189_/X
 _15190_/X
 _15191_/X
 _15192_/X
 _15193_/X
 _15194_/X
 _15195_/X
 _15196_/X
 _15197_/X
 _15198_/X
 _15199_/X
 _15200_/X
 _15201_/X
 _15202_/X
 _15203_/X
 _15204_/X
 _15205_/X
 _15206_/X
 _15207_/X
 _15208_/X
 _15209_/X
 _15210_/X
 _15211_/X
 _15212_/X
 _15213_/X
 _15214_/X
 _15215_/X
 _15216_/X
 _15217_/X
 _15218_/X
 _15219_/X
 _15220_/X
 _15221_/X
 _15222_/X
 _15223_/X
 _15224_/X
 _15225_/X
 _15226_/X
 _15227_/X
 _15228_/X
 _15229_/X
 _15230_/X
 _15231_/X
 _15232_/X
 _15233_/X
 _15234_/X
 _15235_/X
 _15236_/X
 _15237_/X
 _15238_/X
 _15239_/X
 _15240_/X
 _15241_/X
 _15242_/X
 _15243_/X
 _15244_/X
 _15245_/X
 _15246_/X
 _15247_/X
 _15248_/X
 _15249_/X
 _15250_/X
 _15251_/X
 _15252_/X
 _15253_/X
 _15254_/X
 _15255_/X
 _15256_/X
 _15257_/X
 _15258_/X
 _15259_/X
 _15260_/X
 _15261_/X
 _15262_/X
 _15263_/X
 _15264_/Y
 _15265_/Y
 _15266_/Y
 _15267_/X
 _15268_/X
 _15269_/X
 _15270_/Y
 _15271_/X
 _15272_/X
 _15273_/Y
 _15274_/X
 _15275_/X
 _15276_/X
 _15277_/X
 _15278_/X
 _15279_/X
 _15280_/X
 _15281_/X
 _15282_/X
 _15283_/X
 _15284_/X
 _15285_/X
 _15286_/X
 _15287_/X
 _15288_/X
 _15289_/X
 _15290_/X
 _15291_/X
 _15292_/X
 _15293_/X
 _15294_/X
 _15295_/X
 _15296_/X
 _15297_/X
 _15298_/X
 _15299_/X
 _15300_/X
 _15301_/X
 _15302_/X
 _15303_/X
 _15304_/X
 _15305_/X
 _15306_/X
 _15307_/X
 _15308_/X
 _15309_/X
 _15310_/X
 _15311_/X
 _15312_/X
 _15313_/X
 _15314_/X
 _15315_/X
 _15316_/X
 _15317_/X
 _15318_/X
 _15319_/X
 _15320_/X
 _15321_/X
 _15322_/X
 _15323_/X
 _15324_/X
 _15325_/X
 _15326_/X
 _15327_/X
 _15328_/X
 _15329_/X
 _15330_/X
 _15331_/X
 _15332_/X
 _15333_/X
 _15334_/X
 _15335_/X
 _15336_/X
 _15337_/X
 _15338_/X
 _15339_/X
 _15340_/X
 _15341_/X
 _15342_/X
 _15343_/X
 _15344_/X
 _15345_/X
 _15346_/X
 _15347_/X
 _15348_/X
 _15349_/X
 _15350_/X
 _15351_/X
 _15352_/X
 _15353_/X
 _15354_/X
 _15355_/X
 _15356_/X
 _15357_/X
 _15358_/X
 _15359_/X
 _15360_/X
 _15361_/X
 _15362_/X
 _15363_/X
 _15364_/X
 _15365_/X
 _15366_/X
 _15367_/X
 _15368_/X
 _15369_/X
 _15370_/X
 _15371_/X
 _15372_/X
 _15373_/X
 _15374_/X
 _15375_/X
 _15376_/X
 _15377_/X
 _15378_/X
 _15379_/X
 _15380_/X
 _15381_/X
 _15382_/X
 _15383_/X
 _15384_/X
 _15385_/X
 _15386_/X
 _15387_/X
 _15388_/X
 _15389_/X
 _15390_/X
 _15391_/X
 _15392_/X
 _15393_/X
 _15394_/X
 _15395_/X
 _15396_/X
 _15397_/X
 _15398_/X
 _15399_/X
 _15400_/X
 _15401_/X
 _15402_/X
 _15403_/X
 _15404_/X
 _15405_/X
 _15406_/X
 _15407_/X
 _15408_/X
 _15409_/X
 _15410_/X
 _15411_/X
 _15412_/X
 _15413_/X
 _15414_/X
 _15415_/X
 _15416_/X
 _15417_/X
 _15418_/X
 _15419_/X
 _15420_/X
 _15421_/X
 _15422_/X
 _15423_/X
 _15424_/X
 _15425_/X
 _15426_/X
 _15427_/X
 _15428_/X
 _15429_/X
 _15430_/X
 _15431_/X
 _15432_/X
 _15433_/X
 _15434_/X
 _15435_/X
 _15436_/X
 _15437_/X
 _15438_/X
 _15439_/X
 _15440_/X
 _15441_/X
 _15442_/X
 _15443_/X
 _15444_/X
 _15445_/X
 _15446_/X
 _15447_/X
 _15448_/X
 _15449_/Y
 _15450_/X
 _15451_/X
 _15452_/Y
 _15453_/X
 _15454_/X
 _15455_/X
 _15456_/X
 _15457_/X
 _15458_/X
 _15459_/X
 _15460_/X
 _15461_/X
 _15462_/X
 _15463_/X
 _15464_/X
 _15465_/X
 _15466_/X
 _15467_/X
 _15468_/X
 _15469_/X
 _15470_/X
 _15471_/X
 _15472_/X
 _15473_/X
 _15474_/X
 _15475_/X
 _15476_/X
 _15477_/X
 _15478_/X
 _15479_/X
 _15480_/X
 _15481_/X
 _15482_/X
 _15483_/X
 _15484_/X
 _15485_/X
 _15486_/X
 _15487_/X
 _15488_/X
 _15489_/X
 _15490_/X
 _15491_/X
 _15492_/X
 _15493_/X
 _15494_/X
 _15495_/X
 _15496_/X
 _15497_/X
 _15498_/X
 _15499_/X
 _15500_/X
 _15501_/X
 _15502_/X
 _15503_/X
 _15504_/X
 _15505_/X
 _15506_/X
 _15507_/X
 _15508_/X
 _15509_/X
 _15510_/X
 _15511_/X
 _15512_/X
 _15513_/X
 _15514_/X
 _15515_/X
 _15516_/X
 _15517_/X
 _15518_/X
 _15519_/X
 _15520_/X
 _15521_/X
 _15522_/X
 _15523_/X
 _15524_/X
 _15525_/X
 _15526_/X
 _15527_/X
 _15528_/X
 _15529_/X
 _15530_/X
 _15531_/X
 _15532_/X
 _15533_/X
 _15534_/X
 _15535_/X
 _15536_/X
 _15537_/X
 _15538_/X
 _15539_/X
 _15540_/X
 _15541_/X
 _15542_/X
 _15543_/X
 _15544_/X
 _15545_/X
 _15546_/X
 _15547_/X
 _15548_/X
 _15549_/X
 _15550_/X
 _15551_/X
 _15552_/X
 _15553_/X
 _15554_/X
 _15555_/X
 _15556_/X
 _15557_/X
 _15558_/X
 _15559_/X
 _15560_/X
 _15561_/X
 _15562_/X
 _15563_/X
 _15564_/X
 _15565_/X
 _15566_/X
 _15567_/X
 _15568_/X
 _15569_/X
 _15570_/X
 _15571_/X
 _15572_/X
 _15573_/X
 _15574_/X
 _15575_/X
 _15576_/X
 _15577_/X
 _15578_/X
 _15579_/X
 _15580_/X
 _15581_/X
 _15582_/X
 _15583_/X
 _15584_/X
 _15585_/X
 _15586_/X
 _15587_/X
 _15588_/X
 _15589_/X
 _15590_/X
 _15591_/X
 _15592_/X
 _15593_/X
 _15594_/X
 _15595_/X
 _15596_/X
 _15597_/X
 _15598_/X
 _15599_/X
 _15600_/X
 _15601_/X
 _15602_/X
 _15603_/X
 _15604_/X
 _15605_/X
 _15606_/X
 _15607_/X
 _15608_/X
 _15609_/X
 _15610_/X
 _15611_/X
 _15612_/X
 _15613_/X
 _15614_/X
 _15615_/X
 _15616_/X
 _15617_/X
 _15618_/X
 _15619_/X
 _15620_/X
 _15621_/X
 _15622_/X
 _15623_/X
 _15624_/X
 _15625_/X
 _15626_/X
 _15627_/X
 _15628_/X
 _15629_/X
 _15630_/X
 _15631_/X
 _15632_/X
 _15633_/X
 _15634_/X
 _15635_/X
 _15636_/X
 _15637_/X
 _15638_/X
 _15639_/Y
 _15640_/Y
 _15641_/X
 _15642_/X
 _15643_/X
 _15644_/X
 _15645_/X
 _15646_/X
 _15647_/X
 _15648_/X
 _15649_/X
 _15650_/X
 _15651_/X
 _15652_/X
 _15653_/X
 _15654_/X
 _15655_/X
 _15656_/X
 _15657_/X
 _15658_/X
 _15659_/X
 _15660_/X
 _15661_/X
 _15662_/X
 _15663_/X
 _15664_/X
 _15665_/X
 _15666_/X
 _15667_/X
 _15668_/X
 _15669_/X
 _15670_/X
 _15671_/X
 _15672_/X
 _15673_/X
 _15674_/X
 _15675_/X
 _15676_/X
 _15677_/X
 _15678_/X
 _15679_/X
 _15680_/X
 _15681_/X
 _15682_/X
 _15683_/X
 _15684_/X
 _15685_/X
 _15686_/X
 _15687_/X
 _15688_/X
 _15689_/X
 _15690_/X
 _15691_/X
 _15692_/X
 _15693_/X
 _15694_/X
 _15695_/X
 _15696_/X
 _15697_/X
 _15698_/X
 _15699_/X
 _15700_/X
 _15701_/X
 _15702_/X
 _15703_/X
 _15704_/X
 _15705_/X
 _15706_/X
 _15707_/X
 _15708_/X
 _15709_/X
 _15710_/X
 _15711_/X
 _15712_/X
 _15713_/X
 _15714_/X
 _15715_/X
 _15716_/X
 _15717_/X
 _15718_/X
 _15719_/X
 _15720_/X
 _15721_/X
 _15722_/X
 _15723_/X
 _15724_/X
 _15725_/X
 _15726_/X
 _15727_/X
 _15728_/X
 _15729_/X
 _15730_/X
 _15731_/X
 _15732_/X
 _15733_/X
 _15734_/X
 _15735_/X
 _15736_/X
 _15737_/X
 _15738_/X
 _15739_/X
 _15740_/X
 _15741_/X
 _15742_/X
 _15743_/X
 _15744_/X
 _15745_/X
 _15746_/X
 _15747_/X
 _15748_/X
 _15749_/X
 _15750_/X
 _15751_/X
 _15752_/X
 _15753_/X
 _15754_/X
 _15755_/X
 _15756_/X
 _15757_/X
 _15758_/X
 _15759_/X
 _15760_/X
 _15761_/X
 _15762_/X
 _15763_/X
 _15764_/X
 _15765_/X
 _15766_/X
 _15767_/X
 _15768_/X
 _15769_/X
 _15770_/X
 _15771_/X
 _15772_/X
 _15773_/X
 _15774_/X
 _15775_/X
 _15776_/X
 _15777_/X
 _15778_/X
 _15779_/X
 _15780_/X
 _15781_/X
 _15782_/X
 _15783_/X
 _15784_/X
 _15785_/X
 _15786_/X
 _15787_/X
 _15788_/X
 _15789_/X
 _15790_/X
 _15791_/X
 _15792_/X
 _15793_/X
 _15794_/X
 _15795_/X
 _15796_/X
 _15797_/X
 _15798_/X
 _15799_/X
 _15800_/X
 _15801_/X
 _15802_/X
 _15803_/X
 _15804_/X
 _15805_/X
 _15806_/X
 _15807_/X
 _15808_/X
 _15809_/X
 _15810_/X
 _15811_/X
 _15812_/X
 _15813_/X
 _15814_/X
 _15815_/X
 _15816_/X
 _15817_/X
 _15818_/X
 _15819_/X
 _15820_/X
 _15821_/X
 _15822_/X
 _15823_/X
 _15824_/X
 _15825_/Y
 _15826_/X
 _15827_/X
 _15828_/X
 _15829_/X
 _15830_/X
 _15831_/X
 _15832_/X
 _15833_/X
 _15834_/X
 _15835_/X
 _15836_/X
 _15837_/X
 _15838_/X
 _15839_/X
 _15840_/X
 _15841_/X
 _15842_/X
 _15843_/X
 _15844_/X
 _15845_/X
 _15846_/X
 _15847_/X
 _15848_/X
 _15849_/X
 _15850_/X
 _15851_/X
 _15852_/X
 _15853_/X
 _15854_/X
 _15855_/X
 _15856_/X
 _15857_/X
 _15858_/X
 _15859_/X
 _15860_/X
 _15861_/X
 _15862_/X
 _15863_/X
 _15864_/X
 _15865_/X
 _15866_/X
 _15867_/X
 _15868_/X
 _15869_/X
 _15870_/Y
 _15871_/X
 _15872_/X
 _15873_/X
 _15874_/X
 _15875_/X
 _15876_/X
 _15877_/X
 _15878_/X
 _15879_/X
 _15880_/X
 _15881_/X
 _15882_/X
 _15883_/X
 _15884_/X
 _15885_/X
 _15886_/X
 _15887_/X
 _15888_/X
 _15889_/X
 _15890_/X
 _15891_/X
 _15892_/X
 _15893_/X
 _15894_/X
 _15895_/X
 _15896_/X
 _15897_/X
 _15898_/X
 _15899_/X
 _15900_/X
 _15901_/X
 _15902_/X
 _15903_/X
 _15904_/X
 _15905_/X
 _15906_/X
 _15907_/X
 _15908_/X
 _15909_/X
 _15910_/X
 _15911_/X
 _15912_/X
 _15913_/X
 _15914_/X
 _15915_/Y
 _15916_/X
 _15917_/X
 _15918_/X
 _15919_/X
 _15920_/X
 _15921_/X
 _15922_/X
 _15923_/X
 _15924_/X
 _15925_/X
 _15926_/X
 _15927_/X
 _15928_/X
 _15929_/X
 _15930_/X
 _15931_/X
 _15932_/X
 _15933_/X
 _15934_/X
 _15935_/X
 _15936_/X
 _15937_/X
 _15938_/X
 _15939_/X
 _15940_/X
 _15941_/X
 _15942_/X
 _15943_/X
 _15944_/X
 _15945_/X
 _15946_/X
 _15947_/X
 _15948_/X
 _15949_/X
 _15950_/X
 _15951_/X
 _15952_/X
 _15953_/X
 _15954_/X
 _15955_/X
 _15956_/X
 _15957_/X
 _15958_/X
 _15959_/X
 _15960_/X
 _15961_/X
 _15962_/X
 _15963_/X
 _15964_/X
 _15965_/X
 _15966_/X
 _15967_/X
 _15968_/X
 _15969_/X
 _15970_/X
 _15971_/X
 _15972_/X
 _15973_/X
 _15974_/X
 _15975_/X
 _15976_/X
 _15977_/X
 _15978_/X
 _15979_/X
 _15980_/X
 _15981_/X
 _15982_/X
 _15983_/X
 _15984_/X
 _15985_/X
 _15986_/X
 _15987_/X
 _15988_/X
 _15989_/X
 _15990_/X
 _15991_/X
 _15992_/X
 _15993_/X
 _15994_/X
 _15995_/X
 _15996_/X
 _15997_/X
 _15998_/X
 _15999_/X
 _16000_/X
 _16001_/X
 _16002_/X
 _16003_/X
 _16004_/Y
 _16005_/Y
 _16006_/X
 _16007_/Y
 _16008_/X
 _16009_/Y
 _16010_/X
 _16011_/X
 _16012_/X
 _16013_/X
 _16014_/X
 _16015_/X
 _16016_/X
 _16017_/X
 _16018_/X
 _16019_/X
 _16020_/X
 _16021_/X
 _16022_/X
 _16023_/X
 _16024_/X
 _16025_/X
 _16026_/X
 _16027_/X
 _16028_/X
 _16029_/X
 _16030_/X
 _16031_/X
 _16032_/X
 _16033_/X
 _16034_/X
 _16035_/X
 _16036_/X
 _16037_/X
 _16038_/X
 _16039_/X
 _16040_/X
 _16041_/X
 _16042_/X
 _16043_/X
 _16044_/X
 _16045_/X
 _16046_/X
 _16047_/X
 _16048_/X
 _16049_/X
 _16050_/X
 _16051_/X
 _16052_/X
 _16053_/X
 _16054_/X
 _16055_/X
 _16056_/X
 _16057_/X
 _16058_/X
 _16059_/X
 _16060_/X
 _16061_/X
 _16062_/X
 _16063_/X
 _16064_/X
 _16065_/X
 _16066_/X
 _16067_/X
 _16068_/X
 _16069_/X
 _16070_/X
 _16071_/X
 _16072_/X
 _16073_/X
 _16074_/X
 _16075_/X
 _16076_/X
 _16077_/X
 _16078_/X
 _16079_/X
 _16080_/X
 _16081_/X
 _16082_/X
 _16083_/X
 _16084_/X
 _16085_/X
 _16086_/X
 _16087_/X
 _16088_/X
 _16089_/X
 _16090_/X
 _16091_/X
 _16092_/X
 _16093_/X
 _16094_/X
 _16095_/X
 _16096_/X
 _16097_/X
 _16098_/X
 _16099_/X
 _16100_/Y
 _16101_/X
 _16102_/X
 _16103_/X
 _16104_/X
 _16105_/X
 _16106_/X
 _16107_/X
 _16108_/X
 _16109_/X
 _16110_/X
 _16111_/X
 _16112_/X
 _16113_/X
 _16114_/X
 _16115_/X
 _16116_/X
 _16117_/X
 _16118_/X
 _16119_/X
 _16120_/X
 _16121_/X
 _16122_/X
 _16123_/X
 _16124_/X
 _16125_/X
 _16126_/X
 _16127_/X
 _16128_/X
 _16129_/X
 _16130_/X
 _16131_/X
 _16132_/X
 _16133_/X
 _16134_/X
 _16135_/X
 _16136_/X
 _16137_/X
 _16138_/X
 _16139_/X
 _16140_/X
 _16141_/X
 _16142_/X
 _16143_/X
 _16144_/X
 _16145_/X
 _16146_/X
 _16147_/X
 _16148_/X
 _16149_/X
 _16150_/X
 _16151_/X
 _16152_/X
 _16153_/X
 _16154_/X
 _16155_/X
 _16156_/X
 _16157_/X
 _16158_/X
 _16159_/X
 _16160_/X
 _16161_/X
 _16162_/X
 _16163_/X
 _16164_/X
 _16165_/X
 _16166_/X
 _16167_/X
 _16168_/X
 _16169_/X
 _16170_/X
 _16171_/X
 _16172_/X
 _16173_/X
 _16174_/X
 _16175_/X
 _16176_/X
 _16177_/X
 _16178_/X
 _16179_/X
 _16180_/X
 _16181_/X
 _16182_/X
 _16183_/X
 _16184_/X
 _16185_/X
 _16186_/X
 _16187_/X
 _16188_/X
 _16189_/X
 _16190_/Y
 _16191_/X
 _16192_/X
 _16193_/X
 _16194_/X
 _16195_/X
 _16196_/X
 _16197_/X
 _16198_/X
 _16199_/X
 _16200_/X
 _16201_/X
 _16202_/X
 _16203_/X
 _16204_/X
 _16205_/X
 _16206_/X
 _16207_/X
 _16208_/X
 _16209_/X
 _16210_/X
 _16211_/X
 _16212_/X
 _16213_/X
 _16214_/X
 _16215_/X
 _16216_/X
 _16217_/X
 _16218_/X
 _16219_/X
 _16220_/X
 _16221_/X
 _16222_/X
 _16223_/X
 _16224_/X
 _16225_/X
 _16226_/X
 _16227_/X
 _16228_/X
 _16229_/X
 _16230_/X
 _16231_/X
 _16232_/X
 _16233_/X
 _16234_/X
 _16235_/X
 _16236_/X
 _16237_/X
 _16238_/X
 _16239_/X
 _16240_/X
 _16241_/X
 _16242_/X
 _16243_/X
 _16244_/X
 _16245_/X
 _16246_/X
 _16247_/X
 _16248_/X
 _16249_/X
 _16250_/X
 _16251_/X
 _16252_/X
 _16253_/X
 _16254_/X
 _16255_/X
 _16256_/X
 _16257_/X
 _16258_/X
 _16259_/X
 _16260_/X
 _16261_/X
 _16262_/X
 _16263_/X
 _16264_/X
 _16265_/X
 _16266_/X
 _16267_/X
 _16268_/X
 _16269_/X
 _16270_/X
 _16271_/X
 _16272_/X
 _16273_/X
 _16274_/X
 _16275_/X
 _16276_/X
 _16277_/X
 _16278_/X
 _16279_/X
 _16280_/X
 _16281_/X
 _16282_/X
 _16283_/X
 _16284_/X
 _16285_/X
 _16286_/X
 _16287_/X
 _16288_/X
 _16289_/X
 _16290_/X
 _16291_/X
 _16292_/X
 _16293_/X
 _16294_/X
 _16295_/X
 _16296_/X
 _16297_/X
 _16298_/X
 _16299_/X
 _16300_/X
 _16301_/X
 _16302_/X
 _16303_/X
 _16304_/X
 _16305_/X
 _16306_/X
 _16307_/X
 _16308_/X
 _16309_/X
 _16310_/X
 _16311_/X
 _16312_/X
 _16313_/X
 _16314_/X
 _16315_/X
 _16316_/X
 _16317_/X
 _16318_/X
 _16319_/X
 _16320_/X
 _16321_/X
 _16322_/X
 _16323_/X
 _16324_/X
 _16325_/X
 _16326_/X
 _16327_/X
 _16328_/X
 _16329_/X
 _16330_/X
 _16331_/X
 _16332_/X
 _16333_/X
 _16334_/X
 _16335_/X
 _16336_/X
 _16337_/X
 _16338_/X
 _16339_/X
 _16340_/X
 _16341_/X
 _16342_/X
 _16343_/X
 _16344_/X
 _16345_/X
 _16346_/X
 _16347_/X
 _16348_/X
 _16349_/X
 _16350_/X
 _16351_/X
 _16352_/X
 _16353_/X
 _16354_/X
 _16355_/X
 _16356_/X
 _16357_/X
 _16358_/X
 _16359_/X
 _16360_/X
 _16361_/X
 _16362_/X
 _16363_/X
 _16364_/X
 _16365_/X
 _16366_/X
 _16367_/X
 _16368_/X
 _16369_/X
 _16370_/X
 _16371_/X
 _16372_/X
 _16373_/X
 _16374_/X
 _16375_/X
 _16376_/Y
 _16377_/X
 _16378_/X
 _16379_/X
 _16380_/X
 _16381_/X
 _16382_/X
 _16383_/X
 _16384_/X
 _16385_/X
 _16386_/X
 _16387_/X
 _16388_/X
 _16389_/X
 _16390_/X
 _16391_/X
 _16392_/X
 _16393_/X
 _16394_/X
 _16395_/X
 _16396_/X
 _16397_/X
 _16398_/X
 _16399_/X
 _16400_/X
 _16401_/X
 _16402_/X
 _16403_/X
 _16404_/X
 _16405_/X
 _16406_/X
 _16407_/X
 _16408_/X
 _16409_/X
 _16410_/X
 _16411_/X
 _16412_/X
 _16413_/X
 _16414_/X
 _16415_/X
 _16416_/X
 _16417_/X
 _16418_/X
 _16419_/X
 _16420_/X
 _16421_/X
 _16422_/X
 _16423_/X
 _16424_/X
 _16425_/X
 _16426_/X
 _16427_/X
 _16428_/X
 _16429_/X
 _16430_/X
 _16431_/X
 _16432_/X
 _16433_/X
 _16434_/X
 _16435_/X
 _16436_/X
 _16437_/X
 _16438_/X
 _16439_/X
 _16440_/X
 _16441_/X
 _16442_/X
 _16443_/X
 _16444_/X
 _16445_/X
 _16446_/X
 _16447_/X
 _16448_/X
 _16449_/X
 _16450_/X
 _16451_/X
 _16452_/X
 _16453_/X
 _16454_/X
 _16455_/X
 _16456_/X
 _16457_/X
 _16458_/X
 _16459_/X
 _16460_/X
 _16461_/X
 _16462_/X
 _16463_/X
 _16464_/X
 _16465_/X
 _16466_/X
 _16467_/X
 _16468_/X
 _16469_/X
 _16470_/X
 _16471_/X
 _16472_/X
 _16473_/X
 _16474_/X
 _16475_/X
 _16476_/X
 _16477_/X
 _16478_/X
 _16479_/X
 _16480_/X
 _16481_/X
 _16482_/X
 _16483_/X
 _16484_/X
 _16485_/X
 _16486_/X
 _16487_/X
 _16488_/X
 _16489_/X
 _16490_/X
 _16491_/X
 _16492_/X
 _16493_/X
 _16494_/X
 _16495_/X
 _16496_/X
 _16497_/X
 _16498_/X
 _16499_/X
 _16500_/X
 _16501_/X
 _16502_/X
 _16503_/X
 _16504_/X
 _16505_/X
 _16506_/X
 _16507_/X
 _16508_/X
 _16509_/X
 _16510_/X
 _16511_/X
 _16512_/X
 _16513_/X
 _16514_/X
 _16515_/X
 _16516_/X
 _16517_/X
 _16518_/X
 _16519_/X
 _16520_/X
 _16521_/X
 _16522_/X
 _16523_/X
 _16524_/X
 _16525_/X
 _16526_/X
 _16527_/X
 _16528_/X
 _16529_/X
 _16530_/X
 _16531_/X
 _16532_/X
 _16533_/X
 _16534_/X
 _16535_/X
 _16536_/X
 _16537_/X
 _16538_/X
 _16539_/X
 _16540_/X
 _16541_/X
 _16542_/X
 _16543_/X
 _16544_/X
 _16545_/X
 _16546_/X
 _16547_/X
 _16548_/X
 _16549_/X
 _16550_/X
 _16551_/X
 _16552_/X
 _16553_/X
 _16554_/X
 _16555_/X
 _16556_/Y
 _16557_/X
 _16558_/Y
 _16559_/X
 _16560_/X
 _16561_/X
 _16562_/X
 _16563_/X
 _16564_/Y
 _16565_/Y
 _16566_/X
 _16567_/Y
 _16568_/X
 _16569_/X
 _16570_/X
 _16571_/Y
 _16572_/X
 _16573_/X
 _16574_/Y
 _16575_/X
 _16576_/X
 _16577_/X
 _16578_/Y
 _16579_/X
 _16580_/X
 _16581_/X
 _16582_/X
 _16583_/X
 _16584_/X
 _16585_/X
 _16586_/Y
 _16587_/X
 _16588_/Y
 _16589_/X
 _16590_/Y
 _16591_/X
 _16592_/X
 _16593_/X
 _16594_/X
 _16595_/X
 _16596_/X
 _16597_/Y
 _16598_/Y
 _16599_/X
 _16600_/Y
 _16601_/X
 _16602_/Y
 _16603_/X
 _16604_/X
 _16605_/X
 _16606_/X
 _16607_/X
 _16608_/Y
 _16609_/X
 _16610_/Y
 _16611_/Y
 _16612_/Y
 _16613_/Y
 _16614_/Y
 _16615_/X
 _16616_/X
 _16617_/X
 _16618_/Y
 _16619_/Y
 _16620_/Y
 _16621_/X
 _16622_/X
 _16623_/Y
 _16624_/Y
 _16625_/X
 _16626_/Y
 _16627_/Y
 _16628_/X
 _16629_/Y
 _16630_/Y
 _16631_/Y
 _16632_/Y
 _16633_/X
 _16634_/X
 _16635_/X
 _16636_/Y
 _16637_/X
 _16638_/X
 _16639_/X
 _16640_/X
 _16641_/Y
 _16642_/Y
 _16643_/X
 _16644_/X
 _16645_/X
 _16646_/Y
 _16647_/X
 _16648_/X
 _16649_/Y
 _16650_/X
 _16651_/X
 _16652_/X
 _16653_/X
 _16654_/Y
 _16655_/Y
 _16656_/Y
 _16657_/X
 _16658_/Y
 _16659_/X
 _16660_/Y
 _16661_/X
 _16662_/X
 _16663_/X
 _16664_/X
 _16665_/X
 _16666_/Y
 _16667_/X
 _16668_/X
 _16669_/X
 _16670_/Y
 _16671_/X
 _16672_/Y
 _16673_/X
 _16674_/X
 _16675_/Y
 _16676_/X
 _16677_/X
 _16678_/X
 _16679_/X
 _16680_/X
 _16681_/X
 _16682_/X
 _16683_/X
 _16684_/Y
 _16685_/Y
 _16686_/X
 _16687_/X
 _16688_/X
 _16689_/Y
 _16690_/X
 _16691_/X
 _16692_/Y
 _16693_/X
 _16694_/X
 _16695_/X
 _16696_/X
 _16697_/Y
 _16698_/X
 _16699_/Y
 _16700_/Y
 _16701_/Y
 _16702_/Y
 _16703_/X
 _16704_/X
 _16705_/X
 _16706_/Y
 _16707_/Y
 _16708_/Y
 _16709_/X
 _16710_/X
 _16711_/X
 _16712_/Y
 _16713_/X
 _16714_/Y
 _16715_/Y
 _16716_/X
 _16717_/Y
 _16718_/Y
 _16719_/X
 _16720_/X
 _16721_/X
 _16722_/Y
 _16723_/Y
 _16724_/Y
 _16725_/X
 _16726_/X
 _16727_/X
 _16728_/X
 _16729_/X
 _16730_/X
 _16731_/Y
 _16732_/X
 _16733_/X
 _16734_/Y
 _16735_/X
 _16736_/X
 _16737_/X
 _16738_/X
 _16739_/X
 _16740_/Y
 _16741_/X
 _16742_/X
 _16743_/X
 _16744_/X
 _16745_/Y
 _16746_/Y
 _16747_/Y
 _16748_/Y
 _16749_/X
 _16750_/X
 _16751_/X
 _16752_/Y
 _16753_/X
 _16754_/X
 _16755_/X
 _16756_/X
 _16757_/X
 _16758_/X
 _16759_/X
 _16760_/Y
 _16761_/X
 _16762_/X
 _16763_/Y
 _16764_/X
 _16765_/X
 _16766_/X
 _16767_/X
 _16768_/X
 _16769_/Y
 _16770_/X
 _16771_/X
 _16772_/X
 _16773_/Y
 _16774_/X
 _16775_/X
 _16776_/X
 _16777_/X
 _16778_/X
 _16779_/X
 _16780_/X
 _16781_/X
 _16782_/X
 _16783_/X
 _16784_/Y
 _16785_/X
 _16786_/X
 _16787_/Y
 _16788_/Y
 _16789_/Y
 _16790_/X
 _16791_/X
 _16792_/X
 _16793_/Y
 _16794_/X
 _16795_/Y
 _16796_/Y
 _16797_/Y
 _16798_/X
 _16799_/Y
 _16800_/X
 _16801_/X
 _16802_/X
 _16803_/X
 _16804_/X
 _16805_/X
 _16806_/X
 _16807_/X
 _16808_/X
 _16809_/X
 _16810_/X
 _16811_/Y
 _16812_/Y
 _16813_/Y
 _16814_/X
 _16815_/Y
 _16816_/X
 _16817_/X
 _16818_/X
 _16819_/Y
 _16820_/Y
 _16821_/X
 _16822_/Y
 _16823_/X
 _16824_/Y
 _16825_/Y
 _16826_/X
 _16827_/X
 _16828_/X
 _16829_/Y
 _16830_/X
 _16831_/Y
 _16832_/Y
 _16833_/Y
 _16834_/Y
 _16835_/Y
 _16836_/X
 _16837_/X
 _16838_/X
 _16839_/Y
 _16840_/X
 _16841_/X
 _16842_/X
 _16843_/Y
 _16844_/X
 _16845_/Y
 _16846_/Y
 _16847_/X
 _16848_/Y
 _16849_/Y
 _16850_/X
 _16851_/X
 _16852_/X
 _16853_/X
 _16854_/X
 _16855_/X
 _16856_/X
 _16857_/Y
 _16858_/X
 _16859_/X
 _16860_/X
 _16861_/Y
 _16862_/Y
 _16863_/Y
 _16864_/Y
 _16865_/Y
 _16866_/X
 _16867_/Y
 _16868_/Y
 _16869_/X
 _16870_/Y
 _16871_/Y
 _16872_/Y
 _16873_/Y
 _16874_/Y
 _16875_/X
 _16876_/X
 _16877_/X
 _16878_/Y
 _16879_/Y
 _16880_/Y
 _16881_/X
 _16882_/Y
 _16883_/Y
 _16884_/Y
 _16885_/Y
 _16886_/Y
 _16887_/X
 _16888_/X
 _16889_/X
 _16890_/X
 _16891_/X
 _16892_/X
 _16893_/Y
 _16894_/Y
 _16895_/Y
 _16896_/X
 _16897_/Y
 _16898_/X
 _16899_/Y
 _16900_/X
 _16901_/X
 _16902_/X
 _16903_/X
 _16904_/X
 _16905_/X
 _16906_/X
 _16907_/Y
 _16908_/Y
 _16909_/X
 _16910_/Y
 _16911_/X
 _16912_/Y
 _16913_/Y
 _16914_/X
 _16915_/X
 _16916_/Y
 _16917_/Y
 _16918_/Y
 _16919_/X
 _16920_/Y
 _16921_/Y
 _16922_/Y
 _16923_/X
 _16924_/X
 _16925_/Y
 _16926_/X
 _16927_/Y
 _16928_/X
 _16929_/Y
 _16930_/Y
 _16931_/X
 _16932_/X
 _16933_/X
 _16934_/Y
 _16935_/Y
 _16936_/X
 _16937_/Y
 _16938_/Y
 _16939_/Y
 _16940_/X
 _16941_/X
 _16942_/X
 _16943_/X
 _16944_/X
 _16945_/X
 _16946_/X
 _16947_/Y
 _16948_/X
 _16949_/Y
 _16950_/X
 _16951_/Y
 _16952_/Y
 _16953_/Y
 _16954_/X
 _16955_/X
 _16956_/X
 _16957_/X
 _16958_/X
 _16959_/X
 _16960_/X
 _16961_/X
 _16962_/X
 _16963_/X
 _16964_/X
 _16965_/Y
 _16966_/X
 _16967_/Y
 _16968_/Y
 _16969_/Y
 _16970_/X
 _16971_/Y
 _16972_/X
 _16973_/Y
 _16974_/Y
 _16975_/X
 _16976_/Y
 _16977_/X
 _16978_/Y
 _16979_/X
 _16980_/X
 _16981_/X
 _16982_/Y
 _16983_/Y
 _16984_/Y
 _16985_/X
 _16986_/X
 _16987_/X
 _16988_/Y
 _16989_/X
 _16990_/X
 _16991_/X
 _16992_/X
 _16993_/X
 _16994_/Y
 _16995_/X
 _16996_/Y
 _16997_/Y
 _16998_/X
 _16999_/Y
 _17000_/X
 _17001_/Y
 _17002_/X
 _17003_/X
 _17004_/X
 _17005_/X
 _17006_/Y
 _17007_/Y
 _17008_/X
 _17009_/X
 _17010_/Y
 _17011_/X
 _17012_/X
 _17013_/X
 _17014_/X
 _17015_/X
 _17016_/Y
 _17017_/Y
 _17018_/Y
 _17019_/Y
 _17020_/X
 _17021_/Y
 _17022_/X
 _17023_/X
 _17024_/X
 _17025_/X
 _17026_/X
 _17027_/X
 _17028_/X
 _17029_/X
 _17030_/Y
 _17031_/Y
 _17032_/Y
 _17033_/X
 _17034_/X
 _17035_/X
 _17036_/Y
 _17037_/Y
 _17038_/X
 _17039_/X
 _17040_/X
 _17041_/Y
 _17042_/Y
 _17043_/X
 _17044_/X
 _17045_/Y
 _17046_/X
 _17047_/Y
 _17048_/Y
 _17049_/X
 _17050_/X
 _17051_/Y
 _17052_/Y
 _17053_/X
 _17054_/X
 _17055_/X
 _17056_/Y
 _17057_/X
 _17058_/X
 _17059_/X
 _17060_/X
 _17061_/Y
 _17062_/Y
 _17063_/X
 _17064_/X
 _17065_/X
 _17066_/Y
 _17067_/Y
 _17068_/X
 _17069_/X
 _17070_/X
 _17071_/X
 _17072_/X
 _17073_/X
 _17074_/X
 _17075_/X
 _17076_/Y
 _17077_/X
 _17078_/Y
 _17079_/Y
 _17080_/X
 _17081_/Y
 _17082_/X
 _17083_/Y
 _17084_/X
 _17085_/X
 _17086_/X
 _17087_/Y
 _17088_/Y
 _17089_/X
 _17090_/Y
 _17091_/X
 _17092_/Y
 _17093_/Y
 _17094_/X
 _17095_/Y
 _17096_/X
 _17097_/Y
 _17098_/X
 _17099_/X
 _17100_/Y
 _17101_/X
 _17102_/Y
 _17103_/Y
 _17104_/Y
 _17105_/Y
 _17106_/Y
 _17107_/X
 _17108_/X
 _17109_/X
 _17110_/X
 _17111_/Y
 _17112_/X
 _17113_/Y
 _17114_/X
 _17115_/Y
 _17116_/X
 _17117_/X
 _17118_/X
 _17119_/X
 _17120_/X
 _17121_/X
 _17122_/X
 _17123_/Y
 _17124_/Y
 _17125_/Y
 _17126_/X
 _17127_/X
 _17128_/Y
 _17129_/Y
 _17130_/X
 _17131_/X
 _17132_/Y
 _17133_/X
 _17134_/Y
 _17135_/X
 _17136_/Y
 _17137_/X
 _17138_/X
 _17139_/X
 _17140_/Y
 _17141_/Y
 _17142_/Y
 _17143_/Y
 _17144_/X
 _17145_/X
 _17146_/X
 _17147_/Y
 _17148_/X
 _17149_/Y
 _17150_/X
 _17151_/X
 _17152_/X
 _17153_/X
 _17154_/Y
 _17155_/Y
 _17156_/Y
 _17157_/Y
 _17158_/X
 _17159_/X
 _17160_/X
 _17161_/X
 _17162_/Y
 _17163_/Y
 _17164_/X
 _17165_/X
 _17166_/X
 _17167_/Y
 _17168_/X
 _17169_/Y
 _17170_/Y
 _17171_/Y
 _17172_/X
 _17173_/Y
 _17174_/Y
 _17175_/Y
 _17176_/X
 _17177_/X
 _17178_/X
 _17179_/Y
 _17180_/X
 _17181_/Y
 _17182_/Y
 _17183_/X
 _17184_/X
 _17185_/Y
 _17186_/Y
 _17187_/X
 _17188_/X
 _17189_/X
 _17190_/Y
 _17191_/Y
 _17192_/Y
 _17193_/Y
 _17194_/X
 _17195_/Y
 _17196_/X
 _17197_/X
 _17198_/Y
 _17199_/X
 _17200_/Y
 _17201_/Y
 _17202_/X
 _17203_/X
 _17204_/X
 _17205_/Y
 _17206_/X
 _17207_/Y
 _17208_/X
 _17209_/X
 _17210_/X
 _17211_/Y
 _17212_/Y
 _17213_/X
 _17214_/X
 _17215_/X
 _17216_/X
 _17217_/X
 _17218_/X
 _17219_/X
 _17220_/X
 _17221_/X
 _17222_/X
 _17223_/X
 _17224_/X
 _17225_/X
 _17226_/X
 _17227_/X
 _17228_/X
 _17229_/X
 _17230_/X
 _17231_/X
 _17232_/X
 _17233_/X
 _17234_/X
 _17235_/X
 _17236_/X
 _17237_/X
 _17238_/X
 _17239_/X
 _17240_/X
 _17241_/X
 _17242_/X
 _17243_/X
 _17244_/X
 _17245_/X
 _17246_/Y
 _17247_/X
 _17248_/X
 _17249_/X
 _17250_/X
 _17251_/X
 _17252_/X
 _17253_/X
 _17254_/X
 _17255_/X
 _17256_/X
 _17257_/X
 _17258_/X
 _17259_/X
 _17260_/X
 _17261_/X
 _17262_/X
 _17263_/X
 _17264_/X
 _17265_/X
 _17266_/X
 _17267_/X
 _17268_/X
 _17269_/X
 _17270_/X
 _17271_/X
 _17272_/X
 _17273_/X
 _17274_/X
 _17275_/X
 _17276_/X
 _17277_/X
 _17278_/X
 _17279_/X
 _17280_/X
 _17281_/X
 _17282_/X
 _17283_/X
 _17284_/X
 _17285_/X
 _17286_/X
 _17287_/X
 _17288_/X
 _17289_/X
 _17290_/X
 _17291_/X
 _17292_/X
 _17293_/X
 _17294_/X
 _17295_/X
 _17296_/X
 _17297_/X
 _17298_/X
 _17299_/X
 _17300_/X
 _17301_/X
 _17302_/X
 _17303_/X
 _17304_/X
 _17305_/X
 _17306_/X
 _17307_/X
 _17308_/X
 _17309_/X
 _17310_/X
 _17311_/X
 _17312_/X
 _17313_/X
 _17314_/Y
 _17315_/X
 _17316_/X
 _17317_/X
 _17318_/X
 _17319_/X
 _17320_/X
 _17321_/X
 _17322_/X
 _17323_/X
 _17324_/X
 _17325_/X
 _17326_/X
 _17327_/X
 _17328_/X
 _17329_/X
 _17330_/X
 _17331_/X
 _17332_/X
 _17333_/X
 _17334_/X
 _17335_/X
 _17336_/X
 _17337_/X
 _17338_/X
 _17339_/X
 _17340_/X
 _17341_/X
 _17342_/X
 _17343_/X
 _17344_/X
 _17345_/X
 _17346_/X
 _17347_/Y
 _17348_/X
 _17349_/X
 _17350_/X
 _17351_/X
 _17352_/X
 _17353_/X
 _17354_/X
 _17355_/X
 _17356_/X
 _17357_/X
 _17358_/X
 _17359_/X
 _17360_/X
 _17361_/X
 _17362_/X
 _17363_/X
 _17364_/X
 _17365_/X
 _17366_/X
 _17367_/X
 _17368_/X
 _17369_/X
 _17370_/X
 _17371_/X
 _17372_/X
 _17373_/X
 _17374_/X
 _17375_/X
 _17376_/X
 _17377_/X
 _17378_/X
 _17379_/X
 _17380_/X
 _17381_/X
 _17382_/X
 _17383_/X
 _17384_/X
 _17385_/X
 _17386_/X
 _17387_/X
 _17388_/X
 _17389_/X
 _17390_/X
 _17391_/X
 _17392_/X
 _17393_/X
 _17394_/X
 _17395_/X
 _17396_/X
 _17397_/X
 _17398_/X
 _17399_/X
 _17400_/X
 _17401_/X
 _17402_/X
 _17403_/X
 _17404_/X
 _17405_/X
 _17406_/X
 _17407_/X
 _17408_/X
 _17409_/X
 _17410_/X
 _17411_/X
 _17412_/X
 _17413_/X
 _17414_/X
 _17415_/X
 _17416_/X
 _17417_/X
 _17418_/X
 _17419_/X
 _17420_/X
 _17421_/X
 _17422_/X
 _17423_/X
 _17424_/X
 _17425_/X
 _17426_/X
 _17427_/X
 _17428_/X
 _17429_/X
 _17430_/X
 _17431_/X
 _17432_/X
 _17433_/X
 _17434_/X
 _17435_/X
 _17436_/X
 _17437_/X
 _17438_/X
 _17439_/X
 _17440_/X
 _17441_/X
 _17442_/X
 _17443_/X
 _17444_/X
 _17445_/X
 _17446_/X
 _17447_/X
 _17448_/X
 _17449_/X
 _17450_/X
 _17451_/X
 _17452_/X
 _17453_/X
 _17454_/X
 _17455_/X
 _17456_/X
 _17457_/X
 _17458_/X
 _17459_/X
 _17460_/X
 _17461_/X
 _17462_/X
 _17463_/X
 _17464_/X
 _17465_/X
 _17466_/X
 _17467_/X
 _17468_/X
 _17469_/X
 _17470_/X
 _17471_/X
 _17472_/X
 _17473_/X
 _17474_/X
 _17475_/X
 _17476_/X
 _17477_/X
 _17478_/X
 _17479_/X
 _17480_/X
 _17481_/X
 _17482_/X
 _17483_/X
 _17484_/X
 _17485_/X
 _17486_/X
 _17487_/X
 _17488_/X
 _17489_/X
 _17490_/X
 _17491_/X
 _17492_/X
 _17493_/X
 _17494_/X
 _17495_/X
 _17496_/X
 _17497_/X
 _17498_/X
 _17499_/X
 _17500_/X
 _17501_/X
 _17502_/X
 _17503_/X
 _17504_/X
 _17505_/X
 _17506_/X
 _17507_/X
 _17508_/X
 _17509_/X
 _17510_/X
 _17511_/X
 _17512_/X
 _17513_/X
 _17514_/X
 _17515_/X
 _17516_/X
 _17517_/X
 _17518_/X
 _17519_/X
 _17520_/X
 _17521_/X
 _17522_/X
 _17523_/X
 _17524_/X
 _17525_/X
 _17526_/X
 _17527_/X
 _17528_/X
 _17529_/X
 _17530_/X
 _17531_/X
 _17532_/X
 _17533_/X
 _17534_/X
 _17535_/X
 _17536_/X
 _17537_/X
 _17538_/X
 _17539_/X
 _17540_/X
 _17541_/X
 _17542_/X
 _17543_/X
 _17544_/X
 _17545_/X
 _17546_/X
 _17547_/Y
 _17548_/X
 _17549_/X
 _17550_/X
 _17551_/X
 _17552_/X
 _17553_/X
 _17554_/X
 _17555_/X
 _17556_/X
 _17557_/X
 _17558_/X
 _17559_/X
 _17560_/X
 _17561_/X
 _17562_/X
 _17563_/X
 _17564_/X
 _17565_/X
 _17566_/X
 _17567_/X
 _17568_/X
 _17569_/X
 _17570_/X
 _17571_/X
 _17572_/X
 _17573_/X
 _17574_/X
 _17575_/X
 _17576_/X
 _17577_/X
 _17578_/X
 _17579_/X
 _17580_/X
 _17581_/X
 _17582_/X
 _17583_/X
 _17584_/X
 _17585_/X
 _17586_/X
 _17587_/X
 _17588_/X
 _17589_/X
 _17590_/X
 _17591_/X
 _17592_/X
 _17593_/X
 _17594_/X
 _17595_/X
 _17596_/X
 _17597_/X
 _17598_/X
 _17599_/X
 _17600_/X
 _17601_/X
 _17602_/X
 _17603_/X
 _17604_/X
 _17605_/X
 _17606_/X
 _17607_/X
 _17608_/X
 _17609_/X
 _17610_/X
 _17611_/X
 _17612_/X
 _17613_/Y
 _17614_/X
 _17615_/X
 _17616_/X
 _17617_/X
 _17618_/X
 _17619_/X
 _17620_/X
 _17621_/X
 _17622_/X
 _17623_/X
 _17624_/X
 _17625_/X
 _17626_/X
 _17627_/X
 _17628_/X
 _17629_/X
 _17630_/X
 _17631_/X
 _17632_/X
 _17633_/X
 _17634_/X
 _17635_/X
 _17636_/X
 _17637_/X
 _17638_/X
 _17639_/X
 _17640_/X
 _17641_/X
 _17642_/X
 _17643_/X
 _17644_/X
 _17645_/X
 _17646_/Y
 _17647_/X
 _17648_/X
 _17649_/X
 _17650_/X
 _17651_/X
 _17652_/X
 _17653_/X
 _17654_/X
 _17655_/X
 _17656_/X
 _17657_/X
 _17658_/X
 _17659_/X
 _17660_/X
 _17661_/X
 _17662_/X
 _17663_/X
 _17664_/X
 _17665_/X
 _17666_/X
 _17667_/X
 _17668_/X
 _17669_/X
 _17670_/X
 _17671_/X
 _17672_/X
 _17673_/X
 _17674_/X
 _17675_/X
 _17676_/X
 _17677_/X
 _17678_/X
 _17679_/X
 _17680_/Y
 _17681_/X
 _17682_/X
 _17683_/X
 _17684_/X
 _17685_/X
 _17686_/X
 _17687_/X
 _17688_/X
 _17689_/X
 _17690_/X
 _17691_/X
 _17692_/X
 _17693_/X
 _17694_/X
 _17695_/X
 _17696_/X
 _17697_/X
 _17698_/X
 _17699_/X
 _17700_/X
 _17701_/X
 _17702_/X
 _17703_/X
 _17704_/X
 _17705_/X
 _17706_/X
 _17707_/X
 _17708_/X
 _17709_/X
 _17710_/X
 _17711_/X
 _17712_/X
 _17713_/X
 _17714_/X
 _17715_/X
 _17716_/X
 _17717_/X
 _17718_/X
 _17719_/X
 _17720_/X
 _17721_/X
 _17722_/X
 _17723_/X
 _17724_/X
 _17725_/X
 _17726_/X
 _17727_/X
 _17728_/X
 _17729_/X
 _17730_/X
 _17731_/X
 _17732_/X
 _17733_/X
 _17734_/X
 _17735_/X
 _17736_/X
 _17737_/X
 _17738_/X
 _17739_/X
 _17740_/X
 _17741_/X
 _17742_/X
 _17743_/X
 _17744_/X
 _17745_/X
 _17746_/Y
 _17747_/X
 _17748_/X
 _17749_/X
 _17750_/X
 _17751_/X
 _17752_/X
 _17753_/X
 _17754_/X
 _17755_/X
 _17756_/X
 _17757_/X
 _17758_/X
 _17759_/X
 _17760_/X
 _17761_/X
 _17762_/X
 _17763_/X
 _17764_/X
 _17765_/X
 _17766_/X
 _17767_/X
 _17768_/X
 _17769_/X
 _17770_/X
 _17771_/X
 _17772_/X
 _17773_/X
 _17774_/X
 _17775_/X
 _17776_/X
 _17777_/X
 _17778_/X
 _17779_/X
 _17780_/X
 _17781_/X
 _17782_/X
 _17783_/X
 _17784_/X
 _17785_/X
 _17786_/X
 _17787_/X
 _17788_/X
 _17789_/X
 _17790_/X
 _17791_/X
 _17792_/X
 _17793_/X
 _17794_/X
 _17795_/X
 _17796_/X
 _17797_/X
 _17798_/X
 _17799_/X
 _17800_/X
 _17801_/X
 _17802_/X
 _17803_/X
 _17804_/X
 _17805_/X
 _17806_/X
 _17807_/X
 _17808_/X
 _17809_/X
 _17810_/X
 _17811_/X
 _17812_/X
 _17813_/X
 _17814_/X
 _17815_/X
 _17816_/X
 _17817_/X
 _17818_/X
 _17819_/X
 _17820_/X
 _17821_/X
 _17822_/X
 _17823_/X
 _17824_/X
 _17825_/X
 _17826_/X
 _17827_/X
 _17828_/X
 _17829_/X
 _17830_/X
 _17831_/X
 _17832_/X
 _17833_/X
 _17834_/X
 _17835_/X
 _17836_/X
 _17837_/X
 _17838_/X
 _17839_/X
 _17840_/X
 _17841_/X
 _17842_/X
 _17843_/X
 _17844_/X
 _17845_/X
 _17846_/X
 _17847_/X
 _17848_/X
 _17849_/X
 _17850_/X
 _17851_/X
 _17852_/X
 _17853_/X
 _17854_/X
 _17855_/X
 _17856_/X
 _17857_/X
 _17858_/X
 _17859_/X
 _17860_/X
 _17861_/X
 _17862_/X
 _17863_/X
 _17864_/X
 _17865_/X
 _17866_/X
 _17867_/X
 _17868_/X
 _17869_/X
 _17870_/X
 _17871_/X
 _17872_/X
 _17873_/X
 _17874_/X
 _17875_/X
 _17876_/X
 _17877_/X
 _17878_/X
 _17879_/X
 _17880_/X
 _17881_/X
 _17882_/X
 _17883_/X
 _17884_/X
 _17885_/X
 _17886_/X
 _17887_/X
 _17888_/X
 _17889_/X
 _17890_/X
 _17891_/X
 _17892_/X
 _17893_/X
 _17894_/X
 _17895_/X
 _17896_/X
 _17897_/X
 _17898_/X
 _17899_/X
 _17900_/X
 _17901_/X
 _17902_/X
 _17903_/X
 _17904_/X
 _17905_/X
 _17906_/X
 _17907_/X
 _17908_/X
 _17909_/X
 _17910_/X
 _17911_/X
 _17912_/X
 _17913_/X
 _17914_/X
 _17915_/X
 _17916_/X
 _17917_/X
 _17918_/X
 _17919_/X
 _17920_/X
 _17921_/X
 _17922_/X
 _17923_/X
 _17924_/X
 _17925_/X
 _17926_/X
 _17927_/X
 _17928_/X
 _17929_/X
 _17930_/X
 _17931_/X
 _17932_/X
 _17933_/X
 _17934_/X
 _17935_/X
 _17936_/X
 _17937_/X
 _17938_/X
 _17939_/X
 _17940_/X
 _17941_/X
 _17942_/X
 _17943_/X
 _17944_/X
 _17945_/X
 _17946_/X
 _17947_/X
 _17948_/X
 _17949_/X
 _17950_/X
 _17951_/X
 _17952_/X
 _17953_/X
 _17954_/X
 _17955_/X
 _17956_/X
 _17957_/X
 _17958_/X
 _17959_/X
 _17960_/X
 _17961_/X
 _17962_/X
 _17963_/X
 _17964_/X
 _17965_/X
 _17966_/X
 _17967_/X
 _17968_/X
 _17969_/X
 _17970_/X
 _17971_/X
 _17972_/X
 _17973_/X
 _17974_/X
 _17975_/X
 _17976_/X
 _17977_/X
 _17978_/X
 _17979_/X
 _17980_/X
 _17981_/X
 _17982_/X
 _17983_/X
 _17984_/X
 _17985_/X
 _17986_/X
 _17987_/X
 _17988_/X
 _17989_/X
 _17990_/X
 _17991_/X
 _17992_/X
 _17993_/X
 _17994_/X
 _17995_/X
 _17996_/X
 _17997_/X
 _17998_/X
 _17999_/X
 _18000_/X
 _18001_/X
 _18002_/X
 _18003_/X
 _18004_/X
 _18005_/X
 _18006_/X
 _18007_/X
 _18008_/X
 _18009_/X
 _18010_/X
 _18011_/X
 _18012_/X
 _18013_/X
 _18014_/X
 _18015_/X
 _18016_/X
 _18017_/X
 _18018_/X
 _18019_/X
 _18020_/X
 _18021_/X
 _18022_/X
 _18023_/X
 _18024_/X
 _18025_/X
 _18026_/X
 _18027_/X
 _18028_/X
 _18029_/X
 _18030_/X
 _18031_/X
 _18032_/X
 _18033_/X
 _18034_/X
 _18035_/X
 _18036_/X
 _18037_/X
 _18038_/X
 _18039_/X
 _18040_/X
 _18041_/X
 _18042_/X
 _18043_/X
 _18044_/X
 _18045_/X
 _18046_/X
 _18047_/X
 _18048_/X
 _18049_/X
 _18050_/X
 _18051_/X
 _18052_/X
 _18053_/X
 _18054_/X
 _18055_/X
 _18056_/X
 _18057_/X
 _18058_/X
 _18059_/X
 _18060_/X
 _18061_/X
 _18062_/X
 _18063_/X
 _18064_/X
 _18065_/X
 _18066_/X
 _18067_/X
 _18068_/X
 _18069_/X
 _18070_/X
 _18071_/X
 _18072_/X
 _18073_/X
 _18074_/X
 _18075_/X
 _18076_/X
 _18077_/X
 _18078_/X
 _18079_/X
 _18080_/X
 _18081_/X
 _18082_/X
 _18083_/X
 _18084_/X
 _18085_/X
 _18086_/X
 _18087_/X
 _18088_/X
 _18089_/X
 _18090_/X
 _18091_/X
 _18092_/X
 _18093_/X
 _18094_/X
 _18095_/X
 _18096_/X
 _18097_/X
 _18098_/X
 _18099_/X
 _18100_/X
 _18101_/X
 _18102_/X
 _18103_/X
 _18104_/X
 _18105_/X
 _18106_/X
 _18107_/X
 _18108_/X
 _18109_/X
 _18110_/X
 _18111_/Y
 _18112_/X
 _18113_/X
 _18114_/X
 _18115_/X
 _18116_/X
 _18117_/X
 _18118_/X
 _18119_/X
 _18120_/X
 _18121_/X
 _18122_/X
 _18123_/X
 _18124_/X
 _18125_/X
 _18126_/X
 _18127_/X
 _18128_/X
 _18129_/X
 _18130_/X
 _18131_/X
 _18132_/X
 _18133_/X
 _18134_/X
 _18135_/X
 _18136_/X
 _18137_/X
 _18138_/X
 _18139_/X
 _18140_/X
 _18141_/X
 _18142_/X
 _18143_/X
 _18144_/X
 _18145_/X
 _18146_/X
 _18147_/X
 _18148_/X
 _18149_/X
 _18150_/X
 _18151_/X
 _18152_/X
 _18153_/X
 _18154_/X
 _18155_/X
 _18156_/X
 _18157_/X
 _18158_/X
 _18159_/X
 _18160_/X
 _18161_/X
 _18162_/X
 _18163_/X
 _18164_/X
 _18165_/X
 _18166_/X
 _18167_/X
 _18168_/X
 _18169_/X
 _18170_/X
 _18171_/X
 _18172_/X
 _18173_/X
 _18174_/X
 _18175_/X
 _18176_/X
 _18177_/X
 _18178_/X
 _18179_/X
 _18180_/X
 _18181_/X
 _18182_/X
 _18183_/X
 _18184_/X
 _18185_/X
 _18186_/X
 _18187_/X
 _18188_/X
 _18189_/X
 _18190_/X
 _18191_/X
 _18192_/X
 _18193_/X
 _18194_/X
 _18195_/X
 _18196_/X
 _18197_/X
 _18198_/X
 _18199_/X
 _18200_/X
 _18201_/X
 _18202_/X
 _18203_/X
 _18204_/X
 _18205_/X
 _18206_/X
 _18207_/X
 _18208_/X
 _18209_/X
 _18210_/X
 _18211_/X
 _18212_/X
 _18213_/X
 _18214_/X
 _18215_/Y
 _18216_/X
 _18217_/Y
 _18218_/X
 _18219_/X
 _18220_/X
 _18221_/X
 _18222_/Y
 _18223_/Y
 _18224_/X
 _18225_/Y
 _18226_/Y
 _18227_/X
 _18228_/X
 _18229_/Y
 _18230_/Y
 _18231_/X
 _18232_/Y
 _18233_/X
 _18234_/X
 _18235_/X
 _18236_/X
 _18237_/Y
 _18238_/X
 _18239_/X
 _18240_/Y
 _18241_/X
 _18242_/Y
 _18243_/X
 _18244_/X
 _18245_/X
 _18246_/Y
 _18247_/Y
 _18248_/X
 _18249_/X
 _18250_/X
 _18251_/X
 _18252_/Y
 _18253_/X
 _18254_/X
 _18255_/Y
 _18256_/X
 _18257_/X
 _18258_/X
 _18259_/X
 _18260_/Y
 _18261_/X
 _18262_/X
 _18263_/Y
 _18264_/X
 _18265_/Y
 _18266_/Y
 _18267_/X
 _18268_/Y
 _18269_/Y
 _18270_/X
 _18271_/X
 _18272_/Y
 _18273_/X
 _18274_/Y
 _18275_/X
 _18276_/Y
 _18277_/X
 _18278_/Y
 _18279_/Y
 _18280_/Y
 _18281_/X
 _18282_/Y
 _18283_/X
 _18284_/X
 _18285_/X
 _18286_/Y
 _18287_/Y
 _18288_/Y
 _18289_/X
 _18290_/X
 _18291_/Y
 _18292_/X
 _18293_/X
 _18294_/Y
 _18295_/Y
 _18296_/X
 _18297_/X
 _18298_/X
 _18299_/Y
 _18300_/X
 _18301_/X
 _18302_/Y
 _18303_/X
 _18304_/X
 _18305_/X
 _18306_/X
 _18307_/X
 _18308_/X
 _18309_/X
 _18310_/Y
 _18311_/X
 _18312_/Y
 _18313_/Y
 _18314_/X
 _18315_/X
 _18316_/X
 _18317_/X
 _18318_/Y
 _18319_/Y
 _18320_/Y
 _18321_/X
 _18322_/X
 _18323_/X
 _18324_/Y
 _18325_/X
 _18326_/X
 _18327_/X
 _18328_/Y
 _18329_/Y
 _18330_/X
 _18331_/Y
 _18332_/Y
 _18333_/Y
 _18334_/X
 _18335_/X
 _18336_/Y
 _18337_/X
 _18338_/X
 _18339_/Y
 _18340_/X
 _18341_/X
 _18342_/X
 _18343_/X
 _18344_/X
 _18345_/Y
 _18346_/Y
 _18347_/Y
 _18348_/X
 _18349_/X
 _18350_/X
 _18351_/Y
 _18352_/X
 _18353_/X
 _18354_/X
 _18355_/Y
 _18356_/X
 _18357_/X
 _18358_/X
 _18359_/X
 _18360_/Y
 _18361_/Y
 _18362_/Y
 _18363_/X
 _18364_/X
 _18365_/X
 _18366_/Y
 _18367_/X
 _18368_/X
 _18369_/X
 _18370_/X
 _18371_/X
 _18372_/X
 _18373_/X
 _18374_/X
 _18375_/X
 _18376_/Y
 _18377_/Y
 _18378_/Y
 _18379_/X
 _18380_/X
 _18381_/Y
 _18382_/Y
 _18383_/Y
 _18384_/X
 _18385_/Y
 _18386_/X
 _18387_/X
 _18388_/X
 _18389_/Y
 _18390_/X
 _18391_/Y
 _18392_/Y
 _18393_/X
 _18394_/X
 _18395_/X
 _18396_/Y
 _18397_/X
 _18398_/X
 _18399_/Y
 _18400_/X
 _18401_/X
 _18402_/Q
 _18403_/Q
 _18404_/Q
 _18405_/Q
 _18406_/Q
 _18407_/Q
 _18408_/Q
 _18409_/Q
 _18410_/Q
 _18411_/Q
 _18412_/Q
 _18413_/Q
 _18414_/Q
 _18415_/Q
 _18416_/Q
 _18417_/Q
 _18418_/Q
 _18419_/Q
 _18420_/Q
 _18421_/Q
 _18422_/Q
 _18423_/Q
 _18424_/Q
 _18425_/Q
 _18426_/Q
 _18427_/Q
 _18428_/Q
 _18429_/Q
 _18430_/Q
 _18431_/Q
 _18432_/Q
 _18433_/Q
 _18434_/Q
 _18435_/Q
 _18436_/Q
 _18437_/Q
 _18438_/Q
 _18439_/Q
 _18440_/Q
 _18441_/Q
 _18442_/Q
 _18443_/Q
 _18444_/Q
 _18445_/Q
 _18446_/Q
 _18447_/Q
 _18448_/Q
 _18449_/Q
 _18450_/Q
 _18451_/Q
 _18452_/Q
 _18453_/Q
 _18454_/Q
 _18455_/Q
 _18456_/Q
 _18457_/Q
 _18458_/Q
 _18459_/Q
 _18460_/Q
 _18461_/Q
 _18462_/Q
 _18463_/Q
 _18464_/Q
 _18465_/Q
 _18466_/Q
 _18467_/Q
 _18468_/Q
 _18469_/Q
 _18470_/Q
 _18471_/Q
 _18472_/Q
 _18473_/Q
 _18474_/Q
 _18475_/Q
 _18476_/Q
 _18477_/Q
 _18478_/Q
 _18479_/Q
 _18480_/Q
 _18481_/Q
 _18482_/Q
 _18483_/Q
 _18484_/Q
 _18485_/Q
 _18486_/Q
 _18487_/Q
 _18488_/Q
 _18489_/Q
 _18490_/Q
 _18491_/Q
 _18492_/Q
 _18493_/Q
 _18494_/Q
 _18495_/Q
 _18496_/Q
 _18497_/Q
 _18498_/Q
 _18499_/Q
 _18500_/Q
 _18501_/Q
 _18502_/Q
 _18503_/Q
 _18504_/Q
 _18505_/Q
 _18506_/Q
 _18507_/Q
 _18508_/Q
 _18509_/Q
 _18510_/Q
 _18511_/Q
 _18512_/Q
 _18513_/Q
 _18514_/Q
 _18515_/Q
 _18516_/Q
 _18517_/Q
 _18518_/Q
 _18519_/Q
 _18520_/Q
 _18521_/Q
 _18522_/Q
 _18523_/Q
 _18524_/Q
 _18525_/Q
 _18526_/Q
 _18527_/Q
 _18528_/Q
 _18529_/Q
 _18530_/Q
 _18531_/Q
 _18532_/Q
 _18533_/Q
 _18534_/Q
 _18535_/Q
 _18536_/Q
 _18537_/Q
 _18538_/Q
 _18539_/Q
 _18540_/Q
 _18541_/Q
 _18542_/Q
 _18543_/Q
 _18544_/Q
 _18545_/Q
 _18546_/Q
 _18547_/Q
 _18548_/Q
 _18549_/Q
 _18550_/Q
 _18551_/Q
 _18552_/Q
 _18553_/Q
 _18554_/Q
 _18555_/Q
 _18556_/Q
 _18557_/Q
 _18558_/Q
 _18559_/Q
 _18560_/Q
 _18561_/Q
 _18562_/Q
 _18563_/Q
 _18564_/Q
 _18565_/Q
 _18566_/Q
 _18567_/Q
 _18568_/Q
 _18569_/Q
 _18570_/Q
 _18571_/Q
 _18572_/Q
 _18573_/Q
 _18574_/Q
 _18575_/Q
 _18576_/Q
 _18577_/Q
 _18578_/Q
 _18579_/Q
 _18580_/Q
 _18581_/Q
 _18582_/Q
 _18583_/Q
 _18584_/Q
 _18585_/Q
 _18586_/Q
 _18587_/Q
 _18588_/Q
 _18589_/Q
 _18590_/Q
 _18591_/Q
 _18592_/Q
 _18593_/Q
 _18594_/Q
 _18595_/Q
 _18596_/Q
 _18597_/Q
 _18598_/Q
 _18599_/Q
 _18600_/Q
 _18601_/Q
 _18602_/Q
 _18603_/Q
 _18604_/Q
 _18605_/Q
 _18606_/Q
 _18607_/Q
 _18608_/Q
 _18609_/Q
 _18610_/Q
 _18611_/Q
 _18612_/Q
 _18613_/Q
 _18614_/Q
 _18615_/Q
 _18616_/Q
 _18617_/Q
 _18618_/Q
 _18619_/Q
 _18620_/Q
 _18621_/Q
 _18622_/Q
 _18623_/Q
 _18624_/Q
 _18625_/Q
 _18626_/Q
 _18627_/Q
 _18628_/Q
 _18629_/Q
 _18630_/Q
 _18631_/Q
 _18632_/Q
 _18633_/Q
 _18634_/Q
 _18635_/Q
 _18636_/Q
 _18637_/Q
 _18638_/Q
 _18639_/Q
 _18640_/Q
 _18641_/Q
 _18642_/Q
 _18643_/Q
 _18644_/Q
 _18645_/Q
 _18646_/Q
 _18647_/Q
 _18648_/Q
 _18649_/Q
 _18650_/Q
 _18651_/Q
 _18652_/Q
 _18653_/Q
 _18654_/Q
 _18655_/Q
 _18656_/Q
 _18657_/Q
 _18658_/Q
 _18659_/Q
 _18660_/Q
 _18661_/Q
 _18662_/Q
 _18663_/Q
 _18664_/Q
 _18665_/Q
 _18666_/Q
 _18667_/Q
 _18668_/Q
 _18669_/Q
 _18670_/Q
 _18671_/Q
 _18672_/Q
 _18673_/Q
 _18674_/Q
 _18675_/Q
 _18676_/Q
 _18677_/Q
 _18678_/Q
 _18679_/Q
 _18680_/Q
 _18681_/Q
 _18682_/Q
 _18683_/Q
 _18684_/Q
 _18685_/Q
 _18686_/Q
 _18687_/Q
 _18688_/Q
 _18689_/Q
 _18690_/Q
 _18691_/Q
 _18692_/Q
 _18693_/Q
 _18694_/Q
 _18695_/Q
 _18696_/Q
 _18697_/Q
 _18698_/Q
 _18699_/Q
 _18700_/Q
 _18701_/Q
 _18702_/Q
 _18703_/Q
 _18704_/Q
 _18705_/Q
 _18706_/Q
 _18707_/Q
 _18708_/Q
 _18709_/Q
 _18710_/Q
 _18711_/Q
 _18712_/Q
 _18713_/Q
 _18714_/Q
 _18715_/Q
 _18716_/Q
 _18717_/Q
 _18718_/Q
 _18719_/Q
 _18720_/Q
 _18721_/Q
 _18722_/Q
 _18723_/Q
 _18724_/Q
 _18725_/Q
 _18726_/Q
 _18727_/Q
 _18728_/Q
 _18729_/Q
 _18730_/Q
 _18731_/Q
 _18732_/Q
 _18733_/Q
 _18734_/Q
 _18735_/Q
 _18736_/Q
 _18737_/Q
 _18738_/Q
 _18739_/Q
 _18740_/Q
 _18741_/Q
 _18742_/Q
 _18743_/Q
 _18744_/Q
 _18745_/Q
 _18746_/Q
 _18747_/Q
 _18748_/Q
 _18749_/Q
 _18750_/Q
 _18751_/Q
 _18752_/Q
 _18753_/Q
 _18754_/Q
 _18755_/Q
 _18756_/Q
 _18757_/Q
 _18758_/Q
 _18759_/Q
 _18760_/Q
 _18761_/Q
 _18762_/Q
 _18763_/Q
 _18764_/Q
 _18765_/Q
 _18766_/Q
 _18767_/Q
 _18768_/Q
 _18769_/Q
 _18770_/Q
 _18771_/Q
 _18772_/Q
 _18773_/Q
 _18774_/Q
 _18775_/Q
 _18776_/Q
 _18777_/Q
 _18778_/Q
 _18779_/Q
 _18780_/Q
 _18781_/Q
 _18782_/Q
 _18783_/Q
 _18784_/Q
 _18785_/Q
 _18786_/Q
 _18787_/Q
 _18788_/Q
 _18789_/Q
 _18790_/Q
 _18791_/Q
 _18792_/Q
 _18793_/Q
 _18794_/Q
 _18795_/Q
 _18796_/Q
 _18797_/Q
 _18798_/Q
 _18799_/Q
 _18800_/Q
 _18801_/Q
 _18802_/Q
 _18803_/Q
 _18804_/Q
 _18805_/Q
 _18806_/Q
 _18807_/Q
 _18808_/Q
 _18809_/Q
 _18810_/Q
 _18811_/Q
 _18812_/Q
 _18813_/Q
 _18814_/Q
 _18815_/Q
 _18816_/Q
 _18817_/Q
 _18818_/Q
 _18819_/Q
 _18820_/Q
 _18821_/Q
 _18822_/Q
 _18823_/Q
 _18824_/Q
 _18825_/Q
 _18826_/Q
 _18827_/Q
 _18828_/Q
 _18829_/Q
 _18830_/Q
 _18831_/Q
 _18832_/Q
 _18833_/Q
 _18834_/Q
 _18835_/Q
 _18836_/Q
 _18837_/Q
 _18838_/Q
 _18839_/Q
 _18840_/Q
 _18841_/Q
 _18842_/Q
 _18843_/Q
 _18844_/Q
 _18845_/Q
 _18846_/Q
 _18847_/Q
 _18848_/Q
 _18849_/Q
 _18850_/Q
 _18851_/Q
 _18852_/Q
 _18853_/Q
 _18854_/Q
 _18855_/Q
 _18856_/Q
 _18857_/Q
 _18858_/Q
 _18859_/Q
 _18860_/Q
 _18861_/Q
 _18862_/Q
 _18863_/Q
 _18864_/Q
 _18865_/Q
 _18866_/Q
 _18867_/Q
 _18868_/Q
 _18869_/Q
 _18870_/Q
 _18871_/Q
 _18872_/Q
 _18873_/Q
 _18874_/Q
 _18875_/Q
 _18876_/Q
 _18877_/Q
 _18878_/Q
 _18879_/Q
 _18880_/Q
 _18881_/Q
 _18882_/Q
 _18883_/Q
 _18884_/Q
 _18885_/Q
 _18886_/Q
 _18887_/Q
 _18888_/Q
 _18889_/Q
 _18890_/Q
 _18891_/Q
 _18892_/Q
 _18893_/Q
 _18894_/Q
 _18895_/Q
 _18896_/Q
 _18897_/Q
 _18898_/Q
 _18899_/Q
 _18900_/Q
 _18901_/Q
 _18902_/Q
 _18903_/Q
 _18904_/Q
 _18905_/Q
 _18906_/Q
 _18907_/Q
 _18908_/Q
 _18909_/Q
 _18910_/Q
 _18911_/Q
 _18912_/Q
 _18913_/Q
 _18914_/Q
 _18915_/Q
 _18916_/Q
 _18917_/Q
 _18918_/Q
 _18919_/Q
 _18920_/Q
 _18921_/Q
 _18922_/Q
 _18923_/Q
 _18924_/Q
 _18925_/Q
 _18926_/Q
 _18927_/Q
 _18928_/Q
 _18929_/Q
 _18930_/Q
 _18931_/Q
 _18932_/Q
 _18933_/Q
 _18934_/Q
 _18935_/Q
 _18936_/Q
 _18937_/Q
 _18938_/Q
 _18939_/Q
 _18940_/Q
 _18941_/Q
 _18942_/Q
 _18943_/Q
 _18944_/Q
 _18945_/Q
 _18946_/Q
 _18947_/Q
 _18948_/Q
 _18949_/Q
 _18950_/Q
 _18951_/Q
 _18952_/Q
 _18953_/Q
 _18954_/Q
 _18955_/Q
 _18956_/Q
 _18957_/Q
 _18958_/Q
 _18959_/Q
 _18960_/Q
 _18961_/Q
 _18962_/Q
 _18963_/Q
 _18964_/Q
 _18965_/Q
 _18966_/Q
 _18967_/Q
 _18968_/Q
 _18969_/Q
 _18970_/Q
 _18971_/Q
 _18972_/Q
 _18973_/Q
 _18974_/Q
 _18975_/Q
 _18976_/Q
 _18977_/Q
 _18978_/Q
 _18979_/Q
 _18980_/Q
 _18981_/Q
 _18982_/Q
 _18983_/Q
 _18984_/Q
 _18985_/Q
 _18986_/Q
 _18987_/Q
 _18988_/Q
 _18989_/Q
 _18990_/Q
 _18991_/Q
 _18992_/Q
 _18993_/Q
 _18994_/Q
 _18995_/Q
 _18996_/Q
 _18997_/Q
 _18998_/Q
 _18999_/Q
 _19000_/Q
 _19001_/Q
 _19002_/Q
 _19003_/Q
 _19004_/Q
 _19005_/Q
 _19006_/Q
 _19007_/Q
 _19008_/Q
 _19009_/Q
 _19010_/Q
 _19011_/Q
 _19012_/Q
 _19013_/Q
 _19014_/Q
 _19015_/Q
 _19016_/Q
 _19017_/Q
 _19018_/Q
 _19019_/Q
 _19020_/Q
 _19021_/Q
 _19022_/Q
 _19023_/Q
 _19024_/Q
 _19025_/Q
 _19026_/Q
 _19027_/Q
 _19028_/Q
 _19029_/Q
 _19030_/Q
 _19031_/Q
 _19032_/Q
 _19033_/Q
 _19034_/Q
 _19035_/Q
 _19036_/Q
 _19037_/Q
 _19038_/Q
 _19039_/Q
 _19040_/Q
 _19041_/Q
 _19042_/Q
 _19043_/Q
 _19044_/Q
 _19045_/Q
 _19046_/Q
 _19047_/Q
 _19048_/Q
 _19049_/Q
 _19050_/Q
 _19051_/Q
 _19052_/Q
 _19053_/Q
 _19054_/Q
 _19055_/Q
 _19056_/Q
 _19057_/Q
 _19058_/Q
 _19059_/Q
 _19060_/Q
 _19061_/Q
 _19062_/Q
 _19063_/Q
 _19064_/Q
 _19065_/Q
 _19066_/Q
 _19067_/Q
 _19068_/Q
 _19069_/Q
 _19070_/Q
 _19071_/Q
 _19072_/Q
 _19073_/Q
 _19074_/Q
 _19075_/Q
 _19076_/Q
 _19077_/Q
 _19078_/Q
 _19079_/Q
 _19080_/Q
 _19081_/Q
 _19082_/Q
 _19083_/Q
 _19084_/Q
 _19085_/Q
 _19086_/Q
 _19087_/Q
 _19088_/Q
 _19089_/Q
 _19090_/Q
 _19091_/Q
 _19092_/Q
 _19093_/Q
 _19094_/Q
 _19095_/Q
 _19096_/Q
 _19097_/Q
 _19098_/Q
 _19099_/Q
 _19100_/Q
 _19101_/Q
 _19102_/Q
 _19103_/Q
 _19104_/Q
 _19105_/Q
 _19106_/Q
 _19107_/Q
 _19108_/Q
 _19109_/Q
 _19110_/Q
 _19111_/Q
 _19112_/Q
 _19113_/Q
 _19114_/Q
 _19115_/Q
 _19116_/Q
 _19117_/Q
 _19118_/Q
 _19119_/Q
 _19120_/Q
 _19121_/Q
 _19122_/Q
 _19123_/Q
 _19124_/Q
 _19125_/Q
 _19126_/Q
 _19127_/Q
 _19128_/Q
 _19129_/Q
 _19130_/Q
 _19131_/Q
 _19132_/Q
 _19133_/Q
 _19134_/Q
 _19135_/Q
 _19136_/Q
 _19137_/Q
 _19138_/Q
 _19139_/Q
 _19140_/Q
 _19141_/Q
 _19142_/Q
 _19143_/Q
 _19144_/Q
 _19145_/Q
 _19146_/Q
 _19147_/Q
 _19148_/Q
 _19149_/Q
 _19150_/Q
 _19151_/Q
 _19152_/Q
 _19153_/Q
 _19154_/Q
 _19155_/Q
 _19156_/Q
 _19157_/Q
 _19158_/Q
 _19159_/Q
 _19160_/Q
 _19161_/Q
 _19162_/Q
 _19163_/Q
 _19164_/Q
 _19165_/Q
 _19166_/Q
 _19167_/Q
 _19168_/Q
 _19169_/Q
 _19170_/Q
 _19171_/Q
 _19172_/Q
 _19173_/Q
 _19174_/Q
 _19175_/Q
 _19176_/Q
 _19177_/Q
 _19178_/Q
 _19179_/Q
 _19180_/Q
 _19181_/Q
 _19182_/Q
 _19183_/Q
 _19184_/Q
 _19185_/Q
 _19186_/Q
 _19187_/Q
 _19188_/Q
 _19189_/Q
 _19190_/Q
 _19191_/Q
 _19192_/Q
 _19193_/Q
 _19194_/Q
 _19195_/Q
 _19196_/Q
 _19197_/Q
 _19198_/Q
 _19199_/Q
 _19200_/Q
 _19201_/Q
 _19202_/Q
 _19203_/Q
 _19204_/Q
 _19205_/Q
 _19206_/Q
 _19207_/Q
 _19208_/Q
 _19209_/Q
 _19210_/Q
 _19211_/Q
 _19212_/Q
 _19213_/Q
 _19214_/Q
 _19215_/Q
 _19216_/Q
 _19217_/Q
 _19218_/Q
 _19219_/Q
 _19220_/Q
 _19221_/Q
 _19222_/Q
 _19223_/Q
 _19224_/Q
 _19225_/Q
 _19226_/Q
 _19227_/Q
 _19228_/Q
 _19229_/Q
 _19230_/Q
 _19231_/Q
 _19232_/Q
 _19233_/Q
 _19234_/Q
 _19235_/Q
 _19236_/Q
 _19237_/Q
 _19238_/Q
 _19239_/Q
 _19240_/Q
 _19241_/Q
 _19242_/Q
 _19243_/Q
 _19244_/Q
 _19245_/Q
 _19246_/Q
 _19247_/Q
 _19248_/Q
 _19249_/Q
 _19250_/Q
 _19251_/Q
 _19252_/Q
 _19253_/Q
 _19254_/Q
 _19255_/Q
 _19256_/Q
 _19257_/Q
 _19258_/Q
 _19259_/Q
 _19260_/Q
 _19261_/Q
 _19262_/Q
 _19263_/Q
 _19264_/Q
 _19265_/Q
 _19266_/Q
 _19267_/Q
 _19268_/Q
 _19269_/Q
 _19270_/Q
 _19271_/Q
 _19272_/Q
 _19273_/Q
 _19274_/Q
 _19275_/Q
 _19276_/Q
 _19277_/Q
 _19278_/Q
 _19279_/Q
 _19280_/Q
 _19281_/Q
 _19282_/Q
 _19283_/Q
 _19284_/Q
 _19285_/Q
 _19286_/Q
 _19287_/Q
 _19288_/Q
 _19289_/Q
 _19290_/Q
 _19291_/Q
 _19292_/Q
 _19293_/Q
 _19294_/Q
 _19295_/Q
 _19296_/Q
 _19297_/Q
 _19298_/Q
 _19299_/Q
 _19300_/Q
 _19301_/Q
 _19302_/Q
 _19303_/Q
 _19304_/Q
 _19305_/Q
 _19306_/Q
 _19307_/Q
 _19308_/Q
 _19309_/Q
 _19310_/Q
 _19311_/Q
 _19312_/Q
 _19313_/Q
 _19314_/Q
 _19315_/Q
 _19316_/Q
 _19317_/Q
 _19318_/Q
 _19319_/Q
 _19320_/Q
 _19321_/Q
 _19322_/Q
 _19323_/Q
 _19324_/Q
 _19325_/Q
 _19326_/Q
 _19327_/Q
 _19328_/Q
 _19329_/Q
 _19330_/Q
 _19331_/Q
 _19332_/Q
 _19333_/Q
 _19334_/Q
 _19335_/Q
 _19336_/Q
 _19337_/Q
 _19338_/Q
 _19339_/Q
 _19340_/Q
 _19341_/Q
 _19342_/Q
 _19343_/Q
 _19344_/Q
 _19345_/Q
 _19346_/Q
 _19347_/Q
 _19348_/Q
 _19349_/Q
 _19350_/Q
 _19351_/Q
 _19352_/Q
 _19353_/Q
 _19354_/Q
 _19355_/Q
 _19356_/Q
 _19357_/Q
 _19358_/Q
 _19359_/Q
 _19360_/Q
 _19361_/Q
 _19362_/Q
 _19363_/Q
 _19364_/Q
 _19365_/Q
 _19366_/Q
 _19367_/Q
 _19368_/Q
 _19369_/Q
 _19370_/Q
 _19371_/Q
 _19372_/Q
 _19373_/Q
 _19374_/Q
 _19375_/Q
 _19376_/Q
 _19377_/Q
 _19378_/Q
 _19379_/Q
 _19380_/Q
 _19381_/Q
 _19382_/Q
 _19383_/Q
 _19384_/Q
 _19385_/Q
 _19386_/Q
 _19387_/Q
 _19388_/Q
 _19389_/Q
 _19390_/Q
 _19391_/Q
 _19392_/Q
 _19393_/Q
 _19394_/Q
 _19395_/Q
 _19396_/Q
 _19397_/Q
 _19398_/Q
 _19399_/Q
 _19400_/Q
 _19401_/Q
 _19402_/Q
 _19403_/Q
 _19404_/Q
 _19405_/Q
 _19406_/Q
 _19407_/Q
 _19408_/Q
 _19409_/Q
 _19410_/Q
 _19411_/Q
 _19412_/Q
 _19413_/Q
 _19414_/Q
 _19415_/Q
 _19416_/Q
 _19417_/Q
 _19418_/Q
 _19419_/Q
 _19420_/Q
 _19421_/Q
 _19422_/Q
 _19423_/Q
 _19424_/Q
 _19425_/Q
 _19426_/Q
 _19427_/Q
 _19428_/Q
 _19429_/Q
 _19430_/Q
 _19431_/Q
 _19432_/Q
 _19433_/Q
 _19434_/Q
 _19435_/Q
 _19436_/Q
 _19437_/Q
 _19438_/Q
 _19439_/Q
 _19440_/Q
 _19441_/Q
 _19442_/Q
 _19443_/Q
 _19444_/Q
 _19445_/Q
 _19446_/Q
 _19447_/Q
 _19448_/Q
 _19449_/Q
 _19450_/Q
 _19451_/Q
 _19452_/Q
 _19453_/Q
 _19454_/Q
 _19455_/Q
 _19456_/Q
 _19457_/Q
 _19458_/Q
 _19459_/Q
 _19460_/Q
 _19461_/Q
 _19462_/Q
 _19463_/Q
 _19464_/Q
 _19465_/Q
 _19466_/Q
 _19467_/Q
 _19468_/Q
 _19469_/Q
 _19470_/Q
 _19471_/Q
 _19472_/Q
 _19473_/Q
 _19474_/Q
 _19475_/Q
 _19476_/Q
 _19477_/Q
 _19478_/Q
 _19479_/Q
 _19480_/Q
 _19481_/Q
 _19482_/Q
 _19483_/Q
 _19484_/Q
 _19485_/Q
 _19486_/Q
 _19487_/Q
 _19488_/Q
 _19489_/Q
 _19490_/Q
 _19491_/Q
 _19492_/Q
 _19493_/Q
 _19494_/Q
 _19495_/Q
 _19496_/Q
 _19497_/Q
 _19498_/Q
 _19499_/Q
 _19500_/Q
 _19501_/Q
 _19502_/Q
 _19503_/Q
 _19504_/Q
 _19505_/Q
 _19506_/Q
 _19507_/Q
 _19508_/Q
 _19509_/Q
 _19510_/Q
 _19511_/Q
 _19512_/Q
 _19513_/Q
 _19514_/Q
 _19515_/Q
 _19516_/Q
 _19517_/Q
 _19518_/Q
 _19519_/Q
 _19520_/Q
 _19521_/Q
 _19522_/Q
 _19523_/Q
 _19524_/Q
 _19525_/Q
 _19526_/Q
 _19527_/Q
 _19528_/Q
 _19529_/Q
 _19530_/Q
 _19531_/Q
 _19532_/Q
 _19533_/Q
 _19534_/Q
 _19535_/Q
 _19536_/Q
 _19537_/Q
 _19538_/Q
 _19539_/Q
 _19540_/Q
 _19541_/Q
 _19542_/Q
 _19543_/Q
 _19544_/Q
 _19545_/Q
 _19546_/Q
 _19547_/Q
 _19548_/Q
 _19549_/Q
 _19550_/Q
 _19551_/Q
 _19552_/Q
 _19553_/Q
 _19554_/Q
 _19555_/Q
 _19556_/Q
 _19557_/Q
 _19558_/Q
 _19559_/Q
 _19560_/Q
 _19561_/Q
 _19562_/Q
 _19563_/Q
 _19564_/Q
 _19565_/Q
 _19566_/Q
 _19567_/Q
 _19568_/Q
 _19569_/Q
 _19570_/Q
 _19571_/Q
 _19572_/Q
 _19573_/Q
 _19574_/Q
 _19575_/Q
 _19576_/Q
 _19577_/Q
 _19578_/Q
 _19579_/Q
 _19580_/Q
 _19581_/Q
 _19582_/Q
 _19583_/Q
 _19584_/Q
 _19585_/Q
 _19586_/Q
 _19587_/Q
 _19588_/Q
 _19589_/Q
 _19590_/Q
 _19591_/Q
 _19592_/Q
 _19593_/Q
 _19594_/Q
 _19595_/Q
 _19596_/Q
 _19597_/Q
 _19598_/Q
 _19599_/Q
 _19600_/Q
 _19601_/Q
 _19602_/Q
 _19603_/Q
 _19604_/Q
 _19605_/Q
 _19606_/Q
 _19607_/Q
 _19608_/Q
 _19609_/Q
 _19610_/Q
 _19611_/Q
 _19612_/Q
 _19613_/Q
 _19614_/Q
 _19615_/Q
 _19616_/Q
 _19617_/Q
 _19618_/Q
 _19619_/Q
 _19620_/Q
 _19621_/Q
 _19622_/Q
 _19623_/Q
 _19624_/Q
 _19625_/Q
 _19626_/Q
 _19627_/Q
 _19628_/Q
 _19629_/Q
 _19630_/Q
 _19631_/Q
 _19632_/Q
 _19633_/Q
 _19634_/Q
 _19635_/Q
 _19636_/Q
 _19637_/Q
 _19638_/Q
 _19639_/Q
 _19640_/Q
 _19641_/Q
 _19642_/Q
 _19643_/Q
 _19644_/Q
 _19645_/Q
 _19646_/Q
 _19647_/Q
 _19648_/Q
 _19649_/Q
 _19650_/Q
 _19651_/Q
 _19652_/Q
 _19653_/Q
 _19654_/Q
 _19655_/Q
 _19656_/Q
 _19657_/Q
 _19658_/Q
 _19659_/Q
 _19660_/Q
 _19661_/Q
 _19662_/Q
 _19663_/Q
 _19664_/Q
 _19665_/Q
 _19666_/Q
 _19667_/Q
 _19668_/Q
 _19669_/Q
 _19670_/Q
 _19671_/Q
 _19672_/Q
 _19673_/Q
 _19674_/Q
 _19675_/Q
 _19676_/Q
 _19677_/Q
 _19678_/Q
 _19679_/Q
 _19680_/Q
 _19681_/Q
 _19682_/Q
 _19683_/Q
 _19684_/Q
 _19685_/Q
 _19686_/Q
 _19687_/Q
 _19688_/Q
 _19689_/Q
 _19690_/Q
 _19691_/Q
 _19692_/Q
 _19693_/Q
 _19694_/Q
 _19695_/Q
 _19696_/Q
 _19697_/Q
 _19698_/Q
 _19699_/Q
 _19700_/Q
 _19701_/Q
 _19702_/Q
 _19703_/Q
 _19704_/Q
 _19705_/Q
 _19706_/Q
 _19707_/Q
 _19708_/Q
 _19709_/Q
 _19710_/Q
 _19711_/Q
 _19712_/Q
 _19713_/Q
 _19714_/Q
 _19715_/Q
 _19716_/Q
 _19717_/Q
 _19718_/Q
 _19719_/Q
 _19720_/Q
 _19721_/Q
 _19722_/Q
 _19723_/Q
 _19724_/Q
 _19725_/Q
 _19726_/Q
 _19727_/Q
 _19728_/Q
 _19729_/Q
 _19730_/Q
 _19731_/Q
 _19732_/Q
 _19733_/Q
 _19734_/Q
 _19735_/Q
 _19736_/Q
 _19737_/Q
 _19738_/Q
 _19739_/Q
 _19740_/Q
 _19741_/Q
 _19742_/Q
 _19743_/Q
 _19744_/Q
 _19745_/Q
 _19746_/Q
 _19747_/Q
 _19748_/Q
 _19749_/Q
 _19750_/Q
 _19751_/Q
 _19752_/Q
 _19753_/Q
 _19754_/Q
 _19755_/Q
 _19756_/Q
 _19757_/Q
 _19758_/Q
 _19759_/Q
 _19760_/Q
 _19761_/Q
 _19762_/Q
 _19763_/Q
 _19764_/Q
 _19765_/Q
 _19766_/Q
 _19767_/Q
 _19768_/Q
 _19769_/Q
 _19770_/Q
 _19771_/Q
 _19772_/Q
 _19773_/Q
 _19774_/Q
 _19775_/Q
 _19776_/Q
 _19777_/Q
 _19778_/Q
 _19779_/Q
 _19780_/Q
 _19781_/Q
 _19782_/Q
 _19783_/Q
 _19784_/Q
 _19785_/Q
 _19786_/Q
 _19787_/Q
 _19788_/Q
 _19789_/Q
 _19790_/Q
 _19791_/Q
 _19792_/Q
 _19793_/Q
 _19794_/Q
 _19795_/Q
 _19796_/Q
 _19797_/Q
 _19798_/Q
 _19799_/Q
 _19800_/Q
 _19801_/Q
 _19802_/Q
 _19803_/Q
 _19804_/Q
 _19805_/Q
 _19806_/Q
 _19807_/Q
 _19808_/Q
 _19809_/Q
 _19810_/Q
 _19811_/Q
 _19812_/Q
 _19813_/Q
 _19814_/Q
 _19815_/Q
 _19816_/Q
 _19817_/Q
 _19818_/Q
 _19819_/Q
 _19820_/Q
 _19821_/Q
 _19822_/Q
 _19823_/Q
 _19824_/Q
 _19825_/Q
 _19826_/Q
 _19827_/Q
 _19828_/Q
 _19829_/Q
 _19830_/Q
 _19831_/Q
 _19832_/Q
 _19833_/Q
 _19834_/Q
 _19835_/Q
 _19836_/Q
 _19837_/Q
 _19838_/Q
 _19839_/Q
 _19840_/Q
 _19841_/Q
 _19842_/Q
 _19843_/Q
 _19844_/Q
 _19845_/Q
 _19846_/Q
 _19847_/Q
 _19848_/Q
 _19849_/Q
 _19850_/Q
 _19851_/Q
 _19852_/Q
 _19853_/Q
 _19854_/Q
 _19855_/Q
 _19856_/Q
 _19857_/Q
 _19858_/Q
 _19859_/Q
 _19860_/Q
 _19861_/Q
 _19862_/Q
 _19863_/Q
 _19864_/Q
 _19865_/Q
 _19866_/Q
 _19867_/Q
 _19868_/Q
 _19869_/Q
 _19870_/Q
 _19871_/Q
 _19872_/Q
 _19873_/Q
 _19874_/Q
 _19875_/Q
 _19876_/Q
 _19877_/Q
 _19878_/Q
 _19879_/Q
 _19880_/Q
 _19881_/Q
 _19882_/Q
 _19883_/Q
 _19884_/Q
 _19885_/Q
 _19886_/Q
 _19887_/Q
 _19888_/Q
 _19889_/Q
 _19890_/Q
 _19891_/Q
 _19892_/Q
 _19893_/Q
 _19894_/Q
 _19895_/Q
 _19896_/Q
 _19897_/Q
 _19898_/Q
 _19899_/Q
 _19900_/Q
 _19901_/Q
 _19902_/Q
 _19903_/Q
 _19904_/Q
 _19905_/Q
 _19906_/Q
 _19907_/Q
 _19908_/Q
 _19909_/Q
 _19910_/Q
 _19911_/Q
 _19912_/Q
 _19913_/Q
 _19914_/Q
 _19915_/Q
 _19916_/Q
 _19917_/Q
 _19918_/Q
 _19919_/Q
 _19920_/Q
 _19921_/Q
 _19922_/Q
 _19923_/Q
 _19924_/Q
 _19925_/Q
 _19926_/Q
 _19927_/Q
 _19928_/Q
 _19929_/Q
 _19930_/Q
 _19931_/Q
 _19932_/Q
 _19933_/Q
 _19934_/Q
 _19935_/Q
 _19936_/Q
 _19937_/Q
 _19938_/Q
 _19939_/Q
 _19940_/Q
 _19941_/Q
 _19942_/Q
 _19943_/Q
 _19944_/Q
 _19945_/Q
 _19946_/Q
 _19947_/Q
 _19948_/Q
 _19949_/Q
 _19950_/Q
 _19951_/Q
 _19952_/Q
 _19953_/Q
 _19954_/Q
 _19955_/Q
 _19956_/Q
 _19957_/Q
 _19958_/Q
 _19959_/Q
 _19960_/Q
 _19961_/Q
 _19962_/Q
 _19963_/Q
 _19964_/Q
 _19965_/Q
 _19966_/Q
 _19967_/Q
 _19968_/Q
 _19969_/Q
 _19970_/Q
 _19971_/Q
 _19972_/Q
 _19973_/Q
 _19974_/Q
 _19975_/Q
 _19976_/Q
 _19977_/Q
 _19978_/Q
 _19979_/Q
 _19980_/Q
 _19981_/Q
 _19982_/Q
 _19983_/Q
 _19984_/Q
 _19985_/Q
 _19986_/Q
 _19987_/Q
 _19988_/Q
 _19989_/Q
 _19990_/Q
 _19991_/Q
 _19992_/Q
 _19993_/Q
 _19994_/Q
 _19995_/Q
 _19996_/Q
 _19997_/Q
 _19998_/Q
 _19999_/Q
 _20000_/Q
 _20001_/Q
 _20002_/Q
 _20003_/Q
 _20004_/Q
 _20005_/Q
 _20006_/Q
 _20007_/Q
 _20008_/Q
 _20009_/Q
 _20010_/Q
 _20011_/Q
 _20012_/Q
 _20013_/Q
 _20014_/Q
 _20015_/Q
 _20016_/Q
 _20017_/Q
 _20018_/Q
 _20019_/Q
 _20020_/Q
 _20021_/Q
 _20022_/Q
 _20023_/Q
 _20024_/Q
 _20025_/Q
 _20026_/Q
 _20027_/Q
 _20028_/Q
 _20029_/Q
 _20030_/Q
 _20031_/Q
 _20032_/Q
 _20033_/Q
 _20034_/Q
 _20035_/Q
 _20036_/Q
 _20037_/Q
 _20038_/Q
 _20039_/Q
 _20040_/Q
 _20041_/Q
 _20042_/Q
 _20043_/Q
 _20044_/Q
 _20045_/Q
 _20046_/Q
 _20047_/Q
 _20048_/Q
 _20049_/Q
 _20050_/Q
 _20051_/Q
 _20052_/Q
 _20053_/Q
 _20054_/Q
 _20055_/Q
 _20056_/Q
 _20057_/Q
 _20058_/Q
 _20059_/Q
 _20060_/Q
 _20061_/Q
 _20062_/Q
 _20063_/Q
 _20064_/Q
 _20065_/Q
 _20066_/Q
 _20067_/Q
 _20068_/Q
 _20069_/Q
 _20070_/Q
 _20071_/Q
 _20072_/Q
 _20073_/Q
 _20074_/Q
 _20075_/Q
 _20076_/Q
 _20077_/Q
 _20078_/Q
 _20079_/Q
 _20080_/Q
 _20081_/Q
 _20082_/Q
 _20083_/Q
 _20084_/Q
 _20085_/Q
 _20086_/Q
 _20087_/Q
 _20088_/Q
 _20089_/Q
 _20090_/Q
 _20091_/Q
 _20092_/Q
 _20093_/Q
 _20094_/Q
 _20095_/Q
 _20096_/Q
 _20097_/Q
 _20098_/Q
 _20099_/Q
 _20100_/Q
 _20101_/Q
 _20102_/Q
 _20103_/Q
 _20104_/Q
 _20105_/Q
 _20106_/Q
 _20107_/Q
 _20108_/Q
 _20109_/Q
 _20110_/Q
 _20111_/Q
 _20112_/Q
 _20113_/Q
 _20114_/Q
 _20115_/Q
 _20116_/Q
 _20117_/Q
 _20118_/Q
 _20119_/Q
 _20120_/Q
 _20121_/Q
 _20122_/Q
 _20123_/Q
 _20124_/Q
 _20125_/Q
 _20126_/Q
 _20127_/Q
 _20128_/Q
 _20129_/Q
 _20130_/Q
 _20131_/Q
 _20132_/Q
 _20133_/Q
 _20134_/Q
 _20135_/Q
 _20136_/Q
 _20137_/Q
 _20138_/Q
 _20139_/Q
 _20140_/Q
 _20141_/Q
 _20142_/Q
 _20143_/Q
 _20144_/Q
 _20145_/Q
 _20146_/Q
 _20147_/Q
 _20148_/Q
 _20149_/Q
 _20150_/Q
 _20151_/Q
 _20152_/Q
 _20153_/Q
 _20154_/Q
 _20155_/Q
 _20156_/Q
 _20157_/Q
 _20158_/Q
 _20159_/Q
 _20160_/Q
 _20161_/Q
 _20162_/Q
 _20163_/Q
 _20164_/Q
 _20165_/Q
 _20166_/Q
 _20167_/Q
 _20168_/Q
 _20169_/Q
 _20170_/Q
 _20171_/Q
 _20172_/Q
 _20173_/Q
 _20174_/Q
 _20175_/Q
 _20176_/Q
 _20177_/Q
 _20178_/Q
 _20179_/Q
 _20180_/Q
 _20181_/Q
 _20182_/Q
 _20183_/Q
 _20184_/Q
 _20185_/Q
 _20186_/Q
 _20187_/Q
 _20188_/Q
 _20189_/Q
 _20190_/Q
 _20191_/Q
 _20192_/Q
 _20193_/Q
 _20194_/Q
 _20195_/Q
 _20196_/Q
 _20197_/Q
 _20198_/Q
 _20199_/Q
 _20200_/Q
 _20201_/Q
 _20202_/Q
 _20203_/Q
 _20204_/Q
 _20205_/Q
 _20206_/Q
 _20207_/Q
 _20208_/Q
 _20209_/Q
 _20210_/Q
 _20211_/Q
 _20212_/Q
 _20213_/Q
 _20214_/Q
 _20215_/Q
 _20216_/Q
 _20217_/Q
 _20218_/Q
 _20219_/Q
 _20220_/Q
 _20221_/Q
 _20222_/Q
 _20223_/Q
 _20224_/Q
 _20225_/Q
 _20226_/Q
 _20227_/Q
 _20228_/Q
 _20229_/Q
 _20230_/Q
 _20231_/Q
 _20232_/Q
 _20233_/Q
 _20234_/Q
 _20235_/Q
 _20236_/Q
 _20237_/Q
 _20238_/Q
 _20239_/Q
 _20240_/Q
 _20241_/Q
 _20242_/Q
 _20243_/Q
 _20244_/Q
 _20245_/Q
 _20246_/Q
 _20247_/Q
 _20248_/Q
 _20249_/Q
 _20250_/Q
 _20251_/Q
 _20252_/Q
 _20253_/Q
 _20254_/Q
 _20255_/Q
 _20256_/Q
 _20257_/Q
 _20258_/Q
 _20259_/Q
 _20260_/Q
 _20261_/Q
 _20262_/Q
 _20263_/Q
 _20264_/Q
 _20265_/Q
 _20266_/Q
 _20267_/Q
 _20268_/Q
 _20269_/Q
 _20270_/Q
 _20271_/Q
 _20272_/Q
 _20273_/Q
 _20274_/Q
 _20275_/Q
 _20276_/Q
 _20277_/Q
 _20278_/Q
 _20279_/Q
 _20280_/Q
 _20281_/Q
 _20282_/Q
 _20283_/Q
 _20284_/Q
 _20285_/Q
 _20286_/Q
 _20287_/Q
 _20288_/Q
 _20289_/Q
 _20290_/Q
 _20291_/Q
 _20292_/Q
 _20293_/Q
 _20294_/Q
 _20295_/Q
 _20296_/Q
 _20297_/Q
 _20298_/Q
 _20299_/Q
 _20300_/Q
 _20301_/Q
 _20302_/Q
 _20303_/Q
 _20304_/Q
 _20305_/Q
 _20306_/Q
 _20307_/Q
 _20308_/Q
 _20309_/Q
 _20310_/Q
 _20311_/Q
 _20312_/Q
 _20313_/Q
 _20314_/Q
 _20315_/Q
 _20316_/Q
 _20317_/Q
 _20318_/Q
 _20319_/Q
 _20320_/Q
 _20321_/Q
 _20322_/Q
 _20323_/Q
 _20324_/Q
 _20325_/Q
 _20326_/Q
 _20327_/Q
 _20328_/Q
 _20329_/Q
 _20330_/Q
 _20331_/Q
 _20332_/Q
 _20333_/Q
 _20334_/Q
 _20335_/Q
 _20336_/Q
 _20337_/Q
 _20338_/Q
 _20339_/Q
 _20340_/Q
 _20341_/Q
 _20342_/Q
 _20343_/Q
 _20344_/Q
 _20345_/Q
 _20346_/Q
 _20347_/Q
 _20348_/Q
 _20349_/Q
 _20350_/Q
 _20351_/Q
 _20352_/Q
 _20353_/Q
 _20354_/Q
 _20355_/Q
 _20356_/Q
 _20357_/Q
 _20358_/Q
 _20359_/Q
 _20360_/Q
 _20361_/Q
 _20362_/Q
 _20363_/Q
 _20364_/Q
 _20365_/Q
 _20366_/Q
 _20367_/Q
 _20368_/Q
 _20369_/Q
 _20370_/Q
 _20371_/Q
 _20372_/Q
 _20373_/Q
 _20374_/Q
 _20375_/Q
 _20376_/Q
 _20377_/Q
 _20378_/Q
 _20379_/Q
 _20380_/Q
 _20381_/Q
 _20382_/Q
 _20383_/Q
 _20384_/Q
 _20385_/Q
 _20386_/Q
 _20387_/Q
 _20388_/Q
 _20389_/Q
 _20390_/Q
 _20391_/Q
 _20392_/Q
 _20393_/Q
 _20394_/Q
 _20395_/Q
 _20396_/Q
 _20397_/Q
 _20398_/Q
 _20399_/Q
 _20400_/Q
 _20401_/Q
 _20402_/Q
 _20403_/Q
 _20404_/Q
 _20405_/Q
 _20406_/Q
 _20407_/Q
 _20408_/Q
 _20409_/Q
 _20410_/Q
 _20411_/Q
 _20412_/Q
 _20413_/Q
 _20414_/Q
 _20415_/Q
 _20416_/Q
 _20417_/Q
 _20418_/Q
 _20419_/Q
 _20420_/Q
 _20421_/Q
 _20422_/Q
 _20423_/Q
 _20424_/Q
 _20425_/Q
 _20426_/Q
 _20427_/Q
 _20428_/Q
 _20429_/Q
 _20430_/Q
 _20431_/Q
 _20432_/Q
 _20433_/Q
 _20434_/Q
 _20435_/Q
 _20436_/Q
 _20437_/Q
 _20438_/Q
 _20439_/Q
 _20440_/Q
 _20441_/Q
 _20442_/Q
 _20443_/Q
 _20444_/Q
 _20445_/Q
 _20446_/Q
 _20447_/Q
 _20448_/Q
 _20449_/Q
 _20450_/Q
 _20451_/Q
 _20452_/Q
 _20453_/Q
 _20454_/Q
 _20455_/Q
 _20456_/Q
 _20457_/Q
 _20458_/Q
 _20459_/Q
 _20460_/Q
 _20461_/Q
 _20462_/Q
 _20463_/Q
 _20464_/Q
 _20465_/Q
 _20466_/Q
 _20467_/Q
 _20468_/Q
 _20469_/Q
 _20470_/Q
 _20471_/Q
 _20472_/Q
 _20473_/Q
 _20474_/Q
 _20475_/Q
 _20476_/Q
 _20477_/Q
 _20478_/Q
 _20479_/Q
 _20480_/Q
 _20481_/Q
 _20482_/Q
 _20483_/Q
 _20484_/Q
 _20485_/Q
 _20486_/Q
 _20487_/Q
 _20488_/Q
 _20489_/Q
 _20490_/Q
 _20491_/Q
 _20492_/Q
 _20493_/Q
 _20494_/Q
 _20495_/Q
 _20496_/Q
 _20497_/Q
 _20498_/Q
 _20499_/Q
 _20500_/Q
 _20501_/Q
 _20502_/Q
 _20503_/Q
 _20504_/Q
 _20505_/Q
 _20506_/Q
 _20507_/Q
 _20508_/Q
 _20509_/Q
 _20510_/Q
 _20511_/Q
 _20512_/Q
 _20513_/Q
 _20514_/Q
 _20515_/Q
 _20516_/Q
 _20517_/Q
 _20518_/Q
 _20519_/Q
 _20520_/Q
 _20521_/Q
 _20522_/Q
 _20523_/Q
 _20524_/Q
 _20525_/Q
 _20526_/Q
 _20527_/Q
 _20528_/Q
 _20529_/Q
 _20530_/Q
 _20531_/Q
 _20532_/Q
 _20533_/Q
 _20534_/Q
 _20535_/Q
 _20536_/Q
 _20537_/Q
 _20538_/Q
 _20539_/Q
 _20540_/Q
 _20541_/Q
 _20542_/Q
 _20543_/Q
 _20544_/Q
 _20545_/Q
 _20546_/Q
 _20547_/Q
 _20548_/Q
 _20549_/Q
 _20550_/Q
 _20551_/Q
 _20552_/Q
 _20553_/Q
 _20554_/Q
 _20555_/Q
 _20556_/Q
 _20557_/Q
 _20558_/Q
 _20559_/Q
 _20560_/Q
 _20561_/Q
 _20562_/Q
 _20563_/Q
 _20564_/Q
 _20565_/Q
 _20566_/Q
 _20567_/Q
 _20568_/Q
 _20569_/Q
 _20570_/Q
 _20571_/Q
 _20572_/Q
 _20573_/Q
 _20574_/Q
 _20575_/Q
 _20576_/Q
 _20577_/Q
 _20578_/Q
 _20579_/Q
 _20580_/Q
 _20581_/Q
 _20582_/Q
 _20583_/Q
 _20584_/Q
 _20585_/Q
 _20586_/Q
 _20587_/Q
 _20588_/Q
 _20589_/Q
 _20590_/Q
 _20591_/Q
 _20592_/Q
 _20593_/Q
 _20594_/Q
 _20595_/Q
 _20596_/Q
 _20597_/Q
 _20598_/Q
 _20599_/Q
 _20600_/Q
 _20601_/Q
 _20602_/Q
 _20603_/Q
 _20604_/Q
 _20605_/Q
 _20606_/Q
 _20607_/Q
 _20608_/Q
 _20609_/Q
 _20610_/Q
 _20611_/Q
 _20612_/Q
 _20613_/Q
 _20614_/Q
 _20615_/Q
 _20616_/Q
 _20617_/Q
 _20618_/Q
 _20619_/Q
 _20620_/Q
 _20621_/Q
 _20622_/Q
 _20623_/Q
 _20624_/Q
 _20625_/Q
 _20626_/Q
 _20627_/Q
 _20628_/Q
 _20629_/Q
 _20630_/Q
 _20631_/Q
 _20632_/Q
 _20633_/Q
 _20634_/Q
 _20635_/Q
 _20636_/Q
 _20637_/Q
 _20638_/Q
 _20639_/Q
 _20640_/Q
 _20641_/Q
 _20642_/Q
 _20643_/Q
 _20644_/Q
 _20645_/Q
 _20646_/Q
 _20647_/Q
 _20648_/Q
 _20649_/Q
 _20650_/Q
 _20651_/Q
 _20652_/Q
 _20653_/Q
 _20654_/Q
 _20655_/Q
 _20656_/Q
 _20657_/Q
 _20658_/Q
 _20659_/Q
 _20660_/Q
 _20661_/Q
 _20662_/Q
 _20663_/Q
 _20664_/Q
 _20665_/Q
 _20666_/Q
 _20667_/Q
 _20668_/Q
 _20669_/Q
 _20670_/Q
 _20671_/Q
 _20672_/Q
 _20673_/Q
 _20674_/Q
 _20675_/Q
 _20676_/Q
 _20677_/Q
 _20678_/Q
 _20679_/Q
 _20680_/Q
 _20681_/Q
 _20682_/Q
 _20683_/Q
 _20684_/Q
 _20685_/Q
 _20686_/Q
 _20687_/Q
 _20688_/Q
 _20689_/Q
 _20690_/Q
 _20691_/Q
 _20692_/Q
 _20693_/Q
 _20694_/Q
 _20695_/Q
 _20696_/Q
 _20697_/Q
 _20698_/Q
 _20699_/Q
 _20700_/Q
 _20701_/Q
 _20702_/Q
 _20703_/Q
 _20704_/Q
 _20705_/Q
 _20706_/Q
 _20707_/Q
 _20708_/Q
 _20709_/Q
 _20710_/Q
 _20711_/Q
 _20712_/Q
 _20713_/Q
 _20714_/Q
 _20715_/Q
 _20716_/Q
 _20717_/Q
 _20718_/Q
 _20719_/Q
 _20720_/Q
 _20721_/Q
 _20722_/Q
 _20723_/Q
 _20724_/Q
 _20725_/Q
 _20726_/Q
 _20727_/Q
 _20728_/Q
 _20729_/Q
 _20730_/Q
 _20731_/Q
 _20732_/Q
 _20733_/Q
 _20734_/Q
 _20735_/Q
 _20736_/Q
 _20737_/Q
 _20738_/Q
 _20739_/Q
 _20740_/Q
 _20741_/Q
 _20742_/Q
 _20743_/Q
 _20744_/Q
 _20745_/Q
 _20746_/Q
 _20747_/Q
 _20748_/Q
 _20749_/Q
 _20750_/Q
 _20751_/Q
 _20752_/Q
 _20753_/Q
 _20754_/Q
 _20755_/Q
 _20756_/Q
 _20757_/Q
 _20758_/Q
 _20759_/Q
 _20760_/Q
 _20761_/Q
 _20762_/Q
 _20763_/Q
 _20764_/Q
 _20765_/Q
 _20766_/Q
 _20767_/Q
 _20768_/Q
 _20769_/Q
 _20770_/Q
 _20771_/Q
 _20772_/Q
 _20773_/Q
 _20774_/Q
 _20775_/Q
 _20776_/Q
 _20777_/Q
 _20778_/Q
 _20779_/Q
 _20780_/Q
 _20781_/Q
 _20782_/Q
 _20783_/Q
 _20784_/Q
 _20785_/Q
 _20786_/Q
 _20787_/Q
 _20788_/Q
 _20789_/Q
 _20790_/Q
 _20791_/Q
 _20792_/Q
 _20793_/Q
 _20794_/Q
 _20795_/Q
 _20796_/Q
 _20797_/Q
 _20798_/Q
 _20799_/Q
 _20800_/Q
 _20801_/Q
 _20802_/Q
 _20803_/Q
 _20804_/Q
 _20805_/Q
 _20806_/Q
 _20807_/Q
 _20808_/Q
 _20809_/Q
 _20810_/Q
 _20811_/Q
 _20812_/Q
 _20813_/Q
 _20814_/Q
 _20815_/Q
 _20816_/Q
 _20817_/Q
 _20818_/Q
 _20819_/Q
 _20820_/Q
 _20821_/Q
 _20822_/Q
 _20823_/Q
 _20824_/Q
 _20825_/Q
 _20826_/Q
 _20827_/Q
 _20828_/Q
 _20829_/Q
 _20830_/Q
 _20831_/Q
 _20832_/Q
 _20833_/Q
 _20834_/Q
 _20835_/Q
 _20836_/Q
 _20837_/Q
 _20838_/Q
 _20839_/Q
 _20840_/Q
 _20841_/Q
 _20842_/Q
 _20843_/Q
 _20844_/Q
 _20845_/Q
 _20846_/Q
 _20847_/Q
 _20848_/Q
 _20849_/Q
 _20850_/Q
 _20851_/Q
 _20852_/Q
 _20853_/Q
 _20854_/Q
 _20855_/Q
 _20856_/Q
 _20857_/Q
 _20858_/Q
 _20859_/Q
 _20860_/Q
 _20861_/Q
 _20862_/Q
 _20863_/Q
 _20864_/Q
 _20865_/Q
 _20866_/Q
 _20867_/Q
 _20868_/Q
 _20869_/Q
 _20870_/Q
 _20871_/Q
 _20872_/Q
 _20873_/Q
 _20874_/Q
 _20875_/Q
 _20876_/Q
 _20877_/Q
 _20878_/Q
 _20879_/Q
 _20880_/Q
 _20881_/Q
 _20882_/Q
 _20883_/Q
 _20884_/Q
 _20885_/Q
 _20886_/Q
 _20887_/Q
 _20888_/Q
 _20889_/Q
 _20890_/Q
 _20891_/Q
 _20892_/Q
 _20893_/Q
 _20894_/Q
 _20895_/Q
 _20896_/Q
 _20897_/Q
 _20898_/Q
 _20899_/Q
 _20900_/Q
 _20901_/Q
 _20902_/Q
 _20903_/Q
 _20904_/Q
 _20905_/Q
 _20906_/Q
 _20907_/Q
 _20908_/Q
 _20909_/Q
 _20910_/Q
 _20911_/Q
 _20912_/Q
 _20913_/Q
 _20914_/Q
 _20915_/Q
 _20916_/Q
 _20917_/Q
 _20918_/Q
 _20919_/Q
 _20920_/Q
 _20921_/Q
 _20922_/Q
 _20923_/Q
 _20924_/Q
 _20925_/Q
 _20926_/Q
 _20927_/Q
 _20928_/Q
 _20929_/Q
 _20930_/Q
 _20931_/Q
 _20932_/Q
 _20933_/Q
 _20934_/Q
 _20935_/Q
 _20936_/Q
 _20937_/Q
 _20938_/Q
 _20939_/Q
 _20940_/Q
 _20941_/Q
 _20942_/Q
 _20943_/Q
 _20944_/Q
 _20945_/Q
 _20946_/Q
 _20947_/Q
 _20948_/Q
 _20949_/Q
 _20950_/Q
 _20951_/Q
 _20952_/Q
 _20953_/Q
 _20954_/Q
 _20955_/Q
 _20956_/Q
 _20957_/Q
 _20958_/Q
 _20959_/Q
 _20960_/Q
 _20961_/Q
 _20962_/Q
 _20963_/Q
 _20964_/Q
 _20965_/Q
 _20966_/Q
 _20967_/Q
 _20968_/Q
 _20969_/Q
 _20970_/Q
 _20971_/Q
 _20972_/Q
 _20973_/Q
 _20974_/Q
 _20975_/Q
 _20976_/Q
 _20977_/Q
 _20978_/Q
 _20979_/Q
 _20980_/Q
 _20981_/Q
 _20982_/Q
 _20983_/Q
 _20984_/Q
 _20985_/Q
 _20986_/Q
 _20987_/Q
 _20988_/Q
 _20989_/Q
 _20990_/Q
 _20991_/Q
 _20992_/Q
 _20993_/Q
 _20994_/Q
 _20995_/Q
 _20996_/Q
 _20997_/Q
 _20998_/Q
 _20999_/Q
 _21000_/Q
 _21001_/Q
 _21002_/Q
 _21003_/Q
 _21004_/Q
 _21005_/Q
 _21006_/Q
 _21007_/Q
 _21008_/Q
 _21009_/Q
 _21010_/Q
 _21011_/Q
 _21012_/Q
 _21013_/Q
 _21014_/Q
 _21015_/Q
 _21016_/Q
 _21017_/Q
 _21018_/Q
 _21019_/Q
 _21020_/Q
 _21021_/Q
 _21022_/Q
 _21023_/Q
 _21024_/Q
 _21025_/Q
 _21026_/Q
 _21027_/Q
 _21028_/Q
 _21029_/Q
 _21030_/Q
 _21031_/Q
 _21032_/Q
 _21033_/Q
 _21034_/Q
 _21035_/Q
 _21036_/Q
 _21037_/Q
 _21038_/Q
 _21039_/Q
 _21040_/Q
 _21041_/Q
 _21042_/Q
 _21043_/Q
 _21044_/Q
 _21045_/Q
 _21046_/Q
 _21047_/Q
 _21048_/Q
 _21049_/Q
 _21050_/Q
 _21051_/Q
 _21052_/Q
 _21053_/Q
 _21054_/Q
 _21055_/Q
 _21056_/Q
 _21057_/Q
 _21058_/Q
 _21059_/Q
 _21060_/Q
 _21061_/Q
 _21062_/Q
 _21063_/Q
 _21064_/Q
 _21065_/Q
 _21066_/Q
 _21067_/Q
 _21068_/Q
 _21069_/Q
 _21070_/Q
 _21071_/Q
 _21072_/Q
 _21073_/Q
 _21074_/Q
 _21075_/Q
 _21076_/Q
 _21077_/Q
 _21078_/Q
 _21079_/Q
 _21080_/Q
 _21081_/Q
 _21082_/Q
 _21083_/Q
 _21084_/Q
 _21085_/Q
 _21086_/Q
 _21087_/Q
 _21088_/Q
 _21089_/Q
 _21090_/Q
 _21091_/Q
 _21092_/Q
 _21093_/Q
 _21094_/Q
 _21095_/Q
 _21096_/Q
 _21097_/Q
 _21098_/Q
 _21099_/Q
 _21100_/Q
 _21101_/Q
 _21102_/Q
 _21103_/Q
 _21104_/Q
 _21105_/Q
 _21106_/Q
 _21107_/Q
 _21108_/Q
 _21109_/Q
 _21110_/Q
 _21111_/Q
 _21112_/Q
 _21113_/Q
 _21114_/Q
 _21115_/Q
 _21116_/Q
 _21117_/Q
 _21118_/Q
 _21119_/Q
 _21120_/Q
 _21121_/Q
 _21122_/Q
 _21123_/Q
 _21124_/Q
 _21125_/Q
 _21126_/Q
 _21127_/Q
 _21128_/Q
 _21129_/Q
 _21130_/Q
 _21131_/Q
 _21132_/Q
 _21133_/Q
 _21134_/Q
 _21135_/Q
 _21136_/Q
 _21137_/Q
 _21138_/Q
 _21139_/Q
 _21140_/Q
 _21141_/Q
 _21142_/Q
 _21143_/Q
 _21144_/Q
 _21145_/Q
 _21146_/Q
 _21147_/Q
 _21148_/Q
 _21149_/Q
 _21150_/Q
 _21151_/Q
 _21152_/Q
 _21153_/Q
 _21154_/Q
 _21155_/Q
 _21156_/Q
 _21157_/Q
 _21158_/Q
 _21159_/Q
 _21160_/Q
 _21161_/Q
 _21162_/Q
 _21163_/Q
 _21164_/Q
 _21165_/Q
 _21166_/Q
 _21167_/Q
 _21168_/Q
 _21169_/Q
 _21170_/Q
 _21171_/Q
 _21172_/Q
 _21173_/Q
 _21174_/Q
 _21175_/Q
 _21176_/Q
 _21177_/Q
 _21178_/Q
 _21179_/Q
 _21180_/Q
 _21181_/Q
 _21182_/Q
 _21183_/Q
 _21184_/Q
 _21185_/Q
 _21186_/Q
 _21187_/Q
 _21188_/Q
 _21189_/Q
 _21190_/Q
 _21191_/Q
 _21192_/Q
 _21193_/Q
 _21194_/Q
 _21195_/Q
 _21196_/Q
 _21197_/Q
 _21198_/Q
 _21199_/Q
 _21200_/Q
 _21201_/Q
 _21202_/Q
 _21203_/Q
 _21204_/Q
 _21205_/Q
 _21206_/Q
 _21207_/Q
 _21208_/Q
 _21209_/Q
 _21210_/Q
 _21211_/Q
 _21212_/Q
 _21213_/Q
 _21214_/Q
 _21215_/Q
 _21216_/Q
 _21217_/Q
 _21218_/Q
 _21219_/Q
 _21220_/Q
 _21221_/Q
 _21222_/Q
 _21223_/Q
 _21224_/Q
 _21225_/Q
 _21226_/Q
 _21227_/Q
 _21228_/Q
 _21229_/Q
 _21230_/Q
 _21231_/Q
 _21232_/Q
 _21233_/Q
 _21234_/Q
 _21235_/Q
 _21236_/Q
 _21237_/Q
 _21238_/Q
 _21239_/Q
 _21240_/Q
 _21241_/Q
 _21242_/Q
 _21243_/Q
 _21244_/Q
 _21245_/Q
 _21246_/Q
 _21247_/Q
 _21248_/Q
 _21249_/Q
 _21250_/Q
 _21251_/Q
 _21252_/Q
 _21253_/Q
 _21254_/Q
 _21255_/Q
 _21256_/Q
 _21257_/Q
 _21258_/Q
 _21259_/Q
 _21260_/Q
 _21261_/Q
 _21262_/Q
 _21263_/Q
 _21264_/Q
 _21265_/Q
 _21266_/Q
 _21267_/Q
 _21268_/Q
 _21269_/Q
 _21270_/Q
 _21271_/Q
 _21272_/Q
 _21273_/Q
 _21274_/Q
 _21275_/Q
 _21276_/Q
 _21277_/Q
 _21278_/Q
 _21279_/Q
 _21280_/Q
 _21281_/Q
 _21282_/Q
 _21283_/Q
 _21284_/Q
 _21285_/Q
 _21286_/Q
 _21287_/Q
 _21288_/Q
 _21289_/Q
 _21290_/Q
 _21291_/Q
 _21292_/Q
 _21293_/Q
 _21294_/Q
 _21295_/Q
 _21296_/Q
 _21297_/Q
 _21298_/Q
 _21299_/Q
 _21300_/Q
 _21301_/Q
 _21302_/Q
 _21303_/Q
 _21304_/Q
 _21305_/Q
 _21306_/Q
 _21307_/Q
 _21308_/Q
 _21309_/Q
 _21310_/Q
 _21311_/Q
 _21312_/Q
 _21313_/Q
 _21314_/Q
 _21315_/Q
 _21316_/Q
 _21317_/Q
 _21318_/Q
 _21319_/Q
 _21320_/Q
 _21321_/Q
 _21322_/Q
 _21323_/Q
 _21324_/Q
 _21325_/Q
 _21326_/Q
 _21327_/Q
 _21328_/Q
 _21329_/Q
 _21330_/Q
 _21331_/Q
 _21332_/Q
 _21333_/Q
 _21334_/Q
 _21335_/Q
 _21336_/Q
 _21337_/Q
 _21338_/Q
 _21339_/Q
 _21340_/Q
 _21341_/Q
 _21342_/Q
 _21343_/Q
 _21344_/Q
 _21345_/Q
 _21346_/Q
 _21347_/Q
 _21348_/Q
 _21349_/Q
 _21350_/Q
 _21351_/Q
 _21352_/Q
 _21353_/Q
 _21354_/Q
 _21355_/Q
 _21356_/Q
 _21357_/Q
 _21358_/Q
 _21359_/Q
 _21360_/Q
 _21361_/Q
 _21362_/Q
 _21363_/Q
 _21364_/Q
 _21365_/Q
 _21366_/Q
 _21367_/Q
 _21368_/Q
 _21369_/Q
 _21370_/Q
 _21371_/Q
 _21372_/Q
 _21373_/Q
 _21374_/Q
 _21375_/Q
 _21376_/Q
 _21377_/Q
 _21378_/Q
 _21379_/Q
 _21380_/Q
 _21381_/Q
 _21382_/Q
 _21383_/Q
 _21384_/Q
 _21385_/Q
 _21386_/Q
 _21387_/Q
 _21388_/Q
 _21389_/Q
 _21390_/Q
 _21391_/Q
 _21392_/Q
 _21393_/Q
 _21394_/Q
 _21395_/Q
 _21396_/Q
 _21397_/Q
 _21398_/Q
 _21399_/Q
 _21400_/Q
 _21401_/Q
 _21402_/Q
 _21403_/Q
 _21404_/Q
 _21405_/Q
 _21406_/Q
 _21407_/Q
 _21408_/Q
 _21409_/Q
 _21410_/Q
 _21411_/Q
 _21412_/Q
 _21413_/Q
 _21414_/Q
 _21415_/Q
 _21416_/Q
 _21417_/Q
 _21418_/Q
 _21419_/Q
 _21420_/Q
 _21421_/Q
 _21422_/Q
 _21423_/Q
 _21424_/Q
 _21425_/Q
 _21426_/Q
 _21427_/Q
 _21428_/Q
 _21429_/Q
 _21430_/Q
 _21431_/Q
 _21432_/Q
 _21433_/Q
 _21434_/Q
 _21435_/Q
 _21436_/Q
 _21437_/Q
 _21438_/Q
 _21439_/Q
 _21440_/Q
 _21441_/Q
 _21442_/Q
 _21443_/Q
 _21444_/Q
 _21445_/Q
 _21446_/Q
 _21447_/Q
 _21448_/Q
 _21449_/Q
 _21450_/Q
 _21451_/Q
 _21452_/Q
 _21453_/Q
 _21454_/Q
 _21455_/Q
 _21456_/Q
 _21457_/Q
 _21458_/Q
 _21459_/Q
 _21460_/Q
 _21461_/Q
 _21462_/Q
 _21463_/Q
 _21464_/Q
 _21465_/Q
 _21466_/Q
 _21467_/Q
 _21468_/Q
 _21469_/Q
 _21470_/Q
 _21471_/Q
 _21472_/Q
 _21473_/Q
 _21474_/Q
 _21475_/Q
 _21476_/Q
 _21477_/Q
 _21478_/Q
 _21479_/Q
 _21480_/Q
 _21481_/Q
 _21482_/Q
 _21483_/Q
 _21484_/Q
 _21485_/Q
 _21486_/Q
 _21487_/Q
 _21488_/Q
 _21489_/Q
 _21490_/Q
 _21491_/Q
 _21492_/Q
 _21493_/Q
 _21494_/Q
 _21495_/Q
 _21496_/Q
 _21497_/Q
 _21498_/Q
 _21499_/Q
 _21500_/Q
 _21501_/Q
 _21502_/Q
 _21503_/Q
 _21504_/HI
 _21504_/LO
 _21505_/HI
 _21505_/LO
 _21506_/HI
 _21506_/LO
 _21507_/HI
 _21507_/LO
 _21508_/HI
 _21508_/LO
 _21509_/HI
 _21509_/LO
 _21510_/HI
 _21510_/LO
 _21511_/HI
 _21511_/LO
 _21512_/HI
 _21512_/LO
 _21513_/HI
 _21513_/LO
 _21514_/HI
 _21514_/LO
 _21515_/HI
 _21515_/LO
 _21516_/HI
 _21516_/LO
 _21517_/HI
 _21517_/LO
 _21518_/HI
 _21518_/LO
 _21519_/HI
 _21519_/LO
Found 0 partially unannotated drivers.

===========================================================================
max slew violation count 6488
max fanout violation count 260
max cap violation count 27
============================================================================

===========================================================================
check_setup -verbose -unconstrained_endpoints -multiple_clock -no_clock -no_input_delay -loops -generated_clocks
===========================================================================
