net,length_um
clknet_2_1_0_clk,948.09µm
clknet_2_3_0_clk,860.31µm
clknet_2_2_0_clk,846.89µm
clknet_0_clk,829.98µm
clknet_2_0_0_clk,814.2µm
net551,776.03µm
net2013,747.5µm
net2062,719.14µm
net1773,714.215µm
net2449,712.86µm
_04829_,711.23µm
net1634,701.29µm
net612,699.955µm
net588,695.13µm
net578,692.22µm
net599,684.6µm
net972,684.08µm
net677,683.2µm
_08270_,671.33µm
net855,670.8µm
net913,669.08µm
net1620,664.105µm
net614,650.89µm
clk,642.595µm
net609,642.185µm
_06343_,640.9µm
net1959,636.19µm
_03307_,636.03µm
net1999,632.33µm
_03106_,618.79µm
net2000,617.59µm
net856,615.68µm
net611,612µm
net914,608.835µm
net740,606.6µm
net581,602.7µm
net797,599.85µm
net915,599.2µm
net739,594.83µm
_04470_,592.62µm
net2305,591.54µm
_03147_,589.08µm
_05804_,586.935µm
_08310_,585.62µm
net798,584.05µm
_07747_,583.455µm
_07683_,573.015µm
_05473_,565.79µm
net610,562.955µm
_03967_,562.8µm
_05496_,547.97µm
net613,544.84µm
_03369_,543.79µm
_06878_,543.56µm
_05469_,542.16µm
_03503_,541.48µm
_05837_,541.48µm
_07063_,540.28µm
net583,538.86µm
_07525_,537.86µm
_05500_,536.1µm
_06578_,535.28µm
_05501_,531.79µm
net1627,528.16µm
net566,522.84µm
_07279_,518.74µm
_04463_,518.7µm
_09071_,516.84µm
_04698_,512.715µm
_07806_,507.37µm
net2202,506.62µm
_05852_,506.405µm
_05166_,502.46µm
_05414_,501.42µm
net545,501.4µm
_06310_,499.58µm
_03687_,496.96µm
_05477_,496.5µm
net433,495.5µm
net617,495.05µm
_05490_,492.73µm
_06758_,490.6µm
net1860,490.32µm
net1682,489.39µm
net571,487.4µm
_04839_,485.89µm
_05485_,485.14µm
_05218_,482.35µm
_05009_,479.68µm
_05484_,476.48µm
_09122_,475.08µm
_06251_,471.52µm
_05264_,471.41µm
net1977,470.98µm
_04926_,467.22µm
net2304,466.51µm
_05487_,462.43µm
_04555_,462.21µm
net590,459.32µm
net8,458.5µm
u_core.instr\[24\],457.4µm
_07776_,455.22µm
_05474_,454.88µm
net565,453.88µm
_06067_,453.64µm
_07369_,453.36µm
net558,452.225µm
_05851_,452.09µm
net586,450.42µm
net1646,448.08µm
_05491_,447.25µm
_05494_,445.62µm
_06934_,442.45µm
_09169_,440.45µm
_05694_,439.44µm
net596,439.41µm
_03916_,438.67µm
_05462_,438.33µm
net1681,438.24µm
_08290_,437.84µm
_05486_,437.68µm
_05489_,437.49µm
net378,436.86µm
net2251,436.85µm
_07920_,435.92µm
_06483_,433.45µm
net595,433.02µm
net1144,432.33µm
net2350,431.03µm
net562,429.15µm
net549,428.72µm
_05060_,428.46µm
net1645,426.44µm
_03111_,426.09µm
net387,426.05µm
_06786_,425.7µm
_05674_,425.1µm
net1846,424.09µm
net796,423.4µm
_05497_,420.385µm
net1543,419.43µm
_09188_,417.85µm
net1122,417.3µm
net575,417.28µm
net2522,417µm
net2402,415.24µm
_05493_,413.2µm
_05492_,411.96µm
net1034,411.26µm
_05498_,408.86µm
u_core.instr\[16\],407.98µm
_04099_,407.31µm
net1736,404.43µm
net1099,403.02µm
_04645_,402.36µm
_05745_,402.22µm
_09096_,401.59µm
net2327,401.33µm
net591,400.61µm
net853,400.44µm
_06275_,400.22µm
net548,398.08µm
_04951_,396.49µm
u_core.instr\[19\],395.73µm
_04334_,395.1µm
net589,395.04µm
net2168,394.91µm
net404,394.69µm
u_core.instr\[20\],393.72µm
net2385,393.29µm
_09081_,392.66µm
net854,391.93µm
_05475_,391.19µm
_03204_,389.24µm
net1992,389.1µm
_05775_,387.74µm
_05196_,386.8µm
net2486,386.6µm
net1100,385.5µm
net1689,385µm
net1632,383.83µm
net758,383.28µm
net1121,383.01µm
net1980,382.355µm
net559,380.84µm
net1016,379.24µm
_03785_,378.98µm
net1724,378.81µm
net1778,378.79µm
_09111_,378.24µm
_09118_,377.8µm
net1760,377.64µm
net2291,376.76µm
net1552,376.18µm
net1626,375.89µm
_03214_,374.79µm
net1917,374.22µm
_05676_,372.64µm
net598,372.2µm
net738,371.31µm
net1785,369.01µm
_05679_,368.09µm
_06353_,367.115µm
_06002_,366.3µm
net2010,364.08µm
net1753,363.875µm
net1704,363.77µm
_04867_,363.74µm
net1054,363µm
net1895,362.14µm
net2023,361.76µm
net1963,359.99µm
_09132_,359.91µm
net999,359.76µm
_05476_,358.95µm
net597,358.49µm
net704,358.37µm
_09066_,358.01µm
_04982_,357.98µm
_06515_,357.7µm
net2338,356.58µm
net2024,356.04µm
net1961,353.82µm
net1979,353.305µm
net2160,352.91µm
net2038,352.29µm
net2347,352.06µm
_06638_,351.42µm
u_core.instr\[15\],350.64µm
net343,350.05µm
net1776,349.83µm
_05242_,349.8µm
net765,349.66µm
net1348,349.23µm
_05673_,347.135µm
net1625,346.07µm
net2180,345µm
net428,344.76µm
net1793,344.515µm
net2316,344.47µm
net582,344.13µm
net1505,344µm
net1998,343.89µm
_05975_,343.71µm
net1667,343.7µm
net1586,342.62µm
_05992_,342.485µm
net941,341.64µm
_04784_,341.42µm
net556,340.66µm
net1294,340.38µm
net1368,339.39µm
net2082,339.34µm
_05853_,338.85µm
net2159,338.65µm
net1985,338.53µm
_03189_,338.02µm
net2390,337.39µm
net1720,337.195µm
net1509,336.85µm
net1797,335.68µm
net2087,335.39µm
net2521,334.36µm
_05365_,334.27µm
net1741,333.7µm
net1190,332.96µm
net1063,332.32µm
net1686,331.91µm
net721,330.975µm
net2344,330.695µm
net1400,330.58µm
net1803,330.5µm
net1496,328.36µm
net646,327.88µm
net1376,327.88µm
net1826,327.73µm
net292,327.72µm
net1989,327.58µm
net782,327.465µm
net1137,327.3µm
net1710,326.89µm
u_core.funct3\[1\],326.45µm
net414,325.74µm
net933,325.55µm
net2027,325.41µm
_05855_,325.38µm
net1901,324.3µm
net1302,324.21µm
net1766,323.77µm
net1393,323.52µm
net627,323.35µm
net2040,322.9µm
net1635,321.63µm
net872,321.495µm
net1365,321.43µm
net483,321.26µm
net1328,321.04µm
net492,320.76µm
net509,320.57µm
net1191,320.53µm
net1638,320.16µm
net1894,319.9µm
net1379,319.78µm
net318,319.5µm
net1982,319.5µm
_05696_,319.48µm
net2288,319.36µm
net1995,318.84µm
net2186,318.3µm
net1397,317.96µm
net2373,317.86µm
net2388,317.86µm
net1265,317.21µm
net592,316.66µm
net570,316.505µm
net2066,316.41µm
net1623,316.37µm
net1139,316.24µm
net1389,316.08µm
net1771,315.77µm
net1697,315.725µm
net1712,315.71µm
net2399,315.46µm
_06137_,315.16µm
net1745,314.91µm
net1617,314.45µm
net2123,314.03µm
net1749,313.08µm
net1386,313.03µm
net686,312.46µm
net2025,311.52µm
net2184,311.52µm
net1349,311.36µm
net505,311.315µm
net1889,311.3µm
net506,310.66µm
net1182,310.46µm
net2331,310.45µm
net2382,310.1µm
net275,309.84µm
net2008,308.87µm
net203,308.62µm
net1610,308.6µm
net1547,308.39µm
net1633,308.385µm
net1477,308.3µm
net1726,308.16µm
net2329,308.13µm
net127,307.58µm
_04291_,306.98µm
u_core.instr\[17\],306.69µm
net1929,306.595µm
net1611,306.51µm
_04652_,306.47µm
net2044,306.17µm
net1256,306.05µm
_06697_,305.98µm
net557,305.83µm
net2084,305.63µm
net1148,305.48µm
_07399_,305.44µm
_06848_,305.08µm
net2396,305.035µm
net1687,304.76µm
net1211,304.54µm
net1780,304.05µm
net2173,304.05µm
net1565,303.94µm
net544,303.66µm
net1255,303.34µm
net1915,303.165µm
_06606_,302.77µm
net1775,302.42µm
net1656,302.1µm
net2485,301.86µm
_09087_,301.7µm
net346,301.45µm
_09193_,301.34µm
net1305,301.08µm
net2357,300.92µm
net1630,300.84µm
net2366,300.365µm
net1143,300.36µm
_03872_,300.3µm
_09089_,300.21µm
net806,300.19µm
net1347,299.9µm
_09101_,299.76µm
net1688,299.65µm
net334,299.54µm
net1642,299.34µm
net838,298.99µm
net194,298.95µm
net1266,298.78µm
_07310_,298.7µm
net1622,298.7µm
net1714,298.59µm
net1495,298.48µm
_05671_,298.41µm
net1372,298.35µm
_06550_,297.87µm
_05993_,297.78µm
_07714_,297.42µm
net2042,297.06µm
net957,297.04µm
net1677,296.81µm
net1713,296.77µm
_09187_,296.74µm
net1619,296.74µm
net2362,296.32µm
net1476,296.21µm
net1186,296.14µm
net1141,296.08µm
_06666_,295.58µm
net840,295.535µm
net2166,295.535µm
net1399,295.265µm
net1284,294.79µm
net2064,294.78µm
net1246,294.45µm
net2342,294.385µm
net1260,294.31µm
net1195,294.04µm
net2359,293.91µm
net211,293.51µm
net2152,293.37µm
net1958,293.27µm
net889,293.24µm
net880,293µm
net374,292.96µm
net2379,292.82µm
_09098_,292.7µm
net1676,292.7µm
_04512_,292.68µm
net1353,292.62µm
net2369,292.42µm
net1355,292.05µm
net1641,291.97µm
_03350_,291.94µm
net2033,291.925µm
net1363,291.91µm
net2165,291.58µm
net1997,291.515µm
net563,291.13µm
net1572,291.11µm
net1755,290.61µm
net1352,290.16µm
net1903,290.125µm
net1708,290.11µm
net1484,290.09µm
net1275,289.87µm
net822,289.79µm
net1370,289.785µm
_03227_,289.5µm
net1418,289.48µm
net2060,289.48µm
net1679,289.17µm
net2438,289.06µm
net1162,289.03µm
net1802,288.925µm
net1164,288.73µm
net1739,288.65µm
net1135,288.44µm
net2156,288.33µm
net1693,288.315µm
_09110_,287.92µm
net220,287.9µm
net1614,287.6µm
net1853,287.225µm
net1493,287.22µm
net1870,287.11µm
net1814,286.62µm
_04107_,286.61µm
net1198,286.59µm
net1313,286.59µm
net1133,286.52µm
net594,286.45µm
net1373,285.96µm
net1326,285.92µm
_09145_,285.54µm
net2261,285.15µm
net1685,285.04µm
net789,284.83µm
net1628,284.71µm
net1334,284.64µm
net1358,284.49µm
net2326,284.465µm
net1362,284.46µm
net1701,284.435µm
net1485,284.32µm
net1636,284µm
net1290,283.82µm
_04896_,283.64µm
net1216,283.34µm
net1531,283µm
net1193,282.79µm
net786,282.47µm
net1381,282.47µm
net2336,281.84µm
net1624,281.55µm
net772,281.465µm
net2398,281.32µm
net1272,281.2µm
net360,281.12µm
net636,281.1µm
net1612,281.05µm
net2162,280.9µm
net555,280.81µm
net2153,280.81µm
net1316,280.75µm
net474,280.6µm
_09093_,280.53µm
_03319_,280.5µm
_07397_,280.49µm
net640,280.2µm
net1695,280.12µm
net1960,280.01µm
net1722,279.905µm
net1209,279.78µm
net1224,279.59µm
net1295,279.51µm
_03172_,279.47µm
net1518,279.28µm
net198,278.92µm
net1670,278.915µm
_09077_,278.6µm
net2078,278.5µm
net1391,278.34µm
_03324_,278.25µm
net1764,276.94µm
net1792,276.52µm
net1247,276.49µm
net1743,276.425µm
net923,275.95µm
net1550,275.87µm
net2058,275.8µm
net2182,275.65µm
net1987,275.64µm
net1549,275.47µm
_09100_,275.37µm
_05845_,275.05µm
net1500,274.81µm
net1360,274.46µm
net1289,274.38µm
net1986,274.29µm
net1618,274.22µm
net794,273.9µm
net1866,273.74µm
net1357,273.3µm
net773,273.22µm
net726,273.17µm
net1364,273.09µm
net1308,273.01µm
net1517,272.91µm
net1789,272.88µm
net1076,272.7µm
net1273,272.5µm
net1287,272.35µm
net749,272.29µm
net1331,271.86µm
net1375,271.73µm
net1864,271.695µm
net1378,271.55µm
_09175_,271.28µm
net1396,271.1µm
_07862_,271.08µm
net603,270.85µm
net2051,270.85µm
_03601_,270.845µm
net328,270.76µm
net826,270.72µm
net735,270.705µm
net560,270.395µm
net1128,270.34µm
net1482,270.2µm
net1969,270.19µm
_06993_,269.38µm
net1239,269.32µm
net1113,268.92µm
net1229,268.87µm
net2503,268.17µm
net408,268.16µm
net1467,268.14µm
net2371,268.04µm
net1241,268.01µm
net1318,267.58µm
_07341_,267.57µm
net828,267.085µm
net1732,267.05µm
net1292,266.8µm
_08084_,266.53µm
net2053,266.42µm
net1984,266.11µm
net1639,265.89µm
net702,265.75µm
_04010_,265.34µm
net1820,265.26µm
net1507,265.14µm
net2048,265.12µm
_09142_,264.98µm
net1868,264.68µm
net1285,264.56µm
_03247_,264.3µm
net1544,264.3µm
net2512,264.25µm
net1835,264.04µm
net2310,263.735µm
net2006,263.63µm
net1542,263.61µm
net2392,263.58µm
net1845,263.57µm
_03545_,263.52µm
clknet_6_52_0_clk,263.46µm
net1717,263.445µm
net1267,263.01µm
net1512,262.95µm
net423,262.94µm
net264,262.82µm
net1282,262.79µm
net1297,262.73µm
net1491,262.6µm
net897,262.59µm
net2029,262.58µm
_08252_,262.49µm
net1237,262.34µm
net1384,262.2µm
net1341,261.59µm
net1939,261.5µm
net1387,261.32µm
net1183,261.02µm
net1782,260.9µm
_03277_,260.83µm
net648,260.795µm
net2028,260.71µm
net626,260.34µm
net1244,260.18µm
net2400,260.15µm
net1759,260.04µm
net878,259.9µm
net2433,259.73µm
net1205,259.33µm
net1124,259.26µm
net706,259.17µm
net620,259.07µm
net1394,258.96µm
net1533,258.91µm
net1791,258.895µm
net579,258.615µm
net1402,258.53µm
net2314,258.475µm
net1480,258.13µm
net1140,258.1µm
net902,258.04µm
net1831,257.97µm
net1126,257.79µm
net1097,257.74µm
net1920,257.72µm
net1184,257.67µm
net1537,257.54µm
net1253,257.45µm
net1181,257.35µm
net1488,257.21µm
net2077,256.76µm
net2073,256.72µm
net1089,256.42µm
net1226,256.42µm
net1106,256.37µm
net679,256.21µm
net939,256.2µm
net2021,255.97µm
net1990,255.96µm
net1674,255.64µm
net1217,255.5µm
net831,255.485µm
net522,255.44µm
net2154,255.33µm
net753,255.18µm
net1691,255.09µm
net1858,254.955µm
net2019,254.31µm
net585,254.275µm
_09181_,254.26µm
net457,254.2µm
net1730,254.185µm
_09149_,254.06µm
net1862,253.99µm
net1261,253.95µm
net1769,253.83µm
net1332,253.74µm
net1417,253.7µm
net284,253.55µm
net997,253.49µm
net1003,253.44µm
net2301,253.14µm
net1354,253.13µm
net1492,252.68µm
net1035,252.66µm
net1117,252.13µm
net1160,252.13µm
_03311_,252.1µm
_04422_,252.05µm
net737,251.92µm
net1251,251.53µm
net989,251.49µm
net1948,251.29µm
net2075,251.28µm
net2137,251.11µm
net1994,250.98µm
net2421,250.83µm
net1796,250.82µm
net2035,250.61µm
net337,250.6µm
net1188,250.3µm
net1199,250.25µm
net1268,250.12µm
net1022,250.08µm
net1231,250.02µm
net1795,249.94µm
net1350,249.57µm
net1280,249.38µm
_05743_,249.26µm
_03125_,249.16µm
_03110_,249.08µm
net1388,248.82µm
net1539,248.44µm
net2012,248.41µm
net262,248.29µm
net1734,248.08µm
net1221,248.05µm
_04238_,247.535µm
_05724_,247.53µm
net1008,247.33µm
net1110,247.26µm
net824,247.185µm
net1916,246.97µm
net664,246.895µm
net1236,246.86µm
net1490,246.77µm
net1342,246.76µm
net1799,246.65µm
net1112,246.62µm
net763,246.325µm
net1640,246.28µm
net638,245.895µm
net1702,245.56µm
net2377,245.55µm
net937,245.49µm
net924,245.44µm
net1600,245.43µm
net1510,245.275µm
net2381,245.12µm
net1340,244.95µm
net1051,244.72µm
net458,244.54µm
net2346,244.295µm
net1108,244µm
net2210,243.98µm
net719,243.97µm
net870,243.845µm
net1629,243.78µm
net1489,243.53µm
net1738,243.505µm
net1747,243.42µm
net1248,243.16µm
net1545,242.81µm
net2394,242.795µm
net781,242.715µm
net2080,242.64µm
_09083_,242.59µm
net688,242.55µm
_05892_,242.54µm
net2334,242.43µm
net1321,242.38µm
net361,242.12µm
net947,241.965µm
net670,241.94µm
net1277,241.9µm
net2164,241.83µm
_03183_,241.78µm
net1,241.76µm
net1196,241.67µm
_07624_,241.39µm
net618,241.29µm
_03767_,241.2µm
net238,241.05µm
net959,241.035µm
net1798,240.89µm
net2037,240.82µm
net1033,240.77µm
_05891_,240.05µm
net2312,239.85µm
_06363_,239.58µm
net812,239.455µm
net1072,239.29µm
net2020,239.19µm
net1061,239.14µm
net1398,239.06µm
net1315,238.97µm
net976,238.96µm
net2307,238.95µm
net653,238.895µm
net777,238.665µm
net491,238.56µm
net452,238.53µm
net2345,238.525µm
net1200,238.36µm
net1848,238.34µm
net2018,238.33µm
_09147_,238.1µm
net1927,237.99µm
net2375,237.94µm
net1307,237.77µm
net1102,237.76µm
net654,237.645µm
net250,237.55µm
net1833,237.445µm
net1401,237.37µm
net868,237.355µm
net2328,237.34µm
net993,237.275µm
net810,237.12µm
net1263,237.09µm
net1395,237µm
net1525,236.74µm
net1669,236.64µm
_08602_,236.62µm
net321,236.48µm
net2086,236.4µm
net666,236.39µm
net980,236.365µm
net1258,236.36µm
net1947,236.33µm
net1279,236.16µm
net1472,236µm
net1497,235.98µm
net1816,235.9µm
net952,235.88µm
net344,235.8µm
net633,235.8µm
net1762,235.46µm
net850,235.41µm
_03224_,235.11µm
net1538,234.94µm
net736,234.835µm
net482,234.67µm
net966,234.645µm
net1042,234.58µm
_09069_,234.54µm
net247,234.42µm
net1206,234.42µm
net1784,234.32µm
net1219,233.92µm
net1881,233.875µm
net1897,233.85µm
_03138_,233.79µm
net995,233.64µm
_07186_,233.51µm
net365,233.26µm
net723,233.24µm
net1501,233.17µm
net1767,233.17µm
net368,233.04µm
net644,233.02µm
net1587,232.81µm
net1909,232.51µm
net1356,232.44µm
net2273,232.25µm
net1828,232.12µm
net1706,232.06µm
net232,231.94µm
net1031,231.82µm
_05343_,231.72µm
net1131,231.52µm
net1060,231.42µm
net1095,231.38µm
net2397,231.16µm
net843,231.135µm
_09151_,231µm
_09153_,231µm
net1703,230.96µm
net301,230.76µm
net2001,230.74µm
net1385,230.61µm
_03284_,230.49µm
net2046,230.37µm
net987,230.32µm
net490,230.18µm
net584,230.16µm
_07427_,229.96µm
net2403,229.86µm
_05052_,229.8µm
_03345_,229.55µm
net1871,229.54µm
net1615,229.42µm
net1951,229.37µm
net1242,229.36µm
net1892,229.32µm
net2047,229.18µm
_03922_,229.12µm
net968,229.1µm
_03256_,229.04µm
net1751,229.02µm
net1130,228.97µm
net1335,228.91µm
net866,228.85µm
net1250,228.6µm
net884,228.565µm
net1087,228.45µm
_03253_,228.36µm
net761,228.28µm
net652,228.205µm
net2102,228.15µm
_03136_,228.13µm
_08379_,228.02µm
net1474,227.59µm
net1408,227.46µm
net1787,227.39µm
net1905,227.345µm
_06937_,227.17µm
net1861,226.705µm
net1020,226.685µm
_09074_,226.66µm
net210,226.6µm
net1486,226.52µm
net1535,226.395µm
net635,226.19µm
net1856,225.975µm
net1613,225.91µm
net1498,225.84µm
net801,225.82µm
net1680,225.59µm
net681,225.58µm
net1519,225.54µm
clknet_6_55_0_clk,225.54µm
net546,225.42µm
net1473,225.395µm
net2017,225.26µm
net1001,225.22µm
net1644,224.87µm
net1325,224.79µm
net2212,224.72µm
_03119_,224.65µm
net926,224.65µm
net899,224.625µm
_03310_,224.61µm
net862,224.55µm
_03150_,224.44µm
net1653,224.35µm
net2332,224.3µm
net1116,224.16µm
net1037,224.08µm
net1744,224µm
net2417,223.92µm
net496,223.72µm
net1243,223.705µm
net1309,223.65µm
net1609,223.49µm
net1824,223.465µm
net1876,223.45µm
net700,223.44µm
net1009,223.38µm
net1530,223.26µm
net1957,223.075µm
net1863,222.96µm
net1655,222.61µm
net1849,222.58µm
_05318_,222.52µm
net911,222.44µm
net553,222.365µm
net1416,222.34µm
net1941,222.26µm
net2356,222.24µm
_03299_,222.22µm
_03153_,222.2µm
net415,222.16µm
net1529,222.13µm
net1481,221.84µm
net1212,221.75µm
_09160_,221.72µm
net805,221.595µm
net851,221.59µm
net919,221.54µm
net917,221.515µm
_09138_,221.46µm
_03282_,221.44µm
net961,221.42µm
net891,221.405µm
net907,221.335µm
net1052,221.22µm
net1179,221.18µm
net675,221.165µm
_03348_,221.16µm
net1269,221.04µm
net2323,220.88µm
_06879_,220.66µm
net1298,220.66µm
net1725,220.56µm
net2191,220.41µm
_03140_,220.39µm
_03280_,220.34µm
net2056,220.32µm
net694,220.115µm
_05848_,220.06µm
_09179_,220µm
net950,219.97µm
net1945,219.945µm
net1872,219.94µm
_08240_,219.89µm
net642,219.745µm
net1991,219.64µm
net804,219.24µm
net1343,219.04µm
net2380,218.96µm
net1699,218.95µm
net2321,218.725µm
net1502,218.67µm
net978,218.5µm
net1783,218.46µm
net770,218.36µm
net1709,218.36µm
net2185,218.33µm
net622,218.11µm
_05471_,217.88µm
_06417_,217.86µm
net844,217.77µm
net621,217.695µm
_03303_,217.65µm
_03302_,217.61µm
_05142_,217.59µm
_03167_,217.485µm
net1851,217.44µm
net326,217.42µm
net230,217.36µm
net2355,217.17µm
net2112,217.14µm
net728,217µm
_03195_,216.97µm
net2009,216.9µm
net832,216.74µm
_03177_,216.52µm
net1367,216.51µm
clknet_6_19_0_clk,216.5µm
net970,216.42µm
net1887,216.275µm
net650,216.225µm
_03159_,216µm
net2101,215.965µm
net1327,215.92µm
net1311,215.88µm
net668,215.825µm
_03102_,215.81µm
net2290,215.72µm
net2278,215.68µm
net964,215.625µm
net2171,215.62µm
net2157,215.48µm
net263,215.46µm
net504,215.44µm
_03209_,215.38µm
net779,215.305µm
net775,215.01µm
net484,214.94µm
net1270,214.82µm
_09171_,214.78µm
net1573,214.59µm
net2386,214.56µm
net792,214.465µm
_03128_,214.38µm
_09166_,214.38µm
net2427,214.36µm
_03200_,214.27µm
net1514,214.14µm
_04284_,214.04µm
_03245_,214µm
net1324,213.95µm
net1584,213.88µm
net2179,213.81µm
net800,213.72µm
net962,213.525µm
net983,213.46µm
net1478,213.16µm
net1138,213.1µm
net1040,212.9µm
net2412,212.88µm
net477,212.86µm
_03260_,212.38µm
net2069,212.3µm
net1014,212.24µm
_05720_,212.02µm
_09092_,211.62µm
net1220,211.56µm
net1337,211.56µm
_03301_,211.53µm
net1608,211.53µm
_03343_,211.52µm
net656,211.51µm
net2318,211.505µm
_06484_,211.175µm
net1322,211.12µm
net2286,211.08µm
net748,210.98µm
net1973,210.95µm
_03283_,210.9µm
net1840,210.7µm
_06788_,210.68µm
net2330,210.53µm
_03353_,210.4µm
net1024,210.4µm
net2057,210.35µm
net2143,210.25µm
net768,210.235µm
net1593,210.13µm
clknet_6_54_0_clk,210.1µm
_03336_,209.98µm
net1684,209.98µm
net1005,209.9µm
_03288_,209.75µm
net2365,209.6µm
_03313_,209.58µm
net713,209.415µm
net1756,209.36µm
net981,209.24µm
u_core.instr\[25\],209.22µm
net1954,209.115µm
net587,209.1µm
_03182_,209.06µm
_09157_,209.06µm
_03317_,208.92µm
net615,208.895µm
net265,208.8µm
_05361_,208.7µm
_03252_,208.64µm
_03714_,208.58µm
_03262_,208.5µm
net1300,208.46µm
net488,208.26µm
net1366,207.78µm
net1883,207.68µm
net1046,207.64µm
net300,207.495µm
_03161_,207.34µm
net1524,207.31µm
net795,207.29µm
net673,207.245µm
net461,207.21µm
net1104,207.16µm
_03137_,207.1µm
_09186_,207.04µm
net1666,206.99µm
net2339,206.93µm
net791,206.74µm
net709,206.64µm
net1405,206.58µm
_04193_,206.44µm
net229,206.42µm
_05442_,206.4µm
_03210_,206.32µm
_03158_,205.86µm
_03165_,205.78µm
net1534,205.69µm
net1583,205.67µm
net1779,205.54µm
net912,205.42µm
net876,205.35µm
_03155_,205.34µm
net2190,205.21µm
net1207,205.07µm
net882,205.015µm
net1830,204.91µm
net2435,204.78µm
_05736_,204.72µm
net2465,204.69µm
net864,204.68µm
net2502,204.68µm
_03142_,204.58µm
net874,204.56µm
net1566,204.49µm
_03168_,204.48µm
net2300,204.46µm
net2349,204.45µm
_03316_,204.42µm
net312,204.42µm
net813,204.4µm
_03199_,204.22µm
net197,204.14µm
_07961_,204.04µm
_05313_,204.02µm
net1262,203.94µm
net1981,203.82µm
net720,203.775µm
net15,203.58µm
net1214,203.43µm
clknet_6_41_0_clk,203.3µm
_03361_,203.21µm
_08927_,203.06µm
net1499,202.94µm
net1383,202.82µm
net1805,202.82µm
clknet_6_63_0_clk,202.82µm
_03115_,202.71µm
_06278_,202.68µm
net1203,202.66µm
net539,202.615µm
net1155,202.585µm
net363,202.5µm
_03244_,202.09µm
_03270_,201.8µm
net2361,201.8µm
_07995_,201.68µm
net1728,201.605µm
_05337_,201.44µm
net1056,201.34µm
net1879,201.3µm
net193,201.26µm
net1811,201.1µm
net520,201.055µm
_03134_,200.94µm
_03341_,200.94µm
net1885,200.935µm
_03300_,200.83µm
_03333_,200.7µm
net1874,200.58µm
net2116,200.525µm
net1806,200.405µm
net1049,200.36µm
net2132,200.205µm
net600,200.2µm
_03118_,200.12µm
net954,200.04µm
_03337_,199.98µm
net1914,199.91µm
net2408,199.84µm
_03154_,199.78µm
_03236_,199.72µm
_03304_,199.62µm
net1208,199.58µm
_05290_,199.54µm
net201,199.5µm
net2354,199.35µm
net2130,199.285µm
net1672,199.28µm
net657,199.27µm
net577,199.145µm
net860,199.1µm
net456,199µm
net1673,198.98µm
_06994_,198.94µm
net1027,198.9µm
net1119,198.9µm
_03156_,198.6µm
_03220_,198.56µm
net2415,198.52µm
net1943,198.47µm
_03344_,198.44µm
net1962,198.36µm
net1621,198.28µm
net1592,198.23µm
_06553_,198.16µm
net336,198.16µm
net1043,198.02µm
_05464_,197.91µm
net1516,197.67µm
net1515,197.6µm
net394,197.4µm
net2039,197.4µm
_03164_,197.34µm
net616,197.155µm
net1786,197.09µm
net219,197.06µm
net2367,197.04µm
net1869,196.9µm
net1276,196.88µm
net784,196.845µm
net2204,196.7µm
net2401,196.68µm
_03219_,196.57µm
net1093,196.57µm
clknet_6_48_0_clk,196.56µm
net1070,196.52µm
net928,196.4µm
_09065_,196.3µm
net689,196.28µm
net2211,196.23µm
net1149,195.85µm
_05856_,195.81µm
net1967,195.77µm
net2146,195.745µm
net2144,195.72µm
_03124_,195.5µm
net2031,195.435µm
_03151_,195.4µm
_03309_,195.02µm
net2193,194.94µm
net2364,194.76µm
_07490_,194.7µm
net1859,194.6µm
net1740,194.4µm
net256,194.295µm
_05110_,194.29µm
net593,194.28µm
net814,194.25µm
_03315_,194.22µm
net1201,194.16µm
net1234,194.14µm
net1230,194.11µm
net1288,194.11µm
net1222,194.1µm
_06357_,193.89µm
net1286,193.66µm
u_core.pc\[28\],193.615µm
net1404,193.52µm
net1044,193.45µm
net2081,193.42µm
net2340,193.395µm
_03242_,193.2µm
_09165_,193.11µm
_03259_,193.055µm
_03205_,192.78µm
_03152_,192.74µm
net837,192.735µm
net369,192.68µm
net1988,192.62µm
net2419,192.59µm
net892,192.56µm
net1540,192.3µm
net1781,192.23µm
net324,191.77µm
net1274,191.76µm
net808,191.74µm
clknet_6_49_0_clk,191.7µm
_05925_,191.68µm
net948,191.6µm
_06523_,191.435µm
net2414,191.32µm
net1304,191.1µm
_03169_,191.06µm
_05470_,190.97µm
net1520,190.94µm
_03265_,190.88µm
net2484,190.88µm
_04996_,190.66µm
_06967_,190.64µm
net2011,190.505µm
net1548,190.38µm
net1527,190.27µm
u_core.instr\[26\],190.11µm
net6,190.06µm
_03314_,189.92µm
net7,189.7µm
_03160_,189.67µm
net282,189.6µm
_03272_,189.14µm
net1727,189.095µm
net2474,188.99µm
net1410,188.9µm
_09195_,188.86µm
_03305_,188.83µm
net945,188.82µm
net538,188.725µm
_09190_,188.71µm
net1345,188.7µm
net2093,188.685µm
clknet_6_62_0_clk,188.67µm
net564,188.57µm
net930,188.515µm
net441,188.51µm
_06579_,188.46µm
_03103_,188.42µm
_03271_,188.4µm
_05871_,188.18µm
net755,188.105µm
net1591,188.05µm
net2050,187.97µm
net631,187.885µm
net2002,187.805µm
_05929_,187.72µm
net871,187.66µm
net2250,187.55µm
net1118,187.52µm
net2287,187.47µm
net1252,187.46µm
net2121,187.33µm
_09178_,187.32µm
net1026,187.22µm
net817,187.11µm
net1163,187.08µm
net2447,187.03µm
net1643,186.94µm
_03254_,186.92µm
_09192_,186.82µm
_05076_,186.8µm
net2442,186.72µm
_06314_,186.66µm
net1790,186.57µm
u_core.instr\[7\],186.53µm
_05911_,186.48µm
_03298_,186.475µm
net703,186.46µm
net1850,186.46µm
net744,186.385µm
_07962_,186.31µm
_05466_,186.28µm
net1154,186.21µm
net707,186.185µm
net481,186.18µm
net742,186.05µm
net2384,186.02µm
_03322_,185.98µm
_03290_,185.94µm
_07983_,185.94µm
net848,185.86µm
net1299,185.61µm
_03258_,185.54µm
_03257_,185.52µm
net1232,185.5µm
net2411,185.49µm
net1158,185.3µm
net1854,185.24µm
net2129,185.15µm
_04332_,184.92µm
net1115,184.83µm
_09102_,184.78µm
net1801,184.78µm
net376,184.76µm
net836,184.705µm
_03145_,184.7µm
net2462,184.69µm
net2088,184.61µm
net455,184.55µm
net1414,184.48µm
net1257,184.46µm
_06392_,184.25µm
net932,184.23µm
net1772,184.22µm
_03342_,184.2µm
net1523,183.92µm
net2100,183.85µm
_03458_,183.65µm
_03143_,183.645µm
net1715,183.5µm
net307,183.4µm
net431,183.3µm
net815,183.28µm
net1582,183.28µm
net863,183.215µm
net331,183.18µm
net2098,183.155µm
net2110,183µm
_05847_,182.86µm
net2352,182.86µm
u_core.imm\[31\],182.67µm
net1599,182.66µm
net2351,182.64µm
_06700_,182.58µm
_03915_,182.5µm
_06811_,182.4µm
net257,182.37µm
_03230_,182.29µm
net410,182.29µm
net2464,182.04µm
clknet_6_53_0_clk,181.9µm
_03238_,181.88µm
_09189_,181.86µm
net2199,181.82µm
net350,181.78µm
net438,181.7µm
net1504,181.7µm
net2032,181.7µm
net1380,181.69µm
net685,181.675µm
_03251_,181.415µm
net698,181.065µm
_04081_,180.4µm
_03170_,180.34µm
_03215_,180.25µm
_05394_,180.24µm
net2089,180.225µm
net2095,180.06µm
_03229_,180.04µm
clknet_6_20_0_clk,179.99µm
_03181_,179.91µm
_03332_,179.905µm
_03139_,179.88µm
_08098_,179.86µm
_06032_,179.49µm
_03149_,179.44µm
clknet_6_18_0_clk,179.08µm
_03131_,179.04µm
net2215,179µm
_09183_,178.98µm
_06801_,178.94µm
net1105,178.8µm
net500,178.76µm
_07126_,178.75µm
net834,178.58µm
net1319,178.58µm
net1078,178.54µm
net829,178.525µm
_09134_,178.39µm
_04461_,178.34µm
_03264_,178.215µm
_03292_,178.21µm
_03178_,178.2µm
_05160_,177.9µm
net508,177.77µm
net751,177.67µm
net956,177.62µm
_03297_,177.56µm
net258,177.56µm
net1278,177.45µm
_05388_,177.44µm
net2203,177.415µm
net1081,177.38µm
_03295_,177.29µm
_03514_,177.24µm
net2241,177.145µm
net787,177.1µm
net2368,177.02µm
net1227,176.97µm
clknet_6_17_0_clk,176.95µm
net526,176.78µm
_03338_,176.76µm
net2004,176.735µm
net1800,176.635µm
net1551,176.54µm
net205,176.52µm
net940,176.46µm
_06352_,176.45µm
_06906_,176.445µm
net2030,176.42µm
_03330_,176.37µm
net1096,176.3µm
clknet_6_51_0_clk,176.24µm
_03130_,176.2µm
net2363,176.16µm
_03249_,176.1µm
net1310,176.06µm
net1012,176.015µm
net1074,175.95µm
clknet_6_27_0_clk,175.92µm
net1931,175.85µm
_06524_,175.83µm
_03243_,175.82µm
net2170,175.81µm
_03285_,175.76µm
_08248_,175.71µm
_08877_,175.67µm
_05672_,175.66µm
net327,175.54µm
_09168_,175.43µm
_03289_,175.05µm
net746,175.04µm
net1455,175.04µm
_07994_,174.94µm
net222,174.94µm
net2181,174.9µm
net1934,174.7µm
_03163_,174.68µm
net2267,174.46µm
net381,174.38µm
net1111,174.3µm
net225,174.2µm
_06195_,174.18µm
_03190_,174.115µm
net757,173.94µm
clknet_leaf_178_clk,173.88µm
net1071,173.72µm
net524,173.66µm
_03116_,173.55µm
_03117_,173.52µm
_03331_,173.3µm
_06313_,173.26µm
net1813,173.18µm
_03120_,173.12µm
net313,173.04µm
_03318_,172.98µm
_03321_,172.97µm
_07623_,172.84µm
_04806_,172.54µm
net691,172.45µm
net1968,172.44µm
net2353,172.335µm
net1067,172.32µm
clknet_6_16_0_clk,172.3µm
_04377_,172.04µm
net1837,171.93µm
net221,171.81µm
net510,171.78µm
net447,171.72µm
net1382,171.66µm
net1185,171.62µm
net1648,171.58µm
_06028_,171.56µm
_03171_,171.325µm
_03340_,171.32µm
_03225_,171.3µm
net1729,171.215µm
net733,171.01µm
net676,170.69µm
net1192,170.56µm
_09105_,170.5µm
_06033_,170.38µm
net315,170.32µm
net1468,170.305µm
net519,170.215µm
net215,170.05µm
net802,170µm
_03286_,169.92µm
net2429,169.87µm
net1029,169.85µm
net1213,169.84µm
net2176,169.83µm
net935,169.76µm
_03261_,169.74µm
net1249,169.74µm
_03114_,169.58µm
net1564,169.54µm
net168,169.51µm
net1503,169.415µm
_09080_,169.27µm
net696,169.27µm
net1506,169.26µm
_07127_,169.22µm
_03323_,169.17µm
_03113_,169.02µm
_03698_,168.9µm
net991,168.9µm
_03250_,168.895µm
net1654,168.83µm
clknet_6_24_0_clk,168.82µm
net1320,168.72µm
_03329_,168.68µm
net2245,168.65µm
_05482_,168.63µm
net1705,168.63µm
net2448,168.62µm
_07156_,168.61µm
u_core.funct7b5,168.44µm
_03255_,168.43µm
net359,168.38µm
net1522,168.32µm
net2348,168.235µm
_07872_,168.18µm
net266,168.13µm
_09191_,168.08µm
_03239_,168µm
net1057,167.97µm
net338,167.86µm
net1176,167.79µm
net237,167.78µm
net2079,167.68µm
clknet_6_9_0_clk,167.62µm
_06726_,167.58µm
net533,167.545µm
net1950,167.445µm
net1812,167.39µm
net973,167.24µm
net71,167.23µm
_03360_,167.16µm
_03141_,167.14µm
net1919,167.04µm
net729,166.925µm
_03287_,166.9µm
net164,166.43µm
_03358_,166.34µm
net2405,166.23µm
net1423,166.06µm
net2071,166.02µm
_09172_,165.9µm
_03121_,165.88µm
net392,165.83µm
net900,165.82µm
net764,165.805µm
_03133_,165.71µm
_03144_,165.66µm
_05137_,165.64µm
net2208,165.57µm
_06253_,165.56µm
_03312_,165.48µm
_03263_,165.405µm
net396,165.38µm
net2468,165.37µm
net451,165.34µm
net1420,165.34µm
net530,165.17µm
_07457_,165.16µm
clknet_6_23_0_clk,165.11µm
_05214_,165.1µm
net1723,165.08µm
clknet_leaf_192_clk,164.895µm
clknet_6_21_0_clk,164.8µm
net1932,164.75µm
_05700_,164.73µm
clknet_6_22_0_clk,164.68µm
_05806_,164.66µm
clknet_6_29_0_clk,164.6µm
_08871_,164.41µm
_05727_,164.4µm
net437,164.38µm
_03356_,164.34µm
net389,164.2µm
_03166_,164.12µm
net2221,164.09µm
net267,163.88µm
_08882_,163.83µm
clknet_6_43_0_clk,163.78µm
net760,163.72µm
net1891,163.67µm
net1589,163.64µm
clknet_6_26_0_clk,163.56µm
_03123_,163.5µm
net2119,163.49µm
net1651,163.33µm
net1511,163.06µm
net1065,163.04µm
_03334_,163.035µm
net1571,162.98µm
clknet_6_25_0_clk,162.98µm
net1339,162.96µm
net2097,162.91µm
net1663,162.85µm
_03327_,162.84µm
clknet_6_45_0_clk,162.78µm
clknet_6_28_0_clk,162.72µm
_04687_,162.58µm
net498,162.51µm
net1933,162.21µm
_03194_,162.16µm
net1259,162.12µm
net568,162.09µm
net1028,162µm
net1822,161.9µm
_09185_,161.535µm
net2423,161.53µm
net1661,161.47µm
net1187,161.46µm
_03135_,161.2µm
net1439,161.2µm
_03357_,161.09µm
_05926_,161.06µm
net18,161.06µm
net279,161.04µm
net1413,161.04µm
net465,161.02µm
net2487,160.95µm
_07244_,160.82µm
_03476_,160.76µm
net1142,160.76µm
net58,160.46µm
net690,160.405µm
net162,160.28µm
net536,160.24µm
net1972,159.82µm
net254,159.8µm
net2067,159.73µm
net2228,159.48µm
net1132,159.42µm
_03339_,159.32µm
_08892_,159.295µm
net295,159.28µm
net1768,159.22µm
net2107,159.215µm
_03275_,159.18µm
clknet_6_2_0_clk,159.16µm
_07028_,159.1µm
_03175_,159.035µm
net1240,158.96µm
_03127_,158.79µm
_03180_,158.52µm
net1039,158.51µm
clknet_6_30_0_clk,158.48µm
net107,158.42µm
net1576,158.28µm
net1938,158.165µm
_04741_,158.04µm
net303,157.96µm
_07985_,157.94µm
net2055,157.9µm
net405,157.72µm
net1925,157.695µm
net1210,157.69µm
_03132_,157.64µm
net1719,157.605µm
_03184_,157.5µm
net214,157.5µm
net349,157.44µm
clknet_6_33_0_clk,157.32µm
net216,157.2µm
net1032,157.155µm
net659,157.115µm
net886,157.025µm
net2207,156.99µm
_09152_,156.94µm
net325,156.93µm
_03667_,156.92µm
net2061,156.74µm
net2444,156.74µm
_03279_,156.7µm
net2150,156.68µm
net1010,156.58µm
_05733_,156.54µm
_09177_,156.54µm
net896,156.49µm
net904,156.475µm
net150,156.47µm
_08979_,156.28µm
clknet_6_8_0_clk,156.06µm
_05747_,155.8µm
net144,155.78µm
net305,155.7µm
net845,155.68µm
_07942_,155.64µm
net724,155.625µm
_04003_,155.56µm
net1202,155.51µm
net473,155.48µm
net2177,155.38µm
clknet_6_32_0_clk,155.36µm
clknet_6_50_0_clk,155.32µm
net43,155.22µm
net1194,155.2µm
net281,155.08µm
net1069,155.08µm
net846,154.98µm
clknet_6_56_0_clk,154.82µm
net607,154.78µm
_03425_,154.55µm
net2509,154.5µm
_08003_,154.45µm
net984,154.42µm
net1671,154.2µm
net1165,154.12µm
net1004,154.105µm
net196,153.94µm
net2313,153.92µm
net759,153.86µm
_03122_,153.82µm
_03643_,153.74µm
_09091_,153.66µm
net528,153.64µm
net1421,153.64µm
net199,153.56µm
net2223,153.54µm
_06311_,153.46µm
net1338,153.4µm
_03359_,153.36µm
_04065_,153.34µm
_09119_,153.34µm
_06965_,153.16µm
net332,153.1µm
net2197,153.1µm
net174,153.06µm
net2437,153.01µm
_05962_,153µm
net943,152.84µm
_06362_,152.74µm
net909,152.66µm
net662,152.615µm
net2196,152.6µm
net859,152.52µm
net429,152.4µm
_09167_,152.34µm
_09196_,152.31µm
net628,152.295µm
net182,152.14µm
net413,152.12µm
net2246,152.1µm
net130,152.09µm
net1893,152.065µm
net717,152.055µm
net1047,152.04µm
_03274_,152µm
net2372,151.88µm
clknet_leaf_177_clk,151.82µm
net2090,151.8µm
net213,151.79µm
net1570,151.75µm
_08960_,151.58µm
net821,151.435µm
net171,151.345µm
net767,151.24µm
net2104,151.225µm
_03246_,151.13µm
net1528,151.1µm
net2085,151.06µm
net888,151.01µm
net2192,150.99µm
net207,150.885µm
_08886_,150.725µm
net715,150.725µm
_03157_,150.6µm
clknet_6_0_0_clk,150.58µm
net665,150.575µm
net1649,150.41µm
net1580,150.26µm
u_core.pc\[0\],150.22µm
net426,150.22µm
net1048,150.2µm
net274,150.08µm
_05739_,150.04µm
net1330,150.04µm
_08061_,149.96µm
net27,149.96µm
_05069_,149.955µm
_06670_,149.74µm
net231,149.415µm
net1664,149.33µm
net879,149.23µm
clknet_6_31_0_clk,149.1µm
net161,149.09µm
_06070_,148.955µm
_04509_,148.92µm
_05029_,148.86µm
net671,148.84µm
net2109,148.84µm
net52,148.83µm
net2445,148.745µm
net302,148.64µm
net711,148.61µm
net493,148.6µm
_00008_,148.545µm
net91,148.54µm
net2413,148.48µm
net169,148.35µm
net1080,148.32µm
_03179_,148.28µm
_03611_,148.28µm
_04919_,148.26µm
_06104_,148.26µm
_03240_,148.02µm
net683,148.01µm
net1678,147.72µm
_08319_,147.68µm
net2188,147.63µm
net624,147.535µm
net62,147.5µm
net2277,147.49µm
net2219,147.25µm
_04150_,147.22µm
net255,147.16µm
net1178,147.16µm
_03413_,147.02µm
_05927_,146.92µm
_04177_,146.74µm
clknet_6_58_0_clk,146.66µm
_04261_,146.58µm
_06552_,146.58µm
net475,146.56µm
_07596_,146.51µm
_09164_,146.48µm
net1847,146.36µm
net841,146.32µm
net887,146.26µm
_03276_,146.24µm
net1890,146.21µm
_05095_,146.1µm
_06356_,146.08µm
net139,146.08µm
net1818,145.96µm
net1578,145.95µm
net138,145.84µm
_00023_,145.795µm
net1218,145.78µm
_03291_,145.77µm
_05258_,145.72µm
net1084,145.475µm
_08939_,145.46µm
clknet_leaf_163_clk,145.38µm
_03933_,145.34µm
net523,145.315µm
_09086_,145.3µm
_08509_,145.28µm
net278,145.28µm
net309,145.24µm
net167,145.16µm
_03296_,145.15µm
net692,145.04µm
net858,144.775µm
net1761,144.705µm
_03241_,144.7µm
clknet_6_36_0_clk,144.66µm
net2163,144.54µm
net252,144.48µm
net384,144.46µm
net2324,144.42µm
_04860_,144.38µm
net608,144.32µm
net1091,144.32µm
net371,144.31µm
_05722_,144.26µm
_03397_,144.2µm
_04554_,144.18µm
net1403,143.98µm
net296,143.88µm
net310,143.87µm
_05457_,143.84µm
net2195,143.78µm
_06607_,143.73µm
net2206,143.52µm
_04831_,143.3µm
net320,143.26µm
clknet_6_14_0_clk,143.26µm
net2308,143.225µm
net1079,143.16µm
net1975,143.02µm
net269,142.96µm
_08094_,142.92µm
net152,142.92µm
net517,142.91µm
_05001_,142.86µm
net276,142.74µm
net602,142.62µm
net123,142.52µm
_05116_,142.505µm
net82,142.42µm
net540,142.34µm
clknet_6_35_0_clk,142.33µm
u_core.instr\[27\],142.32µm
net1696,142.28µm
net2360,142.24µm
clknet_6_39_0_clk,142.22µm
_06196_,142.2µm
_03076_,142.12µm
net224,142.12µm
net280,142.12µm
net1757,142.12µm
net1754,142.08µm
net1839,142.08µm
net240,142.06µm
net1146,142.04µm
net1898,142.04µm
net1658,142.02µm
_03556_,141.98µm
net89,141.95µm
net1821,141.95µm
net541,141.85µm
net1058,141.79µm
net479,141.76µm
net385,141.57µm
net298,141.4µm
net45,141.36µm
net184,141.14µm
_04484_,140.99µm
_06277_,140.94µm
net2436,140.91µm
net1336,140.9µm
_03326_,140.78µm
net819,140.76µm
net1083,140.7µm
net1526,140.66µm
net2248,140.56µm
_04675_,140.43µm
net486,140.26µm
_03235_,140.13µm
_03362_,139.94µm
net1228,139.94µm
net1808,139.74µm
_05256_,139.7µm
net1598,139.7µm
net1390,139.69µm
_06393_,139.66µm
_08931_,139.59µm
_04385_,139.47µm
net576,139.38µm
net1238,139.2µm
net1911,139.185µm
_03347_,139.16µm
net1899,139.145µm
net443,139.14µm
net1922,139.115µm
clknet_6_6_0_clk,139.04µm
_08093_,139.03µm
net2426,139.02µm
net183,138.96µm
net29,138.9µm
_08034_,138.86µm
net1750,138.86µm
net1018,138.84µm
net1888,138.81µm
_03320_,138.74µm
net149,138.72µm
net2175,138.72µm
net2441,138.72µm
_09180_,138.6µm
_04976_,138.54µm
_03559_,138.5µm
net1172,138.28µm
_09173_,138.24µm
net143,138.24µm
_05777_,138.12µm
net330,138.06µm
net1907,138.01µm
net356,138µm
net1575,137.84µm
net1647,137.82µm
net743,137.78µm
_08768_,137.66µm
_06344_,137.565µm
net2440,137.51µm
clknet_6_12_0_clk,137.46µm
clknet_6_15_0_clk,137.42µm
_06450_,137.3µm
net115,137.3µm
net2258,137.28µm
_05246_,137.15µm
_03108_,137.04µm
net1233,137µm
net1134,136.86µm
net1159,136.72µm
net2135,136.63µm
net2422,136.58µm
net1430,136.475µm
_09125_,136.46µm
clknet_6_7_0_clk,136.44µm
_06254_,136.38µm
net623,136.17µm
net2424,136.13µm
clknet_6_1_0_clk,136.08µm
net2477,136.07µm
net399,135.86µm
net239,135.84µm
_03162_,135.7µm
net2517,135.66µm
clknet_6_59_0_clk,135.62µm
net170,135.61µm
net2054,135.53µm
clknet_6_3_0_clk,135.44µm
net2383,135.42µm
net629,135.265µm
clknet_6_60_0_clk,135.26µm
net1015,135.2µm
net299,135.04µm
net1819,135.04µm
net573,135.02µm
net235,134.96µm
net2226,134.93µm
_04724_,134.84µm
clknet_leaf_179_clk,134.8µm
_03248_,134.75µm
_08072_,134.58µm
clknet_6_37_0_clk,134.455µm
net693,134.42µm
net1912,134.345µm
net463,134.3µm
u_core.pc\[9\],134.19µm
_08360_,134.16µm
net78,134.07µm
net390,133.98µm
_09184_,133.88µm
u_core.instr\[18\],133.86µm
_09068_,133.82µm
net2076,133.78µm
net1109,133.77µm
net921,133.76µm
net134,133.64µm
net906,133.61µm
net1971,133.54µm
net525,133.42µm
net178,133.36µm
net154,133.22µm
net971,133.22µm
net386,133.17µm
net251,133.14µm
net159,133µm
net212,133µm
net1952,132.965µm
net319,132.88µm
net2091,132.86µm
net342,132.82µm
_07458_,132.63µm
net17,132.58µm
net453,132.54µm
net1567,132.54µm
net532,132.53µm
net2439,132.525µm
_06608_,132.34µm
u_core.instr\[28\],132.17µm
net1794,132.155µm
net1878,132.15µm
_04523_,132.12µm
_03273_,131.98µm
net1438,131.92µm
clknet_6_40_0_clk,131.64µm
net531,131.52µm
clknet_6_44_0_clk,131.48µm
net835,131.475µm
net2298,131.47µm
net857,131.4µm
net440,131.38µm
net2125,131.36µm
net2289,131.31µm
net140,131.28µm
net67,131.18µm
_08101_,131.06µm
net100,131.06µm
net177,131.06µm
net340,131µm
net462,130.96µm
_03446_,130.94µm
_08893_,130.92µm
net22,130.84µm
net122,130.78µm
clknet_6_57_0_clk,130.64µm
net227,130.57µm
net766,130.54µm
net1487,130.42µm
net102,130.4µm
net2220,130.37µm
_09174_,130.36µm
net98,130.28µm
net195,130.26µm
clknet_6_47_0_clk,130.14µm
net409,130.11µm
net2022,130µm
net126,129.94µm
net674,129.93µm
_04627_,129.92µm
net1590,129.84µm
_04878_,129.78µm
net2003,129.705µm
net470,129.68µm
net2068,129.63µm
net499,129.58µm
_07096_,129.57µm
net48,129.57µm
net160,129.52µm
_07595_,129.49µm
_06727_,129.48µm
net1700,129.41µm
net80,129.3µm
net1770,129.29µm
_04054_,129.22µm
_03294_,129.12µm
_05187_,129.085µm
clknet_6_5_0_clk,128.8µm
net1377,128.72µm
net1479,128.62µm
net2491,128.6µm
net660,128.59µm
net424,128.34µm
_04451_,128.22µm
_04659_,128.22µm
net1415,128.15µm
net272,128.04µm
net85,127.96µm
_08239_,127.92µm
clknet_6_42_0_clk,127.9µm
net1842,127.89µm
_05236_,127.82µm
net1836,127.56µm
net1223,127.54µm
net31,127.48µm
net2506,127.47µm
_04431_,127.44µm
_05028_,127.4µm
_08083_,127.28µm
net57,127.24µm
net472,127.1µm
_08454_,127.06µm
net124,127.02µm
net39,127µm
clknet_6_46_0_clk,127µm
clknet_leaf_180_clk,126.99µm
net446,126.88µm
_08110_,126.78µm
clknet_leaf_196_clk,126.64µm
net710,126.58µm
_04762_,126.54µm
_06108_,126.54µm
net444,126.5µm
_05481_,126.46µm
net2238,126.44µm
net894,126.37µm
net190,126.35µm
net53,126.32µm
net316,126.3µm
net1017,126.22µm
net308,126.1µm
net55,125.96µm
net2425,125.96µm
net489,125.94µm
_03293_,125.82µm
net151,125.8µm
net393,125.76µm
net1855,125.66µm
net705,125.58µm
net1359,125.52µm
_09127_,125.46µm
net291,125.39µm
net273,125.38µm
net335,125.32µm
_08888_,125.26µm
clknet_6_34_0_clk,125.24µm
net2263,125.07µm
_05719_,125.06µm
net142,125.04µm
net745,124.98µm
net81,124.92µm
net467,124.92µm
net820,124.9µm
u_core.instr\[11\],124.8µm
net44,124.76µm
net2280,124.76µm
_04221_,124.745µm
net186,124.74µm
net395,124.58µm
net2499,124.58µm
net1597,124.4µm
net2158,124.4µm
net421,124.38µm
_04195_,124.3µm
_05499_,124.3µm
net2059,124.28µm
clknet_6_11_0_clk,124.24µm
net204,124.1µm
net95,124.09µm
clknet_leaf_227_clk,124.06µm
net682,124.02µm
net1006,123.99µm
net1838,123.9µm
net2471,123.84µm
net2161,123.82µm
net30,123.65µm
net448,123.59µm
_08010_,123.51µm
net173,123.22µm
net1585,123.2µm
net179,123.16µm
net145,123.06µm
_03237_,123.04µm
net459,122.99µm
_05037_,122.98µm
net697,122.945µm
_03192_,122.92µm
net1742,122.82µm
_04891_,122.81µm
net714,122.775µm
_05410_,122.74µm
net1668,122.68µm
net1841,122.68µm
net2214,122.67µm
net847,122.665µm
_09137_,122.52µm
u_core.instr\[29\],122.48µm
_04600_,122.46µm
_06521_,122.455µm
net189,122.36µm
net2432,122.36µm
net2083,122.3µm
net69,122.29µm
clknet_6_38_0_clk,122.26µm
net2476,122.22µm
net402,122.04µm
net2236,121.98µm
net2231,121.96µm
net1329,121.92µm
_06936_,121.77µm
_03741_,121.54µm
net1152,121.44µm
net2374,121.41µm
net2391,121.41µm
net606,121.36µm
net1283,121.21µm
_04172_,121.18µm
net87,121.17µm
net2472,121.15µm
net816,121.1µm
net2452,121.1µm
net1085,120.96µm
_03523_,120.9µm
net42,120.88µm
clknet_leaf_187_clk,120.78µm
net601,120.77µm
clknet_leaf_258_clk,120.71µm
_04739_,120.68µm
net2253,120.67µm
_03584_,120.66µm
net1966,120.64µm
clknet_6_13_0_clk,120.64µm
_04943_,120.58µm
net1852,120.52µm
_05923_,120.48µm
clknet_leaf_193_clk,120.4µm
net2271,120.39µm
_04051_,120.38µm
net1588,120.38µm
_07959_,120.375µm
net1577,120.34µm
net65,120.29µm
_06223_,120.27µm
net2243,120.21µm
net2167,120.16µm
clknet_leaf_181_clk,120.1µm
clknet_6_61_0_clk,120.04µm
_03109_,120µm
net2234,119.865µm
_08986_,119.8µm
net1127,119.72µm
_09078_,119.7µm
net661,119.695µm
net1910,119.69µm
net2431,119.65µm
net236,119.61µm
net985,119.58µm
clknet_6_10_0_clk,119.56µm
net716,119.54µm
net185,119.5µm
net818,119.4µm
_05379_,119.36µm
clknet_leaf_224_clk,119.34µm
clknet_6_4_0_clk,119.3µm
net2249,119.21µm
net66,119.06µm
net730,119.06µm
net180,119.04µm
_06351_,118.96µm
_06761_,118.87µm
net366,118.82µm
net1323,118.66µm
net60,118.5µm
net1906,118.34µm
net938,118.3µm
net2428,118.17µm
_05889_,118.16µm
_04876_,118.06µm
net347,117.96µm
_03944_,117.92µm
net1150,117.9µm
net1559,117.8µm
net19,117.72µm
net37,117.68µm
net680,117.635µm
net1457,117.6µm
net1777,117.6µm
net2266,117.52µm
net2420,117.48µm
_06221_,117.46µm
_08510_,117.34µm
net1660,117.33µm
clknet_leaf_233_clk,117.31µm
net206,117.26µm
net1665,117.26µm
net2333,117.26µm
net974,117.06µm
_08935_,117.02µm
net2198,116.92µm
_04552_,116.9µm
net46,116.86µm
net32,116.82µm
net1180,116.78µm
_04746_,116.66µm
net2105,116.425µm
_09156_,116.42µm
net35,116.39µm
net217,116.32µm
net1392,116.3µm
net1114,116.26µm
_00009_,116.145µm
net1369,116.12µm
_08848_,116.115µm
net352,116.1µm
clknet_leaf_190_clk,116.04µm
net2276,116.02µm
net2281,116µm
net1735,115.96µm
net109,115.915µm
_03830_,115.88µm
_09108_,115.88µm
_03845_,115.76µm
net129,115.7µm
_08163_,115.58µm
net118,115.51µm
net2127,115.48µm
net793,115.42µm
_04853_,115.32µm
net181,115.32µm
net1077,115.22µm
_03126_,115.175µm
net1737,115.16µm
_09139_,115.14µm
_09044_,115.12µm
net2483,115.08µm
_03471_,115.02µm
net2187,114.97µm
net191,114.96µm
net503,114.94µm
_06527_,114.92µm
net1865,114.92µm
_03730_,114.91µm
net364,114.9µm
net2492,114.87µm
net156,114.84µm
u_core.instr\[10\],114.78µm
u_core.pc\[2\],114.78µm
net56,114.78µm
net2049,114.74µm
net1935,114.62µm
u_core.instr\[9\],114.54µm
clknet_leaf_188_clk,114.46µm
_04963_,114.42µm
net1425,114.335µm
net1433,114.32µm
net187,113.98µm
_03622_,113.94µm
net287,113.92µm
net388,113.91µm
clknet_leaf_207_clk,113.88µm
net72,113.84µm
net379,113.7µm
_03216_,113.68µm
_09104_,113.58µm
_04226_,113.56µm
net147,113.56µm
net1817,113.46µm
net163,113.4µm
_06358_,113.38µm
net1936,113.33µm
_04599_,113.3µm
net1090,113.24µm
net128,113.2µm
net125,113.12µm
net2463,113.12µm
clknet_leaf_268_clk,113.09µm
net2453,113.065µm
_08903_,112.84µm
clknet_leaf_212_clk,112.765µm
clknet_leaf_226_clk,112.76µm
_05928_,112.64µm
net104,112.64µm
_06725_,112.6µm
_04944_,112.59µm
net2490,112.48µm
_04611_,112.46µm
_04118_,112.44µm
net435,112.38µm
net333,112.355µm
net1454,112.32µm
net2467,112.28µm
_04230_,112.26µm
net1412,112.26µm
_08048_,112.24µm
_03352_,112.22µm
_03392_,112.2µm
net898,112.12µm
_07654_,112.11µm
net2201,112.09µm
net1271,112.06µm
net90,112.04µm
clknet_leaf_189_clk,111.94µm
net1082,111.9µm
net2149,111.875µm
net88,111.83µm
clknet_leaf_154_clk,111.82µm
_06851_,111.76µm
_00002_,111.7µm
net497,111.68µm
_04795_,111.54µm
net68,111.42µm
_00020_,111.385µm
net1923,111.32µm
net2458,111.21µm
_05186_,111.18µm
net77,111.18µm
net2282,111.12µm
_03456_,111.04µm
net26,111.04µm
net1882,110.955µm
net2141,110.875µm
net550,110.84µm
_08942_,110.77µm
_03983_,110.7µm
_06639_,110.54µm
net2494,110.51µm
_06279_,110.49µm
net1461,110.48µm
net1595,110.38µm
net552,110.34µm
clknet_leaf_248_clk,110.3µm
net323,110.18µm
_07966_,110.14µm
clknet_leaf_23_clk,110.04µm
_04763_,110.02µm
net992,110µm
net2139,109.97µm
net1965,109.92µm
net176,109.91µm
_06224_,109.9µm
clknet_leaf_229_clk,109.87µm
net2469,109.84µm
net2430,109.79µm
_06972_,109.74µm
net403,109.74µm
net133,109.55µm
clknet_leaf_205_clk,109.54µm
net1581,109.51µm
net288,109.355µm
_03784_,109.34µm
_03612_,109.28µm
net2239,109.26µm
net2070,109.15µm
net233,109.08µm
net34,108.95µm
_08656_,108.9µm
net434,108.82µm
net1170,108.75µm
_09002_,108.59µm
net158,108.58µm
net630,108.54µm
net885,108.46µm
_05779_,108.435µm
_07553_,108.38µm
_05924_,108.25µm
net157,108.22µm
net986,108.16µm
net382,108.14µm
net893,108.07µm
net25,108.035µm
_04371_,108.02µm
net50,108.02µm
net2378,108.01µm
net111,107.85µm
_04475_,107.8µm
net243,107.695µm
u_core.pc\[16\],107.64µm
net209,107.6µm
net527,107.6µm
_03208_,107.56µm
_04123_,107.44µm
net1650,107.39µm
net97,107.26µm
net1809,107.22µm
net507,107.2µm
net2450,107.16µm
net501,107.08µm
net2358,107.08µm
net96,107.02µm
net942,107.02µm
net1038,106.98µm
net988,106.94µm
net1264,106.89µm
net64,106.88µm
_03598_,106.84µm
_07997_,106.74µm
net83,106.68µm
net2113,106.665µm
net322,106.66µm
_05189_,106.58µm
net2406,106.54µm
net141,106.375µm
net2496,106.37µm
net2508,106.35µm
net1469,106.28µm
_03335_,106.23µm
net1955,106.21µm
net354,106.19µm
_00010_,106.185µm
net166,106.16µm
clknet_leaf_312_clk,106.13µm
net1092,106.12µm
net114,105.98µm
_04009_,105.66µm
net40,105.62µm
_03191_,105.58µm
_05408_,105.57µm
net1434,105.46µm
_03501_,105.44µm
net2511,105.39µm
net1563,105.36µm
net1291,105.26µm
net2500,105.25µm
_03370_,105.225µm
_09095_,105.18µm
net2319,105.035µm
net2409,104.98µm
net106,104.94µm
net658,104.925µm
clknet_leaf_201_clk,104.88µm
_03943_,104.74µm
_05389_,104.74µm
clknet_leaf_269_clk,104.48µm
_05682_,104.41µm
_08104_,104.4µm
net285,104.39µm
net905,104.32µm
_06225_,104.26µm
net1296,104.2µm
_04560_,104.12µm
net108,104.07µm
net1452,104.04µm
net543,104.01µm
net1406,103.98µm
_08001_,103.93µm
clknet_leaf_256_clk,103.92µm
_04638_,103.88µm
net94,103.78µm
net383,103.76µm
net875,103.74µm
net1436,103.515µm
net2275,103.51µm
_05730_,103.38µm
net59,103.34µm
net16,103.16µm
clknet_leaf_270_clk,103.16µm
_04869_,103.12µm
_04849_,103.1µm
net155,103.09µm
_04361_,103.08µm
net271,103.08µm
clknet_leaf_138_clk,103.02µm
net1752,102.94µm
clknet_leaf_222_clk,102.84µm
net172,102.78µm
net1978,102.74µm
_04893_,102.72µm
_05311_,102.68µm
net1371,102.56µm
net1974,102.48µm
net695,102.455µm
net478,102.34µm
_04182_,102.3µm
_04143_,102.24µm
net1908,102.1µm
net2269,102.02µm
_09088_,101.98µm
net54,101.92µm
_08146_,101.88µm
net2446,101.88µm
clknet_leaf_27_clk,101.7µm
clknet_leaf_319_clk,101.7µm
net605,101.64µm
_09082_,101.6µm
net1422,101.6µm
net200,101.58µm
net1949,101.315µm
_06905_,101.3µm
clknet_leaf_232_clk,101.28µm
_05404_,101.265µm
net418,101.26µm
clknet_leaf_117_clk,101.26µm
net1068,101.22µm
_03174_,101.2µm
clknet_leaf_257_clk,101.2µm
_08883_,101.12µm
clknet_leaf_252_clk,101.12µm
_04917_,101.1µm
clknet_leaf_209_clk,101.1µm
net1944,101.08µm
_08851_,100.84µm
clknet_leaf_243_clk,100.74µm
clknet_leaf_185_clk,100.72µm
_05294_,100.64µm
clknet_leaf_282_clk,100.64µm
clknet_leaf_156_clk,100.56µm
_03267_,100.48µm
_05046_,100.46µm
net955,100.44µm
u_core.pc\[1\],100.43µm
clknet_leaf_242_clk,100.375µm
net825,100.295µm
_05086_,100.28µm
net1711,100.24µm
net2410,100.22µm
net259,100.2µm
net1675,100.16µm
_08140_,100.15µm
net93,100.135µm
net839,100.095µm
net2260,100.01µm
net2515,99.94µm
clknet_leaf_199_clk,99.94µm
clknet_leaf_214_clk,99.94µm
_03218_,99.82µm
net1161,99.82µm
net1937,99.8µm
net2128,99.525µm
net1659,99.52µm
net131,99.44µm
_06669_,99.41µm
clknet_leaf_307_clk,99.38µm
net2225,99.29µm
net1002,99.2µm
net542,99.14µm
_04499_,99.12µm
clknet_leaf_116_clk,99.1µm
_03391_,98.88µm
_05047_,98.88µm
net397,98.86µm
clknet_leaf_94_clk,98.8µm
clknet_leaf_215_clk,98.78µm
_03328_,98.76µm
net116,98.76µm
_03193_,98.74µm
_06789_,98.64µm
_04905_,98.62µm
net1427,98.62µm
net1964,98.62µm
_05887_,98.48µm
_08106_,98.415µm
net2218,98.27µm
net931,98.255µm
_04026_,98.24µm
_07867_,98.24µm
net1603,98.2µm
net1064,98.12µm
clknet_leaf_216_clk,98.05µm
clknet_leaf_237_clk,97.96µm
clknet_leaf_41_clk,97.86µm
net76,97.84µm
clknet_leaf_39_clk,97.83µm
_06105_,97.78µm
net1546,97.71µm
net1125,97.66µm
net908,97.645µm
clknet_leaf_204_clk,97.44µm
_05455_,97.4µm
_06167_,97.4µm
_03073_,97.365µm
net1662,97.34µm
_04420_,97.32µm
clknet_leaf_119_clk,97.32µm
net990,97.26µm
_09075_,97.24µm
_03173_,97.22µm
clknet_leaf_69_clk,97.14µm
_08878_,97.1µm
net400,97.06µm
net734,96.94µm
clknet_leaf_58_clk,96.92µm
clknet_leaf_291_clk,96.92µm
_08900_,96.91µm
clknet_leaf_259_clk,96.865µm
net1361,96.86µm
_03500_,96.84µm
_06516_,96.84µm
clknet_leaf_65_clk,96.8µm
clknet_leaf_75_clk,96.76µm
net436,96.64µm
_06285_,96.6µm
net430,96.56µm
net2118,96.52µm
net2264,96.5µm
clknet_leaf_197_clk,96.5µm
net1471,96.48µm
clknet_leaf_230_clk,96.44µm
net79,96.36µm
_05620_,96.22µm
net1174,96.18µm
clknet_leaf_90_clk,96.12µm
clknet_leaf_143_clk,96.04µm
clknet_leaf_44_clk,96.02µm
clknet_leaf_162_clk,95.86µm
_06354_,95.82µm
net2516,95.81µm
clknet_leaf_63_clk,95.72µm
clknet_leaf_295_clk,95.68µm
net732,95.6µm
clknet_leaf_239_clk,95.6µm
clknet_leaf_277_clk,95.56µm
_05461_,95.53µm
net2259,95.53µm
net2247,95.48µm
_09084_,95.44µm
clknet_leaf_228_clk,95.34µm
net244,95.32µm
_03600_,95.12µm
net1857,95.08µm
net1157,95.02µm
net944,94.83µm
_04921_,94.81µm
net358,94.74µm
clknet_leaf_220_clk,94.66µm
clknet_leaf_266_clk,94.66µm
net113,94.62µm
_08978_,94.475µm
clknet_leaf_139_clk,94.46µm
_03351_,94.42µm
_06551_,94.36µm
net1494,94.32µm
net1763,94.27µm
net75,94.08µm
_05090_,94.06µm
clknet_leaf_280_clk,93.98µm
clknet_leaf_43_clk,93.94µm
clknet_leaf_231_clk,93.94µm
net357,93.9µm
clknet_leaf_76_clk,93.82µm
net2254,93.8µm
_06760_,93.78µm
net283,93.78µm
clknet_leaf_89_clk,93.72µm
net741,93.68µm
clknet_leaf_147_clk,93.59µm
_04327_,93.54µm
clknet_leaf_311_clk,93.54µm
net1013,93.44µm
net731,93.43µm
_05415_,93.36µm
clknet_leaf_146_clk,93.36µm
_03883_,93.2µm
clknet_leaf_273_clk,93.16µm
clknet_leaf_278_clk,93.16µm
net649,93.14µm
clknet_leaf_251_clk,93.12µm
net903,93.115µm
_06004_,93.06µm
net1225,92.94µm
clknet_leaf_288_clk,92.94µm
net2232,92.92µm
clknet_leaf_234_clk,92.84µm
net1189,92.8µm
clknet_leaf_186_clk,92.68µm
_03325_,92.66µm
clknet_leaf_21_clk,92.56µm
clknet_leaf_157_clk,92.32µm
net756,92.3µm
_05434_,92.24µm
net1758,92.24µm
clknet_leaf_137_clk,92.24µm
net20,92.2µm
_05698_,92.18µm
_06815_,92.16µm
net329,92.14µm
net771,92.14µm
_05480_,92.12µm
_05251_,92.065µm
clknet_leaf_82_clk,92.06µm
_03829_,92.02µm
net9,91.96µm
net1843,91.96µm
clknet_leaf_77_clk,91.82µm
u_core.pc\[23\],91.735µm
clknet_leaf_281_clk,91.7µm
_08000_,91.66µm
clknet_leaf_50_clk,91.66µm
clknet_leaf_45_clk,91.56µm
clknet_leaf_72_clk,91.52µm
_03790_,91.5µm
net881,91.48µm
clknet_leaf_48_clk,91.46µm
net2495,91.36µm
clknet_leaf_183_clk,91.36µm
net537,91.34µm
net2178,91.32µm
net253,91.3µm
_03519_,91.28µm
_08921_,91.28µm
clknet_leaf_18_clk,91.28µm
_09155_,91.2µm
clknet_leaf_79_clk,91.2µm
net1073,91.16µm
_03574_,91.1µm
clknet_leaf_46_clk,91µm
clknet_leaf_107_clk,91µm
clknet_leaf_191_clk,91µm
_06813_,90.96µm
clknet_leaf_235_clk,90.96µm
net41,90.95µm
clknet_leaf_1_clk,90.92µm
clknet_leaf_134_clk,90.92µm
net73,90.89µm
net1066,90.82µm
clknet_leaf_124_clk,90.7µm
net2455,90.59µm
net2007,90.53µm
net121,90.52µm
net2451,90.48µm
clknet_leaf_118_clk,90.42µm
_03278_,90.15µm
u_core.funct3\[2\],90.14µm
clknet_leaf_200_clk,90.14µm
_04250_,90.12µm
clknet_leaf_260_clk,90.1µm
net290,90.09µm
net245,90.08µm
net246,90.035µm
net450,89.96µm
net2230,89.95µm
net188,89.825µm
clknet_leaf_289_clk,89.8µm
net2456,89.78µm
clknet_leaf_322_clk,89.78µm
net2285,89.74µm
net1147,89.66µm
_06699_,89.64µm
_05233_,89.56µm
net1169,89.54µm
net208,89.52µm
_05647_,89.49µm
net469,89.4µm
net1346,89.32µm
net226,89.27µm
net1807,89.27µm
clknet_leaf_272_clk,89.24µm
net918,89.22µm
clknet_leaf_244_clk,89.16µm
net1976,89.155µm
clknet_leaf_20_clk,89.15µm
net535,89.08µm
_05070_,89.02µm
net572,89.02µm
clknet_leaf_40_clk,88.98µm
net411,88.965µm
_04133_,88.82µm
clknet_leaf_264_clk,88.815µm
_05057_,88.7µm
net809,88.66µm
clknet_leaf_32_clk,88.54µm
clknet_leaf_208_clk,88.54µm
_04160_,88.48µm
clknet_leaf_298_clk,88.46µm
clknet_leaf_194_clk,88.44µm
clknet_leaf_57_clk,88.43µm
_06106_,88.41µm
_03898_,88.36µm
net922,88.205µm
clknet_leaf_308_clk,88.1µm
_05335_,88.09µm
_05419_,88.06µm
clknet_leaf_195_clk,87.98µm
_05386_,87.97µm
_04087_,87.94µm
_04236_,87.9µm
_04543_,87.74µm
clknet_leaf_108_clk,87.72µm
clknet_leaf_52_clk,87.7µm
net1407,87.67µm
_08014_,87.66µm
net2108,87.65µm
_05211_,87.6µm
clknet_leaf_170_clk,87.6µm
_04616_,87.58µm
net2142,87.475µm
net2147,87.475µm
_03457_,87.44µm
_05436_,87.44µm
net645,87.44µm
_06360_,87.38µm
_05969_,87.36µm
net1281,87.18µm
net2216,87.18µm
clknet_leaf_294_clk,87.18µm
_03075_,87.14µm
net2262,87.14µm
clknet_leaf_309_clk,87.12µm
_03972_,87.08µm
clknet_leaf_115_clk,87.08µm
net2133,87.06µm
clknet_leaf_101_clk,87.04µm
clknet_leaf_105_clk,86.995µm
net2014,86.76µm
net1254,86.74µm
net2343,86.66µm
clknet_leaf_128_clk,86.62µm
net148,86.5µm
clknet_leaf_135_clk,86.46µm
net2505,86.41µm
net132,86.38µm
net2497,86.35µm
_05205_,86.34µm
net165,86.26µm
clknet_leaf_274_clk,86.26µm
clknet_leaf_293_clk,86.26µm
clknet_leaf_25_clk,86.18µm
net293,86.14µm
net1303,86.12µm
net466,86.04µm
clknet_leaf_17_clk,86.04µm
net202,85.96µm
clknet_leaf_62_clk,85.96µm
clknet_leaf_10_clk,85.92µm
_06528_,85.87µm
clknet_leaf_160_clk,85.84µm
clknet_leaf_5_clk,85.83µm
_08162_,85.82µm
net1453,85.785µm
_07896_,85.75µm
net74,85.72µm
net345,85.54µm
clknet_leaf_68_clk,85.5µm
clknet_leaf_26_clk,85.495µm
clknet_leaf_81_clk,85.44µm
clknet_leaf_184_clk,85.43µm
net2172,85.39µm
net2252,85.38µm
clknet_leaf_38_clk,85.38µm
clknet_leaf_265_clk,85.32µm
clknet_leaf_144_clk,85.31µm
clknet_leaf_111_clk,85.3µm
net1437,85.26µm
net2016,85.215µm
_04356_,85.18µm
clknet_leaf_164_clk,85.16µm
_00007_,85.125µm
clknet_leaf_37_clk,85µm
clknet_leaf_33_clk,84.94µm
clknet_leaf_55_clk,84.82µm
net1442,84.75µm
_05359_,84.74µm
clknet_leaf_71_clk,84.7µm
clknet_leaf_121_clk,84.6µm
net701,84.58µm
net684,84.57µm
_04999_,84.56µm
_05976_,84.5µm
_08131_,84.5µm
net70,84.42µm
net1448,84.415µm
_08997_,84.4µm
clknet_leaf_203_clk,84.25µm
net1602,84.22µm
clknet_leaf_87_clk,84.22µm
_05809_,84.18µm
net1444,84.16µm
clknet_leaf_249_clk,84.16µm
_03836_,84.1µm
net861,84.1µm
net2092,84.1µm
net2283,84.1µm
net920,84.08µm
clknet_leaf_88_clk,84.08µm
clknet_leaf_56_clk,84.04µm
clknet_leaf_29_clk,84µm
clknet_leaf_99_clk,84µm
clknet_leaf_261_clk,84µm
clknet_leaf_306_clk,83.98µm
_03495_,83.9µm
net2255,83.89µm
_05079_,83.84µm
net1175,83.84µm
_08071_,83.71µm
_08547_,83.68µm
net604,83.68µm
clknet_leaf_171_clk,83.625µm
_03868_,83.62µm
clknet_leaf_240_clk,83.62µm
_08769_,83.6µm
clknet_leaf_83_clk,83.5µm
clknet_leaf_93_clk,83.5µm
net953,83.48µm
_03308_,83.46µm
clknet_leaf_315_clk,83.42µm
net2478,83.31µm
net2514,83.29µm
clknet_leaf_253_clk,83.18µm
clknet_leaf_323_clk,83.065µm
clknet_leaf_36_clk,83.02µm
net419,83µm
clknet_leaf_16_clk,83µm
_08397_,82.94µm
net51,82.92µm
clknet_leaf_219_clk,82.88µm
_04283_,82.78µm
clknet_leaf_78_clk,82.78µm
clknet_leaf_176_clk,82.72µm
_05288_,82.645µm
_03854_,82.6µm
clknet_leaf_169_clk,82.54µm
net672,82.505µm
net1036,82.42µm
_05718_,82.39µm
clknet_leaf_245_clk,82.36µm
_08114_,82.24µm
net120,82.06µm
clknet_leaf_64_clk,82.06µm
clknet_leaf_61_clk,81.98µm
clknet_leaf_241_clk,81.86µm
net192,81.72µm
net927,81.68µm
clknet_leaf_217_clk,81.6µm
_04697_,81.58µm
net2461,81.55µm
net137,81.46µm
_04811_,81.44µm
clknet_leaf_167_clk,81.38µm
_03549_,81.31µm
net873,81.26µm
_04576_,81.22µm
_08876_,81.18µm
clknet_leaf_246_clk,81.16µm
net112,81.14µm
_03226_,81.13µm
clknet_leaf_7_clk,81.11µm
net774,81.105µm
_07911_,81.08µm
_08341_,81.04µm
clknet_leaf_174_clk,81µm
clknet_leaf_321_clk,80.98µm
_03999_,80.94µm
clknet_leaf_53_clk,80.94µm
clknet_leaf_91_clk,80.94µm
_03783_,80.84µm
_06359_,80.84µm
clknet_leaf_85_clk,80.82µm
_04394_,80.78µm
clknet_leaf_247_clk,80.76µm
_09021_,80.66µm
_04938_,80.62µm
_07814_,80.62µm
net1765,80.62µm
net2256,80.6µm
_03414_,80.58µm
_07919_,80.58µm
clknet_leaf_206_clk,80.535µm
_04410_,80.42µm
net1447,80.41µm
clknet_leaf_112_clk,80.36µm
clknet_leaf_150_clk,80.32µm
clknet_leaf_324_clk,80.32µm
_05192_,80.22µm
clknet_leaf_103_clk,80.22µm
_08798_,80.16µm
_00000_,80.125µm
clknet_leaf_284_clk,80.12µm
_06418_,80.08µm
clknet_leaf_12_clk,79.92µm
clknet_leaf_152_clk,79.86µm
net417,79.84µm
net38,79.82µm
net1426,79.82µm
clknet_leaf_300_clk,79.78µm
net277,79.74µm
clknet_leaf_54_clk,79.73µm
clknet_leaf_49_clk,79.6µm
clknet_leaf_182_clk,79.6µm
net529,79.52µm
_05085_,79.5µm
_08036_,79.48µm
_09120_,79.38µm
net929,79.375µm
clknet_leaf_129_clk,79.28µm
clknet_leaf_223_clk,79.26µm
_04116_,79.16µm
clknet_leaf_73_clk,79.16µm
clknet_leaf_84_clk,79.16µm
_04908_,79.14µm
clknet_leaf_114_clk,79.12µm
clknet_leaf_218_clk,79.12µm
clknet_leaf_92_clk,79.04µm
net712,79.015µm
_08120_,79µm
_03597_,78.94µm
clknet_leaf_110_clk,78.82µm
_08601_,78.75µm
net412,78.74µm
clknet_leaf_320_clk,78.72µm
net1464,78.7µm
net2482,78.64µm
clknet_leaf_287_clk,78.64µm
net480,78.5µm
net958,78.5µm
clknet_leaf_318_clk,78.42µm
_03796_,78.4µm
_04069_,78.36µm
net28,78.32µm
clknet_leaf_158_clk,78.32µm
_05709_,78.28µm
clknet_leaf_302_clk,78.24µm
net2120,78.11µm
net1173,77.95µm
_05878_,77.94µm
net2376,77.92µm
net487,77.9µm
net2145,77.885µm
net1716,77.855µm
net1432,77.85µm
net119,77.83µm
_04405_,77.8µm
net2393,77.76µm
clknet_leaf_22_clk,77.76µm
net2479,77.75µm
_03869_,77.66µm
clknet_leaf_149_clk,77.655µm
net2480,77.63µm
net2306,77.62µm
clknet_leaf_211_clk,77.545µm
net117,77.52µm
_05000_,77.505µm
_03072_,77.5µm
clknet_leaf_140_clk,77.5µm
clknet_leaf_271_clk,77.5µm
clknet_leaf_106_clk,77.46µm
net2325,77.435µm
net146,77.38µm
clknet_leaf_6_clk,77.38µm
clknet_leaf_3_clk,77.36µm
clknet_leaf_310_clk,77.32µm
net2034,77.3µm
_06031_,77.28µm
_06355_,77.27µm
_04653_,77.14µm
net370,77.12µm
_08091_,77.08µm
net2114,77.05µm
clknet_leaf_51_clk,76.94µm
clknet_leaf_236_clk,76.88µm
_08295_,76.78µm
_08853_,76.78µm
net554,76.69µm
_05968_,76.62µm
_04566_,76.6µm
net248,76.56µm
clknet_leaf_59_clk,76.56µm
net1904,76.55µm
_04339_,76.44µm
clknet_leaf_153_clk,76.32µm
net1312,76.3µm
clknet_leaf_263_clk,76.22µm
_04312_,76.18µm
net1451,76.13µm
_04776_,76.11µm
_03071_,76.105µm
clknet_leaf_299_clk,76.04µm
_06581_,76.02µm
clknet_leaf_148_clk,76µm
clknet_leaf_250_clk,75.96µm
clknet_leaf_96_clk,75.92µm
clknet_leaf_255_clk,75.92µm
net314,75.88µm
net2443,75.88µm
_06220_,75.81µm
_03762_,75.78µm
_06350_,75.78µm
net2224,75.74µm
u_core.instr\[8\],75.71µm
clknet_leaf_285_clk,75.68µm
_09113_,75.64µm
_04445_,75.6µm
_07476_,75.56µm
_05234_,75.52µm
net2235,75.52µm
clknet_leaf_31_clk,75.52µm
clknet_leaf_133_clk,75.52µm
net2015,75.46µm
_04521_,75.42µm
net1513,75.4µm
_04260_,75.38µm
_07838_,75.36µm
clknet_leaf_221_clk,75.36µm
net1731,75.34µm
_06168_,75.28µm
net2233,75.26µm
clknet_leaf_30_clk,75.16µm
_04862_,75.14µm
clknet_leaf_9_clk,75.12µm
_08372_,75.1µm
net1293,75.1µm
_08614_,75.08µm
net827,74.98µm
clknet_leaf_95_clk,74.98µm
clknet_leaf_151_clk,74.94µm
_08096_,74.9µm
net289,74.9µm
net833,74.9µm
clknet_leaf_238_clk,74.88µm
_05843_,74.78µm
clknet_leaf_290_clk,74.76µm
_05681_,74.74µm
clknet_leaf_70_clk,74.72µm
net153,74.7µm
clknet_leaf_4_clk,74.7µm
clknet_leaf_13_clk,74.66µm
clknet_leaf_86_clk,74.64µm
clknet_leaf_210_clk,74.62µm
clknet_leaf_15_clk,74.46µm
clknet_leaf_296_clk,74.34µm
clknet_leaf_47_clk,74.3µm
clknet_leaf_19_clk,74.22µm
_02078_,74.185µm
net1123,74.14µm
_04828_,74.12µm
_09019_,74.12µm
net375,74.06µm
net175,73.98µm
_09130_,73.9µm
net270,73.88µm
clknet_leaf_303_clk,73.88µm
net36,73.82µm
clknet_leaf_14_clk,73.79µm
clknet_leaf_60_clk,73.74µm
clknet_leaf_0_clk,73.72µm
clknet_leaf_35_clk,73.7µm
clknet_leaf_225_clk,73.66µm
clknet_leaf_276_clk,73.66µm
net1607,73.64µm
net2169,73.62µm
clknet_leaf_8_clk,73.62µm
_08991_,73.59µm
clknet_leaf_317_clk,73.54µm
clknet_leaf_132_clk,73.52µm
net1156,73.47µm
clknet_leaf_286_clk,73.43µm
net895,73.38µm
_04855_,73.36µm
_03921_,73.32µm
_03207_,73.3µm
_04946_,73.22µm
_03806_,73.02µm
_00012_,72.965µm
net1554,72.88µm
clknet_leaf_67_clk,72.88µm
_07941_,72.84µm
net934,72.82µm
clknet_leaf_301_clk,72.82µm
net2138,72.76µm
clknet_leaf_297_clk,72.68µm
net799,72.67µm
net2513,72.65µm
clknet_leaf_34_clk,72.63µm
net2488,72.53µm
u_core.pc\[22\],72.52µm
clknet_leaf_198_clk,72.42µm
net1606,72.4µm
net2341,72.355µm
_08865_,72.35µm
clknet_leaf_122_clk,72.34µm
clknet_leaf_24_clk,72.26µm
net2229,72.14µm
net2140,72.075µm
_09045_,72.04µm
net1151,72.02µm
net24,71.92µm
_05807_,71.86µm
net1867,71.78µm
net1011,71.76µm
_08127_,71.74µm
clknet_leaf_262_clk,71.62µm
_05723_,71.56µm
net2,71.56µm
net1344,71.5µm
clknet_leaf_292_clk,71.5µm
net1921,71.47µm
net1918,71.405µm
net86,71.39µm
_06282_,71.28µm
clknet_leaf_213_clk,71.26µm
net2217,71.24µm
clknet_leaf_142_clk,71.2µm
_03201_,71.1µm
_08858_,71.1µm
_03697_,71.04µm
_09043_,70.98µm
clknet_leaf_275_clk,70.98µm
clknet_leaf_131_clk,70.96µm
net1459,70.82µm
net1177,70.78µm
clknet_leaf_316_clk,70.78µm
net747,70.62µm
net883,70.52µm
_08044_,70.43µm
clknet_leaf_279_clk,70.4µm
_05678_,70.37µm
net1166,70.345µm
_07949_,70.22µm
clknet_leaf_127_clk,70.22µm
_09106_,70.2µm
_03599_,70.1µm
clknet_leaf_159_clk,70.06µm
net1411,70.04µm
u_core.pc\[19\],70µm
clknet_leaf_2_clk,69.98µm
net33,69.96µm
clknet_leaf_123_clk,69.93µm
_05118_,69.88µm
_08064_,69.88µm
net1555,69.7µm
net687,69.68µm
net1733,69.66µm
_03677_,69.54µm
net1574,69.48µm
clknet_leaf_305_clk,69.45µm
_09109_,69.44µm
_08973_,69.41µm
clknet_leaf_313_clk,69.3µm
_04510_,69.2µm
_07923_,69.16µm
clknet_leaf_145_clk,69µm
_05202_,68.98µm
net2244,68.96µm
clknet_leaf_173_clk,68.96µm
_03812_,68.94µm
_08082_,68.78µm
net639,68.78µm
_03346_,68.72µm
clknet_leaf_314_clk,68.66µm
_03203_,68.64µm
clknet_leaf_100_clk,68.4µm
net101,68.36µm
net2284,68.35µm
net1594,68.32µm
clknet_leaf_80_clk,68.3µm
_05780_,68.2µm
clknet_leaf_304_clk,68.075µm
_05197_,68.06µm
_08565_,68.06µm
clknet_leaf_66_clk,68.02µm
_08229_,67.96µm
net1913,67.94µm
net1562,67.88µm
_03551_,67.86µm
_06908_,67.84µm
net1877,67.795µm
clknet_leaf_102_clk,67.62µm
clknet_leaf_11_clk,67.58µm
net2416,67.57µm
net1746,67.52µm
_05886_,67.38µm
_05714_,67.36µm
_04528_,67.2µm
_09070_,67.04µm
net1596,67µm
_06790_,66.98µm
net1153,66.96µm
net663,66.915µm
_08859_,66.8µm
_08773_,66.76µm
net2099,66.74µm
_03365_,66.68µm
_00011_,66.645µm
_07980_,66.62µm
clknet_leaf_97_clk,66.58µm
net2302,66.5µm
net135,66.49µm
_09006_,66.46µm
u_core.pc\[21\],66.4µm
_08121_,66.38µm
_03818_,66.32µm
_07935_,66.3µm
net380,66.3µm
clknet_leaf_136_clk,66.3µm
clknet_leaf_104_clk,66.26µm
net2460,66.09µm
net750,65.98µm
clknet_leaf_267_clk,65.98µm
net1431,65.97µm
_08105_,65.94µm
_08708_,65.92µm
net21,65.88µm
_08439_,65.86µm
_04489_,65.84µm
_08265_,65.76µm
_04409_,65.72µm
_05109_,65.64µm
net1450,65.64µm
_05838_,65.56µm
net2296,65.52µm
_08195_,65.5µm
net23,65.48µm
_04019_,65.26µm
_04149_,65.26µm
_05239_,65.26µm
net1470,65.255µm
_00006_,65.145µm
_04092_,65.12µm
clknet_leaf_325_clk,65.06µm
_03725_,65.04µm
net49,65.02µm
net2434,64.925µm
net849,64.92µm
clknet_leaf_172_clk,64.92µm
_07582_,64.89µm
clknet_leaf_125_clk,64.88µm
net2292,64.86µm
net260,64.82µm
net1446,64.775µm
net867,64.72µm
clknet_leaf_283_clk,64.64µm
net99,64.52µm
_04277_,64.5µm
clknet_leaf_28_clk,64.44µm
clknet_leaf_166_clk,64.4µm
_06795_,64.26µm
net1748,64.22µm
net439,64.08µm
net515,64.08µm
_05157_,64.06µm
net1690,64.04µm
clknet_leaf_74_clk,63.84µm
clknet_leaf_254_clk,63.82µm
net1561,63.78µm
net2117,63.775µm
net317,63.76µm
_03228_,63.74µm
net406,63.68µm
_05167_,63.65µm
_05266_,63.64µm
_04760_,63.62µm
net1441,63.6µm
net351,63.58µm
net2303,63.56µm
_05456_,63.5µm
clknet_leaf_155_clk,63.5µm
net105,63.46µm
net1424,63.4µm
_07651_,63.32µm
_03822_,63.3µm
_03436_,63.22µm
_05135_,63.17µm
net1171,63.14µm
clknet_leaf_141_clk,63.14µm
clknet_leaf_109_clk,63.1µm
_07444_,63.08µm
_09126_,63µm
_03231_,62.995µm
_08843_,62.96µm
_05031_,62.93µm
_08175_,62.92µm
_07495_,62.86µm
_04379_,62.84µm
_05669_,62.82µm
_04768_,62.8µm
_04345_,62.74µm
net445,62.74µm
_03709_,62.66µm
_03656_,62.64µm
net362,62.44µm
net2270,62.36µm
net2404,62.36µm
net1435,62.295µm
net47,62.26µm
net2094,62.22µm
net61,62.2µm
_05261_,62.14µm
_04582_,62.1µm
net341,62.06µm
_08817_,62.04µm
net1788,62.04µm
_06027_,62.02µm
_03528_,61.96µm
net1924,61.9µm
net228,61.88µm
net2519,61.85µm
_03381_,61.84µm
net1145,61.82µm
_03198_,61.8µm
net1983,61.77µm
_06139_,61.76µm
u_core.pc\[17\],61.76µm
_05841_,61.74µm
net1429,61.74µm
net2279,61.74µm
_08261_,61.72µm
_06946_,61.665µm
net218,61.5µm
net1556,61.46µm
net454,61.44µm
_03269_,61.42µm
_03903_,61.36µm
_09037_,61.34µm
net901,61.34µm
net2257,61.32µm
_07062_,61.26µm
net311,61.2µm
net294,61.16µm
_04355_,61.01µm
clknet_leaf_98_clk,60.94µm
_07979_,60.9µm
clknet_leaf_202_clk,60.86µm
_07973_,60.855µm
net1657,60.84µm
_05590_,60.79µm
_08117_,60.76µm
net2274,60.74µm
net1810,60.72µm
_08090_,60.64µm
net1930,60.56µm
_06235_,60.515µm
_03233_,60.46µm
clknet_leaf_168_clk,60.44µm
net306,60.34µm
_03740_,60.3µm
_08802_,60.3µm
net1568,60.24µm
net353,60.22µm
_06852_,60.2µm
clknet_leaf_42_clk,60.18µm
net401,60.14µm
net1721,60.06µm
_04854_,59.96µm
_08619_,59.86µm
_03807_,59.82µm
clknet_leaf_175_clk,59.8µm
_03355_,59.74µm
_08651_,59.74µm
net1428,59.735µm
_07991_,59.62µm
_08095_,59.58µm
net2194,59.52µm
net2294,59.5µm
net1449,59.41µm
net2320,59.385µm
_04468_,59.38µm
_06038_,59.26µm
_07908_,59.26µm
_06966_,59.22µm
net63,59.2µm
net249,59.14µm
_06816_,59.08µm
net1683,58.925µm
_06968_,58.92µm
net234,58.92µm
net776,58.905µm
net925,58.88µm
_03645_,58.84µm
_05729_,58.81µm
_03538_,58.78µm
net2265,58.73µm
_04052_,58.68µm
_03107_,58.5µm
net471,58.4µm
net1167,58.4µm
net1553,58.34µm
net2174,58.32µm
_08745_,58.28µm
_03223_,58.26µm
clknet_leaf_165_clk,58.24µm
_06485_,58.22µm
_08924_,58.2µm
net355,58.18µm
net2370,58.18µm
_08933_,58.135µm
_04021_,58µm
_03644_,57.98µm
_04622_,57.98µm
net1120,57.98µm
_05839_,57.84µm
net1129,57.795µm
_04773_,57.76µm
_05226_,57.74µm
net2131,57.71µm
_08955_,57.62µm
_05106_,57.48µm
_08190_,57.48µm
_03176_,57.44µm
_08364_,57.44µm
net1101,57.42µm
_05119_,57.41µm
_00005_,57.235µm
net2268,57.16µm
_03849_,57.12µm
_08821_,57.08µm
net110,57.04µm
_08256_,57.02µm
_06711_,56.98µm
u_core.pc\[27\],56.905µm
_03222_,56.86µm
net241,56.855µm
_04302_,56.84µm
net996,56.815µm
net511,56.77µm
_03914_,56.72µm
_04300_,56.72µm
net5,56.72µm
_06329_,56.68µm
net1558,56.6µm
net2297,56.56µm
_05212_,56.52µm
_07713_,56.52µm
_05963_,56.44µm
clknet_leaf_126_clk,56.42µm
_04128_,56.36µm
_06451_,56.34µm
_08177_,56.34µm
net823,56.24µm
_07936_,56.1µm
_06623_,56.06µm
_00021_,55.94µm
net534,55.76µm
net1245,55.76µm
_05227_,55.7µm
_09112_,55.7µm
_03129_,55.64µm
_04064_,55.6µm
net1443,55.6µm
_03281_,55.56µm
_04783_,55.54µm
net449,55.52µm
_03743_,55.51µm
_04707_,55.5µm
_05208_,55.48µm
_07245_,55.46µm
_03213_,55.44µm
_05563_,55.41µm
_05776_,55.36µm
net468,55.36µm
_03703_,55.32µm
net521,55.28µm
clknet_leaf_120_clk,55.26µm
_07185_,55.18µm
net2295,55.06µm
_04201_,55.02µm
_08368_,55µm
net2209,54.96µm
net2103,54.9µm
net1694,54.895µm
_05479_,54.84µm
u_core.pc\[12\],54.79µm
_05006_,54.68µm
net2395,54.595µm
_03211_,54.38µm
net103,54.36µm
_04957_,54.3µm
net2387,54.28µm
net975,54.22µm
_08861_,54.18µm
_05467_,54.02µm
net391,54µm
_03960_,53.96µm
_05728_,53.92µm
_08086_,53.92µm
_09128_,53.9µm
_08417_,53.88µm
_04962_,53.8µm
_04097_,53.76µm
_08873_,53.54µm
_09058_,53.5µm
net367,53.5µm
net725,53.46µm
_07878_,53.42µm
_07955_,53.4µm
_03406_,53.38µm
_05310_,53.36µm
_05358_,53.34µm
_07383_,53.32µm
_04235_,53.28µm
net339,53.21µm
_05383_,53.2µm
_08139_,53.18µm
_07461_,53.115µm
net304,53.08µm
clknet_leaf_113_clk,52.96µm
net2096,52.88µm
net513,52.87µm
_08867_,52.845µm
_05712_,52.82µm
_06519_,52.82µm
_05068_,52.78µm
_07112_,52.76µm
net2418,52.76µm
_04643_,52.72µm
_09073_,52.72µm
_05062_,52.66µm
_04244_,52.62µm
net1707,52.47µm
net2205,52.42µm
u_core.pc\[5\],52.41µm
net398,52.36µm
net442,52.34µm
_08453_,52.26µm
_07854_,52.14µm
net92,52.08µm
net1942,52.06µm
u_core.u_regfile.regs\[20\]\[28\],52.02µm
net425,52µm
_07355_,51.88µm
u_core.pc\[13\],51.88µm
_07820_,51.84µm
_04709_,51.8µm
_05253_,51.8µm
net1168,51.79µm
_07945_,51.74µm
_07914_,51.72µm
_04966_,51.68µm
_07905_,51.68µm
net2389,51.68µm
_06003_,51.64µm
_06140_,51.64µm
_08569_,51.56µm
u_core.pc\[6\],51.54µm
net1698,51.42µm
net2459,51.4µm
net432,51.28µm
_07832_,51.18µm
_04206_,51.12µm
net14,51.04µm
net1541,50.96µm
net2043,50.96µm
_03212_,50.88µm
_08156_,50.86µm
_08214_,50.84µm
_03202_,50.82µm
_06361_,50.78µm
_05104_,50.705µm
u_core.funct3\[0\],50.7µm
_08067_,50.68µm
net377,50.66µm
_08039_,50.64µm
_04805_,50.62µm
_08113_,50.58µm
_05224_,50.545µm
_05705_,50.475µm
net348,50.44µm
_08108_,50.42µm
clknet_leaf_130_clk,50.36µm
_03904_,50.3µm
_08097_,50.28µm
_09124_,50.18µm
net2026,50.16µm
u_core.pc\[15\],50.14µm
net2074,50.08µm
net2407,50.04µm
_03536_,50.02µm
_08029_,50.02µm
_08032_,50µm
net464,50µm
_04323_,49.92µm
net2293,49.9µm
_05302_,49.74µm
net1465,49.68µm
_03197_,49.65µm
_04040_,49.6µm
_04432_,49.6µm
_06807_,49.58µm
_08180_,49.56µm
_07231_,49.54µm
net1462,49.45µm
net2242,49.4µm
_05589_,49.38µm
net485,49.36µm
_07027_,49.34µm
_05708_,49.3µm
_04276_,49.28µm
_05895_,49.12µm
net890,49.105µm
_07916_,49.04µm
_08989_,48.98µm
_07946_,48.92µm
_04159_,48.84µm
_04933_,48.82µm
_06850_,48.76µm
_06609_,48.74µm
_03920_,48.72µm
_05778_,48.46µm
_05265_,48.44µm
_00013_,48.385µm
_02077_,48.365µm
_04441_,48.36µm
_06839_,48.36µm
_07835_,48.34µm
_06165_,48.28µm
net1086,48.28µm
_03188_,48.26µm
_07455_,48.245µm
net567,48.24µm
net2136,48.18µm
_04399_,48µm
u_core.pc\[18\],48µm
u_core.u_regfile.regs\[16\]\[19\],47.84µm
net946,47.76µm
net1458,47.705µm
net651,47.7µm
_08847_,47.66µm
net1050,47.6µm
u_core.u_regfile.regs\[25\]\[28\],47.58µm
_04326_,47.52µm
net1956,47.46µm
_06096_,47.44µm
net422,47.32µm
_08203_,47.3µm
net1569,47.25µm
_07733_,47.035µm
_07215_,46.82µm
_03148_,46.74µm
_08891_,46.74µm
u_core.pc\[26\],46.72µm
_03196_,46.68µm
_08638_,46.66µm
net1604,46.62µm
_06877_,46.56µm
net12,46.5µm
_06668_,46.4µm
net722,46.38µm
_03364_,46.34µm
_07491_,46.3µm
net951,46.3µm
net574,46.295µm
net2335,46.26µm
_05646_,46.22µm
_03187_,46.2µm
u_core.u_regfile.regs\[17\]\[8\],46.2µm
net1557,46.14µm
_04604_,46.1µm
_08957_,46.06µm
_05326_,45.9µm
_09048_,45.9µm
_03553_,45.88µm
_05114_,45.82µm
_07965_,45.82µm
net460,45.76µm
_05018_,45.58µm
_04626_,45.52µm
_08421_,45.52µm
_08143_,45.48µm
net297,45.48µm
_07917_,45.44µm
_05549_,45.42µm
_08284_,45.42µm
net2337,45.38µm
u_core.u_regfile.regs\[8\]\[18\],45.32µm
_06435_,45.3µm
_08494_,45.18µm
_04947_,45.14µm
_06103_,45.14µm
_08959_,45µm
_08198_,44.98µm
_08860_,44.94µm
_05588_,44.86µm
_06576_,44.78µm
_04322_,44.7µm
_05879_,44.66µm
_07977_,44.62µm
_08906_,44.62µm
_04086_,44.6µm
_06903_,44.56µm
u_core.pc\[8\],44.535µm
net977,44.51µm
_07971_,44.5µm
_04851_,44.48µm
u_core.u_regfile.regs\[21\]\[13\],44.44µm
u_core.pc\[20\],44.435µm
_08926_,44.36µm
net1631,44.32µm
_05219_,44.3µm
_07029_,44.26µm
_04719_,44.14µm
net476,44.04µm
net1351,44.04µm
net2065,44.02µm
net372,44.01µm
_08508_,44µm
_08111_,43.98µm
u_core.u_regfile.regs\[19\]\[22\],43.94µm
_09007_,43.86µm
net967,43.84µm
_05734_,43.73µm
u_core.pc\[24\],43.7µm
net416,43.62µm
_05823_,43.46µm
_08150_,43.34µm
net4,43.34µm
_05670_,43.32µm
_08077_,43.32µm
_08058_,43.29µm
_09144_,43.28µm
_05300_,43.24µm
_04265_,43.22µm
_05450_,43.22µm
_06889_,43.2µm
u_core.u_regfile.regs\[24\]\[26\],43.02µm
net1560,43µm
_05034_,42.96µm
net1896,42.96µm
net580,42.85µm
_00003_,42.805µm
_04444_,42.8µm
_03593_,42.7µm
u_core.pc\[25\],42.64µm
u_core.u_regfile.regs\[16\]\[24\],42.63µm
_03217_,42.6µm
u_core.u_regfile.regs\[29\]\[26\],42.55µm
_03676_,42.42µm
net84,42.42µm
_08068_,42.4µm
_07487_,42.385µm
_07882_,42.32µm
u_core.u_regfile.regs\[23\]\[31\],42.24µm
_03867_,42.18µm
_03306_,42.04µm
_08092_,42µm
u_core.u_regfile.regs\[26\]\[30\],41.885µm
_03367_,41.86µm
_06084_,41.86µm
_09085_,41.84µm
net1844,41.84µm
_07603_,41.82µm
u_core.u_regfile.regs\[18\]\[14\],41.7µm
_05134_,41.66µm
_08470_,41.62µm
_04821_,41.54µm
_05355_,41.5µm
net1317,41.5µm
_06778_,41.46µm
_08078_,41.44µm
_08425_,41.44µm
_05003_,41.34µm
_05374_,41.34µm
_07339_,41.34µm
_06069_,41.32µm
net1103,41.32µm
_05172_,41.3µm
_06522_,41.28µm
net1463,41.28µm
net1827,41.26µm
_06957_,41.22µm
_06949_,41.2µm
_04978_,41.16µm
_05091_,41.16µm
_05922_,41.04µm
_04551_,41µm
_03407_,40.96µm
net2299,40.96µm
_08132_,40.94µm
_03185_,40.92µm
_05334_,40.88µm
u_core.pc\[3\],40.78µm
_03206_,40.76µm
_08750_,40.66µm
_03665_,40.62µm
net420,40.56µm
_04955_,40.52µm
_09072_,40.52µm
_07327_,40.43µm
_08028_,40.42µm
u_core.u_regfile.regs\[23\]\[6\],40.41µm
_08596_,40.4µm
net718,40.4µm
net780,40.38µm
_04665_,40.36µm
_06308_,40.26µm
_05740_,40.25µm
_07610_,40.24µm
_04789_,40.2µm
_06408_,40.2µm
net807,40.2µm
net1025,40.18µm
_05835_,40.14µm
net2481,40.13µm
_03440_,40.12µm
_08197_,40.12µm
_08870_,40.08µm
_08787_,40.06µm
_04264_,40.03µm
_05846_,40µm
_07841_,39.96µm
_05965_,39.94µm
u_core.u_regfile.regs\[26\]\[31\],39.94µm
_00022_,39.925µm
_05101_,39.88µm
u_core.u_regfile.regs\[5\]\[9\],39.88µm
_08965_,39.86µm
u_core.u_regfile.regs\[14\]\[20\],39.86µm
_03750_,39.84µm
net1605,39.82µm
_03966_,39.7µm
_05032_,39.68µm
_09046_,39.66µm
u_core.u_regfile.regs\[17\]\[22\],39.66µm
_06452_,39.64µm
_08043_,39.64µm
_06155_,39.62µm
u_core.u_regfile.regs\[1\]\[22\],39.6µm
_03627_,39.58µm
_05530_,39.58µm
u_core.u_regfile.regs\[8\]\[21\],39.56µm
_04137_,39.52µm
_04940_,39.5µm
_05463_,39.5µm
_07493_,39.48µm
u_core.u_regfile.regs\[25\]\[14\],39.46µm
_05221_,39.44µm
u_core.u_regfile.regs\[16\]\[16\],39.34µm
_04132_,39.16µm
_08089_,39.09µm
_03354_,39.08µm
_04096_,39.04µm
_04577_,39.02µm
net268,39µm
_05468_,38.96µm
u_core.pc\[29\],38.96µm
_00025_,38.945µm
net427,38.84µm
_05063_,38.82µm
_08807_,38.82µm
_08136_,38.805µm
_05704_,38.8µm
u_core.pc\[14\],38.8µm
net2183,38.78µm
u_core.instr\[4\],38.76µm
net842,38.76µm
u_core.u_regfile.regs\[28\]\[27\],38.72µm
u_core.u_regfile.regs\[24\]\[27\],38.68µm
_08244_,38.66µm
_05039_,38.58µm
_00004_,38.56µm
u_core.u_regfile.regs\[16\]\[8\],38.56µm
u_core.u_regfile.regs\[8\]\[28\],38.52µm
u_core.u_regfile.regs\[29\]\[18\],38.5µm
_05259_,38.44µm
net1880,38.42µm
_06120_,38.4µm
_08116_,38.4µm
_05080_,38.38µm
_07992_,38.38µm
_07469_,38.24µm
_07593_,38.24µm
_06867_,38.14µm
_05764_,38.06µm
_07338_,38.02µm
net1460,38.005µm
_03234_,38µm
u_core.u_regfile.regs\[19\]\[25\],38µm
net727,37.995µm
net1107,37.98µm
_03510_,37.94µm
_03994_,37.94µm
_06525_,37.9µm
u_core.u_regfile.regs\[24\]\[8\],37.9µm
_07250_,37.88µm
_03451_,37.86µm
_09141_,37.82µm
u_core.u_regfile.regs\[27\]\[16\],37.8µm
_09051_,37.74µm
_00024_,37.72µm
u_core.u_regfile.regs\[8\]\[29\],37.71µm
_06263_,37.66µm
u_core.u_regfile.regs\[28\]\[0\],37.54µm
_05849_,37.36µm
_06138_,37.36µm
_04031_,37.34µm
_03596_,37.28µm
_03888_,37.18µm
_08740_,37.18µm
u_core.u_regfile.regs\[30\]\[3\],37.18µm
_04779_,37.16µm
u_core.u_regfile.regs\[23\]\[20\],37.06µm
_09194_,37.02µm
_06170_,36.98µm
_08205_,36.96µm
u_core.u_regfile.regs\[13\]\[13\],36.95µm
_07929_,36.94µm
u_core.u_regfile.regs\[17\]\[16\],36.9µm
_07678_,36.86µm
u_core.u_regfile.regs\[24\]\[14\],36.86µm
u_core.u_regfile.regs\[30\]\[10\],36.8µm
_07384_,36.72µm
_07761_,36.72µm
u_core.u_regfile.regs\[15\]\[5\],36.72µm
u_core.u_regfile.regs\[17\]\[29\],36.72µm
net1021,36.68µm
_07413_,36.66µm
_09097_,36.64µm
_04598_,36.6µm
u_core.u_regfile.regs\[24\]\[12\],36.6µm
_04070_,36.56µm
_06391_,36.52µm
_03778_,36.44µm
u_core.u_regfile.regs\[29\]\[0\],36.4µm
u_core.u_regfile.regs\[19\]\[2\],36.38µm
u_core.u_regfile.regs\[13\]\[2\],36.34µm
u_core.u_regfile.regs\[12\]\[28\],36.24µm
_08415_,36.14µm
u_core.u_regfile.regs\[8\]\[10\],36.12µm
u_core.u_regfile.regs\[16\]\[6\],36.1µm
u_core.u_regfile.regs\[25\]\[23\],36.1µm
_05546_,36.08µm
_05974_,36.06µm
_07142_,36.06µm
net647,36.025µm
u_core.u_regfile.regs\[11\]\[0\],36.02µm
_06657_,36µm
_08657_,35.98µm
u_core.u_regfile.regs\[23\]\[18\],35.96µm
net1928,35.96µm
_04633_,35.92µm
_08863_,35.92µm
u_core.u_regfile.regs\[8\]\[24\],35.92µm
_05017_,35.9µm
_04863_,35.84µm
u_core.u_regfile.regs\[9\]\[19\],35.84µm
u_core.u_regfile.regs\[27\]\[24\],35.82µm
net512,35.78µm
u_core.u_regfile.regs\[14\]\[27\],35.74µm
u_core.u_regfile.regs\[12\]\[27\],35.735µm
_06514_,35.68µm
u_core.u_regfile.regs\[16\]\[22\],35.62µm
u_core.u_regfile.regs\[8\]\[13\],35.62µm
_08606_,35.6µm
u_core.u_regfile.regs\[4\]\[9\],35.6µm
u_core.u_regfile.regs\[27\]\[7\],35.56µm
u_core.u_regfile.regs\[21\]\[11\],35.52µm
_05112_,35.5µm
u_core.u_regfile.regs\[28\]\[29\],35.5µm
u_core.u_regfile.regs\[8\]\[0\],35.5µm
u_core.u_regfile.regs\[29\]\[23\],35.48µm
u_core.u_regfile.regs\[16\]\[15\],35.44µm
_03732_,35.42µm
net11,35.4µm
u_core.u_regfile.regs\[14\]\[0\],35.31µm
_08680_,35.3µm
_08408_,35.27µm
_05541_,35.26µm
u_core.instr\[2\],35.26µm
u_core.u_regfile.regs\[15\]\[14\],35.24µm
u_core.u_regfile.regs\[9\]\[10\],35.24µm
_05738_,35.2µm
_03948_,35.16µm
_08109_,35.14µm
u_core.u_regfile.regs\[30\]\[24\],35.13µm
_03544_,35.12µm
_08881_,35.12µm
_06171_,35.1µm
u_core.u_regfile.regs\[16\]\[7\],35.08µm
_03435_,35.06µm
_03631_,35.02µm
_08689_,34.98µm
u_core.u_regfile.regs\[19\]\[7\],34.94µm
u_core.u_regfile.regs\[26\]\[20\],34.9µm
_07264_,34.82µm
_06539_,34.8µm
u_core.u_regfile.regs\[11\]\[7\],34.8µm
_04852_,34.76µm
u_core.u_regfile.regs\[5\]\[25\],34.74µm
u_core.u_regfile.regs\[25\]\[7\],34.72µm
net1000,34.7µm
u_core.u_regfile.regs\[29\]\[14\],34.69µm
u_core.u_regfile.regs\[21\]\[16\],34.68µm
_09017_,34.66µm
u_core.u_regfile.regs\[31\]\[23\],34.66µm
net2510,34.65µm
_04723_,34.64µm
u_core.u_regfile.regs\[17\]\[1\],34.64µm
_05742_,34.605µm
_08006_,34.6µm
_05285_,34.56µm
_03104_,34.52µm
net1970,34.5µm
net518,34.46µm
net2036,34.42µm
_04935_,34.36µm
u_core.u_regfile.regs\[23\]\[15\],34.36µm
_03592_,34.34µm
net502,34.32µm
_00001_,34.28µm
clknet_leaf_161_clk,34.26µm
_05701_,34.25µm
u_core.u_regfile.regs\[20\]\[5\],34.23µm
_03989_,34.22µm
_07395_,34.22µm
_04511_,34.18µm
u_core.u_regfile.regs\[19\]\[17\],34.085µm
_03858_,34.06µm
net803,34.055µm
_04692_,34.02µm
_08558_,33.96µm
u_core.u_regfile.regs\[19\]\[29\],33.94µm
u_core.u_regfile.regs\[30\]\[28\],33.92µm
u_core.u_regfile.regs\[4\]\[15\],33.92µm
_05121_,33.88µm
u_core.u_regfile.regs\[26\]\[22\],33.88µm
u_core.u_regfile.regs\[8\]\[25\],33.88µm
_06810_,33.86µm
_08148_,33.8µm
u_core.u_regfile.regs\[11\]\[19\],33.76µm
u_core.u_regfile.regs\[25\]\[16\],33.72µm
u_core.pc\[11\],33.7µm
_04983_,33.68µm
_08280_,33.68µm
u_core.u_regfile.regs\[10\]\[29\],33.645µm
u_core.u_regfile.regs\[15\]\[2\],33.64µm
_04091_,33.6µm
net869,33.595µm
_07124_,33.565µm
_06299_,33.54µm
net811,33.515µm
_07805_,33.5µm
u_core.u_regfile.regs\[21\]\[2\],33.5µm
_05331_,33.44µm
u_core.u_regfile.regs\[15\]\[7\],33.44µm
_06842_,33.4µm
u_core.u_regfile.regs\[1\]\[1\],33.4µm
net136,33.4µm
_04053_,33.36µm
u_core.u_regfile.regs\[24\]\[30\],33.36µm
_03930_,33.3µm
_07921_,33.3µm
_08985_,33.3µm
_07893_,33.28µm
_08102_,33.26µm
_06017_,33.24µm
u_core.u_regfile.regs\[25\]\[5\],33.22µm
net1902,33.21µm
_06558_,33.2µm
net286,33.2µm
_03074_,33.18µm
u_core.u_regfile.regs\[10\]\[6\],33.18µm
u_core.u_regfile.regs\[8\]\[5\],33.18µm
net1456,33.18µm
_03977_,33.16µm
net1136,33.16µm
_03978_,33.12µm
_06134_,33.12µm
_08279_,33.12µm
u_core.u_regfile.regs\[24\]\[28\],33.12µm
u_core.u_regfile.regs\[24\]\[29\],33.1µm
_08300_,33.04µm
_09049_,33.04µm
u_core.u_regfile.regs\[11\]\[5\],33.04µm
_06493_,33.02µm
u_core.u_regfile.regs\[28\]\[23\],33.015µm
_05149_,33µm
net1075,32.94µm
_02076_,32.92µm
_06943_,32.92µm
u_core.u_regfile.regs\[20\]\[20\],32.905µm
u_core.u_regfile.regs\[30\]\[30\],32.9µm
_08660_,32.88µm
u_core.u_regfile.regs\[27\]\[3\],32.88µm
_05210_,32.84µm
u_core.u_regfile.regs\[26\]\[0\],32.84µm
_03221_,32.83µm
u_core.u_regfile.regs\[27\]\[22\],32.8µm
u_core.u_regfile.regs\[12\]\[10\],32.78µm
u_core.u_regfile.regs\[27\]\[20\],32.78µm
_08318_,32.74µm
u_core.u_regfile.regs\[16\]\[9\],32.72µm
u_core.u_regfile.regs\[12\]\[16\],32.715µm
_06987_,32.7µm
_07162_,32.66µm
u_core.u_regfile.regs\[1\]\[9\],32.66µm
_05560_,32.62µm
u_core.u_regfile.regs\[27\]\[13\],32.6µm
_07510_,32.58µm
_04266_,32.56µm
_05278_,32.56µm
u_core.u_regfile.regs\[30\]\[31\],32.53µm
u_core.u_regfile.regs\[30\]\[21\],32.48µm
u_core.u_regfile.regs\[19\]\[13\],32.46µm
_07892_,32.42µm
u_core.u_regfile.regs\[11\]\[31\],32.4µm
u_core.u_regfile.regs\[17\]\[15\],32.4µm
_05625_,32.28µm
_08551_,32.22µm
_05783_,32.2µm
u_core.u_regfile.regs\[10\]\[7\],32.185µm
u_core.u_regfile.regs\[9\]\[5\],32.18µm
_05083_,32.16µm
u_core.u_regfile.regs\[23\]\[26\],32.13µm
u_core.u_regfile.regs\[10\]\[0\],32.12µm
_04991_,32.1µm
u_core.u_regfile.regs\[16\]\[13\],31.98µm
_06633_,31.94µm
_04289_,31.9µm
u_core.u_regfile.regs\[11\]\[22\],31.9µm
u_core.u_regfile.regs\[5\]\[28\],31.9µm
u_core.u_regfile.regs\[14\]\[23\],31.88µm
u_core.u_regfile.regs\[18\]\[17\],31.84µm
u_core.u_regfile.regs\[1\]\[28\],31.82µm
u_core.u_regfile.regs\[28\]\[26\],31.82µm
_08145_,31.8µm
_08754_,31.78µm
u_core.u_regfile.regs\[5\]\[15\],31.78µm
u_core.u_regfile.regs\[18\]\[24\],31.74µm
net708,31.7µm
u_core.u_regfile.regs\[3\]\[27\],31.68µm
u_core.u_regfile.regs\[17\]\[30\],31.67µm
_08875_,31.645µm
u_core.u_regfile.regs\[27\]\[18\],31.64µm
_03588_,31.6µm
_04870_,31.6µm
_05045_,31.58µm
u_core.u_regfile.regs\[14\]\[3\],31.58µm
_08763_,31.54µm
u_core.u_regfile.regs\[17\]\[9\],31.52µm
u_core.u_regfile.regs\[18\]\[30\],31.5µm
u_core.u_regfile.regs\[1\]\[4\],31.48µm
u_core.u_regfile.regs\[11\]\[8\],31.4µm
u_core.u_regfile.regs\[16\]\[27\],31.4µm
u_core.u_regfile.regs\[27\]\[29\],31.32µm
u_core.u_regfile.regs\[3\]\[18\],31.3µm
u_core.u_regfile.regs\[14\]\[6\],31.24µm
u_core.u_regfile.regs\[18\]\[31\],31.24µm
_08245_,31.22µm
u_core.u_regfile.regs\[27\]\[27\],31.22µm
_00026_,31.165µm
_08396_,31.16µm
_04650_,31.12µm
_07086_,31.12µm
_08662_,31.12µm
u_core.u_regfile.regs\[13\]\[10\],31.12µm
_07320_,31.08µm
_08429_,31.08µm
_08676_,31.08µm
u_core.u_regfile.regs\[14\]\[18\],31.06µm
_03718_,31.04µm
_05844_,31.04µm
_06920_,31.04µm
_06126_,31.02µm
_06309_,31.02µm
_06492_,31.02µm
u_core.u_regfile.regs\[9\]\[13\],31.02µm
u_core.u_regfile.regs\[16\]\[29\],31µm
u_core.u_regfile.regs\[21\]\[5\],30.96µm
_06695_,30.92µm
_03871_,30.88µm
u_core.u_regfile.regs\[18\]\[28\],30.865µm
_08115_,30.84µm
net619,30.84µm
_07870_,30.82µm
u_core.u_regfile.regs\[10\]\[17\],30.82µm
u_core.u_regfile.regs\[15\]\[13\],30.81µm
_07900_,30.78µm
u_core.u_regfile.regs\[23\]\[5\],30.775µm
_08630_,30.74µm
_07706_,30.72µm
_08282_,30.7µm
_05019_,30.68µm
_07890_,30.68µm
_08170_,30.68µm
u_core.u_regfile.regs\[21\]\[6\],30.68µm
_03639_,30.66µm
_08570_,30.64µm
u_core.u_regfile.regs\[28\]\[2\],30.64µm
u_core.u_regfile.regs\[20\]\[18\],30.6µm
u_core.u_regfile.regs\[25\]\[24\],30.6µm
u_core.u_regfile.regs\[30\]\[0\],30.585µm
u_core.u_regfile.regs\[17\]\[20\],30.58µm
_05595_,30.54µm
_06021_,30.54µm
_03375_,30.5µm
_05043_,30.48µm
u_core.u_regfile.regs\[8\]\[20\],30.48µm
_08555_,30.46µm
u_core.u_regfile.regs\[18\]\[20\],30.42µm
u_core.u_regfile.regs\[12\]\[15\],30.38µm
_07550_,30.365µm
_08667_,30.36µm
u_core.u_regfile.regs\[8\]\[11\],30.36µm
u_core.u_regfile.regs\[23\]\[19\],30.34µm
u_core.u_regfile.regs\[8\]\[26\],30.34µm
_04729_,30.32µm
_04993_,30.32µm
_08788_,30.32µm
net1306,30.32µm
u_core.u_regfile.regs\[25\]\[20\],30.3µm
u_core.u_regfile.regs\[11\]\[21\],30.28µm
_03455_,30.24µm
u_core.u_regfile.regs\[26\]\[21\],30.24µm
u_core.u_regfile.regs\[25\]\[6\],30.2µm
_06904_,30.18µm
u_core.u_regfile.regs\[21\]\[21\],30.18µm
u_core.u_regfile.regs\[19\]\[20\],30.165µm
_08732_,30.14µm
_04615_,30.12µm
_06883_,30.12µm
u_core.u_regfile.regs\[29\]\[21\],30.12µm
_03686_,30.1µm
u_core.u_regfile.regs\[1\]\[23\],30.1µm
_08610_,30.08µm
u_core.u_regfile.regs\[21\]\[19\],30.04µm
net2322,29.995µm
_06328_,29.98µm
_06741_,29.98µm
_05967_,29.95µm
_06238_,29.92µm
_08531_,29.92µm
u_core.u_regfile.regs\[28\]\[13\],29.92µm
u_core.u_regfile.regs\[9\]\[16\],29.9µm
_03927_,29.88µm
_06204_,29.88µm
_03548_,29.87µm
_05746_,29.86µm
_05748_,29.86µm
net1536,29.86µm
u_core.u_regfile.regs\[24\]\[10\],29.84µm
u_core.u_regfile.regs\[8\]\[2\],29.84µm
net2518,29.82µm
u_core.u_regfile.regs\[16\]\[21\],29.8µm
_03664_,29.78µm
u_core.u_dmem.ram\[61\]\[27\],29.78µm
u_core.u_regfile.regs\[26\]\[29\],29.78µm
net1692,29.74µm
net516,29.72µm
_03268_,29.7µm
u_core.u_regfile.regs\[27\]\[12\],29.7µm
u_core.u_regfile.regs\[5\]\[23\],29.7µm
u_core.u_regfile.regs\[5\]\[30\],29.7µm
_06434_,29.695µm
u_core.u_regfile.regs\[15\]\[0\],29.68µm
_07312_,29.66µm
_08336_,29.66µm
u_core.u_regfile.regs\[4\]\[28\],29.66µm
u_core.u_regfile.regs\[11\]\[2\],29.645µm
_05888_,29.62µm
_06963_,29.62µm
_04329_,29.58µm
_04915_,29.58µm
_08829_,29.58µm
u_core.u_regfile.regs\[11\]\[10\],29.58µm
u_core.u_regfile.regs\[16\]\[17\],29.54µm
_04446_,29.52µm
_04527_,29.48µm
_08655_,29.48µm
u_core.u_regfile.regs\[3\]\[22\],29.48µm
u_core.u_regfile.regs\[13\]\[14\],29.46µm
u_core.u_regfile.regs\[1\]\[3\],29.46µm
u_core.u_regfile.regs\[24\]\[5\],29.46µm
_05961_,29.44µm
u_core.u_regfile.regs\[27\]\[10\],29.435µm
u_core.u_regfile.regs\[17\]\[25\],29.42µm
_07309_,29.4µm
u_core.u_regfile.regs\[9\]\[12\],29.4µm
u_core.u_regfile.regs\[17\]\[7\],29.395µm
_05568_,29.36µm
net2489,29.36µm
_03835_,29.28µm
u_core.u_regfile.regs\[11\]\[17\],29.28µm
u_core.u_regfile.regs\[4\]\[1\],29.28µm
_06476_,29.26µm
_09079_,29.24µm
net2507,29.24µm
u_core.u_regfile.regs\[1\]\[26\],29.22µm
u_core.u_regfile.regs\[4\]\[30\],29.22µm
_08634_,29.2µm
_05586_,29.16µm
_07061_,29.155µm
_08849_,29.145µm
_04106_,29.14µm
_06407_,29.14µm
net242,29.14µm
u_core.u_regfile.regs\[4\]\[27\],29.12µm
_06394_,29.1µm
_04904_,29.08µm
u_core.u_regfile.regs\[13\]\[7\],29.08µm
_06209_,29.06µm
_05044_,29.04µm
_06447_,29.04µm
_07528_,29.04µm
u_core.u_regfile.regs\[5\]\[0\],29.04µm
u_core.u_regfile.regs\[18\]\[16\],29µm
u_core.u_regfile.regs\[8\]\[30\],28.98µm
u_core.u_regfile.regs\[19\]\[15\],28.96µm
u_core.u_regfile.regs\[21\]\[20\],28.96µm
_03949_,28.92µm
_05842_,28.91µm
u_core.u_regfile.regs\[30\]\[5\],28.895µm
_09027_,28.88µm
u_core.u_regfile.regs\[12\]\[2\],28.875µm
_06481_,28.86µm
_07575_,28.86µm
_08490_,28.86µm
u_core.u_regfile.regs\[13\]\[28\],28.86µm
u_core.u_regfile.regs\[20\]\[25\],28.84µm
u_core.u_regfile.regs\[31\]\[24\],28.84µm
_07539_,28.82µm
u_core.u_regfile.regs\[30\]\[26\],28.82µm
net965,28.82µm
u_core.u_regfile.regs\[21\]\[28\],28.8µm
u_core.u_regfile.regs\[25\]\[26\],28.8µm
u_core.u_regfile.regs\[31\]\[14\],28.8µm
u_core.u_regfile.regs\[20\]\[7\],28.77µm
u_core.u_regfile.regs\[3\]\[24\],28.76µm
u_core.u_regfile.regs\[31\]\[16\],28.74µm
_05984_,28.72µm
_08489_,28.72µm
u_core.u_regfile.regs\[28\]\[19\],28.72µm
u_core.u_regfile.regs\[9\]\[8\],28.72µm
_04187_,28.7µm
_04259_,28.7µm
u_core.u_regfile.regs\[14\]\[11\],28.7µm
_05713_,28.62µm
net1652,28.6µm
_04205_,28.58µm
_07669_,28.56µm
u_core.u_regfile.regs\[15\]\[19\],28.52µm
u_core.u_regfile.regs\[21\]\[3\],28.52µm
u_core.u_regfile.regs\[9\]\[7\],28.52µm
u_core.u_regfile.regs\[20\]\[13\],28.5µm
_06996_,28.48µm
u_core.u_regfile.regs\[19\]\[8\],28.48µm
u_core.u_regfile.regs\[22\]\[31\],28.48µm
u_core.u_regfile.regs\[28\]\[6\],28.48µm
_05190_,28.44µm
u_core.u_regfile.regs\[10\]\[5\],28.44µm
_08481_,28.38µm
u_core.u_regfile.regs\[21\]\[31\],28.38µm
u_core.u_regfile.regs\[10\]\[20\],28.37µm
u_core.u_regfile.regs\[19\]\[19\],28.36µm
_08908_,28.34µm
u_core.u_regfile.regs\[26\]\[7\],28.34µm
_06998_,28.32µm
_05703_,28.31µm
net569,28.3µm
_08729_,28.28µm
u_core.pc\[4\],28.28µm
u_core.u_regfile.regs\[18\]\[0\],28.26µm
u_core.u_regfile.regs\[16\]\[0\],28.255µm
_06989_,28.24µm
_04922_,28.2µm
u_core.u_regfile.regs\[18\]\[22\],28.18µm
net641,28.18µm
net2501,28.18µm
_05603_,28.13µm
u_core.u_regfile.regs\[14\]\[22\],28.12µm
u_core.u_regfile.regs\[24\]\[20\],28.12µm
u_core.u_regfile.regs\[12\]\[18\],28.1µm
u_core.u_regfile.regs\[17\]\[0\],28.1µm
u_core.u_regfile.regs\[20\]\[29\],28.1µm
u_core.u_regfile.regs\[12\]\[8\],28.08µm
u_core.u_regfile.regs\[17\]\[21\],28.08µm
u_core.u_regfile.regs\[1\]\[0\],28.08µm
u_core.u_regfile.regs\[31\]\[7\],28.08µm
net1823,28.08µm
_05275_,28.06µm
_08990_,28.05µm
_05561_,28.04µm
ui_in[3],28.03µm
_06787_,28.02µm
u_core.u_regfile.regs\[17\]\[14\],28.02µm
net1088,28.02µm
net2106,28.02µm
u_core.u_regfile.regs\[10\]\[2\],28.005µm
_03885_,28µm
u_core.u_regfile.regs\[31\]\[28\],28µm
u_core.u_regfile.regs\[26\]\[27\],27.995µm
_05011_,27.98µm
_05622_,27.96µm
_09059_,27.96µm
net982,27.96µm
u_core.u_regfile.regs\[11\]\[15\],27.91µm
_03379_,27.9µm
u_core.u_dmem.ram\[38\]\[0\],27.9µm
u_core.u_regfile.regs\[15\]\[21\],27.9µm
_08857_,27.875µm
_08041_,27.86µm
u_core.u_regfile.regs\[13\]\[17\],27.86µm
u_core.u_regfile.regs\[9\]\[28\],27.86µm
u_core.u_regfile.regs\[7\]\[11\],27.84µm
_04477_,27.82µm
_06295_,27.82µm
u_core.u_regfile.regs\[3\]\[15\],27.82µm
_04542_,27.8µm
_06388_,27.8µm
u_core.u_regfile.regs\[10\]\[10\],27.8µm
u_core.u_regfile.regs\[23\]\[0\],27.8µm
u_core.u_regfile.regs\[25\]\[12\],27.8µm
u_core.u_regfile.regs\[27\]\[5\],27.78µm
u_core.u_regfile.regs\[28\]\[4\],27.78µm
net1007,27.78µm
u_core.u_regfile.regs\[11\]\[6\],27.765µm
u_core.u_regfile.regs\[1\]\[11\],27.76µm
_04058_,27.74µm
u_core.u_regfile.regs\[9\]\[2\],27.74µm
u_core.u_regfile.regs\[12\]\[5\],27.7µm
u_core.u_regfile.regs\[18\]\[7\],27.7µm
u_core.u_regfile.regs\[28\]\[7\],27.7µm
u_core.u_regfile.regs\[9\]\[21\],27.7µm
_06291_,27.68µm
u_core.u_regfile.regs\[16\]\[3\],27.68µm
_07098_,27.66µm
u_core.u_regfile.regs\[6\]\[20\],27.66µm
_05792_,27.64µm
u_core.u_regfile.regs\[12\]\[25\],27.62µm
u_core.u_regfile.regs\[29\]\[15\],27.62µm
_08126_,27.58µm
net1508,27.58µm
u_core.u_regfile.regs\[20\]\[26\],27.575µm
_04161_,27.56µm
_04391_,27.56µm
_06617_,27.56µm
_06773_,27.56µm
u_core.u_regfile.regs\[16\]\[30\],27.56µm
u_core.u_regfile.regs\[27\]\[11\],27.54µm
net561,27.54µm
net1030,27.54µm
_04847_,27.53µm
_07123_,27.525µm
_09041_,27.52µm
u_core.u_regfile.regs\[13\]\[4\],27.52µm
u_core.u_regfile.regs\[25\]\[17\],27.52µm
u_core.u_regfile.regs\[4\]\[16\],27.52µm
u_core.u_regfile.regs\[9\]\[27\],27.52µm
_07424_,27.5µm
u_core.u_regfile.regs\[29\]\[9\],27.48µm
u_core.u_regfile.regs\[29\]\[2\],27.465µm
_08717_,27.44µm
_05223_,27.42µm
u_core.u_regfile.regs\[16\]\[5\],27.42µm
u_core.u_regfile.regs\[21\]\[0\],27.42µm
u_core.u_regfile.regs\[29\]\[13\],27.42µm
u_core.u_regfile.regs\[28\]\[21\],27.4µm
net877,27.39µm
u_core.u_regfile.regs\[18\]\[9\],27.38µm
u_core.u_regfile.regs\[3\]\[25\],27.38µm
_03186_,27.36µm
u_core.u_regfile.regs\[15\]\[17\],27.36µm
_03720_,27.34µm
u_core.u_regfile.regs\[31\]\[29\],27.33µm
_07043_,27.32µm
u_core.u_regfile.regs\[13\]\[29\],27.3µm
u_core.u_regfile.regs\[20\]\[6\],27.285µm
u_core.u_regfile.regs\[16\]\[2\],27.28µm
_08447_,27.27µm
u_core.u_regfile.regs\[11\]\[12\],27.27µm
u_core.u_regfile.regs\[22\]\[14\],27.27µm
u_core.u_regfile.regs\[7\]\[10\],27.25µm
u_core.u_regfile.regs\[13\]\[16\],27.24µm
_05763_,27.2µm
_06411_,27.18µm
u_core.u_regfile.regs\[2\]\[24\],27.18µm
u_core.u_regfile.regs\[26\]\[25\],27.16µm
_03950_,27.14µm
u_core.u_regfile.regs\[17\]\[27\],27.14µm
u_core.u_regfile.regs\[18\]\[10\],27.14µm
u_core.u_regfile.regs\[5\]\[27\],27.14µm
_04721_,27.1µm
u_core.pc\[7\],27.04µm
u_core.u_regfile.regs\[11\]\[27\],27.04µm
u_core.u_regfile.regs\[6\]\[7\],27.04µm
u_core.u_dmem.ram\[2\]\[8\],27µm
u_core.u_regfile.regs\[19\]\[18\],26.99µm
u_core.u_regfile.regs\[31\]\[25\],26.98µm
net1940,26.965µm
u_core.u_regfile.regs\[20\]\[2\],26.95µm
u_core.u_regfile.regs\[24\]\[25\],26.94µm
u_core.u_regfile.regs\[10\]\[13\],26.92µm
_08124_,26.9µm
u_core.u_regfile.regs\[16\]\[31\],26.9µm
_07780_,26.88µm
_05184_,26.86µm
u_core.u_regfile.regs\[11\]\[25\],26.86µm
u_core.u_regfile.regs\[9\]\[3\],26.86µm
u_core.u_regfile.regs\[12\]\[7\],26.84µm
u_core.u_regfile.regs\[1\]\[5\],26.84µm
u_core.u_regfile.regs\[24\]\[7\],26.84µm
_04967_,26.82µm
_08134_,26.8µm
net1884,26.79µm
_03492_,26.78µm
_08196_,26.78µm
u_core.u_regfile.regs\[13\]\[5\],26.78µm
_04711_,26.76µm
_06102_,26.76µm
_07214_,26.76µm
u_core.u_regfile.regs\[4\]\[26\],26.76µm
u_core.u_regfile.regs\[8\]\[19\],26.74µm
_07193_,26.72µm
u_core.u_regfile.regs\[14\]\[15\],26.72µm
u_core.u_regfile.regs\[23\]\[25\],26.7µm
_08458_,26.68µm
u_core.u_regfile.regs\[7\]\[28\],26.68µm
_05325_,26.66µm
u_core.u_regfile.regs\[25\]\[8\],26.66µm
_07939_,26.64µm
u_core.u_regfile.regs\[21\]\[17\],26.64µm
u_core.u_regfile.regs\[15\]\[3\],26.62µm
u_core.u_dmem.ram\[21\]\[21\],26.6µm
u_core.u_regfile.regs\[23\]\[24\],26.6µm
u_core.u_dmem.ram\[29\]\[0\],26.56µm
u_core.u_regfile.regs\[23\]\[11\],26.56µm
_06267_,26.54µm
u_core.u_regfile.regs\[13\]\[31\],26.54µm
_03666_,26.52µm
_04233_,26.52µm
u_core.u_regfile.regs\[17\]\[10\],26.5µm
u_core.u_dmem.ram\[57\]\[20\],26.48µm
net2045,26.48µm
u_core.u_regfile.regs\[1\]\[16\],26.46µm
_08816_,26.44µm
u_core.u_regfile.regs\[8\]\[6\],26.44µm
_07885_,26.41µm
u_core.u_dmem.ram\[41\]\[16\],26.4µm
_08884_,26.38µm
u_core.u_regfile.regs\[10\]\[30\],26.38µm
_06249_,26.36µm
net643,26.36µm
_07653_,26.355µm
u_core.u_regfile.regs\[14\]\[14\],26.34µm
u_core.u_regfile.regs\[16\]\[4\],26.34µm
u_core.u_regfile.regs\[17\]\[31\],26.32µm
u_core.u_regfile.regs\[18\]\[2\],26.32µm
u_core.u_regfile.regs\[29\]\[31\],26.32µm
net2213,26.32µm
u_core.u_regfile.regs\[21\]\[23\],26.3µm
u_core.u_dmem.ram\[60\]\[6\],26.28µm
u_core.u_regfile.regs\[10\]\[28\],26.28µm
u_core.u_regfile.regs\[8\]\[3\],26.28µm
_07989_,26.24µm
net2240,26.24µm
u_core.u_regfile.regs\[18\]\[13\],26.2µm
u_core.u_regfile.regs\[30\]\[23\],26.2µm
u_core.u_regfile.regs\[7\]\[27\],26.2µm
u_core.u_regfile.regs\[11\]\[13\],26.195µm
u_core.u_regfile.regs\[11\]\[29\],26.165µm
u_core.u_regfile.regs\[20\]\[0\],26.16µm
u_core.u_regfile.regs\[22\]\[26\],26.16µm
ui_in[2],26.15µm
_07406_,26.14µm
u_core.u_regfile.regs\[25\]\[19\],26.14µm
_05950_,26.12µm
_06000_,26.12µm
_05430_,26.1µm
u_core.u_regfile.regs\[11\]\[26\],26.1µm
_05353_,26.08µm
u_core.u_regfile.regs\[4\]\[25\],26.08µm
u_core.u_regfile.regs\[18\]\[8\],26.06µm
u_core.u_regfile.regs\[29\]\[29\],26.06µm
_04629_,26.04µm
u_core.u_regfile.regs\[29\]\[8\],26.04µm
u_core.u_regfile.regs\[6\]\[12\],26.04µm
u_core.u_regfile.regs\[17\]\[12\],26.02µm
_05565_,26µm
u_core.u_dmem.ram\[61\]\[23\],26µm
u_core.instr\[23\],25.98µm
u_core.u_regfile.regs\[12\]\[17\],25.98µm
_03702_,25.96µm
u_core.u_regfile.regs\[8\]\[14\],25.96µm
_07141_,25.92µm
u_core.u_regfile.regs\[12\]\[31\],25.9µm
u_core.u_regfile.regs\[30\]\[16\],25.88µm
u_core.u_regfile.regs\[21\]\[15\],25.86µm
u_core.u_regfile.regs\[24\]\[16\],25.86µm
u_core.u_regfile.regs\[9\]\[20\],25.86µm
u_core.u_regfile.regs\[19\]\[1\],25.84µm
u_core.u_regfile.regs\[31\]\[6\],25.84µm
u_core.u_regfile.regs\[2\]\[5\],25.82µm
net10,25.82µm
_03953_,25.8µm
_08153_,25.78µm
u_core.pc\[30\],25.78µm
u_core.u_regfile.regs\[23\]\[29\],25.78µm
u_core.u_regfile.regs\[24\]\[24\],25.78µm
u_core.u_regfile.regs\[3\]\[11\],25.78µm
u_core.u_regfile.regs\[26\]\[8\],25.76µm
u_core.u_regfile.regs\[2\]\[7\],25.76µm
u_core.u_regfile.regs\[4\]\[20\],25.76µm
_03470_,25.74µm
u_core.u_dmem.ram\[61\]\[20\],25.74µm
net625,25.74µm
_08222_,25.72µm
_08314_,25.72µm
u_core.u_regfile.regs\[17\]\[17\],25.7µm
u_core.u_regfile.regs\[5\]\[14\],25.7µm
u_core.u_regfile.regs\[5\]\[19\],25.7µm
u_core.u_regfile.regs\[13\]\[24\],25.68µm
u_core.u_regfile.regs\[2\]\[16\],25.66µm
_06990_,25.64µm
_08917_,25.64µm
u_core.u_regfile.regs\[11\]\[11\],25.64µm
u_core.u_regfile.regs\[30\]\[27\],25.6µm
u_core.u_regfile.regs\[9\]\[6\],25.6µm
net261,25.6µm
net514,25.6µm
_08107_,25.58µm
_08730_,25.58µm
u_core.u_regfile.regs\[28\]\[14\],25.58µm
_06090_,25.56µm
u_core.u_regfile.regs\[31\]\[13\],25.56µm
_04382_,25.54µm
_06513_,25.54µm
u_core.u_regfile.regs\[23\]\[7\],25.54µm
net634,25.535µm
_04046_,25.52µm
_04657_,25.52µm
_05287_,25.52µm
_08299_,25.5µm
u_core.u_regfile.regs\[24\]\[13\],25.5µm
u_core.u_regfile.regs\[29\]\[4\],25.5µm
_03724_,25.46µm
u_core.u_regfile.regs\[23\]\[1\],25.46µm
u_core.u_regfile.regs\[26\]\[12\],25.46µm
u_core.u_regfile.regs\[12\]\[6\],25.455µm
u_core.u_regfile.regs\[12\]\[23\],25.445µm
_06208_,25.44µm
_08597_,25.44µm
u_core.u_regfile.regs\[16\]\[18\],25.44µm
net13,25.44µm
u_core.u_regfile.regs\[9\]\[17\],25.42µm
u_core.u_regfile.regs\[7\]\[19\],25.38µm
_06158_,25.36µm
u_core.u_regfile.regs\[10\]\[31\],25.335µm
u_core.u_regfile.regs\[29\]\[27\],25.33µm
_04637_,25.3µm
_07451_,25.28µm
u_core.u_regfile.regs\[10\]\[19\],25.28µm
_08152_,25.26µm
_08824_,25.26µm
u_core.u_regfile.regs\[17\]\[3\],25.26µm
_05123_,25.24µm
u_core.u_dmem.ram\[42\]\[17\],25.24µm
u_core.u_regfile.regs\[25\]\[13\],25.24µm
_05505_,25.22µm
u_core.u_regfile.regs\[19\]\[12\],25.22µm
_04901_,25.18µm
_05349_,25.18µm
net769,25.165µm
_04945_,25.14µm
_07485_,25.12µm
u_core.u_regfile.regs\[14\]\[7\],25.12µm
u_core.u_regfile.regs\[24\]\[17\],25.1µm
u_core.u_regfile.regs\[5\]\[29\],25.1µm
u_core.u_regfile.regs\[25\]\[3\],25.08µm
u_core.u_regfile.regs\[7\]\[9\],25.08µm
net494,25.04µm
_05883_,25.025µm
u_core.u_regfile.regs\[14\]\[5\],25.02µm
u_core.u_regfile.regs\[29\]\[1\],25µm
_05822_,24.98µm
u_core.u_regfile.regs\[28\]\[8\],24.98µm
net2315,24.98µm
_03232_,24.96µm
u_core.u_regfile.regs\[19\]\[3\],24.96µm
_06932_,24.94µm
u_core.u_regfile.regs\[10\]\[25\],24.94µm
u_core.u_regfile.regs\[4\]\[2\],24.94µm
u_core.u_regfile.regs\[18\]\[6\],24.925µm
_05437_,24.92µm
u_core.u_regfile.regs\[17\]\[2\],24.9µm
u_core.u_regfile.regs\[2\]\[14\],24.9µm
u_core.u_regfile.regs\[21\]\[14\],24.88µm
u_core.u_regfile.regs\[21\]\[8\],24.88µm
u_core.u_regfile.regs\[2\]\[4\],24.86µm
_08695_,24.84µm
u_core.u_regfile.regs\[1\]\[30\],24.81µm
u_core.u_regfile.regs\[16\]\[12\],24.8µm
u_core.u_regfile.regs\[1\]\[6\],24.76µm
u_core.u_regfile.regs\[29\]\[12\],24.74µm
u_core.u_regfile.regs\[25\]\[27\],24.72µm
_07568_,24.7µm
u_core.u_regfile.regs\[16\]\[14\],24.7µm
_04439_,24.68µm
u_core.u_regfile.regs\[3\]\[14\],24.68µm
u_core.u_regfile.regs\[12\]\[24\],24.67µm
_04718_,24.66µm
_04691_,24.64µm
_06176_,24.64µm
u_core.u_regfile.regs\[14\]\[31\],24.64µm
u_core.u_regfile.regs\[19\]\[23\],24.625µm
_04592_,24.6µm
_04815_,24.6µm
u_core.u_dmem.ram\[44\]\[17\],24.6µm
u_core.u_regfile.regs\[23\]\[13\],24.6µm
u_core.u_regfile.regs\[4\]\[19\],24.6µm
net2311,24.6µm
_04941_,24.56µm
u_core.u_regfile.regs\[25\]\[10\],24.56µm
net223,24.55µm
_06274_,24.54µm
_07230_,24.54µm
u_core.u_regfile.regs\[1\]\[15\],24.54µm
_05460_,24.525µm
_07797_,24.52µm
u_core.u_regfile.regs\[27\]\[4\],24.5µm
_03570_,24.48µm
_05527_,24.48µm
net1055,24.48µm
_07336_,24.46µm
u_core.u_regfile.regs\[29\]\[16\],24.46µm
net790,24.46µm
_07981_,24.42µm
u_core.u_regfile.regs\[20\]\[4\],24.38µm
u_core.u_regfile.regs\[31\]\[18\],24.38µm
_06479_,24.36µm
_06660_,24.36µm
u_core.u_regfile.regs\[11\]\[24\],24.36µm
u_core.u_regfile.regs\[26\]\[4\],24.36µm
u_core.u_regfile.regs\[7\]\[31\],24.34µm
_03751_,24.32µm
u_core.u_dmem.ram\[30\]\[9\],24.32µm
u_core.u_regfile.regs\[24\]\[22\],24.32µm
u_core.u_regfile.regs\[27\]\[6\],24.32µm
u_core.u_regfile.regs\[4\]\[4\],24.32µm
_03753_,24.3µm
_04142_,24.3µm
_08838_,24.3µm
_03424_,24.28µm
_05316_,24.265µm
_05108_,24.26µm
_06124_,24.26µm
_08355_,24.26µm
u_core.u_regfile.regs\[15\]\[11\],24.26µm
u_core.u_regfile.regs\[31\]\[31\],24.245µm
_04961_,24.22µm
_06518_,24.22µm
u_core.u_regfile.regs\[3\]\[16\],24.22µm
u_core.u_regfile.regs\[9\]\[25\],24.22µm
u_core.u_regfile.regs\[9\]\[30\],24.22µm
_05103_,24.2µm
_08587_,24.2µm
u_core.u_regfile.regs\[5\]\[26\],24.2µm
u_core.u_regfile.regs\[9\]\[23\],24.19µm
u_core.u_regfile.regs\[18\]\[12\],24.185µm
_04370_,24.18µm
u_core.u_regfile.regs\[9\]\[9\],24.18µm
u_core.u_regfile.regs\[17\]\[4\],24.17µm
_05655_,24.16µm
_05906_,24.16µm
u_core.u_regfile.regs\[25\]\[2\],24.16µm
_03754_,24.14µm
u_core.u_dmem.ram\[32\]\[14\],24.14µm
u_core.u_regfile.regs\[26\]\[14\],24.13µm
_06462_,24.12µm
_08340_,24.12µm
u_core.u_regfile.regs\[15\]\[29\],24.12µm
u_core.u_regfile.regs\[2\]\[15\],24.08µm
u_core.u_regfile.regs\[27\]\[21\],24.06µm
u_core.u_regfile.regs\[8\]\[23\],24.06µm
u_core.u_dmem.ram\[47\]\[29\],24.02µm
u_core.u_regfile.regs\[29\]\[20\],24.02µm
u_core.u_regfile.regs\[4\]\[22\],24.02µm
_05511_,24µm
_07023_,24µm
u_core.u_regfile.regs\[13\]\[6\],23.99µm
_05711_,23.98µm
_08718_,23.98µm
u_core.u_regfile.regs\[17\]\[28\],23.98µm
u_core.u_regfile.regs\[28\]\[24\],23.98µm
u_core.u_regfile.regs\[2\]\[28\],23.98µm
u_core.u_regfile.regs\[9\]\[15\],23.98µm
_08040_,23.97µm
_05858_,23.96µm
u_core.u_regfile.regs\[1\]\[12\],23.96µm
u_core.u_regfile.regs\[4\]\[11\],23.96µm
u_core.u_regfile.regs\[19\]\[27\],23.955µm
_04313_,23.94µm
u_core.u_regfile.regs\[17\]\[18\],23.94µm
u_core.u_regfile.regs\[25\]\[25\],23.92µm
u_core.u_regfile.regs\[9\]\[26\],23.92µm
_05583_,23.9µm
_08182_,23.9µm
u_core.u_regfile.regs\[10\]\[21\],23.9µm
u_core.u_regfile.regs\[24\]\[21\],23.9µm
u_core.u_dmem.ram\[46\]\[20\],23.88µm
u_core.u_regfile.regs\[25\]\[9\],23.88µm
u_core.u_regfile.regs\[27\]\[9\],23.88µm
u_core.u_regfile.regs\[2\]\[27\],23.88µm
u_core.u_regfile.regs\[2\]\[6\],23.88µm
net1314,23.88µm
u_core.u_regfile.regs\[10\]\[23\],23.86µm
u_core.u_regfile.regs\[16\]\[25\],23.86µm
u_core.u_regfile.regs\[21\]\[27\],23.84µm
u_core.u_regfile.regs\[31\]\[0\],23.84µm
u_core.u_regfile.regs\[6\]\[31\],23.82µm
u_core.u_dmem.ram\[1\]\[4\],23.8µm
u_core.u_regfile.regs\[15\]\[9\],23.8µm
u_core.u_regfile.regs\[22\]\[28\],23.8µm
u_core.u_regfile.regs\[26\]\[17\],23.8µm
_06506_,23.78µm
_07295_,23.78µm
_08215_,23.78µm
u_core.u_regfile.regs\[1\]\[7\],23.78µm
_05276_,23.76µm
u_core.u_dmem.ram\[52\]\[25\],23.76µm
u_core.u_regfile.regs\[10\]\[15\],23.76µm
_03482_,23.74µm
_05540_,23.74µm
u_core.u_regfile.regs\[11\]\[18\],23.74µm
u_core.u_regfile.regs\[10\]\[11\],23.735µm
_06864_,23.72µm
_07201_,23.69µm
_03575_,23.68µm
_05370_,23.68µm
u_core.instr\[22\],23.68µm
_06202_,23.66µm
_08128_,23.66µm
u_core.u_regfile.regs\[17\]\[24\],23.66µm
u_core.u_regfile.regs\[27\]\[14\],23.66µm
_07419_,23.64µm
u_core.u_regfile.regs\[21\]\[1\],23.64µm
u_core.u_regfile.regs\[12\]\[20\],23.625µm
_07393_,23.62µm
u_core.u_dmem.ram\[34\]\[0\],23.6µm
u_core.u_dmem.ram\[44\]\[5\],23.6µm
_06696_,23.58µm
_08642_,23.58µm
_03905_,23.56µm
_05884_,23.56µm
_03349_,23.54µm
u_core.u_regfile.regs\[8\]\[9\],23.54µm
net1062,23.54µm
_03728_,23.52µm
u_core.u_regfile.regs\[26\]\[3\],23.52µm
u_core.u_regfile.regs\[30\]\[14\],23.52µm
u_core.u_regfile.regs\[5\]\[2\],23.52µm
u_core.u_regfile.regs\[29\]\[6\],23.485µm
_04868_,23.48µm
_06419_,23.46µm
u_core.u_regfile.regs\[24\]\[6\],23.46µm
u_core.u_regfile.regs\[27\]\[31\],23.44µm
u_core.u_regfile.regs\[28\]\[22\],23.44µm
u_core.u_regfile.regs\[13\]\[19\],23.42µm
u_core.u_regfile.regs\[19\]\[0\],23.42µm
u_core.u_dmem.ram\[13\]\[19\],23.415µm
u_core.u_dmem.ram\[62\]\[5\],23.4µm
u_core.u_regfile.regs\[23\]\[23\],23.385µm
_05183_,23.38µm
u_core.u_regfile.regs\[31\]\[3\],23.38µm
u_core.u_regfile.regs\[6\]\[28\],23.38µm
_05725_,23.37µm
u_core.u_dmem.ram\[25\]\[7\],23.36µm
_04437_,23.34µm
u_core.u_dmem.ram\[28\]\[10\],23.34µm
u_core.u_regfile.regs\[19\]\[24\],23.34µm
u_core.u_regfile.regs\[6\]\[24\],23.34µm
_05284_,23.32µm
u_core.u_regfile.regs\[24\]\[19\],23.32µm
u_core.u_regfile.regs\[28\]\[5\],23.315µm
u_core.u_regfile.regs\[15\]\[16\],23.31µm
_04078_,23.3µm
_08546_,23.3µm
u_core.u_regfile.regs\[30\]\[1\],23.3µm
net3,23.3µm
u_core.u_regfile.regs\[3\]\[21\],23.28µm
u_core.u_regfile.regs\[3\]\[9\],23.28µm
_04632_,23.26µm
_08613_,23.26µm
u_core.u_regfile.regs\[2\]\[3\],23.26µm
_06708_,23.24µm
u_core.u_regfile.regs\[19\]\[10\],23.24µm
u_core.u_regfile.regs\[20\]\[21\],23.24µm
u_core.u_regfile.regs\[24\]\[3\],23.24µm
_05850_,23.22µm
_05893_,23.22µm
_04802_,23.2µm
u_core.u_regfile.regs\[20\]\[31\],23.195µm
u_core.u_regfile.regs\[30\]\[2\],23.19µm
_07373_,23.18µm
_09018_,23.18µm
u_core.u_regfile.regs\[17\]\[6\],23.18µm
u_core.u_regfile.regs\[25\]\[4\],23.18µm
_03461_,23.16µm
_08119_,23.16µm
u_core.u_dmem.ram\[21\]\[18\],23.155µm
_04049_,23.12µm
_05308_,23.12µm
_08963_,23.12µm
u_core.u_regfile.regs\[31\]\[21\],23.12µm
u_core.u_regfile.regs\[8\]\[7\],23.115µm
_05338_,23.1µm
u_core.u_regfile.regs\[5\]\[6\],23.1µm
_04911_,23.08µm
_05022_,23.08µm
net2222,23.06µm
u_core.u_regfile.regs\[13\]\[12\],23.055µm
_04819_,23.04µm
_04973_,23.04µm
u_core.u_regfile.regs\[30\]\[15\],23.04µm
u_core.u_regfile.regs\[3\]\[0\],23.02µm
net1815,23.02µm
net1993,23.02µm
_08412_,23µm
u_core.instr\[6\],23µm
_07165_,22.99µm
_03963_,22.98µm
u_core.u_regfile.regs\[25\]\[31\],22.98µm
u_core.u_regfile.regs\[26\]\[28\],22.98µm
u_core.u_dmem.ram\[15\]\[12\],22.975µm
_04397_,22.97µm
_04354_,22.96µm
_07876_,22.96µm
_08523_,22.96µm
u_core.u_regfile.regs\[15\]\[31\],22.96µm
u_core.u_regfile.regs\[2\]\[2\],22.94µm
u_core.u_regfile.regs\[4\]\[12\],22.94µm
_04765_,22.92µm
_07412_,22.92µm
_08158_,22.92µm
_08915_,22.92µm
u_core.u_regfile.regs\[12\]\[13\],22.92µm
_06150_,22.91µm
_03512_,22.88µm
u_core.u_regfile.regs\[11\]\[14\],22.88µm
u_core.u_regfile.regs\[16\]\[28\],22.88µm
u_core.u_regfile.regs\[20\]\[1\],22.88µm
u_core.u_regfile.regs\[9\]\[1\],22.88µm
_05964_,22.86µm
u_core.u_regfile.regs\[6\]\[11\],22.86µm
u_core.u_regfile.regs\[18\]\[26\],22.845µm
_03561_,22.84µm
_03881_,22.84µm
u_core.u_regfile.regs\[20\]\[11\],22.84µm
u_core.u_regfile.regs\[24\]\[0\],22.84µm
u_core.u_regfile.regs\[3\]\[28\],22.84µm
u_core.u_dmem.ram\[54\]\[16\],22.82µm
u_core.u_regfile.regs\[14\]\[24\],22.82µm
_06312_,22.8µm
_07665_,22.8µm
_08976_,22.8µm
u_core.u_regfile.regs\[9\]\[29\],22.8µm
_04916_,22.79µm
u_core.u_regfile.regs\[4\]\[6\],22.79µm
u_core.u_regfile.regs\[6\]\[26\],22.79µm
u_core.u_regfile.regs\[22\]\[5\],22.76µm
_03674_,22.74µm
u_core.u_regfile.regs\[12\]\[0\],22.74µm
u_core.u_regfile.regs\[10\]\[8\],22.725µm
_06340_,22.72µm
u_core.u_regfile.regs\[14\]\[30\],22.72µm
u_core.u_regfile.regs\[20\]\[19\],22.715µm
_03507_,22.7µm
u_core.u_regfile.regs\[31\]\[9\],22.7µm
net1616,22.7µm
_07509_,22.66µm
u_core.u_regfile.regs\[27\]\[0\],22.66µm
_04894_,22.6µm
u_core.u_regfile.regs\[14\]\[19\],22.58µm
net2126,22.58µm
u_core.u_dmem.ram\[41\]\[27\],22.56µm
_03376_,22.54µm
_06945_,22.54µm
u_core.u_regfile.regs\[8\]\[16\],22.54µm
u_core.u_regfile.regs\[9\]\[18\],22.54µm
u_core.u_dmem.ram\[30\]\[27\],22.52µm
u_core.u_regfile.regs\[23\]\[27\],22.52µm
u_core.u_regfile.regs\[28\]\[10\],22.515µm
u_core.u_regfile.regs\[3\]\[8\],22.51µm
_04460_,22.5µm
_05635_,22.5µm
u_core.u_dmem.ram\[47\]\[28\],22.48µm
u_core.u_regfile.regs\[14\]\[10\],22.48µm
u_core.u_regfile.regs\[2\]\[17\],22.48µm
u_core.u_regfile.regs\[28\]\[31\],22.47µm
_03423_,22.46µm
_03693_,22.46µm
u_core.u_dmem.ram\[14\]\[14\],22.46µm
u_core.u_dmem.ram\[16\]\[6\],22.46µm
u_core.u_dmem.ram\[44\]\[2\],22.46µm
u_core.u_regfile.regs\[15\]\[8\],22.46µm
u_core.u_regfile.regs\[5\]\[1\],22.46µm
u_core.u_regfile.regs\[6\]\[29\],22.46µm
net4230,22.46µm
u_core.u_regfile.regs\[18\]\[21\],22.445µm
u_core.u_dmem.ram\[36\]\[31\],22.44µm
u_core.u_regfile.regs\[14\]\[17\],22.44µm
net969,22.44µm
u_core.u_regfile.regs\[19\]\[30\],22.43µm
u_core.u_regfile.regs\[25\]\[18\],22.42µm
_03897_,22.4µm
u_core.u_regfile.regs\[18\]\[19\],22.4µm
u_core.u_regfile.regs\[21\]\[12\],22.4µm
u_core.u_regfile.regs\[27\]\[28\],22.4µm
u_core.u_regfile.regs\[4\]\[24\],22.4µm
u_core.u_regfile.regs\[14\]\[25\],22.39µm
_08100_,22.385µm
u_core.u_regfile.regs\[26\]\[24\],22.385µm
_03502_,22.38µm
_07294_,22.38µm
u_core.u_dmem.ram\[32\]\[23\],22.38µm
_05021_,22.36µm
_08540_,22.36µm
u_core.u_regfile.regs\[4\]\[17\],22.34µm
u_core.u_regfile.regs\[29\]\[24\],22.325µm
_09114_,22.32µm
_05812_,22.3µm
_08005_,22.3µm
u_core.u_regfile.regs\[29\]\[5\],22.285µm
_06605_,22.28µm
_09012_,22.28µm
u_core.u_regfile.regs\[21\]\[4\],22.28µm
net2072,22.28µm
net1301,22.26µm
_08383_,22.24µm
u_core.u_regfile.regs\[25\]\[15\],22.24µm
u_core.u_regfile.regs\[2\]\[31\],22.24µm
_09067_,22.22µm
u_core.u_regfile.regs\[11\]\[23\],22.22µm
u_core.u_regfile.regs\[4\]\[7\],22.22µm
u_core.u_regfile.regs\[22\]\[24\],22.2µm
u_core.u_regfile.regs\[24\]\[23\],22.2µm
net2124,22.2µm
_05596_,22.18µm
_06499_,22.18µm
u_core.u_regfile.regs\[30\]\[20\],22.18µm
_06593_,22.16µm
u_core.u_regfile.regs\[25\]\[21\],22.16µm
net963,22.16µm
u_core.u_regfile.regs\[23\]\[14\],22.155µm
_05573_,22.12µm
_08122_,22.12µm
u_core.u_regfile.regs\[22\]\[8\],22.12µm
u_core.u_regfile.regs\[18\]\[15\],22.1µm
_04395_,22.08µm
_06626_,22.06µm
u_core.u_regfile.regs\[17\]\[19\],22.06µm
u_core.u_regfile.regs\[4\]\[10\],22.06µm
u_core.u_regfile.regs\[5\]\[31\],22.06µm
u_core.u_regfile.regs\[9\]\[31\],22.06µm
u_core.u_regfile.regs\[15\]\[6\],22.04µm
net1440,22.04µm
_08583_,22.02µm
u_core.u_regfile.regs\[6\]\[15\],22.02µm
u_core.u_regfile.regs\[26\]\[26\],22.015µm
_05072_,22µm
u_core.u_dmem.ram\[55\]\[16\],22µm
u_core.u_regfile.regs\[2\]\[1\],22µm
u_core.u_regfile.regs\[5\]\[24\],22µm
_07558_,21.98µm
_08026_,21.96µm
_08581_,21.96µm
u_core.u_dmem.ram\[35\]\[3\],21.96µm
u_core.u_dmem.ram\[56\]\[18\],21.96µm
u_core.u_regfile.regs\[21\]\[26\],21.96µm
u_core.u_regfile.regs\[26\]\[10\],21.96µm
_04301_,21.94µm
_07153_,21.94µm
net994,21.94µm
u_core.u_regfile.regs\[6\]\[5\],21.92µm
u_core.u_regfile.regs\[6\]\[30\],21.9µm
u_core.u_regfile.regs\[26\]\[6\],21.89µm
_06590_,21.885µm
_08578_,21.88µm
u_core.u_dmem.ram\[50\]\[15\],21.88µm
_08285_,21.86µm
u_core.u_regfile.regs\[5\]\[11\],21.86µm
_05010_,21.84µm
_08580_,21.84µm
u_core.u_regfile.regs\[11\]\[3\],21.84µm
u_core.u_regfile.regs\[20\]\[16\],21.825µm
u_core.u_regfile.regs\[22\]\[1\],21.82µm
u_core.u_dmem.ram\[62\]\[29\],21.81µm
_03864_,21.8µm
u_core.u_dmem.ram\[28\]\[25\],21.8µm
u_core.u_regfile.regs\[31\]\[27\],21.77µm
_03576_,21.76µm
_07637_,21.76µm
u_core.u_dmem.ram\[53\]\[9\],21.76µm
u_core.u_regfile.regs\[3\]\[1\],21.76µm
u_core.u_dmem.ram\[53\]\[16\],21.75µm
u_core.u_regfile.regs\[1\]\[25\],21.75µm
_08684_,21.74µm
_09150_,21.74µm
u_core.u_regfile.regs\[3\]\[6\],21.74µm
_05651_,21.73µm
_06081_,21.72µm
_07975_,21.7µm
u_core.u_regfile.regs\[1\]\[21\],21.7µm
u_core.u_regfile.regs\[7\]\[30\],21.7µm
u_core.u_regfile.regs\[3\]\[2\],21.675µm
_05521_,21.66µm
_06671_,21.66µm
_08975_,21.66µm
u_core.u_dmem.ram\[1\]\[8\],21.66µm
u_core.u_regfile.regs\[15\]\[28\],21.66µm
_04198_,21.64µm
u_core.u_regfile.regs\[10\]\[14\],21.635µm
net1926,21.605µm
_07521_,21.6µm
_08983_,21.6µm
u_core.u_dmem.ram\[41\]\[31\],21.6µm
_04288_,21.58µm
_06410_,21.58µm
u_core.u_regfile.regs\[27\]\[15\],21.58µm
u_core.u_regfile.regs\[12\]\[26\],21.56µm
u_core.u_regfile.regs\[1\]\[31\],21.56µm
_08181_,21.55µm
_05800_,21.54µm
_08161_,21.54µm
_08650_,21.54µm
u_core.u_dmem.ram\[32\]\[15\],21.54µm
u_core.u_regfile.regs\[16\]\[11\],21.54µm
u_core.u_regfile.regs\[7\]\[4\],21.54µm
_04571_,21.52µm
u_core.u_regfile.regs\[12\]\[11\],21.52µm
u_core.u_regfile.regs\[22\]\[15\],21.52µm
u_core.u_regfile.regs\[22\]\[23\],21.52µm
_04311_,21.5µm
_04415_,21.5µm
_06385_,21.5µm
_07111_,21.5µm
u_core.u_dmem.ram\[33\]\[0\],21.5µm
u_core.u_dmem.ram\[46\]\[13\],21.5µm
u_core.u_dmem.ram\[53\]\[4\],21.5µm
u_core.u_regfile.regs\[10\]\[18\],21.5µm
u_core.u_regfile.regs\[19\]\[5\],21.5µm
u_core.u_regfile.regs\[6\]\[8\],21.5µm
net1875,21.5µm
u_core.u_dmem.ram\[20\]\[5\],21.46µm
u_core.u_dmem.ram\[33\]\[14\],21.46µm
u_core.u_regfile.regs\[22\]\[11\],21.46µm
u_core.u_regfile.regs\[24\]\[15\],21.46µm
u_core.u_regfile.regs\[29\]\[22\],21.46µm
u_core.u_regfile.regs\[5\]\[20\],21.46µm
u_core.u_regfile.regs\[8\]\[22\],21.46µm
_06187_,21.44µm
u_core.u_regfile.regs\[16\]\[26\],21.44µm
_07863_,21.42µm
u_core.u_dmem.ram\[2\]\[19\],21.42µm
u_core.u_dmem.ram\[48\]\[3\],21.42µm
u_core.u_regfile.regs\[18\]\[11\],21.42µm
u_core.u_regfile.regs\[27\]\[26\],21.42µm
u_core.u_regfile.regs\[29\]\[11\],21.42µm
u_core.u_regfile.regs\[30\]\[22\],21.4µm
_04495_,21.38µm
_05158_,21.38µm
_05161_,21.38µm
u_core.u_dmem.ram\[35\]\[13\],21.38µm
u_core.u_regfile.regs\[19\]\[14\],21.38µm
u_core.u_regfile.regs\[22\]\[0\],21.38µm
u_core.u_regfile.regs\[22\]\[27\],21.36µm
u_core.u_dmem.ram\[18\]\[25\],21.34µm
u_core.u_dmem.ram\[56\]\[10\],21.34µm
u_core.u_regfile.regs\[4\]\[13\],21.34µm
u_core.u_dmem.ram\[47\]\[19\],21.33µm
u_core.u_regfile.regs\[3\]\[10\],21.33µm
_03968_,21.32µm
u_core.u_dmem.ram\[7\]\[26\],21.32µm
u_core.u_regfile.regs\[15\]\[23\],21.32µm
u_core.u_regfile.regs\[22\]\[7\],21.32µm
u_core.u_regfile.regs\[23\]\[2\],21.32µm
_07401_,21.28µm
_09026_,21.28µm
u_core.u_regfile.regs\[23\]\[21\],21.26µm
u_core.u_dmem.ram\[57\]\[18\],21.245µm
_06154_,21.24µm
u_core.u_dmem.ram\[35\]\[19\],21.24µm
u_core.u_dmem.ram\[8\]\[24\],21.24µm
u_core.u_regfile.regs\[13\]\[15\],21.24µm
u_core.u_regfile.regs\[22\]\[12\],21.24µm
u_core.u_regfile.regs\[28\]\[3\],21.24µm
_05089_,21.22µm
_05180_,21.22µm
_05754_,21.22µm
_07199_,21.22µm
u_core.u_regfile.regs\[10\]\[3\],21.22µm
u_core.u_regfile.regs\[31\]\[22\],21.22µm
_05155_,21.21µm
_04590_,21.2µm
_08711_,21.2µm
u_core.u_regfile.regs\[21\]\[24\],21.2µm
u_core.u_dmem.ram\[49\]\[28\],21.195µm
_06088_,21.18µm
u_core.u_regfile.regs\[2\]\[22\],21.18µm
net1832,21.18µm
u_core.u_dmem.ram\[31\]\[14\],21.16µm
u_core.u_regfile.regs\[24\]\[2\],21.16µm
u_core.u_regfile.regs\[6\]\[23\],21.16µm
u_core.u_regfile.regs\[12\]\[22\],21.145µm
u_core.u_dmem.ram\[61\]\[14\],21.14µm
u_core.u_regfile.regs\[13\]\[21\],21.14µm
net2237,21.14µm
_04272_,21.12µm
_05274_,21.12µm
_05366_,21.12µm
_06094_,21.12µm
u_core.u_regfile.regs\[18\]\[4\],21.12µm
u_core.u_dmem.ram\[6\]\[22\],21.115µm
_06944_,21.1µm
net1204,21.1µm
_08224_,21.095µm
_03756_,21.08µm
_06925_,21.08µm
u_core.u_regfile.regs\[12\]\[14\],21.06µm
u_core.u_regfile.regs\[13\]\[20\],21.06µm
_04042_,21.04µm
_08585_,21.04µm
u_core.u_regfile.regs\[19\]\[6\],21.04µm
u_core.u_regfile.regs\[5\]\[8\],21.04µm
net2473,21.04µm
u_core.u_dmem.ram\[10\]\[25\],21.035µm
_09005_,21.02µm
u_core.u_dmem.ram\[34\]\[28\],21.005µm
_04041_,21µm
_04597_,21µm
_08053_,21µm
u_core.u_dmem.ram\[11\]\[5\],21µm
u_core.u_regfile.regs\[15\]\[4\],21µm
u_core.u_regfile.regs\[22\]\[21\],21µm
u_core.u_regfile.regs\[23\]\[28\],21µm
u_core.u_regfile.regs\[6\]\[25\],21µm
net495,21µm
_05553_,20.98µm
u_core.u_regfile.regs\[12\]\[30\],20.98µm
u_core.u_regfile.regs\[20\]\[3\],20.98µm
u_core.u_regfile.regs\[3\]\[19\],20.98µm
_05128_,20.975µm
u_core.u_regfile.regs\[2\]\[8\],20.97µm
_07597_,20.96µm
_07993_,20.96µm
u_core.u_dmem.ram\[57\]\[26\],20.96µm
u_core.u_regfile.regs\[14\]\[21\],20.96µm
u_core.u_regfile.regs\[22\]\[30\],20.96µm
u_core.u_regfile.regs\[5\]\[10\],20.96µm
_08996_,20.955µm
_04485_,20.92µm
_06728_,20.92µm
u_core.u_dmem.ram\[10\]\[12\],20.92µm
u_core.u_regfile.regs\[7\]\[3\],20.92µm
u_core.u_dmem.ram\[23\]\[11\],20.91µm
_04708_,20.9µm
_08013_,20.9µm
_08275_,20.9µm
_05860_,20.89µm
u_core.u_regfile.regs\[7\]\[20\],20.88µm
_05041_,20.86µm
u_core.u_regfile.regs\[12\]\[29\],20.86µm
_05741_,20.84µm
_04435_,20.82µm
u_core.u_regfile.regs\[5\]\[12\],20.8µm
_04732_,20.78µm
_07865_,20.78µm
u_core.u_dmem.ram\[45\]\[1\],20.78µm
u_core.u_regfile.regs\[17\]\[26\],20.78µm
u_core.u_regfile.regs\[20\]\[27\],20.78µm
u_core.u_regfile.regs\[20\]\[23\],20.775µm
u_core.u_dmem.ram\[25\]\[8\],20.76µm
u_core.u_regfile.regs\[3\]\[5\],20.76µm
_07159_,20.755µm
_06379_,20.74µm
u_core.u_dmem.ram\[22\]\[16\],20.74µm
u_core.u_regfile.regs\[27\]\[8\],20.74µm
u_core.u_dmem.ram\[36\]\[8\],20.72µm
u_core.u_regfile.regs\[7\]\[8\],20.72µm
_08741_,20.7µm
u_core.u_regfile.regs\[13\]\[1\],20.7µm
u_core.u_regfile.regs\[29\]\[30\],20.7µm
u_core.u_regfile.regs\[5\]\[16\],20.7µm
_09161_,20.68µm
u_core.u_dmem.ram\[54\]\[23\],20.68µm
u_core.u_regfile.regs\[27\]\[19\],20.68µm
_04034_,20.66µm
u_core.u_regfile.regs\[2\]\[25\],20.66µm
_07940_,20.65µm
u_core.u_regfile.regs\[15\]\[15\],20.64µm
_07422_,20.635µm
_07146_,20.62µm
u_core.u_dmem.ram\[17\]\[10\],20.62µm
u_core.u_dmem.ram\[40\]\[1\],20.62µm
net1023,20.62µm
_04531_,20.6µm
_05862_,20.6µm
_06853_,20.6µm
_04884_,20.59µm
_03499_,20.58µm
_04138_,20.58µm
u_core.u_dmem.ram\[28\]\[13\],20.58µm
u_core.u_dmem.ram\[59\]\[2\],20.58µm
_05917_,20.54µm
_06762_,20.54µm
_08940_,20.54µm
u_core.u_dmem.ram\[62\]\[17\],20.54µm
u_core.u_regfile.regs\[13\]\[22\],20.54µm
u_core.u_regfile.regs\[4\]\[14\],20.54µm
u_core.u_regfile.regs\[1\]\[14\],20.52µm
u_core.pc\[10\],20.5µm
u_core.u_dmem.ram\[21\]\[23\],20.5µm
u_core.u_dmem.ram\[35\]\[21\],20.5µm
_08440_,20.48µm
u_core.u_regfile.regs\[12\]\[21\],20.475µm
u_core.u_dmem.ram\[41\]\[4\],20.46µm
u_core.u_dmem.ram\[7\]\[27\],20.46µm
u_core.u_regfile.regs\[14\]\[2\],20.46µm
u_core.u_regfile.regs\[2\]\[0\],20.46µm
u_core.u_dmem.ram\[48\]\[12\],20.44µm
_08528_,20.42µm
_07840_,20.4µm
u_core.u_regfile.regs\[23\]\[16\],20.4µm
u_core.u_regfile.regs\[28\]\[15\],20.4µm
ui_in[1],20.37µm
u_core.u_dmem.ram\[27\]\[25\],20.36µm
net785,20.36µm
_03713_,20.34µm
_04456_,20.34µm
u_core.u_regfile.regs\[1\]\[8\],20.34µm
u_core.u_regfile.regs\[21\]\[30\],20.34µm
u_core.u_regfile.regs\[24\]\[31\],20.34µm
_04243_,20.32µm
_04508_,20.32µm
_06283_,20.3µm
_08059_,20.3µm
u_core.u_dmem.ram\[18\]\[31\],20.3µm
u_core.u_dmem.ram\[38\]\[12\],20.3µm
u_core.u_regfile.regs\[23\]\[9\],20.3µm
u_core.u_regfile.regs\[26\]\[18\],20.3µm
u_core.u_regfile.regs\[3\]\[12\],20.3µm
u_core.u_dmem.ram\[46\]\[3\],20.28µm
u_core.u_regfile.regs\[26\]\[13\],20.28µm
u_core.u_dmem.ram\[35\]\[26\],20.26µm
u_core.u_regfile.regs\[1\]\[2\],20.26µm
u_core.u_regfile.regs\[7\]\[7\],20.26µm
u_core.u_regfile.regs\[23\]\[8\],20.245µm
_05966_,20.24µm
_08937_,20.24µm
u_core.u_regfile.regs\[9\]\[11\],20.24µm
_05629_,20.22µm
_03772_,20.2µm
_06212_,20.2µm
_06613_,20.2µm
_06643_,20.2µm
_07931_,20.2µm
_08069_,20.2µm
u_core.u_dmem.ram\[47\]\[8\],20.2µm
u_core.u_regfile.regs\[7\]\[2\],20.2µm
net1333,20.2µm
_04227_,20.18µm
u_core.u_dmem.ram\[53\]\[29\],20.18µm
_08350_,20.16µm
u_core.u_dmem.ram\[23\]\[22\],20.16µm
u_core.u_dmem.ram\[49\]\[20\],20.16µm
u_core.u_regfile.regs\[9\]\[4\],20.16µm
_04023_,20.14µm
_05472_,20.14µm
_04748_,20.12µm
u_core.u_dmem.ram\[21\]\[2\],20.12µm
u_core.u_regfile.regs\[13\]\[30\],20.12µm
u_core.u_regfile.regs\[9\]\[0\],20.12µm
_05632_,20.1µm
u_core.u_dmem.ram\[14\]\[10\],20.1µm
u_core.u_dmem.ram\[34\]\[24\],20.1µm
u_core.u_regfile.regs\[12\]\[3\],20.095µm
_04822_,20.08µm
_08945_,20.08µm
u_core.u_dmem.ram\[0\]\[1\],20.08µm
u_core.u_dmem.ram\[20\]\[2\],20.08µm
u_core.u_dmem.ram\[28\]\[1\],20.08µm
u_core.u_dmem.ram\[50\]\[3\],20.08µm
u_core.u_regfile.regs\[5\]\[4\],20.07µm
_03653_,20.06µm
u_core.u_regfile.regs\[16\]\[10\],20.06µm
_04155_,20.04µm
u_core.u_dmem.ram\[54\]\[20\],20.04µm
u_core.u_regfile.regs\[19\]\[11\],20.03µm
_06679_,20.02µm
u_core.u_regfile.regs\[1\]\[13\],20.015µm
_04899_,20.01µm
_06420_,20µm
_07276_,20µm
u_core.u_dmem.ram\[55\]\[14\],20µm
u_core.u_regfile.regs\[1\]\[27\],20µm
_07189_,19.98µm
u_core.u_dmem.ram\[17\]\[18\],19.98µm
u_core.u_dmem.ram\[25\]\[2\],19.98µm
u_core.u_dmem.ram\[63\]\[6\],19.98µm
u_core.u_regfile.regs\[31\]\[5\],19.975µm
_03995_,19.96µm
u_core.u_regfile.regs\[31\]\[2\],19.96µm
_08527_,19.94µm
u_core.u_dmem.ram\[20\]\[7\],19.94µm
u_core.u_regfile.regs\[18\]\[1\],19.935µm
_04516_,19.92µm
_07432_,19.92µm
_04173_,19.9µm
u_core.u_regfile.regs\[2\]\[21\],19.88µm
_08157_,19.87µm
_03689_,19.86µm
_04305_,19.86µm
_04635_,19.86µm
_05744_,19.86µm
_07803_,19.86µm
_08808_,19.86µm
u_core.u_dmem.ram\[51\]\[16\],19.86µm
u_core.u_regfile.regs\[15\]\[20\],19.86µm
u_core.u_regfile.regs\[2\]\[26\],19.86µm
_03769_,19.84µm
_06929_,19.84µm
u_core.u_regfile.regs\[31\]\[12\],19.83µm
u_core.u_dmem.ram\[22\]\[6\],19.82µm
u_core.u_dmem.ram\[62\]\[22\],19.82µm
u_core.u_regfile.regs\[15\]\[26\],19.82µm
u_core.u_dmem.ram\[5\]\[20\],19.8µm
u_core.u_regfile.regs\[13\]\[27\],19.785µm
_05630_,19.78µm
u_core.u_regfile.regs\[26\]\[5\],19.78µm
_05020_,19.775µm
_04668_,19.76µm
_06577_,19.76µm
_07210_,19.76µm
u_core.u_regfile.regs\[11\]\[30\],19.76µm
u_core.u_regfile.regs\[13\]\[0\],19.76µm
_05991_,19.74µm
u_core.u_dmem.ram\[18\]\[0\],19.74µm
u_core.u_regfile.regs\[20\]\[9\],19.74µm
u_core.u_regfile.regs\[31\]\[20\],19.74µm
u_core.u_regfile.regs\[5\]\[17\],19.74µm
net1886,19.74µm
u_core.u_dmem.ram\[44\]\[27\],19.72µm
net547,19.72µm
_03537_,19.7µm
_04569_,19.7µm
_04848_,19.7µm
_05675_,19.7µm
u_core.u_dmem.ram\[47\]\[5\],19.7µm
u_core.u_regfile.regs\[13\]\[26\],19.7µm
u_core.u_regfile.regs\[24\]\[9\],19.7µm
u_core.u_regfile.regs\[8\]\[27\],19.7µm
u_core.u_regfile.regs\[28\]\[18\],19.665µm
_04029_,19.66µm
_06693_,19.66µm
_07559_,19.66µm
u_core.u_dmem.ram\[12\]\[5\],19.66µm
u_core.u_dmem.ram\[31\]\[8\],19.66µm
u_core.u_dmem.ram\[3\]\[16\],19.66µm
u_core.u_dmem.ram\[51\]\[4\],19.66µm
_06709_,19.64µm
u_core.u_regfile.regs\[8\]\[31\],19.64µm
u_core.u_regfile.regs\[26\]\[23\],19.63µm
_08469_,19.62µm
u_core.u_dmem.ram\[0\]\[7\],19.62µm
u_core.u_dmem.ram\[33\]\[27\],19.62µm
u_core.u_dmem.ram\[57\]\[5\],19.62µm
u_core.u_regfile.regs\[27\]\[1\],19.62µm
_08607_,19.615µm
_05934_,19.6µm
u_core.u_regfile.regs\[1\]\[18\],19.6µm
u_core.u_regfile.regs\[30\]\[18\],19.6µm
_03487_,19.58µm
_05065_,19.58µm
u_core.u_dmem.ram\[54\]\[12\],19.58µm
u_core.u_dmem.ram\[9\]\[2\],19.58µm
u_core.u_regfile.regs\[22\]\[20\],19.575µm
_07160_,19.56µm
u_core.u_regfile.regs\[10\]\[22\],19.56µm
u_core.u_regfile.regs\[6\]\[1\],19.56µm
u_core.u_dmem.ram\[38\]\[22\],19.55µm
_06380_,19.54µm
u_core.u_dmem.ram\[12\]\[16\],19.54µm
u_core.u_regfile.regs\[6\]\[9\],19.54µm
_05585_,19.53µm
u_core.u_dmem.ram\[14\]\[12\],19.53µm
u_core.u_regfile.regs\[4\]\[23\],19.53µm
_08685_,19.52µm
_07915_,19.5µm
_08498_,19.5µm
u_core.u_dmem.ram\[33\]\[13\],19.5µm
u_core.u_dmem.ram\[38\]\[25\],19.49µm
_08257_,19.48µm
u_core.u_dmem.ram\[17\]\[23\],19.48µm
u_core.u_dmem.ram\[60\]\[7\],19.48µm
_04781_,19.46µm
_05198_,19.46µm
u_core.u_dmem.ram\[19\]\[22\],19.45µm
net667,19.45µm
u_core.u_dmem.ram\[33\]\[26\],19.42µm
u_core.u_dmem.ram\[39\]\[14\],19.42µm
u_core.u_regfile.regs\[17\]\[13\],19.42µm
u_core.u_regfile.regs\[7\]\[15\],19.42µm
u_core.u_dmem.ram\[35\]\[11\],19.41µm
_03539_,19.4µm
_05867_,19.4µm
u_core.u_regfile.regs\[7\]\[23\],19.4µm
_04885_,19.39µm
u_core.u_regfile.regs\[16\]\[1\],19.38µm
u_core.u_regfile.regs\[20\]\[30\],19.38µm
_06898_,19.36µm
_08273_,19.36µm
u_core.u_regfile.regs\[15\]\[1\],19.36µm
u_core.u_regfile.regs\[3\]\[13\],19.36µm
_04175_,19.34µm
_07662_,19.34µm
u_core.u_dmem.ram\[3\]\[8\],19.33µm
_08303_,19.32µm
u_core.u_regfile.regs\[6\]\[6\],19.32µm
_04913_,19.3µm
u_core.u_dmem.ram\[30\]\[28\],19.3µm
u_core.u_regfile.regs\[29\]\[7\],19.3µm
_06136_,19.28µm
_07024_,19.28µm
_08805_,19.28µm
u_core.u_dmem.ram\[10\]\[28\],19.28µm
u_core.u_dmem.ram\[30\]\[18\],19.28µm
u_core.u_dmem.ram\[44\]\[15\],19.28µm
u_core.u_dmem.ram\[46\]\[16\],19.28µm
u_core.u_dmem.ram\[57\]\[15\],19.28µm
u_core.u_dmem.ram\[62\]\[20\],19.26µm
u_core.u_regfile.regs\[28\]\[28\],19.26µm
net1483,19.26µm
_04706_,19.24µm
u_core.u_dmem.ram\[34\]\[14\],19.24µm
u_core.u_dmem.ram\[46\]\[14\],19.24µm
u_core.u_regfile.regs\[30\]\[19\],19.24µm
u_core.u_regfile.regs\[5\]\[7\],19.24µm
u_core.u_dmem.ram\[51\]\[23\],19.22µm
u_core.u_regfile.regs\[2\]\[12\],19.22µm
_08260_,19.2µm
u_core.u_dmem.ram\[16\]\[0\],19.2µm
u_core.u_dmem.ram\[47\]\[3\],19.2µm
net678,19.195µm
_04882_,19.18µm
_08377_,19.18µm
u_core.u_dmem.ram\[46\]\[10\],19.18µm
u_core.u_regfile.regs\[19\]\[9\],19.18µm
u_core.u_regfile.regs\[20\]\[24\],19.18µm
u_core.u_regfile.regs\[26\]\[1\],19.18µm
net3190,19.18µm
_04777_,19.16µm
_05890_,19.16µm
u_core.u_dmem.ram\[13\]\[2\],19.16µm
u_core.u_dmem.ram\[41\]\[12\],19.16µm
u_core.u_dmem.ram\[6\]\[29\],19.16µm
u_core.u_regfile.regs\[1\]\[29\],19.16µm
u_core.u_dmem.ram\[13\]\[6\],19.14µm
u_core.u_regfile.regs\[13\]\[11\],19.14µm
u_core.u_regfile.regs\[19\]\[16\],19.14µm
u_core.u_regfile.regs\[21\]\[18\],19.14µm
u_core.u_regfile.regs\[31\]\[4\],19.14µm
u_core.u_regfile.regs\[7\]\[16\],19.14µm
_06372_,19.12µm
_06742_,19.12µm
u_core.u_dmem.ram\[19\]\[2\],19.12µm
u_core.u_dmem.ram\[22\]\[0\],19.12µm
u_core.u_dmem.ram\[34\]\[20\],19.12µm
u_core.u_regfile.regs\[13\]\[9\],19.12µm
u_core.u_regfile.regs\[29\]\[19\],19.12µm
u_core.u_regfile.regs\[7\]\[12\],19.12µm
_04524_,19.1µm
u_core.u_regfile.regs\[2\]\[9\],19.1µm
_03572_,19.08µm
_06125_,19.08µm
u_core.u_dmem.ram\[50\]\[16\],19.08µm
u_core.u_regfile.regs\[16\]\[23\],19.08µm
u_core.u_regfile.regs\[21\]\[25\],19.08µm
u_core.u_regfile.regs\[2\]\[18\],19.08µm
_05004_,19.06µm
u_core.u_regfile.regs\[19\]\[31\],19.055µm
_06988_,19.04µm
u_core.u_regfile.regs\[11\]\[28\],19.04µm
u_core.u_regfile.regs\[5\]\[18\],19.04µm
_04367_,19.02µm
u_core.u_regfile.regs\[1\]\[20\],19.02µm
_05570_,19µm
_05876_,19µm
_07357_,19µm
u_core.u_dmem.ram\[22\]\[14\],19µm
u_core.u_regfile.regs\[18\]\[18\],19µm
_03685_,18.98µm
_04992_,18.98µm
_05863_,18.98µm
u_core.u_dmem.ram\[19\]\[6\],18.98µm
_06783_,18.965µm
u_core.u_dmem.ram\[23\]\[2\],18.96µm
u_core.u_dmem.ram\[62\]\[24\],18.955µm
u_core.u_regfile.regs\[18\]\[23\],18.955µm
_08599_,18.94µm
u_core.u_regfile.regs\[10\]\[16\],18.94µm
u_core.u_regfile.regs\[27\]\[25\],18.94µm
u_core.u_regfile.regs\[28\]\[25\],18.94µm
u_core.u_regfile.regs\[30\]\[11\],18.94µm
u_core.u_regfile.regs\[4\]\[31\],18.94µm
_04503_,18.92µm
u_core.u_regfile.regs\[30\]\[13\],18.92µm
u_core.u_dmem.ram\[33\]\[19\],18.91µm
net752,18.905µm
_04074_,18.9µm
_07842_,18.9µm
u_core.u_dmem.ram\[53\]\[2\],18.9µm
_05153_,18.88µm
u_core.u_regfile.regs\[17\]\[23\],18.88µm
u_core.u_regfile.regs\[28\]\[1\],18.88µm
_07143_,18.86µm
u_core.u_dmem.ram\[13\]\[22\],18.86µm
u_core.u_dmem.ram\[4\]\[16\],18.855µm
_06193_,18.84µm
u_core.u_dmem.ram\[24\]\[14\],18.84µm
u_core.u_regfile.regs\[24\]\[11\],18.84µm
_04404_,18.82µm
_05534_,18.82µm
_05905_,18.82µm
_07531_,18.82µm
u_core.u_dmem.ram\[26\]\[4\],18.82µm
u_core.u_dmem.ram\[36\]\[23\],18.82µm
_04936_,18.805µm
_07857_,18.8µm
u_core.u_regfile.regs\[15\]\[30\],18.8µm
u_core.u_regfile.regs\[23\]\[4\],18.8µm
u_core.u_regfile.regs\[6\]\[10\],18.8µm
_05615_,18.79µm
_03752_,18.78µm
u_core.u_dmem.ram\[11\]\[17\],18.78µm
u_core.u_dmem.ram\[41\]\[14\],18.78µm
u_core.u_dmem.ram\[46\]\[1\],18.78µm
u_core.u_dmem.ram\[63\]\[7\],18.78µm
u_core.u_dmem.ram\[63\]\[8\],18.78µm
u_core.u_dmem.ram\[18\]\[13\],18.76µm
u_core.u_regfile.regs\[22\]\[16\],18.76µm
_05518_,18.74µm
_06573_,18.74µm
_08033_,18.74µm
_08837_,18.74µm
u_core.u_regfile.regs\[14\]\[28\],18.74µm
u_core.u_regfile.regs\[5\]\[3\],18.74µm
_04736_,18.72µm
_06259_,18.72µm
u_core.u_dmem.ram\[48\]\[13\],18.72µm
u_core.u_regfile.regs\[5\]\[13\],18.72µm
_07912_,18.7µm
_08744_,18.7µm
u_core.u_dmem.ram\[29\]\[28\],18.7µm
u_core.u_dmem.ram\[51\]\[22\],18.7µm
u_core.u_regfile.regs\[10\]\[12\],18.7µm
u_core.u_regfile.regs\[19\]\[21\],18.7µm
u_core.u_regfile.regs\[8\]\[12\],18.7µm
net1041,18.7µm
_03892_,18.68µm
_05898_,18.68µm
_06052_,18.68µm
u_core.u_regfile.regs\[7\]\[1\],18.68µm
u_core.u_dmem.ram\[2\]\[23\],18.665µm
_03526_,18.66µm
_06510_,18.66µm
u_core.u_dmem.ram\[52\]\[7\],18.66µm
u_core.u_dmem.ram\[58\]\[2\],18.66µm
u_core.u_regfile.regs\[30\]\[9\],18.66µm
_05602_,18.64µm
u_core.u_regfile.regs\[23\]\[17\],18.64µm
_07564_,18.62µm
u_core.u_dmem.ram\[22\]\[4\],18.62µm
u_core.u_dmem.ram\[52\]\[24\],18.62µm
u_core.u_dmem.ram\[5\]\[23\],18.62µm
u_core.u_regfile.regs\[18\]\[29\],18.62µm
_03833_,18.6µm
u_core.u_dmem.ram\[10\]\[17\],18.6µm
u_core.u_dmem.ram\[9\]\[29\],18.6µm
u_core.u_regfile.regs\[22\]\[6\],18.6µm
net1215,18.6µm
u_core.u_regfile.regs\[13\]\[25\],18.59µm
_08221_,18.58µm
u_core.u_dmem.ram\[1\]\[14\],18.58µm
u_core.u_regfile.regs\[11\]\[20\],18.58µm
u_core.u_dmem.ram\[39\]\[22\],18.57µm
_04556_,18.56µm
_09000_,18.56µm
u_core.u_regfile.regs\[26\]\[19\],18.56µm
u_core.u_regfile.regs\[6\]\[21\],18.56µm
_04496_,18.54µm
_07290_,18.54µm
u_core.u_dmem.ram\[50\]\[25\],18.54µm
u_core.u_regfile.regs\[26\]\[15\],18.54µm
u_core.u_dmem.ram\[17\]\[4\],18.52µm
u_core.u_dmem.ram\[51\]\[0\],18.52µm
_04452_,18.5µm
u_core.u_dmem.ram\[13\]\[30\],18.5µm
u_core.u_dmem.ram\[26\]\[1\],18.5µm
u_core.u_regfile.regs\[13\]\[3\],18.5µm
u_core.u_regfile.regs\[18\]\[5\],18.5µm
_03112_,18.48µm
_03819_,18.48µm
_04111_,18.48µm
_04376_,18.48µm
_06737_,18.48µm
u_core.u_dmem.ram\[25\]\[6\],18.48µm
_04036_,18.46µm
_07371_,18.46µm
u_core.u_dmem.ram\[14\]\[16\],18.46µm
u_core.u_dmem.ram\[17\]\[2\],18.46µm
u_core.u_dmem.ram\[20\]\[24\],18.46µm
net3966,18.46µm
_04501_,18.44µm
_05612_,18.44µm
u_core.u_dmem.ram\[20\]\[4\],18.44µm
u_core.u_dmem.ram\[28\]\[16\],18.44µm
u_core.u_dmem.ram\[41\]\[25\],18.44µm
u_core.u_dmem.ram\[53\]\[10\],18.44µm
u_core.u_dmem.ram\[53\]\[14\],18.44µm
u_core.u_regfile.regs\[27\]\[17\],18.44µm
u_core.u_regfile.regs\[31\]\[17\],18.44µm
net5285,18.44µm
_04438_,18.42µm
u_core.u_dmem.ram\[57\]\[31\],18.42µm
u_core.u_regfile.regs\[20\]\[22\],18.415µm
_05663_,18.4µm
u_core.u_dmem.ram\[15\]\[30\],18.4µm
u_core.u_dmem.ram\[37\]\[24\],18.4µm
u_core.u_regfile.regs\[11\]\[4\],18.4µm
u_core.u_regfile.regs\[7\]\[22\],18.4µm
u_core.u_regfile.regs\[7\]\[24\],18.4µm
_03420_,18.38µm
u_core.u_dmem.ram\[37\]\[9\],18.38µm
_05281_,18.36µm
_07727_,18.36µm
u_core.u_dmem.ram\[22\]\[21\],18.36µm
u_core.u_dmem.ram\[25\]\[9\],18.36µm
u_core.u_dmem.ram\[37\]\[17\],18.36µm
u_core.u_dmem.ram\[40\]\[18\],18.36µm
u_core.u_dmem.ram\[54\]\[29\],18.36µm
u_core.u_dmem.ram\[5\]\[21\],18.36µm
u_core.u_dmem.ram\[6\]\[5\],18.36µm
u_core.u_regfile.regs\[3\]\[31\],18.36µm
u_core.u_dmem.ram\[26\]\[17\],18.355µm
_04666_,18.34µm
_08795_,18.34µm
_04045_,18.32µm
_07118_,18.32µm
u_core.u_dmem.ram\[12\]\[29\],18.32µm
u_core.u_dmem.ram\[32\]\[11\],18.32µm
u_core.u_dmem.ram\[39\]\[15\],18.32µm
u_core.u_dmem.ram\[3\]\[31\],18.32µm
u_core.u_dmem.ram\[48\]\[14\],18.32µm
u_core.u_dmem.ram\[57\]\[23\],18.32µm
u_core.u_dmem.ram\[59\]\[19\],18.32µm
u_core.u_dmem.ram\[62\]\[2\],18.32µm
u_core.u_regfile.regs\[10\]\[24\],18.32µm
u_core.u_regfile.regs\[25\]\[1\],18.32µm
u_core.u_dmem.ram\[8\]\[23\],18.3µm
u_core.u_regfile.regs\[29\]\[17\],18.3µm
_03527_,18.28µm
_04540_,18.28µm
_07830_,18.28µm
u_core.u_dmem.ram\[26\]\[29\],18.28µm
u_core.u_dmem.ram\[55\]\[5\],18.28µm
u_core.u_regfile.regs\[14\]\[9\],18.28µm
u_core.u_regfile.regs\[23\]\[30\],18.28µm
u_core.u_regfile.regs\[8\]\[17\],18.28µm
_04764_,18.26µm
u_core.u_dmem.ram\[6\]\[9\],18.26µm
net4850,18.26µm
_05093_,18.25µm
_03486_,18.24µm
_03632_,18.24µm
_07635_,18.24µm
u_core.u_dmem.ram\[12\]\[9\],18.24µm
u_core.u_dmem.ram\[19\]\[17\],18.24µm
u_core.u_dmem.ram\[25\]\[5\],18.24µm
u_core.u_dmem.ram\[52\]\[13\],18.24µm
u_core.u_dmem.ram\[63\]\[30\],18.24µm
u_core.u_regfile.regs\[20\]\[8\],18.225µm
_03509_,18.22µm
_05907_,18.22µm
u_core.u_dmem.ram\[29\]\[9\],18.22µm
_04490_,18.2µm
_04513_,18.2µm
_08659_,18.2µm
u_core.u_dmem.ram\[1\]\[10\],18.2µm
u_core.u_regfile.regs\[28\]\[9\],18.2µm
net2115,18.2µm
_03518_,18.18µm
_06246_,18.18µm
net699,18.18µm
_06610_,18.16µm
u_core.u_dmem.ram\[14\]\[9\],18.16µm
u_core.u_dmem.ram\[28\]\[26\],18.16µm
u_core.u_dmem.ram\[47\]\[20\],18.16µm
u_core.u_regfile.regs\[28\]\[11\],18.16µm
_04971_,18.145µm
_04954_,18.14µm
_06288_,18.14µm
u_core.u_dmem.ram\[13\]\[24\],18.14µm
u_core.u_dmem.ram\[53\]\[21\],18.14µm
_05767_,18.125µm
_03844_,18.1µm
_03901_,18.1µm
_03974_,18.1µm
_04055_,18.1µm
_05179_,18.1µm
_09055_,18.1µm
_07398_,18.08µm
_08499_,18.08µm
u_core.u_regfile.regs\[14\]\[8\],18.08µm
u_core.u_regfile.regs\[4\]\[18\],18.08µm
net4142,18.08µm
_04532_,18.06µm
_07563_,18.06µm
_08459_,18.06µm
u_core.u_regfile.regs\[15\]\[22\],18.06µm
u_core.u_regfile.regs\[2\]\[29\],18.06µm
net1718,18.06µm
net5502,18.06µm
u_core.u_regfile.regs\[2\]\[13\],18.05µm
u_core.u_regfile.regs\[30\]\[4\],18.045µm
_03935_,18.04µm
_04986_,18.04µm
_06743_,18.04µm
u_core.u_dmem.ram\[27\]\[23\],18.04µm
u_core.u_dmem.ram\[49\]\[30\],18.04µm
_06557_,18.02µm
_06755_,18.02µm
_07591_,18.02µm
_03707_,17.98µm
_04390_,17.98µm
_04623_,17.98µm
_04735_,17.98µm
u_core.u_dmem.ram\[35\]\[0\],17.98µm
net5013,17.98µm
net4386,17.96µm
_04328_,17.94µm
u_core.u_dmem.ram\[54\]\[28\],17.94µm
u_core.u_dmem.ram\[61\]\[0\],17.94µm
u_core.u_dmem.ram\[9\]\[6\],17.94µm
u_core.u_dmem.ram\[46\]\[27\],17.925µm
_03997_,17.92µm
_04574_,17.92µm
u_core.u_dmem.ram\[21\]\[26\],17.92µm
_04964_,17.91µm
u_core.u_dmem.ram\[52\]\[10\],17.91µm
_03759_,17.9µm
u_core.u_dmem.ram\[52\]\[18\],17.9µm
u_core.u_dmem.ram\[48\]\[22\],17.88µm
u_core.u_regfile.regs\[19\]\[28\],17.875µm
u_core.u_regfile.regs\[28\]\[17\],17.865µm
_03396_,17.86µm
_07281_,17.86µm
_07927_,17.86µm
u_core.u_dmem.ram\[10\]\[18\],17.86µm
u_core.u_dmem.ram\[16\]\[19\],17.86µm
u_core.u_dmem.ram\[36\]\[18\],17.86µm
u_core.u_dmem.ram\[7\]\[10\],17.86µm
u_core.u_dmem.ram\[13\]\[7\],17.84µm
u_core.u_regfile.regs\[10\]\[1\],17.84µm
net1094,17.84µm
net3860,17.84µm
_07740_,17.82µm
u_core.u_dmem.ram\[18\]\[10\],17.82µm
u_core.u_dmem.ram\[26\]\[24\],17.82µm
u_core.u_dmem.ram\[32\]\[0\],17.82µm
u_core.u_dmem.ram\[4\]\[22\],17.82µm
u_core.u_dmem.ram\[60\]\[0\],17.82µm
u_core.u_dmem.ram\[9\]\[18\],17.82µm
u_core.u_regfile.regs\[15\]\[24\],17.82µm
_04840_,17.8µm
_08480_,17.8µm
u_core.u_dmem.ram\[22\]\[7\],17.78µm
u_core.u_dmem.ram\[53\]\[13\],17.78µm
u_core.u_dmem.ram\[9\]\[19\],17.78µm
net3983,17.78µm
_03429_,17.76µm
_04146_,17.76µm
_07085_,17.76µm
_03567_,17.74µm
_05055_,17.74µm
_08595_,17.74µm
u_core.u_dmem.ram\[12\]\[21\],17.74µm
u_core.u_dmem.ram\[31\]\[28\],17.74µm
u_core.u_dmem.ram\[3\]\[12\],17.74µm
u_core.u_dmem.ram\[4\]\[5\],17.74µm
u_core.u_regfile.regs\[14\]\[1\],17.74µm
_03430_,17.72µm
u_core.u_dmem.ram\[51\]\[28\],17.72µm
u_core.u_regfile.regs\[14\]\[13\],17.72µm
u_core.u_regfile.regs\[3\]\[4\],17.72µm
u_core.u_regfile.regs\[4\]\[29\],17.72µm
_03991_,17.7µm
u_core.u_dmem.ram\[34\]\[7\],17.7µm
u_core.u_dmem.ram\[20\]\[27\],17.69µm
u_core.u_regfile.regs\[12\]\[12\],17.685µm
_09056_,17.68µm
u_core.u_regfile.regs\[7\]\[14\],17.675µm
_07197_,17.64µm
_08322_,17.64µm
u_core.u_dmem.ram\[58\]\[4\],17.64µm
u_core.u_dmem.ram\[33\]\[17\],17.635µm
_06071_,17.62µm
u_core.u_regfile.regs\[9\]\[22\],17.62µm
_06942_,17.615µm
u_core.u_regfile.regs\[20\]\[17\],17.605µm
_03746_,17.6µm
_04728_,17.6µm
_06183_,17.6µm
u_core.u_dmem.ram\[3\]\[21\],17.6µm
u_core.u_dmem.ram\[41\]\[3\],17.6µm
u_core.u_regfile.regs\[2\]\[20\],17.6µm
_05896_,17.58µm
u_core.u_regfile.regs\[29\]\[10\],17.58µm
u_core.u_dmem.ram\[25\]\[14\],17.57µm
_07421_,17.56µm
u_core.u_dmem.ram\[29\]\[5\],17.56µm
_03961_,17.54µm
_04417_,17.54µm
u_core.u_regfile.regs\[14\]\[16\],17.54µm
_04296_,17.52µm
_04421_,17.52µm
_07615_,17.52µm
_08324_,17.52µm
_08786_,17.52µm
u_core.u_regfile.regs\[23\]\[10\],17.52µm
u_core.u_regfile.regs\[18\]\[27\],17.515µm
_06164_,17.5µm
_08633_,17.5µm
u_core.u_dmem.ram\[62\]\[18\],17.5µm
u_core.u_regfile.regs\[2\]\[19\],17.5µm
_03626_,17.48µm
_04005_,17.48µm
_04808_,17.48µm
_05344_,17.48µm
u_core.u_dmem.ram\[37\]\[29\],17.48µm
u_core.u_dmem.ram\[47\]\[6\],17.48µm
u_core.u_dmem.ram\[50\]\[4\],17.48µm
u_core.u_dmem.ram\[53\]\[25\],17.48µm
u_core.u_dmem.ram\[60\]\[5\],17.48µm
u_core.u_regfile.regs\[10\]\[27\],17.48µm
u_core.u_regfile.regs\[11\]\[1\],17.48µm
_08747_,17.465µm
_03998_,17.46µm
_05996_,17.46µm
_07779_,17.46µm
u_core.u_regfile.regs\[30\]\[25\],17.46µm
_04714_,17.44µm
_08762_,17.44µm
_08911_,17.44µm
u_core.u_dmem.ram\[22\]\[2\],17.44µm
u_core.u_dmem.ram\[30\]\[7\],17.44µm
u_core.u_dmem.ram\[46\]\[4\],17.44µm
_06248_,17.42µm
_08015_,17.4µm
u_core.u_dmem.ram\[37\]\[12\],17.4µm
u_core.u_dmem.ram\[53\]\[20\],17.4µm
u_core.u_dmem.ram\[57\]\[22\],17.4µm
_03729_,17.38µm
_08703_,17.38µm
_03895_,17.36µm
_04307_,17.36µm
u_core.u_dmem.ram\[23\]\[8\],17.36µm
u_core.u_dmem.ram\[41\]\[17\],17.36µm
u_core.u_dmem.ram\[4\]\[11\],17.34µm
u_core.u_dmem.ram\[30\]\[10\],17.32µm
u_core.u_dmem.ram\[42\]\[31\],17.32µm
u_core.u_dmem.ram\[61\]\[15\],17.32µm
u_core.u_dmem.ram\[61\]\[17\],17.32µm
u_core.u_regfile.regs\[8\]\[8\],17.32µm
_04426_,17.28µm
_08694_,17.28µm
u_core.u_dmem.ram\[12\]\[12\],17.28µm
u_core.u_dmem.ram\[18\]\[22\],17.28µm
u_core.u_dmem.ram\[37\]\[31\],17.28µm
u_core.u_dmem.ram\[37\]\[3\],17.28µm
u_core.u_dmem.ram\[52\]\[19\],17.28µm
u_core.u_regfile.regs\[12\]\[4\],17.26µm
u_core.u_regfile.regs\[31\]\[11\],17.26µm
u_core.u_regfile.regs\[4\]\[0\],17.26µm
_05859_,17.24µm
u_core.u_dmem.ram\[1\]\[28\],17.24µm
u_core.u_dmem.ram\[57\]\[6\],17.24µm
u_core.u_regfile.regs\[23\]\[12\],17.24µm
_05125_,17.225µm
_04537_,17.22µm
u_core.u_dmem.ram\[47\]\[21\],17.22µm
_02494_,17.205µm
_04059_,17.2µm
_04683_,17.2µm
u_core.u_dmem.ram\[34\]\[27\],17.2µm
u_core.u_dmem.ram\[44\]\[23\],17.2µm
u_core.u_dmem.ram\[61\]\[19\],17.2µm
net4070,17.2µm
_03820_,17.18µm
_04493_,17.18µm
_06574_,17.18µm
_09001_,17.18µm
net783,17.165µm
u_core.u_dmem.ram\[55\]\[20\],17.16µm
net3169,17.16µm
net5076,17.16µm
net5441,17.16µm
_03466_,17.14µm
_03982_,17.14µm
_04533_,17.14µm
u_core.u_regfile.regs\[4\]\[5\],17.14µm
_04682_,17.12µm
_04929_,17.12µm
_05939_,17.12µm
_08266_,17.12µm
net852,17.12µm
net3397,17.12µm
u_core.u_dmem.ram\[54\]\[11\],17.11µm
_05900_,17.1µm
_06217_,17.1µm
_06928_,17.1µm
u_core.u_dmem.ram\[6\]\[27\],17.1µm
net5259,17.1µm
u_core.u_dmem.ram\[43\]\[12\],17.09µm
_06186_,17.08µm
_06346_,17.08µm
_07769_,17.08µm
u_core.u_dmem.ram\[11\]\[21\],17.08µm
u_core.u_dmem.ram\[37\]\[2\],17.08µm
u_core.u_regfile.regs\[15\]\[25\],17.08µm
u_core.u_regfile.regs\[5\]\[22\],17.08µm
net3622,17.08µm
_03878_,17.06µm
_04591_,17.06µm
_04759_,17.06µm
_05133_,17.06µm
_05207_,17.06µm
_05291_,17.06µm
u_core.u_dmem.ram\[38\]\[2\],17.06µm
u_core.u_dmem.ram\[43\]\[27\],17.06µm
u_core.u_dmem.ram\[61\]\[16\],17.06µm
net1059,17.06µm
_05894_,17.04µm
_08628_,17.04µm
_03629_,17.02µm
_03642_,17.02µm
_03774_,17.02µm
_06018_,17.02µm
u_core.u_dmem.ram\[12\]\[31\],17.02µm
u_core.u_dmem.ram\[30\]\[13\],17.02µm
u_core.u_dmem.ram\[36\]\[21\],17.02µm
u_core.u_dmem.ram\[48\]\[1\],17.02µm
u_core.u_dmem.ram\[53\]\[17\],17.02µm
u_core.u_dmem.ram\[60\]\[23\],17.02µm
u_core.u_regfile.regs\[21\]\[22\],17.02µm
_05768_,17.015µm
u_core.u_dmem.ram\[34\]\[2\],17µm
u_core.u_dmem.ram\[60\]\[27\],17µm
u_core.u_regfile.regs\[13\]\[18\],17µm
u_core.u_regfile.regs\[23\]\[22\],17µm
_04990_,16.98µm
_05715_,16.98µm
u_core.u_dmem.ram\[0\]\[10\],16.98µm
u_core.u_dmem.ram\[48\]\[2\],16.98µm
u_core.u_dmem.ram\[49\]\[19\],16.98µm
u_core.u_dmem.ram\[49\]\[25\],16.98µm
u_core.u_regfile.regs\[31\]\[10\],16.98µm
_05396_,16.975µm
_03634_,16.97µm
_04024_,16.97µm
_03863_,16.96µm
_03912_,16.96µm
_04702_,16.96µm
net5083,16.96µm
_03862_,16.94µm
_07943_,16.94µm
u_core.u_dmem.ram\[18\]\[21\],16.94µm
u_core.u_dmem.ram\[1\]\[18\],16.94µm
u_core.u_dmem.ram\[37\]\[23\],16.94µm
u_core.u_dmem.ram\[40\]\[11\],16.94µm
u_core.u_dmem.ram\[51\]\[5\],16.94µm
u_core.u_regfile.regs\[29\]\[28\],16.94µm
_04202_,16.92µm
_06424_,16.92µm
_08605_,16.92µm
_08936_,16.92µm
net669,16.92µm
_05726_,16.9µm
_05955_,16.9µm
_06500_,16.9µm
_07688_,16.9µm
_08514_,16.9µm
u_core.u_dmem.ram\[18\]\[9\],16.9µm
u_core.u_dmem.ram\[25\]\[19\],16.9µm
u_core.u_dmem.ram\[54\]\[10\],16.9µm
u_core.u_dmem.ram\[9\]\[14\],16.9µm
_06113_,16.88µm
u_core.u_dmem.ram\[52\]\[16\],16.88µm
net4162,16.88µm
_04686_,16.86µm
u_core.u_dmem.ram\[20\]\[6\],16.86µm
u_core.u_dmem.ram\[22\]\[12\],16.86µm
u_core.u_dmem.ram\[41\]\[24\],16.86µm
u_core.u_dmem.ram\[52\]\[1\],16.86µm
u_core.u_dmem.ram\[62\]\[26\],16.86µm
u_core.u_dmem.ram\[6\]\[11\],16.86µm
u_core.u_regfile.regs\[26\]\[16\],16.86µm
u_core.u_regfile.regs\[9\]\[24\],16.86µm
_03602_,16.84µm
_05013_,16.84µm
_06467_,16.84µm
u_core.u_regfile.regs\[30\]\[12\],16.84µm
_04914_,16.82µm
u_core.u_dmem.ram\[31\]\[19\],16.82µm
u_core.u_dmem.ram\[44\]\[7\],16.82µm
u_core.u_dmem.ram\[5\]\[8\],16.82µm
u_core.u_regfile.regs\[30\]\[6\],16.815µm
_04413_,16.8µm
_05115_,16.8µm
_06473_,16.8µm
u_core.u_dmem.ram\[27\]\[12\],16.8µm
net4896,16.8µm
_05304_,16.78µm
u_core.u_regfile.regs\[3\]\[3\],16.78µm
_03809_,16.76µm
_03908_,16.76µm
_08151_,16.76µm
_08522_,16.76µm
u_core.u_regfile.regs\[7\]\[21\],16.76µm
_07343_,16.755µm
_06644_,16.745µm
_04349_,16.74µm
_04480_,16.74µm
u_core.u_dmem.ram\[20\]\[1\],16.74µm
u_core.u_dmem.ram\[31\]\[26\],16.74µm
u_core.u_regfile.regs\[18\]\[25\],16.74µm
_08385_,16.735µm
_03996_,16.72µm
u_core.u_dmem.ram\[33\]\[28\],16.72µm
u_core.u_dmem.ram\[50\]\[21\],16.72µm
u_core.u_regfile.regs\[15\]\[18\],16.72µm
_00958_,16.705µm
_03386_,16.7µm
_05753_,16.7µm
u_core.u_dmem.ram\[10\]\[4\],16.7µm
u_core.u_dmem.ram\[58\]\[21\],16.7µm
u_core.u_dmem.ram\[8\]\[6\],16.7µm
u_core.u_regfile.regs\[2\]\[23\],16.7µm
net936,16.7µm
_03926_,16.68µm
_04474_,16.68µm
_05512_,16.68µm
_07645_,16.68µm
u_core.u_regfile.regs\[31\]\[30\],16.68µm
u_core.u_dmem.ram\[29\]\[14\],16.66µm
_06369_,16.655µm
_05229_,16.65µm
u_core.u_regfile.regs\[26\]\[11\],16.65µm
uo_out[1],16.65µm
_03489_,16.64µm
_03808_,16.64µm
_04331_,16.64µm
_05439_,16.64µm
_07132_,16.64µm
u_core.u_dmem.ram\[8\]\[3\],16.64µm
net4459,16.64µm
u_core.u_regfile.regs\[21\]\[7\],16.635µm
u_core.u_dmem.ram\[5\]\[6\],16.62µm
u_core.u_regfile.regs\[25\]\[29\],16.62µm
net3895,16.62µm
_03638_,16.6µm
_04609_,16.6µm
_05322_,16.6µm
u_core.u_dmem.ram\[31\]\[21\],16.6µm
u_core.u_regfile.regs\[29\]\[25\],16.6µm
u_core.u_regfile.regs\[28\]\[30\],16.59µm
_07101_,16.58µm
u_core.u_dmem.ram\[30\]\[2\],16.58µm
net3974,16.58µm
_04906_,16.575µm
net637,16.565µm
_03936_,16.56µm
_04315_,16.56µm
_05554_,16.56µm
_08335_,16.56µm
u_core.u_dmem.ram\[29\]\[17\],16.56µm
u_core.u_dmem.ram\[42\]\[25\],16.56µm
u_core.u_dmem.ram\[48\]\[19\],16.56µm
u_core.u_dmem.ram\[54\]\[0\],16.56µm
u_core.u_dmem.ram\[54\]\[1\],16.56µm
u_core.u_regfile.regs\[6\]\[3\],16.56µm
u_core.u_regfile.regs\[7\]\[25\],16.56µm
_05642_,16.54µm
u_core.u_dmem.ram\[38\]\[20\],16.54µm
u_core.u_regfile.regs\[21\]\[29\],16.54µm
net2317,16.54µm
_03405_,16.52µm
_07402_,16.52µm
_08332_,16.52µm
_09163_,16.52µm
u_core.u_dmem.ram\[57\]\[17\],16.52µm
u_core.u_dmem.ram\[62\]\[3\],16.52µm
u_core.u_dmem.ram\[6\]\[26\],16.52µm
u_core.u_regfile.regs\[6\]\[16\],16.52µm
net5449,16.52µm
_07617_,16.5µm
u_core.u_dmem.ram\[4\]\[8\],16.5µm
_05038_,16.48µm
_07428_,16.48µm
u_core.u_dmem.ram\[15\]\[1\],16.48µm
u_core.u_dmem.ram\[31\]\[15\],16.48µm
u_core.u_dmem.ram\[37\]\[11\],16.48µm
u_core.u_dmem.ram\[39\]\[13\],16.48µm
u_core.u_dmem.ram\[61\]\[10\],16.48µm
u_core.u_dmem.ram\[62\]\[7\],16.48µm
u_core.u_dmem.ram\[63\]\[20\],16.48µm
_04850_,16.46µm
u_core.u_regfile.regs\[25\]\[30\],16.46µm
_01491_,16.445µm
u_core.u_dmem.ram\[62\]\[15\],16.445µm
_03637_,16.44µm
_03873_,16.44µm
_04292_,16.44µm
_06012_,16.44µm
_07301_,16.44µm
u_core.u_dmem.ram\[36\]\[26\],16.44µm
u_core.u_dmem.ram\[49\]\[12\],16.44µm
u_core.u_dmem.ram\[52\]\[17\],16.44µm
u_core.u_dmem.ram\[7\]\[3\],16.44µm
u_core.u_dmem.ram\[9\]\[5\],16.44µm
net1419,16.44µm
net4582,16.44µm
net4460,16.42µm
_04156_,16.4µm
u_core.u_dmem.ram\[15\]\[17\],16.4µm
u_core.u_dmem.ram\[19\]\[18\],16.4µm
u_core.u_dmem.ram\[35\]\[28\],16.4µm
u_core.u_dmem.ram\[38\]\[10\],16.4µm
u_core.u_dmem.ram\[38\]\[16\],16.4µm
u_core.u_dmem.ram\[38\]\[23\],16.4µm
u_core.u_dmem.ram\[39\]\[30\],16.4µm
u_core.u_dmem.ram\[50\]\[7\],16.4µm
u_core.u_dmem.ram\[57\]\[4\],16.4µm
u_core.u_regfile.regs\[23\]\[3\],16.4µm
u_core.u_regfile.regs\[24\]\[1\],16.4µm
u_core.u_regfile.regs\[5\]\[5\],16.4µm
u_core.u_dmem.ram\[29\]\[25\],16.39µm
_05836_,16.38µm
u_core.u_regfile.regs\[2\]\[11\],16.38µm
_03491_,16.36µm
u_core.u_dmem.ram\[23\]\[3\],16.36µm
u_core.u_dmem.ram\[32\]\[10\],16.36µm
u_core.u_dmem.ram\[47\]\[9\],16.36µm
u_core.u_dmem.ram\[57\]\[9\],16.36µm
u_core.u_dmem.ram\[60\]\[28\],16.36µm
u_core.u_dmem.ram\[41\]\[30\],16.35µm
u_core.u_dmem.ram\[53\]\[27\],16.35µm
_04517_,16.34µm
_06401_,16.34µm
u_core.u_dmem.ram\[2\]\[3\],16.34µm
u_core.u_dmem.ram\[30\]\[24\],16.34µm
u_core.u_dmem.ram\[21\]\[29\],16.335µm
_03823_,16.32µm
_04886_,16.32µm
_06734_,16.32µm
u_core.u_dmem.ram\[40\]\[15\],16.32µm
u_core.u_regfile.regs\[28\]\[12\],16.32µm
_04002_,16.3µm
u_core.u_dmem.ram\[34\]\[10\],16.3µm
u_core.u_dmem.ram\[6\]\[13\],16.3µm
u_core.u_dmem.ram\[6\]\[30\],16.3µm
u_core.u_regfile.regs\[12\]\[1\],16.3µm
u_core.u_regfile.regs\[1\]\[19\],16.29µm
_06586_,16.28µm
u_core.u_dmem.ram\[14\]\[13\],16.28µm
_04108_,16.26µm
_04965_,16.26µm
_06287_,16.26µm
_07060_,16.26µm
u_core.u_dmem.ram\[16\]\[21\],16.26µm
_03615_,16.24µm
_07325_,16.24µm
u_core.u_regfile.regs\[22\]\[29\],16.24µm
u_core.u_regfile.regs\[24\]\[4\],16.24µm
_04352_,16.22µm
_05431_,16.22µm
_07367_,16.22µm
_07450_,16.22µm
_07786_,16.22µm
net2529,16.22µm
_03400_,16.2µm
_03411_,16.2µm
net2111,16.2µm
net3528,16.2µm
net3650,16.2µm
net3780,16.2µm
u_core.u_regfile.regs\[16\]\[20\],16.195µm
_08002_,16.19µm
u_core.u_dmem.ram\[31\]\[17\],16.19µm
_03383_,16.18µm
_03454_,16.18µm
_04324_,16.18µm
_06087_,16.18µm
_08007_,16.18µm
u_core.u_regfile.regs\[8\]\[15\],16.18µm
net4189,16.18µm
net4408,16.18µm
_06985_,16.16µm
_08325_,16.16µm
_03726_,16.14µm
_04270_,16.14µm
_04673_,16.14µm
u_core.u_dmem.ram\[15\]\[7\],16.14µm
u_core.u_dmem.ram\[18\]\[4\],16.14µm
u_core.u_dmem.ram\[32\]\[6\],16.14µm
u_core.u_dmem.ram\[49\]\[29\],16.14µm
u_core.u_regfile.regs\[18\]\[3\],16.14µm
_04396_,16.12µm
_04515_,16.12µm
_06496_,16.12µm
u_core.u_regfile.regs\[2\]\[10\],16.11µm
_03694_,16.1µm
_03980_,16.1µm
_04344_,16.1µm
_04754_,16.1µm
_06772_,16.1µm
u_core.u_dmem.ram\[36\]\[16\],16.1µm
u_core.u_dmem.ram\[50\]\[28\],16.1µm
net5115,16.1µm
u_core.u_dmem.ram\[15\]\[21\],16.095µm
_05569_,16.08µm
_06825_,16.08µm
_06917_,16.08µm
net4471,16.08µm
_03852_,16.06µm
_04453_,16.06µm
_07324_,16.06µm
_08387_,16.06µm
_09063_,16.06µm
u_core.u_dmem.ram\[5\]\[22\],16.06µm
u_core.u_regfile.regs\[22\]\[3\],16.06µm
u_core.u_regfile.regs\[8\]\[1\],16.06µm
net2999,16.06µm
net3158,16.06µm
_07107_,16.04µm
_07793_,16.04µm
net1953,16.03µm
net655,16.025µm
_03521_,16.02µm
_03909_,16.02µm
_05495_,16.02µm
_07499_,16.02µm
u_core.u_dmem.ram\[18\]\[16\],16.02µm
u_core.u_dmem.ram\[29\]\[18\],16.02µm
u_core.u_dmem.ram\[31\]\[3\],16.02µm
u_core.u_dmem.ram\[45\]\[14\],16.02µm
u_core.u_dmem.ram\[5\]\[2\],16.02µm
u_core.u_dmem.ram\[9\]\[9\],16.02µm
u_core.u_regfile.regs\[10\]\[4\],16.02µm
_05693_,16µm
_07718_,16µm
u_core.u_dmem.ram\[39\]\[11\],16µm
u_core.u_dmem.ram\[42\]\[5\],16µm
net4577,16µm
_04186_,15.98µm
_07131_,15.98µm
u_core.u_dmem.ram\[13\]\[27\],15.98µm
u_core.u_dmem.ram\[31\]\[27\],15.98µm
u_core.u_dmem.ram\[36\]\[10\],15.98µm
u_core.u_dmem.ram\[63\]\[2\],15.98µm
u_core.u_regfile.regs\[15\]\[12\],15.98µm
net3707,15.98µm
uo_out[3],15.97µm
u_core.u_dmem.ram\[3\]\[13\],15.96µm
u_core.u_regfile.regs\[22\]\[9\],15.96µm
net1521,15.96µm
net788,15.955µm
_04204_,15.94µm
_07305_,15.94µm
_08956_,15.94µm
u_core.u_dmem.ram\[29\]\[15\],15.94µm
u_core.u_dmem.ram\[37\]\[4\],15.94µm
u_core.u_dmem.ram\[43\]\[6\],15.94µm
u_core.u_dmem.ram\[6\]\[15\],15.94µm
_04411_,15.92µm
_04466_,15.92µm
u_core.u_dmem.ram\[0\]\[0\],15.91µm
_07454_,15.905µm
_06453_,15.9µm
_07102_,15.9µm
u_core.u_dmem.ram\[21\]\[30\],15.9µm
u_core.u_dmem.ram\[32\]\[31\],15.9µm
u_core.u_dmem.ram\[38\]\[13\],15.9µm
u_core.u_dmem.ram\[5\]\[16\],15.9µm
_03468_,15.88µm
_05428_,15.88µm
_06794_,15.88µm
u_core.u_dmem.ram\[33\]\[7\],15.88µm
u_core.u_dmem.ram\[41\]\[5\],15.88µm
u_core.u_dmem.ram\[45\]\[5\],15.88µm
u_core.u_dmem.ram\[57\]\[10\],15.875µm
_07057_,15.86µm
_08588_,15.86µm
net4400,15.86µm
net5485,15.86µm
_08832_,15.855µm
_08671_,15.85µm
_07549_,15.845µm
_03614_,15.84µm
_04416_,15.84µm
_05314_,15.84µm
_05417_,15.84µm
_06799_,15.84µm
_07925_,15.84µm
u_core.u_regfile.regs\[14\]\[29\],15.84µm
u_core.u_regfile.regs\[24\]\[18\],15.84µm
net3850,15.84µm
_00015_,15.825µm
u_core.u_dmem.ram\[42\]\[19\],15.82µm
_05574_,15.8µm
_07016_,15.8µm
_03636_,15.78µm
_05244_,15.78µm
_06540_,15.78µm
u_core.u_regfile.regs\[20\]\[10\],15.78µm
u_core.u_dmem.ram\[51\]\[30\],15.77µm
_03443_,15.76µm
_04362_,15.76µm
_07473_,15.76µm
_08809_,15.76µm
u_core.u_dmem.ram\[12\]\[28\],15.76µm
u_core.u_dmem.ram\[49\]\[26\],15.76µm
u_core.u_dmem.ram\[8\]\[22\],15.76µm
u_core.u_regfile.regs\[17\]\[5\],15.76µm
u_core.u_regfile.regs\[21\]\[9\],15.76µm
u_core.u_regfile.regs\[22\]\[18\],15.76µm
u_core.u_dmem.ram\[45\]\[19\],15.74µm
u_core.u_regfile.regs\[13\]\[23\],15.74µm
_03647_,15.72µm
_03928_,15.72µm
_06598_,15.72µm
_06986_,15.72µm
u_core.u_dmem.ram\[54\]\[19\],15.72µm
u_core.u_dmem.ram\[57\]\[19\],15.72µm
net4530,15.72µm
_04979_,15.7µm
u_core.u_dmem.ram\[36\]\[20\],15.7µm
_03462_,15.68µm
_03662_,15.68µm
_04798_,15.68µm
_06301_,15.68µm
_06930_,15.68µm
_07180_,15.68µm
_07792_,15.68µm
_08699_,15.68µm
u_core.u_dmem.ram\[55\]\[10\],15.68µm
u_core.u_regfile.regs\[31\]\[26\],15.68µm
net3891,15.68µm
net4576,15.68µm
_05520_,15.66µm
_08359_,15.66µm
u_core.u_dmem.ram\[27\]\[19\],15.66µm
net5211,15.66µm
_04372_,15.64µm
_04874_,15.64µm
_06718_,15.64µm
_08389_,15.64µm
u_core.u_dmem.ram\[16\]\[17\],15.64µm
u_core.u_dmem.ram\[16\]\[20\],15.64µm
u_core.u_dmem.ram\[26\]\[19\],15.64µm
u_core.u_dmem.ram\[30\]\[20\],15.64µm
u_core.u_dmem.ram\[44\]\[29\],15.64µm
net998,15.64µm
net4520,15.64µm
_06290_,15.635µm
u_core.u_regfile.regs\[22\]\[13\],15.635µm
_04228_,15.62µm
_07094_,15.62µm
u_core.u_dmem.ram\[25\]\[1\],15.62µm
u_core.u_dmem.ram\[26\]\[25\],15.62µm
u_core.u_regfile.regs\[21\]\[10\],15.62µm
u_core.u_regfile.regs\[31\]\[19\],15.62µm
u_core.u_dmem.ram\[14\]\[18\],15.615µm
_03838_,15.6µm
u_core.u_dmem.ram\[38\]\[9\],15.6µm
u_core.u_dmem.ram\[3\]\[10\],15.6µm
u_core.u_dmem.ram\[45\]\[8\],15.6µm
u_core.u_dmem.ram\[58\]\[19\],15.6µm
_08616_,15.58µm
_04403_,15.57µm
u_core.u_dmem.ram\[15\]\[23\],15.565µm
u_core.u_dmem.ram\[48\]\[16\],15.565µm
_05931_,15.56µm
_06117_,15.56µm
_07311_,15.56µm
_08995_,15.56µm
u_core.u_dmem.ram\[12\]\[2\],15.56µm
u_core.u_dmem.ram\[16\]\[10\],15.56µm
u_core.u_dmem.ram\[17\]\[14\],15.56µm
u_core.u_dmem.ram\[1\]\[19\],15.56µm
u_core.u_dmem.ram\[1\]\[20\],15.56µm
u_core.u_dmem.ram\[27\]\[9\],15.56µm
u_core.u_dmem.ram\[31\]\[16\],15.56µm
u_core.u_dmem.ram\[31\]\[5\],15.56µm
u_core.u_dmem.ram\[57\]\[8\],15.56µm
u_core.u_dmem.ram\[59\]\[6\],15.56µm
_04676_,15.54µm
u_core.u_dmem.ram\[0\]\[30\],15.54µm
u_core.u_dmem.ram\[23\]\[20\],15.54µm
u_core.u_dmem.ram\[27\]\[4\],15.54µm
u_core.u_regfile.regs\[10\]\[9\],15.54µm
net4515,15.54µm
_07150_,15.52µm
_07874_,15.52µm
u_core.u_dmem.ram\[21\]\[25\],15.52µm
u_core.u_dmem.ram\[57\]\[29\],15.52µm
u_core.u_dmem.ram\[60\]\[24\],15.52µm
u_core.u_regfile.regs\[9\]\[14\],15.52µm
net4449,15.52µm
net4902,15.52µm
u_core.u_dmem.ram\[37\]\[10\],15.5µm
u_core.u_dmem.ram\[54\]\[6\],15.5µm
net3287,15.5µm
_05880_,15.495µm
_07895_,15.48µm
u_core.u_dmem.ram\[5\]\[1\],15.48µm
_03874_,15.46µm
_05972_,15.46µm
_08398_,15.46µm
u_core.u_dmem.ram\[19\]\[23\],15.46µm
u_core.u_regfile.regs\[22\]\[10\],15.46µm
u_core.u_regfile.regs\[27\]\[2\],15.46µm
u_core.u_dmem.ram\[25\]\[27\],15.445µm
_03426_,15.44µm
_04154_,15.44µm
_04309_,15.44µm
_05757_,15.44µm
u_core.u_regfile.regs\[29\]\[3\],15.44µm
net4598,15.44µm
_03563_,15.42µm
_03742_,15.42µm
_03865_,15.42µm
u_core.u_dmem.ram\[58\]\[12\],15.42µm
u_core.u_dmem.ram\[58\]\[23\],15.42µm
net2533,15.42µm
_04584_,15.4µm
_04888_,15.4µm
_05528_,15.4µm
net2272,15.4µm
u_core.u_dmem.ram\[17\]\[25\],15.395µm
_06464_,15.38µm
_07001_,15.38µm
u_core.u_regfile.regs\[28\]\[20\],15.38µm
net3868,15.38µm
_08515_,15.365µm
_05277_,15.36µm
_06029_,15.36µm
u_core.u_dmem.ram\[12\]\[20\],15.36µm
_03408_,15.34µm
_03412_,15.34µm
_03875_,15.34µm
_03947_,15.34µm
_07077_,15.34µm
_08767_,15.34µm
u_core.u_dmem.ram\[14\]\[3\],15.34µm
_03494_,15.32µm
_05228_,15.32µm
_05296_,15.32µm
_06049_,15.32µm
_08485_,15.32µm
u_core.u_dmem.ram\[39\]\[24\],15.32µm
u_core.u_regfile.regs\[22\]\[17\],15.32µm
u_core.u_regfile.regs\[6\]\[27\],15.32µm
_03848_,15.3µm
_05129_,15.3µm
_08234_,15.3µm
_08686_,15.3µm
u_core.u_regfile.regs\[7\]\[5\],15.3µm
net3840,15.3µm
net3853,15.3µm
net3857,15.3µm
net4548,15.3µm
net5176,15.3µm
_03663_,15.28µm
_07479_,15.28µm
u_core.u_dmem.ram\[55\]\[21\],15.28µm
u_core.u_regfile.regs\[14\]\[12\],15.28µm
net2525,15.28µm
net3024,15.28µm
_03532_,15.26µm
_03716_,15.26µm
_04581_,15.26µm
_07255_,15.26µm
_08645_,15.26µm
u_core.u_dmem.ram\[39\]\[5\],15.26µm
net3496,15.26µm
net5475,15.26µm
_03581_,15.24µm
_04229_,15.24µm
u_core.u_dmem.ram\[47\]\[23\],15.24µm
u_core.u_dmem.ram\[56\]\[1\],15.24µm
net4517,15.24µm
_06849_,15.225µm
_03480_,15.22µm
_03827_,15.22µm
_03957_,15.22µm
_04827_,15.22µm
_08401_,15.22µm
u_core.u_dmem.ram\[15\]\[4\],15.22µm
u_core.u_dmem.ram\[2\]\[1\],15.22µm
u_core.u_dmem.ram\[36\]\[5\],15.22µm
net1579,15.22µm
net2922,15.22µm
net5269,15.22µm
_03650_,15.2µm
_03918_,15.2µm
_04972_,15.2µm
_06180_,15.2µm
_07768_,15.2µm
_07883_,15.2µm
_08302_,15.2µm
u_core.u_regfile.regs\[14\]\[4\],15.2µm
u_core.u_regfile.regs\[6\]\[14\],15.2µm
u_core.u_dmem.ram\[17\]\[3\],15.185µm
_04786_,15.18µm
_07429_,15.18µm
_09140_,15.18µm
u_core.u_dmem.ram\[11\]\[3\],15.18µm
u_core.u_dmem.ram\[19\]\[19\],15.18µm
u_core.u_dmem.ram\[29\]\[1\],15.18µm
u_core.u_dmem.ram\[52\]\[31\],15.18µm
u_core.u_dmem.ram\[57\]\[0\],15.18µm
u_core.u_dmem.ram\[59\]\[0\],15.18µm
u_core.u_dmem.ram\[59\]\[18\],15.18µm
u_core.u_dmem.ram\[9\]\[8\],15.18µm
u_core.u_regfile.regs\[26\]\[9\],15.18µm
net5266,15.18µm
_05732_,15.16µm
_07145_,15.16µm
net4327,15.16µm
net4541,15.16µm
u_core.u_dmem.ram\[31\]\[25\],15.155µm
_04408_,15.14µm
_06268_,15.14µm
u_core.u_dmem.ram\[24\]\[2\],15.14µm
u_core.u_dmem.ram\[39\]\[21\],15.14µm
u_core.u_dmem.ram\[44\]\[13\],15.14µm
u_core.u_dmem.ram\[45\]\[23\],15.14µm
u_core.u_dmem.ram\[57\]\[16\],15.14µm
u_core.u_dmem.ram\[61\]\[2\],15.14µm
u_core.u_dmem.ram\[7\]\[11\],15.14µm
u_core.u_regfile.regs\[31\]\[15\],15.14µm
net4498,15.14µm
net4811,15.14µm
u_core.u_regfile.regs\[26\]\[2\],15.13µm
_06156_,15.12µm
_06508_,15.12µm
_06820_,15.12µm
_07674_,15.12µm
_08574_,15.12µm
net4348,15.12µm
net4395,15.12µm
net5155,15.12µm
_06349_,15.11µm
_03695_,15.1µm
_03777_,15.1µm
_04169_,15.1µm
_07693_,15.1µm
_08130_,15.1µm
u_core.u_dmem.ram\[18\]\[6\],15.1µm
u_core.u_dmem.ram\[30\]\[30\],15.1µm
u_core.u_dmem.ram\[49\]\[7\],15.1µm
u_core.u_regfile.regs\[3\]\[17\],15.1µm
u_core.u_regfile.regs\[7\]\[18\],15.1µm
_07555_,15.08µm
u_core.u_dmem.ram\[51\]\[18\],15.08µm
u_core.u_regfile.regs\[22\]\[19\],15.08µm
net4976,15.08µm
_04011_,15.06µm
_04063_,15.06µm
_07825_,15.06µm
u_core.u_dmem.ram\[28\]\[27\],15.06µm
u_core.u_dmem.ram\[49\]\[2\],15.06µm
net1532,15.06µm
net3302,15.06µm
u_core.u_regfile.regs\[30\]\[7\],15.055µm
_03606_,15.04µm
_05154_,15.04µm
_05759_,15.04µm
_05802_,15.04µm
_08241_,15.04µm
u_core.u_dmem.ram\[2\]\[20\],15.04µm
u_core.u_dmem.ram\[36\]\[6\],15.04µm
u_core.u_dmem.ram\[51\]\[24\],15.04µm
u_core.u_dmem.ram\[23\]\[28\],15.025µm
_07754_,15.02µm
_08506_,15.02µm
u_core.u_dmem.ram\[28\]\[4\],15.02µm
u_core.u_dmem.ram\[29\]\[30\],15.02µm
u_core.u_dmem.ram\[38\]\[24\],15.02µm
u_core.u_dmem.ram\[39\]\[25\],15.02µm
u_core.u_dmem.ram\[3\]\[5\],15.02µm
u_core.u_regfile.regs\[6\]\[0\],15.02µm
_08167_,15.015µm
_07233_,15µm
_03701_,14.98µm
_03798_,14.98µm
_05131_,14.98µm
_05185_,14.98µm
_08452_,14.98µm
u_core.u_dmem.ram\[10\]\[30\],14.98µm
u_core.u_dmem.ram\[52\]\[9\],14.98µm
u_core.u_dmem.ram\[9\]\[25\],14.98µm
u_core.u_dmem.ram\[27\]\[10\],14.97µm
_07351_,14.965µm
_03516_,14.96µm
_04614_,14.96µm
_08621_,14.96µm
u_core.u_regfile.regs\[31\]\[8\],14.96µm
net2740,14.96µm
net3543,14.96µm
_04012_,14.94µm
_05204_,14.94µm
_06116_,14.94µm
u_core.instr\[3\],14.94µm
u_core.u_regfile.regs\[25\]\[22\],14.94µm
u_core.u_regfile.regs\[31\]\[1\],14.94µm
u_core.u_regfile.regs\[6\]\[4\],14.94µm
net3563,14.94µm
_04232_,14.93µm
_03803_,14.92µm
_04742_,14.92µm
_04892_,14.92µm
u_core.u_dmem.ram\[16\]\[26\],14.92µm
u_core.u_dmem.ram\[59\]\[4\],14.92µm
u_core.u_regfile.regs\[30\]\[29\],14.92µm
net4229,14.92µm
net4941,14.92µm
_08697_,14.9µm
rst_n,14.9µm
_04214_,14.88µm
_04433_,14.88µm
_06347_,14.88µm
_06847_,14.88µm
_06909_,14.88µm
_08839_,14.88µm
_08905_,14.88µm
net1946,14.88µm
net3471,14.88µm
net5317,14.88µm
_06072_,14.87µm
_08422_,14.86µm
u_core.u_dmem.ram\[48\]\[30\],14.86µm
u_core.u_regfile.regs\[2\]\[30\],14.86µm
u_core.u_regfile.regs\[8\]\[4\],14.86µm
uo_out[5],14.86µm
_07554_,14.84µm
_08918_,14.84µm
u_core.u_dmem.ram\[1\]\[13\],14.84µm
u_core.u_dmem.ram\[44\]\[18\],14.84µm
u_core.u_regfile.regs\[30\]\[8\],14.84µm
net3298,14.84µm
net3687,14.84µm
_00014_,14.82µm
_08825_,14.82µm
u_core.u_dmem.ram\[0\]\[5\],14.82µm
_08213_,14.81µm
u_core.u_dmem.ram\[53\]\[24\],14.81µm
_01606_,14.805µm
_06427_,14.805µm
_03979_,14.8µm
_04492_,14.8µm
u_core.u_regfile.regs\[6\]\[13\],14.8µm
net2523,14.8µm
net2526,14.8µm
net2189,14.8µm
net2848,14.8µm
net5197,14.8µm
u_core.u_dmem.ram\[2\]\[25\],14.795µm
_06143_,14.79µm
u_core.u_regfile.regs\[10\]\[26\],14.78µm
_03565_,14.76µm
_08559_,14.76µm
_08720_,14.76µm
u_core.u_dmem.ram\[11\]\[19\],14.76µm
u_core.u_dmem.ram\[8\]\[17\],14.76µm
_05381_,14.74µm
_07008_,14.74µm
u_core.u_dmem.ram\[38\]\[6\],14.74µm
u_core.u_regfile.regs\[15\]\[27\],14.74µm
net3015,14.74µm
net4734,14.74µm
_03775_,14.72µm
_03859_,14.72µm
_06210_,14.72µm
_06902_,14.72µm
_07172_,14.72µm
_07804_,14.72µm
_08208_,14.72µm
u_core.u_dmem.ram\[10\]\[16\],14.72µm
u_core.u_dmem.ram\[15\]\[20\],14.72µm
u_core.u_dmem.ram\[16\]\[23\],14.72µm
u_core.u_dmem.ram\[19\]\[1\],14.72µm
u_core.u_dmem.ram\[19\]\[31\],14.72µm
u_core.u_dmem.ram\[48\]\[25\],14.72µm
u_core.u_dmem.ram\[49\]\[18\],14.72µm
u_core.u_dmem.ram\[59\]\[30\],14.72µm
u_core.u_dmem.ram\[6\]\[10\],14.72µm
net3445,14.72µm
net3688,14.72µm
u_core.u_dmem.ram\[3\]\[18\],14.71µm
_08683_,14.7µm
net3555,14.7µm
u_core.u_dmem.ram\[24\]\[5\],14.69µm
u_core.u_dmem.ram\[57\]\[25\],14.69µm
_03515_,14.68µm
_04538_,14.68µm
_08334_,14.68µm
u_core.u_dmem.ram\[0\]\[22\],14.68µm
u_core.u_dmem.ram\[21\]\[6\],14.68µm
u_core.u_dmem.ram\[24\]\[23\],14.68µm
u_core.u_dmem.ram\[35\]\[23\],14.68µm
u_core.u_dmem.ram\[38\]\[1\],14.68µm
u_core.u_dmem.ram\[42\]\[30\],14.68µm
u_core.u_dmem.ram\[50\]\[20\],14.68µm
u_core.u_dmem.ram\[56\]\[28\],14.68µm
_03992_,14.66µm
_08537_,14.66µm
_08840_,14.66µm
u_core.u_dmem.ram\[1\]\[1\],14.66µm
net1829,14.66µm
net5039,14.66µm
u_core.u_regfile.regs\[28\]\[16\],14.645µm
_03765_,14.64µm
_04479_,14.64µm
_04565_,14.64µm
_05710_,14.64µm
_07760_,14.64µm
_08967_,14.64µm
u_core.u_dmem.ram\[27\]\[1\],14.64µm
u_core.u_dmem.ram\[39\]\[6\],14.64µm
net1825,14.64µm
_03911_,14.62µm
u_core.u_regfile.regs\[19\]\[4\],14.62µm
net2536,14.62µm
net3497,14.62µm
net5040,14.62µm
_07924_,14.61µm
uo_out[2],14.61µm
_03669_,14.6µm
_04755_,14.6µm
_05232_,14.6µm
_05575_,14.6µm
_05695_,14.6µm
u_core.u_dmem.ram\[22\]\[11\],14.6µm
u_core.u_dmem.ram\[36\]\[28\],14.6µm
u_core.u_dmem.ram\[43\]\[18\],14.6µm
u_core.u_dmem.ram\[58\]\[0\],14.6µm
net1053,14.6µm
net2005,14.6µm
net4136,14.6µm
net4505,14.6µm
u_core.u_regfile.regs\[20\]\[14\],14.595µm
_03660_,14.58µm
_07326_,14.58µm
_08794_,14.58µm
u_core.u_regfile.regs\[1\]\[10\],14.58µm
_04402_,14.56µm
_04458_,14.56µm
u_core.u_dmem.ram\[12\]\[18\],14.56µm
u_core.u_dmem.ram\[40\]\[12\],14.56µm
u_core.u_dmem.ram\[58\]\[8\],14.56µm
_03421_,14.54µm
_06215_,14.54µm
_06780_,14.54µm
_07976_,14.54µm
_08339_,14.54µm
net4361,14.54µm
net4793,14.54µm
u_core.u_dmem.ram\[39\]\[27\],14.535µm
_04388_,14.52µm
u_core.u_dmem.ram\[13\]\[0\],14.515µm
u_core.u_dmem.ram\[17\]\[21\],14.515µm
_03640_,14.5µm
_03924_,14.5µm
_07415_,14.5µm
u_core.u_dmem.ram\[52\]\[14\],14.5µm
net2528,14.5µm
net4283,14.5µm
_04062_,14.48µm
_04442_,14.48µm
_06611_,14.48µm
_07626_,14.48µm
_07732_,14.48µm
u_core.instr\[21\],14.48µm
u_core.u_regfile.regs\[11\]\[9\],14.48µm
net3196,14.48µm
u_core.u_dmem.ram\[32\]\[12\],14.475µm
u_core.u_dmem.ram\[15\]\[3\],14.47µm
_04147_,14.46µm
_04881_,14.46µm
_07350_,14.46µm
u_core.u_dmem.ram\[22\]\[30\],14.46µm
u_core.u_dmem.ram\[46\]\[8\],14.46µm
net3284,14.46µm
net4198,14.46µm
net4201,14.46µm
u_core.u_dmem.ram\[26\]\[3\],14.44µm
u_core.u_dmem.ram\[26\]\[9\],14.44µm
u_core.u_dmem.ram\[61\]\[25\],14.44µm
u_core.u_regfile.regs\[12\]\[9\],14.44µm
_03861_,14.42µm
_04007_,14.42µm
net4253,14.42µm
_03804_,14.4µm
_05808_,14.4µm
_07954_,14.4µm
u_core.u_dmem.ram\[24\]\[10\],14.4µm
uo_out[7],14.4µm
net2896,14.4µm
_03682_,14.38µm
_04015_,14.38µm
_04898_,14.38µm
_05384_,14.38µm
_05391_,14.38µm
_08649_,14.38µm
u_core.u_dmem.ram\[42\]\[18\],14.38µm
u_core.u_dmem.ram\[45\]\[20\],14.38µm
u_core.u_dmem.ram\[7\]\[9\],14.38µm
net3292,14.38µm
net3439,14.38µm
net4244,14.38µm
net4419,14.38µm
_07802_,14.36µm
u_core.u_dmem.ram\[14\]\[31\],14.36µm
u_core.u_dmem.ram\[21\]\[8\],14.36µm
u_core.u_dmem.ram\[42\]\[29\],14.36µm
u_core.u_dmem.ram\[7\]\[18\],14.36µm
net3823,14.36µm
net4851,14.36µm
_07744_,14.345µm
_03633_,14.34µm
_05002_,14.34µm
_06640_,14.34µm
u_core.u_dmem.ram\[32\]\[5\],14.34µm
u_core.u_dmem.ram\[7\]\[5\],14.34µm
u_core.u_dmem.ram\[14\]\[17\],14.33µm
_03393_,14.3µm
_04151_,14.3µm
_04812_,14.3µm
_05933_,14.3µm
_07055_,14.3µm
_07708_,14.3µm
_08305_,14.3µm
u_core.u_dmem.ram\[19\]\[26\],14.3µm
u_core.u_dmem.ram\[32\]\[29\],14.3µm
u_core.u_dmem.ram\[36\]\[27\],14.3µm
u_core.u_dmem.ram\[6\]\[0\],14.3µm
u_core.u_dmem.ram\[35\]\[24\],14.295µm
_04378_,14.28µm
net3087,14.28µm
net3634,14.28µm
_04293_,14.26µm
_06656_,14.26µm
u_core.u_dmem.ram\[25\]\[17\],14.26µm
u_core.u_dmem.ram\[33\]\[9\],14.26µm
u_core.u_dmem.ram\[38\]\[29\],14.26µm
u_core.u_dmem.ram\[41\]\[18\],14.26µm
u_core.u_regfile.regs\[22\]\[25\],14.26µm
u_core.u_regfile.regs\[7\]\[13\],14.26µm
net3590,14.26µm
u_core.u_dmem.ram\[49\]\[6\],14.24µm
u_core.u_dmem.ram\[61\]\[29\],14.24µm
u_core.u_regfile.regs\[7\]\[6\],14.24µm
net3479,14.24µm
net4036,14.24µm
net4607,14.24µm
net4655,14.24µm
u_core.u_dmem.ram\[12\]\[17\],14.23µm
u_core.u_dmem.ram\[48\]\[29\],14.23µm
_03517_,14.22µm
_05250_,14.22µm
_06048_,14.22µm
_06950_,14.22µm
u_core.u_dmem.ram\[0\]\[26\],14.22µm
u_core.u_dmem.ram\[1\]\[16\],14.22µm
u_core.u_dmem.ram\[2\]\[18\],14.22µm
u_core.u_dmem.ram\[30\]\[29\],14.22µm
u_core.u_dmem.ram\[35\]\[29\],14.22µm
u_core.u_dmem.ram\[36\]\[1\],14.22µm
u_core.u_dmem.ram\[38\]\[19\],14.22µm
u_core.u_dmem.ram\[59\]\[28\],14.22µm
u_core.u_dmem.ram\[62\]\[6\],14.22µm
u_core.u_dmem.ram\[7\]\[16\],14.22µm
u_core.u_dmem.ram\[8\]\[30\],14.22µm
net2052,14.22µm
net2748,14.22µm
net5471,14.22µm
_05362_,14.2µm
u_core.u_dmem.ram\[49\]\[16\],14.2µm
net3820,14.2µm
u_core.u_dmem.ram\[48\]\[11\],14.195µm
_03882_,14.18µm
_07462_,14.18µm
u_core.u_dmem.ram\[27\]\[18\],14.18µm
u_core.u_dmem.ram\[2\]\[7\],14.18µm
u_core.u_dmem.ram\[35\]\[25\],14.18µm
u_core.u_dmem.ram\[56\]\[20\],14.18µm
_07319_,14.16µm
net2532,14.16µm
net2951,14.16µm
net5346,14.16µm
_03691_,14.14µm
_06977_,14.14µm
_07376_,14.14µm
u_core.u_dmem.ram\[56\]\[14\],14.14µm
u_core.u_dmem.ram\[7\]\[4\],14.14µm
u_core.u_regfile.regs\[4\]\[3\],14.14µm
net3328,14.14µm
net3345,14.14µm
net4015,14.14µm
_03475_,14.12µm
_06707_,14.12µm
_06744_,14.12µm
u_core.u_dmem.ram\[63\]\[9\],14.12µm
net5401,14.12µm
_07873_,14.11µm
u_core.u_dmem.ram\[4\]\[3\],14.11µm
_03590_,14.1µm
u_core.u_dmem.ram\[28\]\[5\],14.1µm
u_core.u_dmem.ram\[42\]\[3\],14.1µm
u_core.u_dmem.ram\[43\]\[3\],14.1µm
u_core.u_dmem.ram\[4\]\[13\],14.1µm
u_core.u_dmem.ram\[9\]\[17\],14.1µm
_07375_,14.085µm
_09162_,14.08µm
u_core.u_dmem.ram\[19\]\[21\],14.08µm
u_core.u_dmem.ram\[32\]\[4\],14.08µm
u_core.u_dmem.ram\[3\]\[26\],14.08µm
_08554_,14.075µm
_07777_,14.06µm
u_core.u_dmem.ram\[52\]\[11\],14.06µm
u_core.u_dmem.ram\[55\]\[0\],14.06µm
net4549,14.06µm
_03721_,14.04µm
_04110_,14.04µm
_04209_,14.04µm
_04343_,14.04µm
_08736_,14.04µm
u_core.u_dmem.ram\[33\]\[31\],14.04µm
u_core.u_regfile.regs\[1\]\[17\],14.04µm
u_core.u_regfile.regs\[22\]\[4\],14.04µm
net2534,14.04µm
net3068,14.04µm
_03448_,14.02µm
_03841_,14.02µm
_08833_,14.02µm
u_core.u_dmem.ram\[0\]\[17\],14.02µm
net2822,14.02µm
u_core.u_dmem.ram\[39\]\[23\],14.01µm
_04000_,14µm
_04083_,14µm
_04679_,14µm
_05320_,14µm
_07502_,14µm
_08799_,14µm
net5440,14µm
_00448_,13.985µm
_06767_,13.98µm
_06776_,13.98µm
u_core.u_dmem.ram\[33\]\[20\],13.98µm
u_core.u_dmem.ram\[40\]\[4\],13.98µm
u_core.u_dmem.ram\[6\]\[1\],13.98µm
_01906_,13.965µm
_09148_,13.96µm
u_core.u_dmem.ram\[39\]\[10\],13.96µm
net3032,13.96µm
net4572,13.96µm
_08992_,13.955µm
_05644_,13.94µm
_06061_,13.94µm
_07833_,13.94µm
u_core.u_dmem.ram\[26\]\[21\],13.94µm
u_core.u_dmem.ram\[50\]\[30\],13.94µm
u_core.u_dmem.ram\[60\]\[26\],13.94µm
u_core.u_regfile.regs\[22\]\[2\],13.94µm
_05597_,13.93µm
_04231_,13.92µm
_04570_,13.92µm
_04757_,13.92µm
_07056_,13.92µm
_07430_,13.92µm
_08294_,13.92µm
u_core.u_dmem.ram\[17\]\[13\],13.92µm
u_core.u_dmem.ram\[22\]\[15\],13.92µm
u_core.u_dmem.ram\[38\]\[4\],13.92µm
u_core.u_dmem.ram\[46\]\[22\],13.92µm
u_core.u_dmem.ram\[51\]\[2\],13.92µm
u_core.u_regfile.regs\[6\]\[22\],13.92µm
net3144,13.92µm
net3835,13.92µm
net4077,13.92µm
net4119,13.92µm
net4659,13.92µm
u_core.u_dmem.ram\[3\]\[22\],13.915µm
_03890_,13.9µm
_04695_,13.9µm
_05769_,13.9µm
_07670_,13.9µm
_08604_,13.9µm
u_core.u_dmem.ram\[25\]\[20\],13.9µm
u_core.u_dmem.ram\[2\]\[28\],13.9µm
u_core.u_dmem.ram\[39\]\[20\],13.9µm
u_core.u_dmem.ram\[44\]\[31\],13.9µm
u_core.u_dmem.ram\[45\]\[22\],13.9µm
u_core.u_dmem.ram\[50\]\[19\],13.9µm
u_core.u_dmem.ram\[9\]\[27\],13.9µm
u_core.u_dmem.ram\[9\]\[28\],13.9µm
net2227,13.9µm
net3136,13.9µm
net3916,13.9µm
_06051_,13.89µm
_08941_,13.89µm
u_core.u_dmem.ram\[47\]\[11\],13.89µm
net4748,13.89µm
_08423_,13.885µm
_03680_,13.88µm
_03965_,13.88µm
_04140_,13.88µm
_04197_,13.88µm
_04279_,13.88µm
_07425_,13.88µm
u_core.u_dmem.ram\[27\]\[20\],13.88µm
u_core.u_dmem.ram\[43\]\[25\],13.88µm
u_core.u_dmem.ram\[46\]\[5\],13.88µm
u_core.u_dmem.ram\[60\]\[10\],13.88µm
u_core.u_dmem.ram\[7\]\[8\],13.88µm
net5444,13.88µm
_02564_,13.865µm
_06441_,13.86µm
u_core.u_dmem.ram\[32\]\[20\],13.86µm
u_core.u_dmem.ram\[35\]\[9\],13.86µm
net3661,13.86µm
net4583,13.86µm
net1834,13.85µm
_03445_,13.84µm
_04067_,13.84µm
_04340_,13.84µm
_06006_,13.84µm
u_core.u_dmem.ram\[28\]\[15\],13.84µm
u_core.u_regfile.regs\[27\]\[23\],13.825µm
_08133_,13.82µm
u_core.u_dmem.ram\[3\]\[0\],13.82µm
net2814,13.82µm
net3193,13.82µm
net4254,13.82µm
net4409,13.82µm
net4613,13.82µm
net4777,13.82µm
u_core.u_dmem.ram\[35\]\[2\],13.815µm
_04487_,13.8µm
_04834_,13.8µm
_05639_,13.8µm
_08483_,13.8µm
u_core.u_dmem.ram\[0\]\[12\],13.8µm
u_core.u_dmem.ram\[0\]\[9\],13.8µm
u_core.u_dmem.ram\[38\]\[28\],13.8µm
u_core.u_dmem.ram\[48\]\[27\],13.8µm
u_core.u_dmem.ram\[58\]\[28\],13.8µm
net1804,13.8µm
net3931,13.8µm
net3943,13.8µm
net5158,13.8µm
u_core.u_dmem.ram\[41\]\[28\],13.79µm
_06177_,13.78µm
_07047_,13.78µm
_08753_,13.78µm
net3293,13.78µm
net3422,13.78µm
net3587,13.78µm
net4106,13.78µm
net4203,13.78µm
net4346,13.78µm
u_core.u_dmem.ram\[0\]\[8\],13.765µm
_03419_,13.76µm
_04817_,13.76µm
u_core.u_dmem.ram\[34\]\[3\],13.76µm
u_core.u_dmem.ram\[35\]\[7\],13.76µm
u_core.u_dmem.ram\[59\]\[7\],13.76µm
u_core.u_dmem.ram\[62\]\[21\],13.76µm
_08880_,13.745µm
_04047_,13.74µm
u_core.u_dmem.ram\[24\]\[4\],13.74µm
u_core.u_dmem.ram\[60\]\[19\],13.74µm
u_core.u_regfile.regs\[15\]\[10\],13.74µm
_03003_,13.725µm
_04628_,13.72µm
_04778_,13.72µm
_05699_,13.72µm
_08406_,13.72µm
u_core.u_dmem.ram\[31\]\[7\],13.72µm
u_core.u_dmem.ram\[36\]\[4\],13.72µm
u_core.u_dmem.ram\[4\]\[7\],13.72µm
u_core.u_dmem.ram\[55\]\[9\],13.72µm
u_core.u_dmem.ram\[58\]\[11\],13.72µm
u_core.u_dmem.ram\[7\]\[30\],13.72µm
_07710_,13.705µm
_04030_,13.7µm
_07120_,13.7µm
_07206_,13.7µm
net3685,13.7µm
net3886,13.7µm
net3964,13.7µm
u_core.u_dmem.ram\[58\]\[20\],13.695µm
_03817_,13.68µm
_05077_,13.68µm
_05268_,13.68µm
_06035_,13.68µm
u_core.u_dmem.ram\[20\]\[22\],13.68µm
u_core.u_dmem.ram\[26\]\[7\],13.68µm
net1019,13.68µm
net3957,13.68µm
net4220,13.68µm
net4320,13.68µm
_07472_,13.67µm
_01506_,13.665µm
_08206_,13.66µm
net3659,13.66µm
u_core.u_regfile.regs\[19\]\[26\],13.645µm
_04066_,13.64µm
_06322_,13.64µm
_07003_,13.64µm
_07696_,13.64µm
u_core.u_dmem.ram\[10\]\[20\],13.64µm
u_core.u_dmem.ram\[14\]\[19\],13.64µm
u_core.u_dmem.ram\[22\]\[8\],13.64µm
u_core.u_dmem.ram\[50\]\[11\],13.64µm
u_core.u_regfile.regs\[7\]\[29\],13.64µm
_04314_,13.62µm
_05819_,13.62µm
_07330_,13.62µm
_08525_,13.62µm
net1601,13.62µm
_00661_,13.615µm
_04357_,13.6µm
_08189_,13.59µm
u_core.u_dmem.ram\[2\]\[15\],13.59µm
_03625_,13.58µm
_04306_,13.58µm
_08564_,13.58µm
u_core.u_dmem.ram\[30\]\[31\],13.58µm
u_core.u_dmem.ram\[23\]\[21\],13.565µm
net778,13.565µm
_06482_,13.56µm
_06569_,13.56µm
_07547_,13.56µm
u_core.u_dmem.ram\[33\]\[4\],13.56µm
u_core.u_dmem.ram\[36\]\[13\],13.56µm
u_core.u_regfile.regs\[3\]\[7\],13.56µm
net4963,13.56µm
u_core.u_dmem.ram\[48\]\[28\],13.55µm
_03681_,13.54µm
_04316_,13.54µm
_06060_,13.54µm
_07278_,13.54µm
_07796_,13.54µm
u_core.u_dmem.ram\[18\]\[2\],13.54µm
u_core.u_dmem.ram\[22\]\[31\],13.54µm
net4653,13.54µm
net5455,13.54µm
_04218_,13.52µm
_08706_,13.52µm
u_core.u_dmem.ram\[14\]\[11\],13.52µm
u_core.u_dmem.ram\[17\]\[28\],13.52µm
u_core.u_regfile.regs\[3\]\[23\],13.52µm
net762,13.52µm
u_core.u_dmem.ram\[46\]\[11\],13.51µm
_01925_,13.505µm
_03607_,13.5µm
_03758_,13.5µm
_04061_,13.5µm
_04694_,13.5µm
_07280_,13.5µm
_08785_,13.5µm
net4373,13.5µm
u_core.u_regfile.regs\[12\]\[19\],13.485µm
_06229_,13.48µm
_06941_,13.48µm
_07584_,13.48µm
_08930_,13.48µm
u_core.u_dmem.ram\[5\]\[3\],13.48µm
u_core.u_dmem.ram\[31\]\[29\],13.47µm
u_core.u_dmem.ram\[49\]\[15\],13.47µm
_00213_,13.465µm
_03937_,13.46µm
_06047_,13.46µm
_06974_,13.46µm
_07787_,13.46µm
u_core.u_dmem.ram\[18\]\[1\],13.46µm
u_core.u_dmem.ram\[25\]\[0\],13.46µm
net2836,13.46µm
net5239,13.46µm
_03531_,13.44µm
u_core.u_dmem.ram\[12\]\[27\],13.44µm
net4209,13.44µm
net4250,13.44µm
_01488_,13.425µm
_06305_,13.42µm
_07080_,13.42µm
_09099_,13.42µm
u_core.u_dmem.ram\[18\]\[5\],13.42µm
u_core.u_dmem.ram\[52\]\[28\],13.42µm
_04674_,13.4µm
_06189_,13.4µm
u_core.u_dmem.ram\[22\]\[18\],13.4µm
u_core.u_dmem.ram\[28\]\[23\],13.4µm
net2817,13.4µm
u_core.u_dmem.ram\[12\]\[7\],13.39µm
_08052_,13.385µm
u_core.u_dmem.ram\[62\]\[28\],13.385µm
_04136_,13.38µm
_04338_,13.38µm
_05510_,13.38µm
_06387_,13.38µm
_06604_,13.38µm
_06724_,13.38µm
u_core.u_dmem.ram\[11\]\[7\],13.38µm
u_core.u_dmem.ram\[18\]\[20\],13.38µm
u_core.u_dmem.ram\[34\]\[25\],13.38µm
u_core.u_dmem.ram\[37\]\[27\],13.38µm
u_core.u_dmem.ram\[54\]\[31\],13.38µm
u_core.u_regfile.regs\[3\]\[26\],13.38µm
net4959,13.38µm
_08949_,13.36µm
u_core.u_dmem.ram\[46\]\[17\],13.36µm
u_core.u_dmem.ram\[46\]\[2\],13.36µm
net3182,13.36µm
net3572,13.36µm
net3743,13.36µm
net4004,13.36µm
net4433,13.36µm
net5424,13.36µm
_04450_,13.34µm
_05138_,13.34µm
_07819_,13.34µm
_08388_,13.34µm
_08472_,13.34µm
_08701_,13.34µm
u_core.u_dmem.ram\[16\]\[14\],13.34µm
u_core.u_dmem.ram\[17\]\[30\],13.34µm
u_core.u_dmem.ram\[3\]\[4\],13.34µm
u_core.u_dmem.ram\[50\]\[22\],13.34µm
u_core.u_dmem.ram\[53\]\[5\],13.34µm
u_core.u_dmem.ram\[62\]\[0\],13.34µm
net1045,13.34µm
net2504,13.34µm
net2725,13.34µm
net3487,13.34µm
net3559,13.34µm
net4054,13.34µm
net4755,13.34µm
net4938,13.34µm
_04056_,13.32µm
_06300_,13.32µm
_08778_,13.32µm
_08970_,13.32µm
net4321,13.32µm
net4369,13.32µm
_04346_,13.3µm
_06423_,13.3µm
_08641_,13.3µm
u_core.u_dmem.ram\[0\]\[20\],13.3µm
u_core.u_dmem.ram\[1\]\[2\],13.3µm
u_core.u_dmem.ram\[29\]\[24\],13.3µm
u_core.u_dmem.ram\[30\]\[12\],13.3µm
u_core.u_dmem.ram\[35\]\[16\],13.3µm
u_core.u_dmem.ram\[35\]\[30\],13.3µm
u_core.u_dmem.ram\[43\]\[22\],13.3µm
u_core.u_dmem.ram\[45\]\[9\],13.3µm
u_core.u_dmem.ram\[51\]\[20\],13.3µm
u_core.u_dmem.ram\[52\]\[20\],13.3µm
u_core.u_dmem.ram\[54\]\[21\],13.3µm
u_core.u_dmem.ram\[55\]\[27\],13.3µm
u_core.u_dmem.ram\[5\]\[12\],13.3µm
u_core.u_dmem.ram\[5\]\[14\],13.3µm
u_core.u_dmem.ram\[60\]\[22\],13.3µm
_00255_,13.285µm
_01321_,13.285µm
u_core.u_dmem.ram\[9\]\[10\],13.28µm
net3663,13.28µm
_07571_,13.26µm
_07970_,13.26µm
u_core.u_dmem.ram\[19\]\[8\],13.26µm
_05267_,13.24µm
_06109_,13.24µm
u_core.u_dmem.ram\[6\]\[24\],13.24µm
net2524,13.24µm
net2527,13.24µm
net3701,13.24µm
_07122_,13.22µm
_08520_,13.22µm
_09170_,13.22µm
u_core.u_dmem.ram\[21\]\[9\],13.22µm
u_core.u_dmem.ram\[31\]\[0\],13.22µm
u_core.u_dmem.ram\[41\]\[10\],13.22µm
u_core.u_dmem.ram\[52\]\[15\],13.22µm
u_core.u_dmem.ram\[53\]\[6\],13.22µm
net5105,13.22µm
_06951_,13.2µm
net4143,13.2µm
net4160,13.2µm
u_core.u_dmem.ram\[62\]\[9\],13.185µm
_04544_,13.18µm
_04662_,13.18µm
_04693_,13.18µm
_06005_,13.18µm
_08864_,13.18µm
_08934_,13.18µm
u_core.u_dmem.ram\[1\]\[22\],13.18µm
u_core.u_dmem.ram\[22\]\[1\],13.18µm
u_core.u_dmem.ram\[47\]\[4\],13.18µm
u_core.u_regfile.regs\[3\]\[29\],13.18µm
u_core.u_dmem.ram\[19\]\[16\],13.17µm
_01886_,13.165µm
_03850_,13.16µm
_04093_,13.16µm
_07270_,13.16µm
_09039_,13.16µm
u_core.u_dmem.ram\[40\]\[6\],13.16µm
u_core.u_dmem.ram\[7\]\[17\],13.16µm
net3693,13.16µm
net3787,13.16µm
_00863_,13.155µm
_03583_,13.155µm
_06255_,13.14µm
_06764_,13.14µm
_01990_,13.135µm
_06041_,13.135µm
u_core.u_dmem.ram\[27\]\[16\],13.125µm
_03951_,13.12µm
_04145_,13.12µm
_05200_,13.12µm
_05688_,13.12µm
_06716_,13.12µm
u_core.u_dmem.ram\[0\]\[13\],13.12µm
u_core.u_dmem.ram\[30\]\[3\],13.12µm
u_core.u_dmem.ram\[59\]\[14\],13.12µm
u_core.u_regfile.regs\[20\]\[12\],13.12µm
net3738,13.12µm
_00171_,13.105µm
_03464_,13.1µm
_04720_,13.1µm
_04861_,13.1µm
_05658_,13.1µm
_06182_,13.1µm
_06704_,13.1µm
_06980_,13.1µm
u_core.u_dmem.ram\[19\]\[30\],13.1µm
u_core.u_dmem.ram\[57\]\[7\],13.1µm
net2576,13.1µm
net3997,13.1µm
_03478_,13.08µm
_04267_,13.08µm
_04319_,13.08µm
_06710_,13.08µm
u_core.u_regfile.regs\[4\]\[21\],13.08µm
net2960,13.08µm
_03839_,13.06µm
_06651_,13.06µm
u_core.u_dmem.ram\[40\]\[7\],13.06µm
_00628_,13.045µm
_03403_,13.04µm
_03946_,13.04µm
_04134_,13.04µm
_04246_,13.04µm
_04350_,13.04µm
_04988_,13.04µm
_05400_,13.04µm
_05483_,13.04µm
_06077_,13.04µm
_06663_,13.04µm
u_core.u_dmem.ram\[2\]\[17\],13.04µm
u_core.u_dmem.ram\[4\]\[15\],13.04µm
u_core.u_dmem.ram\[56\]\[12\],13.04µm
u_core.u_regfile.regs\[7\]\[17\],13.04µm
net2767,13.04µm
net3010,13.04µm
net4778,13.04µm
_04613_,13.035µm
_03734_,13.02µm
_05301_,13.02µm
_07496_,13.02µm
_08505_,13.02µm
u_core.u_dmem.ram\[46\]\[9\],13.02µm
u_core.u_dmem.ram\[50\]\[13\],13.02µm
u_core.u_dmem.ram\[38\]\[21\],13.01µm
_08488_,13.005µm
_03439_,13µm
_04448_,13µm
_04858_,13µm
_05507_,13µm
_06236_,13µm
_07025_,13µm
_08669_,13µm
u_core.u_dmem.ram\[24\]\[21\],13µm
u_core.u_dmem.ram\[2\]\[26\],13µm
u_core.u_dmem.ram\[36\]\[12\],13µm
u_core.u_dmem.ram\[54\]\[15\],13µm
u_core.u_dmem.ram\[61\]\[24\],13µm
u_core.u_dmem.ram\[9\]\[23\],13µm
u_core.u_regfile.regs\[7\]\[0\],13µm
net2309,13µm
net3724,13µm
net4042,13µm
net4235,13µm
u_core.u_dmem.ram\[54\]\[25\],12.995µm
_03594_,12.98µm
_08112_,12.98µm
u_core.u_dmem.ram\[21\]\[27\],12.98µm
u_core.u_dmem.ram\[40\]\[0\],12.98µm
u_core.u_dmem.ram\[56\]\[22\],12.98µm
u_core.u_dmem.ram\[57\]\[24\],12.98µm
net2875,12.98µm
net3259,12.98µm
_05269_,12.97µm
_06339_,12.965µm
_03649_,12.96µm
_03683_,12.96µm
_04220_,12.96µm
_04251_,12.96µm
_04641_,12.96µm
_08448_,12.96µm
u_core.u_dmem.ram\[10\]\[0\],12.96µm
u_core.u_dmem.ram\[10\]\[27\],12.96µm
u_core.u_dmem.ram\[28\]\[12\],12.96µm
u_core.u_dmem.ram\[33\]\[1\],12.96µm
u_core.u_dmem.ram\[4\]\[17\],12.96µm
u_core.u_dmem.ram\[51\]\[29\],12.96µm
net3126,12.96µm
net4554,12.96µm
u_core.u_dmem.ram\[44\]\[11\],12.94µm
net4821,12.94µm
_03757_,12.92µm
_06713_,12.92µm
_06738_,12.92µm
_08545_,12.92µm
_08988_,12.92µm
u_core.u_dmem.ram\[16\]\[7\],12.92µm
u_core.u_dmem.ram\[36\]\[29\],12.92µm
u_core.u_dmem.ram\[52\]\[12\],12.92µm
u_core.u_dmem.ram\[56\]\[15\],12.92µm
u_core.u_dmem.ram\[59\]\[5\],12.92µm
u_core.u_dmem.ram\[8\]\[5\],12.92µm
net2498,12.92µm
net2673,12.92µm
net3208,12.92µm
net4292,12.92µm
u_core.u_dmem.ram\[17\]\[11\],12.91µm
_06161_,12.9µm
_08548_,12.9µm
net3472,12.9µm
net3946,12.9µm
net4069,12.9µm
net4480,12.9µm
net4605,12.9µm
net5050,12.9µm
u_core.u_dmem.ram\[55\]\[30\],12.895µm
_01502_,12.885µm
_04366_,12.88µm
_04887_,12.88µm
_05536_,12.88µm
_06192_,12.88µm
u_core.u_dmem.ram\[18\]\[24\],12.88µm
u_core.u_dmem.ram\[20\]\[8\],12.88µm
u_core.u_dmem.ram\[31\]\[1\],12.88µm
u_core.u_dmem.ram\[34\]\[8\],12.88µm
u_core.u_dmem.ram\[45\]\[27\],12.88µm
u_core.u_dmem.ram\[54\]\[3\],12.88µm
u_core.u_dmem.ram\[58\]\[31\],12.88µm
u_core.u_dmem.ram\[62\]\[27\],12.88µm
u_core.u_dmem.ram\[7\]\[1\],12.88µm
u_core.u_regfile.regs\[13\]\[8\],12.88µm
u_core.u_dmem.ram\[4\]\[18\],12.875µm
_04457_,12.86µm
u_core.u_dmem.ram\[49\]\[31\],12.86µm
net2973,12.86µm
net4026,12.86µm
net5339,12.86µm
net5372,12.86µm
_04269_,12.84µm
_04589_,12.84µm
_04743_,12.84µm
_05399_,12.84µm
_05525_,12.84µm
_05948_,12.84µm
_07858_,12.84µm
u_core.u_dmem.ram\[12\]\[23\],12.84µm
u_core.u_dmem.ram\[20\]\[23\],12.84µm
u_core.u_dmem.ram\[23\]\[14\],12.84µm
u_core.u_dmem.ram\[30\]\[19\],12.84µm
u_core.u_dmem.ram\[36\]\[3\],12.84µm
u_core.u_dmem.ram\[37\]\[13\],12.84µm
u_core.u_dmem.ram\[40\]\[3\],12.84µm
u_core.u_dmem.ram\[43\]\[30\],12.84µm
u_core.u_dmem.ram\[4\]\[14\],12.84µm
u_core.u_dmem.ram\[54\]\[4\],12.84µm
u_core.u_dmem.ram\[63\]\[12\],12.84µm
net3113,12.84µm
u_core.u_dmem.ram\[26\]\[20\],12.83µm
u_core.u_dmem.ram\[50\]\[23\],12.82µm
net3589,12.82µm
net3642,12.82µm
net3973,12.82µm
net4552,12.82µm
_07649_,12.805µm
_04407_,12.8µm
_04640_,12.8µm
_07242_,12.8µm
_08923_,12.8µm
u_core.u_dmem.ram\[28\]\[9\],12.8µm
u_core.u_dmem.ram\[43\]\[21\],12.8µm
u_core.u_dmem.ram\[59\]\[20\],12.8µm
u_core.u_dmem.ram\[63\]\[23\],12.8µm
u_core.u_regfile.regs\[25\]\[0\],12.8µm
u_core.u_regfile.regs\[25\]\[11\],12.8µm
net3127,12.8µm
net3172,12.8µm
net3365,12.8µm
net4616,12.8µm
u_core.u_dmem.ram\[61\]\[21\],12.795µm
_05171_,12.78µm
u_core.u_regfile.regs\[6\]\[18\],12.78µm
net4107,12.78µm
net5002,12.78µm
_08357_,12.775µm
u_core.u_dmem.ram\[0\]\[16\],12.775µm
_03508_,12.76µm
_03554_,12.76µm
_06619_,12.76µm
u_core.u_dmem.ram\[21\]\[17\],12.76µm
u_core.u_dmem.ram\[31\]\[31\],12.76µm
u_core.u_dmem.ram\[54\]\[30\],12.76µm
u_core.u_dmem.ram\[55\]\[23\],12.76µm
net3396,12.76µm
u_core.u_dmem.ram\[62\]\[16\],12.755µm
u_core.u_dmem.ram\[55\]\[25\],12.75µm
u_core.u_dmem.ram\[54\]\[26\],12.74µm
u_core.u_dmem.ram\[24\]\[24\],12.735µm
_04119_,12.72µm
_06979_,12.72µm
u_core.u_dmem.ram\[16\]\[9\],12.72µm
u_core.u_dmem.ram\[32\]\[7\],12.72µm
u_core.u_dmem.ram\[45\]\[13\],12.72µm
u_core.u_dmem.ram\[7\]\[31\],12.72µm
_06661_,12.705µm
_03490_,12.7µm
_06185_,12.7µm
_07436_,12.7µm
_08362_,12.7µm
u_core.u_dmem.ram\[46\]\[23\],12.7µm
_03018_,12.685µm
_04190_,12.68µm
_06107_,12.68µm
_07321_,12.68µm
_07520_,12.68µm
u_core.u_regfile.regs\[17\]\[11\],12.68µm
net2985,12.68µm
net5236,12.68µm
u_core.u_dmem.ram\[28\]\[18\],12.675µm
_05956_,12.66µm
_06565_,12.66µm
_07834_,12.66µm
u_core.u_dmem.ram\[44\]\[8\],12.66µm
u_core.u_dmem.ram\[50\]\[6\],12.66µm
net3545,12.66µm
_06546_,12.645µm
_03474_,12.64µm
_06768_,12.64µm
_06915_,12.64µm
_08349_,12.64µm
_09116_,12.64µm
u_core.u_dmem.ram\[32\]\[30\],12.63µm
_03520_,12.62µm
_03603_,12.62µm
_03736_,12.62µm
_03770_,12.62µm
_04727_,12.62µm
_07613_,12.62µm
_08365_,12.62µm
u_core.u_dmem.ram\[10\]\[1\],12.62µm
u_core.u_dmem.ram\[11\]\[29\],12.62µm
u_core.u_dmem.ram\[28\]\[2\],12.62µm
net3776,12.62µm
_04758_,12.6µm
_08511_,12.6µm
_08845_,12.6µm
net3065,12.6µm
net3067,12.6µm
u_core.u_dmem.ram\[14\]\[24\],12.59µm
_07241_,12.585µm
_03535_,12.58µm
_03857_,12.58µm
_04240_,12.58µm
_04308_,12.58µm
_04529_,12.58µm
_04797_,12.58µm
_07675_,12.58µm
u_core.u_dmem.ram\[13\]\[28\],12.58µm
u_core.u_regfile.regs\[11\]\[16\],12.58µm
net2964,12.58µm
net3151,12.58µm
net3202,12.58µm
_07208_,12.565µm
_03661_,12.56µm
_03981_,12.56µm
u_core.u_dmem.ram\[10\]\[22\],12.56µm
u_core.u_dmem.ram\[55\]\[13\],12.56µm
_05376_,12.54µm
_05702_,12.54µm
_05766_,12.54µm
_06907_,12.54µm
u_core.u_dmem.ram\[17\]\[19\],12.54µm
u_core.u_dmem.ram\[6\]\[4\],12.54µm
u_core.u_regfile.regs\[27\]\[30\],12.54µm
net4594,12.54µm
net4924,12.54µm
_00392_,12.52µm
_03560_,12.52µm
_05082_,12.52µm
_08643_,12.52µm
u_core.u_dmem.ram\[10\]\[21\],12.52µm
u_core.u_dmem.ram\[24\]\[20\],12.52µm
net3139,12.52µm
net4596,12.52µm
_00180_,12.515µm
uo_out[4],12.51µm
_04282_,12.5µm
_05870_,12.5µm
_06184_,12.5µm
_08263_,12.5µm
_08477_,12.5µm
u_core.u_dmem.ram\[24\]\[16\],12.5µm
u_core.u_dmem.ram\[35\]\[4\],12.5µm
u_core.u_dmem.ram\[35\]\[6\],12.5µm
u_core.u_dmem.ram\[61\]\[31\],12.5µm
u_core.u_dmem.ram\[7\]\[2\],12.5µm
u_core.u_regfile.regs\[4\]\[8\],12.5µm
net3709,12.5µm
_04224_,12.48µm
_04639_,12.48µm
_05547_,12.48µm
_05786_,12.48µm
_07364_,12.48µm
_07628_,12.48µm
u_core.u_dmem.ram\[53\]\[19\],12.48µm
u_core.u_dmem.ram\[38\]\[3\],12.47µm
_01097_,12.465µm
_04593_,12.46µm
_04655_,12.46µm
_06589_,12.46µm
_08722_,12.46µm
u_core.u_dmem.ram\[22\]\[3\],12.46µm
u_core.u_dmem.ram\[32\]\[17\],12.46µm
u_core.u_dmem.ram\[41\]\[19\],12.46µm
u_core.u_dmem.ram\[43\]\[2\],12.46µm
u_core.u_dmem.ram\[47\]\[17\],12.46µm
u_core.u_dmem.ram\[48\]\[18\],12.46µm
net4088,12.46µm
net4145,12.46µm
u_core.u_dmem.ram\[0\]\[21\],12.455µm
_02213_,12.44µm
_03562_,12.44µm
_08381_,12.44µm
net2551,12.44µm
net2931,12.44µm
net3110,12.44µm
net3314,12.44µm
net3332,12.44µm
net3566,12.44µm
net4239,12.44µm
net4854,12.44µm
net4883,12.44µm
net5240,12.44µm
_02644_,12.425µm
_03821_,12.42µm
_05014_,12.42µm
_05235_,12.42µm
_05407_,12.42µm
_08154_,12.42µm
_08207_,12.42µm
u_core.u_dmem.ram\[11\]\[13\],12.42µm
u_core.u_dmem.ram\[13\]\[20\],12.42µm
u_core.u_dmem.ram\[25\]\[30\],12.42µm
u_core.u_dmem.ram\[45\]\[3\],12.42µm
u_core.u_dmem.ram\[47\]\[30\],12.42µm
u_core.u_dmem.ram\[4\]\[10\],12.42µm
u_core.u_dmem.ram\[9\]\[24\],12.42µm
_06386_,12.4µm
u_core.u_dmem.ram\[49\]\[17\],12.4µm
net4571,12.4µm
net5134,12.4µm
u_core.u_dmem.ram\[42\]\[16\],12.395µm
u_core.u_dmem.ram\[49\]\[4\],12.395µm
_02588_,12.385µm
_03374_,12.38µm
_04443_,12.38µm
_08304_,12.38µm
u_core.u_dmem.ram\[22\]\[25\],12.38µm
u_core.u_dmem.ram\[2\]\[2\],12.38µm
u_core.u_dmem.ram\[32\]\[25\],12.38µm
u_core.u_dmem.ram\[33\]\[23\],12.38µm
u_core.u_dmem.ram\[33\]\[2\],12.38µm
u_core.u_dmem.ram\[45\]\[12\],12.38µm
u_core.u_dmem.ram\[48\]\[24\],12.38µm
_08125_,12.37µm
_05881_,12.36µm
u_core.u_dmem.ram\[16\]\[12\],12.36µm
u_core.u_dmem.ram\[24\]\[27\],12.36µm
u_core.u_dmem.ram\[4\]\[9\],12.36µm
net3257,12.36µm
net4170,12.36µm
net4295,12.36µm
net4724,12.36µm
_05061_,12.34µm
_07668_,12.34µm
_08361_,12.34µm
u_core.u_dmem.ram\[10\]\[3\],12.34µm
net3023,12.34µm
net3064,12.34µm
net3152,12.34µm
net4238,12.34µm
net5389,12.34µm
_03692_,12.32µm
_05035_,12.32µm
_06629_,12.32µm
_06887_,12.32µm
net3547,12.32µm
net4260,12.32µm
_04505_,12.3µm
_06030_,12.3µm
_09052_,12.3µm
u_core.u_dmem.ram\[10\]\[6\],12.3µm
u_core.u_dmem.ram\[23\]\[26\],12.3µm
u_core.u_dmem.ram\[37\]\[20\],12.3µm
u_core.u_dmem.ram\[41\]\[20\],12.3µm
u_core.u_dmem.ram\[45\]\[2\],12.3µm
net1235,12.3µm
_05854_,12.28µm
_05872_,12.28µm
_08668_,12.28µm
u_core.u_dmem.ram\[26\]\[27\],12.27µm
u_core.u_dmem.ram\[5\]\[24\],12.265µm
_03525_,12.26µm
_05981_,12.26µm
_08255_,12.26µm
u_core.u_dmem.ram\[26\]\[28\],12.26µm
u_core.u_dmem.ram\[56\]\[0\],12.26µm
_01177_,12.245µm
_01318_,12.245µm
_04158_,12.24µm
_06230_,12.24µm
_06241_,12.24µm
_08386_,12.24µm
_08705_,12.24µm
u_core.u_regfile.regs\[3\]\[20\],12.24µm
net3343,12.24µm
net3592,12.24µm
net4562,12.24µm
_04428_,12.235µm
_05435_,12.23µm
u_core.u_dmem.ram\[41\]\[6\],12.23µm
_03794_,12.22µm
_07187_,12.22µm
_07811_,12.22µm
_08088_,12.22µm
u_core.u_dmem.ram\[4\]\[2\],12.22µm
u_core.u_dmem.ram\[7\]\[7\],12.22µm
net4297,12.22µm
u_core.u_dmem.ram\[24\]\[30\],12.21µm
u_core.u_dmem.ram\[40\]\[22\],12.21µm
_04200_,12.2µm
_04514_,12.2µm
_08938_,12.2µm
u_core.u_dmem.ram\[28\]\[14\],12.2µm
u_core.u_dmem.ram\[32\]\[27\],12.2µm
u_core.u_dmem.ram\[36\]\[2\],12.2µm
u_core.u_dmem.ram\[7\]\[29\],12.2µm
u_core.u_regfile.regs\[6\]\[2\],12.2µm
net3609,12.2µm
net3809,12.2µm
net4679,12.2µm
_04174_,12.18µm
_04488_,12.18µm
_04796_,12.18µm
_06227_,12.18µm
_07253_,12.18µm
_07948_,12.18µm
_08246_,12.18µm
_03705_,12.16µm
_03737_,12.16µm
_04262_,12.16µm
_04766_,12.16µm
_04907_,12.16µm
_05772_,12.16µm
_07267_,12.16µm
_07851_,12.16µm
_08519_,12.16µm
_08582_,12.16µm
u_core.u_dmem.ram\[0\]\[31\],12.16µm
u_core.u_dmem.ram\[25\]\[15\],12.16µm
net3042,12.16µm
net4097,12.16µm
_05215_,12.14µm
_06345_,12.14µm
_06509_,12.14µm
_07284_,12.14µm
_07348_,12.14µm
_03624_,12.12µm
_03668_,12.12µm
_03942_,12.12µm
_04082_,12.12µm
_04730_,12.12µm
_07903_,12.12µm
_07913_,12.12µm
u_core.u_dmem.ram\[11\]\[22\],12.12µm
net3088,12.12µm
net3781,12.12µm
net3804,12.12µm
net4690,12.12µm
net4833,12.12µm
net5069,12.12µm
_06240_,12.1µm
_07719_,12.1µm
u_core.u_dmem.ram\[14\]\[1\],12.1µm
u_core.u_dmem.ram\[14\]\[7\],12.1µm
u_core.u_dmem.ram\[18\]\[27\],12.1µm
u_core.u_dmem.ram\[34\]\[23\],12.1µm
u_core.u_dmem.ram\[8\]\[26\],12.1µm
net4533,12.1µm
net4839,12.1µm
_00742_,12.085µm
_01711_,12.085µm
_03385_,12.08µm
_03432_,12.08µm
_03791_,12.08µm
_04013_,12.08µm
_04772_,12.08µm
_06714_,12.08µm
_07463_,12.08µm
_08342_,12.08µm
u_core.u_dmem.ram\[59\]\[12\],12.08µm
net4228,12.08µm
net4271,12.08µm
net4697,12.08µm
_07227_,12.075µm
_02981_,12.065µm
_04072_,12.06µm
_04297_,12.06µm
u_core.u_dmem.ram\[34\]\[13\],12.06µm
u_core.u_dmem.ram\[57\]\[21\],12.06µm
net2200,12.06µm
net2977,12.06µm
net3607,12.06µm
net4789,12.06µm
net5205,12.06µm
_02038_,12.045µm
_03579_,12.04µm
_03959_,12.04µm
_04562_,12.04µm
_04780_,12.04µm
_04818_,12.04µm
_06294_,12.04µm
_06802_,12.04µm
_07170_,12.04µm
_07745_,12.04µm
_07829_,12.04µm
_08443_,12.04µm
u_core.u_dmem.ram\[19\]\[4\],12.04µm
u_core.u_dmem.ram\[55\]\[17\],12.04µm
u_core.u_dmem.ram\[62\]\[19\],12.04µm
net3873,12.04µm
net4307,12.04µm
net4381,12.04µm
_06793_,12.02µm
_07859_,12.02µm
_08586_,12.02µm
u_core.u_dmem.ram\[26\]\[6\],12.02µm
u_core.u_dmem.ram\[2\]\[6\],12.02µm
net3112,12.02µm
net4086,12.02µm
net4305,12.02µm
_05176_,12µm
_05737_,12µm
_05773_,12µm
_06280_,12µm
u_core.u_dmem.ram\[25\]\[31\],12µm
u_core.u_dmem.ram\[36\]\[11\],12µm
u_core.u_dmem.ram\[44\]\[1\],12µm
u_core.u_dmem.ram\[55\]\[26\],12µm
net2567,12µm
net2832,12µm
net2974,12µm
net3605,12µm
net3631,12µm
net3802,12µm
net4592,12µm
net4627,12µm
_04953_,11.98µm
_05982_,11.98µm
net3468,11.98µm
net3561,11.98µm
net3795,11.98µm
net4193,11.98µm
net5394,11.98µm
_08971_,11.97µm
_01076_,11.965µm
_03990_,11.96µm
_04122_,11.96µm
_04341_,11.96µm
_04912_,11.96µm
_06284_,11.96µm
u_core.u_dmem.ram\[12\]\[22\],11.96µm
u_core.u_dmem.ram\[17\]\[9\],11.96µm
u_core.u_dmem.ram\[21\]\[19\],11.96µm
u_core.u_dmem.ram\[21\]\[7\],11.96µm
u_core.u_dmem.ram\[23\]\[30\],11.96µm
u_core.u_dmem.ram\[32\]\[3\],11.96µm
u_core.u_dmem.ram\[35\]\[5\],11.96µm
u_core.u_dmem.ram\[36\]\[25\],11.96µm
u_core.u_dmem.ram\[50\]\[0\],11.96µm
net3830,11.96µm
net4300,11.96µm
_04875_,11.955µm
_00018_,11.94µm
_01931_,11.94µm
_03779_,11.94µm
_05305_,11.94µm
_06866_,11.94µm
_08797_,11.94µm
u_core.u_dmem.ram\[39\]\[18\],11.94µm
u_core.u_dmem.ram\[7\]\[0\],11.94µm
net3111,11.94µm
net3398,11.94µm
net4010,11.94µm
net4507,11.94µm
net4758,11.94µm
net5366,11.94µm
net5428,11.94µm
_03842_,11.92µm
_04791_,11.92µm
_05387_,11.92µm
_07263_,11.92µm
_07435_,11.92µm
_07815_,11.92µm
_08780_,11.92µm
u_core.u_dmem.ram\[0\]\[28\],11.92µm
u_core.u_dmem.ram\[23\]\[17\],11.92µm
u_core.u_dmem.ram\[23\]\[23\],11.92µm
u_core.u_dmem.ram\[24\]\[12\],11.92µm
u_core.u_dmem.ram\[30\]\[8\],11.92µm
u_core.u_dmem.ram\[36\]\[19\],11.92µm
u_core.u_dmem.ram\[3\]\[25\],11.92µm
u_core.u_dmem.ram\[47\]\[31\],11.92µm
u_core.u_dmem.ram\[57\]\[13\],11.92µm
u_core.u_dmem.ram\[60\]\[25\],11.92µm
u_core.u_dmem.ram\[26\]\[11\],11.91µm
_05960_,11.9µm
_07795_,11.9µm
_07852_,11.9µm
u_core.u_regfile.regs\[1\]\[24\],11.9µm
net3408,11.9µm
net3648,11.9µm
_04660_,11.88µm
_05515_,11.88µm
_08370_,11.88µm
u_core.u_dmem.ram\[11\]\[26\],11.88µm
u_core.u_dmem.ram\[45\]\[31\],11.88µm
u_core.u_dmem.ram\[55\]\[29\],11.88µm
u_core.u_dmem.ram\[63\]\[27\],11.88µm
net3177,11.88µm
net3306,11.88µm
net3969,11.88µm
net4218,11.88µm
net4609,11.88µm
net5149,11.88µm
net3428,11.86µm
_07316_,11.84µm
u_core.u_dmem.ram\[21\]\[5\],11.84µm
u_core.u_dmem.ram\[29\]\[11\],11.84µm
u_core.u_dmem.ram\[39\]\[7\],11.84µm
u_core.u_dmem.ram\[55\]\[6\],11.84µm
u_core.u_dmem.ram\[61\]\[12\],11.84µm
u_core.u_dmem.ram\[61\]\[7\],11.84µm
u_core.u_regfile.regs\[3\]\[30\],11.84µm
_03659_,11.82µm
_06892_,11.82µm
_07680_,11.82µm
_08757_,11.82µm
net5244,11.82µm
_06286_,11.81µm
_03797_,11.805µm
_04567_,11.8µm
_05503_,11.8µm
_06442_,11.8µm
_08846_,11.8µm
u_core.u_dmem.ram\[50\]\[12\],11.795µm
_07990_,11.79µm
_07148_,11.78µm
_07240_,11.78µm
_07362_,11.78µm
_07616_,11.78µm
_08766_,11.78µm
u_core.u_dmem.ram\[37\]\[0\],11.78µm
net4280,11.78µm
u_core.u_dmem.ram\[63\]\[16\],11.77µm
_05237_,11.76µm
_05816_,11.76µm
net4940,11.76µm
net5066,11.76µm
net5133,11.76µm
u_core.u_dmem.ram\[17\]\[26\],11.755µm
_03929_,11.74µm
_04769_,11.74µm
_06592_,11.74µm
_07969_,11.74µm
u_core.u_dmem.ram\[10\]\[8\],11.74µm
u_core.u_dmem.ram\[13\]\[12\],11.74µm
u_core.u_dmem.ram\[51\]\[6\],11.74µm
u_core.u_dmem.ram\[63\]\[1\],11.74µm
u_core.u_regfile.regs\[5\]\[21\],11.74µm
_03146_,11.72µm
_06056_,11.72µm
_06520_,11.72µm
_07154_,11.72µm
u_core.u_dmem.ram\[43\]\[13\],11.72µm
u_core.u_dmem.ram\[5\]\[26\],11.72µm
_08758_,11.705µm
_04095_,11.7µm
_05213_,11.7µm
_06337_,11.7µm
_06526_,11.7µm
_06791_,11.7µm
_07073_,11.7µm
_07721_,11.7µm
_08328_,11.7µm
_08782_,11.7µm
_09022_,11.7µm
u_core.u_dmem.ram\[28\]\[0\],11.7µm
net3007,11.7µm
net4202,11.7µm
net4513,11.7µm
net4634,11.7µm
net4756,11.7µm
net5407,11.7µm
_00620_,11.685µm
_04620_,11.68µm
_07831_,11.68µm
net4499,11.68µm
_01615_,11.675µm
_00909_,11.665µm
_04545_,11.66µm
_04731_,11.66µm
_05411_,11.66µm
_06042_,11.66µm
_06628_,11.66µm
_08836_,11.66µm
u_core.u_dmem.ram\[62\]\[25\],11.66µm
net2887,11.66µm
net2930,11.66µm
net3029,11.66µm
net3290,11.66µm
net4873,11.66µm
net4946,11.66µm
net5110,11.66µm
_05584_,11.64µm
_07716_,11.64µm
_08427_,11.64µm
_08702_,11.64µm
u_core.u_dmem.ram\[37\]\[18\],11.64µm
u_core.u_dmem.ram\[37\]\[7\],11.64µm
u_core.u_dmem.ram\[40\]\[26\],11.64µm
u_core.u_dmem.ram\[4\]\[31\],11.64µm
u_core.u_dmem.ram\[54\]\[24\],11.64µm
_03986_,11.62µm
_04689_,11.62µm
_04744_,11.62µm
_05403_,11.62µm
_06257_,11.62µm
_06832_,11.62µm
_07251_,11.62µm
_07470_,11.62µm
u_core.u_dmem.ram\[33\]\[22\],11.62µm
u_core.u_dmem.ram\[62\]\[13\],11.62µm
net5074,11.62µm
_05795_,11.615µm
_03390_,11.6µm
_03843_,11.6µm
_06684_,11.6µm
_07685_,11.6µm
_08087_,11.6µm
u_core.u_dmem.ram\[51\]\[14\],11.6µm
net2756,11.6µm
net3285,11.6µm
_03776_,11.58µm
_06037_,11.58µm
_06172_,11.58µm
_06250_,11.58µm
_06601_,11.58µm
_06781_,11.58µm
_07173_,11.58µm
_07850_,11.58µm
_08009_,11.58µm
_08640_,11.58µm
u_core.u_dmem.ram\[11\]\[2\],11.58µm
u_core.u_dmem.ram\[29\]\[2\],11.58µm
u_core.u_dmem.ram\[54\]\[5\],11.58µm
u_core.u_dmem.ram\[63\]\[15\],11.58µm
net2606,11.58µm
net3828,11.58µm
net4476,11.58µm
_05222_,11.56µm
u_core.u_dmem.ram\[44\]\[6\],11.56µm
net3242,11.56µm
net4783,11.56µm
net5378,11.56µm
net2470,11.55µm
_02670_,11.545µm
_01458_,11.54µm
_03394_,11.54µm
_06497_,11.54µm
_07855_,11.54µm
u_core.u_dmem.ram\[10\]\[13\],11.54µm
u_core.u_dmem.ram\[17\]\[12\],11.54µm
u_core.u_dmem.ram\[41\]\[29\],11.54µm
net4102,11.54µm
net4243,11.54µm
net5391,11.54µm
_04740_,11.52µm
_06947_,11.52µm
net3813,11.52µm
net4063,11.52µm
net4338,11.52µm
_00798_,11.505µm
_03605_,11.5µm
_03993_,11.5µm
_04278_,11.5µm
_04705_,11.5µm
_05286_,11.5µm
_05791_,11.5µm
_06093_,11.5µm
_07798_,11.5µm
_07950_,11.5µm
_08433_,11.5µm
_08466_,11.5µm
u_core.u_dmem.ram\[14\]\[29\],11.5µm
u_core.u_dmem.ram\[22\]\[28\],11.5µm
u_core.u_dmem.ram\[26\]\[5\],11.5µm
u_core.u_dmem.ram\[2\]\[16\],11.5µm
u_core.u_dmem.ram\[54\]\[13\],11.5µm
u_core.u_dmem.ram\[5\]\[11\],11.5µm
u_core.u_dmem.ram\[6\]\[2\],11.5µm
u_core.u_dmem.ram\[8\]\[0\],11.5µm
u_core.u_regfile.regs\[20\]\[15\],11.5µm
u_core.u_regfile.regs\[30\]\[17\],11.5µm
net2577,11.5µm
_01827_,11.48µm
_08516_,11.48µm
u_core.u_dmem.ram\[31\]\[18\],11.48µm
u_core.u_dmem.ram\[6\]\[6\],11.48µm
net3664,11.48µm
net5183,11.48µm
_04631_,11.46µm
_05555_,11.46µm
_06858_,11.46µm
_07342_,11.46µm
_08430_,11.46µm
u_core.u_dmem.ram\[16\]\[1\],11.46µm
u_core.u_dmem.ram\[21\]\[28\],11.46µm
u_core.u_dmem.ram\[25\]\[12\],11.46µm
u_core.u_dmem.ram\[2\]\[5\],11.46µm
u_core.u_dmem.ram\[48\]\[0\],11.46µm
u_core.u_dmem.ram\[56\]\[8\],11.46µm
net4370,11.46µm
_00851_,11.455µm
u_core.u_dmem.ram\[13\]\[16\],11.45µm
_02446_,11.445µm
u_core.u_dmem.ram\[28\]\[19\],11.44µm
net3346,11.44µm
net3511,11.44µm
net3704,11.44µm
net3838,11.44µm
net4535,11.44µm
u_core.u_dmem.ram\[63\]\[25\],11.43µm
_01721_,11.425µm
_01875_,11.425µm
_04165_,11.42µm
u_core.u_dmem.ram\[39\]\[1\],11.42µm
u_core.u_dmem.ram\[47\]\[25\],11.42µm
net3426,11.42µm
net4815,11.42µm
_05315_,11.4µm
_06782_,11.4µm
_07391_,11.4µm
_08137_,11.4µm
_08560_,11.4µm
_08759_,11.4µm
_08841_,11.4µm
net2593,11.4µm
net3378,11.4µm
net3753,11.4µm
_03893_,11.38µm
_05397_,11.38µm
_05440_,11.38µm
_05579_,11.38µm
_06763_,11.38µm
_07952_,11.38µm
_09136_,11.38µm
u_core.u_dmem.ram\[21\]\[12\],11.38µm
u_core.u_dmem.ram\[40\]\[14\],11.38µm
u_core.u_dmem.ram\[41\]\[9\],11.38µm
u_core.u_dmem.ram\[42\]\[14\],11.38µm
u_core.u_dmem.ram\[43\]\[19\],11.38µm
u_core.u_dmem.ram\[44\]\[14\],11.38µm
_01235_,11.375µm
_01773_,11.365µm
_02528_,11.365µm
_03671_,11.36µm
_03894_,11.36µm
_05903_,11.36µm
_08242_,11.36µm
_08629_,11.36µm
u_core.u_dmem.ram\[29\]\[19\],11.36µm
net4666,11.36µm
net4887,11.36µm
u_core.u_dmem.ram\[16\]\[27\],11.35µm
u_core.u_dmem.ram\[12\]\[3\],11.345µm
u_core.u_dmem.ram\[31\]\[9\],11.345µm
_04412_,11.34µm
_05921_,11.34µm
_06050_,11.34µm
_06066_,11.34µm
u_core.u_dmem.ram\[56\]\[31\],11.34µm
net2041,11.34µm
net4875,11.34µm
_00105_,11.335µm
_01493_,11.335µm
_02057_,11.335µm
u_core.u_dmem.ram\[37\]\[1\],11.33µm
_01523_,11.32µm
_05248_,11.32µm
_06412_,11.32µm
_07433_,11.32µm
u_core.u_dmem.ram\[50\]\[8\],11.32µm
_04844_,11.31µm
_00673_,11.305µm
_00928_,11.305µm
_03410_,11.3µm
_08500_,11.3µm
net4908,11.3µm
net949,11.295µm
_00542_,11.285µm
_07958_,11.28µm
u_core.u_dmem.ram\[48\]\[20\],11.28µm
net5525,11.28µm
u_core.u_dmem.ram\[60\]\[13\],11.27µm
_05139_,11.26µm
_05230_,11.26µm
_07037_,11.26µm
_07823_,11.26µm
u_core.u_dmem.ram\[4\]\[19\],11.26µm
u_core.u_dmem.ram\[3\]\[11\],11.245µm
_03670_,11.24µm
_04127_,11.24µm
_04436_,11.24µm
_04809_,11.24µm
_06381_,11.24µm
_06873_,11.24µm
_07488_,11.24µm
_07506_,11.24µm
_08371_,11.24µm
_08700_,11.24µm
u_core.u_dmem.ram\[28\]\[8\],11.24µm
u_core.u_dmem.ram\[31\]\[13\],11.24µm
net2638,11.24µm
net2791,11.24µm
net3416,11.24µm
net3418,11.24µm
net3907,11.24µm
net4610,11.24µm
net4612,11.24µm
net5204,11.24µm
net5498,11.24µm
_01768_,11.225µm
_07272_,11.225µm
u_core.u_dmem.ram\[16\]\[18\],11.22µm
u_core.u_dmem.ram\[40\]\[17\],11.215µm
_01700_,11.205µm
_04179_,11.2µm
_04563_,11.2µm
_04788_,11.2µm
_05249_,11.2µm
_05683_,11.2µm
_06055_,11.2µm
_06421_,11.2µm
_06438_,11.2µm
_06501_,11.2µm
_06806_,11.2µm
_07265_,11.2µm
_07543_,11.2µm
_07864_,11.2µm
_08020_,11.2µm
u_core.u_dmem.ram\[11\]\[8\],11.2µm
u_core.u_dmem.ram\[22\]\[5\],11.2µm
u_core.u_dmem.ram\[27\]\[31\],11.2µm
net3596,11.2µm
net3644,11.2µm
net3735,11.2µm
net4221,11.2µm
net4232,11.2µm
net4639,11.2µm
net5274,11.2µm
net5354,11.2µm
net5361,11.2µm
_04498_,11.18µm
_04833_,11.18µm
_08890_,11.18µm
u_core.u_dmem.ram\[17\]\[15\],11.18µm
u_core.u_dmem.ram\[17\]\[20\],11.18µm
u_core.u_dmem.ram\[5\]\[10\],11.18µm
_00931_,11.165µm
_01311_,11.165µm
_04749_,11.16µm
_06777_,11.16µm
_08337_,11.16µm
_08346_,11.16µm
_08487_,11.16µm
u_core.u_dmem.ram\[38\]\[27\],11.16µm
u_core.u_dmem.ram\[56\]\[21\],11.16µm
u_core.u_dmem.ram\[58\]\[16\],11.16µm
u_core.u_regfile.regs\[22\]\[22\],11.16µm
_07138_,11.145µm
_04838_,11.14µm
u_core.u_dmem.ram\[27\]\[2\],11.14µm
u_core.u_dmem.ram\[43\]\[14\],11.14µm
net2682,11.14µm
net2854,11.14µm
net2953,11.14µm
net3455,11.14µm
net4196,11.14µm
net4937,11.14µm
net5470,11.14µm
_02108_,11.135µm
_02570_,11.125µm
_04203_,11.12µm
_04594_,11.12µm
_04606_,11.12µm
_04671_,11.12µm
_07590_,11.12µm
_07717_,11.12µm
_08008_,11.12µm
_08414_,11.12µm
_08776_,11.12µm
u_core.u_dmem.ram\[1\]\[12\],11.12µm
u_core.u_dmem.ram\[44\]\[21\],11.12µm
u_core.u_dmem.ram\[46\]\[6\],11.12µm
u_core.u_dmem.ram\[57\]\[3\],11.12µm
net4294,11.12µm
_01384_,11.115µm
u_core.u_dmem.ram\[14\]\[30\],11.11µm
_04519_,11.1µm
u_core.u_dmem.ram\[52\]\[8\],11.1µm
net2652,11.1µm
net2771,11.1µm
net3300,11.1µm
net3336,11.1µm
net3441,11.1µm
net4279,11.1µm
net4464,11.1µm
net4895,11.1µm
net5178,11.1µm
net5289,11.1µm
u_core.u_dmem.ram\[7\]\[6\],11.095µm
_03780_,11.09µm
_05066_,11.08µm
_07774_,11.08µm
u_core.u_dmem.ram\[0\]\[3\],11.08µm
u_core.u_dmem.ram\[19\]\[5\],11.08µm
u_core.u_dmem.ram\[2\]\[27\],11.08µm
u_core.u_dmem.ram\[48\]\[7\],11.08µm
u_core.u_dmem.ram\[54\]\[8\],11.08µm
u_core.u_dmem.ram\[6\]\[31\],11.08µm
net1900,11.08µm
net2572,11.08µm
net3116,11.08µm
net3243,11.08µm
net3317,11.08µm
net3585,11.08µm
net4087,11.08µm
net5371,11.08µm
_00191_,11.065µm
_01904_,11.065µm
_00369_,11.06µm
_03654_,11.06µm
_04184_,11.06µm
_08272_,11.06µm
u_core.u_dmem.ram\[13\]\[1\],11.06µm
u_core.u_dmem.ram\[44\]\[26\],11.06µm
net3836,11.06µm
net4093,11.06µm
net4223,11.06µm
net4510,11.06µm
net4743,11.06µm
net5540,11.06µm
_05102_,11.04µm
_05368_,11.04µm
_07877_,11.04µm
_08591_,11.04µm
u_core.pc\[31\],11.04µm
u_core.u_dmem.ram\[34\]\[5\],11.04µm
u_core.u_dmem.ram\[36\]\[9\],11.04µm
u_core.u_dmem.ram\[38\]\[8\],11.04µm
u_core.u_dmem.ram\[46\]\[29\],11.04µm
u_core.u_dmem.ram\[47\]\[26\],11.04µm
u_core.u_dmem.ram\[59\]\[17\],11.04µm
net910,11.04µm
net2589,11.04µm
net4738,11.04µm
u_core.u_dmem.ram\[49\]\[21\],11.035µm
u_core.u_dmem.ram\[39\]\[0\],11.03µm
u_core.u_dmem.ram\[51\]\[26\],11.03µm
_00151_,11.025µm
_01368_,11.025µm
_01498_,11.025µm
_01830_,11.025µm
_02894_,11.025µm
_03044_,11.025µm
_04330_,11.02µm
_05717_,11.02µm
_05912_,11.02µm
_08351_,11.02µm
u_core.u_dmem.ram\[30\]\[21\],11.02µm
net3621,11.02µm
net4347,11.02µm
net4374,11.02µm
_00258_,11.005µm
u_core.u_dmem.ram\[13\]\[23\],11.005µm
_03962_,11µm
_04373_,11µm
_04985_,11µm
_07532_,11µm
_08353_,11µm
_08457_,11µm
u_core.u_dmem.ram\[26\]\[30\],11µm
u_core.u_dmem.ram\[61\]\[1\],11µm
u_core.u_dmem.ram\[63\]\[11\],11µm
net4808,11µm
net4920,11µm
net5312,11µm
_00684_,10.995µm
_01644_,10.995µm
_02943_,10.995µm
_00718_,10.985µm
_01239_,10.985µm
_01556_,10.985µm
_06665_,10.98µm
u_core.u_dmem.ram\[37\]\[25\],10.98µm
net2846,10.98µm
net3387,10.98µm
net4139,10.98µm
net4716,10.98µm
net4782,10.98µm
u_core.u_dmem.ram\[9\]\[3\],10.975µm
_00924_,10.965µm
_07974_,10.965µm
_04534_,10.96µm
_05805_,10.96µm
_07736_,10.96µm
_08822_,10.96µm
u_core.u_dmem.ram\[30\]\[23\],10.96µm
u_core.u_dmem.ram\[56\]\[17\],10.96µm
u_core.u_dmem.ram\[56\]\[25\],10.96µm
u_core.u_dmem.ram\[9\]\[11\],10.96µm
net4045,10.96µm
_02189_,10.955µm
u_core.u_dmem.ram\[34\]\[18\],10.95µm
_01361_,10.945µm
_02805_,10.945µm
_07181_,10.94µm
_00111_,10.92µm
_04105_,10.92µm
_07232_,10.92µm
_08306_,10.92µm
_08326_,10.92µm
_08437_,10.92µm
_08568_,10.92µm
_08654_,10.92µm
u_core.u_dmem.ram\[11\]\[1\],10.92µm
u_core.u_dmem.ram\[14\]\[27\],10.92µm
u_core.u_dmem.ram\[15\]\[14\],10.92µm
u_core.u_dmem.ram\[22\]\[23\],10.92µm
u_core.u_dmem.ram\[26\]\[16\],10.92µm
u_core.u_dmem.ram\[27\]\[11\],10.92µm
u_core.u_dmem.ram\[29\]\[10\],10.92µm
u_core.u_dmem.ram\[34\]\[9\],10.92µm
u_core.u_dmem.ram\[42\]\[6\],10.92µm
u_core.u_dmem.ram\[53\]\[23\],10.92µm
u_core.u_dmem.ram\[54\]\[9\],10.92µm
u_core.u_dmem.ram\[14\]\[6\],10.915µm
_03529_,10.9µm
_06149_,10.9µm
_07557_,10.9µm
net830,10.9µm
net1873,10.9µm
_04440_,10.88µm
_04770_,10.88µm
_07574_,10.88µm
_07930_,10.88µm
u_core.u_dmem.ram\[27\]\[24\],10.87µm
_05340_,10.86µm
_05756_,10.86µm
_07133_,10.86µm
_07152_,10.86µm
_07660_,10.86µm
u_core.u_dmem.ram\[11\]\[9\],10.86µm
u_core.u_dmem.ram\[16\]\[13\],10.86µm
u_core.u_dmem.ram\[27\]\[29\],10.86µm
u_core.u_dmem.ram\[27\]\[3\],10.86µm
u_core.u_dmem.ram\[50\]\[10\],10.86µm
u_core.u_dmem.ram\[52\]\[2\],10.86µm
u_core.u_dmem.ram\[60\]\[9\],10.86µm
net3168,10.86µm
net3199,10.86µm
net4182,10.86µm
net4523,10.86µm
net5020,10.86µm
net5293,10.86µm
_03437_,10.855µm
_04837_,10.85µm
_06856_,10.84µm
_07562_,10.84µm
_08850_,10.84µm
net4795,10.84µm
net5413,10.84µm
u_core.u_dmem.ram\[8\]\[18\],10.83µm
_00316_,10.825µm
_01890_,10.825µm
_03422_,10.82µm
_04751_,10.82µm
u_core.u_dmem.ram\[10\]\[2\],10.82µm
u_core.u_dmem.ram\[20\]\[11\],10.82µm
u_core.u_dmem.ram\[23\]\[27\],10.82µm
u_core.u_dmem.ram\[43\]\[23\],10.82µm
_05983_,10.8µm
_07296_,10.8µm
_07522_,10.8µm
_07577_,10.8µm
_08772_,10.8µm
_01993_,10.795µm
u_core.u_dmem.ram\[0\]\[11\],10.795µm
_02696_,10.785µm
_03542_,10.78µm
_04148_,10.78µm
_07894_,10.78µm
_08298_,10.78µm
_08444_,10.78µm
_08541_,10.78µm
net2622,10.78µm
net5262,10.78µm
net5505,10.78µm
_01574_,10.765µm
u_core.u_dmem.ram\[31\]\[2\],10.76µm
u_core.u_dmem.ram\[44\]\[10\],10.76µm
u_core.u_dmem.ram\[24\]\[15\],10.75µm
u_core.u_dmem.ram\[8\]\[25\],10.75µm
_01961_,10.745µm
_03708_,10.74µm
_05194_,10.74µm
_06045_,10.74µm
_06175_,10.74µm
_06969_,10.74µm
_06970_,10.74µm
_07957_,10.74µm
_08209_,10.74µm
u_core.u_dmem.ram\[19\]\[0\],10.74µm
u_core.u_dmem.ram\[42\]\[11\],10.74µm
u_core.u_dmem.ram\[42\]\[27\],10.74µm
net3178,10.74µm
net3255,10.74µm
net3263,10.74µm
net3527,10.74µm
net3711,10.74µm
net3952,10.74µm
net4058,10.74µm
net4126,10.74µm
net4252,10.74µm
net4325,10.74µm
net4489,10.74µm
net4931,10.74µm
net4960,10.74µm
net5073,10.74µm
net5226,10.74µm
_03889_,10.72µm
_08291_,10.72µm
u_core.u_dmem.ram\[55\]\[15\],10.72µm
_05617_,10.715µm
_02020_,10.705µm
_03969_,10.7µm
_04924_,10.7µm
_05567_,10.7µm
_05760_,10.7µm
_06415_,10.7µm
_06685_,10.7µm
_06687_,10.7µm
_07262_,10.7µm
_07396_,10.7µm
_07515_,10.7µm
_07619_,10.7µm
_08675_,10.7µm
u_core.u_dmem.ram\[12\]\[25\],10.7µm
u_core.u_dmem.ram\[30\]\[17\],10.7µm
u_core.u_dmem.ram\[55\]\[22\],10.7µm
u_core.u_dmem.ram\[5\]\[0\],10.7µm
u_core.u_dmem.ram\[60\]\[18\],10.7µm
_01860_,10.685µm
_03479_,10.68µm
_05556_,10.68µm
_07013_,10.68µm
u_core.u_dmem.ram\[33\]\[16\],10.68µm
u_core.u_dmem.ram\[33\]\[25\],10.68µm
u_core.u_dmem.ram\[55\]\[4\],10.68µm
net3691,10.68µm
net4255,10.68µm
net5081,10.68µm
net5135,10.68µm
_08571_,10.665µm
_04790_,10.66µm
_05352_,10.66µm
_06846_,10.66µm
_07552_,10.66µm
_08748_,10.66µm
u_core.u_dmem.ram\[27\]\[13\],10.66µm
net4339,10.66µm
_00843_,10.645µm
net3104,10.64µm
net3188,10.64µm
net3517,10.64µm
net3586,10.64µm
net3697,10.64µm
net3737,10.64µm
net3801,10.64µm
net4103,10.64µm
net4116,10.64µm
net4188,10.64µm
net4360,10.64µm
net4424,10.64µm
net4589,10.64µm
net4624,10.64µm
net5189,10.64µm
net5201,10.64µm
net5243,10.64µm
u_core.u_dmem.ram\[6\]\[3\],10.63µm
_01617_,10.625µm
_03452_,10.62µm
_03747_,10.62µm
_03805_,10.62µm
_04502_,10.62µm
_04661_,10.62µm
_04767_,10.62µm
_05319_,10.62µm
_05899_,10.62µm
_07723_,10.62µm
_08333_,10.62µm
u_core.u_dmem.ram\[10\]\[23\],10.62µm
u_core.u_dmem.ram\[16\]\[3\],10.62µm
u_core.u_dmem.ram\[23\]\[5\],10.62µm
u_core.u_dmem.ram\[23\]\[6\],10.62µm
u_core.u_dmem.ram\[38\]\[14\],10.62µm
u_core.u_dmem.ram\[38\]\[31\],10.62µm
u_core.u_dmem.ram\[3\]\[1\],10.62µm
u_core.u_dmem.ram\[40\]\[29\],10.62µm
u_core.u_dmem.ram\[49\]\[14\],10.62µm
net2629,10.62µm
net3331,10.62µm
net3944,10.62µm
net4354,10.62µm
net4492,10.62µm
net4899,10.62µm
u_core.u_dmem.ram\[57\]\[30\],10.61µm
_05987_,10.6µm
_06194_,10.6µm
_06804_,10.6µm
_07684_,10.6µm
u_core.u_dmem.ram\[56\]\[27\],10.6µm
net2746,10.6µm
net3222,10.6µm
net3893,10.6µm
net4749,10.6µm
_08065_,10.59µm
_05793_,10.585µm
_03745_,10.58µm
_05581_,10.58µm
_05789_,10.58µm
_07358_,10.58µm
_08220_,10.58µm
u_core.u_dmem.ram\[13\]\[15\],10.58µm
u_core.u_dmem.ram\[15\]\[10\],10.58µm
u_core.u_dmem.ram\[1\]\[21\],10.58µm
u_core.u_dmem.ram\[30\]\[15\],10.58µm
u_core.u_dmem.ram\[32\]\[26\],10.58µm
u_core.u_dmem.ram\[42\]\[28\],10.58µm
u_core.u_dmem.ram\[50\]\[5\],10.58µm
u_core.u_dmem.ram\[51\]\[19\],10.58µm
u_core.u_dmem.ram\[5\]\[18\],10.58µm
u_core.u_dmem.ram\[62\]\[8\],10.58µm
u_core.u_dmem.ram\[9\]\[21\],10.58µm
net2615,10.58µm
net2642,10.58µm
net4747,10.58µm
net5085,10.58µm
u_core.u_dmem.ram\[49\]\[23\],10.575µm
u_core.u_dmem.ram\[1\]\[15\],10.57µm
_00088_,10.565µm
_03366_,10.56µm
_04207_,10.56µm
_05042_,10.56µm
_05628_,10.56µm
_06840_,10.56µm
_08081_,10.56µm
u_core.u_dmem.ram\[36\]\[15\],10.56µm
u_core.u_dmem.ram\[37\]\[19\],10.56µm
u_core.u_dmem.ram\[56\]\[5\],10.56µm
net3736,10.56µm
net4323,10.56µm
_00773_,10.555µm
ui_in[6],10.55µm
_03621_,10.54µm
_04701_,10.54µm
_05177_,10.54µm
_05637_,10.54µm
_07778_,10.54µm
_08954_,10.54µm
u_core.u_dmem.ram\[39\]\[3\],10.54µm
u_core.u_dmem.ram\[42\]\[1\],10.54µm
_07741_,10.535µm
u_core.u_dmem.ram\[4\]\[23\],10.53µm
u_core.u_dmem.ram\[6\]\[12\],10.53µm
_00722_,10.525µm
_08823_,10.525µm
_05203_,10.52µm
_06502_,10.52µm
_08321_,10.52µm
_08721_,10.52µm
u_core.u_regfile.regs\[7\]\[26\],10.52µm
net2639,10.52µm
net3066,10.52µm
net3350,10.52µm
net3509,10.52µm
net3667,10.52µm
net5228,10.52µm
_02484_,10.505µm
_03389_,10.5µm
_06065_,10.5µm
_08984_,10.5µm
u_core.u_dmem.ram\[32\]\[9\],10.5µm
u_core.u_dmem.ram\[3\]\[30\],10.5µm
u_core.u_dmem.ram\[53\]\[30\],10.5µm
u_core.u_dmem.ram\[56\]\[13\],10.5µm
u_core.u_dmem.ram\[58\]\[27\],10.5µm
u_core.u_dmem.ram\[61\]\[22\],10.5µm
u_core.u_dmem.ram\[7\]\[22\],10.5µm
net3246,10.5µm
net4999,10.5µm
_01471_,10.485µm
_01474_,10.485µm
_02262_,10.485µm
_07812_,10.48µm
_08723_,10.48µm
_08030_,10.475µm
_03870_,10.46µm
_04210_,10.46µm
_04211_,10.46µm
_05828_,10.46µm
_06532_,10.46µm
_06918_,10.46µm
_07679_,10.46µm
_08179_,10.46µm
_08354_,10.46µm
u_core.u_dmem.ram\[42\]\[12\],10.46µm
u_core.u_dmem.ram\[45\]\[26\],10.46µm
u_core.u_dmem.ram\[56\]\[24\],10.46µm
u_core.u_dmem.ram\[7\]\[25\],10.46µm
net2556,10.46µm
net3099,10.46µm
u_core.u_dmem.ram\[1\]\[6\],10.45µm
u_core.u_dmem.ram\[28\]\[24\],10.45µm
_02674_,10.445µm
_04419_,10.44µm
_05944_,10.44µm
_06218_,10.44µm
_06455_,10.44µm
_08312_,10.44µm
_08317_,10.44µm
_08820_,10.44µm
u_core.u_dmem.ram\[3\]\[3\],10.44µm
u_core.u_dmem.ram\[9\]\[7\],10.44µm
net1774,10.44µm
net4034,10.44µm
net4560,10.44µm
net5140,10.44µm
_07092_,10.43µm
_02320_,10.42µm
_01342_,10.415µm
_03091_,10.415µm
u_core.u_dmem.ram\[39\]\[26\],10.415µm
_03368_,10.4µm
_03760_,10.4µm
_06265_,10.4µm
u_core.u_dmem.ram\[31\]\[11\],10.4µm
net3698,10.4µm
net4290,10.4µm
u_core.u_dmem.ram\[47\]\[27\],10.395µm
_01350_,10.385µm
_07238_,10.385µm
_03401_,10.38µm
_04080_,10.38µm
_04549_,10.38µm
_06982_,10.38µm
_07288_,10.38µm
_08338_,10.38µm
_08661_,10.38µm
u_core.u_dmem.ram\[15\]\[9\],10.38µm
_01997_,10.365µm
_02117_,10.365µm
_02665_,10.365µm
_02773_,10.365µm
_03755_,10.36µm
_05405_,10.36µm
_07035_,10.36µm
_07203_,10.36µm
u_core.u_dmem.ram\[1\]\[25\],10.36µm
u_core.u_dmem.ram\[21\]\[3\],10.36µm
u_core.u_dmem.ram\[34\]\[17\],10.36µm
u_core.u_dmem.ram\[38\]\[7\],10.36µm
u_core.u_dmem.ram\[39\]\[4\],10.36µm
u_core.u_dmem.ram\[40\]\[5\],10.36µm
u_core.u_dmem.ram\[43\]\[31\],10.36µm
u_core.u_dmem.ram\[43\]\[4\],10.36µm
u_core.u_dmem.ram\[44\]\[25\],10.36µm
uo_out[6],10.35µm
_08830_,10.345µm
_04369_,10.34µm
_05790_,10.34µm
_06271_,10.34µm
_06634_,10.34µm
_07453_,10.34µm
_07724_,10.34µm
_08320_,10.34µm
_08344_,10.34µm
_00556_,10.325µm
_00574_,10.325µm
_01252_,10.325µm
_06044_,10.325µm
_03416_,10.32µm
_03684_,10.32µm
_03811_,10.32µm
_03985_,10.32µm
_03988_,10.32µm
_04043_,10.32µm
_04234_,10.32µm
_04483_,10.32µm
_06342_,10.32µm
_06428_,10.32µm
_08714_,10.32µm
net865,10.32µm
net2894,10.32µm
net3357,10.32µm
net3660,10.32µm
net4630,10.32µm
net4814,10.32µm
net5295,10.32µm
net5303,10.32µm
net5374,10.32µm
_05099_,10.3µm
_08233_,10.3µm
u_core.u_dmem.ram\[13\]\[3\],10.3µm
u_core.u_dmem.ram\[30\]\[6\],10.3µm
u_core.u_dmem.ram\[40\]\[30\],10.29µm
_01242_,10.285µm
_03395_,10.28µm
_03472_,10.28µm
_04310_,10.28µm
_04424_,10.28µm
_05075_,10.28µm
_05533_,10.28µm
_05735_,10.28µm
_06332_,10.28µm
_06595_,10.28µm
_07104_,10.28µm
_08623_,10.28µm
u_core.u_dmem.ram\[57\]\[14\],10.28µm
u_core.u_dmem.ram\[61\]\[4\],10.28µm
net2733,10.28µm
net2798,10.28µm
net3234,10.28µm
net3601,10.28µm
net3658,10.28µm
net4158,10.28µm
net4234,10.28µm
net4683,10.28µm
net5450,10.28µm
net5539,10.28µm
u_core.u_dmem.ram\[27\]\[22\],10.275µm
_05914_,10.26µm
_07147_,10.26µm
_07292_,10.26µm
_07822_,10.26µm
_07860_,10.26µm
u_core.u_dmem.ram\[1\]\[24\],10.26µm
_03699_,10.24µm
_03846_,10.24µm
_04102_,10.24µm
_04348_,10.24µm
_04583_,10.24µm
_04799_,10.24µm
_05946_,10.24µm
_06694_,10.24µm
_07247_,10.24µm
_07386_,10.24µm
_07569_,10.24µm
_08436_,10.24µm
u_core.u_dmem.ram\[14\]\[15\],10.24µm
u_core.u_dmem.ram\[3\]\[24\],10.24µm
u_core.u_regfile.regs\[6\]\[19\],10.24µm
_00634_,10.225µm
_01517_,10.225µm
u_core.u_dmem.ram\[17\]\[17\],10.22µm
u_core.u_dmem.ram\[32\]\[21\],10.22µm
net3435,10.22µm
net4717,10.22µm
net5024,10.22µm
net5121,10.22µm
_03761_,10.2µm
_03952_,10.2µm
_04252_,10.2µm
_04427_,10.2µm
_04845_,10.2µm
_05857_,10.2µm
_06026_,10.2µm
_06647_,10.2µm
u_core.u_dmem.ram\[23\]\[24\],10.2µm
u_core.u_dmem.ram\[37\]\[28\],10.2µm
u_core.u_dmem.ram\[5\]\[25\],10.2µm
net1374,10.2µm
net2909,10.2µm
net2979,10.2µm
net4113,10.2µm
u_core.u_dmem.ram\[20\]\[20\],10.19µm
_01567_,10.18µm
_04109_,10.18µm
_06242_,10.18µm
_06440_,10.18µm
net3321,10.18µm
net3580,10.18µm
net3911,10.18µm
net4274,10.18µm
net4703,10.18µm
net4855,10.18µm
net4874,10.18µm
net5017,10.18µm
net5103,10.18µm
net5159,10.18µm
net5348,10.18µm
u_core.u_dmem.ram\[25\]\[18\],10.17µm
_00695_,10.165µm
_02562_,10.165µm
_03266_,10.16µm
_03704_,10.16µm
_04171_,10.16µm
_04625_,10.16µm
_04664_,10.16µm
_05144_,10.16µm
_05385_,10.16µm
_09060_,10.16µm
_09094_,10.16µm
u_core.u_dmem.ram\[11\]\[10\],10.16µm
u_core.u_dmem.ram\[15\]\[11\],10.16µm
u_core.u_dmem.ram\[17\]\[5\],10.16µm
u_core.u_dmem.ram\[26\]\[0\],10.16µm
u_core.u_dmem.ram\[33\]\[5\],10.16µm
u_core.u_dmem.ram\[35\]\[14\],10.16µm
u_core.u_dmem.ram\[39\]\[2\],10.16µm
u_core.u_dmem.ram\[39\]\[8\],10.16µm
u_core.u_dmem.ram\[43\]\[0\],10.16µm
u_core.u_dmem.ram\[54\]\[2\],10.16µm
u_core.u_dmem.ram\[61\]\[5\],10.16µm
u_core.u_dmem.ram\[8\]\[11\],10.16µm
net1098,10.16µm
net2665,10.16µm
net2842,10.16µm
net3475,10.16µm
net3965,10.16µm
net5529,10.16µm
u_core.u_dmem.ram\[17\]\[22\],10.155µm
_01362_,10.145µm
_01563_,10.14µm
_01939_,10.14µm
_08176_,10.14µm
net3412,10.14µm
net4219,10.14µm
net4638,10.14µm
net5053,10.14µm
net5423,10.14µm
_00017_,10.12µm
_04522_,10.12µm
_04700_,10.12µm
_08307_,10.12µm
u_core.u_dmem.ram\[14\]\[2\],10.12µm
u_core.u_dmem.ram\[23\]\[4\],10.12µm
u_core.u_dmem.ram\[27\]\[17\],10.12µm
u_core.u_dmem.ram\[28\]\[11\],10.12µm
u_core.u_dmem.ram\[45\]\[28\],10.12µm
u_core.u_dmem.ram\[48\]\[10\],10.12µm
u_core.u_dmem.ram\[4\]\[12\],10.12µm
u_core.u_dmem.ram\[57\]\[2\],10.12µm
u_core.u_dmem.ram\[59\]\[16\],10.12µm
u_core.u_dmem.ram\[8\]\[2\],10.12µm
net2640,10.12µm
net2810,10.12µm
net2925,10.12µm
net3349,10.12µm
net3380,10.12µm
net3763,10.12µm
net4096,10.12µm
net4742,10.12µm
net5542,10.12µm
_01730_,10.105µm
_02676_,10.105µm
net3063,10.1µm
net3885,10.1µm
net4019,10.1µm
net4465,10.1µm
net4485,10.1µm
net5177,10.1µm
u_core.u_dmem.ram\[25\]\[3\],10.09µm
ui_in[0],10.09µm
ui_in[4],10.09µm
_04406_,10.08µm
_04553_,10.08µm
u_core.u_dmem.ram\[50\]\[1\],10.08µm
u_core.u_regfile.regs\[6\]\[17\],10.08µm
net3617,10.08µm
net3629,10.08µm
net4225,10.08µm
net4719,10.08µm
_06997_,10.075µm
_00276_,10.065µm
_02089_,10.065µm
_04669_,10.06µm
net2623,10.06µm
net2625,10.06µm
net2739,10.06µm
net3245,10.06µm
net3355,10.06µm
net3785,10.06µm
net4731,10.06µm
net4872,10.06µm
net5079,10.06µm
_04473_,10.04µm
_05336_,10.04µm
_07772_,10.04µm
u_core.u_dmem.ram\[11\]\[24\],10.04µm
u_core.u_dmem.ram\[15\]\[5\],10.04µm
u_core.u_dmem.ram\[39\]\[12\],10.04µm
u_core.u_dmem.ram\[49\]\[10\],10.04µm
u_core.u_dmem.ram\[53\]\[28\],10.04µm
u_core.u_dmem.ram\[6\]\[21\],10.04µm
net3526,10.04µm
net4028,10.04µm
_05173_,10.035µm
_00352_,10.02µm
_06162_,10.02µm
_08666_,10.02µm
_00116_,10.005µm
_02220_,10.005µm
_02242_,10.005µm
u_core.u_dmem.ram\[58\]\[22\],10.005µm
_04546_,10µm
_05126_,10µm
_07014_,10µm
_07356_,10µm
_07698_,10µm
_08518_,10µm
u_core.u_dmem.ram\[32\]\[28\],10µm
u_core.u_dmem.ram\[50\]\[14\],10µm
u_core.u_dmem.ram\[52\]\[0\],10µm
net2569,10µm
net2858,10µm
net3864,10µm
net5199,10µm
_00326_,9.995µm
_02246_,9.985µm
_02937_,9.985µm
_03402_,9.98µm
_04125_,9.98µm
_05516_,9.98µm
_06559_,9.98µm
_06844_,9.98µm
_07216_,9.98µm
_07621_,9.98µm
_08392_,9.98µm
_08631_,9.98µm
u_core.u_dmem.ram\[34\]\[4\],9.98µm
u_core.u_dmem.ram\[62\]\[23\],9.98µm
net2834,9.98µm
net4365,9.98µm
net5255,9.98µm
_04486_,9.96µm
_05096_,9.96µm
_05297_,9.96µm
_08475_,9.96µm
net2917,9.96µm
net4021,9.96µm
net5561,9.96µm
_07030_,9.95µm
_01663_,9.945µm
_02708_,9.945µm
_03505_,9.94µm
_04717_,9.94µm
_05283_,9.94µm
_06468_,9.94µm
_07573_,9.94µm
u_core.u_dmem.ram\[26\]\[23\],9.94µm
u_core.u_dmem.ram\[38\]\[26\],9.94µm
u_core.u_dmem.ram\[40\]\[25\],9.94µm
u_core.u_dmem.ram\[41\]\[1\],9.94µm
u_core.u_dmem.ram\[48\]\[21\],9.94µm
u_core.u_dmem.ram\[48\]\[9\],9.94µm
u_core.u_dmem.ram\[49\]\[0\],9.94µm
u_core.u_dmem.ram\[50\]\[9\],9.94µm
u_core.u_dmem.ram\[51\]\[15\],9.94µm
u_core.u_dmem.ram\[53\]\[7\],9.94µm
u_core.u_dmem.ram\[60\]\[11\],9.94µm
net3054,9.94µm
net3473,9.94µm
net3854,9.94µm
net5360,9.94µm
_03513_,9.92µm
_05130_,9.92µm
_06931_,9.92µm
_07239_,9.92µm
_01066_,9.915µm
_00476_,9.905µm
_00562_,9.905µm
_00787_,9.905µm
_02114_,9.905µm
_05429_,9.9µm
_05677_,9.9µm
_06491_,9.9µm
_06916_,9.9µm
_07051_,9.9µm
_07465_,9.9µm
_08024_,9.9µm
_08681_,9.9µm
_08781_,9.9µm
u_core.u_dmem.ram\[16\]\[22\],9.9µm
u_core.u_dmem.ram\[19\]\[3\],9.9µm
u_core.u_dmem.ram\[29\]\[31\],9.9µm
u_core.u_dmem.ram\[31\]\[10\],9.9µm
u_core.u_dmem.ram\[31\]\[6\],9.9µm
u_core.u_dmem.ram\[33\]\[24\],9.9µm
u_core.u_dmem.ram\[41\]\[23\],9.9µm
u_core.u_dmem.ram\[42\]\[20\],9.9µm
u_core.u_dmem.ram\[50\]\[27\],9.9µm
u_core.u_dmem.ram\[55\]\[19\],9.9µm
_08316_,9.885µm
_08856_,9.885µm
_03735_,9.88µm
_05199_,9.88µm
u_core.u_dmem.ram\[11\]\[15\],9.88µm
net2644,9.88µm
_04722_,9.875µm
_05012_,9.875µm
_05591_,9.87µm
_00288_,9.865µm
_01194_,9.865µm
_02722_,9.865µm
_07365_,9.865µm
_03800_,9.86µm
_03855_,9.86µm
_05598_,9.86µm
_06075_,9.86µm
_06266_,9.86µm
_07385_,9.86µm
_07523_,9.86µm
_07682_,9.86µm
net2632,9.86µm
net2710,9.86µm
net3176,9.86µm
net3531,9.86µm
net3614,9.86µm
net3619,9.86µm
net4057,9.86µm
net4115,9.86µm
net4671,9.86µm
net4904,9.86µm
net5331,9.86µm
_05145_,9.845µm
_04383_,9.84µm
u_core.u_dmem.ram\[53\]\[11\],9.84µm
net3568,9.84µm
_00016_,9.835µm
u_core.u_dmem.ram\[14\]\[22\],9.83µm
_01861_,9.825µm
_01900_,9.825µm
_02065_,9.825µm
_02116_,9.825µm
_02471_,9.825µm
_03057_,9.825µm
_04076_,9.82µm
_04188_,9.82µm
_05347_,9.82µm
_05665_,9.82µm
_05909_,9.82µm
_06040_,9.82µm
_06366_,9.82µm
_06477_,9.82µm
_06757_,9.82µm
_08251_,9.82µm
_08594_,9.82µm
_09182_,9.82µm
u_core.u_dmem.ram\[14\]\[25\],9.82µm
u_core.u_dmem.ram\[22\]\[24\],9.82µm
u_core.u_dmem.ram\[35\]\[12\],9.82µm
u_core.u_dmem.ram\[41\]\[0\],9.82µm
u_core.u_dmem.ram\[48\]\[6\],9.82µm
u_core.u_dmem.ram\[63\]\[19\],9.82µm
net1197,9.82µm
net2984,9.82µm
net3153,9.82µm
net3155,9.82µm
net3281,9.82µm
net3320,9.82µm
net3323,9.82µm
net3399,9.82µm
net3493,9.82µm
net4440,9.82µm
net4958,9.82µm
net5070,9.82µm
net5215,9.82µm
net5248,9.82µm
_05122_,9.8µm
_06456_,9.8µm
u_core.u_dmem.ram\[11\]\[6\],9.8µm
u_core.u_dmem.ram\[44\]\[4\],9.8µm
_01193_,9.785µm
_01446_,9.785µm
_03404_,9.78µm
_03675_,9.78µm
_05978_,9.78µm
_06692_,9.78µm
_06933_,9.78µm
_06981_,9.78µm
_07269_,9.78µm
_08217_,9.78µm
_08253_,9.78µm
u_core.u_dmem.ram\[23\]\[0\],9.78µm
u_core.u_dmem.ram\[59\]\[29\],9.78µm
u_core.u_dmem.ram\[41\]\[15\],9.77µm
_02460_,9.765µm
_05360_,9.76µm
_06964_,9.76µm
u_core.u_dmem.ram\[24\]\[25\],9.76µm
net3372,9.76µm
net3388,9.76µm
net3560,9.76µm
net3910,9.76µm
net4709,9.76µm
net5497,9.76µm
_02861_,9.755µm
_01557_,9.74µm
_04930_,9.74µm
_05785_,9.74µm
u_core.u_dmem.ram\[24\]\[7\],9.74µm
u_core.u_dmem.ram\[40\]\[19\],9.74µm
u_core.u_dmem.ram\[59\]\[15\],9.74µm
net2151,9.74µm
net2520,9.74µm
net2554,9.74µm
net3521,9.74µm
net3794,9.74µm
net4775,9.74µm
net5170,9.74µm
_01072_,9.735µm
_08297_,9.735µm
u_core.u_dmem.ram\[22\]\[17\],9.73µm
u_core.u_dmem.ram\[27\]\[26\],9.73µm
u_core.u_dmem.ram\[63\]\[22\],9.73µm
_00413_,9.72µm
_02486_,9.72µm
u_core.u_dmem.ram\[51\]\[10\],9.72µm
net2785,9.72µm
net2827,9.72µm
net3030,9.72µm
net3051,9.72µm
net3075,9.72µm
net3091,9.72µm
net3226,9.72µm
net3360,9.72µm
net3447,9.72µm
net3470,9.72µm
net4242,9.72µm
net4406,9.72µm
net4438,9.72µm
net4502,9.72µm
net4604,9.72µm
net5351,9.72µm
net5479,9.72µm
u_core.u_dmem.ram\[34\]\[11\],9.715µm
_00506_,9.705µm
_04185_,9.7µm
_04865_,9.7µm
_05680_,9.7µm
_06100_,9.7µm
_06824_,9.7µm
_07652_,9.7µm
_07960_,9.7µm
_08544_,9.7µm
u_core.u_dmem.ram\[11\]\[27\],9.7µm
u_core.u_dmem.ram\[15\]\[31\],9.7µm
u_core.u_dmem.ram\[29\]\[8\],9.7µm
u_core.u_dmem.ram\[30\]\[26\],9.7µm
u_core.u_dmem.ram\[45\]\[30\],9.7µm
net3573,9.7µm
net3798,9.7µm
net5093,9.7µm
net5342,9.7µm
_03886_,9.68µm
_04389_,9.68µm
_05488_,9.68µm
u_core.u_dmem.ram\[20\]\[31\],9.68µm
net3612,9.68µm
_03793_,9.66µm
_03964_,9.66µm
_04018_,9.66µm
_06169_,9.66µm
_08653_,9.66µm
u_core.u_dmem.ram\[16\]\[28\],9.66µm
u_core.u_dmem.ram\[25\]\[25\],9.66µm
u_core.u_dmem.ram\[25\]\[29\],9.66µm
u_core.u_dmem.ram\[26\]\[14\],9.66µm
u_core.u_dmem.ram\[32\]\[18\],9.66µm
u_core.u_dmem.ram\[35\]\[17\],9.66µm
u_core.u_dmem.ram\[40\]\[16\],9.66µm
u_core.u_dmem.ram\[55\]\[18\],9.66µm
net2672,9.66µm
net2768,9.66µm
net2954,9.66µm
net3028,9.66µm
net3138,9.66µm
net3588,9.66µm
net3719,9.66µm
net3856,9.66µm
net3939,9.66µm
net4146,9.66µm
net4212,9.66µm
net4673,9.66µm
net4723,9.66µm
net4779,9.66µm
net4831,9.66µm
net5217,9.66µm
net5276,9.66µm
net5277,9.66µm
net5382,9.66µm
net5420,9.66µm
u_core.u_dmem.ram\[58\]\[14\],9.655µm
_00417_,9.645µm
_03497_,9.64µm
_06336_,9.64µm
_06436_,9.64µm
_06547_,9.64µm
_07505_,9.64µm
_08756_,9.64µm
u_core.u_dmem.ram\[43\]\[8\],9.64µm
net2671,9.64µm
net3757,9.64µm
net3882,9.64µm
net4553,9.64µm
net4847,9.64µm
u_core.u_dmem.ram\[61\]\[26\],9.63µm
_00481_,9.62µm
_05097_,9.62µm
_06179_,9.62µm
_08258_,9.62µm
_08476_,9.62µm
u_core.u_dmem.ram\[42\]\[4\],9.62µm
net2812,9.62µm
net4632,9.62µm
net4826,9.62µm
_00082_,9.605µm
_00950_,9.605µm
_01430_,9.605µm
_01528_,9.605µm
_02694_,9.605µm
_03573_,9.6µm
_06618_,9.6µm
_07134_,9.6µm
_07799_,9.6µm
_08011_,9.6µm
net2542,9.6µm
net2898,9.6µm
_00735_,9.585µm
_01494_,9.585µm
_06377_,9.58µm
_06630_,9.58µm
u_core.u_dmem.ram\[20\]\[16\],9.58µm
u_core.u_dmem.ram\[20\]\[26\],9.58µm
u_core.u_dmem.ram\[42\]\[13\],9.58µm
u_core.u_dmem.ram\[47\]\[1\],9.58µm
u_core.u_dmem.ram\[58\]\[7\],9.58µm
u_core.u_dmem.ram\[62\]\[4\],9.58µm
u_core.u_dmem.ram\[9\]\[26\],9.58µm
_00762_,9.565µm
_02178_,9.565µm
_06232_,9.56µm
_07589_,9.56µm
_07712_,9.56µm
_08677_,9.56µm
u_core.u_dmem.ram\[45\]\[16\],9.56µm
net979,9.56µm
net5557,9.56µm
_08887_,9.55µm
_04365_,9.54µm
_04644_,9.54µm
_05614_,9.54µm
_05994_,9.54µm
_06706_,9.54µm
_06829_,9.54µm
_07827_,9.54µm
_08678_,9.54µm
u_core.u_dmem.ram\[58\]\[13\],9.54µm
u_core.u_dmem.ram\[60\]\[29\],9.54µm
net4503,9.54µm
_03635_,9.53µm
net2535,9.53µm
_01033_,9.525µm
_04710_,9.52µm
_05513_,9.52µm
_06460_,9.52µm
_08296_,9.52µm
_08384_,9.52µm
u_core.u_dmem.ram\[8\]\[10\],9.52µm
net3535,9.52µm
net3792,9.52µm
net5465,9.52µm
net5573,9.52µm
_00061_,9.505µm
_06652_,9.5µm
_07880_,9.5µm
_08994_,9.5µm
u_core.u_dmem.ram\[10\]\[14\],9.5µm
net2908,9.5µm
net4906,9.5µm
_02456_,9.485µm
_02944_,9.485µm
_05539_,9.48µm
_06068_,9.48µm
_06302_,9.48µm
_07223_,9.48µm
_07824_,9.48µm
_08501_,9.48µm
_08998_,9.48µm
u_core.u_dmem.ram\[16\]\[4\],9.48µm
u_core.u_dmem.ram\[27\]\[7\],9.48µm
u_core.u_dmem.ram\[29\]\[7\],9.48µm
u_core.u_dmem.ram\[32\]\[2\],9.48µm
u_core.u_dmem.ram\[40\]\[20\],9.48µm
u_core.u_dmem.ram\[45\]\[21\],9.48µm
u_core.u_dmem.ram\[50\]\[26\],9.48µm
u_core.u_dmem.ram\[56\]\[3\],9.48µm
net2849,9.48µm
_00914_,9.465µm
_04353_,9.46µm
_04392_,9.46µm
_04587_,9.46µm
_05025_,9.46µm
_06538_,9.46µm
_08964_,9.46µm
net3778,9.46µm
_07257_,9.455µm
_00318_,9.445µm
_00434_,9.445µm
_00639_,9.445µm
_01560_,9.445µm
_01826_,9.445µm
_03555_,9.44µm
_05309_,9.44µm
_08159_,9.44µm
_08191_,9.44µm
_08690_,9.44µm
_08958_,9.44µm
u_core.u_dmem.ram\[0\]\[18\],9.44µm
u_core.u_dmem.ram\[11\]\[11\],9.44µm
u_core.u_dmem.ram\[15\]\[0\],9.44µm
u_core.u_dmem.ram\[28\]\[7\],9.44µm
u_core.u_dmem.ram\[30\]\[5\],9.44µm
u_core.u_dmem.ram\[41\]\[11\],9.44µm
u_core.u_dmem.ram\[47\]\[13\],9.44µm
u_core.u_dmem.ram\[49\]\[3\],9.44µm
u_core.u_dmem.ram\[52\]\[29\],9.44µm
u_core.u_dmem.ram\[62\]\[10\],9.44µm
net1996,9.44µm
_06430_,9.435µm
_08943_,9.43µm
_02882_,9.425µm
_06273_,9.42µm
_07809_,9.42µm
net916,9.42µm
u_core.u_dmem.ram\[22\]\[29\],9.41µm
_01618_,9.405µm
_02654_,9.405µm
_03940_,9.4µm
_05027_,9.4µm
_05146_,9.4µm
_05538_,9.4µm
_07956_,9.4µm
_09090_,9.4µm
u_core.u_dmem.ram\[29\]\[26\],9.4µm
net2676,9.4µm
net2956,9.4µm
net3082,9.4µm
net3095,9.4µm
net3108,9.4µm
net3713,9.4µm
net4483,9.4µm
net4597,9.4µm
net4668,9.4µm
net4726,9.4µm
net4866,9.4µm
net4885,9.4µm
net5095,9.4µm
net5139,9.4µm
net5150,9.4µm
net5268,9.4µm
net5395,9.4µm
net5551,9.4µm
_02885_,9.385µm
_06395_,9.38µm
_07987_,9.38µm
_08021_,9.38µm
u_core.u_dmem.ram\[24\]\[11\],9.38µm
_00354_,9.365µm
_01255_,9.365µm
_01705_,9.365µm
_02804_,9.365µm
u_core.u_dmem.ram\[28\]\[28\],9.365µm
u_core.u_dmem.ram\[43\]\[17\],9.365µm
_01276_,9.36µm
_01683_,9.36µm
_04001_,9.36µm
_04478_,9.36µm
_04952_,9.36µm
_05418_,9.36µm
_05920_,9.36µm
_07044_,9.36µm
_07059_,9.36µm
_07898_,9.36µm
_07901_,9.36µm
_07926_,9.36µm
_08573_,9.36µm
_08579_,9.36µm
_08665_,9.36µm
u_core.u_dmem.ram\[18\]\[8\],9.36µm
u_core.u_dmem.ram\[29\]\[22\],9.36µm
u_core.u_dmem.ram\[39\]\[29\],9.36µm
u_core.u_dmem.ram\[48\]\[5\],9.36µm
u_core.u_dmem.ram\[5\]\[15\],9.36µm
u_core.u_dmem.ram\[61\]\[6\],9.36µm
net1475,9.36µm
net3013,9.36µm
net3283,9.36µm
net3371,9.36µm
net3405,9.36µm
net3616,9.36µm
net3890,9.36µm
net4991,9.36µm
net5109,9.36µm
_04222_,9.34µm
_06512_,9.34µm
u_core.u_dmem.ram\[12\]\[6\],9.34µm
u_core.u_dmem.ram\[13\]\[18\],9.34µm
_05817_,9.335µm
_03925_,9.32µm
_04752_,9.32µm
_06019_,9.32µm
_06400_,9.32µm
_06870_,9.32µm
_07041_,9.32µm
_07079_,9.32µm
_07360_,9.32µm
_07503_,9.32µm
_08428_,9.32µm
_08774_,9.32µm
u_core.u_dmem.ram\[23\]\[16\],9.32µm
u_core.u_dmem.ram\[8\]\[16\],9.32µm
net3976,9.32µm
_01060_,9.315µm
_06205_,9.3µm
_06874_,9.3µm
_08492_,9.3µm
net2712,9.3µm
net2775,9.3µm
net3103,9.3µm
net3264,9.3µm
net3490,9.3µm
net3696,9.3µm
net3759,9.3µm
net4003,9.3µm
net4645,9.3µm
net5141,9.3µm
net5261,9.3µm
net5516,9.3µm
_03524_,9.28µm
_03727_,9.28µm
_06627_,9.28µm
_07209_,9.28µm
_07937_,9.28µm
u_core.u_dmem.ram\[12\]\[10\],9.28µm
u_core.u_dmem.ram\[37\]\[14\],9.28µm
u_core.u_dmem.ram\[41\]\[2\],9.28µm
u_core.u_dmem.ram\[42\]\[9\],9.28µm
net2694,9.28µm
net2780,9.28µm
net2957,9.28µm
net3889,9.28µm
net4599,9.28µm
net4623,9.28µm
net4633,9.28µm
net4914,9.28µm
net5384,9.28µm
net5468,9.28µm
_04459_,9.27µm
_02156_,9.265µm
_02584_,9.26µm
_05608_,9.26µm
_05957_,9.26µm
u_core.u_dmem.ram\[23\]\[7\],9.26µm
u_core.u_dmem.ram\[5\]\[13\],9.26µm
net2662,9.26µm
net2895,9.26µm
net3123,9.26µm
net3414,9.26µm
net3457,9.26µm
net3739,9.26µm
net3793,9.26µm
net3992,9.26µm
net4131,9.26µm
net4217,9.26µm
net4656,9.26µm
net5021,9.26µm
net5190,9.26µm
net5489,9.26µm
_00508_,9.245µm
_00522_,9.245µm
_00587_,9.245µm
_02210_,9.245µm
_02931_,9.245µm
_03623_,9.24µm
_03860_,9.24µm
_04761_,9.24µm
_04969_,9.24µm
_06425_,9.24µm
_07038_,9.24µm
_07661_,9.24µm
_07951_,9.24µm
_08624_,9.24µm
_08743_,9.24µm
u_core.u_dmem.ram\[13\]\[5\],9.24µm
u_core.u_dmem.ram\[16\]\[29\],9.24µm
u_core.u_dmem.ram\[24\]\[9\],9.24µm
u_core.u_dmem.ram\[27\]\[6\],9.24µm
u_core.u_dmem.ram\[2\]\[4\],9.24µm
u_core.u_dmem.ram\[37\]\[15\],9.24µm
u_core.u_dmem.ram\[44\]\[24\],9.24µm
u_core.u_dmem.ram\[8\]\[7\],9.24µm
net3474,9.24µm
_00470_,9.225µm
_00897_,9.225µm
_01807_,9.225µm
_02280_,9.225µm
_00478_,9.22µm
_00770_,9.22µm
_01783_,9.22µm
_04454_,9.22µm
_04909_,9.22µm
_06058_,9.22µm
_08171_,9.22µm
u_core.u_dmem.ram\[11\]\[20\],9.22µm
u_core.u_dmem.ram\[15\]\[19\],9.22µm
net2835,9.22µm
net3191,9.22µm
net4514,9.22µm
_04020_,9.2µm
_04494_,9.2µm
_06594_,9.2µm
_08637_,9.2µm
_09032_,9.2µm
u_core.u_dmem.ram\[1\]\[11\],9.2µm
u_core.u_dmem.ram\[1\]\[27\],9.2µm
u_core.u_dmem.ram\[39\]\[28\],9.2µm
u_core.u_dmem.ram\[40\]\[24\],9.2µm
net2573,9.2µm
net2641,9.2µm
net2797,9.2µm
net2807,9.2µm
net2808,9.2µm
net2869,9.2µm
net2878,9.2µm
net2923,9.2µm
net3185,9.2µm
net4722,9.2µm
net5114,9.2µm
net5294,9.2µm
net5519,9.2µm
_02385_,9.195µm
u_core.u_dmem.ram\[17\]\[16\],9.195µm
u_core.u_dmem.ram\[28\]\[3\],9.195µm
_00877_,9.185µm
_01209_,9.185µm
_08553_,9.185µm
_04126_,9.18µm
_04393_,9.18µm
_04398_,9.18µm
_05390_,9.18µm
_06541_,9.18µm
_07722_,9.18µm
net2568,9.18µm
net2660,9.18µm
net2856,9.18µm
net3534,9.18µm
net3726,9.18µm
net3740,9.18µm
net4342,9.18µm
net2537,9.17µm
uo_out[0],9.17µm
_00601_,9.165µm
_01369_,9.16µm
_07053_,9.16µm
u_core.u_dmem.ram\[40\]\[9\],9.16µm
u_core.u_dmem.ram\[47\]\[2\],9.16µm
net3582,9.16µm
net3839,9.16µm
net4382,9.16µm
net5439,9.16µm
net5524,9.16µm
_07105_,9.155µm
_00416_,9.145µm
_00631_,9.145µm
_01232_,9.145µm
_02701_,9.145µm
_02886_,9.145µm
_04472_,9.14µm
_06264_,9.14µm
_08811_,9.14µm
net5322,9.14µm
_00415_,9.125µm
_01649_,9.125µm
u_core.u_dmem.ram\[35\]\[18\],9.125µm
_04927_,9.12µm
_05257_,9.12µm
u_core.u_dmem.ram\[15\]\[28\],9.12µm
u_core.u_dmem.ram\[18\]\[19\],9.12µm
u_core.u_dmem.ram\[19\]\[10\],9.12µm
u_core.u_dmem.ram\[21\]\[0\],9.12µm
u_core.u_dmem.ram\[30\]\[1\],9.12µm
u_core.u_dmem.ram\[30\]\[22\],9.12µm
u_core.u_dmem.ram\[45\]\[29\],9.12µm
u_core.u_dmem.ram\[46\]\[30\],9.12µm
u_core.u_dmem.ram\[1\]\[3\],9.11µm
u_core.u_dmem.ram\[46\]\[12\],9.11µm
_01694_,9.105µm
_00287_,9.1µm
_01569_,9.1µm
_05594_,9.1µm
_07646_,9.1µm
_08682_,9.1µm
u_core.u_dmem.ram\[31\]\[12\],9.1µm
net3174,9.1µm
_03939_,9.08µm
_03956_,9.08µm
_04257_,9.08µm
_04273_,9.08µm
_04745_,9.08µm
_05175_,9.08µm
_05685_,9.08µm
_06135_,9.08µm
_06730_,9.08µm
u_core.u_dmem.ram\[19\]\[15\],9.08µm
u_core.u_dmem.ram\[6\]\[20\],9.08µm
net2454,9.08µm
_02668_,9.075µm
_02941_,9.075µm
_00572_,9.065µm
_03540_,9.06µm
_06244_,9.06µm
_06596_,9.06µm
u_core.u_dmem.ram\[5\]\[17\],9.06µm
net2749,9.06µm
net3558,9.06µm
net3846,9.06µm
net4100,9.06µm
net4404,9.06µm
net5173,9.06µm
net5260,9.06µm
net5319,9.06µm
net5334,9.06µm
net5356,9.06µm
net5448,9.06µm
net5568,9.06µm
_06863_,9.04µm
_08193_,9.04µm
_08424_,9.04µm
_08852_,9.04µm
u_core.u_dmem.ram\[63\]\[13\],9.04µm
net3476,9.04µm
net3870,9.04µm
_06247_,9.03µm
_03787_,9.02µm
_04090_,9.02µm
_04131_,9.02µm
_05660_,9.02µm
_06751_,9.02µm
_06954_,9.02µm
_07332_,9.02µm
_07423_,9.02µm
_08057_,9.02µm
_08405_,9.02µm
u_core.u_dmem.ram\[16\]\[30\],9.02µm
u_core.u_dmem.ram\[17\]\[24\],9.02µm
u_core.u_dmem.ram\[24\]\[1\],9.02µm
u_core.u_dmem.ram\[27\]\[8\],9.02µm
u_core.u_dmem.ram\[43\]\[15\],9.02µm
u_core.u_dmem.ram\[63\]\[14\],9.02µm
u_core.u_dmem.ram\[8\]\[1\],9.02µm
net3901,9.02µm
net5311,9.02µm
net5495,9.02µm
_00602_,9.005µm
_03453_,9µm
_04841_,9µm
_07922_,9µm
_08250_,9µm
_09076_,9µm
_03658_,8.995µm
_05098_,8.995µm
_01213_,8.985µm
_01533_,8.985µm
_01838_,8.985µm
_02000_,8.985µm
_02119_,8.985µm
_02929_,8.985µm
_03739_,8.98µm
_04384_,8.98µm
_04595_,8.98µm
_05329_,8.98µm
_06819_,8.98µm
u_core.u_dmem.ram\[3\]\[29\],8.98µm
u_core.u_dmem.ram\[42\]\[10\],8.98µm
u_core.u_dmem.ram\[49\]\[22\],8.98µm
u_core.u_dmem.ram\[51\]\[1\],8.98µm
u_core.u_dmem.ram\[48\]\[17\],8.975µm
_01600_,8.96µm
_05640_,8.96µm
_05945_,8.96µm
_07012_,8.96µm
_07489_,8.96µm
_07519_,8.96µm
_08411_,8.96µm
_08687_,8.96µm
_01047_,8.955µm
_00681_,8.945µm
_01450_,8.94µm
_03380_,8.94µm
_03711_,8.94µm
_03788_,8.94µm
_04176_,8.94µm
_06489_,8.94µm
_07711_,8.94µm
_08315_,8.94µm
_08898_,8.94µm
u_core.u_dmem.ram\[40\]\[27\],8.94µm
u_core.u_dmem.ram\[52\]\[27\],8.94µm
net2547,8.94µm
net2553,8.94µm
net2631,8.94µm
net2666,8.94µm
net2758,8.94µm
net2766,8.94µm
net2860,8.94µm
net2893,8.94µm
net2940,8.94µm
net3194,8.94µm
net3197,8.94µm
net3228,8.94µm
net3277,8.94µm
net3282,8.94µm
net3337,8.94µm
net3411,8.94µm
net3420,8.94µm
net3499,8.94µm
net3575,8.94µm
net3576,8.94µm
net3633,8.94µm
net3679,8.94µm
net3729,8.94µm
net3786,8.94µm
net3958,8.94µm
net4049,8.94µm
net4155,8.94µm
net4580,8.94µm
net4643,8.94µm
net4842,8.94µm
net4888,8.94µm
net4901,8.94µm
net4928,8.94µm
net4930,8.94µm
net4952,8.94µm
net4993,8.94µm
net5000,8.94µm
net5003,8.94µm
net5101,8.94µm
net5187,8.94µm
net5408,8.94µm
net5563,8.94µm
_00635_,8.925µm
_07011_,8.925µm
u_core.u_dmem.ram\[15\]\[26\],8.92µm
_00033_,8.905µm
_01004_,8.905µm
_01648_,8.905µm
_01680_,8.905µm
_02124_,8.905µm
_02467_,8.905µm
_05874_,8.9µm
_06368_,8.9µm
_06371_,8.9µm
_06675_,8.9µm
_07756_,8.9µm
_07765_,8.9µm
_08879_,8.9µm
u_core.u_dmem.ram\[29\]\[4\],8.9µm
u_core.u_dmem.ram\[32\]\[19\],8.9µm
u_core.u_dmem.ram\[44\]\[20\],8.9µm
u_core.u_dmem.ram\[46\]\[24\],8.9µm
u_core.u_regfile.regs\[14\]\[26\],8.9µm
net2886,8.9µm
net2995,8.9µm
net3004,8.9µm
net3710,8.9µm
net3883,8.9µm
net5182,8.9µm
net5508,8.9µm
net632,8.895µm
_01394_,8.88µm
_05330_,8.88µm
_05653_,8.88µm
_08226_,8.88µm
_08543_,8.88µm
u_core.u_dmem.ram\[14\]\[4\],8.88µm
u_core.u_dmem.ram\[45\]\[7\],8.88µm
u_core.u_dmem.ram\[4\]\[29\],8.88µm
u_core.u_dmem.ram\[56\]\[29\],8.88µm
u_core.u_dmem.ram\[60\]\[30\],8.88µm
u_core.u_dmem.ram\[8\]\[15\],8.88µm
_01531_,8.865µm
_06771_,8.865µm
_03427_,8.86µm
_04603_,8.86µm
_05023_,8.86µm
_05572_,8.86µm
_06141_,8.86µm
_06326_,8.86µm
_06398_,8.86µm
_06587_,8.86µm
_06655_,8.86µm
_07164_,8.86µm
_08141_,8.86µm
_08352_,8.86µm
_08382_,8.86µm
_08486_,8.86µm
_08617_,8.86µm
_08813_,8.86µm
u_core.u_dmem.ram\[26\]\[22\],8.86µm
net3610,8.86µm
_02018_,8.855µm
u_core.u_dmem.ram\[9\]\[0\],8.85µm
_04658_,8.84µm
_06562_,8.84µm
net2578,8.84µm
net2703,8.84µm
net2786,8.84µm
net3079,8.84µm
net3105,8.84µm
net3602,8.84µm
net3720,8.84µm
net3807,8.84µm
net4078,8.84µm
net4427,8.84µm
net4519,8.84µm
net4543,8.84µm
net4751,8.84µm
net4926,8.84µm
net5202,8.84µm
net5297,8.84µm
_00834_,8.83µm
_04181_,8.82µm
_07116_,8.82µm
_08235_,8.82µm
u_core.u_dmem.ram\[42\]\[2\],8.82µm
u_core.u_dmem.ram\[51\]\[27\],8.82µm
u_core.u_dmem.ram\[52\]\[26\],8.82µm
u_core.u_dmem.ram\[54\]\[17\],8.82µm
u_core.u_dmem.ram\[59\]\[9\],8.82µm
net2546,8.82µm
net3491,8.82µm
net3538,8.82µm
net4099,8.82µm
net4685,8.82µm
net4919,8.82µm
net4949,8.82µm
net5246,8.82µm
net5253,8.82µm
_07372_,8.815µm
_07605_,8.815µm
_06457_,8.8µm
u_core.u_dmem.ram\[17\]\[27\],8.8µm
u_core.u_dmem.ram\[62\]\[30\],8.8µm
net2586,8.8µm
net2620,8.8µm
net2699,8.8µm
net2769,8.8µm
net2847,8.8µm
net2906,8.8µm
net3536,8.8µm
net3727,8.8µm
net3741,8.8µm
net3990,8.8µm
net4129,8.8µm
net4183,8.8µm
net4886,8.8µm
net5052,8.8µm
net5275,8.8µm
net5459,8.8µm
net5558,8.8µm
_00284_,8.785µm
_01530_,8.785µm
_01891_,8.785µm
_01905_,8.785µm
_02592_,8.785µm
_02770_,8.785µm
_03418_,8.78µm
_03586_,8.78µm
_03717_,8.78µm
_06752_,8.78µm
_07368_,8.78µm
_07847_,8.78µm
_09013_,8.78µm
_09047_,8.78µm
u_core.u_dmem.ram\[19\]\[29\],8.78µm
u_core.u_dmem.ram\[24\]\[17\],8.78µm
u_core.u_dmem.ram\[25\]\[16\],8.78µm
u_core.u_dmem.ram\[26\]\[8\],8.78µm
u_core.u_dmem.ram\[29\]\[21\],8.78µm
u_core.u_dmem.ram\[34\]\[29\],8.78µm
u_core.u_dmem.ram\[3\]\[9\],8.78µm
u_core.u_dmem.ram\[46\]\[7\],8.78µm
u_core.u_dmem.ram\[47\]\[0\],8.78µm
u_core.u_dmem.ram\[50\]\[31\],8.78µm
u_core.u_dmem.ram\[55\]\[8\],8.78µm
u_core.u_dmem.ram\[56\]\[2\],8.78µm
u_core.u_dmem.ram\[60\]\[21\],8.78µm
u_core.u_dmem.ram\[6\]\[14\],8.78µm
net3824,8.78µm
_00390_,8.775µm
_00184_,8.765µm
_00429_,8.765µm
_01434_,8.765µm
_02093_,8.765µm
u_core.u_dmem.ram\[46\]\[28\],8.765µm
_01175_,8.76µm
_07707_,8.76µm
u_core.u_dmem.ram\[61\]\[9\],8.76µm
u_core.u_dmem.ram\[63\]\[21\],8.76µm
net3146,8.76µm
net3461,8.76µm
net4387,8.76µm
net4772,8.76µm
_00145_,8.755µm
_04170_,8.74µm
_04476_,8.74µm
_05641_,8.74µm
_06375_,8.74µm
_06717_,8.74µm
_07260_,8.74µm
_07370_,8.74µm
_07417_,8.74µm
_08462_,8.74µm
_08507_,8.74µm
u_core.u_dmem.ram\[13\]\[10\],8.74µm
u_core.u_dmem.ram\[62\]\[31\],8.74µm
net2687,8.74µm
net3022,8.74µm
net3783,8.74µm
net3874,8.74µm
net4288,8.74µm
net4806,8.74µm
u_core.u_dmem.ram\[21\]\[20\],8.73µm
u_core.u_dmem.ram\[33\]\[21\],8.73µm
u_core.u_dmem.ram\[45\]\[18\],8.73µm
_00178_,8.725µm
_01673_,8.725µm
_02700_,8.725µm
_06053_,8.72µm
_08471_,8.72µm
net3626,8.72µm
net4640,8.72µm
u_core.u_dmem.ram\[7\]\[12\],8.715µm
_06614_,8.7µm
_09004_,8.7µm
u_core.u_dmem.ram\[10\]\[19\],8.7µm
u_core.u_dmem.ram\[41\]\[22\],8.7µm
u_core.u_dmem.ram\[59\]\[23\],8.7µm
net2885,8.7µm
net4595,8.7µm
net4894,8.7µm
_00469_,8.685µm
_01699_,8.685µm
_02191_,8.685µm
_02702_,8.685µm
_03672_,8.68µm
_05832_,8.68µm
_06759_,8.68µm
_06779_,8.68µm
_07508_,8.68µm
_07517_,8.68µm
_08473_,8.68µm
_08556_,8.68µm
net3149,8.68µm
net3225,8.68µm
net4074,8.68µm
net5213,8.68µm
_01410_,8.665µm
u_core.u_dmem.ram\[10\]\[7\],8.665µm
_04006_,8.66µm
_06114_,8.66µm
_08869_,8.66µm
u_core.u_dmem.ram\[22\]\[19\],8.66µm
u_core.u_dmem.ram\[45\]\[0\],8.66µm
u_core.u_dmem.ram\[53\]\[3\],8.66µm
u_core.u_dmem.ram\[59\]\[8\],8.66µm
net2575,8.66µm
net3340,8.66µm
_00864_,8.655µm
u_core.u_dmem.ram\[48\]\[23\],8.655µm
_01050_,8.645µm
_01469_,8.645µm
u_core.u_dmem.ram\[5\]\[27\],8.64µm
_04690_,8.63µm
_05427_,8.63µm
_04152_,8.62µm
_06399_,8.62µm
_06912_,8.62µm
_07183_,8.62µm
_07248_,8.62µm
_07565_,8.62µm
_08460_,8.62µm
_08529_,8.62µm
u_core.u_dmem.ram\[38\]\[5\],8.62µm
u_core.u_dmem.ram\[46\]\[21\],8.62µm
_00423_,8.615µm
_01024_,8.615µm
_01516_,8.615µm
_01714_,8.615µm
_01917_,8.615µm
_02286_,8.615µm
u_core.u_dmem.ram\[37\]\[22\],8.615µm
u_core.u_dmem.ram\[57\]\[12\],8.61µm
_00752_,8.605µm
_01122_,8.605µm
_01674_,8.605µm
_04347_,8.6µm
_06673_,8.6µm
_06682_,8.6µm
_06838_,8.6µm
_07095_,8.6µm
_07388_,8.6µm
_08375_,8.6µm
_09024_,8.6µm
u_core.u_dmem.ram\[21\]\[16\],8.6µm
net3192,8.6µm
net3356,8.6µm
net4278,8.6µm
net4324,8.6µm
net4425,8.6µm
net4977,8.6µm
net5056,8.6µm
net5163,8.6µm
net5171,8.6µm
net5265,8.6µm
net5352,8.6µm
net5464,8.6µm
_02924_,8.585µm
_06961_,8.585µm
_07071_,8.585µm
_03696_,8.58µm
_03813_,8.58µm
_06147_,8.58µm
_08142_,8.58µm
_08356_,8.58µm
u_core.u_dmem.ram\[2\]\[10\],8.58µm
u_core.u_dmem.ram\[49\]\[1\],8.58µm
net2959,8.58µm
_07125_,8.57µm
_00807_,8.565µm
_01243_,8.565µm
_01949_,8.565µm
_03587_,8.56µm
_04135_,8.56µm
_04449_,8.56µm
_04608_,8.56µm
_04725_,8.56µm
_05796_,8.56µm
_06034_,8.56µm
_06163_,8.56µm
_06334_,8.56µm
_06872_,8.56µm
_06999_,8.56µm
_07058_,8.56µm
_07387_,8.56µm
_09031_,8.56µm
_09146_,8.56µm
_09159_,8.56µm
u_core.u_dmem.ram\[20\]\[18\],8.56µm
u_core.u_dmem.ram\[51\]\[12\],8.56µm
u_core.u_dmem.ram\[51\]\[21\],8.56µm
u_core.u_dmem.ram\[56\]\[4\],8.56µm
u_core.u_dmem.ram\[6\]\[18\],8.56µm
u_core.u_dmem.ram\[6\]\[19\],8.56µm
u_core.u_dmem.ram\[8\]\[9\],8.56µm
net2063,8.56µm
net2866,8.56µm
net3829,8.56µm
net4014,8.56µm
net4812,8.56µm
_01545_,8.545µm
_01672_,8.545µm
_02723_,8.545µm
_06935_,8.54µm
_08575_,8.54µm
u_core.u_dmem.ram\[2\]\[0\],8.53µm
_00201_,8.525µm
_00619_,8.525µm
_01412_,8.525µm
_02275_,8.525µm
_04824_,8.52µm
_05252_,8.52µm
_06443_,8.52µm
_06817_,8.52µm
_06973_,8.52µm
_07642_,8.52µm
u_core.u_dmem.ram\[21\]\[22\],8.52µm
u_core.u_dmem.ram\[26\]\[13\],8.52µm
u_core.u_dmem.ram\[2\]\[11\],8.52µm
u_core.u_dmem.ram\[36\]\[0\],8.52µm
u_core.u_dmem.ram\[54\]\[14\],8.52µm
u_core.u_dmem.ram\[60\]\[15\],8.52µm
net2531,8.51µm
_03431_,8.5µm
_03485_,8.5µm
_06637_,8.5µm
_07299_,8.5µm
_07759_,8.5µm
_08019_,8.5µm
u_core.u_dmem.ram\[44\]\[16\],8.5µm
_03582_,8.49µm
u_core.u_dmem.ram\[1\]\[30\],8.49µm
net2530,8.49µm
_00668_,8.485µm
_02334_,8.485µm
_03021_,8.48µm
_04578_,8.48µm
_04968_,8.48µm
_05833_,8.48µm
_06036_,8.48µm
_06800_,8.48µm
_07010_,8.48µm
_07438_,8.48µm
_08715_,8.48µm
u_core.u_dmem.ram\[29\]\[16\],8.48µm
u_core.u_dmem.ram\[50\]\[29\],8.48µm
net2664,8.48µm
net2720,8.48µm
net2753,8.48µm
net3034,8.48µm
net3121,8.48µm
net3198,8.48µm
net3275,8.48µm
net3523,8.48µm
net3604,8.48µm
net3636,8.48µm
net3734,8.48µm
net3877,8.48µm
net4060,8.48µm
net4091,8.48µm
net4184,8.48µm
net4446,8.48µm
net4637,8.48µm
net4700,8.48µm
net4770,8.48µm
net4796,8.48µm
net4962,8.48µm
net5192,8.48µm
net5264,8.48µm
net5343,8.48µm
net5469,8.48µm
_05323_,8.46µm
_06082_,8.46µm
_08123_,8.46µm
u_core.u_dmem.ram\[18\]\[23\],8.46µm
u_core.u_dmem.ram\[34\]\[1\],8.46µm
u_core.u_dmem.ram\[42\]\[23\],8.46µm
u_core.u_dmem.ram\[63\]\[28\],8.46µm
_01696_,8.445µm
_03673_,8.44µm
_03679_,8.44µm
_03941_,8.44µm
_04077_,8.44µm
_04225_,8.44µm
_04386_,8.44µm
_04726_,8.44µm
_05478_,8.44µm
_05686_,8.44µm
_05830_,8.44µm
_06511_,8.44µm
_06689_,8.44µm
_06822_,8.44µm
_06826_,8.44µm
_07879_,8.44µm
_07947_,8.44µm
_08293_,8.44µm
_08521_,8.44µm
_08542_,8.44µm
u_core.u_dmem.ram\[11\]\[14\],8.44µm
u_core.u_dmem.ram\[17\]\[6\],8.44µm
u_core.u_dmem.ram\[2\]\[9\],8.44µm
u_core.u_dmem.ram\[46\]\[0\],8.44µm
u_core.u_dmem.ram\[50\]\[17\],8.44µm
net2795,8.44µm
net3266,8.44µm
net3425,8.44µm
net4159,8.44µm
net4411,8.44µm
net4430,8.44µm
net4621,8.44µm
net5234,8.44µm
net5333,8.44µm
_08517_,8.435µm
u_core.u_dmem.ram\[31\]\[20\],8.435µm
u_core.u_dmem.ram\[28\]\[22\],8.425µm
_03877_,8.42µm
_03931_,8.42µm
_04856_,8.42µm
_07106_,8.42µm
u_core.u_dmem.ram\[33\]\[10\],8.42µm
u_core.u_dmem.ram\[55\]\[12\],8.42µm
u_core.u_dmem.ram\[5\]\[29\],8.42µm
_05425_,8.41µm
_03971_,8.4µm
_04275_,8.4µm
_04500_,8.4µm
_05321_,8.4µm
_06740_,8.4µm
_07235_,8.4µm
_07750_,8.4µm
_07984_,8.4µm
_08648_,8.4µm
_08771_,8.4µm
_08803_,8.4µm
u_core.u_dmem.ram\[62\]\[14\],8.4µm
_02292_,8.395µm
_02972_,8.395µm
u_core.u_dmem.ram\[28\]\[30\],8.39µm
u_core.u_dmem.ram\[54\]\[18\],8.39µm
ui_in[5],8.39µm
_00186_,8.38µm
_00755_,8.38µm
_01559_,8.38µm
_04685_,8.38µm
_07100_,8.38µm
net2590,8.38µm
net2602,8.38µm
net2714,8.38µm
net2717,8.38µm
net2778,8.38µm
net3006,8.38µm
net3017,8.38µm
net3131,8.38µm
net3217,8.38µm
net3400,8.38µm
net3613,8.38µm
net3702,8.38µm
net3706,8.38µm
net4059,8.38µm
net4262,8.38µm
net4397,8.38µm
net4474,8.38µm
net4909,8.38µm
net4913,8.38µm
net5112,8.38µm
net5120,8.38µm
net5511,8.38µm
_00509_,8.365µm
_03568_,8.36µm
_04113_,8.36µm
_04430_,8.36µm
_06448_,8.36µm
_06615_,8.36µm
_07477_,8.36µm
_08716_,8.36µm
u_core.u_dmem.ram\[32\]\[13\],8.36µm
u_core.u_dmem.ram\[35\]\[31\],8.36µm
net2773,8.36µm
net2872,8.36µm
net3035,8.36µm
net3437,8.36µm
net4073,8.36µm
net4830,8.36µm
net4898,8.36µm
_01449_,8.355µm
u_core.u_dmem.ram\[21\]\[10\],8.355µm
_06211_,8.34µm
_07875_,8.34µm
net2784,8.34µm
net2855,8.34µm
net2967,8.34µm
net3114,8.34µm
net3354,8.34µm
net3417,8.34µm
net3656,8.34µm
net3953,8.34µm
net4620,8.34µm
net4715,8.34µm
net5206,8.34µm
_07005_,8.33µm
_02774_,8.325µm
_02998_,8.325µm
_04630_,8.32µm
_05053_,8.32µm
_05576_,8.32µm
_05995_,8.32µm
_06166_,8.32µm
_06281_,8.32µm
_06642_,8.32µm
_07632_,8.32µm
_07705_,8.32µm
_08974_,8.32µm
u_core.u_dmem.ram\[25\]\[21\],8.32µm
u_core.u_dmem.ram\[2\]\[13\],8.32µm
u_core.u_dmem.ram\[40\]\[21\],8.32µm
u_core.u_dmem.ram\[45\]\[10\],8.32µm
u_core.u_dmem.ram\[7\]\[13\],8.32µm
_05897_,8.31µm
u_core.u_dmem.ram\[33\]\[8\],8.31µm
u_core.u_dmem.ram\[8\]\[27\],8.31µm
_00230_,8.305µm
_01296_,8.305µm
_01677_,8.305µm
_02335_,8.305µm
_02990_,8.305µm
u_core.u_dmem.ram\[62\]\[12\],8.305µm
_00874_,8.3µm
_01100_,8.3µm
_01173_,8.3µm
_01609_,8.3µm
_02002_,8.3µm
net3814,8.3µm
net4134,8.3µm
net5281,8.3µm
_03441_,8.28µm
_03522_,8.28µm
_03610_,8.28µm
_03781_,8.28µm
_04271_,8.28µm
_05247_,8.28µm
_07442_,8.28µm
_07889_,8.28µm
u_core.u_dmem.ram\[12\]\[19\],8.28µm
u_core.u_dmem.ram\[13\]\[9\],8.28µm
u_core.u_dmem.ram\[2\]\[29\],8.28µm
u_core.u_dmem.ram\[53\]\[18\],8.28µm
u_core.u_dmem.ram\[59\]\[22\],8.28µm
net3897,8.28µm
net4095,8.28µm
net4469,8.28µm
net5304,8.28µm
net5418,8.28µm
_01451_,8.275µm
_02096_,8.275µm
u_core.u_dmem.ram\[42\]\[21\],8.27µm
u_core.u_dmem.ram\[50\]\[18\],8.27µm
_04237_,8.26µm
_05971_,8.26µm
net3484,8.26µm
net4123,8.26µm
net4380,8.26µm
net4511,8.26µm
net4695,8.26µm
_06748_,8.25µm
_02046_,8.24µm
_05661_,8.24µm
_06144_,8.24µm
_06886_,8.24µm
_08264_,8.24µm
u_core.u_dmem.ram\[26\]\[18\],8.24µm
u_core.u_dmem.ram\[44\]\[19\],8.24µm
u_core.u_dmem.ram\[58\]\[6\],8.24µm
net1637,8.24µm
net2729,8.24µm
net2991,8.24µm
net3715,8.24µm
net5184,8.24µm
net5442,8.24µm
_00081_,8.225µm
_00364_,8.225µm
_01627_,8.225µm
_01937_,8.225µm
_02062_,8.225µm
_02214_,8.225µm
_02899_,8.225µm
_02935_,8.225µm
_04166_,8.22µm
_05465_,8.22µm
_06370_,8.22µm
_06868_,8.22µm
_07194_,8.22µm
_07836_,8.22µm
_08549_,8.22µm
_08755_,8.22µm
_08810_,8.22µm
u_core.u_dmem.ram\[35\]\[27\],8.22µm
net2707,8.22µm
u_core.u_dmem.ram\[24\]\[22\],8.215µm
_04925_,8.2µm
_07004_,8.2µm
_07529_,8.2µm
_07556_,8.2µm
_07944_,8.2µm
u_core.u_dmem.ram\[32\]\[8\],8.2µm
u_core.u_dmem.ram\[4\]\[28\],8.2µm
u_core.u_dmem.ram\[59\]\[3\],8.2µm
u_core.u_dmem.ram\[61\]\[30\],8.2µm
u_core.u_dmem.ram\[9\]\[1\],8.2µm
_00479_,8.195µm
_05036_,8.18µm
_08734_,8.18µm
_00733_,8.175µm
net2466,8.17µm
_01722_,8.165µm
_03782_,8.16µm
_05262_,8.16µm
_05558_,8.16µm
_06465_,8.16µm
_07978_,8.16µm
_08046_,8.16µm
_08512_,8.16µm
_00227_,8.155µm
_00580_,8.155µm
_00774_,8.155µm
_01426_,8.155µm
_01504_,8.155µm
_01550_,8.155µm
_01589_,8.155µm
_01698_,8.155µm
_02673_,8.155µm
_02782_,8.155µm
_07046_,8.155µm
u_core.u_dmem.ram\[11\]\[16\],8.15µm
u_core.u_dmem.ram\[39\]\[17\],8.15µm
u_core.u_dmem.ram\[44\]\[22\],8.15µm
_00535_,8.145µm
_02110_,8.145µm
_04037_,8.14µm
_05868_,8.14µm
_06092_,8.14µm
_06837_,8.14µm
_08210_,8.14µm
u_core.u_dmem.ram\[21\]\[31\],8.14µm
net2823,8.14µm
net3175,8.14µm
net4733,8.14µm
net4816,8.14µm
net4858,8.14µm
net4934,8.14µm
net5047,8.14µm
net5146,8.14µm
net5250,8.14µm
net5482,8.14µm
_06834_,8.13µm
_00899_,8.125µm
_03498_,8.12µm
_03564_,8.12µm
_06327_,8.12µm
_08530_,8.12µm
_08855_,8.12µm
u_core.u_dmem.ram\[19\]\[7\],8.12µm
u_core.u_dmem.ram\[56\]\[9\],8.12µm
net2540,8.12µm
net2627,8.12µm
net2723,8.12µm
net3132,8.12µm
net3179,8.12µm
u_core.u_dmem.ram\[43\]\[16\],8.115µm
_01062_,8.105µm
_01359_,8.105µm
_07211_,8.105µm
_03388_,8.1µm
_05650_,8.1µm
_05938_,8.1µm
_06262_,8.1µm
_06335_,8.1µm
_06472_,8.1µm
_07139_,8.1µm
_07447_,8.1µm
_08922_,8.1µm
_08932_,8.1µm
u_core.u_dmem.ram\[0\]\[6\],8.1µm
u_core.u_dmem.ram\[12\]\[1\],8.1µm
u_core.u_dmem.ram\[12\]\[24\],8.1µm
u_core.u_dmem.ram\[27\]\[28\],8.1µm
u_core.u_dmem.ram\[43\]\[20\],8.1µm
u_core.u_dmem.ram\[51\]\[25\],8.1µm
u_core.u_dmem.ram\[58\]\[5\],8.1µm
u_core.u_dmem.ram\[5\]\[5\],8.1µm
u_core.u_dmem.ram\[63\]\[3\],8.1µm
u_core.u_dmem.ram\[9\]\[4\],8.1µm
net3919,8.1µm
net3927,8.1µm
net3982,8.1µm
net4328,8.1µm
net5028,8.1µm
u_core.u_dmem.ram\[4\]\[21\],8.095µm
_05619_,8.08µm
_07810_,8.08µm
_08343_,8.08µm
u_core.u_dmem.ram\[60\]\[20\],8.08µm
u_core.u_dmem.ram\[41\]\[21\],8.075µm
u_core.u_dmem.ram\[63\]\[18\],8.07µm
_00545_,8.065µm
_01182_,8.065µm
_01291_,8.065µm
_01731_,8.065µm
_02371_,8.065µm
_02691_,8.065µm
_02832_,8.065µm
_05865_,8.06µm
_06431_,8.06µm
_07212_,8.06µm
_07345_,8.06µm
_07599_,8.06µm
_08063_,8.06µm
_08674_,8.06µm
u_core.u_dmem.ram\[17\]\[0\],8.06µm
u_core.u_dmem.ram\[49\]\[11\],8.06µm
u_core.u_dmem.ram\[7\]\[28\],8.06µm
u_core.u_dmem.ram\[60\]\[31\],8.055µm
_05750_,8.04µm
_06830_,8.04µm
_06962_,8.04µm
_07151_,8.04µm
net5138,8.04µm
_01309_,8.035µm
_01526_,8.025µm
_01957_,8.025µm
_02447_,8.025µm
_02490_,8.025µm
_04704_,8.02µm
_04713_,8.02µm
_04877_,8.02µm
_05551_,8.02µm
_05605_,8.02µm
_05787_,8.02µm
_06025_,8.02µm
_06197_,8.02µm
_06729_,8.02µm
_07108_,8.02µm
_07471_,8.02µm
_07627_,8.02µm
_07638_,8.02µm
_07657_,8.02µm
_08173_,8.02µm
_08698_,8.02µm
u_core.u_dmem.ram\[59\]\[24\],8.02µm
net2559,8.02µm
net2592,8.02µm
net2681,8.02µm
net2761,8.02µm
net2804,8.02µm
net2905,8.02µm
net2944,8.02µm
net3003,8.02µm
net3027,8.02µm
net3041,8.02µm
net3049,8.02µm
net3085,8.02µm
net3248,8.02µm
net3366,8.02µm
net3557,8.02µm
net3676,8.02µm
net3758,8.02µm
net3767,8.02µm
net3805,8.02µm
net4016,8.02µm
net4050,8.02µm
net4174,8.02µm
net4415,8.02µm
net4441,8.02µm
net4448,8.02µm
net4720,8.02µm
net5063,8.02µm
net5160,8.02µm
net5214,8.02µm
net5218,8.02µm
net5434,8.02µm
net2570,8.015µm
_05784_,8.005µm
_06808_,8µm
_07972_,8µm
_09011_,8µm
u_core.u_dmem.ram\[21\]\[15\],8µm
_00612_,7.985µm
_01288_,7.985µm
_01622_,7.985µm
_08366_,7.985µm
_03467_,7.98µm
_04073_,7.98µm
_04572_,7.98µm
_04843_,7.98µm
_04846_,7.98µm
_05380_,7.98µm
_05869_,7.98µm
_06043_,7.98µm
_07467_,7.98µm
_07738_,7.98µm
_08603_,7.98µm
u_core.u_dmem.ram\[38\]\[18\],7.98µm
u_core.u_dmem.ram\[43\]\[29\],7.98µm
u_core.u_dmem.ram\[44\]\[28\],7.98µm
u_core.u_dmem.ram\[50\]\[24\],7.98µm
u_core.u_dmem.ram\[54\]\[22\],7.98µm
u_core.u_dmem.ram\[58\]\[18\],7.98µm
net3207,7.98µm
net4341,7.98µm
_01096_,7.975µm
u_core.u_dmem.ram\[58\]\[24\],7.97µm
_00658_,7.965µm
_07196_,7.96µm
_07788_,7.96µm
_08563_,7.96µm
u_core.u_dmem.ram\[27\]\[30\],7.96µm
u_core.u_dmem.ram\[2\]\[21\],7.96µm
u_core.u_dmem.ram\[53\]\[31\],7.96µm
u_core.u_dmem.ram\[63\]\[24\],7.96µm
_00260_,7.945µm
_02118_,7.945µm
_02495_,7.945µm
_02791_,7.945µm
u_core.u_dmem.ram\[33\]\[12\],7.945µm
_04335_,7.94µm
_04575_,7.94µm
_04832_,7.94µm
_05087_,7.94µm
_06064_,7.94µm
_07026_,7.94µm
_07266_,7.94µm
_07587_,7.94µm
_07594_,7.94µm
_07928_,7.94µm
_08186_,7.94µm
_08281_,7.94µm
_09033_,7.94µm
u_core.u_dmem.ram\[3\]\[19\],7.94µm
u_core.u_dmem.ram\[13\]\[11\],7.93µm
_01280_,7.925µm
_02840_,7.925µm
_02863_,7.925µm
_07625_,7.92µm
_07848_,7.92µm
_08622_,7.92µm
net2561,7.92µm
net2582,7.92µm
net2614,7.92µm
net2684,7.92µm
net2709,7.92µm
net2727,7.92µm
net2852,7.92µm
net2971,7.92µm
net2996,7.92µm
net3043,7.92µm
net3090,7.92µm
net3140,7.92µm
net3147,7.92µm
net3221,7.92µm
net3232,7.92µm
net3254,7.92µm
net3260,7.92µm
net3288,7.92µm
net3294,7.92µm
net3297,7.92µm
net3311,7.92µm
net3402,7.92µm
net3593,7.92µm
net3666,7.92µm
net3721,7.92µm
net3980,7.92µm
net4038,7.92µm
net4718,7.92µm
net4760,7.92µm
net4785,7.92µm
net4878,7.92µm
net4882,7.92µm
net4907,7.92µm
net4915,7.92µm
net5009,7.92µm
net5033,7.92µm
net5117,7.92µm
net5145,7.92µm
net5162,7.92µm
net5207,7.92µm
net5292,7.92µm
net5355,7.92µm
net5390,7.92µm
net5445,7.92µm
net5537,7.92µm
u_core.u_dmem.ram\[0\]\[27\],7.91µm
_02509_,7.905µm
_04467_,7.9µm
_04586_,7.9µm
_04601_,7.9µm
_04816_,7.9µm
_04928_,7.9µm
_06564_,7.9µm
_07730_,7.9µm
_08238_,7.9µm
u_core.u_dmem.ram\[20\]\[14\],7.9µm
u_core.u_dmem.ram\[27\]\[27\],7.9µm
u_core.u_dmem.ram\[34\]\[16\],7.9µm
u_core.u_dmem.ram\[7\]\[14\],7.9µm
net2690,7.9µm
net3000,7.9µm
net3026,7.9µm
net3145,7.9µm
net3751,7.9µm
net3977,7.9µm
net4164,7.9µm
net4293,7.9µm
net4436,7.9µm
net5136,7.9µm
net5301,7.9µm
_00721_,7.885µm
_01312_,7.88µm
_06199_,7.88µm
u_core.u_dmem.ram\[30\]\[11\],7.88µm
u_core.u_dmem.ram\[52\]\[23\],7.88µm
u_core.u_dmem.ram\[53\]\[1\],7.88µm
net2591,7.88µm
net2790,7.88µm
net2806,7.88µm
net2902,7.88µm
net3968,7.88µm
net4205,7.88µm
net4251,7.88µm
net4276,7.88µm
net4366,7.88µm
net4736,7.88µm
net4848,7.88µm
net5411,7.88µm
_00763_,7.865µm
u_core.u_dmem.ram\[53\]\[15\],7.865µm
u_core.u_dmem.ram\[63\]\[26\],7.865µm
_00064_,7.86µm
_03876_,7.86µm
_04656_,7.86µm
_05453_,7.86µm
_05662_,7.86µm
_05918_,7.86µm
_07020_,7.86µm
_08402_,7.86µm
_08441_,7.86µm
u_core.u_dmem.ram\[10\]\[11\],7.86µm
u_core.u_dmem.ram\[11\]\[0\],7.86µm
u_core.u_dmem.ram\[20\]\[21\],7.86µm
u_core.u_dmem.ram\[23\]\[29\],7.86µm
u_core.u_dmem.ram\[24\]\[18\],7.86µm
u_core.u_dmem.ram\[25\]\[24\],7.86µm
u_core.u_dmem.ram\[32\]\[22\],7.86µm
u_core.u_dmem.ram\[35\]\[20\],7.86µm
u_core.u_dmem.ram\[3\]\[20\],7.86µm
u_core.u_dmem.ram\[41\]\[13\],7.86µm
u_core.u_dmem.ram\[52\]\[4\],7.86µm
u_core.u_dmem.ram\[55\]\[2\],7.86µm
u_core.u_dmem.ram\[8\]\[12\],7.86µm
u_core.u_dmem.ram\[8\]\[20\],7.86µm
net3382,7.86µm
net5022,7.86µm
u_core.u_dmem.ram\[61\]\[28\],7.855µm
_00573_,7.845µm
_00901_,7.845µm
_01539_,7.845µm
_02560_,7.845µm
_08160_,7.84µm
_08635_,7.84µm
u_core.u_dmem.ram\[46\]\[31\],7.84µm
net5152,7.84µm
net5196,7.84µm
_06992_,7.83µm
_01343_,7.825µm
_03450_,7.82µm
_04192_,7.82µm
_04902_,7.82µm
_05299_,7.82µm
_05357_,7.82µm
_07002_,7.82µm
_07672_,7.82µm
_07933_,7.82µm
_09025_,7.82µm
u_core.u_dmem.ram\[14\]\[26\],7.82µm
net2580,7.82µm
net2715,7.82µm
net4383,7.82µm
net5157,7.82µm
net5298,7.82µm
_00087_,7.815µm
_00322_,7.815µm
_00510_,7.815µm
_01106_,7.815µm
_01277_,7.815µm
_01316_,7.815µm
_01518_,7.815µm
_02473_,7.815µm
_02536_,7.815µm
u_core.u_dmem.ram\[21\]\[13\],7.81µm
u_core.u_dmem.ram\[26\]\[26\],7.81µm
u_core.u_dmem.ram\[45\]\[25\],7.81µm
net,7.81µm
_00092_,7.805µm
_01310_,7.805µm
_06074_,7.8µm
_06207_,7.8µm
_06272_,7.8µm
net2759,7.8µm
net2779,7.8µm
net5031,7.8µm
_04368_,7.785µm
_01283_,7.78µm
_03469_,7.78µm
_05341_,7.78µm
_07306_,7.78µm
_08589_,7.78µm
_08790_,7.78µm
_09054_,7.78µm
u_core.u_dmem.ram\[10\]\[26\],7.78µm
u_core.u_dmem.ram\[20\]\[12\],7.78µm
u_core.u_dmem.ram\[23\]\[19\],7.78µm
u_core.u_dmem.ram\[6\]\[23\],7.78µm
net2545,7.78µm
net5363,7.78µm
_00491_,7.775µm
_00997_,7.775µm
_00144_,7.765µm
_00357_,7.765µm
_00406_,7.765µm
_00563_,7.765µm
_00581_,7.765µm
_00760_,7.765µm
_00905_,7.765µm
_00912_,7.765µm
_00994_,7.765µm
_01116_,7.765µm
_01725_,7.765µm
_01862_,7.765µm
_01894_,7.765µm
_02126_,7.765µm
_03015_,7.765µm
_04715_,7.76µm
_05618_,7.76µm
net3810,7.76µm
u_core.u_dmem.ram\[58\]\[17\],7.755µm
_01887_,7.745µm
_02902_,7.745µm
_04482_,7.74µm
_05346_,7.74µm
_06384_,7.74µm
_06635_,7.74µm
u_core.u_dmem.ram\[16\]\[2\],7.74µm
u_core.u_dmem.ram\[18\]\[11\],7.74µm
u_core.u_dmem.ram\[21\]\[24\],7.74µm
u_core.u_dmem.ram\[30\]\[0\],7.74µm
u_core.u_dmem.ram\[30\]\[14\],7.74µm
u_core.u_dmem.ram\[40\]\[23\],7.74µm
u_core.u_dmem.ram\[42\]\[22\],7.74µm
u_core.u_dmem.ram\[4\]\[0\],7.74µm
u_core.u_dmem.ram\[62\]\[1\],7.74µm
net5181,7.74µm
net5336,7.74µm
u_core.u_dmem.ram\[19\]\[25\],7.735µm
_00340_,7.725µm
_04255_,7.72µm
_07516_,7.72µm
net407,7.72µm
_04580_,7.7µm
_05240_,7.7µm
_08166_,7.7µm
_08791_,7.7µm
_01185_,7.695µm
_02869_,7.695µm
_02881_,7.695µm
_00269_,7.685µm
_02908_,7.685µm
_03763_,7.68µm
_05523_,7.68µm
_05861_,7.68µm
_06022_,7.68µm
_06769_,7.68µm
_07119_,7.68µm
_08438_,7.68µm
_08584_,7.68µm
_08902_,7.68µm
u_core.u_dmem.ram\[60\]\[14\],7.68µm
net2155,7.68µm
net3764,7.68µm
net3903,7.68µm
net4197,7.68µm
net4334,7.68µm
net5096,7.68µm
net5400,7.68µm
net5443,7.68µm
net5504,7.68µm
_00388_,7.67µm
_07033_,7.67µm
_02507_,7.665µm
_07781_,7.66µm
u_core.u_dmem.ram\[18\]\[26\],7.66µm
u_core.u_dmem.ram\[51\]\[9\],7.66µm
_06641_,7.655µm
_00560_,7.645µm
_01638_,7.645µm
_07275_,7.645µm
_03856_,7.64µm
_04219_,7.64µm
_04712_,7.64µm
_05821_,7.64µm
_05989_,7.64µm
_06190_,7.64µm
_06276_,7.64µm
_06560_,7.64µm
_06784_,7.64µm
_06911_,7.64µm
_06922_,7.64µm
_06955_,7.64µm
_07729_,7.64µm
_07748_,7.64µm
_08399_,7.64µm
_08464_,7.64µm
u_core.u_dmem.ram\[0\]\[15\],7.64µm
u_core.u_dmem.ram\[1\]\[29\],7.64µm
u_core.u_dmem.ram\[22\]\[13\],7.64µm
u_core.u_dmem.ram\[25\]\[4\],7.64µm
u_core.u_dmem.ram\[2\]\[31\],7.64µm
u_core.u_dmem.ram\[47\]\[10\],7.64µm
u_core.u_dmem.ram\[4\]\[27\],7.64µm
u_core.u_dmem.ram\[4\]\[4\],7.64µm
u_core.u_dmem.ram\[61\]\[3\],7.64µm
u_core.u_dmem.ram\[8\]\[8\],7.64µm
net3363,7.64µm
net4037,7.64µm
net4343,7.64µm
_00085_,7.625µm
_01414_,7.625µm
_01548_,7.625µm
_01762_,7.625µm
_01805_,7.625µm
_01821_,7.625µm
_04934_,7.62µm
_05426_,7.62µm
u_core.u_dmem.ram\[35\]\[22\],7.62µm
u_core.u_dmem.ram\[30\]\[16\],7.61µm
_00252_,7.605µm
_00450_,7.605µm
_00653_,7.605µm
_00917_,7.605µm
_01360_,7.605µm
_01510_,7.605µm
_01604_,7.605µm
_01619_,7.605µm
_01665_,7.605µm
_02103_,7.605µm
_02589_,7.605µm
_02610_,7.605µm
_02618_,7.605µm
_03815_,7.6µm
_04423_,7.6µm
_05350_,7.6µm
_06556_,7.6µm
_06561_,7.6µm
_07302_,7.6µm
_08004_,7.6µm
_08536_,7.6µm
_00669_,7.58µm
_01913_,7.58µm
_03799_,7.58µm
_05216_,7.58µm
_06256_,7.58µm
_06389_,7.58µm
_06534_,7.58µm
_08138_,7.58µm
u_core.u_dmem.ram\[15\]\[6\],7.57µm
net2475,7.57µm
_01178_,7.565µm
_01950_,7.565µm
_02080_,7.565µm
_02514_,7.565µm
_02680_,7.565µm
_02903_,7.565µm
_05820_,7.565µm
_00414_,7.56µm
_04364_,7.56µm
_04548_,7.56µm
_04564_,7.56µm
_05298_,7.56µm
_05657_,7.56µm
_05771_,7.56µm
_06429_,7.56µm
_06703_,7.56µm
_06841_,7.56µm
_07050_,7.56µm
_08311_,7.56µm
_08534_,7.56µm
_08842_,7.56µm
u_core.u_dmem.ram\[36\]\[22\],7.56µm
u_core.u_dmem.ram\[60\]\[17\],7.56µm
net2563,7.56µm
net2726,7.56µm
net2793,7.56µm
net2938,7.56µm
net2970,7.56µm
net2987,7.56µm
net3038,7.56µm
net3069,7.56µm
net3189,7.56µm
net3291,7.56µm
net3348,7.56µm
net3492,7.56µm
net3498,7.56µm
net3553,7.56µm
net3564,7.56µm
net3625,7.56µm
net3717,7.56µm
net3745,7.56µm
net3851,7.56µm
net3908,7.56µm
net3918,7.56µm
net3929,7.56µm
net4008,7.56µm
net4083,7.56µm
net4149,7.56µm
net4402,7.56µm
net4600,7.56µm
net4714,7.56µm
net4730,7.56µm
net4774,7.56µm
net4905,7.56µm
net4933,7.56µm
net4970,7.56µm
net5023,7.56µm
net5127,7.56µm
net5545,7.56µm
_05243_,7.55µm
u_core.u_dmem.ram\[3\]\[28\],7.545µm
_00714_,7.54µm
_06602_,7.54µm
_08670_,7.54µm
u_core.u_dmem.ram\[3\]\[17\],7.54µm
_08726_,7.53µm
_00349_,7.525µm
_01389_,7.525µm
_08673_,7.525µm
u_core.u_dmem.ram\[37\]\[16\],7.525µm
_03902_,7.52µm
_04060_,7.52µm
_05643_,7.52µm
_06118_,7.52µm
_06145_,7.52µm
_06437_,7.52µm
_06901_,7.52µm
_07224_,7.52µm
_07318_,7.52µm
_07333_,7.52µm
_07526_,7.52µm
_07697_,7.52µm
_07999_,7.52µm
_08237_,7.52µm
u_core.u_dmem.ram\[24\]\[13\],7.52µm
u_core.u_dmem.ram\[31\]\[23\],7.52µm
u_core.u_dmem.ram\[33\]\[30\],7.52µm
u_core.u_dmem.ram\[4\]\[20\],7.52µm
u_core.u_dmem.ram\[51\]\[8\],7.52µm
u_core.u_dmem.ram\[63\]\[0\],7.52µm
net3541,7.52µm
net3641,7.52µm
net3971,7.52µm
net5198,7.52µm
_01729_,7.485µm
_02359_,7.485µm
_04792_,7.48µm
_06014_,7.48µm
_06243_,7.48µm
_06536_,7.48µm
_07907_,7.48µm
_08557_,7.48µm
_08692_,7.48µm
_08950_,7.48µm
net3021,7.48µm
u_core.u_dmem.ram\[42\]\[24\],7.47µm
u_core.u_dmem.ram\[7\]\[19\],7.47µm
_01409_,7.46µm
_01454_,7.46µm
_02063_,7.46µm
_02303_,7.46µm
_02684_,7.46µm
_06487_,7.46µm
net2603,7.46µm
net2650,7.46µm
net2654,7.46µm
net2708,7.46µm
net2815,7.46µm
net2877,7.46µm
net2915,7.46µm
net2929,7.46µm
net3122,7.46µm
net3239,7.46µm
net3250,7.46µm
net3347,7.46µm
net3453,7.46µm
net3469,7.46µm
net3565,7.46µm
net3723,7.46µm
net3784,7.46µm
net3861,7.46µm
net4194,7.46µm
net4226,7.46µm
net4266,7.46µm
net4352,7.46µm
net4359,7.46µm
net4396,7.46µm
net4644,7.46µm
net4801,7.46µm
net4828,7.46µm
net4917,7.46µm
net4945,7.46µm
net5147,7.46µm
net5154,7.46µm
net5165,7.46µm
net5375,7.46µm
net5481,7.46µm
net5577,7.46µm
_01650_,7.445µm
_01829_,7.445µm
_02055_,7.445µm
_02058_,7.445µm
_01872_,7.44µm
_03571_,7.44µm
_03879_,7.44µm
_04624_,7.44µm
_05794_,7.44µm
_05840_,7.44µm
_06882_,7.44µm
_07314_,7.44µm
_07783_,7.44µm
_07881_,7.44µm
u_core.u_dmem.ram\[11\]\[28\],7.44µm
u_core.u_dmem.ram\[23\]\[31\],7.44µm
u_core.u_dmem.ram\[34\]\[6\],7.44µm
u_core.u_dmem.ram\[35\]\[8\],7.44µm
u_core.u_dmem.ram\[39\]\[31\],7.44µm
u_core.u_dmem.ram\[55\]\[11\],7.44µm
u_core.u_dmem.ram\[60\]\[8\],7.44µm
u_core.u_dmem.ram\[8\]\[14\],7.44µm
net2897,7.44µm
net2900,7.44µm
net3945,7.44µm
net4646,7.44µm
net4790,7.44µm
u_core.u_dmem.ram\[44\]\[30\],7.435µm
_04910_,7.43µm
_02932_,7.42µm
_03834_,7.42µm
_04199_,7.42µm
_04425_,7.42µm
_05706_,7.42µm
_06062_,7.42µm
_06731_,7.42µm
_08287_,7.42µm
u_core.u_dmem.ram\[22\]\[10\],7.42µm
net2609,7.42µm
net2865,7.42µm
net2882,7.42µm
net3150,7.42µm
net5122,7.42µm
net5128,7.42µm
_02910_,7.415µm
_08981_,7.41µm
_00533_,7.4µm
_03428_,7.4µm
_06293_,7.4µm
_08274_,7.4µm
_08725_,7.4µm
u_core.u_dmem.ram\[0\]\[23\],7.4µm
u_core.u_dmem.ram\[11\]\[18\],7.4µm
u_core.u_dmem.ram\[11\]\[4\],7.4µm
u_core.u_dmem.ram\[12\]\[13\],7.4µm
u_core.u_dmem.ram\[16\]\[25\],7.4µm
u_core.u_dmem.ram\[1\]\[5\],7.4µm
u_core.u_dmem.ram\[24\]\[19\],7.4µm
u_core.u_dmem.ram\[33\]\[11\],7.4µm
u_core.u_dmem.ram\[39\]\[9\],7.4µm
u_core.u_dmem.ram\[42\]\[8\],7.4µm
u_core.u_dmem.ram\[48\]\[4\],7.4µm
u_core.u_dmem.ram\[48\]\[8\],7.4µm
u_core.u_dmem.ram\[52\]\[3\],7.4µm
u_core.u_dmem.ram\[55\]\[7\],7.4µm
u_core.u_dmem.ram\[59\]\[26\],7.4µm
u_core.u_dmem.ram\[5\]\[30\],7.4µm
net5488,7.4µm
u_core.u_dmem.ram\[9\]\[15\],7.395µm
_00343_,7.385µm
_01081_,7.385µm
_01341_,7.385µm
_01538_,7.385µm
_01958_,7.385µm
_02336_,7.385µm
_02989_,7.385µm
_03052_,7.385µm
_05193_,7.38µm
_05913_,7.38µm
u_core.u_dmem.ram\[49\]\[27\],7.38µm
net3270,7.38µm
net3361,7.38µm
net3673,7.38µm
_02329_,7.365µm
_04677_,7.36µm
_08056_,7.36µm
_08496_,7.36µm
_08952_,7.36µm
_09030_,7.36µm
_09158_,7.36µm
net4588,7.36µm
net5048,7.36µm
net5166,7.36µm
net5229,7.36µm
_00398_,7.355µm
_03068_,7.355µm
u_core.u_dmem.ram\[43\]\[24\],7.35µm
u_core.u_dmem.ram\[5\]\[7\],7.35µm
_00188_,7.345µm
_00278_,7.345µm
_00300_,7.345µm
_00435_,7.345µm
_01095_,7.345µm
_01378_,7.345µm
_01452_,7.345µm
_01468_,7.345µm
_01713_,7.345µm
_01853_,7.345µm
_01956_,7.345µm
_02620_,7.345µm
_04050_,7.34µm
_04948_,7.34µm
_07846_,7.34µm
_08286_,7.34µm
net4344,7.34µm
u_core.u_dmem.ram\[16\]\[24\],7.325µm
_04129_,7.32µm
_04734_,7.32µm
_04872_,7.32µm
u_core.u_dmem.ram\[12\]\[14\],7.32µm
u_core.u_dmem.ram\[13\]\[25\],7.32µm
u_core.u_dmem.ram\[24\]\[31\],7.32µm
u_core.u_dmem.ram\[26\]\[12\],7.32µm
u_core.u_dmem.ram\[3\]\[27\],7.32µm
u_core.u_dmem.ram\[59\]\[11\],7.32µm
u_core.u_dmem.ram\[8\]\[13\],7.32µm
net2747,7.32µm
net3913,7.32µm
net4416,7.32µm
net4701,7.32µm
net5330,7.32µm
_00608_,7.305µm
_01779_,7.305µm
_01985_,7.305µm
_02575_,7.305µm
_02757_,7.305µm
_02986_,7.305µm
_03016_,7.305µm
u_core.u_dmem.ram\[9\]\[30\],7.305µm
_05986_,7.3µm
_06680_,7.3µm
_07177_,7.3µm
_07677_,7.3µm
_08538_,7.3µm
_04429_,7.29µm
_00168_,7.285µm
_00219_,7.285µm
_00220_,7.285µm
_00265_,7.285µm
_00421_,7.285µm
_00437_,7.285µm
_00447_,7.285µm
_00449_,7.285µm
_00576_,7.285µm
_00627_,7.285µm
_00766_,7.285µm
_01029_,7.285µm
_01145_,7.285µm
_01402_,7.285µm
_01404_,7.285µm
_01423_,7.285µm
_01658_,7.285µm
_02254_,7.285µm
_02855_,7.285µm
u_core.u_dmem.ram\[59\]\[13\],7.285µm
_05610_,7.28µm
_07755_,7.28µm
_08169_,7.28µm
u_core.u_dmem.ram\[23\]\[9\],7.28µm
u_core.u_dmem.ram\[36\]\[30\],7.28µm
u_core.u_dmem.ram\[59\]\[10\],7.28µm
_00250_,7.275µm
u_core.u_dmem.ram\[12\]\[11\],7.27µm
u_core.u_dmem.ram\[3\]\[15\],7.27µm
_00332_,7.265µm
_00656_,7.265µm
_02430_,7.265µm
_02830_,7.265µm
_00466_,7.255µm
_00101_,7.24µm
_04642_,7.24µm
_05755_,7.24µm
_06174_,7.24µm
_06498_,7.24µm
_07996_,7.24µm
_03840_,7.23µm
_00717_,7.225µm
_03530_,7.22µm
_05030_,7.22µm
_05557_,7.22µm
_06160_,7.22µm
_07093_,7.22µm
_07205_,7.22µm
_07480_,7.22µm
net4315,7.22µm
net5004,7.22µm
net5416,7.22µm
net5500,7.22µm
net5510,7.22µm
net5546,7.22µm
_02690_,7.205µm
_05356_,7.2µm
_06566_,7.2µm
_07344_,7.2µm
_07346_,7.2µm
_07537_,7.2µm
u_core.u_dmem.ram\[24\]\[8\],7.2µm
_00038_,7.185µm
_01921_,7.185µm
_03096_,7.185µm
_03552_,7.18µm
_03975_,7.18µm
_04079_,7.18µm
_04997_,7.18µm
_05373_,7.18µm
_06854_,7.18µm
_07099_,7.18µm
_07658_,7.18µm
_08693_,7.18µm
_08993_,7.18µm
u_core.u_dmem.ram\[13\]\[29\],7.18µm
u_core.u_dmem.ram\[13\]\[31\],7.18µm
u_core.u_dmem.ram\[24\]\[28\],7.18µm
u_core.u_dmem.ram\[25\]\[10\],7.18µm
u_core.u_dmem.ram\[25\]\[23\],7.18µm
u_core.u_dmem.ram\[34\]\[26\],7.18µm
u_core.u_dmem.ram\[56\]\[11\],7.18µm
u_core.u_dmem.ram\[59\]\[1\],7.18µm
u_core.u_dmem.ram\[61\]\[13\],7.18µm
_00057_,7.165µm
_00104_,7.165µm
_00237_,7.165µm
_00412_,7.165µm
_00477_,7.165µm
_00541_,7.165µm
_00592_,7.165µm
_00749_,7.165µm
_00842_,7.165µm
_00891_,7.165µm
_01031_,7.165µm
_01285_,7.165µm
_01395_,7.165µm
_02029_,7.165µm
_02544_,7.165µm
_02652_,7.165µm
_09015_,7.16µm
u_core.u_dmem.ram\[11\]\[30\],7.16µm
_00077_,7.155µm
_01432_,7.155µm
_01854_,7.155µm
u_core.u_dmem.ram\[57\]\[28\],7.15µm
_00462_,7.145µm
_00473_,7.145µm
_00802_,7.145µm
_01132_,7.145µm
_01822_,7.145µm
_01856_,7.145µm
_01978_,7.145µm
_02434_,7.145µm
_02985_,7.145µm
_04400_,7.14µm
_04670_,7.14µm
_04975_,7.14µm
_08070_,7.14µm
u_core.u_dmem.ram\[20\]\[13\],7.14µm
_04215_,7.12µm
_04294_,7.12µm
_06097_,7.12µm
_06121_,7.12µm
_06270_,7.12µm
_06517_,7.12µm
_07088_,7.12µm
_07366_,7.12µm
_07545_,7.12µm
_08292_,7.12µm
_08572_,7.12µm
net4277,7.12µm
_04859_,7.11µm
u_core.u_dmem.ram\[2\]\[24\],7.11µm
_00745_,7.105µm
_01005_,7.105µm
_01138_,7.105µm
_01207_,7.105µm
_01320_,7.105µm
_01467_,7.105µm
_01478_,7.105µm
_01929_,7.105µm
_02053_,7.105µm
_02480_,7.105µm
_02752_,7.105µm
_02779_,7.105µm
_02820_,7.105µm
_03477_,7.1µm
_04114_,7.1µm
_04191_,7.1µm
_04325_,7.1µm
_04447_,7.1µm
_04497_,7.1µm
_04699_,7.1µm
_05292_,7.1µm
_05638_,7.1µm
_05935_,7.1µm
_06338_,7.1µm
_06490_,7.1µm
_06749_,7.1µm
_07049_,7.1µm
_08254_,7.1µm
_08707_,7.1µm
_08953_,7.1µm
u_core.u_dmem.ram\[22\]\[27\],7.1µm
u_core.u_dmem.ram\[38\]\[15\],7.1µm
u_core.u_dmem.ram\[52\]\[30\],7.1µm
u_core.u_dmem.ram\[58\]\[10\],7.1µm
net754,7.1µm
net1409,7.1µm
net2651,7.1µm
net2680,7.1µm
net2700,7.1µm
net2757,7.1µm
net2770,7.1µm
net2772,7.1µm
net2818,7.1µm
net2863,7.1µm
net2892,7.1µm
net2899,7.1µm
net2907,7.1µm
net3009,7.1µm
net3171,7.1µm
net3184,7.1µm
net3212,7.1µm
net3214,7.1µm
net3256,7.1µm
net3262,7.1µm
net3310,7.1µm
net3430,7.1µm
net3454,7.1µm
net3503,7.1µm
net3519,7.1µm
net3520,7.1µm
net3832,7.1µm
net3863,7.1µm
net3872,7.1µm
net3956,7.1µm
net3970,7.1µm
net3988,7.1µm
net4133,7.1µm
net4185,7.1µm
net4187,7.1µm
net4263,7.1µm
net4286,7.1µm
net4391,7.1µm
net4636,7.1µm
net4682,7.1µm
net4698,7.1µm
net4732,7.1µm
net4761,7.1µm
net4863,7.1µm
net4923,7.1µm
net5008,7.1µm
net5041,7.1µm
net5225,7.1µm
net5410,7.1µm
net5477,7.1µm
_02796_,7.095µm
_01728_,7.08µm
_03094_,7.08µm
u_core.u_dmem.ram\[4\]\[24\],7.08µm
net4284,7.08µm
_00432_,7.075µm
_01788_,7.075µm
_03786_,7.06µm
_03792_,7.06µm
_04008_,7.06µm
_04263_,7.06µm
_05048_,7.06µm
_05169_,7.06µm
_05174_,7.06µm
_05406_,7.06µm
_06459_,7.06µm
_07221_,7.06µm
_07614_,7.06µm
_08577_,7.06µm
u_core.u_dmem.ram\[13\]\[4\],7.06µm
u_core.u_dmem.ram\[15\]\[29\],7.06µm
u_core.u_dmem.ram\[16\]\[16\],7.06µm
u_core.u_dmem.ram\[19\]\[20\],7.06µm
u_core.u_dmem.ram\[20\]\[19\],7.06µm
u_core.u_dmem.ram\[20\]\[25\],7.06µm
u_core.u_dmem.ram\[63\]\[10\],7.06µm
net1445,7.06µm
net4082,7.06µm
net4494,7.06µm
net4692,7.06µm
_00804_,7.055µm
_00139_,7.025µm
_00166_,7.025µm
_00725_,7.025µm
_01198_,7.015µm
_01625_,7.015µm
_02431_,7.015µm
_02531_,7.015µm
_02898_,7.015µm
_03008_,7.015µm
u_core.u_dmem.ram\[39\]\[16\],7.01µm
_01790_,7.005µm
_02337_,7.005µm
_02350_,7.005µm
_02520_,7.005µm
_01250_,7µm
_01442_,7µm
_01542_,7µm
_01718_,7µm
_02482_,7µm
_02771_,7µm
_05949_,7µm
_08465_,7µm
net2595,7µm
net2637,7µm
net2649,7µm
net2824,7µm
net2873,7µm
net2980,7µm
net3057,7µm
net3084,7µm
net3368,7µm
net3389,7µm
net3407,7µm
net3481,7µm
net3819,7µm
net3921,7µm
net3947,7µm
net3962,7µm
net3985,7µm
net4046,7µm
net4092,7µm
net4270,7µm
net4355,7µm
net4367,7µm
net4429,7µm
net4601,7µm
net4651,7µm
net4652,7µm
net4672,7µm
net4681,7µm
net4711,7µm
net4849,7µm
net4880,7µm
net4953,7µm
net5106,7µm
net5132,7µm
net5142,7µm
net5249,7µm
net5270,7µm
net5305,7µm
net5308,7µm
net5345,7µm
net5388,7µm
net5496,7µm
_01129_,6.985µm
_01169_,6.985µm
_03616_,6.98µm
_04025_,6.98µm
_04949_,6.98µm
_05279_,6.98µm
_06926_,6.98µm
_07410_,6.98µm
_07818_,6.98µm
_07953_,6.98µm
_07967_,6.98µm
_08393_,6.98µm
_08712_,6.98µm
u_core.u_dmem.ram\[34\]\[19\],6.98µm
u_core.u_dmem.ram\[40\]\[10\],6.98µm
u_core.u_dmem.ram\[42\]\[0\],6.98µm
u_core.u_dmem.ram\[42\]\[26\],6.98µm
u_core.u_dmem.ram\[44\]\[3\],6.98µm
net2674,6.98µm
net2677,6.98µm
net3632,6.98µm
net3722,6.98µm
net3941,6.98µm
net3994,6.98µm
net4739,6.98µm
net4857,6.98µm
net5089,6.98µm
_07297_,6.975µm
_02287_,6.96µm
_04956_,6.96µm
_06865_,6.96µm
_07460_,6.96µm
net3335,6.96µm
net3463,6.96µm
net3530,6.96µm
net4148,6.96µm
net4150,6.96µm
net4281,6.96µm
net4336,6.96µm
net4384,6.96µm
net4820,6.96µm
_00648_,6.955µm
_03987_,6.94µm
_04014_,6.94µm
_05936_,6.94µm
_06667_,6.94µm
_08391_,6.94µm
_08765_,6.94µm
_09042_,6.94µm
u_core.u_dmem.ram\[20\]\[29\],6.94µm
u_core.u_dmem.ram\[23\]\[13\],6.94µm
u_core.u_dmem.ram\[45\]\[24\],6.94µm
u_core.u_dmem.ram\[60\]\[16\],6.94µm
u_core.u_dmem.ram\[8\]\[4\],6.94µm
net4118,6.94µm
net4702,6.94µm
_00591_,6.935µm
_08775_,6.935µm
_00164_,6.925µm
_00254_,6.925µm
_00378_,6.925µm
_00645_,6.925µm
_01278_,6.925µm
_02760_,6.925µm
_05113_,6.92µm
_06599_,6.92µm
net2607,6.92µm
net3421,6.92µm
u_core.u_dmem.ram\[18\]\[17\],6.915µm
_04337_,6.9µm
_05902_,6.9µm
_06677_,6.9µm
_08609_,6.9µm
net2736,6.9µm
net2982,6.9µm
net3097,6.9µm
net3451,6.9µm
net3482,6.9µm
net3508,6.9µm
net4072,6.9µm
net4504,6.9µm
net4675,6.9µm
net4807,6.9µm
net4916,6.9µm
net5011,6.9µm
net5086,6.9µm
net5380,6.9µm
u_core.u_dmem.ram\[6\]\[28\],6.89µm
u_core.u_dmem.ram\[8\]\[21\],6.89µm
_00683_,6.885µm
_01691_,6.885µm
_01909_,6.885µm
_02166_,6.885µm
_02542_,6.885µm
_00548_,6.88µm
_07817_,6.88µm
_08247_,6.88µm
_08789_,6.88µm
net2543,6.88µm
net2862,6.88µm
net2904,6.88µm
net3522,6.88µm
net4181,6.88µm
net4479,6.88µm
_05813_,6.865µm
_02445_,6.86µm
_04462_,6.86µm
_04984_,6.86µm
_05148_,6.86µm
_05333_,6.86µm
_05395_,6.86µm
_07328_,6.86µm
u_core.u_dmem.ram\[13\]\[26\],6.86µm
u_core.u_dmem.ram\[18\]\[28\],6.86µm
u_core.u_dmem.ram\[52\]\[6\],6.86µm
net2990,6.86µm
net3173,6.86µm
_00136_,6.855µm
_01457_,6.845µm
_02267_,6.845µm
_07190_,6.845µm
_03589_,6.84µm
_05875_,6.84µm
_07475_,6.84µm
_07676_,6.84µm
net3278,6.84µm
net4039,6.84µm
_00128_,6.825µm
_00218_,6.825µm
_00299_,6.825µm
_00373_,6.825µm
_00568_,6.825µm
_00672_,6.825µm
_00837_,6.825µm
_00946_,6.825µm
_01085_,6.825µm
_01221_,6.825µm
_01393_,6.825µm
_01437_,6.825µm
_01475_,6.825µm
_01519_,6.825µm
_01561_,6.825µm
_01666_,6.825µm
_01738_,6.825µm
_01776_,6.825µm
_01787_,6.825µm
_01984_,6.825µm
_02043_,6.825µm
_02150_,6.825µm
_02158_,6.825µm
_02165_,6.825µm
_02206_,6.825µm
_02519_,6.825µm
_02645_,6.825µm
_02658_,6.825µm
_02726_,6.825µm
_04213_,6.82µm
_05127_,6.82µm
_07767_,6.82µm
u_core.u_dmem.ram\[51\]\[7\],6.82µm
net4540,6.82µm
_06896_,6.815µm
u_core.u_dmem.ram\[62\]\[11\],6.81µm
_02087_,6.805µm
_02913_,6.805µm
_03041_,6.805µm
_01709_,6.785µm
_01737_,6.785µm
_02843_,6.785µm
_03609_,6.78µm
_08608_,6.78µm
_08664_,6.78µm
_09003_,6.78µm
net3183,6.78µm
_00647_,6.765µm
_01063_,6.765µm
_01407_,6.765µm
_02476_,6.765µm
_08719_,6.765µm
_03387_,6.76µm
_04039_,6.76µm
_04094_,6.76µm
_05351_,6.76µm
_06306_,6.76µm
_06333_,6.76µm
_06860_,6.76µm
_06975_,6.76µm
_07167_,6.76µm
_07207_,6.76µm
_08345_,6.76µm
_08451_,6.76µm
u_core.u_dmem.ram\[3\]\[2\],6.76µm
u_core.u_dmem.ram\[40\]\[2\],6.76µm
net3773,6.76µm
net4191,6.76µm
net4573,6.76µm
net4957,6.76µm
net4981,6.76µm
net5055,6.76µm
net5209,6.76µm
net5318,6.76µm
net5338,6.76µm
net5494,6.76µm
net5513,6.76µm
net5574,6.76µm
net5575,6.76µm
_07534_,6.755µm
_07439_,6.75µm
_06814_,6.74µm
_07129_,6.74µm
_07648_,6.74µm
u_core.u_dmem.ram\[34\]\[12\],6.74µm
u_core.u_dmem.ram\[43\]\[10\],6.74µm
u_core.u_dmem.ram\[49\]\[9\],6.74µm
_00821_,6.735µm
_02050_,6.735µm
_03398_,6.73µm
_07807_,6.73µm
_01365_,6.725µm
_02806_,6.725µm
_03706_,6.72µm
_03923_,6.72µm
_04178_,6.72µm
_04434_,6.72µm
_04960_,6.72µm
_05217_,6.72µm
_05280_,6.72µm
_05815_,6.72µm
_05979_,6.72µm
_06454_,6.72µm
_07246_,6.72µm
_07363_,6.72µm
_07437_,6.72µm
_07482_,6.72µm
_07566_,6.72µm
_07664_,6.72µm
_07749_,6.72µm
_07861_,6.72µm
_08868_,6.72µm
u_core.u_dmem.ram\[10\]\[24\],6.72µm
u_core.u_dmem.ram\[11\]\[12\],6.72µm
u_core.u_dmem.ram\[14\]\[8\],6.72µm
u_core.u_dmem.ram\[15\]\[2\],6.72µm
u_core.u_dmem.ram\[22\]\[22\],6.72µm
u_core.u_dmem.ram\[23\]\[25\],6.72µm
u_core.u_dmem.ram\[26\]\[2\],6.72µm
u_core.u_dmem.ram\[29\]\[20\],6.72µm
u_core.u_dmem.ram\[56\]\[7\],6.72µm
u_core.u_dmem.ram\[58\]\[26\],6.72µm
net2457,6.72µm
net3489,6.72µm
net4364,6.72µm
net5483,6.72µm
_01707_,6.705µm
_05627_,6.7µm
_07891_,6.7µm
_08738_,6.7µm
_02293_,6.695µm
_02892_,6.695µm
u_core.u_dmem.ram\[15\]\[24\],6.695µm
_00172_,6.685µm
_00221_,6.685µm
_00436_,6.685µm
_00956_,6.685µm
_01197_,6.685µm
_01297_,6.685µm
_01774_,6.685µm
_02067_,6.685µm
_02741_,6.685µm
_03058_,6.685µm
_03473_,6.66µm
_04481_,6.66µm
_05423_,6.66µm
_05770_,6.66µm
_06009_,6.66µm
_06378_,6.66µm
_06828_,6.66µm
_06871_,6.66µm
_07074_,6.66µm
_07448_,6.66µm
_08118_,6.66µm
_08533_,6.66µm
_08679_,6.66µm
_08764_,6.66µm
_08815_,6.66µm
net3093,6.66µm
u_core.u_dmem.ram\[19\]\[24\],6.65µm
u_core.u_dmem.ram\[45\]\[4\],6.65µm
u_core.u_dmem.ram\[46\]\[25\],6.65µm
_00034_,6.645µm
_00451_,6.645µm
_00596_,6.645µm
_00800_,6.645µm
_00814_,6.645µm
_00853_,6.645µm
_00888_,6.645µm
_01238_,6.645µm
_01351_,6.645µm
_01373_,6.645µm
_01629_,6.645µm
_01772_,6.645µm
_02104_,6.645µm
_03618_,6.64µm
_03802_,6.64µm
_03954_,6.64µm
_04558_,6.64µm
_04612_,6.64µm
_04775_,6.64µm
_04998_,6.64µm
_05293_,6.64µm
_05548_,6.64µm
_05593_,6.64µm
_06659_,6.64µm
_06678_,6.64µm
_06798_,6.64µm
_07530_,6.64µm
_07647_,6.64µm
_08149_,6.64µm
_08323_,6.64µm
u_core.u_dmem.ram\[15\]\[13\],6.64µm
u_core.u_dmem.ram\[23\]\[1\],6.64µm
u_core.u_dmem.ram\[4\]\[26\],6.64µm
u_core.u_dmem.ram\[51\]\[13\],6.64µm
net2566,6.64µm
net2774,6.64µm
net2844,6.64µm
net2946,6.64µm
net2948,6.64µm
net2989,6.64µm
net3135,6.64µm
net3390,6.64µm
net3465,6.64µm
net3548,6.64µm
net3768,6.64µm
net4128,6.64µm
net4282,6.64µm
net4470,6.64µm
net4473,6.64µm
net4603,6.64µm
net4687,6.64µm
net4688,6.64µm
net4704,6.64µm
net4805,6.64µm
net4900,6.64µm
net4975,6.64µm
net5034,6.64µm
net5185,6.64µm
net5321,6.64µm
net5564,6.64µm
_02318_,6.625µm
_03101_,6.625µm
_06146_,6.625µm
_04033_,6.62µm
u_core.u_dmem.ram\[16\]\[15\],6.62µm
u_core.u_dmem.ram\[30\]\[4\],6.62µm
u_core.u_dmem.ram\[63\]\[4\],6.62µm
_03585_,6.6µm
_03847_,6.6µm
_03907_,6.6µm
_04071_,6.6µm
_05050_,6.6µm
_05432_,6.6µm
_05609_,6.6µm
_05985_,6.6µm
_06157_,6.6µm
_06297_,6.6µm
_06654_,6.6µm
_07034_,6.6µm
_07234_,6.6µm
_07277_,6.6µm
_07511_,6.6µm
_07514_,6.6µm
_08060_,6.6µm
_08230_,6.6µm
_08271_,6.6µm
_08376_,6.6µm
u_core.u_dmem.ram\[10\]\[29\],6.6µm
u_core.u_dmem.ram\[12\]\[4\],6.6µm
u_core.u_dmem.ram\[13\]\[21\],6.6µm
u_core.u_dmem.ram\[14\]\[23\],6.6µm
u_core.u_dmem.ram\[1\]\[31\],6.6µm
u_core.u_dmem.ram\[48\]\[15\],6.6µm
u_core.u_dmem.ram\[61\]\[11\],6.6µm
u_core.u_dmem.ram\[7\]\[21\],6.6µm
net3074,6.6µm
net3209,6.6µm
net3273,6.6µm
net3515,6.6µm
net3628,6.6µm
net3653,6.6µm
net3694,6.6µm
net3728,6.6µm
net3818,6.6µm
net4085,6.6µm
net4094,6.6µm
net4120,6.6µm
net4222,6.6µm
net4287,6.6µm
net5562,6.6µm
_00226_,6.595µm
u_core.u_dmem.ram\[3\]\[7\],6.59µm
_07109_,6.58µm
_02271_,6.565µm
_02347_,6.565µm
_02432_,6.565µm
_02685_,6.565µm
_02853_,6.565µm
u_core.u_dmem.ram\[46\]\[18\],6.55µm
_00799_,6.545µm
_00788_,6.54µm
_01179_,6.54µm
_01536_,6.54µm
_01879_,6.54µm
_02662_,6.54µm
_04004_,6.54µm
_06239_,6.54µm
_08777_,6.54µm
net2548,6.54µm
net2585,6.54µm
net2732,6.54µm
net2744,6.54µm
net2764,6.54µm
net2838,6.54µm
net2857,6.54µm
net2972,6.54µm
net2981,6.54µm
net2994,6.54µm
net3047,6.54µm
net3077,6.54µm
net3301,6.54µm
net3319,6.54µm
net3341,6.54µm
net3424,6.54µm
net3635,6.54µm
net3639,6.54µm
net3651,6.54µm
net3799,6.54µm
net3815,6.54µm
net3920,6.54µm
net3978,6.54µm
net3998,6.54µm
net4053,6.54µm
net4153,6.54µm
net4180,6.54µm
net4306,6.54µm
net4378,6.54µm
net4418,6.54µm
net4564,6.54µm
net4641,6.54µm
net4658,6.54µm
net4781,6.54µm
net4964,6.54µm
net5107,6.54µm
net5130,6.54µm
net5406,6.54µm
net5490,6.54µm
net5567,6.54µm
_00724_,6.525µm
_00767_,6.525µm
_00828_,6.525µm
_01381_,6.525µm
_01611_,6.525µm
_05005_,6.52µm
_05159_,6.52µm
_06897_,6.52µm
_08374_,6.52µm
_09016_,6.52µm
u_core.u_dmem.ram\[15\]\[15\],6.52µm
u_core.u_dmem.ram\[18\]\[18\],6.52µm
u_core.u_dmem.ram\[20\]\[10\],6.52µm
u_core.u_dmem.ram\[21\]\[11\],6.52µm
u_core.u_dmem.ram\[2\]\[14\],6.52µm
u_core.u_dmem.ram\[48\]\[31\],6.52µm
u_core.u_dmem.ram\[52\]\[5\],6.52µm
u_core.u_dmem.ram\[55\]\[3\],6.52µm
u_core.u_dmem.ram\[56\]\[16\],6.52µm
u_core.u_dmem.ram\[58\]\[1\],6.52µm
net3942,6.52µm
net4084,6.52µm
net5042,6.52µm
_00132_,6.5µm
_00961_,6.5µm
_01014_,6.5µm
_01335_,6.5µm
_03032_,6.5µm
_03580_,6.5µm
_04678_,6.5µm
_05988_,6.5µm
_08236_,6.5µm
_08308_,6.5µm
u_core.u_dmem.ram\[18\]\[12\],6.5µm
u_core.u_dmem.ram\[19\]\[14\],6.5µm
net373,6.5µm
net2890,6.5µm
net2947,6.5µm
net3031,6.5µm
net3358,6.5µm
net3878,6.5µm
net3954,6.5µm
net4171,6.5µm
net4618,6.5µm
net4735,6.5µm
net5457,6.5µm
u_core.u_dmem.ram\[1\]\[23\],6.495µm
u_core.u_dmem.ram\[27\]\[21\],6.495µm
_01602_,6.485µm
_03384_,6.48µm
_03970_,6.48µm
_04559_,6.48µm
_04573_,6.48µm
_05531_,6.48µm
_05559_,6.48µm
_05762_,6.48µm
_06676_,6.48µm
_07586_,6.48µm
_08055_,6.48µm
u_core.u_dmem.ram\[28\]\[29\],6.48µm
u_core.u_dmem.ram\[37\]\[21\],6.48µm
u_core.u_dmem.ram\[52\]\[22\],6.48µm
u_core.u_dmem.ram\[5\]\[9\],6.48µm
u_core.u_dmem.ram\[9\]\[31\],6.48µm
net4447,6.48µm
net5016,6.48µm
_01923_,6.475µm
u_core.u_dmem.ram\[18\]\[15\],6.475µm
_00929_,6.465µm
_01480_,6.465µm
_02742_,6.465µm
_00141_,6.445µm
_00395_,6.445µm
_07459_,6.44µm
net2552,6.44µm
net2678,6.44µm
net2777,6.44µm
net3002,6.44µm
net3019,6.44µm
net3059,6.44µm
net3109,6.44µm
net3160,6.44µm
net3309,6.44µm
net3312,6.44µm
net3384,6.44µm
net3826,6.44µm
net4190,6.44µm
net4394,6.44µm
net4819,6.44µm
net4910,6.44µm
net5015,6.44µm
net5045,6.44µm
net5123,6.44µm
net5231,6.44µm
net5344,6.44µm
net5509,6.44µm
_00404_,6.425µm
_00420_,6.425µm
_00428_,6.425µm
_00512_,6.425µm
_00532_,6.425µm
_00781_,6.425µm
_00884_,6.425µm
_01030_,6.425µm
_01040_,6.425µm
_01078_,6.425µm
_01174_,6.425µm
_01202_,6.425µm
_01218_,6.425µm
_01328_,6.425µm
_01501_,6.425µm
_01570_,6.425µm
_01806_,6.425µm
_01986_,6.425µm
_02442_,6.425µm
_02235_,6.42µm
_02351_,6.42µm
_05997_,6.42µm
net2619,6.42µm
net2659,6.42µm
net2809,6.42µm
net3623,6.42µm
net3747,6.42µm
net3852,6.42µm
net4368,6.42µm
net4884,6.42µm
net4973,6.42µm
net5328,6.42µm
net5550,6.42µm
_03558_,6.4µm
_04504_,6.4µm
_05636_,6.4µm
_06439_,6.4µm
_06580_,6.4µm
u_core.u_dmem.ram\[15\]\[16\],6.4µm
u_core.u_dmem.ram\[22\]\[26\],6.4µm
u_core.u_dmem.ram\[24\]\[3\],6.4µm
u_core.u_dmem.ram\[47\]\[18\],6.4µm
_06007_,6.38µm
_07069_,6.38µm
_08844_,6.38µm
u_core.u_dmem.ram\[29\]\[29\],6.38µm
_01044_,6.375µm
u_core.u_dmem.ram\[25\]\[28\],6.375µm
_01281_,6.365µm
_01358_,6.365µm
_02052_,6.365µm
_02233_,6.365µm
_03866_,6.36µm
_05074_,6.36µm
_08390_,6.36µm
_08896_,6.36µm
u_core.u_dmem.ram\[11\]\[23\],6.36µm
u_core.u_dmem.ram\[21\]\[4\],6.36µm
u_core.u_dmem.ram\[57\]\[1\],6.36µm
u_core.u_dmem.ram\[7\]\[15\],6.36µm
_01313_,6.355µm
_01396_,6.355µm
_01302_,6.325µm
_02008_,6.325µm
_02066_,6.325µm
_03657_,6.32µm
_04121_,6.32µm
_04380_,6.32µm
_05056_,6.32µm
_06233_,6.32µm
_07121_,6.32µm
_08267_,6.32µm
_08484_,6.32µm
net2737,6.32µm
net3647,6.32µm
_07494_,6.315µm
_00240_,6.305µm
_00367_,6.305µm
_03105_,6.3µm
_03447_,6.3µm
_05901_,6.3µm
_06461_,6.3µm
_06756_,6.3µm
_06971_,6.3µm
_07090_,6.3µm
_07200_,6.3µm
_07217_,6.3µm
_07352_,6.3µm
_07640_,6.3µm
_07988_,6.3µm
_08901_,6.3µm
_08916_,6.3µm
u_core.u_dmem.ram\[19\]\[11\],6.3µm
u_core.u_dmem.ram\[37\]\[26\],6.3µm
u_core.u_dmem.ram\[40\]\[31\],6.3µm
u_core.u_dmem.ram\[43\]\[7\],6.3µm
u_core.u_dmem.ram\[47\]\[15\],6.3µm
net4005,6.3µm
net4214,6.3µm
net4256,6.3µm
net4356,6.3µm
net4410,6.3µm
net4501,6.3µm
net4864,6.3µm
net5126,6.3µm
net5169,6.3µm
net5267,6.3µm
net5286,6.3µm
net5326,6.3µm
net5467,6.3µm
u_core.u_dmem.ram\[19\]\[12\],6.295µm
_06015_,6.28µm
_07157_,6.28µm
_07771_,6.28µm
_07886_,6.28µm
u_core.u_dmem.ram\[37\]\[5\],6.28µm
net2550,6.28µm
_00407_,6.275µm
_02109_,6.275µm
_00371_,6.265µm
_00726_,6.265µm
_01149_,6.265µm
_01462_,6.265µm
_01522_,6.265µm
_01584_,6.265µm
_01873_,6.265µm
_02048_,6.265µm
_02332_,6.265µm
_04550_,6.26µm
_04823_,6.26µm
_05666_,6.26µm
_05818_,6.26µm
_06122_,6.26µm
_06545_,6.26µm
_06625_,6.26µm
_07072_,6.26µm
_07243_,6.26µm
_07254_,6.26µm
_07382_,6.26µm
_07404_,6.26µm
_08050_,6.26µm
_08618_,6.26µm
_09023_,6.26µm
u_core.u_dmem.ram\[10\]\[15\],6.26µm
u_core.u_dmem.ram\[25\]\[13\],6.26µm
u_core.u_dmem.ram\[29\]\[23\],6.26µm
u_core.u_dmem.ram\[37\]\[6\],6.26µm
u_core.u_dmem.ram\[41\]\[7\],6.26µm
u_core.u_dmem.ram\[4\]\[25\],6.26µm
u_core.u_dmem.ram\[4\]\[30\],6.26µm
u_core.u_dmem.ram\[55\]\[28\],6.26µm
u_core.u_dmem.ram\[58\]\[15\],6.26µm
u_core.u_dmem.ram\[58\]\[25\],6.26µm
u_core.u_dmem.ram\[9\]\[13\],6.26µm
net4299,6.26µm
_00463_,6.255µm
_08491_,6.255µm
_00519_,6.245µm
_07070_,6.24µm
_09010_,6.24µm
_00190_,6.235µm
_00846_,6.235µm
_00954_,6.235µm
_02926_,6.235µm
u_core.u_dmem.ram\[13\]\[8\],6.23µm
_00176_,6.225µm
_00376_,6.225µm
_00381_,6.225µm
_00650_,6.225µm
_00862_,6.225µm
_01073_,6.225µm
_01284_,6.225µm
_01433_,6.225µm
_01726_,6.225µm
_02354_,6.225µm
_02396_,6.225µm
_02464_,6.225µm
_02493_,6.225µm
_03063_,6.225µm
_08079_,6.225µm
_03095_,6.22µm
_08796_,6.205µm
_05136_,6.2µm
_05519_,6.2µm
_06409_,6.2µm
_06894_,6.2µm
_07580_,6.2µm
_07667_,6.2µm
_08944_,6.2µm
net2618,6.2µm
net2697,6.2µm
net2701,6.2µm
net3898,6.2µm
net4654,6.2µm
net4845,6.2µm
net5064,6.2µm
_00068_,6.185µm
_00370_,6.185µm
_00468_,6.185µm
_00663_,6.185µm
_01083_,6.185µm
_01188_,6.185µm
_01269_,6.185µm
_01273_,6.185µm
_01292_,6.185µm
_01630_,6.185µm
_01832_,6.185µm
_01927_,6.185µm
_02004_,6.185µm
_02039_,6.185µm
_02122_,6.185µm
_02181_,6.185µm
_02216_,6.185µm
_02238_,6.185µm
_02617_,6.185µm
_02630_,6.185µm
_02776_,6.185µm
_02921_,6.185µm
_07380_,6.185µm
_03534_,6.18µm
_03608_,6.18µm
_04299_,6.18µm
_04561_,6.18µm
_04648_,6.18µm
_05578_,6.18µm
_05623_,6.18µm
_05697_,6.18µm
_06237_,6.18µm
_06463_,6.18µm
_06470_,6.18µm
_06662_,6.18µm
_07501_,6.18µm
_07918_,6.18µm
_08165_,6.18µm
_08426_,6.18µm
_08493_,6.18µm
_08612_,6.18µm
_08800_,6.18µm
_08812_,6.18µm
_08968_,6.18µm
u_core.u_dmem.ram\[1\]\[0\],6.18µm
u_core.u_dmem.ram\[29\]\[27\],6.18µm
u_core.u_dmem.ram\[33\]\[3\],6.18µm
net1466,6.18µm
net2579,6.18µm
net2594,6.18µm
net2691,6.18µm
net2693,6.18µm
net2702,6.18µm
net2926,6.18µm
net2933,6.18µm
net2942,6.18µm
net3008,6.18µm
net3080,6.18µm
net3163,6.18µm
net3229,6.18µm
net3353,6.18µm
net3379,6.18µm
net3665,6.18µm
net3718,6.18µm
net3725,6.18µm
net3984,6.18µm
net4027,6.18µm
net4313,6.18µm
net4497,6.18µm
net4686,6.18µm
net4810,6.18µm
net4918,6.18µm
net5212,6.18µm
_00044_,6.165µm
_00411_,6.165µm
_00806_,6.165µm
_01332_,6.165µm
_01476_,6.165µm
_01500_,6.165µm
_01671_,6.165µm
_02068_,6.165µm
_02172_,6.165µm
_02381_,6.165µm
_02474_,6.165µm
_03093_,6.165µm
_03506_,6.16µm
_04810_,6.16µm
_07695_,6.16µm
u_core.u_dmem.ram\[13\]\[13\],6.16µm
u_core.u_dmem.ram\[21\]\[1\],6.16µm
u_core.u_dmem.ram\[55\]\[24\],6.16µm
_06765_,6.15µm
_04084_,6.14µm
_04245_,6.14µm
_04363_,6.14µm
_04585_,6.14µm
_04667_,6.14µm
_05007_,6.14µm
_05124_,6.14µm
_05367_,6.14µm
_05451_,6.14µm
_06698_,6.14µm
_07009_,6.14µm
_07018_,6.14µm
_07032_,6.14µm
_07192_,6.14µm
_07331_,6.14µm
_07598_,6.14µm
_07690_,6.14µm
_07700_,6.14µm
_07899_,6.14µm
_07904_,6.14µm
_08012_,6.14µm
_08367_,6.14µm
_08550_,6.14µm
_08611_,6.14µm
u_core.u_dmem.ram\[20\]\[3\],6.14µm
u_core.u_dmem.ram\[31\]\[30\],6.14µm
u_core.u_dmem.ram\[5\]\[31\],6.14µm
u_core.u_dmem.ram\[6\]\[16\],6.14µm
net2621,6.14µm
net2722,6.14µm
net2839,6.14µm
net2928,6.14µm
net3230,6.14µm
net3370,6.14µm
net3375,6.14µm
net3552,6.14µm
net3577,6.14µm
net3790,6.14µm
net4177,6.14µm
net4246,6.14µm
net5088,6.14µm
net5216,6.14µm
net5357,6.14µm
net5415,6.14µm
_00757_,6.135µm
_01025_,6.135µm
_01914_,6.135µm
u_core.u_dmem.ram\[27\]\[14\],6.13µm
_07068_,6.125µm
_07103_,6.12µm
_07446_,6.12µm
_05040_,6.11µm
_00325_,6.105µm
_00624_,6.105µm
_00918_,6.105µm
_01121_,6.105µm
_02153_,6.105µm
_02348_,6.105µm
_02503_,6.105µm
_00155_,6.1µm
_00697_,6.1µm
_01532_,6.1µm
u_core.u_dmem.ram\[18\]\[3\],6.09µm
_00170_,6.085µm
_00396_,6.08µm
_00943_,6.08µm
_01055_,6.08µm
_01578_,6.08µm
_01994_,6.08µm
_04525_,6.08µm
_04942_,6.08µm
_05577_,6.08µm
_05797_,6.08µm
_08904_,6.08µm
net2544,6.08µm
net2613,6.08µm
net2634,6.08µm
net2716,6.08µm
net2782,6.08µm
net2805,6.08µm
net2950,6.08µm
net3076,6.08µm
net3094,6.08µm
net3119,6.08µm
net3129,6.08µm
net3134,6.08µm
net3219,6.08µm
net3233,6.08µm
net3244,6.08µm
net3295,6.08µm
net3525,6.08µm
net3705,6.08µm
net3772,6.08µm
net3841,6.08µm
net3842,6.08µm
net4007,6.08µm
net4033,6.08µm
net4200,6.08µm
net4224,6.08µm
net4264,6.08µm
net4296,6.08µm
net4322,6.08µm
net4399,6.08µm
net4550,6.08µm
net4569,6.08µm
net4661,6.08µm
net4667,6.08µm
net4699,6.08µm
net4745,6.08µm
net4754,6.08µm
net4827,6.08µm
net4838,6.08µm
net4911,6.08µm
net4912,6.08µm
net4969,6.08µm
net5037,6.08µm
net5046,6.08µm
net5143,6.08µm
net5208,6.08µm
net5252,6.08µm
net5299,6.08µm
net5315,6.08µm
net5369,6.08µm
net5383,6.08µm
net5398,6.08µm
net5427,6.08µm
_00338_,6.065µm
_00839_,6.065µm
_00915_,6.065µm
_01554_,6.065µm
_01583_,6.065µm
_01804_,6.065µm
_01896_,6.065µm
_02876_,6.065µm
_02927_,6.065µm
_02947_,6.065µm
_05033_,6.06µm
_08977_,6.06µm
u_core.u_dmem.ram\[15\]\[22\],6.06µm
u_core.u_dmem.ram\[35\]\[15\],6.06µm
u_core.u_dmem.ram\[49\]\[8\],6.06µm
u_core.u_dmem.ram\[7\]\[24\],6.06µm
net2647,6.06µm
net2861,6.06µm
net3141,6.06µm
net3374,6.06µm
net3436,6.06µm
net3669,6.06µm
u_core.u_dmem.ram\[63\]\[17\],6.045µm
_00251_,6.04µm
_01067_,6.04µm
_01151_,6.04µm
_01540_,6.04µm
_01607_,6.04µm
_01621_,6.04µm
_01928_,6.04µm
_02345_,6.04µm
_02415_,6.04µm
_02604_,6.04µm
_02698_,6.04µm
_03033_,6.04µm
_03080_,6.04µm
_05781_,6.04µm
_05919_,6.04µm
_07298_,6.04µm
_08269_,6.04µm
u_core.u_dmem.ram\[16\]\[8\],6.04µm
u_core.u_dmem.ram\[45\]\[17\],6.04µm
net2557,6.04µm
net3124,6.04µm
net3678,6.04µm
net4312,6.04µm
net4529,6.04µm
_07751_,6.035µm
u_core.u_dmem.ram\[1\]\[17\],6.035µm
u_core.u_dmem.ram\[23\]\[10\],6.035µm
u_core.u_dmem.ram\[19\]\[28\],6.025µm
u_core.u_dmem.ram\[6\]\[25\],6.025µm
_05307_,6.02µm
_05377_,6.02µm
_06591_,6.02µm
_06876_,6.02µm
_07884_,6.02µm
u_core.u_dmem.ram\[34\]\[31\],6.02µm
u_core.u_dmem.ram\[49\]\[13\],6.02µm
u_core.u_dmem.ram\[51\]\[11\],6.02µm
u_core.u_dmem.ram\[56\]\[26\],6.02µm
u_core.u_dmem.ram\[59\]\[31\],6.02µm
u_core.u_dmem.ram\[9\]\[12\],6.02µm
net2843,6.02µm
net3216,6.02µm
_06658_,6.015µm
_08636_,6.015µm
u_core.u_dmem.ram\[18\]\[30\],6.015µm
_00386_,6.005µm
_00655_,6.005µm
_00964_,6.005µm
_00985_,6.005µm
_01012_,6.005µm
_01484_,6.005µm
_01529_,6.005µm
_01786_,6.005µm
_01969_,6.005µm
_02260_,6.005µm
_05163_,5.99µm
_04526_,5.98µm
_05446_,5.98µm
_05774_,5.98µm
_07204_,5.98µm
_07347_,5.98µm
_07354_,5.98µm
_08919_,5.98µm
net2686,5.98µm
net2718,5.98µm
net2752,5.98µm
net2762,5.98µm
net2787,5.98µm
net2820,5.98µm
net2912,5.98µm
net2914,5.98µm
net2916,5.98µm
net2918,5.98µm
net2935,5.98µm
net2936,5.98µm
net2958,5.98µm
net2998,5.98µm
net3005,5.98µm
net3018,5.98µm
net3033,5.98µm
net3045,5.98µm
net3102,5.98µm
net3154,5.98µm
net3157,5.98µm
net3159,5.98µm
net3164,5.98µm
net3166,5.98µm
net3251,5.98µm
net3252,5.98µm
net3268,5.98µm
net3276,5.98µm
net3322,5.98µm
net3440,5.98µm
net3449,5.98µm
net3516,5.98µm
net3533,5.98µm
net3540,5.98µm
net3571,5.98µm
net3581,5.98µm
net3668,5.98µm
net3674,5.98µm
net3675,5.98µm
net3714,5.98µm
net3803,5.98µm
net3849,5.98µm
net3938,5.98µm
net3940,5.98µm
net3963,5.98µm
net4002,5.98µm
net4066,5.98µm
net4179,5.98µm
net4195,5.98µm
net4319,5.98µm
net4412,5.98µm
net4462,5.98µm
net4606,5.98µm
net4660,5.98µm
net4798,5.98µm
net4799,5.98µm
net4809,5.98µm
net4822,5.98µm
net4834,5.98µm
net4840,5.98µm
net4852,5.98µm
net4892,5.98µm
net4921,5.98µm
net4939,5.98µm
net4948,5.98µm
net4954,5.98µm
net4961,5.98µm
net4978,5.98µm
net4997,5.98µm
net5010,5.98µm
net5027,5.98µm
net5119,5.98µm
net5186,5.98µm
net5227,5.98µm
net5241,5.98µm
net5350,5.98µm
net5456,5.98µm
net5480,5.98µm
net5518,5.98µm
net5556,5.98µm
u_core.u_dmem.ram\[15\]\[27\],5.975µm
u_core.u_dmem.ram\[19\]\[13\],5.975µm
_00028_,5.965µm
_00045_,5.965µm
_00536_,5.965µm
_00693_,5.965µm
_00986_,5.965µm
_01022_,5.965µm
_01099_,5.965µm
_01223_,5.965µm
_01371_,5.965µm
_01436_,5.965µm
_01764_,5.965µm
_01793_,5.965µm
_01920_,5.965µm
_01975_,5.965µm
_01980_,5.965µm
_02086_,5.965µm
_02212_,5.965µm
_02301_,5.965µm
_02803_,5.965µm
_02922_,5.965µm
_03026_,5.965µm
_00175_,5.96µm
_01027_,5.96µm
_01034_,5.96µm
_01134_,5.96µm
_01388_,5.96µm
_04048_,5.96µm
_04183_,5.96µm
_05312_,5.96µm
_06001_,5.96µm
_07452_,5.96µm
_08431_,5.96µm
net3016,5.96µm
net5544,5.96µm
_00148_,5.945µm
_00224_,5.945µm
_01599_,5.945µm
_02884_,5.945µm
_06319_,5.945µm
u_core.u_dmem.ram\[59\]\[27\],5.945µm
_04737_,5.94µm
_04897_,5.94µm
_04900_,5.94µm
_07546_,5.94µm
u_core.u_dmem.ram\[19\]\[27\],5.94µm
u_core.u_dmem.ram\[20\]\[15\],5.94µm
u_core.u_dmem.ram\[20\]\[28\],5.94µm
u_core.u_dmem.ram\[29\]\[3\],5.94µm
u_core.u_dmem.ram\[29\]\[6\],5.94µm
net2871,5.94µm
net2969,5.94µm
_00637_,5.935µm
_01803_,5.935µm
_05504_,5.92µm
_05649_,5.92µm
_06884_,5.92µm
_06940_,5.92µm
_08450_,5.92µm
_08724_,5.92µm
net4518,5.92µm
_00095_,5.915µm
_01008_,5.905µm
_02572_,5.905µm
_04873_,5.9µm
u_core.u_dmem.ram\[24\]\[6\],5.9µm
u_core.u_dmem.ram\[35\]\[10\],5.9µm
u_core.u_dmem.ram\[43\]\[11\],5.9µm
u_core.u_dmem.ram\[58\]\[3\],5.9µm
_00079_,5.895µm
_00129_,5.895µm
_00350_,5.895µm
_00525_,5.895µm
_00626_,5.895µm
_00833_,5.895µm
_00930_,5.895µm
_00965_,5.895µm
_01002_,5.895µm
_01056_,5.895µm
_01183_,5.895µm
_01352_,5.895µm
_01756_,5.895µm
_01798_,5.895µm
_01824_,5.895µm
_01858_,5.895µm
_01893_,5.895µm
_01938_,5.895µm
_02035_,5.895µm
_02633_,5.895µm
_02895_,5.895µm
_01888_,5.885µm
_06226_,5.88µm
_00072_,5.865µm
_00700_,5.865µm
_00890_,5.865µm
_02148_,5.865µm
_02247_,5.865µm
_05943_,5.865µm
_03801_,5.86µm
_04342_,5.86µm
_04359_,5.86µm
_05364_,5.86µm
_05392_,5.86µm
_05692_,5.86µm
_06705_,5.86µm
_06812_,5.86µm
_07137_,5.86µm
_08419_,5.86µm
net2738,5.86µm
net2799,5.86µm
net2829,5.86µm
net2853,5.86µm
net2870,5.86µm
net2941,5.86µm
net3025,5.86µm
net3048,5.86µm
net3083,5.86µm
net3195,5.86µm
net3512,5.86µm
net3618,5.86µm
net3624,5.86µm
net3761,5.86µm
net4787,5.86µm
net4879,5.86µm
net4966,5.86µm
net5098,5.86µm
net5314,5.86µm
_01447_,5.845µm
_03678_,5.84µm
_04027_,5.84µm
_04157_,5.84µm
_04634_,5.84µm
_04825_,5.84µm
_05282_,5.84µm
_05412_,5.84µm
_05449_,5.84µm
_05752_,5.84µm
_06127_,5.84µm
_06304_,5.84µm
_06597_,5.84µm
_07414_,5.84µm
_07538_,5.84µm
_08099_,5.84µm
_08174_,5.84µm
_08647_,5.84µm
u_core.u_dmem.ram\[43\]\[9\],5.84µm
u_core.u_dmem.ram\[60\]\[4\],5.84µm
net3603,5.84µm
net3756,5.84µm
net3887,5.84µm
net4013,5.84µm
net4023,5.84µm
net4130,5.84µm
net4566,5.84µm
net4674,5.84µm
net5104,5.84µm
net5306,5.84µm
net5310,5.84µm
u_core.u_dmem.ram\[23\]\[15\],5.835µm
u_core.u_dmem.ram\[51\]\[17\],5.825µm
_03738_,5.82µm
_05401_,5.82µm
_05509_,5.82µm
_05829_,5.82µm
_06046_,5.82µm
_06296_,5.82µm
_06584_,5.82µm
_08380_,5.82µm
_08854_,5.82µm
u_core.u_dmem.ram\[13\]\[14\],5.82µm
u_core.u_dmem.ram\[33\]\[18\],5.82µm
u_core.u_dmem.ram\[47\]\[16\],5.82µm
u_core.u_dmem.ram\[49\]\[5\],5.82µm
u_core.u_dmem.ram\[55\]\[1\],5.82µm
u_core.u_dmem.ram\[58\]\[9\],5.82µm
_01148_,5.805µm
_01943_,5.805µm
_02454_,5.805µm
_07753_,5.805µm
u_core.u_dmem.ram\[13\]\[17\],5.805µm
_03533_,5.8µm
_03646_,5.8µm
_04747_,5.8µm
_05081_,5.8µm
_06112_,5.8µm
_06201_,5.8µm
_06531_,5.8µm
_06603_,5.8µm
_06632_,5.8µm
_07075_,5.8µm
_07500_,5.8µm
_07572_,5.8µm
_07709_,5.8µm
_07785_,5.8µm
_08066_,5.8µm
_08434_,5.8µm
_08524_,5.8µm
_08593_,5.8µm
u_core.u_dmem.ram\[22\]\[20\],5.8µm
u_core.u_dmem.ram\[28\]\[31\],5.8µm
u_core.u_dmem.ram\[30\]\[25\],5.8µm
u_core.u_dmem.ram\[32\]\[16\],5.8µm
u_core.u_dmem.ram\[38\]\[11\],5.8µm
u_core.u_dmem.ram\[5\]\[28\],5.8µm
u_core.u_dmem.ram\[6\]\[7\],5.8µm
net2735,5.8µm
net4064,5.8µm
net4122,5.8µm
net4154,5.8µm
net4413,5.8µm
net4996,5.8µm
net5233,5.8µm
net5376,5.8µm
net5576,5.8µm
_00384_,5.785µm
_01102_,5.785µm
_02934_,5.785µm
_02809_,5.775µm
_00037_,5.765µm
_00197_,5.765µm
_00268_,5.765µm
_00460_,5.765µm
_00554_,5.765µm
_00617_,5.765µm
_00783_,5.765µm
_00823_,5.765µm
_00990_,5.765µm
_00992_,5.765µm
_01080_,5.765µm
_01160_,5.765µm
_01448_,5.765µm
_01453_,5.765µm
_01664_,5.765µm
_02026_,5.765µm
_02513_,5.765µm
_02810_,5.765µm
_02816_,5.765µm
_02831_,5.765µm
_02940_,5.765µm
_02987_,5.765µm
_06650_,5.74µm
_06674_,5.74µm
_07175_,5.74µm
_08709_,5.74µm
_08727_,5.74µm
_08969_,5.74µm
u_core.u_dmem.ram\[60\]\[2\],5.74µm
net4041,5.74µm
net5437,5.74µm
_00053_,5.725µm
_00209_,5.725µm
_00257_,5.725µm
_00356_,5.725µm
_00492_,5.725µm
_00498_,5.725µm
_00606_,5.725µm
_00789_,5.725µm
_00812_,5.725µm
_00898_,5.725µm
_00944_,5.725µm
_00951_,5.725µm
_01018_,5.725µm
_01258_,5.725µm
_01279_,5.725µm
_01455_,5.725µm
_01594_,5.725µm
_01610_,5.725µm
_01637_,5.725µm
_01643_,5.725µm
_01744_,5.725µm
_01841_,5.725µm
_02236_,5.725µm
_02245_,5.725µm
_02369_,5.725µm
_02539_,5.725µm
_02814_,5.725µm
_02979_,5.725µm
_01655_,5.72µm
_03825_,5.72µm
_04268_,5.72µm
_04360_,5.72µm
_04602_,5.72µm
_04883_,5.72µm
_04890_,5.72µm
_04980_,5.72µm
_05117_,5.72µm
_05371_,5.72µm
_05420_,5.72µm
_05522_,5.72µm
_05721_,5.72µm
_06469_,5.72µm
_06792_,5.72µm
_06891_,5.72µm
_07258_,5.72µm
_07315_,5.72µm
_07418_,5.72µm
_07512_,5.72µm
_07551_,5.72µm
_07612_,5.72µm
_07629_,5.72µm
_07692_,5.72µm
_07763_,5.72µm
_07843_,5.72µm
_08185_,5.72µm
_08552_,5.72µm
_08760_,5.72µm
_08925_,5.72µm
u_core.u_dmem.ram\[14\]\[0\],5.72µm
u_core.u_dmem.ram\[40\]\[13\],5.72µm
u_core.u_dmem.ram\[43\]\[1\],5.72µm
u_core.u_dmem.ram\[45\]\[6\],5.72µm
u_core.u_dmem.ram\[46\]\[26\],5.72µm
net2584,5.72µm
net2636,5.72µm
net2755,5.72µm
net2921,5.72µm
net3089,5.72µm
net3218,5.72µm
net3303,5.72µm
net3304,5.72µm
net3327,5.72µm
net3342,5.72µm
net3507,5.72µm
net4127,5.72µm
net4420,5.72µm
net4841,5.72µm
net5454,5.72µm
net5466,5.72µm
_06690_,5.71µm
_00093_,5.705µm
_00289_,5.705µm
_00553_,5.705µm
_00705_,5.705µm
_00861_,5.705µm
_00942_,5.705µm
_01391_,5.705µm
_01613_,5.705µm
_01697_,5.705µm
_01715_,5.705µm
_01889_,5.705µm
_02014_,5.705µm
_03088_,5.705µm
_01171_,5.7µm
_02159_,5.7µm
_02699_,5.7µm
_07673_,5.7µm
u_core.u_dmem.ram\[16\]\[11\],5.7µm
u_core.u_dmem.ram\[31\]\[4\],5.7µm
u_core.u_dmem.ram\[3\]\[6\],5.7µm
_03488_,5.68µm
_03619_,5.68µm
_04035_,5.68µm
_04281_,5.68µm
_04375_,5.68µm
_04465_,5.68µm
_04610_,5.68µm
_04804_,5.68µm
_04937_,5.68µm
_05071_,5.68µm
_05324_,5.68µm
_05433_,5.68µm
_05543_,5.68µm
_06133_,5.68µm
_06317_,5.68µm
_06843_,5.68µm
_07313_,5.68µm
_07633_,5.68µm
_07686_,5.68µm
_07800_,5.68µm
_07813_,5.68µm
_08183_,5.68µm
_08232_,5.68µm
_08770_,5.68µm
_08827_,5.68µm
u_core.u_dmem.ram\[17\]\[7\],5.68µm
u_core.u_dmem.ram\[28\]\[17\],5.68µm
net2911,5.68µm
net2976,5.68µm
net3040,5.68µm
net3098,5.68µm
net3427,5.68µm
net3746,5.68µm
net4563,5.68µm
net5078,5.68µm
_00582_,5.675µm
_00784_,5.675µm
_02409_,5.675µm
_02897_,5.675µm
u_core.u_dmem.ram\[56\]\[30\],5.65µm
_00865_,5.645µm
_01049_,5.645µm
_01443_,5.645µm
_02204_,5.645µm
_02448_,5.645µm
_02942_,5.645µm
u_core.u_dmem.ram\[15\]\[8\],5.63µm
_00030_,5.625µm
_00979_,5.625µm
_00988_,5.625µm
_02232_,5.625µm
_02565_,5.625µm
_00969_,5.62µm
_01026_,5.62µm
_01225_,5.62µm
_01481_,5.62µm
_01848_,5.62µm
_01965_,5.62µm
_01996_,5.62µm
_02113_,5.62µm
_02179_,5.62µm
_03541_,5.62µm
net2696,5.62µm
net2724,5.62µm
net3014,5.62µm
net3050,5.62µm
net3106,5.62µm
net3180,5.62µm
net3237,5.62µm
net3238,5.62µm
net3329,5.62µm
net3334,5.62µm
net3652,5.62µm
net3755,5.62µm
net3760,5.62µm
net3765,5.62µm
net3788,5.62µm
net3806,5.62µm
net3848,5.62µm
net3904,5.62µm
net3914,5.62µm
net3949,5.62µm
net4048,5.62µm
net4055,5.62µm
net4068,5.62µm
net4098,5.62µm
net4105,5.62µm
net4125,5.62µm
net4132,5.62µm
net4168,5.62µm
net4169,5.62µm
net4269,5.62µm
net4303,5.62µm
net4311,5.62µm
net4330,5.62µm
net4405,5.62µm
net4432,5.62µm
net4481,5.62µm
net4542,5.62µm
net4556,5.62µm
net4737,5.62µm
net4823,5.62µm
net4974,5.62µm
net4990,5.62µm
net5131,5.62µm
net5194,5.62µm
net5210,5.62µm
net5283,5.62µm
net5287,5.62µm
net5362,5.62µm
net5386,5.62µm
net5417,5.62µm
net5566,5.62µm
net5570,5.62µm
_00035_,5.605µm
_00234_,5.605µm
_00746_,5.605µm
_01217_,5.605µm
_01485_,5.605µm
_02608_,5.605µm
_02728_,5.605µm
_02753_,5.605µm
_03030_,5.605µm
_04813_,5.6µm
_05078_,5.6µm
_05542_,5.6µm
_06600_,5.6µm
_06747_,5.6µm
_07042_,5.6µm
_08463_,5.6µm
u_core.u_dmem.ram\[20\]\[17\],5.6µm
u_core.u_dmem.ram\[25\]\[22\],5.6µm
u_core.u_dmem.ram\[33\]\[6\],5.6µm
u_core.u_dmem.ram\[46\]\[19\],5.6µm
u_core.u_dmem.ram\[55\]\[31\],5.6µm
net5414,5.6µm
_00880_,5.595µm
_00883_,5.58µm
_00973_,5.58µm
_01598_,5.58µm
_01670_,5.58µm
_02111_,5.58µm
_02677_,5.58µm
_07631_,5.58µm
_07826_,5.58µm
u_core.u_dmem.ram\[14\]\[21\],5.58µm
u_core.u_dmem.ram\[35\]\[1\],5.58µm
u_core.u_dmem.ram\[40\]\[28\],5.58µm
net3120,5.58µm
net3235,5.58µm
net3305,5.58µm
net3381,5.58µm
net3394,5.58µm
net3550,5.58µm
net3662,5.58µm
net3700,5.58µm
net4124,5.58µm
net4478,5.58µm
net4491,5.58µm
net4664,5.58µm
net5341,5.58µm
_01639_,5.575µm
u_core.u_dmem.ram\[57\]\[11\],5.575µm
_03719_,5.56µm
_07440_,5.56µm
u_core.u_dmem.ram\[10\]\[5\],5.56µm
u_core.u_dmem.ram\[3\]\[23\],5.56µm
u_core.u_dmem.ram\[61\]\[18\],5.56µm
_00351_,5.555µm
_01847_,5.555µm
_02227_,5.555µm
_02740_,5.555µm
u_core.u_dmem.ram\[8\]\[19\],5.555µm
u_core.u_dmem.ram\[34\]\[30\],5.55µm
u_core.u_dmem.ram\[8\]\[28\],5.55µm
_00549_,5.545µm
_00723_,5.545µm
_00903_,5.545µm
_01514_,5.545µm
_01669_,5.545µm
_02025_,5.545µm
_02274_,5.545µm
_02278_,5.545µm
_02516_,5.545µm
_02681_,5.545µm
_02907_,5.545µm
_00687_,5.525µm
_02051_,5.525µm
_02383_,5.525µm
_02413_,5.525µm
_02983_,5.525µm
_03444_,5.52µm
_03591_,5.52µm
_03617_,5.52µm
_04248_,5.52µm
_05084_,5.52µm
_06785_,5.52µm
_07486_,5.52µm
_07728_,5.52µm
_08792_,5.52µm
net2538,5.52µm
net2539,5.52µm
net2549,5.52µm
net2560,5.52µm
net2565,5.52µm
net2571,5.52µm
net2574,5.52µm
net2581,5.52µm
net2583,5.52µm
net2588,5.52µm
net2596,5.52µm
net2597,5.52µm
net2598,5.52µm
net2599,5.52µm
net2600,5.52µm
net2601,5.52µm
net2604,5.52µm
net2608,5.52µm
net2610,5.52µm
net2611,5.52µm
net2612,5.52µm
net2617,5.52µm
net2628,5.52µm
net2630,5.52µm
net2633,5.52µm
net2635,5.52µm
net2643,5.52µm
net2646,5.52µm
net2653,5.52µm
net2656,5.52µm
net2658,5.52µm
net2661,5.52µm
net2663,5.52µm
net2667,5.52µm
net2668,5.52µm
net2669,5.52µm
net2670,5.52µm
net2679,5.52µm
net2688,5.52µm
net2689,5.52µm
net2692,5.52µm
net2695,5.52µm
net2698,5.52µm
net2711,5.52µm
net2713,5.52µm
net2721,5.52µm
net2728,5.52µm
net2731,5.52µm
net2734,5.52µm
net2741,5.52µm
net2742,5.52µm
net2743,5.52µm
net2745,5.52µm
net2750,5.52µm
net2760,5.52µm
net2763,5.52µm
net2765,5.52µm
net2776,5.52µm
net2783,5.52µm
net2792,5.52µm
net2794,5.52µm
net2796,5.52µm
net2800,5.52µm
net2811,5.52µm
net2813,5.52µm
net2816,5.52µm
net2819,5.52µm
net2825,5.52µm
net2826,5.52µm
net2828,5.52µm
net2830,5.52µm
net2831,5.52µm
net2837,5.52µm
net2840,5.52µm
net2841,5.52µm
net2845,5.52µm
net2850,5.52µm
net2851,5.52µm
net2876,5.52µm
net2880,5.52µm
net2883,5.52µm
net2889,5.52µm
net2891,5.52µm
net2910,5.52µm
net2919,5.52µm
net2924,5.52µm
net2927,5.52µm
net2932,5.52µm
net2934,5.52µm
net2943,5.52µm
net2949,5.52µm
net2955,5.52µm
net2963,5.52µm
net2965,5.52µm
net2975,5.52µm
net2983,5.52µm
net2986,5.52µm
net2993,5.52µm
net3001,5.52µm
net3011,5.52µm
net3012,5.52µm
net3039,5.52µm
net3044,5.52µm
net3052,5.52µm
net3061,5.52µm
net3062,5.52µm
net3071,5.52µm
net3078,5.52µm
net3081,5.52µm
net3096,5.52µm
net3100,5.52µm
net3101,5.52µm
net3115,5.52µm
net3117,5.52µm
net3118,5.52µm
net3125,5.52µm
net3128,5.52µm
net3133,5.52µm
net3143,5.52µm
net3148,5.52µm
net3161,5.52µm
net3165,5.52µm
net3170,5.52µm
net3181,5.52µm
net3186,5.52µm
net3187,5.52µm
net3201,5.52µm
net3204,5.52µm
net3206,5.52µm
net3211,5.52µm
net3213,5.52µm
net3220,5.52µm
net3223,5.52µm
net3236,5.52µm
net3241,5.52µm
net3247,5.52µm
net3249,5.52µm
net3258,5.52µm
net3261,5.52µm
net3265,5.52µm
net3272,5.52µm
net3274,5.52µm
net3286,5.52µm
net3289,5.52µm
net3318,5.52µm
net3325,5.52µm
net3330,5.52µm
net3338,5.52µm
net3351,5.52µm
net3359,5.52µm
net3362,5.52µm
net3364,5.52µm
net3367,5.52µm
net3369,5.52µm
net3376,5.52µm
net3383,5.52µm
net3386,5.52µm
net3392,5.52µm
net3393,5.52µm
net3403,5.52µm
net3406,5.52µm
net3410,5.52µm
net3413,5.52µm
net3432,5.52µm
net3438,5.52µm
net3443,5.52µm
net3448,5.52µm
net3460,5.52µm
net3464,5.52µm
net3478,5.52µm
net3483,5.52µm
net3485,5.52µm
net3502,5.52µm
net3505,5.52µm
net3513,5.52µm
net3524,5.52µm
net3529,5.52µm
net3537,5.52µm
net3551,5.52µm
net3554,5.52µm
net3562,5.52µm
net3567,5.52µm
net3584,5.52µm
net3597,5.52µm
net3606,5.52µm
net3643,5.52µm
net3645,5.52µm
net3646,5.52µm
net3654,5.52µm
net3655,5.52µm
net3670,5.52µm
net3680,5.52µm
net3682,5.52µm
net3703,5.52µm
net3716,5.52µm
net3742,5.52µm
net3748,5.52µm
net3749,5.52µm
net3762,5.52µm
net3766,5.52µm
net3769,5.52µm
net3771,5.52µm
net3777,5.52µm
net3782,5.52µm
net3791,5.52µm
net3796,5.52µm
net3843,5.52µm
net3859,5.52µm
net3867,5.52µm
net3869,5.52µm
net3876,5.52µm
net3884,5.52µm
net3888,5.52µm
net3905,5.52µm
net3906,5.52µm
net3923,5.52µm
net3928,5.52µm
net3948,5.52µm
net3986,5.52µm
net3987,5.52µm
net3991,5.52µm
net4006,5.52µm
net4009,5.52µm
net4018,5.52µm
net4020,5.52µm
net4043,5.52µm
net4079,5.52µm
net4080,5.52µm
net4090,5.52µm
net4138,5.52µm
net4152,5.52µm
net4172,5.52µm
net4208,5.52µm
net4233,5.52µm
net4257,5.52µm
net4268,5.52µm
net4285,5.52µm
net4318,5.52µm
net4362,5.52µm
net4376,5.52µm
net4398,5.52µm
net4401,5.52µm
net4439,5.52µm
net4450,5.52µm
net4472,5.52µm
net4477,5.52µm
net4525,5.52µm
net4557,5.52µm
net4581,5.52µm
net4586,5.52µm
net4590,5.52µm
net4591,5.52µm
net4593,5.52µm
net4602,5.52µm
net4611,5.52µm
net4617,5.52µm
net4626,5.52µm
net4631,5.52µm
net4635,5.52µm
net4647,5.52µm
net4657,5.52µm
net4662,5.52µm
net4677,5.52µm
net4678,5.52µm
net4684,5.52µm
net4689,5.52µm
net4691,5.52µm
net4696,5.52µm
net4705,5.52µm
net4706,5.52µm
net4708,5.52µm
net4710,5.52µm
net4713,5.52µm
net4721,5.52µm
net4725,5.52µm
net4727,5.52µm
net4728,5.52µm
net4741,5.52µm
net4744,5.52µm
net4746,5.52µm
net4752,5.52µm
net4753,5.52µm
net4759,5.52µm
net4762,5.52µm
net4763,5.52µm
net4764,5.52µm
net4766,5.52µm
net4768,5.52µm
net4771,5.52µm
net4773,5.52µm
net4791,5.52µm
net4792,5.52µm
net4794,5.52µm
net4797,5.52µm
net4802,5.52µm
net4803,5.52µm
net4804,5.52µm
net4818,5.52µm
net4825,5.52µm
net4829,5.52µm
net4836,5.52µm
net4837,5.52µm
net4844,5.52µm
net4853,5.52µm
net4859,5.52µm
net4865,5.52µm
net4867,5.52µm
net4870,5.52µm
net4881,5.52µm
net4891,5.52µm
net4897,5.52µm
net4903,5.52µm
net4922,5.52µm
net4925,5.52µm
net4932,5.52µm
net4935,5.52µm
net4942,5.52µm
net4943,5.52µm
net4944,5.52µm
net4947,5.52µm
net4950,5.52µm
net4951,5.52µm
net4955,5.52µm
net4965,5.52µm
net4967,5.52µm
net4972,5.52µm
net4983,5.52µm
net4985,5.52µm
net4998,5.52µm
net5005,5.52µm
net5007,5.52µm
net5012,5.52µm
net5014,5.52µm
net5029,5.52µm
net5036,5.52µm
net5044,5.52µm
net5049,5.52µm
net5054,5.52µm
net5060,5.52µm
net5061,5.52µm
net5062,5.52µm
net5067,5.52µm
net5071,5.52µm
net5072,5.52µm
net5075,5.52µm
net5077,5.52µm
net5090,5.52µm
net5111,5.52µm
net5113,5.52µm
net5116,5.52µm
net5118,5.52µm
net5129,5.52µm
net5148,5.52µm
net5164,5.52µm
net5191,5.52µm
net5193,5.52µm
net5195,5.52µm
net5200,5.52µm
net5203,5.52µm
net5220,5.52µm
net5221,5.52µm
net5223,5.52µm
net5230,5.52µm
net5238,5.52µm
net5247,5.52µm
net5257,5.52µm
net5263,5.52µm
net5291,5.52µm
net5296,5.52µm
net5307,5.52µm
net5313,5.52µm
net5316,5.52µm
net5324,5.52µm
net5332,5.52µm
net5337,5.52µm
net5353,5.52µm
net5379,5.52µm
net5393,5.52µm
net5397,5.52µm
net5412,5.52µm
net5419,5.52µm
net5438,5.52µm
net5446,5.52µm
net5451,5.52µm
net5472,5.52µm
net5473,5.52µm
net5486,5.52µm
net5501,5.52µm
net5506,5.52µm
net5517,5.52µm
net5532,5.52µm
net5534,5.52µm
net5535,5.52µm
net5569,5.52µm
net5572,5.52µm
u_core.u_dmem.ram\[0\]\[19\],5.515µm
_00032_,5.505µm
_00516_,5.505µm
_00794_,5.505µm
_00895_,5.505µm
_01023_,5.505µm
_01139_,5.505µm
_01634_,5.505µm
_01743_,5.505µm
_01912_,5.505µm
_02149_,5.505µm
_02182_,5.505µm
_02688_,5.505µm
_02720_,5.505µm
_02838_,5.505µm
_01922_,5.5µm
_02936_,5.5µm
_04605_,5.5µm
_08184_,5.5µm
_08409_,5.5µm
_08418_,5.5µm
net2859,5.5µm
net3578,5.5µm
net3975,5.5µm
net3995,5.5µm
net4141,5.5µm
net4559,5.5µm
net5251,5.5µm
_05544_,5.485µm
u_core.u_dmem.ram\[32\]\[24\],5.485µm
_00840_,5.48µm
_04120_,5.48µm
_05458_,5.48µm
_05562_,5.48µm
_05592_,5.48µm
_05652_,5.48µm
_06796_,5.48µm
_06845_,5.48µm
_08276_,5.48µm
_09028_,5.48µm
u_core.u_dmem.ram\[10\]\[31\],5.48µm
u_core.u_dmem.ram\[14\]\[20\],5.48µm
u_core.u_dmem.ram\[17\]\[1\],5.48µm
u_core.u_dmem.ram\[17\]\[8\],5.48µm
u_core.u_dmem.ram\[1\]\[7\],5.48µm
u_core.u_dmem.ram\[2\]\[22\],5.48µm
u_core.u_dmem.ram\[31\]\[24\],5.48µm
u_core.u_dmem.ram\[39\]\[19\],5.48µm
u_core.u_dmem.ram\[41\]\[26\],5.48µm
u_core.u_dmem.ram\[45\]\[11\],5.48µm
u_core.u_dmem.ram\[47\]\[7\],5.48µm
u_core.u_dmem.ram\[58\]\[29\],5.48µm
u_core.u_dmem.ram\[63\]\[5\],5.48µm
u_core.u_dmem.ram\[7\]\[23\],5.48µm
net5108,5.48µm
_00181_,5.475µm
_00306_,5.475µm
_00567_,5.475µm
_01133_,5.475µm
_01689_,5.475µm
_02188_,5.475µm
_04588_,5.46µm
_06494_,5.46µm
_06721_,5.46µm
_06827_,5.46µm
_08445_,5.46µm
_08468_,5.46µm
_08539_,5.46µm
_09008_,5.46µm
_00544_,5.445µm
_01021_,5.445µm
_02679_,5.445µm
_04124_,5.44µm
_04304_,5.44µm
_07650_,5.44µm
_00140_,5.435µm
_00457_,5.435µm
_00496_,5.435µm
_00664_,5.435µm
_00776_,5.435µm
_01158_,5.435µm
_01387_,5.435µm
_01470_,5.435µm
_01503_,5.435µm
_01549_,5.435µm
_01624_,5.435µm
_01903_,5.435µm
_02003_,5.435µm
_02367_,5.435µm
_02689_,5.435µm
_02787_,5.435µm
_02848_,5.435µm
_02879_,5.435µm
_02310_,5.425µm
_02449_,5.425µm
_02744_,5.425µm
_00578_,5.415µm
_01137_,5.405µm
_02721_,5.405µm
_04253_,5.4µm
_04977_,5.4µm
_05188_,5.4µm
_05951_,5.4µm
_06722_,5.4µm
_07497_,5.4µm
_07518_,5.4µm
_08327_,5.4µm
_08378_,5.4µm
net2122,5.4µm
net3960,5.4µm
net4780,5.4µm
net5435,5.4µm
net5461,5.4µm
net5491,5.4µm
net5492,5.4µm
_01601_,5.385µm
_03810_,5.38µm
_04115_,5.38µm
_04358_,5.38µm
_05209_,5.38µm
_05393_,5.38µm
_06095_,5.38µm
_06292_,5.38µm
_06303_,5.38µm
_07808_,5.38µm
_07868_,5.38µm
_08416_,5.38µm
_08739_,5.38µm
_09020_,5.38µm
u_core.u_dmem.ram\[24\]\[29\],5.38µm
u_core.u_dmem.ram\[42\]\[7\],5.38µm
u_core.u_dmem.ram\[8\]\[31\],5.38µm
net2884,5.38µm
net3926,5.38µm
net4061,5.38µm
net4075,5.38µm
net4104,5.38µm
net4156,5.38µm
net4304,5.38µm
net4528,5.38µm
net4546,5.38µm
net4824,5.38µm
net4994,5.38µm
_03620_,5.36µm
_04680_,5.36µm
_07128_,5.36µm
_07300_,5.36µm
_08982_,5.36µm
u_core.u_dmem.ram\[25\]\[26\],5.36µm
u_core.u_dmem.ram\[27\]\[5\],5.36µm
_00189_,5.355µm
_00207_,5.355µm
_00309_,5.355µm
_01908_,5.355µm
_02279_,5.355µm
_02533_,5.355µm
_00665_,5.345µm
_01089_,5.345µm
_01143_,5.345µm
_01166_,5.345µm
_01172_,5.345µm
_01419_,5.345µm
_01427_,5.345µm
_01508_,5.345µm
_01942_,5.345µm
_02784_,5.345µm
_03744_,5.34µm
_04168_,5.34µm
_04241_,5.34µm
_04923_,5.34µm
_05073_,5.34µm
_05656_,5.34µm
_06101_,5.34µm
_06488_,5.34µm
_06583_,5.34µm
_07161_,5.34µm
_07663_,5.34µm
_09064_,5.34µm
u_core.u_dmem.ram\[10\]\[10\],5.34µm
u_core.u_dmem.ram\[24\]\[26\],5.34µm
u_core.u_dmem.ram\[43\]\[26\],5.34µm
u_core.u_dmem.ram\[60\]\[12\],5.34µm
net3961,5.34µm
net4032,5.34µm
net4568,5.34µm
net5578,5.34µm
u_core.u_dmem.ram\[18\]\[14\],5.335µm
_00488_,5.325µm
_00978_,5.325µm
_01692_,5.325µm
_00238_,5.315µm
_01863_,5.315µm
_01865_,5.315µm
_02465_,5.315µm
_07687_,5.315µm
_00206_,5.305µm
_00291_,5.305µm
_00302_,5.305µm
_00366_,5.305µm
_00455_,5.305µm
_00561_,5.305µm
_00613_,5.305µm
_00698_,5.305µm
_00892_,5.305µm
_00945_,5.305µm
_01108_,5.305µm
_01266_,5.305µm
_01324_,5.305µm
_01331_,5.305µm
_01472_,5.305µm
_01562_,5.305µm
_01877_,5.305µm
_01911_,5.305µm
_01947_,5.305µm
_02009_,5.305µm
_02137_,5.305µm
_02142_,5.305µm
_02145_,5.305µm
_02328_,5.305µm
_02497_,5.305µm
_02817_,5.305µm
_03038_,5.305µm
_03919_,5.295µm
_00564_,5.285µm
_07620_,5.285µm
_08467_,5.285µm
_05803_,5.28µm
_06723_,5.28µm
_06913_,5.28µm
_06914_,5.28µm
_07784_,5.28µm
_08946_,5.28µm
_00263_,5.265µm
_00401_,5.265µm
_00422_,5.265µm
_00507_,5.265µm
_00981_,5.265µm
_01541_,5.265µm
_01684_,5.265µm
_01818_,5.265µm
_01932_,5.265µm
_02011_,5.265µm
_02102_,5.265µm
_02226_,5.265µm
_02244_,5.265µm
_02357_,5.265µm
_02433_,5.265µm
_02538_,5.265µm
_02640_,5.265µm
_02734_,5.265µm
_02867_,5.265µm
_02870_,5.265µm
_02914_,5.265µm
_02984_,5.265µm
_03067_,5.265µm
_03496_,5.26µm
_03557_,5.26µm
_03688_,5.26µm
_03768_,5.26µm
_04017_,5.26µm
_04044_,5.26µm
_04089_,5.26µm
_04254_,5.26µm
_04654_,5.26µm
_04814_,5.26µm
_04920_,5.26µm
_05421_,5.26µm
_05826_,5.26µm
_05873_,5.26µm
_05937_,5.26µm
_06024_,5.26µm
_06219_,5.26µm
_06373_,5.26µm
_06503_,5.26µm
_06719_,5.26µm
_07000_,5.26µm
_07158_,5.26µm
_07178_,5.26µm
_07225_,5.26µm
_07252_,5.26µm
_07317_,5.26µm
_07504_,5.26µm
_07770_,5.26µm
_07773_,5.26µm
_07782_,5.26µm
_07888_,5.26µm
_07934_,5.26µm
_08147_,5.26µm
_08363_,5.26µm
_08874_,5.26µm
_08920_,5.26µm
_08947_,5.26µm
u_core.instr\[5\],5.26µm
u_core.u_dmem.ram\[0\]\[29\],5.26µm
u_core.u_dmem.ram\[12\]\[0\],5.26µm
u_core.u_dmem.ram\[12\]\[8\],5.26µm
u_core.u_dmem.ram\[34\]\[15\],5.26µm
u_core.u_dmem.ram\[47\]\[14\],5.26µm
u_core.u_dmem.ram\[4\]\[1\],5.26µm
u_core.u_dmem.ram\[54\]\[7\],5.26µm
u_core.u_dmem.ram\[7\]\[20\],5.26µm
net2952,5.26µm
net3055,5.26µm
net3253,5.26µm
net3279,5.26µm
net3504,5.26µm
net3532,5.26µm
net3569,5.26µm
net3615,5.26µm
net3677,5.26µm
net3686,5.26µm
net3930,5.26µm
net4137,5.26µm
net4301,5.26µm
net4377,5.26µm
net4868,5.26µm
net4871,5.26µm
net5232,5.26µm
net5521,5.26µm
_00046_,5.24µm
_01308_,5.24µm
_05526_,5.24µm
_06269_,5.24µm
_07021_,5.24µm
_07222_,5.24µm
u_core.u_dmem.ram\[27\]\[0\],5.24µm
u_core.u_dmem.ram\[59\]\[21\],5.235µm
_03710_,5.22µm
_03932_,5.22µm
_03945_,5.22µm
_04139_,5.22µm
_04163_,5.22µm
_04336_,5.22µm
_04785_,5.22µm
_04866_,5.22µm
_04970_,5.22µm
_04994_,5.22µm
_05051_,5.22µm
_05195_,5.22µm
_05272_,5.22µm
_05659_,5.22µm
_06298_,5.22µm
_06320_,5.22µm
_06831_,5.22µm
_06862_,5.22µm
_06900_,5.22µm
_07426_,5.22µm
_07484_,5.22µm
_07611_,5.22µm
_07691_,5.22µm
_07746_,5.22µm
_07856_,5.22µm
_08435_,5.22µm
_08639_,5.22µm
_08999_,5.22µm
net3935,5.22µm
net4047,5.22µm
_00527_,5.215µm
_00816_,5.215µm
_07492_,5.19µm
u_core.u_dmem.ram\[1\]\[9\],5.19µm
_00040_,5.185µm
_00078_,5.185µm
_00080_,5.185µm
_00243_,5.185µm
_00538_,5.185µm
_00616_,5.185µm
_01009_,5.185µm
_01094_,5.185µm
_01300_,5.185µm
_01338_,5.185µm
_01814_,5.185µm
_01953_,5.185µm
_02205_,5.185µm
_02747_,5.185µm
_02769_,5.185µm
_02010_,5.165µm
_02833_,5.165µm
_00731_,5.16µm
_00947_,5.16µm
_01065_,5.16µm
_01241_,5.16µm
_01732_,5.16µm
_01881_,5.16µm
_01910_,5.16µm
_01981_,5.16µm
_02975_,5.16µm
_03722_,5.16µm
_04756_,5.16µm
_05690_,5.16µm
_06198_,5.16µm
_06924_,5.16µm
_07220_,5.16µm
_08223_,5.16µm
net2541,5.16µm
net2655,5.16µm
net2683,5.16µm
net2704,5.16µm
net2881,5.16µm
net2978,5.16µm
net3037,5.16µm
net3070,5.16µm
net3299,5.16µm
net3333,5.16µm
net3433,5.16µm
net3510,5.16µm
net3539,5.16µm
net3549,5.16µm
net3598,5.16µm
net3671,5.16µm
net3750,5.16µm
net3752,5.16µm
net3754,5.16µm
net3816,5.16µm
net3881,5.16µm
net3892,5.16µm
net3894,5.16µm
net3951,5.16µm
net4000,5.16µm
net4157,5.16µm
net4207,5.16µm
net4210,5.16µm
net4213,5.16µm
net4337,5.16µm
net4426,5.16µm
net4457,5.16µm
net4466,5.16µm
net4521,5.16µm
net4532,5.16µm
net4615,5.16µm
net4784,5.16µm
net4971,5.16µm
net5006,5.16µm
net5144,5.16µm
net5156,5.16µm
net5254,5.16µm
net5396,5.16µm
_06995_,5.155µm
_03773_,5.14µm
_04295_,5.14µm
_04794_,5.14µm
_04800_,5.14µm
_04871_,5.14µm
_05132_,5.14µm
_05303_,5.14µm
_05514_,5.14µm
_05552_,5.14µm
_06636_,5.14µm
_06953_,5.14µm
_07871_,5.14µm
_08022_,5.14µm
u_core.u_dmem.ram\[12\]\[30\],5.14µm
u_core.u_dmem.ram\[28\]\[20\],5.14µm
u_core.u_dmem.ram\[31\]\[22\],5.14µm
u_core.u_dmem.ram\[33\]\[29\],5.14µm
u_core.u_dmem.ram\[41\]\[8\],5.14µm
u_core.u_dmem.ram\[43\]\[28\],5.14µm
u_core.u_dmem.ram\[47\]\[22\],5.14µm
u_core.u_dmem.ram\[54\]\[27\],5.14µm
net4484,5.14µm
_00262_,5.135µm
_01418_,5.135µm
_01682_,5.135µm
_03027_,5.135µm
_05564_,5.12µm
_06893_,5.12µm
_07054_,5.12µm
net2937,5.12µm
net2945,5.12µm
net3296,5.12µm
net3452,5.12µm
net3506,5.12µm
net3936,5.12µm
net4117,5.12µm
net4186,5.12µm
net4215,5.12µm
net4245,5.12µm
net4329,5.12µm
net4843,5.12µm
net4861,5.12µm
net4956,5.12µm
net5125,5.12µm
net5453,5.12µm
_00551_,5.115µm
_01090_,5.115µm
_05016_,5.1µm
_07849_,5.1µm
_08504_,5.1µm
u_core.u_dmem.ram\[9\]\[20\],5.1µm
_00273_,5.095µm
_00297_,5.095µm
_00329_,5.095µm
_00402_,5.095µm
_00489_,5.095µm
_00811_,5.095µm
_01070_,5.095µm
_01159_,5.095µm
_01246_,5.095µm
_01375_,5.095µm
_01490_,5.095µm
_01635_,5.095µm
_02034_,5.095µm
_02107_,5.095µm
_02234_,5.095µm
_02395_,5.095µm
_02416_,5.095µm
_02483_,5.095µm
_02786_,5.095µm
_02858_,5.095µm
_07179_,5.095µm
_07608_,5.095µm
_00059_,5.085µm
_00256_,5.085µm
_00304_,5.085µm
_00611_,5.085µm
_00765_,5.085µm
_00966_,5.085µm
_00999_,5.085µm
_01001_,5.085µm
_01147_,5.085µm
_01186_,5.085µm
_01944_,5.085µm
_02198_,5.085µm
_02251_,5.085µm
_02619_,5.085µm
_02982_,5.085µm
_03012_,5.085µm
_05751_,5.08µm
_05930_,5.08µm
_00418_,5.065µm
_01298_,5.065µm
_04787_,5.06µm
_05363_,5.06µm
_06396_,5.06µm
_07184_,5.06µm
_09154_,5.06µm
net3486,5.06µm
net3546,5.06µm
net3600,5.06µm
net3620,5.06µm
net3638,5.06µm
net3672,5.06µm
net3689,5.06µm
net3690,5.06µm
net3692,5.06µm
net3712,5.06µm
net3774,5.06µm
net3800,5.06µm
net3812,5.06µm
net3817,5.06µm
net3821,5.06µm
net3822,5.06µm
net3831,5.06µm
net3834,5.06µm
net3847,5.06µm
net3865,5.06µm
net3875,5.06µm
net3879,5.06µm
net3896,5.06µm
net3902,5.06µm
net3909,5.06µm
net3912,5.06µm
net3915,5.06µm
net3925,5.06µm
net3932,5.06µm
net3934,5.06µm
net3937,5.06µm
net3999,5.06µm
net4001,5.06µm
net4012,5.06µm
net4029,5.06µm
net4030,5.06µm
net4031,5.06µm
net4044,5.06µm
net4056,5.06µm
net4065,5.06µm
net4076,5.06µm
net4089,5.06µm
net4109,5.06µm
net4110,5.06µm
net4121,5.06µm
net4135,5.06µm
net4140,5.06µm
net4147,5.06µm
net4161,5.06µm
net4163,5.06µm
net4166,5.06µm
net4167,5.06µm
net4173,5.06µm
net4192,5.06µm
net4216,5.06µm
net4236,5.06µm
net4237,5.06µm
net4240,5.06µm
net4265,5.06µm
net4273,5.06µm
net4275,5.06µm
net4289,5.06µm
net4310,5.06µm
net4314,5.06µm
net4317,5.06µm
net4326,5.06µm
net4331,5.06µm
net4349,5.06µm
net4353,5.06µm
net4421,5.06µm
net4423,5.06µm
net4431,5.06µm
net4435,5.06µm
net4444,5.06µm
net4463,5.06µm
net4482,5.06µm
net4488,5.06µm
net4500,5.06µm
net4509,5.06µm
net4522,5.06µm
net4534,5.06µm
net4538,5.06µm
net4545,5.06µm
net4547,5.06µm
net4558,5.06µm
net4567,5.06µm
net4578,5.06µm
net4579,5.06µm
net4619,5.06µm
net4622,5.06µm
net4629,5.06µm
net4642,5.06µm
net4665,5.06µm
net4669,5.06µm
net4670,5.06µm
net4707,5.06µm
net4712,5.06µm
net4776,5.06µm
net4813,5.06µm
net4817,5.06µm
net4832,5.06µm
net4860,5.06µm
net4862,5.06µm
net4889,5.06µm
net4929,5.06µm
net4984,5.06µm
net4986,5.06µm
net4992,5.06µm
net4995,5.06µm
net5001,5.06µm
net5019,5.06µm
net5025,5.06µm
net5032,5.06µm
net5051,5.06µm
net5057,5.06µm
net5065,5.06µm
net5084,5.06µm
net5094,5.06µm
net5097,5.06µm
net5099,5.06µm
net5102,5.06µm
net5124,5.06µm
net5168,5.06µm
net5174,5.06µm
net5179,5.06µm
net5180,5.06µm
net5222,5.06µm
net5235,5.06µm
net5237,5.06µm
net5242,5.06µm
net5245,5.06µm
net5258,5.06µm
net5272,5.06µm
net5273,5.06µm
net5278,5.06µm
net5280,5.06µm
net5282,5.06µm
net5284,5.06µm
net5288,5.06µm
net5300,5.06µm
net5309,5.06µm
net5329,5.06µm
net5335,5.06µm
net5340,5.06µm
net5347,5.06µm
net5364,5.06µm
net5367,5.06µm
net5368,5.06µm
net5370,5.06µm
net5373,5.06µm
net5377,5.06µm
net5387,5.06µm
net5392,5.06µm
net5399,5.06µm
net5403,5.06µm
net5409,5.06µm
net5421,5.06µm
net5430,5.06µm
net5432,5.06µm
net5433,5.06µm
net5436,5.06µm
net5452,5.06µm
net5458,5.06µm
net5460,5.06µm
net5462,5.06µm
net5463,5.06µm
net5474,5.06µm
net5478,5.06µm
net5484,5.06µm
net5487,5.06µm
net5493,5.06µm
net5503,5.06µm
net5507,5.06µm
net5515,5.06µm
net5522,5.06µm
net5526,5.06µm
net5527,5.06µm
net5528,5.06µm
net5533,5.06µm
net5536,5.06µm
net5538,5.06µm
net5548,5.06µm
net5549,5.06µm
net5552,5.06µm
net5554,5.06µm
net5565,5.06µm
net5571,5.06µm
_00097_,5.045µm
_00160_,5.045µm
_00290_,5.045µm
_00638_,5.045µm
_00702_,5.045µm
_00727_,5.045µm
_00739_,5.045µm
_00750_,5.045µm
_00835_,5.045µm
_00878_,5.045µm
_00889_,5.045µm
_00910_,5.045µm
_00949_,5.045µm
_00970_,5.045µm
_01059_,5.045µm
_01212_,5.045µm
_01268_,5.045µm
_01305_,5.045µm
_01461_,5.045µm
_01497_,5.045µm
_01597_,5.045µm
_01688_,5.045µm
_01734_,5.045µm
_01766_,5.045µm
_01794_,5.045µm
_01817_,5.045µm
_01880_,5.045µm
_01897_,5.045µm
_01902_,5.045µm
_01966_,5.045µm
_02005_,5.045µm
_02007_,5.045µm
_02125_,5.045µm
_02147_,5.045µm
_02243_,5.045µm
_02248_,5.045µm
_02346_,5.045µm
_02376_,5.045µm
_02428_,5.045µm
_02463_,5.045µm
_02504_,5.045µm
_02506_,5.045µm
_02512_,5.045µm
_02653_,5.045µm
_02730_,5.045µm
_02856_,5.045µm
_02890_,5.045µm
_02952_,5.045µm
_02958_,5.045µm
_03011_,5.045µm
_03028_,5.045µm
_03079_,5.045µm
_03100_,5.045µm
_00142_,5.04µm
_05502_,5.04µm
_06011_,5.04µm
_06148_,5.04µm
_08172_,5.04µm
net4206,5.04µm
net4877,5.04µm
net5531,5.04µm
_05908_,5.02µm
_08037_,5.02µm
_08663_,5.02µm
u_core.u_dmem.ram\[16\]\[31\],5.02µm
u_core.u_dmem.ram\[1\]\[26\],5.02µm
u_core.u_dmem.ram\[26\]\[15\],5.02µm
u_core.u_dmem.ram\[60\]\[3\],5.02µm
net3377,5.02µm
net3833,5.02µm
_07337_,5.015µm
_08449_,5.015µm
_04989_,5µm
_06110_,5µm
_07039_,5µm
_07273_,5µm
_07405_,5µm
_07609_,5µm
_08784_,5µm
net960,5µm
_02085_,4.995µm
_07694_,4.99µm
_08178_,4.99µm
_01017_,4.985µm
_05599_,4.98µm
_07149_,4.98µm
_08909_,4.98µm
_00096_,4.975µm
_00115_,4.975µm
_00124_,4.975µm
_00157_,4.975µm
_00995_,4.975µm
_01165_,4.975µm
_02097_,4.975µm
_03039_,4.975µm
_06544_,4.975µm
_03715_,4.97µm
_00049_,4.965µm
_01208_,4.965µm
_01406_,4.965µm
_02196_,4.965µm
_02370_,4.965µm
_02477_,4.965µm
_02736_,4.965µm
_05831_,4.96µm
_06426_,4.96µm
_00826_,4.945µm
_02650_,4.945µm
_03899_,4.94µm
_03906_,4.94µm
_04317_,4.94µm
_04381_,4.94µm
_04557_,4.94µm
_04618_,4.94µm
_07271_,4.94µm
_07762_,4.94µm
_07837_,4.94µm
_08600_,4.94µm
_08733_,4.94µm
_08828_,4.94µm
_08835_,4.94µm
net2493,4.93µm
_01115_,4.925µm
_02609_,4.925µm
_05749_,4.925µm
_03613_,4.92µm
_05107_,4.92µm
_05601_,4.92µm
_05616_,4.92µm
_06078_,4.92µm
_06444_,4.92µm
_06701_,4.92µm
_06895_,4.92µm
_07110_,4.92µm
_07198_,4.92µm
_07256_,4.92µm
_07583_,4.92µm
_07607_,4.92µm
_07641_,4.92µm
_07703_,4.92µm
_08268_,4.92µm
_08962_,4.92µm
u_core.u_dmem.ram\[36\]\[14\],4.92µm
u_core.u_dmem.ram\[51\]\[31\],4.92µm
net4052,4.92µm
net4176,4.92µm
net4340,4.92µm
net4495,4.92µm
net5476,4.92µm
net5523,4.92µm
_05317_,4.91µm
_04374_,4.9µm
_05932_,4.9µm
_07283_,4.9µm
_07322_,4.9µm
_07548_,4.9µm
_07561_,4.9µm
_08442_,4.9µm
u_core.u_dmem.ram\[2\]\[12\],4.9µm
net5256,4.9µm
_01778_,4.895µm
_02499_,4.895µm
_02912_,4.895µm
_08218_,4.895µm
_00200_,4.885µm
_00232_,4.885µm
_00303_,4.885µm
_00405_,4.885µm
_00894_,4.885µm
_01036_,4.885µm
_01286_,4.885µm
_01390_,4.885µm
_01612_,4.885µm
_01936_,4.885µm
_01959_,4.885µm
_01983_,4.885µm
_02129_,4.885µm
_02766_,4.885µm
_07592_,4.885µm
_03973_,4.88µm
_04256_,4.88µm
_04298_,4.88µm
_04864_,4.88µm
_06008_,4.88µm
_06252_,4.88µm
_06318_,4.88µm
_06324_,4.88µm
_06341_,4.88µm
_06732_,4.88µm
_07084_,4.88µm
_07140_,4.88µm
_07560_,4.88µm
_07735_,4.88µm
_08278_,4.88µm
_08831_,4.88µm
u_core.u_dmem.ram\[15\]\[25\],4.88µm
u_core.u_dmem.ram\[59\]\[25\],4.88µm
u_core.u_dmem.ram\[5\]\[4\],4.88µm
net4454,4.88µm
net5167,4.88µm
net5429,4.88µm
net5447,4.88µm
net5514,4.88µm
_00844_,4.875µm
_01429_,4.865µm
_02180_,4.865µm
_03547_,4.855µm
u_core.u_dmem.ram\[23\]\[18\],4.85µm
u_core.u_dmem.ram\[2\]\[30\],4.85µm
u_core.u_dmem.ram\[9\]\[22\],4.85µm
_00127_,4.845µm
_00150_,4.845µm
_00253_,4.845µm
_00295_,4.845µm
_00426_,4.845µm
_00521_,4.845µm
_00559_,4.845µm
_00575_,4.845µm
_00699_,4.845µm
_00707_,4.845µm
_00708_,4.845µm
_00728_,4.845µm
_00786_,4.845µm
_00815_,4.845µm
_01010_,4.845µm
_01035_,4.845µm
_01084_,4.845µm
_01304_,4.845µm
_01340_,4.845µm
_01363_,4.845µm
_01535_,4.845µm
_01566_,4.845µm
_01603_,4.845µm
_01620_,4.845µm
_01646_,4.845µm
_01651_,4.845µm
_01704_,4.845µm
_01706_,4.845µm
_01747_,4.845µm
_01755_,4.845µm
_01946_,4.845µm
_01992_,4.845µm
_02112_,4.845µm
_02265_,4.845µm
_02343_,4.845µm
_02374_,4.845µm
_02399_,4.845µm
_02505_,4.845µm
_02555_,4.845µm
_02629_,4.845µm
_02683_,4.845µm
_02707_,4.845µm
_02992_,4.845µm
_07507_,4.835µm
_01224_,4.82µm
_03731_,4.82µm
_05582_,4.82µm
_05631_,4.82µm
_06057_,4.82µm
_06089_,4.82µm
_06570_,4.82µm
_07117_,4.82µm
_07219_,4.82µm
_07329_,4.82µm
_07408_,4.82µm
_07498_,4.82µm
_07701_,4.82µm
_08474_,4.82µm
_08713_,4.82µm
_09135_,4.82µm
_00444_,4.805µm
_00558_,4.805µm
_00911_,4.805µm
_01057_,4.805µm
_01261_,4.805µm
_01496_,4.805µm
_01676_,4.805µm
_01687_,4.805µm
_02472_,4.805µm
_02875_,4.805µm
_03050_,4.805µm
_03060_,4.805µm
_02510_,4.8µm
_03417_,4.8µm
_03442_,4.8µm
_03641_,4.8µm
_03837_,4.8µm
_03880_,4.8µm
_04022_,4.8µm
_04068_,4.8µm
_04104_,4.8µm
_04144_,4.8µm
_04189_,4.8µm
_05111_,4.8µm
_05438_,4.8µm
_05811_,4.8µm
_05882_,4.8µm
_06085_,4.8µm
_06131_,4.8µm
_06475_,4.8µm
_06588_,4.8µm
_06736_,4.8µm
_06809_,4.8µm
_06956_,4.8µm
_06960_,4.8µm
_07065_,4.8µm
_07236_,4.8µm
_07340_,4.8µm
_07456_,4.8µm
_07541_,4.8µm
_07720_,4.8µm
_07743_,4.8µm
_08016_,4.8µm
_08403_,4.8µm
_08513_,4.8µm
_08532_,4.8µm
_08590_,4.8µm
_08592_,4.8µm
_08672_,4.8µm
_08972_,4.8µm
u_core.u_dmem.ram\[11\]\[25\],4.8µm
u_core.u_dmem.ram\[34\]\[21\],4.8µm
u_core.u_dmem.ram\[42\]\[15\],4.8µm
u_core.u_dmem.ram\[47\]\[12\],4.8µm
u_core.u_dmem.ram\[6\]\[17\],4.8µm
net2616,4.8µm
net2754,4.8µm
net2867,4.8µm
net3130,4.8µm
net3210,4.8µm
net3339,4.8µm
net3544,4.8µm
net3979,4.8µm
net4114,4.8µm
net4231,4.8µm
net4544,4.8µm
net4767,4.8µm
net4979,4.8µm
net5038,4.8µm
net5087,4.8µm
_00270_,4.795µm
_05707_,4.78µm
u_core.u_dmem.ram\[0\]\[2\],4.78µm
u_core.u_dmem.ram\[4\]\[6\],4.78µm
net2751,4.78µm
_01575_,4.775µm
_03449_,4.76µm
_03828_,4.76µm
_05409_,4.76µm
_05633_,4.76µm
_06178_,4.76µm
_07289_,4.76µm
_08045_,4.76µm
_08283_,4.76µm
_08910_,4.76µm
net2706,4.76µm
net2988,4.76µm
net3681,4.76µm
_00771_,4.755µm
_01237_,4.755µm
_01353_,4.755µm
_01716_,4.755µm
_02911_,4.755µm
_00246_,4.725µm
_00467_,4.725µm
_01032_,4.725µm
_01098_,4.725µm
_01245_,4.725µm
_01270_,4.725µm
_01326_,4.725µm
_01591_,4.725µm
_02021_,4.725µm
_02590_,4.725µm
_03069_,4.725µm
_00210_,4.7µm
_00419_,4.7µm
_00595_,4.7µm
_00644_,4.7µm
_00867_,4.7µm
_01525_,4.7µm
_01645_,4.7µm
_02576_,4.7µm
_02695_,4.7µm
_02918_,4.7µm
_03004_,4.7µm
_04167_,4.7µm
_04223_,4.7µm
_04647_,4.7µm
_05571_,4.7µm
_05782_,4.7µm
net2802,4.7µm
net2961,4.7µm
net3072,4.7µm
net3514,4.7µm
net3583,4.7µm
net3775,4.7µm
net3827,4.7µm
net3880,4.7µm
net3917,4.7µm
net3955,4.7µm
net3989,4.7µm
net4111,4.7µm
net4248,4.7µm
net4316,4.7µm
net4357,4.7µm
net4363,4.7µm
net4555,4.7µm
net4570,4.7µm
net4584,4.7µm
net4650,4.7µm
net4765,4.7µm
net4800,4.7µm
net4987,4.7µm
net5349,4.7µm
net5431,4.7µm
net5547,4.7µm
_03484_,4.68µm
_04619_,4.68µm
_04636_,4.68µm
_04835_,4.68µm
_04857_,4.68µm
_06130_,4.68µm
_06622_,4.68µm
_07567_,4.68µm
_08074_,4.68µm
_09035_,4.68µm
u_core.u_dmem.ram\[25\]\[11\],4.68µm
u_core.u_dmem.ram\[34\]\[22\],4.68µm
u_core.u_dmem.ram\[44\]\[0\],4.68µm
u_core.u_dmem.ram\[44\]\[9\],4.68µm
u_core.u_dmem.ram\[49\]\[24\],4.68µm
u_core.u_dmem.ram\[53\]\[0\],4.68µm
net3518,4.68µm
net3730,4.68µm
net4024,4.68µm
net4108,4.68µm
_00691_,4.675µm
_04506_,4.66µm
_05231_,4.66µm
_06402_,4.66µm
_06582_,4.66µm
_07739_,4.66µm
_08076_,4.66µm
_08277_,4.66µm
net2564,4.66µm
net2888,4.66µm
net3313,4.66µm
net3344,4.66µm
net3993,4.66µm
net4516,4.66µm
net4585,4.66µm
net4936,4.66µm
net5188,4.66µm
net5279,4.66µm
_00854_,4.635µm
_01633_,4.635µm
_06203_,4.635µm
_00223_,4.625µm
_00358_,4.625µm
_00487_,4.625µm
_00520_,4.625µm
_00597_,4.625µm
_00848_,4.625µm
_00963_,4.625µm
_01176_,4.625µm
_01203_,4.625µm
_01336_,4.625µm
_01712_,4.625µm
_01763_,4.625µm
_01884_,4.625µm
_01901_,4.625µm
_01919_,4.625µm
_02162_,4.625µm
_02222_,4.625µm
_02321_,4.625µm
_02535_,4.625µm
_02821_,4.625µm
_02825_,4.625µm
_02901_,4.625µm
_08814_,4.615µm
_02487_,4.605µm
_04507_,4.6µm
_05834_,4.6µm
_08027_,4.6µm
_08330_,4.6µm
_00347_,4.585µm
_00662_,4.585µm
_00758_,4.585µm
_01215_,4.585µm
_01275_,4.585µm
_01314_,4.585µm
_01346_,4.585µm
_01586_,4.585µm
_01962_,4.585µm
_02228_,4.585µm
_02344_,4.585µm
_02423_,4.585µm
_02450_,4.585µm
_02498_,4.585µm
_02530_,4.585µm
_02578_,4.585µm
_02641_,4.585µm
_02780_,4.585µm
_02797_,4.585µm
_02798_,4.585µm
_02930_,4.585µm
_02971_,4.585µm
_03020_,4.585µm
_00809_,4.58µm
_02847_,4.58µm
_04918_,4.58µm
_05459_,4.58µm
_05566_,4.58µm
_05940_,4.58µm
_05980_,4.58µm
_06861_,4.58µm
_07287_,4.58µm
_08329_,4.58µm
_01819_,4.56µm
_02548_,4.56µm
_02811_,4.56µm
_04320_,4.56µm
_05328_,4.56µm
_05448_,4.56µm
_05626_,4.56µm
_07087_,4.56µm
_07237_,4.56µm
_07361_,4.56µm
_07606_,4.56µm
_07794_,4.56µm
_09040_,4.56µm
u_core.u_dmem.ram\[0\]\[14\],4.56µm
u_core.u_dmem.ram\[0\]\[24\],4.56µm
u_core.u_dmem.ram\[10\]\[9\],4.56µm
u_core.u_dmem.ram\[17\]\[29\],4.56µm
u_core.u_dmem.ram\[37\]\[8\],4.56µm
u_core.u_dmem.ram\[40\]\[8\],4.56µm
u_core.u_dmem.ram\[53\]\[26\],4.56µm
net2148,4.56µm
net3488,4.56µm
net4490,4.56µm
_00902_,4.555µm
_01016_,4.555µm
_01800_,4.555µm
u_core.u_dmem.ram\[14\]\[28\],4.55µm
u_core.u_dmem.ram\[53\]\[12\],4.55µm
_02478_,4.54µm
_04286_,4.54µm
_06533_,4.54µm
_07031_,4.54µm
_08704_,4.54µm
_02361_,4.535µm
_00280_,4.525µm
_02402_,4.525µm
_00377_,4.52µm
_00621_,4.505µm
_01264_,4.505µm
_01521_,4.505µm
_01735_,4.505µm
_08914_,4.495µm
_06984_,4.49µm
_00110_,4.485µm
_00119_,4.485µm
_01509_,4.485µm
_02082_,4.485µm
_03382_,4.48µm
_03700_,4.48µm
_03814_,4.48µm
_03934_,4.48µm
_04274_,4.48µm
_04607_,4.48µm
_04842_,4.48µm
_04880_,4.48µm
_04974_,4.48µm
_05049_,4.48µm
_05120_,4.48µm
_05761_,4.48µm
_05799_,4.48µm
_05916_,4.48µm
_06433_,4.48µm
_06478_,4.48µm
_06803_,4.48µm
net3981,4.48µm
_07466_,4.47µm
_03648_,4.46µm
_04101_,4.46µm
_04518_,4.46µm
_04703_,4.46µm
_04771_,4.46µm
_06222_,4.46µm
_06348_,4.46µm
_07006_,4.46µm
_07226_,4.46µm
_07468_,4.46µm
_08187_,4.46µm
_08420_,4.46µm
_08566_,4.46µm
u_core.u_dmem.ram\[0\]\[4\],4.46µm
u_core.u_dmem.ram\[20\]\[0\],4.46µm
u_core.u_dmem.ram\[24\]\[0\],4.46µm
u_core.u_dmem.ram\[56\]\[6\],4.46µm
net3922,4.46µm
net4081,4.46µm
net4112,4.46µm
net4487,4.46µm
net4536,4.46µm
net5405,4.46µm
_07303_,4.445µm
_05263_,4.44µm
_05611_,4.44µm
_06505_,4.44µm
_06859_,4.44µm
_08948_,4.44µm
u_core.u_dmem.ram\[63\]\[29\],4.44µm
_00198_,4.435µm
_00311_,4.435µm
_01466_,4.435µm
_01918_,4.435µm
_02994_,4.435µm
_00185_,4.425µm
_00791_,4.425µm
_00869_,4.425µm
_00887_,4.425µm
_01045_,4.425µm
_01330_,4.425µm
_01765_,4.425µm
_01866_,4.425µm
_02655_,4.425µm
_02758_,4.425µm
_03399_,4.42µm
_03712_,4.42µm
_04153_,4.42µm
_04285_,4.42µm
_04939_,4.42µm
_05445_,4.42µm
_06054_,4.42µm
_06542_,4.42µm
_06835_,4.42µm
_08135_,4.42µm
_08216_,4.42µm
_08455_,4.42µm
_08495_,4.42µm
_02605_,4.415µm
_00599_,4.405µm
_00629_,4.405µm
_00751_,4.405µm
_07671_,4.395µm
_04247_,4.39µm
u_core.u_dmem.ram\[46\]\[15\],4.39µm
_00074_,4.385µm
_00090_,4.385µm
_00109_,4.385µm
_00120_,4.385µm
_00159_,4.385µm
_00162_,4.385µm
_00182_,4.385µm
_00212_,4.385µm
_00472_,4.385µm
_00589_,4.385µm
_00623_,4.385µm
_00632_,4.385µm
_00732_,4.385µm
_00738_,4.385µm
_00740_,4.385µm
_00820_,4.385µm
_00822_,4.385µm
_00896_,4.385µm
_00923_,4.385µm
_00974_,4.385µm
_01013_,4.385µm
_01068_,4.385µm
_01101_,4.385µm
_01206_,4.385µm
_01392_,4.385µm
_01465_,4.385µm
_01546_,4.385µm
_01623_,4.385µm
_01653_,4.385µm
_01654_,4.385µm
_01724_,4.385µm
_01741_,4.385µm
_01767_,4.385µm
_01811_,4.385µm
_01828_,4.385µm
_01831_,4.385µm
_01849_,4.385µm
_01924_,4.385µm
_02023_,4.385µm
_02183_,4.385µm
_02218_,4.385µm
_02263_,4.385µm
_02289_,4.385µm
_02300_,4.385µm
_02304_,4.385µm
_02660_,4.385µm
_02733_,4.385µm
_02764_,4.385µm
_02834_,4.385µm
_02872_,4.385µm
_02976_,4.385µm
_02996_,4.385µm
_03048_,4.385µm
_08413_,4.38µm
_00996_,4.365µm
_01416_,4.36µm
_02143_,4.36µm
_02920_,4.36µm
_03415_,4.36µm
_05654_,4.36µm
_07441_,4.36µm
_07449_,4.36µm
_07474_,4.36µm
_08897_,4.36µm
_08966_,4.36µm
_07113_,4.345µm
_08212_,4.345µm
_03363_,4.34µm
_03372_,4.34µm
_04303_,4.34µm
_04539_,4.34µm
_04826_,4.34µm
_05165_,4.34µm
_05289_,4.34µm
_05327_,4.34µm
_05354_,4.34µm
_05441_,4.34µm
_05970_,4.34µm
_05999_,4.34µm
_06151_,4.34µm
_06397_,4.34µm
_06648_,4.34µm
_06702_,4.34µm
_06712_,4.34µm
_06754_,4.34µm
_06823_,4.34µm
_06976_,4.34µm
_07392_,4.34µm
_07400_,4.34µm
_07581_,4.34µm
_07622_,4.34µm
_07726_,4.34µm
_07766_,4.34µm
_07844_,4.34µm
_08249_,4.34µm
_08313_,4.34µm
_08331_,4.34µm
_08395_,4.34µm
_08742_,4.34µm
u_core.u_dmem.ram\[15\]\[18\],4.34µm
u_core.u_dmem.ram\[28\]\[21\],4.34µm
u_core.u_dmem.ram\[5\]\[19\],4.34µm
u_core.u_dmem.ram\[8\]\[29\],4.34µm
net2134,4.34µm
net3444,4.34µm
net3494,4.34µm
net3594,4.34µm
net3637,4.34µm
net3811,4.34µm
net3967,4.34µm
net4371,4.34µm
net4893,4.34µm
net5327,4.34µm
net5520,4.34µm
_06181_,4.32µm
u_core.u_dmem.ram\[44\]\[12\],4.32µm
_01431_,4.315µm
u_core.u_dmem.ram\[26\]\[10\],4.315µm
_03078_,4.305µm
_00084_,4.295µm
_00659_,4.295µm
_01398_,4.295µm
_01789_,4.295µm
_02312_,4.295µm
_02874_,4.295µm
_06855_,4.27µm
_00363_,4.265µm
_00675_,4.265µm
_00803_,4.265µm
_01136_,4.265µm
_01228_,4.265µm
_01770_,4.265µm
_01945_,4.265µm
_01955_,4.265µm
_01970_,4.265µm
_02028_,4.265µm
_02368_,4.265µm
_02705_,4.265µm
_00069_,4.24µm
_00204_,4.24µm
_00569_,4.24µm
_00817_,4.24µm
_01445_,4.24µm
_01813_,4.24µm
_02071_,4.24µm
_02144_,4.24µm
_02151_,4.24µm
_02546_,4.24µm
_02558_,4.24µm
_02563_,4.24µm
_02755_,4.24µm
_02873_,4.24µm
_03040_,4.24µm
_06261_,4.24µm
_07731_,4.24µm
net2657,4.24µm
net2833,4.24µm
net3073,4.24µm
net3107,4.24µm
net3326,4.24µm
net3480,4.24µm
net3542,4.24µm
net3556,4.24µm
net3708,4.24µm
net3797,4.24µm
net3837,4.24µm
net3862,4.24µm
net3871,4.24µm
net3996,4.24µm
net4035,4.24µm
net4308,4.24µm
net4389,4.24µm
net4648,4.24µm
net4968,4.24µm
net5151,4.24µm
net5224,4.24µm
u_core.u_dmem.ram\[32\]\[1\],4.235µm
_03373_,4.22µm
_03483_,4.22µm
_04287_,4.22µm
_04981_,4.22µm
_05181_,4.22µm
_06432_,4.22µm
_06750_,4.22µm
_07579_,4.22µm
_07689_,4.22µm
_08749_,4.22µm
_09143_,4.22µm
u_core.u_dmem.ram\[12\]\[15\],4.22µm
u_core.u_dmem.ram\[17\]\[31\],4.22µm
u_core.u_dmem.ram\[28\]\[6\],4.22µm
u_core.u_dmem.ram\[38\]\[30\],4.22µm
u_core.u_dmem.ram\[45\]\[15\],4.22µm
u_core.u_dmem.ram\[61\]\[8\],4.22µm
net2675,4.22µm
net3495,4.22µm
net4025,4.22µm
_01758_,4.215µm
_03831_,4.2µm
_05689_,4.2µm
_06059_,4.2µm
_08228_,4.2µm
net2920,4.2µm
net3315,4.2µm
net3458,4.2µm
net3467,4.2µm
net4392,4.2µm
net4403,4.2µm
net4456,4.2µm
net5425,4.2µm
u_core.u_dmem.ram\[29\]\[12\],4.195µm
_02737_,4.175µm
_00114_,4.165µm
_00122_,4.165µm
_00134_,4.165µm
_00154_,4.165µm
_00156_,4.165µm
_00214_,4.165µm
_00283_,4.165µm
_00319_,4.165µm
_00330_,4.165µm
_00346_,4.165µm
_00482_,4.165µm
_00557_,4.165µm
_00630_,4.165µm
_00777_,4.165µm
_00980_,4.165µm
_01051_,4.165µm
_01119_,4.165µm
_01170_,4.165µm
_01219_,4.165µm
_01263_,4.165µm
_01319_,4.165µm
_01348_,4.165µm
_01377_,4.165µm
_01385_,4.165µm
_01386_,4.165µm
_01422_,4.165µm
_01555_,4.165µm
_01590_,4.165µm
_01616_,4.165µm
_01661_,4.165µm
_01746_,4.165µm
_01852_,4.165µm
_01882_,4.165µm
_01892_,4.165µm
_01895_,4.165µm
_01951_,4.165µm
_02219_,4.165µm
_02277_,4.165µm
_02298_,4.165µm
_02352_,4.165µm
_02410_,4.165µm
_02492_,4.165µm
_02622_,4.165µm
_02777_,4.165µm
_02824_,4.165µm
_02923_,4.165µm
_03001_,4.165µm
_00374_,4.145µm
_00403_,4.145µm
_01154_,4.145µm
_02326_,4.145µm
_03550_,4.14µm
_03578_,4.14µm
_03630_,4.14µm
_03748_,4.14µm
_04491_,4.14µm
_04681_,4.14µm
_04750_,4.14µm
_05375_,4.14µm
_05454_,4.14µm
_06016_,4.14µm
_07163_,4.14µm
_08373_,4.14µm
_08502_,4.14µm
_08561_,4.14µm
_08644_,4.14µm
_09121_,4.14µm
_09129_,4.14µm
_00143_,4.125µm
_00486_,4.125µm
_00747_,4.125µm
_00934_,4.125µm
_01380_,4.125µm
_01740_,4.125µm
_02671_,4.125µm
_03917_,4.12µm
_04318_,4.12µm
_04469_,4.12µm
_05094_,4.12µm
_05339_,4.12µm
_05668_,4.12µm
_06631_,4.12µm
_08818_,4.12µm
net3200,4.12µm
net5092,4.12µm
_04321_,4.11µm
_05667_,4.1µm
_06325_,4.1µm
_06365_,4.1µm
_07513_,4.1µm
_07764_,4.1µm
_08047_,4.1µm
_08567_,4.1µm
_08696_,4.1µm
u_core.u_dmem.ram\[18\]\[7\],4.1µm
_00790_,4.095µm
u_core.u_dmem.ram\[37\]\[30\],4.095µm
_04932_,4.08µm
_07725_,4.08µm
_07742_,4.08µm
_08526_,4.08µm
_02036_,4.065µm
_02525_,4.065µm
_02880_,4.065µm
_00294_,4.045µm
_00324_,4.045µm
_00391_,4.045µm
_00493_,4.045µm
_01104_,4.045µm
_01117_,4.045µm
_01307_,4.045µm
_02579_,4.045µm
_02628_,4.045µm
_02642_,4.045µm
_02669_,4.045µm
_02751_,4.045µm
_00339_,4.025µm
_04162_,4.02µm
_05054_,4.02µm
_05140_,4.02µm
_05416_,4.02µm
_06554_,4.02µm
_07174_,4.02µm
_07524_,4.02µm
_07938_,4.02µm
_08620_,4.02µm
net3459,4.02µm
_08598_,4.005µm
_03546_,4µm
_03824_,4µm
_04579_,4µm
_05058_,4µm
_05225_,4µm
_05342_,4µm
_05378_,4µm
_05606_,4µm
_06083_,4µm
_06374_,4µm
_06390_,4µm
_06921_,4µm
_07048_,4µm
_07409_,4µm
_07845_,4µm
_08688_,4µm
_08793_,4µm
_08928_,4µm
_09034_,4µm
u_core.u_dmem.ram\[36\]\[7\],4µm
u_core.u_dmem.ram\[56\]\[23\],4µm
net3950,4µm
net4259,4µm
net4417,4µm
net4428,4µm
net4453,4µm
net4468,4µm
net5404,4µm
_05295_,3.98µm
_05600_,3.98µm
_07481_,3.98µm
_07544_,3.98µm
u_core.u_dmem.ram\[36\]\[17\],3.98µm
_00137_,3.975µm
_01167_,3.975µm
_02006_,3.975µm
_02382_,3.975µm
_02715_,3.975µm
_02954_,3.975µm
_00149_,3.965µm
_00382_,3.965µm
_00670_,3.965µm
_01489_,3.965µm
_01572_,3.965µm
_01636_,3.965µm
_01868_,3.965µm
_01974_,3.965µm
_02602_,3.965µm
_03070_,3.965µm
_01930_,3.945µm
_02297_,3.945µm
_02909_,3.945µm
_00060_,3.925µm
_00070_,3.925µm
_00086_,3.925µm
_00146_,3.925µm
_00236_,3.925µm
_00335_,3.925µm
_00380_,3.925µm
_00425_,3.925µm
_00441_,3.925µm
_00518_,3.925µm
_00570_,3.925µm
_00583_,3.925µm
_00701_,3.925µm
_00754_,3.925µm
_00768_,3.925µm
_00858_,3.925µm
_00922_,3.925µm
_00936_,3.925µm
_00952_,3.925µm
_00987_,3.925µm
_00993_,3.925µm
_01054_,3.925µm
_01071_,3.925µm
_01093_,3.925µm
_01103_,3.925µm
_01111_,3.925µm
_01125_,3.925µm
_01141_,3.925µm
_01262_,3.925µm
_01287_,3.925µm
_01339_,3.925µm
_01411_,3.925µm
_01424_,3.925µm
_01513_,3.925µm
_01596_,3.925µm
_01686_,3.925µm
_01792_,3.925µm
_01898_,3.925µm
_01933_,3.925µm
_02047_,3.925µm
_02070_,3.925µm
_02127_,3.925µm
_02197_,3.925µm
_02353_,3.925µm
_02355_,3.925µm
_02356_,3.925µm
_02387_,3.925µm
_02401_,3.925µm
_02522_,3.925µm
_02593_,3.925µm
_02613_,3.925µm
_02703_,3.925µm
_02750_,3.925µm
_02800_,3.925µm
_02837_,3.925µm
_02842_,3.925µm
_02973_,3.925µm
_03046_,3.925µm
_06188_,3.915µm
_06331_,3.915µm
_07144_,3.915µm
_07334_,3.905µm
_01164_,3.9µm
_01383_,3.9µm
_02524_,3.9µm
_03043_,3.9µm
_05398_,3.9µm
_05402_,3.9µm
_05537_,3.9µm
_06948_,3.9µm
_07130_,3.9µm
_07176_,3.9µm
_07389_,3.9µm
_07374_,3.89µm
_03086_,3.88µm
_03493_,3.88µm
_03628_,3.88µm
_04100_,3.88µm
_04895_,3.88µm
_04995_,3.88µm
_05731_,3.88µm
_05942_,3.88µm
_06039_,3.88µm
_06099_,3.88µm
_06245_,3.88µm
_06307_,3.88µm
_06474_,3.88µm
_06575_,3.88µm
_06624_,3.88µm
_06664_,3.88µm
_06688_,3.88µm
_06881_,3.88µm
_06890_,3.88µm
_07067_,3.88µm
_07274_,3.88µm
_07416_,3.88µm
_07681_,3.88µm
_08446_,3.88µm
_08652_,3.88µm
_08885_,3.88µm
_08951_,3.88µm
_08961_,3.88µm
_09038_,3.88µm
u_core.u_dmem.ram\[22\]\[9\],3.88µm
u_core.u_dmem.ram\[29\]\[13\],3.88µm
u_core.u_dmem.ram\[43\]\[5\],3.88µm
net2648,3.88µm
net3142,3.88µm
net3269,3.88µm
net3450,3.88µm
net3733,3.88µm
net3808,3.88µm
net4017,3.88µm
net4175,3.88µm
net4261,3.88µm
net4332,3.88µm
net4539,3.88µm
_00440_,3.875µm
_00365_,3.805µm
_00524_,3.805µm
_00737_,3.805µm
_00744_,3.805µm
_00876_,3.805µm
_00926_,3.805µm
_01200_,3.805µm
_01797_,3.805µm
_01837_,3.805µm
_01843_,3.805µm
_01940_,3.805µm
_02682_,3.805µm
_02818_,3.805µm
_02854_,3.805µm
_02957_,3.805µm
_00193_,3.78µm
_00636_,3.78µm
_01061_,3.78µm
_01105_,3.78µm
_01656_,3.78µm
_02121_,3.78µm
_02257_,3.78µm
_02419_,3.78µm
_02459_,3.78µm
_02554_,3.78µm
_02573_,3.78µm
_02727_,3.78µm
_02731_,3.78µm
_02792_,3.78µm
_02928_,3.78µm
_03090_,3.78µm
_03098_,3.78µm
_04530_,3.78µm
_06735_,3.78µm
_06910_,3.78µm
_06959_,3.78µm
_07702_,3.78µm
net2555,3.78µm
net2626,3.78µm
net2789,3.78µm
net3056,3.78µm
net3060,3.78µm
net3308,3.78µm
net3373,3.78µm
net3442,3.78µm
net3446,3.78µm
net3599,3.78µm
net3608,3.78µm
net3924,3.78µm
net4011,3.78µm
net4241,3.78µm
net4506,3.78µm
net4508,3.78µm
net4694,3.78µm
net4869,3.78µm
net5030,3.78µm
net5035,3.78µm
net5082,3.78µm
net5302,3.78µm
net5385,3.78µm
_06923_,3.77µm
_07083_,3.77µm
u_core.u_dmem.ram\[20\]\[30\],3.765µm
_03378_,3.76µm
_03434_,3.76µm
_04117_,3.76µm
_04216_,3.76µm
_04807_,3.76µm
_05255_,3.76µm
_05306_,3.76µm
_05959_,3.76µm
_05990_,3.76µm
_06260_,3.76µm
_06405_,3.76µm
_07282_,3.76µm
_07964_,3.76µm
u_core.u_dmem.ram\[0\]\[25\],3.76µm
u_core.u_dmem.ram\[19\]\[9\],3.76µm
u_core.u_dmem.ram\[52\]\[21\],3.76µm
u_core.u_dmem.ram\[58\]\[30\],3.76µm
u_core.u_dmem.ram\[6\]\[8\],3.76µm
u_core.u_dmem.ram\[9\]\[16\],3.76µm
net3316,3.76µm
_00075_,3.755µm
_02829_,3.755µm
u_core.u_dmem.ram\[53\]\[22\],3.75µm
_03766_,3.74µm
net5080,3.74µm
_01963_,3.735µm
_08804_,3.72µm
_00118_,3.705µm
_00125_,3.705µm
_00205_,3.705µm
_00277_,3.705µm
_00334_,3.705µm
_00344_,3.705µm
_00534_,3.705µm
_00588_,3.705µm
_00651_,3.705µm
_00678_,3.705µm
_00711_,3.705µm
_00736_,3.705µm
_00748_,3.705µm
_00824_,3.705µm
_00831_,3.705µm
_00857_,3.705µm
_00871_,3.705µm
_00904_,3.705µm
_00935_,3.705µm
_01092_,3.705µm
_01128_,3.705µm
_01189_,3.705µm
_01205_,3.705µm
_01399_,3.705µm
_01482_,3.705µm
_01815_,3.705µm
_01851_,3.705µm
_01915_,3.705µm
_02037_,3.705µm
_02044_,3.705µm
_02131_,3.705µm
_02154_,3.705µm
_02266_,3.705µm
_02294_,3.705µm
_02307_,3.705µm
_02537_,3.705µm
_02571_,3.705µm
_02577_,3.705µm
_02778_,3.705µm
_02781_,3.705µm
_02785_,3.705µm
_02974_,3.705µm
_03005_,3.705µm
_03029_,3.705µm
_08288_,3.695µm
_00066_,3.685µm
_00130_,3.685µm
_00850_,3.685µm
_00852_,3.685µm
_01289_,3.685µm
_01998_,3.685µm
_02379_,3.685µm
_03764_,3.68µm
_05382_,3.68µm
_05691_,3.68µm
_06080_,3.68µm
_06836_,3.68µm
_08025_,3.68µm
_08862_,3.68µm
_08894_,3.68µm
_08929_,3.68µm
_09123_,3.68µm
net2562,3.68µm
net4247,3.68µm
_03913_,3.675µm
_00808_,3.66µm
_01408_,3.66µm
_03543_,3.66µm
_03832_,3.66µm
_03896_,3.66µm
_04016_,3.66µm
_05529_,3.66µm
_05798_,3.66µm
_05977_,3.66µm
_06383_,3.66µm
_06404_,3.66µm
_06774_,3.66µm
_07169_,3.66µm
_07789_,3.66µm
_09009_,3.66µm
net4846,3.66µm
u_core.u_dmem.ram\[23\]\[12\],3.645µm
_04088_,3.64µm
_04716_,3.64µm
_06504_,3.64µm
_06616_,3.64µm
_07097_,3.64µm
_00235_,3.635µm
_00793_,3.635µm
_01796_,3.635µm
_02851_,3.635µm
_06958_,3.635µm
u_core.u_dmem.ram\[21\]\[14\],3.635µm
_01272_,3.605µm
_00600_,3.585µm
_00761_,3.585µm
_01107_,3.585µm
_01374_,3.585µm
_01441_,3.585µm
_01668_,3.585µm
_01775_,3.585µm
_01899_,3.585µm
_02092_,3.585µm
_02296_,3.585µm
_02392_,3.585µm
_02819_,3.585µm
_03010_,3.585µm
_07801_,3.58µm
_04950_,3.57µm
_04258_,3.56µm
_05348_,3.56µm
_06010_,3.56µm
_06063_,3.56µm
_06086_,3.56µm
_06555_,3.56µm
_06683_,3.56µm
_06938_,3.56µm
_07188_,3.56µm
_07229_,3.56µm
_07379_,3.56µm
_08219_,3.56µm
_08479_,3.56µm
_06414_,3.545µm
_03595_,3.54µm
_04387_,3.54µm
_04401_,3.54µm
_04541_,3.54µm
_05143_,3.54µm
_05150_,3.54µm
_05604_,3.54µm
_05621_,3.54µm
_06173_,3.54µm
_06213_,3.54µm
_06316_,3.54µm
_06403_,3.54µm
_06745_,3.54µm
_06885_,3.54µm
_07078_,3.54µm
_07570_,3.54µm
_08200_,3.54µm
_08369_,3.54µm
_08728_,3.54µm
_08834_,3.54µm
_08866_,3.54µm
u_core.u_dmem.ram\[11\]\[31\],3.54µm
u_core.u_dmem.ram\[20\]\[9\],3.54µm
u_core.u_dmem.ram\[48\]\[26\],3.54µm
u_core.u_dmem.ram\[60\]\[1\],3.54µm
net4390,3.54µm
net4455,3.54µm
net4467,3.54µm
net4786,3.54µm
net5018,3.54µm
net5026,3.54µm
net5320,3.54µm
net5381,3.54µm
net5499,3.54µm
_03465_,3.52µm
_05372_,3.52µm
_06471_,3.52µm
_07261_,3.52µm
_07527_,3.52µm
_08062_,3.52µm
_01039_,3.515µm
_01231_,3.515µm
_02375_,3.515µm
_00307_,3.505µm
_00321_,3.505µm
_00490_,3.505µm
_00797_,3.505µm
_00875_,3.505µm
_00932_,3.505µm
_01233_,3.505µm
_01254_,3.505µm
_01257_,3.505µm
_01295_,3.505µm
_01459_,3.505µm
_01568_,3.505µm
_01834_,3.505µm
_02349_,3.505µm
_02435_,3.505µm
_02547_,3.505µm
_02549_,3.505µm
_02603_,3.505µm
_07420_,3.5µm
_01037_,3.485µm
_01782_,3.485µm
_02315_,3.485µm
_03089_,3.485µm
_06888_,3.475µm
_00051_,3.465µm
_00054_,3.465µm
_00062_,3.465µm
_00076_,3.465µm
_00091_,3.465µm
_00138_,3.465µm
_00158_,3.465µm
_00195_,3.465µm
_00208_,3.465µm
_00279_,3.465µm
_00292_,3.465µm
_00308_,3.465µm
_00313_,3.465µm
_00320_,3.465µm
_00333_,3.465µm
_00431_,3.465µm
_00483_,3.465µm
_00485_,3.465µm
_00501_,3.465µm
_00511_,3.465µm
_00566_,3.465µm
_00577_,3.465µm
_00605_,3.465µm
_00640_,3.465µm
_00666_,3.465µm
_00679_,3.465µm
_00689_,3.465µm
_00703_,3.465µm
_00706_,3.465µm
_00715_,3.465µm
_00716_,3.465µm
_00916_,3.465µm
_00938_,3.465µm
_00948_,3.465µm
_00955_,3.465µm
_01052_,3.465µm
_01114_,3.465µm
_01135_,3.465µm
_01157_,3.465µm
_01190_,3.465µm
_01244_,3.465µm
_01251_,3.465µm
_01327_,3.465µm
_01372_,3.465µm
_01397_,3.465µm
_01608_,3.465µm
_01642_,3.465µm
_01685_,3.465µm
_01742_,3.465µm
_01751_,3.465µm
_01869_,3.465µm
_01876_,3.465µm
_01973_,3.465µm
_02015_,3.465µm
_02042_,3.465µm
_02045_,3.465µm
_02084_,3.465µm
_02134_,3.465µm
_02176_,3.465µm
_02225_,3.465µm
_02229_,3.465µm
_02261_,3.465µm
_02291_,3.465µm
_02302_,3.465µm
_02393_,3.465µm
_02394_,3.465µm
_02397_,3.465µm
_02398_,3.465µm
_02425_,3.465µm
_02470_,3.465µm
_02491_,3.465µm
_02496_,3.465µm
_02517_,3.465µm
_02545_,3.465µm
_02624_,3.465µm
_02686_,3.465µm
_02692_,3.465µm
_02712_,3.465µm
_02799_,3.465µm
_02841_,3.465µm
_02846_,3.465µm
_02883_,3.465µm
_02893_,3.465µm
_02915_,3.465µm
_02964_,3.465µm
_03007_,3.465µm
_00586_,3.455µm
_05535_,3.45µm
_00131_,3.44µm
_00424_,3.44µm
_00474_,3.44µm
_01120_,3.44µm
_02713_,3.44µm
_03031_,3.44µm
_05508_,3.44µm
_06449_,3.44µm
_08737_,3.44µm
_03438_,3.42µm
_03887_,3.42µm
_04057_,3.42µm
_04239_,3.42µm
_05168_,3.42µm
_05550_,3.42µm
_05645_,3.42µm
_05866_,3.42µm
_05973_,3.42µm
_06098_,3.42µm
_06152_,3.42µm
_06228_,3.42µm
_06376_,3.42µm
_06495_,3.42µm
_06507_,3.42µm
_06548_,3.42µm
_06572_,3.42µm
_06715_,3.42µm
_06805_,3.42µm
_07076_,3.42µm
_07304_,3.42µm
_07644_,3.42µm
_07906_,3.42µm
_08194_,3.42µm
_08227_,3.42µm
_08358_,3.42µm
_08562_,3.42µm
_08615_,3.42µm
_08752_,3.42µm
u_core.u_dmem.ram\[14\]\[5\],3.42µm
u_core.u_dmem.ram\[18\]\[29\],3.42µm
u_core.u_dmem.ram\[36\]\[24\],3.42µm
u_core.u_dmem.ram\[50\]\[2\],3.42µm
u_core.u_dmem.ram\[51\]\[3\],3.42µm
net2685,3.42µm
net3267,3.42µm
net3352,3.42µm
net3466,3.42µm
net3574,3.42µm
net4022,3.42µm
net4372,3.42µm
net4379,3.42µm
net4442,3.42µm
net4561,3.42µm
net5161,3.42µm
_01703_,3.415µm
_02479_,3.415µm
_06978_,3.4µm
_00957_,3.395µm
_01058_,3.395µm
u_core.u_dmem.ram\[33\]\[15\],3.37µm
u_core.u_dmem.ram\[57\]\[27\],3.37µm
u_core.u_dmem.ram\[63\]\[31\],3.37µm
_00050_,3.345µm
_00056_,3.345µm
_00153_,3.345µm
_00228_,3.345µm
_00495_,3.345µm
_00528_,3.345µm
_00565_,3.345µm
_00667_,3.345µm
_00713_,3.345µm
_00841_,3.345µm
_00879_,3.345µm
_00893_,3.345µm
_00941_,3.345µm
_00976_,3.345µm
_01038_,3.345µm
_01082_,3.345µm
_01087_,3.345µm
_01142_,3.345µm
_01192_,3.345µm
_01227_,3.345µm
_01230_,3.345µm
_01303_,3.345µm
_01382_,3.345µm
_01428_,3.345µm
_01487_,3.345µm
_01512_,3.345µm
_01515_,3.345µm
_01544_,3.345µm
_01580_,3.345µm
_01864_,3.345µm
_01972_,3.345µm
_02031_,3.345µm
_02032_,3.345µm
_02106_,3.345µm
_02163_,3.345µm
_02177_,3.345µm
_02224_,3.345µm
_02240_,3.345µm
_02270_,3.345µm
_02282_,3.345µm
_02358_,3.345µm
_02384_,3.345µm
_02437_,3.345µm
_02585_,3.345µm
_02646_,3.345µm
_02745_,3.345µm
_02827_,3.345µm
_03061_,3.345µm
_08394_,3.335µm
_00187_,3.32µm
_00233_,3.32µm
_00328_,3.32µm
_00860_,3.32µm
_00968_,3.32µm
_01006_,3.32µm
_01211_,3.32µm
_01234_,3.32µm
_01322_,3.32µm
_01366_,3.32µm
_01439_,3.32µm
_01524_,3.32µm
_01564_,3.32µm
_01657_,3.32µm
_01749_,3.32µm
_02059_,3.32µm
_02199_,3.32µm
_02313_,3.32µm
_02475_,3.32µm
_02566_,3.32µm
_02598_,3.32µm
_02693_,3.32µm
_02706_,3.32µm
_02739_,3.32µm
_02835_,3.32µm
_02906_,3.32µm
_02946_,3.32µm
_02951_,3.32µm
_02980_,3.32µm
_03097_,3.32µm
_04028_,3.32µm
_06530_,3.32µm
_07578_,3.32µm
_08085_,3.32µm
net2874,3.32µm
net2913,3.32µm
net3092,3.32µm
net3137,3.32µm
net3215,3.32µm
net3231,3.32µm
net3404,3.32µm
net3434,3.32µm
net3462,3.32µm
net3477,3.32µm
net3649,3.32µm
net3731,3.32µm
net3933,3.32µm
net4051,3.32µm
net4388,3.32µm
net4452,3.32µm
net4524,3.32µm
net5100,3.32µm
net5153,3.32µm
net5426,3.32µm
net5553,3.32µm
_03651_,3.3µm
_03690_,3.3µm
_03976_,3.3µm
_04889_,3.3µm
_05024_,3.3µm
_05092_,3.3µm
_05260_,3.3µm
_06330_,3.3µm
_07666_,3.3µm
_07752_,3.3µm
_07790_,3.3µm
_08231_,3.3µm
u_core.u_dmem.ram\[27\]\[15\],3.3µm
u_core.u_dmem.ram\[38\]\[17\],3.3µm
u_core.u_dmem.ram\[3\]\[14\],3.3µm
u_core.u_dmem.ram\[47\]\[24\],3.3µm
u_core.u_dmem.ram\[56\]\[19\],3.3µm
net2788,3.3µm
net4496,3.3µm
net4551,3.3µm
_00152_,3.295µm
_00293_,3.295µm
_03059_,3.295µm
_07483_,3.28µm
_00967_,3.275µm
_00102_,3.245µm
_00183_,3.245µm
_00196_,3.245µm
_00375_,3.245µm
_00383_,3.245µm
_00393_,3.245µm
_00397_,3.245µm
_00499_,3.245µm
_00547_,3.245µm
_00552_,3.245µm
_00618_,3.245µm
_00652_,3.245µm
_00657_,3.245µm
_00704_,3.245µm
_00709_,3.245µm
_00741_,3.245µm
_00743_,3.245µm
_00759_,3.245µm
_00775_,3.245µm
_00805_,3.245µm
_00825_,3.245µm
_00829_,3.245µm
_00870_,3.245µm
_00872_,3.245µm
_01074_,3.245µm
_01126_,3.245µm
_01181_,3.245µm
_01240_,3.245µm
_01294_,3.245µm
_01334_,3.245µm
_01463_,3.245µm
_01507_,3.245µm
_01527_,3.245µm
_01628_,3.245µm
_01667_,3.245µm
_01823_,3.245µm
_01907_,3.245µm
_01948_,3.245µm
_02024_,3.245µm
_02040_,3.245µm
_02072_,3.245µm
_02164_,3.245µm
_02268_,3.245µm
_02306_,3.245µm
_02440_,3.245µm
_02532_,3.245µm
_02556_,3.245µm
_02559_,3.245µm
_02626_,3.245µm
_02697_,3.245µm
_02719_,3.245µm
_02729_,3.245µm
_02772_,3.245µm
_02775_,3.245µm
_02836_,3.245µm
_02857_,3.245µm
_02900_,3.245µm
_00920_,3.225µm
_00971_,3.225µm
_01916_,3.225µm
_01964_,3.225µm
_02553_,3.225µm
_02959_,3.225µm
_03749_,3.22µm
_05088_,3.22µm
_05254_,3.22µm
_05877_,3.22µm
_06775_,3.22µm
_06818_,3.22µm
_07639_,3.22µm
_07816_,3.22µm
_08073_,3.22µm
_09131_,3.22µm
net4040,3.22µm
net4211,3.22µm
net4422,3.22µm
net5172,3.22µm
net5219,3.22µm
_04112_,3.2µm
_04738_,3.2µm
_05885_,3.2µm
_06367_,3.2µm
_06422_,3.2µm
_06543_,3.2µm
_07998_,3.2µm
_08225_,3.2µm
_08289_,3.2µm
net3419,3.2µm
net4151,3.2µm
net4335,3.2µm
_03566_,3.18µm
_06214_,3.18µm
_07082_,3.18µm
_08023_,3.18µm
_00031_,3.175µm
_00058_,3.175µm
_00112_,3.175µm
_00167_,3.175µm
_00241_,3.175µm
_00261_,3.175µm
_00336_,3.175µm
_00543_,3.175µm
_00642_,3.175µm
_00730_,3.175µm
_00819_,3.175µm
_00882_,3.175µm
_00906_,3.175µm
_00940_,3.175µm
_01075_,3.175µm
_01140_,3.175µm
_01299_,3.175µm
_01344_,3.175µm
_01534_,3.175µm
_01791_,3.175µm
_01816_,3.175µm
_01855_,3.175µm
_02128_,3.175µm
_02132_,3.175µm
_02230_,3.175µm
_02269_,3.175µm
_02314_,3.175µm
_02380_,3.175µm
_02511_,3.175µm
_02518_,3.175µm
_02521_,3.175µm
_02637_,3.175µm
_02657_,3.175µm
_02724_,3.175µm
_02783_,3.175µm
_02793_,3.175µm
_02828_,3.175µm
_02949_,3.175µm
_05587_,3.165µm
_05998_,3.16µm
_00430_,3.145µm
_00769_,3.145µm
_01370_,3.145µm
_01632_,3.145µm
_02309_,3.145µm
_02969_,3.145µm
_03081_,3.145µm
_08626_,3.135µm
_00073_,3.125µm
_00161_,3.125µm
_01011_,3.125µm
_01323_,3.125µm
_01440_,3.125µm
_01456_,3.125µm
_01477_,3.125µm
_01492_,3.125µm
_01795_,3.125µm
_01820_,3.125µm
_01935_,3.125µm
_02056_,3.125µm
_02201_,3.125µm
_02223_,3.125µm
_02466_,3.125µm
_02845_,3.125µm
_05152_,3.11µm
_04130_,3.1µm
_04836_,3.1µm
_06720_,3.1µm
_07022_,3.1µm
_07066_,3.1µm
_07259_,3.1µm
_07602_,3.1µm
_08018_,3.1µm
net3046,3.1µm
_05008_,3.09µm
_03900_,3.08µm
_04038_,3.08µm
_04180_,3.08µm
_05220_,3.08µm
_05413_,3.08µm
_06653_,3.08µm
_06770_,3.08µm
_07228_,3.08µm
_07634_,3.08µm
_07655_,3.08µm
_07699_,3.08µm
_07839_,3.08µm
_07869_,3.08µm
_07932_,3.08µm
_08038_,3.08µm
_08535_,3.08µm
_08987_,3.08µm
_09062_,3.08µm
u_core.u_dmem.ram\[12\]\[26\],3.08µm
u_core.u_dmem.ram\[26\]\[31\],3.08µm
u_core.u_dmem.ram\[53\]\[8\],3.08µm
net4062,3.08µm
net4414,3.08µm
net4461,3.08µm
net4531,3.08µm
net4676,3.08µm
net4757,3.08µm
net5325,3.08µm
_07015_,3.06µm
_00633_,3.055µm
_01761_,3.055µm
_00296_,3.045µm
_00359_,3.045µm
_00603_,3.045µm
_00764_,3.045µm
_00859_,3.045µm
_01077_,3.045µm
_01354_,3.045µm
_01495_,3.045µm
_01808_,3.045µm
_01871_,3.045µm
_02252_,3.045µm
_02451_,3.045µm
_02452_,3.045µm
_02574_,3.045µm
_02647_,3.045µm
_02743_,3.045µm
_02822_,3.045µm
_02938_,3.045µm
_03000_,3.045µm
_03083_,3.045µm
_06364_,3.035µm
_00047_,3.005µm
_00071_,3.005µm
_00108_,3.005µm
_00117_,3.005µm
_00135_,3.005µm
_00147_,3.005µm
_00194_,3.005µm
_00229_,3.005µm
_00231_,3.005µm
_00244_,3.005µm
_00271_,3.005µm
_00272_,3.005µm
_00327_,3.005µm
_00387_,3.005µm
_00409_,3.005µm
_00442_,3.005µm
_00454_,3.005µm
_00503_,3.005µm
_00537_,3.005µm
_00579_,3.005µm
_00598_,3.005µm
_00607_,3.005µm
_00614_,3.005µm
_00643_,3.005µm
_00660_,3.005µm
_00674_,3.005µm
_00690_,3.005µm
_00692_,3.005µm
_00778_,3.005µm
_00866_,3.005µm
_00868_,3.005µm
_00908_,3.005µm
_01007_,3.005µm
_01042_,3.005µm
_01053_,3.005µm
_01112_,3.005µm
_01131_,3.005µm
_01168_,3.005µm
_01229_,3.005µm
_01249_,3.005µm
_01267_,3.005µm
_01347_,3.005µm
_01376_,3.005µm
_01499_,3.005µm
_01558_,3.005µm
_01577_,3.005µm
_01579_,3.005µm
_01652_,3.005µm
_02016_,3.005µm
_02017_,3.005µm
_02019_,3.005µm
_02133_,3.005µm
_02194_,3.005µm
_02249_,3.005µm
_02256_,3.005µm
_02316_,3.005µm
_02364_,3.005µm
_02453_,3.005µm
_02457_,3.005µm
_02488_,3.005µm
_02523_,3.005µm
_02543_,3.005µm
_02591_,3.005µm
_02625_,3.005µm
_02656_,3.005µm
_02759_,3.005µm
_02761_,3.005µm
_02815_,3.005µm
_02849_,3.005µm
_02850_,3.005µm
_02917_,3.005µm
_02945_,3.005µm
_03009_,3.005µm
_03024_,3.005µm
_03037_,3.005µm
_00845_,2.98µm
_01631_,2.98µm
_02152_,2.98µm
_02687_,2.98µm
_05580_,2.98µm
_05624_,2.98µm
_06091_,2.98µm
_06191_,2.98µm
_06234_,2.98µm
_06321_,2.98µm
_06529_,2.98µm
_06899_,2.98µm
_07045_,2.98µm
_07115_,2.98µm
_08243_,2.98µm
_08262_,2.98µm
_08461_,2.98µm
_08746_,2.98µm
_06153_,2.965µm
_03377_,2.96µm
_03463_,2.96µm
_03884_,2.96µm
_03955_,2.96µm
_04103_,2.96µm
_04290_,2.96µm
_04471_,2.96µm
_04520_,2.96µm
_04617_,2.96µm
_04782_,2.96µm
_05141_,2.96µm
_05270_,2.96µm
_05532_,2.96µm
_05801_,2.96µm
_05824_,2.96µm
_05915_,2.96µm
_06020_,2.96µm
_06128_,2.96µm
_06568_,2.96µm
_06620_,2.96µm
_06746_,2.96µm
_06766_,2.96µm
_06797_,2.96µm
_06821_,2.96µm
_07007_,2.96µm
_07307_,2.96µm
_07378_,2.96µm
_07407_,2.96µm
_07431_,2.96µm
_07464_,2.96µm
_07704_,2.96µm
_07757_,2.96µm
_07791_,2.96µm
_07887_,2.96µm
_07963_,2.96µm
_07968_,2.96µm
_08031_,2.96µm
_08478_,2.96µm
_08497_,2.96µm
_08503_,2.96µm
_08889_,2.96µm
_08907_,2.96µm
_09057_,2.96µm
u_core.u_dmem.ram\[16\]\[5\],2.96µm
net3020,2.96µm
net3156,2.96µm
net3271,2.96µm
net3409,2.96µm
net3456,2.96µm
net3732,2.96µm
net3900,2.96µm
net4267,2.96µm
net4358,2.96µm
net4445,2.96µm
_00083_,2.955µm
_00331_,2.955µm
_00445_,2.955µm
_00465_,2.955µm
_00530_,2.955µm
_01113_,2.955µm
_01155_,2.955µm
_01290_,2.955µm
_01511_,2.955µm
_01679_,2.955µm
_02012_,2.955µm
_02146_,2.955µm
_02341_,2.955µm
_02390_,2.955µm
_02631_,2.955µm
_03047_,2.955µm
_03099_,2.925µm
_00792_,2.885µm
_00830_,2.885µm
_01015_,2.885µm
_01199_,2.885µm
_01248_,2.885µm
_01306_,2.885µm
_01329_,2.885µm
_01444_,2.885µm
_02090_,2.885µm
_02157_,2.885µm
_02208_,2.885µm
_02323_,2.885µm
_02333_,2.885µm
_02458_,2.885µm
_02534_,2.885µm
_02627_,2.885µm
_02763_,2.885µm
_02977_,2.885µm
_03019_,2.885µm
_03084_,2.885µm
_00113_,2.86µm
_00242_,2.86µm
_00310_,2.86µm
_00400_,2.86µm
_00433_,2.86µm
_00540_,2.86µm
_00609_,2.86µm
_00671_,2.86µm
_00796_,2.86µm
_00873_,2.86µm
_00960_,2.86µm
_00977_,2.86µm
_01110_,2.86µm
_01204_,2.86µm
_01253_,2.86µm
_01256_,2.86µm
_01367_,2.86µm
_01977_,2.86µm
_02049_,2.86µm
_02237_,2.86µm
_02250_,2.86µm
_02317_,2.86µm
_02322_,2.86µm
_02338_,2.86µm
_02342_,2.86µm
_02373_,2.86µm
_02391_,2.86µm
_02407_,2.86µm
_02587_,2.86µm
_02639_,2.86µm
_02672_,2.86µm
_02765_,2.86µm
_02896_,2.86µm
_03092_,2.86µm
_03481_,2.86µm
_04098_,2.86µm
_04753_,2.86µm
_04803_,2.86µm
_06013_,2.86µm
_06111_,2.86µm
_06123_,2.86µm
_08017_,2.86µm
_08482_,2.86µm
_08806_,2.86µm
net3036,2.86µm
net3058,2.86µm
net3224,2.86µm
net3401,2.86µm
net3579,2.86µm
net3595,2.86µm
net3611,2.86µm
net3770,2.86µm
net3789,2.86µm
net4067,2.86µm
net4101,2.86µm
net4165,2.86µm
net4291,2.86µm
net4309,2.86µm
net4333,2.86µm
net4437,2.86µm
net4526,2.86µm
net4574,2.86µm
net4693,2.86µm
net4729,2.86µm
net4856,2.86µm
net4927,2.86µm
net5059,2.86µm
net5512,2.86µm
_03816_,2.84µm
_04075_,2.84µm
_04333_,2.84µm
_04903_,2.84µm
_05151_,2.84µm
_05238_,2.84µm
_05422_,2.84µm
_07434_,2.84µm
_08201_,2.84µm
_08211_,2.84µm
net3591,2.84µm
net3858,2.84µm
net4393,2.84µm
_00103_,2.835µm
_00247_,2.835µm
_01118_,2.835µm
_01130_,2.835µm
_01247_,2.835µm
_01551_,2.835µm
_01750_,2.835µm
_01867_,2.835µm
_02081_,2.835µm
_02259_,2.835µm
_00029_,2.785µm
_00048_,2.785µm
_00052_,2.785µm
_00065_,2.785µm
_00106_,2.785µm
_00107_,2.785µm
_00173_,2.785µm
_00202_,2.785µm
_00245_,2.785µm
_00248_,2.785µm
_00285_,2.785µm
_00312_,2.785µm
_00337_,2.785µm
_00353_,2.785µm
_00355_,2.785µm
_00361_,2.785µm
_00362_,2.785µm
_00372_,2.785µm
_00385_,2.785µm
_00410_,2.785µm
_00471_,2.785µm
_00505_,2.785µm
_00531_,2.785µm
_00676_,2.785µm
_00756_,2.785µm
_00801_,2.785µm
_00810_,2.785µm
_00881_,2.785µm
_00982_,2.785µm
_01088_,2.785µm
_01150_,2.785µm
_01220_,2.785µm
_01226_,2.785µm
_01317_,2.785µm
_01325_,2.785µm
_01364_,2.785µm
_01403_,2.785µm
_01552_,2.785µm
_01587_,2.785µm
_01592_,2.785µm
_01640_,2.785µm
_01647_,2.785µm
_01720_,2.785µm
_01723_,2.785µm
_01727_,2.785µm
_01736_,2.785µm
_01745_,2.785µm
_01753_,2.785µm
_01839_,2.785µm
_01885_,2.785µm
_01952_,2.785µm
_01968_,2.785µm
_02001_,2.785µm
_02022_,2.785µm
_02064_,2.785µm
_02074_,2.785µm
_02083_,2.785µm
_02088_,2.785µm
_02101_,2.785µm
_02115_,2.785µm
_02168_,2.785µm
_02174_,2.785µm
_02185_,2.785µm
_02186_,2.785µm
_02193_,2.785µm
_02195_,2.785µm
_02221_,2.785µm
_02327_,2.785µm
_02372_,2.785µm
_02541_,2.785µm
_02550_,2.785µm
_02551_,2.785µm
_02595_,2.785µm
_02678_,2.785µm
_02709_,2.785µm
_02749_,2.785µm
_02790_,2.785µm
_02813_,2.785µm
_03014_,2.785µm
_03017_,2.785µm
_03036_,2.785µm
_03053_,2.785µm
_03054_,2.785µm
_03064_,2.785µm
_02400_,2.765µm
_03853_,2.76µm
_04621_,2.76µm
_04672_,2.76µm
_04696_,2.76µm
_05941_,2.76µm
_06073_,2.76µm
_06486_,2.76µm
_07381_,2.76µm
net2719,2.76µm
net3699,2.76µm
net4204,2.76µm
net4227,2.76µm
net4302,2.76µm
net4351,2.76µm
net4565,2.76µm
net4680,2.76µm
net4835,2.76µm
net4890,2.76µm
net5137,2.76µm
net5271,2.76µm
net5323,2.76µm
net5543,2.76µm
_04217_,2.74µm
_04931_,2.74µm
_05788_,2.74µm
_06458_,2.74µm
_06672_,2.74µm
_07064_,2.74µm
_07618_,2.74µm
_08129_,2.74µm
_08779_,2.74µm
net5043,2.74µm
_05952_,2.725µm
_04418_,2.72µm
_05067_,2.72µm
_05191_,2.72µm
_05206_,2.72µm
_05245_,2.72µm
_05904_,2.72µm
_05947_,2.72µm
_06466_,2.72µm
_08400_,2.72µm
_00094_,2.715µm
_00165_,2.715µm
_00211_,2.715µm
_00317_,2.715µm
_00461_,2.715µm
_00497_,2.715µm
_00571_,2.715µm
_00832_,2.715µm
_00989_,2.715µm
_01162_,2.715µm
_01163_,2.715µm
_01210_,2.715µm
_01460_,2.715µm
_01576_,2.715µm
_01614_,2.715µm
_01662_,2.715µm
_01785_,2.715µm
_01799_,2.715µm
_01809_,2.715µm
_01844_,2.715µm
_02073_,2.715µm
_02098_,2.715µm
_02231_,2.715µm
_02258_,2.715µm
_02305_,2.715µm
_02325_,2.715µm
_02366_,2.715µm
_02386_,2.715µm
_02414_,2.715µm
_02436_,2.715µm
_02441_,2.715µm
_02455_,2.715µm
_02612_,2.715µm
_02659_,2.715µm
_02667_,2.715µm
_02789_,2.715µm
_02795_,2.715µm
_02859_,2.715µm
_02865_,2.715µm
_02889_,2.715µm
_02919_,2.715µm
_02950_,2.715µm
_02960_,2.715µm
_03051_,2.715µm
_03082_,2.715µm
_03087_,2.715µm
_06445_,2.705µm
_06206_,2.7µm
_06753_,2.7µm
_02405_,2.685µm
_08347_,2.675µm
_08432_,2.675µm
_08783_,2.675µm
_00464_,2.665µm
_01571_,2.665µm
_01835_,2.665µm
_02439_,2.64µm
_04646_,2.64µm
_04684_,2.64µm
_05059_,2.64µm
_05164_,2.64µm
_05958_,2.64µm
_06023_,2.64µm
_06857_,2.64µm
_07353_,2.64µm
_08199_,2.64µm
_08751_,2.64µm
net2939,2.64µm
net4272,2.64µm
_00604_,2.635µm
_08710_,2.625µm
_03371_,2.62µm
_03569_,2.62µm
_04196_,2.62µm
_04801_,2.62µm
_04820_,2.62µm
_05241_,2.62µm
_05443_,2.62µm
_05687_,2.62µm
_05810_,2.62µm
_05954_,2.62µm
_06289_,2.62µm
_06446_,2.62µm
_06686_,2.62µm
_07136_,2.62µm
_07585_,2.62µm
_07737_,2.62µm
_08309_,2.62µm
_08625_,2.62µm
_08731_,2.62µm
_09014_,2.62µm
net4144,2.62µm
net4527,2.62µm
net4575,2.62µm
net5290,2.62µm
net5365,2.62µm
net5541,2.62µm
_00027_,2.605µm
_00063_,2.595µm
_00962_,2.595µm
_01028_,2.595µm
_01967_,2.595µm
_02281_,2.595µm
_02529_,2.595µm
_03002_,2.595µm
_00298_,2.585µm
_00594_,2.585µm
_00772_,2.585µm
_00827_,2.585µm
_00847_,2.585µm
_00919_,2.585µm
_01345_,2.585µm
_01421_,2.585µm
_01659_,2.585µm
_01777_,2.585µm
_02502_,2.585µm
_02581_,2.585µm
_02594_,2.585µm
_02675_,2.585µm
_02965_,2.585µm
_02978_,2.585µm
_03045_,2.585µm
_04649_,2.555µm
_00259_,2.545µm
_00348_,2.545µm
_00379_,2.545µm
_00475_,2.545µm
_00484_,2.545µm
_00677_,2.545µm
_00720_,2.545µm
_00729_,2.545µm
_00785_,2.545µm
_00855_,2.545µm
_00886_,2.545µm
_00939_,2.545µm
_00983_,2.545µm
_00984_,2.545µm
_01003_,2.545µm
_01043_,2.545µm
_01069_,2.545µm
_01180_,2.545µm
_01274_,2.545µm
_01293_,2.545µm
_01425_,2.545µm
_01543_,2.545µm
_01553_,2.545µm
_01585_,2.545µm
_01641_,2.545µm
_01678_,2.545µm
_01690_,2.545µm
_01748_,2.545µm
_01769_,2.545µm
_01825_,2.545µm
_01836_,2.545µm
_01845_,2.545µm
_01971_,2.545µm
_02027_,2.545µm
_02030_,2.545µm
_02033_,2.545µm
_02061_,2.545µm
_02095_,2.545µm
_02100_,2.545µm
_02120_,2.545µm
_02169_,2.545µm
_02170_,2.545µm
_02173_,2.545µm
_02217_,2.545µm
_02285_,2.545µm
_02288_,2.545µm
_02365_,2.545µm
_02388_,2.545µm
_02389_,2.545µm
_02406_,2.545µm
_02417_,2.545µm
_02418_,2.545µm
_02420_,2.545µm
_02424_,2.545µm
_02443_,2.545µm
_02489_,2.545µm
_02501_,2.545µm
_02515_,2.545µm
_02580_,2.545µm
_02596_,2.545µm
_02601_,2.545µm
_02616_,2.545µm
_02635_,2.545µm
_02648_,2.545µm
_02661_,2.545µm
_02711_,2.545µm
_02716_,2.545µm
_02725_,2.545µm
_02802_,2.545µm
_02887_,2.545µm
_02948_,2.545µm
_02970_,2.545µm
_03023_,2.545µm
_07630_,2.535µm
_00389_,2.52µm
_00593_,2.52µm
_01771_,2.52µm
_02155_,2.52µm
_02540_,2.52µm
_03733_,2.52µm
_04536_,2.52µm
_06567_,2.52µm
_07081_,2.52µm
_03504_,2.5µm
_03984_,2.5µm
_04414_,2.5µm
_04733_,2.5µm
_04793_,2.5µm
_04987_,2.5µm
_05026_,2.5µm
_05064_,2.5µm
_05369_,2.5µm
_06406_,2.5µm
_06535_,2.5µm
_06549_,2.5µm
_06919_,2.5µm
_06927_,2.5µm
_07017_,2.5µm
_07114_,2.5µm
_07249_,2.5µm
_07411_,2.5µm
_07478_,2.5µm
_07734_,2.5µm
_07853_,2.5µm
_08054_,2.5µm
_08202_,2.5µm
_08259_,2.5µm
_08456_,2.5µm
_08632_,2.5µm
_08735_,2.5µm
_08761_,2.5µm
_08819_,2.5µm
_08913_,2.5µm
_09176_,2.5µm
net2624,2.5µm
net2962,2.5µm
net2992,2.5µm
net3162,2.5µm
net3307,2.5µm
net3972,2.5µm
net5402,2.5µm
_00225_,2.495µm
_00975_,2.495µm
_01405_,2.495µm
_01846_,2.495µm
_02215_,2.495µm
_02714_,2.495µm
_00019_,2.485µm
_00179_,2.425µm
_02330_,2.425µm
_02905_,2.425µm
_03085_,2.42µm
_05156_,2.4µm
_05332_,2.4µm
_05825_,2.4µm
_06739_,2.4µm
net3391,2.4µm
net3395,2.4µm
net3500,2.4µm
net3570,2.4µm
net3695,2.4µm
net3825,2.4µm
net3844,2.4µm
net4350,2.4µm
net4407,2.4µm
net4434,2.4µm
net4451,2.4µm
net4475,2.4µm
net4486,2.4µm
net4512,2.4µm
net4537,2.4µm
net4608,2.4µm
net4750,2.4µm
net4988,2.4µm
net5175,2.4µm
net5559,2.4µm
_03826_,2.38µm
_04547_,2.38µm
_04651_,2.38µm
_04958_,2.38µm
_05170_,2.38µm
_05178_,2.38µm
_05444_,2.38µm
_05607_,2.38µm
_05664_,2.38µm
_06315_,2.38µm
_07052_,2.38µm
_09115_,2.38µm
_00043_,2.375µm
_00267_,2.375µm
_00301_,2.375µm
_00494_,2.375µm
_00504_,2.375µm
_00686_,2.375µm
_00753_,2.375µm
_00782_,2.375µm
_00885_,2.375µm
_01048_,2.375µm
_01144_,2.375µm
_01195_,2.375µm
_01417_,2.375µm
_01483_,2.375µm
_01675_,2.375µm
_01695_,2.375µm
_01710_,2.375µm
_01754_,2.375µm
_01759_,2.375µm
_01878_,2.375µm
_01982_,2.375µm
_01999_,2.375µm
_02079_,2.375µm
_02130_,2.375µm
_02161_,2.375µm
_02403_,2.375µm
_02408_,2.375µm
_02411_,2.375µm
_02444_,2.375µm
_02600_,2.375µm
_02607_,2.375µm
_02732_,2.375µm
_02808_,2.375µm
_02862_,2.375µm
_02871_,2.375µm
_02988_,2.375µm
_02995_,2.375µm
_03056_,2.375µm
_07182_,2.34µm
_00055_,2.325µm
_00067_,2.325µm
_00098_,2.325µm
_00099_,2.325µm
_00169_,2.325µm
_00174_,2.325µm
_00192_,2.325µm
_00199_,2.325µm
_00215_,2.325µm
_00216_,2.325µm
_00266_,2.325µm
_00275_,2.325µm
_00281_,2.325µm
_00286_,2.325µm
_00314_,2.325µm
_00368_,2.325µm
_00439_,2.325µm
_00446_,2.325µm
_00480_,2.325µm
_00515_,2.325µm
_00517_,2.325µm
_00546_,2.325µm
_00555_,2.325µm
_00584_,2.325µm
_00585_,2.325µm
_00590_,2.325µm
_00641_,2.325µm
_00680_,2.325µm
_00682_,2.325µm
_00685_,2.325µm
_00688_,2.325µm
_00710_,2.325µm
_00813_,2.325µm
_00836_,2.325µm
_00849_,2.325µm
_00900_,2.325µm
_00913_,2.325µm
_00921_,2.325µm
_00937_,2.325µm
_00959_,2.325µm
_00972_,2.325µm
_00991_,2.325µm
_01020_,2.325µm
_01041_,2.325µm
_01086_,2.325µm
_01109_,2.325µm
_01127_,2.325µm
_01146_,2.325µm
_01156_,2.325µm
_01161_,2.325µm
_01187_,2.325µm
_01201_,2.325µm
_01216_,2.325µm
_01236_,2.325µm
_01260_,2.325µm
_01379_,2.325µm
_01401_,2.325µm
_01413_,2.325µm
_01420_,2.325µm
_01438_,2.325µm
_01464_,2.325µm
_01479_,2.325µm
_01537_,2.325µm
_01547_,2.325µm
_01565_,2.325µm
_01573_,2.325µm
_01582_,2.325µm
_01595_,2.325µm
_01605_,2.325µm
_01660_,2.325µm
_01681_,2.325µm
_01693_,2.325µm
_01701_,2.325µm
_01702_,2.325µm
_01708_,2.325µm
_01733_,2.325µm
_01760_,2.325µm
_01781_,2.325µm
_01784_,2.325µm
_01801_,2.325µm
_01802_,2.325µm
_01833_,2.325µm
_01842_,2.325µm
_01870_,2.325µm
_01883_,2.325µm
_01976_,2.325µm
_01991_,2.325µm
_02041_,2.325µm
_02069_,2.325µm
_02075_,2.325µm
_02123_,2.325µm
_02135_,2.325µm
_02139_,2.325µm
_02141_,2.325µm
_02175_,2.325µm
_02200_,2.325µm
_02202_,2.325µm
_02207_,2.325µm
_02211_,2.325µm
_02276_,2.325µm
_02290_,2.325µm
_02295_,2.325µm
_02299_,2.325µm
_02311_,2.325µm
_02331_,2.325µm
_02339_,2.325µm
_02340_,2.325µm
_02362_,2.325µm
_02378_,2.325µm
_02404_,2.325µm
_02438_,2.325µm
_02462_,2.325µm
_02485_,2.325µm
_02500_,2.325µm
_02508_,2.325µm
_02527_,2.325µm
_02597_,2.325µm
_02632_,2.325µm
_02664_,2.325µm
_02704_,2.325µm
_02717_,2.325µm
_02748_,2.325µm
_02826_,2.325µm
_02864_,2.325µm
_02877_,2.325µm
_02933_,2.325µm
_02953_,2.325µm
_02955_,2.325µm
_02961_,2.325µm
_02966_,2.325µm
_02968_,2.325µm
_02993_,2.325µm
_02997_,2.325µm
_02999_,2.325µm
_03013_,2.325µm
_03042_,2.325µm
_03055_,2.325µm
_03066_,2.325µm
_04535_,2.3µm
_05447_,2.3µm
_07308_,2.3µm
_07910_,2.3µm
_08155_,2.3µm
_08872_,2.3µm
_09036_,2.3µm
_09050_,2.3µm
_09107_,2.3µm
net2558,2.3µm
net2605,2.3µm
net2645,2.3µm
net2705,2.3µm
net2730,2.3µm
net2801,2.3µm
net2803,2.3µm
net2864,2.3µm
net2868,2.3µm
net2879,2.3µm
net2901,2.3µm
net2903,2.3µm
net2966,2.3µm
net2968,2.3µm
net2997,2.3µm
net3053,2.3µm
net3167,2.3µm
net3203,2.3µm
net3240,2.3µm
net3280,2.3µm
net3324,2.3µm
net3415,2.3µm
net3423,2.3µm
net3429,2.3µm
net3431,2.3µm
net3501,2.3µm
net3630,2.3µm
net3744,2.3µm
net3779,2.3µm
net3855,2.3µm
net4587,2.3µm
net4625,2.3µm
net4628,2.3µm
net4649,2.3µm
net4663,2.3µm
net5359,2.3µm
_03655_,2.28µm
_03938_,2.28µm
_05953_,2.28µm
_06200_,2.28µm
_06645_,2.28µm
_06733_,2.28µm
_06875_,2.28µm
_07335_,2.28µm
_07715_,2.28µm
_07821_,2.28µm
_08188_,2.28µm
_08912_,2.28µm
net2587,2.28µm
_07040_,2.265µm
_05765_,2.26µm
_06132_,2.26µm
_07019_,2.26µm
_00394_,2.255µm
_00443_,2.255µm
_00453_,2.255µm
_00513_,2.255µm
_01355_,2.255µm
_01987_,2.255µm
_02319_,2.255µm
_02552_,2.255µm
_02557_,2.255µm
_02738_,2.255µm
_02754_,2.255µm
_02852_,2.255µm
_02860_,2.255µm
_02939_,2.255µm
_07268_,2.255µm
_07394_,2.22µm
_00712_,2.205µm
_02363_,2.205µm
_02421_,2.205µm
_06382_,2.18µm
_06563_,2.18µm
_07218_,2.18µm
_08646_,2.18µm
_08801_,2.18µm
_03409_,2.16µm
_03511_,2.16µm
_03958_,2.16µm
_04194_,2.16µm
_04464_,2.16µm
_04568_,2.16µm
_04774_,2.16µm
_04830_,2.16µm
_05201_,2.16µm
_05424_,2.16µm
_05634_,2.16µm
_05648_,2.16µm
_06258_,2.16µm
_06537_,2.16µm
_06585_,2.16µm
_06621_,2.16µm
_06880_,2.16µm
_06952_,2.16µm
_07155_,2.16µm
_07171_,2.16µm
_07359_,2.16µm
_07390_,2.16µm
_08144_,2.16µm
_08164_,2.16µm
_08204_,2.16µm
_08627_,2.16µm
_09053_,2.16µm
_09061_,2.16µm
net4071,2.16µm
net4345,2.16µm
net4876,2.16µm
net4980,2.16µm
net4982,2.16µm
net5068,2.16µm
net5422,2.16µm
net5555,2.16µm
_07600_,2.155µm
_06413_,2.15µm
_08404_,2.13µm
_00100_,2.125µm
_00123_,2.125µm
_00163_,2.125µm
_00222_,2.125µm
_00615_,2.125µm
_00779_,2.125µm
_00856_,2.125µm
_01019_,2.125µm
_01222_,2.125µm
_01810_,2.125µm
_01840_,2.125µm
_02060_,2.125µm
_02140_,2.125µm
_02192_,2.125µm
_02253_,2.125µm
_02255_,2.125µm
_02272_,2.125µm
_02308_,2.125µm
_02583_,2.125µm
_02599_,2.125µm
_02606_,2.125µm
_02615_,2.125µm
_02710_,2.125µm
_02794_,2.125µm
_02891_,2.125µm
_02916_,2.125µm
_00126_,2.085µm
_00203_,2.085µm
_00264_,2.085µm
_00282_,2.085µm
_00315_,2.085µm
_00399_,2.085µm
_00438_,2.085µm
_00502_,2.085µm
_00625_,2.085µm
_00719_,2.085µm
_01196_,2.085µm
_01581_,2.085µm
_01719_,2.085µm
_01780_,2.085µm
_01954_,2.085µm
_01960_,2.085µm
_02054_,2.085µm
_02094_,2.085µm
_02138_,2.085µm
_02171_,2.085µm
_02187_,2.085µm
_02273_,2.085µm
_02284_,2.085µm
_02324_,2.085µm
_02412_,2.085µm
_02469_,2.085µm
_02561_,2.085µm
_02649_,2.085µm
_02735_,2.085µm
_02756_,2.085µm
_02812_,2.085µm
_02823_,2.085µm
_02962_,2.085µm
_03035_,2.085µm
_03460_,2.065µm
_00818_,2.06µm
_04596_,2.06µm
_07909_,2.06µm
_06159_,2.045µm
_03910_,2.04µm
_05100_,2.04µm
_05182_,2.04µm
_05271_,2.04µm
_05452_,2.04µm
_05506_,2.04µm
_05524_,2.04µm
_05716_,2.04µm
_05864_,2.04µm
_06983_,2.04µm
_06991_,2.04µm
_07168_,2.04µm
_07286_,2.04µm
_07604_,2.04µm
_07636_,2.04µm
_07758_,2.04µm
_07775_,2.04µm
_08080_,2.04µm
_08826_,2.04µm
_08895_,2.04µm
net2821,2.04µm
_00408_,2.035µm
_00539_,2.035µm
_01850_,2.035µm
_02666_,2.035µm
_04455_,2.035µm
_03577_,1.94µm
_04208_,1.94µm
_04663_,1.94µm
_04688_,1.94µm
_06115_,1.94µm
_07166_,1.94µm
_07986_,1.94µm
net3205,1.94µm
net3385,1.94µm
net3657,1.94µm
net3845,1.94µm
net3899,1.94µm
net3959,1.94µm
net4258,1.94µm
net4298,1.94µm
net4443,1.94µm
net4614,1.94µm
net4769,1.94µm
net4788,1.94µm
_00610_,1.92µm
_00089_,1.915µm
_00694_,1.915µm
_00933_,1.915µm
_01271_,1.915µm
_01400_,1.915µm
_01757_,1.915µm
_02167_,1.915µm
_08192_,1.915µm
_08691_,1.88µm
_09029_,1.88µm
_00036_,1.865µm
_00042_,1.865µm
_00133_,1.865µm
_00177_,1.865µm
_00305_,1.865µm
_00342_,1.865µm
_00427_,1.865µm
_00456_,1.865µm
_00458_,1.865µm
_00459_,1.865µm
_00500_,1.865µm
_00514_,1.865µm
_00523_,1.865µm
_00526_,1.865µm
_00622_,1.865µm
_00646_,1.865µm
_00654_,1.865µm
_00696_,1.865µm
_00734_,1.865µm
_00780_,1.865µm
_00838_,1.865µm
_00907_,1.865µm
_00925_,1.865µm
_00927_,1.865µm
_00998_,1.865µm
_01046_,1.865µm
_01064_,1.865µm
_01079_,1.865µm
_01091_,1.865µm
_01123_,1.865µm
_01152_,1.865µm
_01153_,1.865µm
_01184_,1.865µm
_01191_,1.865µm
_01214_,1.865µm
_01265_,1.865µm
_01333_,1.865µm
_01337_,1.865µm
_01349_,1.865µm
_01356_,1.865µm
_01435_,1.865µm
_01473_,1.865µm
_01486_,1.865µm
_01520_,1.865µm
_01588_,1.865µm
_01593_,1.865µm
_01626_,1.865µm
_01857_,1.865µm
_01859_,1.865µm
_01988_,1.865µm
_01989_,1.865µm
_01995_,1.865µm
_02091_,1.865µm
_02160_,1.865µm
_02203_,1.865µm
_02209_,1.865µm
_02239_,1.865µm
_02241_,1.865µm
_02264_,1.865µm
_02283_,1.865µm
_02377_,1.865µm
_02422_,1.865µm
_02426_,1.865µm
_02429_,1.865µm
_02461_,1.865µm
_02526_,1.865µm
_02567_,1.865µm
_02568_,1.865µm
_02569_,1.865µm
_02582_,1.865µm
_02611_,1.865µm
_02614_,1.865µm
_02621_,1.865µm
_02634_,1.865µm
_02636_,1.865µm
_02638_,1.865µm
_02651_,1.865µm
_02663_,1.865µm
_02768_,1.865µm
_02788_,1.865µm
_02801_,1.865µm
_02839_,1.865µm
_02844_,1.865µm
_02868_,1.865µm
_02878_,1.865µm
_02888_,1.865µm
_02925_,1.865µm
_02956_,1.865µm
_02967_,1.865µm
_02991_,1.865µm
_03006_,1.865µm
_03025_,1.865µm
_03034_,1.865µm
_03049_,1.865µm
_03459_,1.84µm
_03851_,1.84µm
_03891_,1.84µm
_04032_,1.84µm
_04085_,1.84µm
_04212_,1.84µm
_05147_,1.84µm
_06129_,1.84µm
_07135_,1.84µm
_07213_,1.84µm
_07377_,1.84µm
_07533_,1.84µm
_07535_,1.84µm
_07601_,1.84µm
_08899_,1.84µm
_09133_,1.84µm
_04879_,1.82µm
_05758_,1.82µm
_06076_,1.82µm
_06480_,1.82µm
_06646_,1.82µm
_06681_,1.82µm
_06939_,1.82µm
_07293_,1.82µm
_07443_,1.82µm
_08103_,1.82µm
_05613_,1.78µm
_03433_,1.72µm
_04141_,1.72µm
_04280_,1.72µm
_05015_,1.72µm
_06231_,1.72µm
_06612_,1.72µm
_07285_,1.72µm
_07542_,1.72µm
_07576_,1.72µm
_07643_,1.72µm
_08410_,1.72µm
_06079_,1.7µm
_06323_,1.7µm
_07291_,1.7µm
_07828_,1.7µm
_08042_,1.7µm
_08049_,1.7µm
_08348_,1.7µm
_08576_,1.7µm
_09117_,1.7µm
net5058,1.7µm
net5091,1.7µm
_03077_,1.685µm
_06142_,1.66µm
_07089_,1.6µm
_08301_,1.6µm
_00239_,1.575µm
_00249_,1.575µm
_00550_,1.575µm
_00795_,1.575µm
_00953_,1.575µm
_01000_,1.575µm
_01282_,1.575µm
_01301_,1.575µm
_01415_,1.575µm
_01752_,1.575µm
_02136_,1.575µm
_02184_,1.575µm
_02190_,1.575µm
_02468_,1.575µm
_02643_,1.575µm
_02767_,1.575µm
_02807_,1.575µm
_02866_,1.575µm
_03022_,1.575µm
_06119_,1.48µm
_06691_,1.48µm
_08075_,1.48µm
_09103_,1.48µm
net2781,1.48µm
net3086,1.48µm
net3227,1.48µm
net3627,1.48µm
net3640,1.48µm
net3684,1.48µm
net3866,1.48µm
net4249,1.48µm
net4375,1.48µm
net4385,1.48µm
net4458,1.48µm
net4493,1.48µm
net4740,1.48µm
net4989,1.48µm
net5358,1.48µm
net5530,1.48µm
net5560,1.48µm
_00039_,1.405µm
_00041_,1.405µm
_00121_,1.405µm
_00217_,1.405µm
_00274_,1.405µm
_00323_,1.405µm
_00341_,1.405µm
_00345_,1.405µm
_00360_,1.405µm
_00452_,1.405µm
_00529_,1.405µm
_00649_,1.405µm
_01124_,1.405µm
_01259_,1.405µm
_01315_,1.405µm
_01357_,1.405µm
_01505_,1.405µm
_01717_,1.405µm
_01739_,1.405µm
_01812_,1.405µm
_01874_,1.405µm
_01926_,1.405µm
_01934_,1.405µm
_01941_,1.405µm
_01979_,1.405µm
_02013_,1.405µm
_02099_,1.405µm
_02105_,1.405µm
_02360_,1.405µm
_02427_,1.405µm
_02481_,1.405µm
_02586_,1.405µm
_02623_,1.405µm
_02718_,1.405µm
_02746_,1.405µm
_02762_,1.405µm
_02904_,1.405µm
_02963_,1.405µm
_03062_,1.405µm
_03065_,1.405µm
_03652_,1.38µm
_03789_,1.38µm
_04242_,1.38µm
_04351_,1.38µm
_05827_,1.38µm
_06216_,1.38µm
_06833_,1.38µm
_07866_,1.36µm
_08035_,1.36µm
_08168_,1.36µm
_07036_,1.31µm
_05105_,1.26µm
_05517_,1.26µm
_07195_,1.26µm
_07445_,1.26µm
_07536_,1.26µm
_07659_,1.26µm
_08658_,1.26µm
_05684_,1.02µm
_07323_,1.02µm
net3683,1.02µm
net4178,1.02µm
net4199,1.02µm
_03771_,0.92µm
_03795_,0.92µm
_04959_,0.92µm
_05162_,0.92µm
_06571_,0.92µm
_06649_,0.92µm
_07091_,0.92µm
_07202_,0.92µm
_07349_,0.92µm
_07403_,0.92µm
_07588_,0.92µm
_07902_,0.92µm
_07982_,0.92µm
_08980_,0.92µm
_08407_,0.8µm
_03604_,0.46µm
_03723_,0.46µm
_04164_,0.46µm
_04249_,0.46µm
_05273_,0.46µm
_05345_,0.46µm
_05545_,0.46µm
_05814_,0.46µm
_05910_,0.46µm
_06416_,0.46µm
_06869_,0.46µm
_07191_,0.46µm
_07540_,0.46µm
_07656_,0.46µm
_07897_,0.46µm
_08051_,0.46µm
