mtllib tt_um_cleave-QFN32.mtl
o epoxy_body
v 0.0024999999441206455 0.0008800000056345016 0.0024999999441206455
v 0.0024999999441206455 0.0008800000056345016 -0.0024999999441206455
v 0.0024999999441206455 0.000029999994365498424 0.0024999999441206455
v 0.0024999999441206455 0.000029999994365498424 -0.0024999999441206455
v -0.0024999999441206455 0.0008800000056345016 -0.0024999999441206455
v -0.0024999999441206455 0.0008800000056345016 0.0024999999441206455
v -0.0024999999441206455 0.000029999994365498424 -0.0024999999441206455
v -0.0024999999441206455 0.000029999994365498424 0.0024999999441206455
v -0.0024999999441206455 0.0008800000056345016 -0.0024999999441206455
v 0.0024999999441206455 0.0008800000056345016 -0.0024999999441206455
v -0.0024999999441206455 0.0008800000056345016 0.0024999999441206455
v 0.0024999999441206455 0.0008800000056345016 0.0024999999441206455
v -0.0024999999441206455 0.000029999994365498424 0.0024999999441206455
v 0.0024999999441206455 0.000029999994365498424 0.0024999999441206455
v -0.0024999999441206455 0.000029999994365498424 -0.0024999999441206455
v 0.0024999999441206455 0.000029999994365498424 -0.0024999999441206455
v -0.0024999999441206455 0.0008800000056345016 0.0024999999441206455
v 0.0024999999441206455 0.0008800000056345016 0.0024999999441206455
v -0.0024999999441206455 0.000029999994365498424 0.0024999999441206455
v 0.0024999999441206455 0.000029999994365498424 0.0024999999441206455
v 0.0024999999441206455 0.0008800000056345016 -0.0024999999441206455
v -0.0024999999441206455 0.0008800000056345016 -0.0024999999441206455
v 0.0024999999441206455 0.000029999994365498424 -0.0024999999441206455
v -0.0024999999441206455 0.000029999994365498424 -0.0024999999441206455
vt 0 1
vt 1 1
vt 0 0
vt 1 0
vt 0 1
vt 1 1
vt 0 0
vt 1 0
vt 0 1
vt 1 1
vt 0 0
vt 1 0
vt 0 1
vt 1 1
vt 0 0
vt 1 0
vt 0 1
vt 1 1
vt 0 0
vt 1 0
vt 0 1
vt 1 1
vt 0 0
vt 1 0
vn 1 0 0
vn 1 0 0
vn 1 0 0
vn 1 0 0
vn -1 0 0
vn -1 0 0
vn -1 0 0
vn -1 0 0
vn 0 1 0
vn 0 1 0
vn 0 1 0
vn 0 1 0
vn 0 -1 0
vn 0 -1 0
vn 0 -1 0
vn 0 -1 0
vn 0 0 1
vn 0 0 1
vn 0 0 1
vn 0 0 1
vn 0 0 -1
vn 0 0 -1
vn 0 0 -1
vn 0 0 -1
f 1/1/1 3/3/3 2/2/2
f 3/3/3 4/4/4 2/2/2
f 5/5/5 7/7/7 6/6/6
f 7/7/7 8/8/8 6/6/6
f 9/9/9 11/11/11 10/10/10
f 11/11/11 12/12/12 10/10/10
f 13/13/13 15/15/15 14/14/14
f 15/15/15 16/16/16 14/14/14
f 17/17/17 19/19/19 18/18/18
f 19/19/19 20/20/20 18/18/18
f 21/21/21 23/23/23 22/22/22
f 23/23/23 24/24/24 22/22/22
o lead_01
usemtl lead_tin
v -0.0016249999940628186 0.0001999999974737875 -0.002100000005052425
v -0.0016249999940628186 0.0001999999974737875 -0.002499999994947575
v -0.0016249999940628186 2.526212488436659e-12 -0.002100000005052425
v -0.0016249999940628186 2.526212488436659e-12 -0.002499999994947575
v -0.0018750000059371814 0.0001999999974737875 -0.002499999994947575
v -0.0018750000059371814 0.0001999999974737875 -0.002100000005052425
v -0.0018750000059371814 2.526212488436659e-12 -0.002499999994947575
v -0.0018750000059371814 2.526212488436659e-12 -0.002100000005052425
v -0.0018750000059371814 0.0001999999974737875 -0.002499999994947575
v -0.0016249999940628186 0.0001999999974737875 -0.002499999994947575
v -0.0018750000059371814 0.0001999999974737875 -0.002100000005052425
v -0.0016249999940628186 0.0001999999974737875 -0.002100000005052425
v -0.0018750000059371814 2.526212488436659e-12 -0.002100000005052425
v -0.0016249999940628186 2.526212488436659e-12 -0.002100000005052425
v -0.0018750000059371814 2.526212488436659e-12 -0.002499999994947575
v -0.0016249999940628186 2.526212488436659e-12 -0.002499999994947575
v -0.0018750000059371814 0.0001999999974737875 -0.002100000005052425
v -0.0016249999940628186 0.0001999999974737875 -0.002100000005052425
v -0.0018750000059371814 2.526212488436659e-12 -0.002100000005052425
v -0.0016249999940628186 2.526212488436659e-12 -0.002100000005052425
v -0.0016249999940628186 0.0001999999974737875 -0.002499999994947575
v -0.0018750000059371814 0.0001999999974737875 -0.002499999994947575
v -0.0016249999940628186 2.526212488436659e-12 -0.002499999994947575
v -0.0018750000059371814 2.526212488436659e-12 -0.002499999994947575
vt 0 1
vt 1 1
vt 0 0
vt 1 0
vt 0 1
vt 1 1
vt 0 0
vt 1 0
vt 0 1
vt 1 1
vt 0 0
vt 1 0
vt 0 1
vt 1 1
vt 0 0
vt 1 0
vt 0 1
vt 1 1
vt 0 0
vt 1 0
vt 0 1
vt 1 1
vt 0 0
vt 1 0
vn 1 0 0
vn 1 0 0
vn 1 0 0
vn 1 0 0
vn -1 0 0
vn -1 0 0
vn -1 0 0
vn -1 0 0
vn 0 1 0
vn 0 1 0
vn 0 1 0
vn 0 1 0
vn 0 -1 0
vn 0 -1 0
vn 0 -1 0
vn 0 -1 0
vn 0 0 1
vn 0 0 1
vn 0 0 1
vn 0 0 1
vn 0 0 -1
vn 0 0 -1
vn 0 0 -1
vn 0 0 -1
f 25/25/25 27/27/27 26/26/26
f 27/27/27 28/28/28 26/26/26
f 29/29/29 31/31/31 30/30/30
f 31/31/31 32/32/32 30/30/30
f 33/33/33 35/35/35 34/34/34
f 35/35/35 36/36/36 34/34/34
f 37/37/37 39/39/39 38/38/38
f 39/39/39 40/40/40 38/38/38
f 41/41/41 43/43/43 42/42/42
f 43/43/43 44/44/44 42/42/42
f 45/45/45 47/47/47 46/46/46
f 47/47/47 48/48/48 46/46/46
o lead_02
usemtl lead_tin
v -0.0011249999940628186 0.0001999999974737875 -0.002100000005052425
v -0.0011249999940628186 0.0001999999974737875 -0.002499999994947575
v -0.0011249999940628186 2.526212488436659e-12 -0.002100000005052425
v -0.0011249999940628186 2.526212488436659e-12 -0.002499999994947575
v -0.0013750000059371814 0.0001999999974737875 -0.002499999994947575
v -0.0013750000059371814 0.0001999999974737875 -0.002100000005052425
v -0.0013750000059371814 2.526212488436659e-12 -0.002499999994947575
v -0.0013750000059371814 2.526212488436659e-12 -0.002100000005052425
v -0.0013750000059371814 0.0001999999974737875 -0.002499999994947575
v -0.0011249999940628186 0.0001999999974737875 -0.002499999994947575
v -0.0013750000059371814 0.0001999999974737875 -0.002100000005052425
v -0.0011249999940628186 0.0001999999974737875 -0.002100000005052425
v -0.0013750000059371814 2.526212488436659e-12 -0.002100000005052425
v -0.0011249999940628186 2.526212488436659e-12 -0.002100000005052425
v -0.0013750000059371814 2.526212488436659e-12 -0.002499999994947575
v -0.0011249999940628186 2.526212488436659e-12 -0.002499999994947575
v -0.0013750000059371814 0.0001999999974737875 -0.002100000005052425
v -0.0011249999940628186 0.0001999999974737875 -0.002100000005052425
v -0.0013750000059371814 2.526212488436659e-12 -0.002100000005052425
v -0.0011249999940628186 2.526212488436659e-12 -0.002100000005052425
v -0.0011249999940628186 0.0001999999974737875 -0.002499999994947575
v -0.0013750000059371814 0.0001999999974737875 -0.002499999994947575
v -0.0011249999940628186 2.526212488436659e-12 -0.002499999994947575
v -0.0013750000059371814 2.526212488436659e-12 -0.002499999994947575
vt 0 1
vt 1 1
vt 0 0
vt 1 0
vt 0 1
vt 1 1
vt 0 0
vt 1 0
vt 0 1
vt 1 1
vt 0 0
vt 1 0
vt 0 1
vt 1 1
vt 0 0
vt 1 0
vt 0 1
vt 1 1
vt 0 0
vt 1 0
vt 0 1
vt 1 1
vt 0 0
vt 1 0
vn 1 0 0
vn 1 0 0
vn 1 0 0
vn 1 0 0
vn -1 0 0
vn -1 0 0
vn -1 0 0
vn -1 0 0
vn 0 1 0
vn 0 1 0
vn 0 1 0
vn 0 1 0
vn 0 -1 0
vn 0 -1 0
vn 0 -1 0
vn 0 -1 0
vn 0 0 1
vn 0 0 1
vn 0 0 1
vn 0 0 1
vn 0 0 -1
vn 0 0 -1
vn 0 0 -1
vn 0 0 -1
f 49/49/49 51/51/51 50/50/50
f 51/51/51 52/52/52 50/50/50
f 53/53/53 55/55/55 54/54/54
f 55/55/55 56/56/56 54/54/54
f 57/57/57 59/59/59 58/58/58
f 59/59/59 60/60/60 58/58/58
f 61/61/61 63/63/63 62/62/62
f 63/63/63 64/64/64 62/62/62
f 65/65/65 67/67/67 66/66/66
f 67/67/67 68/68/68 66/66/66
f 69/69/69 71/71/71 70/70/70
f 71/71/71 72/72/72 70/70/70
o lead_03
usemtl lead_tin
v -0.0006249999940628186 0.0001999999974737875 -0.002100000005052425
v -0.0006249999940628186 0.0001999999974737875 -0.002499999994947575
v -0.0006249999940628186 2.526212488436659e-12 -0.002100000005052425
v -0.0006249999940628186 2.526212488436659e-12 -0.002499999994947575
v -0.0008750000059371814 0.0001999999974737875 -0.002499999994947575
v -0.0008750000059371814 0.0001999999974737875 -0.002100000005052425
v -0.0008750000059371814 2.526212488436659e-12 -0.002499999994947575
v -0.0008750000059371814 2.526212488436659e-12 -0.002100000005052425
v -0.0008750000059371814 0.0001999999974737875 -0.002499999994947575
v -0.0006249999940628186 0.0001999999974737875 -0.002499999994947575
v -0.0008750000059371814 0.0001999999974737875 -0.002100000005052425
v -0.0006249999940628186 0.0001999999974737875 -0.002100000005052425
v -0.0008750000059371814 2.526212488436659e-12 -0.002100000005052425
v -0.0006249999940628186 2.526212488436659e-12 -0.002100000005052425
v -0.0008750000059371814 2.526212488436659e-12 -0.002499999994947575
v -0.0006249999940628186 2.526212488436659e-12 -0.002499999994947575
v -0.0008750000059371814 0.0001999999974737875 -0.002100000005052425
v -0.0006249999940628186 0.0001999999974737875 -0.002100000005052425
v -0.0008750000059371814 2.526212488436659e-12 -0.002100000005052425
v -0.0006249999940628186 2.526212488436659e-12 -0.002100000005052425
v -0.0006249999940628186 0.0001999999974737875 -0.002499999994947575
v -0.0008750000059371814 0.0001999999974737875 -0.002499999994947575
v -0.0006249999940628186 2.526212488436659e-12 -0.002499999994947575
v -0.0008750000059371814 2.526212488436659e-12 -0.002499999994947575
vt 0 1
vt 1 1
vt 0 0
vt 1 0
vt 0 1
vt 1 1
vt 0 0
vt 1 0
vt 0 1
vt 1 1
vt 0 0
vt 1 0
vt 0 1
vt 1 1
vt 0 0
vt 1 0
vt 0 1
vt 1 1
vt 0 0
vt 1 0
vt 0 1
vt 1 1
vt 0 0
vt 1 0
vn 1 0 0
vn 1 0 0
vn 1 0 0
vn 1 0 0
vn -1 0 0
vn -1 0 0
vn -1 0 0
vn -1 0 0
vn 0 1 0
vn 0 1 0
vn 0 1 0
vn 0 1 0
vn 0 -1 0
vn 0 -1 0
vn 0 -1 0
vn 0 -1 0
vn 0 0 1
vn 0 0 1
vn 0 0 1
vn 0 0 1
vn 0 0 -1
vn 0 0 -1
vn 0 0 -1
vn 0 0 -1
f 73/73/73 75/75/75 74/74/74
f 75/75/75 76/76/76 74/74/74
f 77/77/77 79/79/79 78/78/78
f 79/79/79 80/80/80 78/78/78
f 81/81/81 83/83/83 82/82/82
f 83/83/83 84/84/84 82/82/82
f 85/85/85 87/87/87 86/86/86
f 87/87/87 88/88/88 86/86/86
f 89/89/89 91/91/91 90/90/90
f 91/91/91 92/92/92 90/90/90
f 93/93/93 95/95/95 94/94/94
f 95/95/95 96/96/96 94/94/94
o lead_04
usemtl lead_tin
v -0.0001249999940628186 0.0001999999974737875 -0.002100000005052425
v -0.0001249999940628186 0.0001999999974737875 -0.002499999994947575
v -0.0001249999940628186 2.526212488436659e-12 -0.002100000005052425
v -0.0001249999940628186 2.526212488436659e-12 -0.002499999994947575
v -0.0003750000059371814 0.0001999999974737875 -0.002499999994947575
v -0.0003750000059371814 0.0001999999974737875 -0.002100000005052425
v -0.0003750000059371814 2.526212488436659e-12 -0.002499999994947575
v -0.0003750000059371814 2.526212488436659e-12 -0.002100000005052425
v -0.0003750000059371814 0.0001999999974737875 -0.002499999994947575
v -0.0001249999940628186 0.0001999999974737875 -0.002499999994947575
v -0.0003750000059371814 0.0001999999974737875 -0.002100000005052425
v -0.0001249999940628186 0.0001999999974737875 -0.002100000005052425
v -0.0003750000059371814 2.526212488436659e-12 -0.002100000005052425
v -0.0001249999940628186 2.526212488436659e-12 -0.002100000005052425
v -0.0003750000059371814 2.526212488436659e-12 -0.002499999994947575
v -0.0001249999940628186 2.526212488436659e-12 -0.002499999994947575
v -0.0003750000059371814 0.0001999999974737875 -0.002100000005052425
v -0.0001249999940628186 0.0001999999974737875 -0.002100000005052425
v -0.0003750000059371814 2.526212488436659e-12 -0.002100000005052425
v -0.0001249999940628186 2.526212488436659e-12 -0.002100000005052425
v -0.0001249999940628186 0.0001999999974737875 -0.002499999994947575
v -0.0003750000059371814 0.0001999999974737875 -0.002499999994947575
v -0.0001249999940628186 2.526212488436659e-12 -0.002499999994947575
v -0.0003750000059371814 2.526212488436659e-12 -0.002499999994947575
vt 0 1
vt 1 1
vt 0 0
vt 1 0
vt 0 1
vt 1 1
vt 0 0
vt 1 0
vt 0 1
vt 1 1
vt 0 0
vt 1 0
vt 0 1
vt 1 1
vt 0 0
vt 1 0
vt 0 1
vt 1 1
vt 0 0
vt 1 0
vt 0 1
vt 1 1
vt 0 0
vt 1 0
vn 1 0 0
vn 1 0 0
vn 1 0 0
vn 1 0 0
vn -1 0 0
vn -1 0 0
vn -1 0 0
vn -1 0 0
vn 0 1 0
vn 0 1 0
vn 0 1 0
vn 0 1 0
vn 0 -1 0
vn 0 -1 0
vn 0 -1 0
vn 0 -1 0
vn 0 0 1
vn 0 0 1
vn 0 0 1
vn 0 0 1
vn 0 0 -1
vn 0 0 -1
vn 0 0 -1
vn 0 0 -1
f 97/97/97 99/99/99 98/98/98
f 99/99/99 100/100/100 98/98/98
f 101/101/101 103/103/103 102/102/102
f 103/103/103 104/104/104 102/102/102
f 105/105/105 107/107/107 106/106/106
f 107/107/107 108/108/108 106/106/106
f 109/109/109 111/111/111 110/110/110
f 111/111/111 112/112/112 110/110/110
f 113/113/113 115/115/115 114/114/114
f 115/115/115 116/116/116 114/114/114
f 117/117/117 119/119/119 118/118/118
f 119/119/119 120/120/120 118/118/118
o lead_05
usemtl lead_tin
v 0.0003750000059371814 0.0001999999974737875 -0.002100000005052425
v 0.0003750000059371814 0.0001999999974737875 -0.002499999994947575
v 0.0003750000059371814 2.526212488436659e-12 -0.002100000005052425
v 0.0003750000059371814 2.526212488436659e-12 -0.002499999994947575
v 0.0001249999940628186 0.0001999999974737875 -0.002499999994947575
v 0.0001249999940628186 0.0001999999974737875 -0.002100000005052425
v 0.0001249999940628186 2.526212488436659e-12 -0.002499999994947575
v 0.0001249999940628186 2.526212488436659e-12 -0.002100000005052425
v 0.0001249999940628186 0.0001999999974737875 -0.002499999994947575
v 0.0003750000059371814 0.0001999999974737875 -0.002499999994947575
v 0.0001249999940628186 0.0001999999974737875 -0.002100000005052425
v 0.0003750000059371814 0.0001999999974737875 -0.002100000005052425
v 0.0001249999940628186 2.526212488436659e-12 -0.002100000005052425
v 0.0003750000059371814 2.526212488436659e-12 -0.002100000005052425
v 0.0001249999940628186 2.526212488436659e-12 -0.002499999994947575
v 0.0003750000059371814 2.526212488436659e-12 -0.002499999994947575
v 0.0001249999940628186 0.0001999999974737875 -0.002100000005052425
v 0.0003750000059371814 0.0001999999974737875 -0.002100000005052425
v 0.0001249999940628186 2.526212488436659e-12 -0.002100000005052425
v 0.0003750000059371814 2.526212488436659e-12 -0.002100000005052425
v 0.0003750000059371814 0.0001999999974737875 -0.002499999994947575
v 0.0001249999940628186 0.0001999999974737875 -0.002499999994947575
v 0.0003750000059371814 2.526212488436659e-12 -0.002499999994947575
v 0.0001249999940628186 2.526212488436659e-12 -0.002499999994947575
vt 0 1
vt 1 1
vt 0 0
vt 1 0
vt 0 1
vt 1 1
vt 0 0
vt 1 0
vt 0 1
vt 1 1
vt 0 0
vt 1 0
vt 0 1
vt 1 1
vt 0 0
vt 1 0
vt 0 1
vt 1 1
vt 0 0
vt 1 0
vt 0 1
vt 1 1
vt 0 0
vt 1 0
vn 1 0 0
vn 1 0 0
vn 1 0 0
vn 1 0 0
vn -1 0 0
vn -1 0 0
vn -1 0 0
vn -1 0 0
vn 0 1 0
vn 0 1 0
vn 0 1 0
vn 0 1 0
vn 0 -1 0
vn 0 -1 0
vn 0 -1 0
vn 0 -1 0
vn 0 0 1
vn 0 0 1
vn 0 0 1
vn 0 0 1
vn 0 0 -1
vn 0 0 -1
vn 0 0 -1
vn 0 0 -1
f 121/121/121 123/123/123 122/122/122
f 123/123/123 124/124/124 122/122/122
f 125/125/125 127/127/127 126/126/126
f 127/127/127 128/128/128 126/126/126
f 129/129/129 131/131/131 130/130/130
f 131/131/131 132/132/132 130/130/130
f 133/133/133 135/135/135 134/134/134
f 135/135/135 136/136/136 134/134/134
f 137/137/137 139/139/139 138/138/138
f 139/139/139 140/140/140 138/138/138
f 141/141/141 143/143/143 142/142/142
f 143/143/143 144/144/144 142/142/142
o lead_06
usemtl lead_tin
v 0.0008750000059371814 0.0001999999974737875 -0.002100000005052425
v 0.0008750000059371814 0.0001999999974737875 -0.002499999994947575
v 0.0008750000059371814 2.526212488436659e-12 -0.002100000005052425
v 0.0008750000059371814 2.526212488436659e-12 -0.002499999994947575
v 0.0006249999940628186 0.0001999999974737875 -0.002499999994947575
v 0.0006249999940628186 0.0001999999974737875 -0.002100000005052425
v 0.0006249999940628186 2.526212488436659e-12 -0.002499999994947575
v 0.0006249999940628186 2.526212488436659e-12 -0.002100000005052425
v 0.0006249999940628186 0.0001999999974737875 -0.002499999994947575
v 0.0008750000059371814 0.0001999999974737875 -0.002499999994947575
v 0.0006249999940628186 0.0001999999974737875 -0.002100000005052425
v 0.0008750000059371814 0.0001999999974737875 -0.002100000005052425
v 0.0006249999940628186 2.526212488436659e-12 -0.002100000005052425
v 0.0008750000059371814 2.526212488436659e-12 -0.002100000005052425
v 0.0006249999940628186 2.526212488436659e-12 -0.002499999994947575
v 0.0008750000059371814 2.526212488436659e-12 -0.002499999994947575
v 0.0006249999940628186 0.0001999999974737875 -0.002100000005052425
v 0.0008750000059371814 0.0001999999974737875 -0.002100000005052425
v 0.0006249999940628186 2.526212488436659e-12 -0.002100000005052425
v 0.0008750000059371814 2.526212488436659e-12 -0.002100000005052425
v 0.0008750000059371814 0.0001999999974737875 -0.002499999994947575
v 0.0006249999940628186 0.0001999999974737875 -0.002499999994947575
v 0.0008750000059371814 2.526212488436659e-12 -0.002499999994947575
v 0.0006249999940628186 2.526212488436659e-12 -0.002499999994947575
vt 0 1
vt 1 1
vt 0 0
vt 1 0
vt 0 1
vt 1 1
vt 0 0
vt 1 0
vt 0 1
vt 1 1
vt 0 0
vt 1 0
vt 0 1
vt 1 1
vt 0 0
vt 1 0
vt 0 1
vt 1 1
vt 0 0
vt 1 0
vt 0 1
vt 1 1
vt 0 0
vt 1 0
vn 1 0 0
vn 1 0 0
vn 1 0 0
vn 1 0 0
vn -1 0 0
vn -1 0 0
vn -1 0 0
vn -1 0 0
vn 0 1 0
vn 0 1 0
vn 0 1 0
vn 0 1 0
vn 0 -1 0
vn 0 -1 0
vn 0 -1 0
vn 0 -1 0
vn 0 0 1
vn 0 0 1
vn 0 0 1
vn 0 0 1
vn 0 0 -1
vn 0 0 -1
vn 0 0 -1
vn 0 0 -1
f 145/145/145 147/147/147 146/146/146
f 147/147/147 148/148/148 146/146/146
f 149/149/149 151/151/151 150/150/150
f 151/151/151 152/152/152 150/150/150
f 153/153/153 155/155/155 154/154/154
f 155/155/155 156/156/156 154/154/154
f 157/157/157 159/159/159 158/158/158
f 159/159/159 160/160/160 158/158/158
f 161/161/161 163/163/163 162/162/162
f 163/163/163 164/164/164 162/162/162
f 165/165/165 167/167/167 166/166/166
f 167/167/167 168/168/168 166/166/166
o lead_07
usemtl lead_tin
v 0.0013750000059371814 0.0001999999974737875 -0.002100000005052425
v 0.0013750000059371814 0.0001999999974737875 -0.002499999994947575
v 0.0013750000059371814 2.526212488436659e-12 -0.002100000005052425
v 0.0013750000059371814 2.526212488436659e-12 -0.002499999994947575
v 0.0011249999940628186 0.0001999999974737875 -0.002499999994947575
v 0.0011249999940628186 0.0001999999974737875 -0.002100000005052425
v 0.0011249999940628186 2.526212488436659e-12 -0.002499999994947575
v 0.0011249999940628186 2.526212488436659e-12 -0.002100000005052425
v 0.0011249999940628186 0.0001999999974737875 -0.002499999994947575
v 0.0013750000059371814 0.0001999999974737875 -0.002499999994947575
v 0.0011249999940628186 0.0001999999974737875 -0.002100000005052425
v 0.0013750000059371814 0.0001999999974737875 -0.002100000005052425
v 0.0011249999940628186 2.526212488436659e-12 -0.002100000005052425
v 0.0013750000059371814 2.526212488436659e-12 -0.002100000005052425
v 0.0011249999940628186 2.526212488436659e-12 -0.002499999994947575
v 0.0013750000059371814 2.526212488436659e-12 -0.002499999994947575
v 0.0011249999940628186 0.0001999999974737875 -0.002100000005052425
v 0.0013750000059371814 0.0001999999974737875 -0.002100000005052425
v 0.0011249999940628186 2.526212488436659e-12 -0.002100000005052425
v 0.0013750000059371814 2.526212488436659e-12 -0.002100000005052425
v 0.0013750000059371814 0.0001999999974737875 -0.002499999994947575
v 0.0011249999940628186 0.0001999999974737875 -0.002499999994947575
v 0.0013750000059371814 2.526212488436659e-12 -0.002499999994947575
v 0.0011249999940628186 2.526212488436659e-12 -0.002499999994947575
vt 0 1
vt 1 1
vt 0 0
vt 1 0
vt 0 1
vt 1 1
vt 0 0
vt 1 0
vt 0 1
vt 1 1
vt 0 0
vt 1 0
vt 0 1
vt 1 1
vt 0 0
vt 1 0
vt 0 1
vt 1 1
vt 0 0
vt 1 0
vt 0 1
vt 1 1
vt 0 0
vt 1 0
vn 1 0 0
vn 1 0 0
vn 1 0 0
vn 1 0 0
vn -1 0 0
vn -1 0 0
vn -1 0 0
vn -1 0 0
vn 0 1 0
vn 0 1 0
vn 0 1 0
vn 0 1 0
vn 0 -1 0
vn 0 -1 0
vn 0 -1 0
vn 0 -1 0
vn 0 0 1
vn 0 0 1
vn 0 0 1
vn 0 0 1
vn 0 0 -1
vn 0 0 -1
vn 0 0 -1
vn 0 0 -1
f 169/169/169 171/171/171 170/170/170
f 171/171/171 172/172/172 170/170/170
f 173/173/173 175/175/175 174/174/174
f 175/175/175 176/176/176 174/174/174
f 177/177/177 179/179/179 178/178/178
f 179/179/179 180/180/180 178/178/178
f 181/181/181 183/183/183 182/182/182
f 183/183/183 184/184/184 182/182/182
f 185/185/185 187/187/187 186/186/186
f 187/187/187 188/188/188 186/186/186
f 189/189/189 191/191/191 190/190/190
f 191/191/191 192/192/192 190/190/190
o lead_08
usemtl lead_tin
v 0.0018750000059371814 0.0001999999974737875 -0.002100000005052425
v 0.0018750000059371814 0.0001999999974737875 -0.002499999994947575
v 0.0018750000059371814 2.526212488436659e-12 -0.002100000005052425
v 0.0018750000059371814 2.526212488436659e-12 -0.002499999994947575
v 0.0016249999940628186 0.0001999999974737875 -0.002499999994947575
v 0.0016249999940628186 0.0001999999974737875 -0.002100000005052425
v 0.0016249999940628186 2.526212488436659e-12 -0.002499999994947575
v 0.0016249999940628186 2.526212488436659e-12 -0.002100000005052425
v 0.0016249999940628186 0.0001999999974737875 -0.002499999994947575
v 0.0018750000059371814 0.0001999999974737875 -0.002499999994947575
v 0.0016249999940628186 0.0001999999974737875 -0.002100000005052425
v 0.0018750000059371814 0.0001999999974737875 -0.002100000005052425
v 0.0016249999940628186 2.526212488436659e-12 -0.002100000005052425
v 0.0018750000059371814 2.526212488436659e-12 -0.002100000005052425
v 0.0016249999940628186 2.526212488436659e-12 -0.002499999994947575
v 0.0018750000059371814 2.526212488436659e-12 -0.002499999994947575
v 0.0016249999940628186 0.0001999999974737875 -0.002100000005052425
v 0.0018750000059371814 0.0001999999974737875 -0.002100000005052425
v 0.0016249999940628186 2.526212488436659e-12 -0.002100000005052425
v 0.0018750000059371814 2.526212488436659e-12 -0.002100000005052425
v 0.0018750000059371814 0.0001999999974737875 -0.002499999994947575
v 0.0016249999940628186 0.0001999999974737875 -0.002499999994947575
v 0.0018750000059371814 2.526212488436659e-12 -0.002499999994947575
v 0.0016249999940628186 2.526212488436659e-12 -0.002499999994947575
vt 0 1
vt 1 1
vt 0 0
vt 1 0
vt 0 1
vt 1 1
vt 0 0
vt 1 0
vt 0 1
vt 1 1
vt 0 0
vt 1 0
vt 0 1
vt 1 1
vt 0 0
vt 1 0
vt 0 1
vt 1 1
vt 0 0
vt 1 0
vt 0 1
vt 1 1
vt 0 0
vt 1 0
vn 1 0 0
vn 1 0 0
vn 1 0 0
vn 1 0 0
vn -1 0 0
vn -1 0 0
vn -1 0 0
vn -1 0 0
vn 0 1 0
vn 0 1 0
vn 0 1 0
vn 0 1 0
vn 0 -1 0
vn 0 -1 0
vn 0 -1 0
vn 0 -1 0
vn 0 0 1
vn 0 0 1
vn 0 0 1
vn 0 0 1
vn 0 0 -1
vn 0 0 -1
vn 0 0 -1
vn 0 0 -1
f 193/193/193 195/195/195 194/194/194
f 195/195/195 196/196/196 194/194/194
f 197/197/197 199/199/199 198/198/198
f 199/199/199 200/200/200 198/198/198
f 201/201/201 203/203/203 202/202/202
f 203/203/203 204/204/204 202/202/202
f 205/205/205 207/207/207 206/206/206
f 207/207/207 208/208/208 206/206/206
f 209/209/209 211/211/211 210/210/210
f 211/211/211 212/212/212 210/210/210
f 213/213/213 215/215/215 214/214/214
f 215/215/215 216/216/216 214/214/214
o lead_09
usemtl lead_tin
v 0.002499999994947575 0.0001999999974737875 -0.0016249999940628186
v 0.002499999994947575 0.0001999999974737875 -0.0018750000059371814
v 0.002499999994947575 2.526212488436659e-12 -0.0016249999940628186
v 0.002499999994947575 2.526212488436659e-12 -0.0018750000059371814
v 0.002100000005052425 0.0001999999974737875 -0.0018750000059371814
v 0.002100000005052425 0.0001999999974737875 -0.0016249999940628186
v 0.002100000005052425 2.526212488436659e-12 -0.0018750000059371814
v 0.002100000005052425 2.526212488436659e-12 -0.0016249999940628186
v 0.002100000005052425 0.0001999999974737875 -0.0018750000059371814
v 0.002499999994947575 0.0001999999974737875 -0.0018750000059371814
v 0.002100000005052425 0.0001999999974737875 -0.0016249999940628186
v 0.002499999994947575 0.0001999999974737875 -0.0016249999940628186
v 0.002100000005052425 2.526212488436659e-12 -0.0016249999940628186
v 0.002499999994947575 2.526212488436659e-12 -0.0016249999940628186
v 0.002100000005052425 2.526212488436659e-12 -0.0018750000059371814
v 0.002499999994947575 2.526212488436659e-12 -0.0018750000059371814
v 0.002100000005052425 0.0001999999974737875 -0.0016249999940628186
v 0.002499999994947575 0.0001999999974737875 -0.0016249999940628186
v 0.002100000005052425 2.526212488436659e-12 -0.0016249999940628186
v 0.002499999994947575 2.526212488436659e-12 -0.0016249999940628186
v 0.002499999994947575 0.0001999999974737875 -0.0018750000059371814
v 0.002100000005052425 0.0001999999974737875 -0.0018750000059371814
v 0.002499999994947575 2.526212488436659e-12 -0.0018750000059371814
v 0.002100000005052425 2.526212488436659e-12 -0.0018750000059371814
vt 0 1
vt 1 1
vt 0 0
vt 1 0
vt 0 1
vt 1 1
vt 0 0
vt 1 0
vt 0 1
vt 1 1
vt 0 0
vt 1 0
vt 0 1
vt 1 1
vt 0 0
vt 1 0
vt 0 1
vt 1 1
vt 0 0
vt 1 0
vt 0 1
vt 1 1
vt 0 0
vt 1 0
vn 1 0 0
vn 1 0 0
vn 1 0 0
vn 1 0 0
vn -1 0 0
vn -1 0 0
vn -1 0 0
vn -1 0 0
vn 0 1 0
vn 0 1 0
vn 0 1 0
vn 0 1 0
vn 0 -1 0
vn 0 -1 0
vn 0 -1 0
vn 0 -1 0
vn 0 0 1
vn 0 0 1
vn 0 0 1
vn 0 0 1
vn 0 0 -1
vn 0 0 -1
vn 0 0 -1
vn 0 0 -1
f 217/217/217 219/219/219 218/218/218
f 219/219/219 220/220/220 218/218/218
f 221/221/221 223/223/223 222/222/222
f 223/223/223 224/224/224 222/222/222
f 225/225/225 227/227/227 226/226/226
f 227/227/227 228/228/228 226/226/226
f 229/229/229 231/231/231 230/230/230
f 231/231/231 232/232/232 230/230/230
f 233/233/233 235/235/235 234/234/234
f 235/235/235 236/236/236 234/234/234
f 237/237/237 239/239/239 238/238/238
f 239/239/239 240/240/240 238/238/238
o lead_10
usemtl lead_tin
v 0.002499999994947575 0.0001999999974737875 -0.0011249999940628186
v 0.002499999994947575 0.0001999999974737875 -0.0013750000059371814
v 0.002499999994947575 2.526212488436659e-12 -0.0011249999940628186
v 0.002499999994947575 2.526212488436659e-12 -0.0013750000059371814
v 0.002100000005052425 0.0001999999974737875 -0.0013750000059371814
v 0.002100000005052425 0.0001999999974737875 -0.0011249999940628186
v 0.002100000005052425 2.526212488436659e-12 -0.0013750000059371814
v 0.002100000005052425 2.526212488436659e-12 -0.0011249999940628186
v 0.002100000005052425 0.0001999999974737875 -0.0013750000059371814
v 0.002499999994947575 0.0001999999974737875 -0.0013750000059371814
v 0.002100000005052425 0.0001999999974737875 -0.0011249999940628186
v 0.002499999994947575 0.0001999999974737875 -0.0011249999940628186
v 0.002100000005052425 2.526212488436659e-12 -0.0011249999940628186
v 0.002499999994947575 2.526212488436659e-12 -0.0011249999940628186
v 0.002100000005052425 2.526212488436659e-12 -0.0013750000059371814
v 0.002499999994947575 2.526212488436659e-12 -0.0013750000059371814
v 0.002100000005052425 0.0001999999974737875 -0.0011249999940628186
v 0.002499999994947575 0.0001999999974737875 -0.0011249999940628186
v 0.002100000005052425 2.526212488436659e-12 -0.0011249999940628186
v 0.002499999994947575 2.526212488436659e-12 -0.0011249999940628186
v 0.002499999994947575 0.0001999999974737875 -0.0013750000059371814
v 0.002100000005052425 0.0001999999974737875 -0.0013750000059371814
v 0.002499999994947575 2.526212488436659e-12 -0.0013750000059371814
v 0.002100000005052425 2.526212488436659e-12 -0.0013750000059371814
vt 0 1
vt 1 1
vt 0 0
vt 1 0
vt 0 1
vt 1 1
vt 0 0
vt 1 0
vt 0 1
vt 1 1
vt 0 0
vt 1 0
vt 0 1
vt 1 1
vt 0 0
vt 1 0
vt 0 1
vt 1 1
vt 0 0
vt 1 0
vt 0 1
vt 1 1
vt 0 0
vt 1 0
vn 1 0 0
vn 1 0 0
vn 1 0 0
vn 1 0 0
vn -1 0 0
vn -1 0 0
vn -1 0 0
vn -1 0 0
vn 0 1 0
vn 0 1 0
vn 0 1 0
vn 0 1 0
vn 0 -1 0
vn 0 -1 0
vn 0 -1 0
vn 0 -1 0
vn 0 0 1
vn 0 0 1
vn 0 0 1
vn 0 0 1
vn 0 0 -1
vn 0 0 -1
vn 0 0 -1
vn 0 0 -1
f 241/241/241 243/243/243 242/242/242
f 243/243/243 244/244/244 242/242/242
f 245/245/245 247/247/247 246/246/246
f 247/247/247 248/248/248 246/246/246
f 249/249/249 251/251/251 250/250/250
f 251/251/251 252/252/252 250/250/250
f 253/253/253 255/255/255 254/254/254
f 255/255/255 256/256/256 254/254/254
f 257/257/257 259/259/259 258/258/258
f 259/259/259 260/260/260 258/258/258
f 261/261/261 263/263/263 262/262/262
f 263/263/263 264/264/264 262/262/262
o lead_11
usemtl lead_tin
v 0.002499999994947575 0.0001999999974737875 -0.0006249999940628186
v 0.002499999994947575 0.0001999999974737875 -0.0008750000059371814
v 0.002499999994947575 2.526212488436659e-12 -0.0006249999940628186
v 0.002499999994947575 2.526212488436659e-12 -0.0008750000059371814
v 0.002100000005052425 0.0001999999974737875 -0.0008750000059371814
v 0.002100000005052425 0.0001999999974737875 -0.0006249999940628186
v 0.002100000005052425 2.526212488436659e-12 -0.0008750000059371814
v 0.002100000005052425 2.526212488436659e-12 -0.0006249999940628186
v 0.002100000005052425 0.0001999999974737875 -0.0008750000059371814
v 0.002499999994947575 0.0001999999974737875 -0.0008750000059371814
v 0.002100000005052425 0.0001999999974737875 -0.0006249999940628186
v 0.002499999994947575 0.0001999999974737875 -0.0006249999940628186
v 0.002100000005052425 2.526212488436659e-12 -0.0006249999940628186
v 0.002499999994947575 2.526212488436659e-12 -0.0006249999940628186
v 0.002100000005052425 2.526212488436659e-12 -0.0008750000059371814
v 0.002499999994947575 2.526212488436659e-12 -0.0008750000059371814
v 0.002100000005052425 0.0001999999974737875 -0.0006249999940628186
v 0.002499999994947575 0.0001999999974737875 -0.0006249999940628186
v 0.002100000005052425 2.526212488436659e-12 -0.0006249999940628186
v 0.002499999994947575 2.526212488436659e-12 -0.0006249999940628186
v 0.002499999994947575 0.0001999999974737875 -0.0008750000059371814
v 0.002100000005052425 0.0001999999974737875 -0.0008750000059371814
v 0.002499999994947575 2.526212488436659e-12 -0.0008750000059371814
v 0.002100000005052425 2.526212488436659e-12 -0.0008750000059371814
vt 0 1
vt 1 1
vt 0 0
vt 1 0
vt 0 1
vt 1 1
vt 0 0
vt 1 0
vt 0 1
vt 1 1
vt 0 0
vt 1 0
vt 0 1
vt 1 1
vt 0 0
vt 1 0
vt 0 1
vt 1 1
vt 0 0
vt 1 0
vt 0 1
vt 1 1
vt 0 0
vt 1 0
vn 1 0 0
vn 1 0 0
vn 1 0 0
vn 1 0 0
vn -1 0 0
vn -1 0 0
vn -1 0 0
vn -1 0 0
vn 0 1 0
vn 0 1 0
vn 0 1 0
vn 0 1 0
vn 0 -1 0
vn 0 -1 0
vn 0 -1 0
vn 0 -1 0
vn 0 0 1
vn 0 0 1
vn 0 0 1
vn 0 0 1
vn 0 0 -1
vn 0 0 -1
vn 0 0 -1
vn 0 0 -1
f 265/265/265 267/267/267 266/266/266
f 267/267/267 268/268/268 266/266/266
f 269/269/269 271/271/271 270/270/270
f 271/271/271 272/272/272 270/270/270
f 273/273/273 275/275/275 274/274/274
f 275/275/275 276/276/276 274/274/274
f 277/277/277 279/279/279 278/278/278
f 279/279/279 280/280/280 278/278/278
f 281/281/281 283/283/283 282/282/282
f 283/283/283 284/284/284 282/282/282
f 285/285/285 287/287/287 286/286/286
f 287/287/287 288/288/288 286/286/286
o lead_12
usemtl lead_tin
v 0.002499999994947575 0.0001999999974737875 -0.0001249999940628186
v 0.002499999994947575 0.0001999999974737875 -0.0003750000059371814
v 0.002499999994947575 2.526212488436659e-12 -0.0001249999940628186
v 0.002499999994947575 2.526212488436659e-12 -0.0003750000059371814
v 0.002100000005052425 0.0001999999974737875 -0.0003750000059371814
v 0.002100000005052425 0.0001999999974737875 -0.0001249999940628186
v 0.002100000005052425 2.526212488436659e-12 -0.0003750000059371814
v 0.002100000005052425 2.526212488436659e-12 -0.0001249999940628186
v 0.002100000005052425 0.0001999999974737875 -0.0003750000059371814
v 0.002499999994947575 0.0001999999974737875 -0.0003750000059371814
v 0.002100000005052425 0.0001999999974737875 -0.0001249999940628186
v 0.002499999994947575 0.0001999999974737875 -0.0001249999940628186
v 0.002100000005052425 2.526212488436659e-12 -0.0001249999940628186
v 0.002499999994947575 2.526212488436659e-12 -0.0001249999940628186
v 0.002100000005052425 2.526212488436659e-12 -0.0003750000059371814
v 0.002499999994947575 2.526212488436659e-12 -0.0003750000059371814
v 0.002100000005052425 0.0001999999974737875 -0.0001249999940628186
v 0.002499999994947575 0.0001999999974737875 -0.0001249999940628186
v 0.002100000005052425 2.526212488436659e-12 -0.0001249999940628186
v 0.002499999994947575 2.526212488436659e-12 -0.0001249999940628186
v 0.002499999994947575 0.0001999999974737875 -0.0003750000059371814
v 0.002100000005052425 0.0001999999974737875 -0.0003750000059371814
v 0.002499999994947575 2.526212488436659e-12 -0.0003750000059371814
v 0.002100000005052425 2.526212488436659e-12 -0.0003750000059371814
vt 0 1
vt 1 1
vt 0 0
vt 1 0
vt 0 1
vt 1 1
vt 0 0
vt 1 0
vt 0 1
vt 1 1
vt 0 0
vt 1 0
vt 0 1
vt 1 1
vt 0 0
vt 1 0
vt 0 1
vt 1 1
vt 0 0
vt 1 0
vt 0 1
vt 1 1
vt 0 0
vt 1 0
vn 1 0 0
vn 1 0 0
vn 1 0 0
vn 1 0 0
vn -1 0 0
vn -1 0 0
vn -1 0 0
vn -1 0 0
vn 0 1 0
vn 0 1 0
vn 0 1 0
vn 0 1 0
vn 0 -1 0
vn 0 -1 0
vn 0 -1 0
vn 0 -1 0
vn 0 0 1
vn 0 0 1
vn 0 0 1
vn 0 0 1
vn 0 0 -1
vn 0 0 -1
vn 0 0 -1
vn 0 0 -1
f 289/289/289 291/291/291 290/290/290
f 291/291/291 292/292/292 290/290/290
f 293/293/293 295/295/295 294/294/294
f 295/295/295 296/296/296 294/294/294
f 297/297/297 299/299/299 298/298/298
f 299/299/299 300/300/300 298/298/298
f 301/301/301 303/303/303 302/302/302
f 303/303/303 304/304/304 302/302/302
f 305/305/305 307/307/307 306/306/306
f 307/307/307 308/308/308 306/306/306
f 309/309/309 311/311/311 310/310/310
f 311/311/311 312/312/312 310/310/310
o lead_13
usemtl lead_tin
v 0.002499999994947575 0.0001999999974737875 0.0003750000059371814
v 0.002499999994947575 0.0001999999974737875 0.0001249999940628186
v 0.002499999994947575 2.526212488436659e-12 0.0003750000059371814
v 0.002499999994947575 2.526212488436659e-12 0.0001249999940628186
v 0.002100000005052425 0.0001999999974737875 0.0001249999940628186
v 0.002100000005052425 0.0001999999974737875 0.0003750000059371814
v 0.002100000005052425 2.526212488436659e-12 0.0001249999940628186
v 0.002100000005052425 2.526212488436659e-12 0.0003750000059371814
v 0.002100000005052425 0.0001999999974737875 0.0001249999940628186
v 0.002499999994947575 0.0001999999974737875 0.0001249999940628186
v 0.002100000005052425 0.0001999999974737875 0.0003750000059371814
v 0.002499999994947575 0.0001999999974737875 0.0003750000059371814
v 0.002100000005052425 2.526212488436659e-12 0.0003750000059371814
v 0.002499999994947575 2.526212488436659e-12 0.0003750000059371814
v 0.002100000005052425 2.526212488436659e-12 0.0001249999940628186
v 0.002499999994947575 2.526212488436659e-12 0.0001249999940628186
v 0.002100000005052425 0.0001999999974737875 0.0003750000059371814
v 0.002499999994947575 0.0001999999974737875 0.0003750000059371814
v 0.002100000005052425 2.526212488436659e-12 0.0003750000059371814
v 0.002499999994947575 2.526212488436659e-12 0.0003750000059371814
v 0.002499999994947575 0.0001999999974737875 0.0001249999940628186
v 0.002100000005052425 0.0001999999974737875 0.0001249999940628186
v 0.002499999994947575 2.526212488436659e-12 0.0001249999940628186
v 0.002100000005052425 2.526212488436659e-12 0.0001249999940628186
vt 0 1
vt 1 1
vt 0 0
vt 1 0
vt 0 1
vt 1 1
vt 0 0
vt 1 0
vt 0 1
vt 1 1
vt 0 0
vt 1 0
vt 0 1
vt 1 1
vt 0 0
vt 1 0
vt 0 1
vt 1 1
vt 0 0
vt 1 0
vt 0 1
vt 1 1
vt 0 0
vt 1 0
vn 1 0 0
vn 1 0 0
vn 1 0 0
vn 1 0 0
vn -1 0 0
vn -1 0 0
vn -1 0 0
vn -1 0 0
vn 0 1 0
vn 0 1 0
vn 0 1 0
vn 0 1 0
vn 0 -1 0
vn 0 -1 0
vn 0 -1 0
vn 0 -1 0
vn 0 0 1
vn 0 0 1
vn 0 0 1
vn 0 0 1
vn 0 0 -1
vn 0 0 -1
vn 0 0 -1
vn 0 0 -1
f 313/313/313 315/315/315 314/314/314
f 315/315/315 316/316/316 314/314/314
f 317/317/317 319/319/319 318/318/318
f 319/319/319 320/320/320 318/318/318
f 321/321/321 323/323/323 322/322/322
f 323/323/323 324/324/324 322/322/322
f 325/325/325 327/327/327 326/326/326
f 327/327/327 328/328/328 326/326/326
f 329/329/329 331/331/331 330/330/330
f 331/331/331 332/332/332 330/330/330
f 333/333/333 335/335/335 334/334/334
f 335/335/335 336/336/336 334/334/334
o lead_14
usemtl lead_tin
v 0.002499999994947575 0.0001999999974737875 0.0008750000059371814
v 0.002499999994947575 0.0001999999974737875 0.0006249999940628186
v 0.002499999994947575 2.526212488436659e-12 0.0008750000059371814
v 0.002499999994947575 2.526212488436659e-12 0.0006249999940628186
v 0.002100000005052425 0.0001999999974737875 0.0006249999940628186
v 0.002100000005052425 0.0001999999974737875 0.0008750000059371814
v 0.002100000005052425 2.526212488436659e-12 0.0006249999940628186
v 0.002100000005052425 2.526212488436659e-12 0.0008750000059371814
v 0.002100000005052425 0.0001999999974737875 0.0006249999940628186
v 0.002499999994947575 0.0001999999974737875 0.0006249999940628186
v 0.002100000005052425 0.0001999999974737875 0.0008750000059371814
v 0.002499999994947575 0.0001999999974737875 0.0008750000059371814
v 0.002100000005052425 2.526212488436659e-12 0.0008750000059371814
v 0.002499999994947575 2.526212488436659e-12 0.0008750000059371814
v 0.002100000005052425 2.526212488436659e-12 0.0006249999940628186
v 0.002499999994947575 2.526212488436659e-12 0.0006249999940628186
v 0.002100000005052425 0.0001999999974737875 0.0008750000059371814
v 0.002499999994947575 0.0001999999974737875 0.0008750000059371814
v 0.002100000005052425 2.526212488436659e-12 0.0008750000059371814
v 0.002499999994947575 2.526212488436659e-12 0.0008750000059371814
v 0.002499999994947575 0.0001999999974737875 0.0006249999940628186
v 0.002100000005052425 0.0001999999974737875 0.0006249999940628186
v 0.002499999994947575 2.526212488436659e-12 0.0006249999940628186
v 0.002100000005052425 2.526212488436659e-12 0.0006249999940628186
vt 0 1
vt 1 1
vt 0 0
vt 1 0
vt 0 1
vt 1 1
vt 0 0
vt 1 0
vt 0 1
vt 1 1
vt 0 0
vt 1 0
vt 0 1
vt 1 1
vt 0 0
vt 1 0
vt 0 1
vt 1 1
vt 0 0
vt 1 0
vt 0 1
vt 1 1
vt 0 0
vt 1 0
vn 1 0 0
vn 1 0 0
vn 1 0 0
vn 1 0 0
vn -1 0 0
vn -1 0 0
vn -1 0 0
vn -1 0 0
vn 0 1 0
vn 0 1 0
vn 0 1 0
vn 0 1 0
vn 0 -1 0
vn 0 -1 0
vn 0 -1 0
vn 0 -1 0
vn 0 0 1
vn 0 0 1
vn 0 0 1
vn 0 0 1
vn 0 0 -1
vn 0 0 -1
vn 0 0 -1
vn 0 0 -1
f 337/337/337 339/339/339 338/338/338
f 339/339/339 340/340/340 338/338/338
f 341/341/341 343/343/343 342/342/342
f 343/343/343 344/344/344 342/342/342
f 345/345/345 347/347/347 346/346/346
f 347/347/347 348/348/348 346/346/346
f 349/349/349 351/351/351 350/350/350
f 351/351/351 352/352/352 350/350/350
f 353/353/353 355/355/355 354/354/354
f 355/355/355 356/356/356 354/354/354
f 357/357/357 359/359/359 358/358/358
f 359/359/359 360/360/360 358/358/358
o lead_15
usemtl lead_tin
v 0.002499999994947575 0.0001999999974737875 0.0013750000059371814
v 0.002499999994947575 0.0001999999974737875 0.0011249999940628186
v 0.002499999994947575 2.526212488436659e-12 0.0013750000059371814
v 0.002499999994947575 2.526212488436659e-12 0.0011249999940628186
v 0.002100000005052425 0.0001999999974737875 0.0011249999940628186
v 0.002100000005052425 0.0001999999974737875 0.0013750000059371814
v 0.002100000005052425 2.526212488436659e-12 0.0011249999940628186
v 0.002100000005052425 2.526212488436659e-12 0.0013750000059371814
v 0.002100000005052425 0.0001999999974737875 0.0011249999940628186
v 0.002499999994947575 0.0001999999974737875 0.0011249999940628186
v 0.002100000005052425 0.0001999999974737875 0.0013750000059371814
v 0.002499999994947575 0.0001999999974737875 0.0013750000059371814
v 0.002100000005052425 2.526212488436659e-12 0.0013750000059371814
v 0.002499999994947575 2.526212488436659e-12 0.0013750000059371814
v 0.002100000005052425 2.526212488436659e-12 0.0011249999940628186
v 0.002499999994947575 2.526212488436659e-12 0.0011249999940628186
v 0.002100000005052425 0.0001999999974737875 0.0013750000059371814
v 0.002499999994947575 0.0001999999974737875 0.0013750000059371814
v 0.002100000005052425 2.526212488436659e-12 0.0013750000059371814
v 0.002499999994947575 2.526212488436659e-12 0.0013750000059371814
v 0.002499999994947575 0.0001999999974737875 0.0011249999940628186
v 0.002100000005052425 0.0001999999974737875 0.0011249999940628186
v 0.002499999994947575 2.526212488436659e-12 0.0011249999940628186
v 0.002100000005052425 2.526212488436659e-12 0.0011249999940628186
vt 0 1
vt 1 1
vt 0 0
vt 1 0
vt 0 1
vt 1 1
vt 0 0
vt 1 0
vt 0 1
vt 1 1
vt 0 0
vt 1 0
vt 0 1
vt 1 1
vt 0 0
vt 1 0
vt 0 1
vt 1 1
vt 0 0
vt 1 0
vt 0 1
vt 1 1
vt 0 0
vt 1 0
vn 1 0 0
vn 1 0 0
vn 1 0 0
vn 1 0 0
vn -1 0 0
vn -1 0 0
vn -1 0 0
vn -1 0 0
vn 0 1 0
vn 0 1 0
vn 0 1 0
vn 0 1 0
vn 0 -1 0
vn 0 -1 0
vn 0 -1 0
vn 0 -1 0
vn 0 0 1
vn 0 0 1
vn 0 0 1
vn 0 0 1
vn 0 0 -1
vn 0 0 -1
vn 0 0 -1
vn 0 0 -1
f 361/361/361 363/363/363 362/362/362
f 363/363/363 364/364/364 362/362/362
f 365/365/365 367/367/367 366/366/366
f 367/367/367 368/368/368 366/366/366
f 369/369/369 371/371/371 370/370/370
f 371/371/371 372/372/372 370/370/370
f 373/373/373 375/375/375 374/374/374
f 375/375/375 376/376/376 374/374/374
f 377/377/377 379/379/379 378/378/378
f 379/379/379 380/380/380 378/378/378
f 381/381/381 383/383/383 382/382/382
f 383/383/383 384/384/384 382/382/382
o lead_16
usemtl lead_tin
v 0.002499999994947575 0.0001999999974737875 0.0018750000059371814
v 0.002499999994947575 0.0001999999974737875 0.0016249999940628186
v 0.002499999994947575 2.526212488436659e-12 0.0018750000059371814
v 0.002499999994947575 2.526212488436659e-12 0.0016249999940628186
v 0.002100000005052425 0.0001999999974737875 0.0016249999940628186
v 0.002100000005052425 0.0001999999974737875 0.0018750000059371814
v 0.002100000005052425 2.526212488436659e-12 0.0016249999940628186
v 0.002100000005052425 2.526212488436659e-12 0.0018750000059371814
v 0.002100000005052425 0.0001999999974737875 0.0016249999940628186
v 0.002499999994947575 0.0001999999974737875 0.0016249999940628186
v 0.002100000005052425 0.0001999999974737875 0.0018750000059371814
v 0.002499999994947575 0.0001999999974737875 0.0018750000059371814
v 0.002100000005052425 2.526212488436659e-12 0.0018750000059371814
v 0.002499999994947575 2.526212488436659e-12 0.0018750000059371814
v 0.002100000005052425 2.526212488436659e-12 0.0016249999940628186
v 0.002499999994947575 2.526212488436659e-12 0.0016249999940628186
v 0.002100000005052425 0.0001999999974737875 0.0018750000059371814
v 0.002499999994947575 0.0001999999974737875 0.0018750000059371814
v 0.002100000005052425 2.526212488436659e-12 0.0018750000059371814
v 0.002499999994947575 2.526212488436659e-12 0.0018750000059371814
v 0.002499999994947575 0.0001999999974737875 0.0016249999940628186
v 0.002100000005052425 0.0001999999974737875 0.0016249999940628186
v 0.002499999994947575 2.526212488436659e-12 0.0016249999940628186
v 0.002100000005052425 2.526212488436659e-12 0.0016249999940628186
vt 0 1
vt 1 1
vt 0 0
vt 1 0
vt 0 1
vt 1 1
vt 0 0
vt 1 0
vt 0 1
vt 1 1
vt 0 0
vt 1 0
vt 0 1
vt 1 1
vt 0 0
vt 1 0
vt 0 1
vt 1 1
vt 0 0
vt 1 0
vt 0 1
vt 1 1
vt 0 0
vt 1 0
vn 1 0 0
vn 1 0 0
vn 1 0 0
vn 1 0 0
vn -1 0 0
vn -1 0 0
vn -1 0 0
vn -1 0 0
vn 0 1 0
vn 0 1 0
vn 0 1 0
vn 0 1 0
vn 0 -1 0
vn 0 -1 0
vn 0 -1 0
vn 0 -1 0
vn 0 0 1
vn 0 0 1
vn 0 0 1
vn 0 0 1
vn 0 0 -1
vn 0 0 -1
vn 0 0 -1
vn 0 0 -1
f 385/385/385 387/387/387 386/386/386
f 387/387/387 388/388/388 386/386/386
f 389/389/389 391/391/391 390/390/390
f 391/391/391 392/392/392 390/390/390
f 393/393/393 395/395/395 394/394/394
f 395/395/395 396/396/396 394/394/394
f 397/397/397 399/399/399 398/398/398
f 399/399/399 400/400/400 398/398/398
f 401/401/401 403/403/403 402/402/402
f 403/403/403 404/404/404 402/402/402
f 405/405/405 407/407/407 406/406/406
f 407/407/407 408/408/408 406/406/406
o lead_17
usemtl lead_tin
v 0.0018750000059371814 0.0001999999974737875 0.002499999994947575
v 0.0018750000059371814 0.0001999999974737875 0.002100000005052425
v 0.0018750000059371814 2.526212488436659e-12 0.002499999994947575
v 0.0018750000059371814 2.526212488436659e-12 0.002100000005052425
v 0.0016249999940628186 0.0001999999974737875 0.002100000005052425
v 0.0016249999940628186 0.0001999999974737875 0.002499999994947575
v 0.0016249999940628186 2.526212488436659e-12 0.002100000005052425
v 0.0016249999940628186 2.526212488436659e-12 0.002499999994947575
v 0.0016249999940628186 0.0001999999974737875 0.002100000005052425
v 0.0018750000059371814 0.0001999999974737875 0.002100000005052425
v 0.0016249999940628186 0.0001999999974737875 0.002499999994947575
v 0.0018750000059371814 0.0001999999974737875 0.002499999994947575
v 0.0016249999940628186 2.526212488436659e-12 0.002499999994947575
v 0.0018750000059371814 2.526212488436659e-12 0.002499999994947575
v 0.0016249999940628186 2.526212488436659e-12 0.002100000005052425
v 0.0018750000059371814 2.526212488436659e-12 0.002100000005052425
v 0.0016249999940628186 0.0001999999974737875 0.002499999994947575
v 0.0018750000059371814 0.0001999999974737875 0.002499999994947575
v 0.0016249999940628186 2.526212488436659e-12 0.002499999994947575
v 0.0018750000059371814 2.526212488436659e-12 0.002499999994947575
v 0.0018750000059371814 0.0001999999974737875 0.002100000005052425
v 0.0016249999940628186 0.0001999999974737875 0.002100000005052425
v 0.0018750000059371814 2.526212488436659e-12 0.002100000005052425
v 0.0016249999940628186 2.526212488436659e-12 0.002100000005052425
vt 0 1
vt 1 1
vt 0 0
vt 1 0
vt 0 1
vt 1 1
vt 0 0
vt 1 0
vt 0 1
vt 1 1
vt 0 0
vt 1 0
vt 0 1
vt 1 1
vt 0 0
vt 1 0
vt 0 1
vt 1 1
vt 0 0
vt 1 0
vt 0 1
vt 1 1
vt 0 0
vt 1 0
vn 1 0 0
vn 1 0 0
vn 1 0 0
vn 1 0 0
vn -1 0 0
vn -1 0 0
vn -1 0 0
vn -1 0 0
vn 0 1 0
vn 0 1 0
vn 0 1 0
vn 0 1 0
vn 0 -1 0
vn 0 -1 0
vn 0 -1 0
vn 0 -1 0
vn 0 0 1
vn 0 0 1
vn 0 0 1
vn 0 0 1
vn 0 0 -1
vn 0 0 -1
vn 0 0 -1
vn 0 0 -1
f 409/409/409 411/411/411 410/410/410
f 411/411/411 412/412/412 410/410/410
f 413/413/413 415/415/415 414/414/414
f 415/415/415 416/416/416 414/414/414
f 417/417/417 419/419/419 418/418/418
f 419/419/419 420/420/420 418/418/418
f 421/421/421 423/423/423 422/422/422
f 423/423/423 424/424/424 422/422/422
f 425/425/425 427/427/427 426/426/426
f 427/427/427 428/428/428 426/426/426
f 429/429/429 431/431/431 430/430/430
f 431/431/431 432/432/432 430/430/430
o lead_18
usemtl lead_tin
v 0.0013750000059371814 0.0001999999974737875 0.002499999994947575
v 0.0013750000059371814 0.0001999999974737875 0.002100000005052425
v 0.0013750000059371814 2.526212488436659e-12 0.002499999994947575
v 0.0013750000059371814 2.526212488436659e-12 0.002100000005052425
v 0.0011249999940628186 0.0001999999974737875 0.002100000005052425
v 0.0011249999940628186 0.0001999999974737875 0.002499999994947575
v 0.0011249999940628186 2.526212488436659e-12 0.002100000005052425
v 0.0011249999940628186 2.526212488436659e-12 0.002499999994947575
v 0.0011249999940628186 0.0001999999974737875 0.002100000005052425
v 0.0013750000059371814 0.0001999999974737875 0.002100000005052425
v 0.0011249999940628186 0.0001999999974737875 0.002499999994947575
v 0.0013750000059371814 0.0001999999974737875 0.002499999994947575
v 0.0011249999940628186 2.526212488436659e-12 0.002499999994947575
v 0.0013750000059371814 2.526212488436659e-12 0.002499999994947575
v 0.0011249999940628186 2.526212488436659e-12 0.002100000005052425
v 0.0013750000059371814 2.526212488436659e-12 0.002100000005052425
v 0.0011249999940628186 0.0001999999974737875 0.002499999994947575
v 0.0013750000059371814 0.0001999999974737875 0.002499999994947575
v 0.0011249999940628186 2.526212488436659e-12 0.002499999994947575
v 0.0013750000059371814 2.526212488436659e-12 0.002499999994947575
v 0.0013750000059371814 0.0001999999974737875 0.002100000005052425
v 0.0011249999940628186 0.0001999999974737875 0.002100000005052425
v 0.0013750000059371814 2.526212488436659e-12 0.002100000005052425
v 0.0011249999940628186 2.526212488436659e-12 0.002100000005052425
vt 0 1
vt 1 1
vt 0 0
vt 1 0
vt 0 1
vt 1 1
vt 0 0
vt 1 0
vt 0 1
vt 1 1
vt 0 0
vt 1 0
vt 0 1
vt 1 1
vt 0 0
vt 1 0
vt 0 1
vt 1 1
vt 0 0
vt 1 0
vt 0 1
vt 1 1
vt 0 0
vt 1 0
vn 1 0 0
vn 1 0 0
vn 1 0 0
vn 1 0 0
vn -1 0 0
vn -1 0 0
vn -1 0 0
vn -1 0 0
vn 0 1 0
vn 0 1 0
vn 0 1 0
vn 0 1 0
vn 0 -1 0
vn 0 -1 0
vn 0 -1 0
vn 0 -1 0
vn 0 0 1
vn 0 0 1
vn 0 0 1
vn 0 0 1
vn 0 0 -1
vn 0 0 -1
vn 0 0 -1
vn 0 0 -1
f 433/433/433 435/435/435 434/434/434
f 435/435/435 436/436/436 434/434/434
f 437/437/437 439/439/439 438/438/438
f 439/439/439 440/440/440 438/438/438
f 441/441/441 443/443/443 442/442/442
f 443/443/443 444/444/444 442/442/442
f 445/445/445 447/447/447 446/446/446
f 447/447/447 448/448/448 446/446/446
f 449/449/449 451/451/451 450/450/450
f 451/451/451 452/452/452 450/450/450
f 453/453/453 455/455/455 454/454/454
f 455/455/455 456/456/456 454/454/454
o lead_19
usemtl lead_tin
v 0.0008750000059371814 0.0001999999974737875 0.002499999994947575
v 0.0008750000059371814 0.0001999999974737875 0.002100000005052425
v 0.0008750000059371814 2.526212488436659e-12 0.002499999994947575
v 0.0008750000059371814 2.526212488436659e-12 0.002100000005052425
v 0.0006249999940628186 0.0001999999974737875 0.002100000005052425
v 0.0006249999940628186 0.0001999999974737875 0.002499999994947575
v 0.0006249999940628186 2.526212488436659e-12 0.002100000005052425
v 0.0006249999940628186 2.526212488436659e-12 0.002499999994947575
v 0.0006249999940628186 0.0001999999974737875 0.002100000005052425
v 0.0008750000059371814 0.0001999999974737875 0.002100000005052425
v 0.0006249999940628186 0.0001999999974737875 0.002499999994947575
v 0.0008750000059371814 0.0001999999974737875 0.002499999994947575
v 0.0006249999940628186 2.526212488436659e-12 0.002499999994947575
v 0.0008750000059371814 2.526212488436659e-12 0.002499999994947575
v 0.0006249999940628186 2.526212488436659e-12 0.002100000005052425
v 0.0008750000059371814 2.526212488436659e-12 0.002100000005052425
v 0.0006249999940628186 0.0001999999974737875 0.002499999994947575
v 0.0008750000059371814 0.0001999999974737875 0.002499999994947575
v 0.0006249999940628186 2.526212488436659e-12 0.002499999994947575
v 0.0008750000059371814 2.526212488436659e-12 0.002499999994947575
v 0.0008750000059371814 0.0001999999974737875 0.002100000005052425
v 0.0006249999940628186 0.0001999999974737875 0.002100000005052425
v 0.0008750000059371814 2.526212488436659e-12 0.002100000005052425
v 0.0006249999940628186 2.526212488436659e-12 0.002100000005052425
vt 0 1
vt 1 1
vt 0 0
vt 1 0
vt 0 1
vt 1 1
vt 0 0
vt 1 0
vt 0 1
vt 1 1
vt 0 0
vt 1 0
vt 0 1
vt 1 1
vt 0 0
vt 1 0
vt 0 1
vt 1 1
vt 0 0
vt 1 0
vt 0 1
vt 1 1
vt 0 0
vt 1 0
vn 1 0 0
vn 1 0 0
vn 1 0 0
vn 1 0 0
vn -1 0 0
vn -1 0 0
vn -1 0 0
vn -1 0 0
vn 0 1 0
vn 0 1 0
vn 0 1 0
vn 0 1 0
vn 0 -1 0
vn 0 -1 0
vn 0 -1 0
vn 0 -1 0
vn 0 0 1
vn 0 0 1
vn 0 0 1
vn 0 0 1
vn 0 0 -1
vn 0 0 -1
vn 0 0 -1
vn 0 0 -1
f 457/457/457 459/459/459 458/458/458
f 459/459/459 460/460/460 458/458/458
f 461/461/461 463/463/463 462/462/462
f 463/463/463 464/464/464 462/462/462
f 465/465/465 467/467/467 466/466/466
f 467/467/467 468/468/468 466/466/466
f 469/469/469 471/471/471 470/470/470
f 471/471/471 472/472/472 470/470/470
f 473/473/473 475/475/475 474/474/474
f 475/475/475 476/476/476 474/474/474
f 477/477/477 479/479/479 478/478/478
f 479/479/479 480/480/480 478/478/478
o lead_20
usemtl lead_tin
v 0.0003750000059371814 0.0001999999974737875 0.002499999994947575
v 0.0003750000059371814 0.0001999999974737875 0.002100000005052425
v 0.0003750000059371814 2.526212488436659e-12 0.002499999994947575
v 0.0003750000059371814 2.526212488436659e-12 0.002100000005052425
v 0.0001249999940628186 0.0001999999974737875 0.002100000005052425
v 0.0001249999940628186 0.0001999999974737875 0.002499999994947575
v 0.0001249999940628186 2.526212488436659e-12 0.002100000005052425
v 0.0001249999940628186 2.526212488436659e-12 0.002499999994947575
v 0.0001249999940628186 0.0001999999974737875 0.002100000005052425
v 0.0003750000059371814 0.0001999999974737875 0.002100000005052425
v 0.0001249999940628186 0.0001999999974737875 0.002499999994947575
v 0.0003750000059371814 0.0001999999974737875 0.002499999994947575
v 0.0001249999940628186 2.526212488436659e-12 0.002499999994947575
v 0.0003750000059371814 2.526212488436659e-12 0.002499999994947575
v 0.0001249999940628186 2.526212488436659e-12 0.002100000005052425
v 0.0003750000059371814 2.526212488436659e-12 0.002100000005052425
v 0.0001249999940628186 0.0001999999974737875 0.002499999994947575
v 0.0003750000059371814 0.0001999999974737875 0.002499999994947575
v 0.0001249999940628186 2.526212488436659e-12 0.002499999994947575
v 0.0003750000059371814 2.526212488436659e-12 0.002499999994947575
v 0.0003750000059371814 0.0001999999974737875 0.002100000005052425
v 0.0001249999940628186 0.0001999999974737875 0.002100000005052425
v 0.0003750000059371814 2.526212488436659e-12 0.002100000005052425
v 0.0001249999940628186 2.526212488436659e-12 0.002100000005052425
vt 0 1
vt 1 1
vt 0 0
vt 1 0
vt 0 1
vt 1 1
vt 0 0
vt 1 0
vt 0 1
vt 1 1
vt 0 0
vt 1 0
vt 0 1
vt 1 1
vt 0 0
vt 1 0
vt 0 1
vt 1 1
vt 0 0
vt 1 0
vt 0 1
vt 1 1
vt 0 0
vt 1 0
vn 1 0 0
vn 1 0 0
vn 1 0 0
vn 1 0 0
vn -1 0 0
vn -1 0 0
vn -1 0 0
vn -1 0 0
vn 0 1 0
vn 0 1 0
vn 0 1 0
vn 0 1 0
vn 0 -1 0
vn 0 -1 0
vn 0 -1 0
vn 0 -1 0
vn 0 0 1
vn 0 0 1
vn 0 0 1
vn 0 0 1
vn 0 0 -1
vn 0 0 -1
vn 0 0 -1
vn 0 0 -1
f 481/481/481 483/483/483 482/482/482
f 483/483/483 484/484/484 482/482/482
f 485/485/485 487/487/487 486/486/486
f 487/487/487 488/488/488 486/486/486
f 489/489/489 491/491/491 490/490/490
f 491/491/491 492/492/492 490/490/490
f 493/493/493 495/495/495 494/494/494
f 495/495/495 496/496/496 494/494/494
f 497/497/497 499/499/499 498/498/498
f 499/499/499 500/500/500 498/498/498
f 501/501/501 503/503/503 502/502/502
f 503/503/503 504/504/504 502/502/502
o lead_21
usemtl lead_tin
v -0.0001249999940628186 0.0001999999974737875 0.002499999994947575
v -0.0001249999940628186 0.0001999999974737875 0.002100000005052425
v -0.0001249999940628186 2.526212488436659e-12 0.002499999994947575
v -0.0001249999940628186 2.526212488436659e-12 0.002100000005052425
v -0.0003750000059371814 0.0001999999974737875 0.002100000005052425
v -0.0003750000059371814 0.0001999999974737875 0.002499999994947575
v -0.0003750000059371814 2.526212488436659e-12 0.002100000005052425
v -0.0003750000059371814 2.526212488436659e-12 0.002499999994947575
v -0.0003750000059371814 0.0001999999974737875 0.002100000005052425
v -0.0001249999940628186 0.0001999999974737875 0.002100000005052425
v -0.0003750000059371814 0.0001999999974737875 0.002499999994947575
v -0.0001249999940628186 0.0001999999974737875 0.002499999994947575
v -0.0003750000059371814 2.526212488436659e-12 0.002499999994947575
v -0.0001249999940628186 2.526212488436659e-12 0.002499999994947575
v -0.0003750000059371814 2.526212488436659e-12 0.002100000005052425
v -0.0001249999940628186 2.526212488436659e-12 0.002100000005052425
v -0.0003750000059371814 0.0001999999974737875 0.002499999994947575
v -0.0001249999940628186 0.0001999999974737875 0.002499999994947575
v -0.0003750000059371814 2.526212488436659e-12 0.002499999994947575
v -0.0001249999940628186 2.526212488436659e-12 0.002499999994947575
v -0.0001249999940628186 0.0001999999974737875 0.002100000005052425
v -0.0003750000059371814 0.0001999999974737875 0.002100000005052425
v -0.0001249999940628186 2.526212488436659e-12 0.002100000005052425
v -0.0003750000059371814 2.526212488436659e-12 0.002100000005052425
vt 0 1
vt 1 1
vt 0 0
vt 1 0
vt 0 1
vt 1 1
vt 0 0
vt 1 0
vt 0 1
vt 1 1
vt 0 0
vt 1 0
vt 0 1
vt 1 1
vt 0 0
vt 1 0
vt 0 1
vt 1 1
vt 0 0
vt 1 0
vt 0 1
vt 1 1
vt 0 0
vt 1 0
vn 1 0 0
vn 1 0 0
vn 1 0 0
vn 1 0 0
vn -1 0 0
vn -1 0 0
vn -1 0 0
vn -1 0 0
vn 0 1 0
vn 0 1 0
vn 0 1 0
vn 0 1 0
vn 0 -1 0
vn 0 -1 0
vn 0 -1 0
vn 0 -1 0
vn 0 0 1
vn 0 0 1
vn 0 0 1
vn 0 0 1
vn 0 0 -1
vn 0 0 -1
vn 0 0 -1
vn 0 0 -1
f 505/505/505 507/507/507 506/506/506
f 507/507/507 508/508/508 506/506/506
f 509/509/509 511/511/511 510/510/510
f 511/511/511 512/512/512 510/510/510
f 513/513/513 515/515/515 514/514/514
f 515/515/515 516/516/516 514/514/514
f 517/517/517 519/519/519 518/518/518
f 519/519/519 520/520/520 518/518/518
f 521/521/521 523/523/523 522/522/522
f 523/523/523 524/524/524 522/522/522
f 525/525/525 527/527/527 526/526/526
f 527/527/527 528/528/528 526/526/526
o lead_22
usemtl lead_tin
v -0.0006249999940628186 0.0001999999974737875 0.002499999994947575
v -0.0006249999940628186 0.0001999999974737875 0.002100000005052425
v -0.0006249999940628186 2.526212488436659e-12 0.002499999994947575
v -0.0006249999940628186 2.526212488436659e-12 0.002100000005052425
v -0.0008750000059371814 0.0001999999974737875 0.002100000005052425
v -0.0008750000059371814 0.0001999999974737875 0.002499999994947575
v -0.0008750000059371814 2.526212488436659e-12 0.002100000005052425
v -0.0008750000059371814 2.526212488436659e-12 0.002499999994947575
v -0.0008750000059371814 0.0001999999974737875 0.002100000005052425
v -0.0006249999940628186 0.0001999999974737875 0.002100000005052425
v -0.0008750000059371814 0.0001999999974737875 0.002499999994947575
v -0.0006249999940628186 0.0001999999974737875 0.002499999994947575
v -0.0008750000059371814 2.526212488436659e-12 0.002499999994947575
v -0.0006249999940628186 2.526212488436659e-12 0.002499999994947575
v -0.0008750000059371814 2.526212488436659e-12 0.002100000005052425
v -0.0006249999940628186 2.526212488436659e-12 0.002100000005052425
v -0.0008750000059371814 0.0001999999974737875 0.002499999994947575
v -0.0006249999940628186 0.0001999999974737875 0.002499999994947575
v -0.0008750000059371814 2.526212488436659e-12 0.002499999994947575
v -0.0006249999940628186 2.526212488436659e-12 0.002499999994947575
v -0.0006249999940628186 0.0001999999974737875 0.002100000005052425
v -0.0008750000059371814 0.0001999999974737875 0.002100000005052425
v -0.0006249999940628186 2.526212488436659e-12 0.002100000005052425
v -0.0008750000059371814 2.526212488436659e-12 0.002100000005052425
vt 0 1
vt 1 1
vt 0 0
vt 1 0
vt 0 1
vt 1 1
vt 0 0
vt 1 0
vt 0 1
vt 1 1
vt 0 0
vt 1 0
vt 0 1
vt 1 1
vt 0 0
vt 1 0
vt 0 1
vt 1 1
vt 0 0
vt 1 0
vt 0 1
vt 1 1
vt 0 0
vt 1 0
vn 1 0 0
vn 1 0 0
vn 1 0 0
vn 1 0 0
vn -1 0 0
vn -1 0 0
vn -1 0 0
vn -1 0 0
vn 0 1 0
vn 0 1 0
vn 0 1 0
vn 0 1 0
vn 0 -1 0
vn 0 -1 0
vn 0 -1 0
vn 0 -1 0
vn 0 0 1
vn 0 0 1
vn 0 0 1
vn 0 0 1
vn 0 0 -1
vn 0 0 -1
vn 0 0 -1
vn 0 0 -1
f 529/529/529 531/531/531 530/530/530
f 531/531/531 532/532/532 530/530/530
f 533/533/533 535/535/535 534/534/534
f 535/535/535 536/536/536 534/534/534
f 537/537/537 539/539/539 538/538/538
f 539/539/539 540/540/540 538/538/538
f 541/541/541 543/543/543 542/542/542
f 543/543/543 544/544/544 542/542/542
f 545/545/545 547/547/547 546/546/546
f 547/547/547 548/548/548 546/546/546
f 549/549/549 551/551/551 550/550/550
f 551/551/551 552/552/552 550/550/550
o lead_23
usemtl lead_tin
v -0.0011249999940628186 0.0001999999974737875 0.002499999994947575
v -0.0011249999940628186 0.0001999999974737875 0.002100000005052425
v -0.0011249999940628186 2.526212488436659e-12 0.002499999994947575
v -0.0011249999940628186 2.526212488436659e-12 0.002100000005052425
v -0.0013750000059371814 0.0001999999974737875 0.002100000005052425
v -0.0013750000059371814 0.0001999999974737875 0.002499999994947575
v -0.0013750000059371814 2.526212488436659e-12 0.002100000005052425
v -0.0013750000059371814 2.526212488436659e-12 0.002499999994947575
v -0.0013750000059371814 0.0001999999974737875 0.002100000005052425
v -0.0011249999940628186 0.0001999999974737875 0.002100000005052425
v -0.0013750000059371814 0.0001999999974737875 0.002499999994947575
v -0.0011249999940628186 0.0001999999974737875 0.002499999994947575
v -0.0013750000059371814 2.526212488436659e-12 0.002499999994947575
v -0.0011249999940628186 2.526212488436659e-12 0.002499999994947575
v -0.0013750000059371814 2.526212488436659e-12 0.002100000005052425
v -0.0011249999940628186 2.526212488436659e-12 0.002100000005052425
v -0.0013750000059371814 0.0001999999974737875 0.002499999994947575
v -0.0011249999940628186 0.0001999999974737875 0.002499999994947575
v -0.0013750000059371814 2.526212488436659e-12 0.002499999994947575
v -0.0011249999940628186 2.526212488436659e-12 0.002499999994947575
v -0.0011249999940628186 0.0001999999974737875 0.002100000005052425
v -0.0013750000059371814 0.0001999999974737875 0.002100000005052425
v -0.0011249999940628186 2.526212488436659e-12 0.002100000005052425
v -0.0013750000059371814 2.526212488436659e-12 0.002100000005052425
vt 0 1
vt 1 1
vt 0 0
vt 1 0
vt 0 1
vt 1 1
vt 0 0
vt 1 0
vt 0 1
vt 1 1
vt 0 0
vt 1 0
vt 0 1
vt 1 1
vt 0 0
vt 1 0
vt 0 1
vt 1 1
vt 0 0
vt 1 0
vt 0 1
vt 1 1
vt 0 0
vt 1 0
vn 1 0 0
vn 1 0 0
vn 1 0 0
vn 1 0 0
vn -1 0 0
vn -1 0 0
vn -1 0 0
vn -1 0 0
vn 0 1 0
vn 0 1 0
vn 0 1 0
vn 0 1 0
vn 0 -1 0
vn 0 -1 0
vn 0 -1 0
vn 0 -1 0
vn 0 0 1
vn 0 0 1
vn 0 0 1
vn 0 0 1
vn 0 0 -1
vn 0 0 -1
vn 0 0 -1
vn 0 0 -1
f 553/553/553 555/555/555 554/554/554
f 555/555/555 556/556/556 554/554/554
f 557/557/557 559/559/559 558/558/558
f 559/559/559 560/560/560 558/558/558
f 561/561/561 563/563/563 562/562/562
f 563/563/563 564/564/564 562/562/562
f 565/565/565 567/567/567 566/566/566
f 567/567/567 568/568/568 566/566/566
f 569/569/569 571/571/571 570/570/570
f 571/571/571 572/572/572 570/570/570
f 573/573/573 575/575/575 574/574/574
f 575/575/575 576/576/576 574/574/574
o lead_24
usemtl lead_tin
v -0.0016249999940628186 0.0001999999974737875 0.002499999994947575
v -0.0016249999940628186 0.0001999999974737875 0.002100000005052425
v -0.0016249999940628186 2.526212488436659e-12 0.002499999994947575
v -0.0016249999940628186 2.526212488436659e-12 0.002100000005052425
v -0.0018750000059371814 0.0001999999974737875 0.002100000005052425
v -0.0018750000059371814 0.0001999999974737875 0.002499999994947575
v -0.0018750000059371814 2.526212488436659e-12 0.002100000005052425
v -0.0018750000059371814 2.526212488436659e-12 0.002499999994947575
v -0.0018750000059371814 0.0001999999974737875 0.002100000005052425
v -0.0016249999940628186 0.0001999999974737875 0.002100000005052425
v -0.0018750000059371814 0.0001999999974737875 0.002499999994947575
v -0.0016249999940628186 0.0001999999974737875 0.002499999994947575
v -0.0018750000059371814 2.526212488436659e-12 0.002499999994947575
v -0.0016249999940628186 2.526212488436659e-12 0.002499999994947575
v -0.0018750000059371814 2.526212488436659e-12 0.002100000005052425
v -0.0016249999940628186 2.526212488436659e-12 0.002100000005052425
v -0.0018750000059371814 0.0001999999974737875 0.002499999994947575
v -0.0016249999940628186 0.0001999999974737875 0.002499999994947575
v -0.0018750000059371814 2.526212488436659e-12 0.002499999994947575
v -0.0016249999940628186 2.526212488436659e-12 0.002499999994947575
v -0.0016249999940628186 0.0001999999974737875 0.002100000005052425
v -0.0018750000059371814 0.0001999999974737875 0.002100000005052425
v -0.0016249999940628186 2.526212488436659e-12 0.002100000005052425
v -0.0018750000059371814 2.526212488436659e-12 0.002100000005052425
vt 0 1
vt 1 1
vt 0 0
vt 1 0
vt 0 1
vt 1 1
vt 0 0
vt 1 0
vt 0 1
vt 1 1
vt 0 0
vt 1 0
vt 0 1
vt 1 1
vt 0 0
vt 1 0
vt 0 1
vt 1 1
vt 0 0
vt 1 0
vt 0 1
vt 1 1
vt 0 0
vt 1 0
vn 1 0 0
vn 1 0 0
vn 1 0 0
vn 1 0 0
vn -1 0 0
vn -1 0 0
vn -1 0 0
vn -1 0 0
vn 0 1 0
vn 0 1 0
vn 0 1 0
vn 0 1 0
vn 0 -1 0
vn 0 -1 0
vn 0 -1 0
vn 0 -1 0
vn 0 0 1
vn 0 0 1
vn 0 0 1
vn 0 0 1
vn 0 0 -1
vn 0 0 -1
vn 0 0 -1
vn 0 0 -1
f 577/577/577 579/579/579 578/578/578
f 579/579/579 580/580/580 578/578/578
f 581/581/581 583/583/583 582/582/582
f 583/583/583 584/584/584 582/582/582
f 585/585/585 587/587/587 586/586/586
f 587/587/587 588/588/588 586/586/586
f 589/589/589 591/591/591 590/590/590
f 591/591/591 592/592/592 590/590/590
f 593/593/593 595/595/595 594/594/594
f 595/595/595 596/596/596 594/594/594
f 597/597/597 599/599/599 598/598/598
f 599/599/599 600/600/600 598/598/598
o lead_25
usemtl lead_tin
v -0.002100000005052425 0.0001999999974737875 0.0018750000059371814
v -0.002100000005052425 0.0001999999974737875 0.0016249999940628186
v -0.002100000005052425 2.526212488436659e-12 0.0018750000059371814
v -0.002100000005052425 2.526212488436659e-12 0.0016249999940628186
v -0.002499999994947575 0.0001999999974737875 0.0016249999940628186
v -0.002499999994947575 0.0001999999974737875 0.0018750000059371814
v -0.002499999994947575 2.526212488436659e-12 0.0016249999940628186
v -0.002499999994947575 2.526212488436659e-12 0.0018750000059371814
v -0.002499999994947575 0.0001999999974737875 0.0016249999940628186
v -0.002100000005052425 0.0001999999974737875 0.0016249999940628186
v -0.002499999994947575 0.0001999999974737875 0.0018750000059371814
v -0.002100000005052425 0.0001999999974737875 0.0018750000059371814
v -0.002499999994947575 2.526212488436659e-12 0.0018750000059371814
v -0.002100000005052425 2.526212488436659e-12 0.0018750000059371814
v -0.002499999994947575 2.526212488436659e-12 0.0016249999940628186
v -0.002100000005052425 2.526212488436659e-12 0.0016249999940628186
v -0.002499999994947575 0.0001999999974737875 0.0018750000059371814
v -0.002100000005052425 0.0001999999974737875 0.0018750000059371814
v -0.002499999994947575 2.526212488436659e-12 0.0018750000059371814
v -0.002100000005052425 2.526212488436659e-12 0.0018750000059371814
v -0.002100000005052425 0.0001999999974737875 0.0016249999940628186
v -0.002499999994947575 0.0001999999974737875 0.0016249999940628186
v -0.002100000005052425 2.526212488436659e-12 0.0016249999940628186
v -0.002499999994947575 2.526212488436659e-12 0.0016249999940628186
vt 0 1
vt 1 1
vt 0 0
vt 1 0
vt 0 1
vt 1 1
vt 0 0
vt 1 0
vt 0 1
vt 1 1
vt 0 0
vt 1 0
vt 0 1
vt 1 1
vt 0 0
vt 1 0
vt 0 1
vt 1 1
vt 0 0
vt 1 0
vt 0 1
vt 1 1
vt 0 0
vt 1 0
vn 1 0 0
vn 1 0 0
vn 1 0 0
vn 1 0 0
vn -1 0 0
vn -1 0 0
vn -1 0 0
vn -1 0 0
vn 0 1 0
vn 0 1 0
vn 0 1 0
vn 0 1 0
vn 0 -1 0
vn 0 -1 0
vn 0 -1 0
vn 0 -1 0
vn 0 0 1
vn 0 0 1
vn 0 0 1
vn 0 0 1
vn 0 0 -1
vn 0 0 -1
vn 0 0 -1
vn 0 0 -1
f 601/601/601 603/603/603 602/602/602
f 603/603/603 604/604/604 602/602/602
f 605/605/605 607/607/607 606/606/606
f 607/607/607 608/608/608 606/606/606
f 609/609/609 611/611/611 610/610/610
f 611/611/611 612/612/612 610/610/610
f 613/613/613 615/615/615 614/614/614
f 615/615/615 616/616/616 614/614/614
f 617/617/617 619/619/619 618/618/618
f 619/619/619 620/620/620 618/618/618
f 621/621/621 623/623/623 622/622/622
f 623/623/623 624/624/624 622/622/622
o lead_26
usemtl lead_tin
v -0.002100000005052425 0.0001999999974737875 0.0013750000059371814
v -0.002100000005052425 0.0001999999974737875 0.0011249999940628186
v -0.002100000005052425 2.526212488436659e-12 0.0013750000059371814
v -0.002100000005052425 2.526212488436659e-12 0.0011249999940628186
v -0.002499999994947575 0.0001999999974737875 0.0011249999940628186
v -0.002499999994947575 0.0001999999974737875 0.0013750000059371814
v -0.002499999994947575 2.526212488436659e-12 0.0011249999940628186
v -0.002499999994947575 2.526212488436659e-12 0.0013750000059371814
v -0.002499999994947575 0.0001999999974737875 0.0011249999940628186
v -0.002100000005052425 0.0001999999974737875 0.0011249999940628186
v -0.002499999994947575 0.0001999999974737875 0.0013750000059371814
v -0.002100000005052425 0.0001999999974737875 0.0013750000059371814
v -0.002499999994947575 2.526212488436659e-12 0.0013750000059371814
v -0.002100000005052425 2.526212488436659e-12 0.0013750000059371814
v -0.002499999994947575 2.526212488436659e-12 0.0011249999940628186
v -0.002100000005052425 2.526212488436659e-12 0.0011249999940628186
v -0.002499999994947575 0.0001999999974737875 0.0013750000059371814
v -0.002100000005052425 0.0001999999974737875 0.0013750000059371814
v -0.002499999994947575 2.526212488436659e-12 0.0013750000059371814
v -0.002100000005052425 2.526212488436659e-12 0.0013750000059371814
v -0.002100000005052425 0.0001999999974737875 0.0011249999940628186
v -0.002499999994947575 0.0001999999974737875 0.0011249999940628186
v -0.002100000005052425 2.526212488436659e-12 0.0011249999940628186
v -0.002499999994947575 2.526212488436659e-12 0.0011249999940628186
vt 0 1
vt 1 1
vt 0 0
vt 1 0
vt 0 1
vt 1 1
vt 0 0
vt 1 0
vt 0 1
vt 1 1
vt 0 0
vt 1 0
vt 0 1
vt 1 1
vt 0 0
vt 1 0
vt 0 1
vt 1 1
vt 0 0
vt 1 0
vt 0 1
vt 1 1
vt 0 0
vt 1 0
vn 1 0 0
vn 1 0 0
vn 1 0 0
vn 1 0 0
vn -1 0 0
vn -1 0 0
vn -1 0 0
vn -1 0 0
vn 0 1 0
vn 0 1 0
vn 0 1 0
vn 0 1 0
vn 0 -1 0
vn 0 -1 0
vn 0 -1 0
vn 0 -1 0
vn 0 0 1
vn 0 0 1
vn 0 0 1
vn 0 0 1
vn 0 0 -1
vn 0 0 -1
vn 0 0 -1
vn 0 0 -1
f 625/625/625 627/627/627 626/626/626
f 627/627/627 628/628/628 626/626/626
f 629/629/629 631/631/631 630/630/630
f 631/631/631 632/632/632 630/630/630
f 633/633/633 635/635/635 634/634/634
f 635/635/635 636/636/636 634/634/634
f 637/637/637 639/639/639 638/638/638
f 639/639/639 640/640/640 638/638/638
f 641/641/641 643/643/643 642/642/642
f 643/643/643 644/644/644 642/642/642
f 645/645/645 647/647/647 646/646/646
f 647/647/647 648/648/648 646/646/646
o lead_27
usemtl lead_tin
v -0.002100000005052425 0.0001999999974737875 0.0008750000059371814
v -0.002100000005052425 0.0001999999974737875 0.0006249999940628186
v -0.002100000005052425 2.526212488436659e-12 0.0008750000059371814
v -0.002100000005052425 2.526212488436659e-12 0.0006249999940628186
v -0.002499999994947575 0.0001999999974737875 0.0006249999940628186
v -0.002499999994947575 0.0001999999974737875 0.0008750000059371814
v -0.002499999994947575 2.526212488436659e-12 0.0006249999940628186
v -0.002499999994947575 2.526212488436659e-12 0.0008750000059371814
v -0.002499999994947575 0.0001999999974737875 0.0006249999940628186
v -0.002100000005052425 0.0001999999974737875 0.0006249999940628186
v -0.002499999994947575 0.0001999999974737875 0.0008750000059371814
v -0.002100000005052425 0.0001999999974737875 0.0008750000059371814
v -0.002499999994947575 2.526212488436659e-12 0.0008750000059371814
v -0.002100000005052425 2.526212488436659e-12 0.0008750000059371814
v -0.002499999994947575 2.526212488436659e-12 0.0006249999940628186
v -0.002100000005052425 2.526212488436659e-12 0.0006249999940628186
v -0.002499999994947575 0.0001999999974737875 0.0008750000059371814
v -0.002100000005052425 0.0001999999974737875 0.0008750000059371814
v -0.002499999994947575 2.526212488436659e-12 0.0008750000059371814
v -0.002100000005052425 2.526212488436659e-12 0.0008750000059371814
v -0.002100000005052425 0.0001999999974737875 0.0006249999940628186
v -0.002499999994947575 0.0001999999974737875 0.0006249999940628186
v -0.002100000005052425 2.526212488436659e-12 0.0006249999940628186
v -0.002499999994947575 2.526212488436659e-12 0.0006249999940628186
vt 0 1
vt 1 1
vt 0 0
vt 1 0
vt 0 1
vt 1 1
vt 0 0
vt 1 0
vt 0 1
vt 1 1
vt 0 0
vt 1 0
vt 0 1
vt 1 1
vt 0 0
vt 1 0
vt 0 1
vt 1 1
vt 0 0
vt 1 0
vt 0 1
vt 1 1
vt 0 0
vt 1 0
vn 1 0 0
vn 1 0 0
vn 1 0 0
vn 1 0 0
vn -1 0 0
vn -1 0 0
vn -1 0 0
vn -1 0 0
vn 0 1 0
vn 0 1 0
vn 0 1 0
vn 0 1 0
vn 0 -1 0
vn 0 -1 0
vn 0 -1 0
vn 0 -1 0
vn 0 0 1
vn 0 0 1
vn 0 0 1
vn 0 0 1
vn 0 0 -1
vn 0 0 -1
vn 0 0 -1
vn 0 0 -1
f 649/649/649 651/651/651 650/650/650
f 651/651/651 652/652/652 650/650/650
f 653/653/653 655/655/655 654/654/654
f 655/655/655 656/656/656 654/654/654
f 657/657/657 659/659/659 658/658/658
f 659/659/659 660/660/660 658/658/658
f 661/661/661 663/663/663 662/662/662
f 663/663/663 664/664/664 662/662/662
f 665/665/665 667/667/667 666/666/666
f 667/667/667 668/668/668 666/666/666
f 669/669/669 671/671/671 670/670/670
f 671/671/671 672/672/672 670/670/670
o lead_28
usemtl lead_tin
v -0.002100000005052425 0.0001999999974737875 0.0003750000059371814
v -0.002100000005052425 0.0001999999974737875 0.0001249999940628186
v -0.002100000005052425 2.526212488436659e-12 0.0003750000059371814
v -0.002100000005052425 2.526212488436659e-12 0.0001249999940628186
v -0.002499999994947575 0.0001999999974737875 0.0001249999940628186
v -0.002499999994947575 0.0001999999974737875 0.0003750000059371814
v -0.002499999994947575 2.526212488436659e-12 0.0001249999940628186
v -0.002499999994947575 2.526212488436659e-12 0.0003750000059371814
v -0.002499999994947575 0.0001999999974737875 0.0001249999940628186
v -0.002100000005052425 0.0001999999974737875 0.0001249999940628186
v -0.002499999994947575 0.0001999999974737875 0.0003750000059371814
v -0.002100000005052425 0.0001999999974737875 0.0003750000059371814
v -0.002499999994947575 2.526212488436659e-12 0.0003750000059371814
v -0.002100000005052425 2.526212488436659e-12 0.0003750000059371814
v -0.002499999994947575 2.526212488436659e-12 0.0001249999940628186
v -0.002100000005052425 2.526212488436659e-12 0.0001249999940628186
v -0.002499999994947575 0.0001999999974737875 0.0003750000059371814
v -0.002100000005052425 0.0001999999974737875 0.0003750000059371814
v -0.002499999994947575 2.526212488436659e-12 0.0003750000059371814
v -0.002100000005052425 2.526212488436659e-12 0.0003750000059371814
v -0.002100000005052425 0.0001999999974737875 0.0001249999940628186
v -0.002499999994947575 0.0001999999974737875 0.0001249999940628186
v -0.002100000005052425 2.526212488436659e-12 0.0001249999940628186
v -0.002499999994947575 2.526212488436659e-12 0.0001249999940628186
vt 0 1
vt 1 1
vt 0 0
vt 1 0
vt 0 1
vt 1 1
vt 0 0
vt 1 0
vt 0 1
vt 1 1
vt 0 0
vt 1 0
vt 0 1
vt 1 1
vt 0 0
vt 1 0
vt 0 1
vt 1 1
vt 0 0
vt 1 0
vt 0 1
vt 1 1
vt 0 0
vt 1 0
vn 1 0 0
vn 1 0 0
vn 1 0 0
vn 1 0 0
vn -1 0 0
vn -1 0 0
vn -1 0 0
vn -1 0 0
vn 0 1 0
vn 0 1 0
vn 0 1 0
vn 0 1 0
vn 0 -1 0
vn 0 -1 0
vn 0 -1 0
vn 0 -1 0
vn 0 0 1
vn 0 0 1
vn 0 0 1
vn 0 0 1
vn 0 0 -1
vn 0 0 -1
vn 0 0 -1
vn 0 0 -1
f 673/673/673 675/675/675 674/674/674
f 675/675/675 676/676/676 674/674/674
f 677/677/677 679/679/679 678/678/678
f 679/679/679 680/680/680 678/678/678
f 681/681/681 683/683/683 682/682/682
f 683/683/683 684/684/684 682/682/682
f 685/685/685 687/687/687 686/686/686
f 687/687/687 688/688/688 686/686/686
f 689/689/689 691/691/691 690/690/690
f 691/691/691 692/692/692 690/690/690
f 693/693/693 695/695/695 694/694/694
f 695/695/695 696/696/696 694/694/694
o lead_29
usemtl lead_tin
v -0.002100000005052425 0.0001999999974737875 -0.0001249999940628186
v -0.002100000005052425 0.0001999999974737875 -0.0003750000059371814
v -0.002100000005052425 2.526212488436659e-12 -0.0001249999940628186
v -0.002100000005052425 2.526212488436659e-12 -0.0003750000059371814
v -0.002499999994947575 0.0001999999974737875 -0.0003750000059371814
v -0.002499999994947575 0.0001999999974737875 -0.0001249999940628186
v -0.002499999994947575 2.526212488436659e-12 -0.0003750000059371814
v -0.002499999994947575 2.526212488436659e-12 -0.0001249999940628186
v -0.002499999994947575 0.0001999999974737875 -0.0003750000059371814
v -0.002100000005052425 0.0001999999974737875 -0.0003750000059371814
v -0.002499999994947575 0.0001999999974737875 -0.0001249999940628186
v -0.002100000005052425 0.0001999999974737875 -0.0001249999940628186
v -0.002499999994947575 2.526212488436659e-12 -0.0001249999940628186
v -0.002100000005052425 2.526212488436659e-12 -0.0001249999940628186
v -0.002499999994947575 2.526212488436659e-12 -0.0003750000059371814
v -0.002100000005052425 2.526212488436659e-12 -0.0003750000059371814
v -0.002499999994947575 0.0001999999974737875 -0.0001249999940628186
v -0.002100000005052425 0.0001999999974737875 -0.0001249999940628186
v -0.002499999994947575 2.526212488436659e-12 -0.0001249999940628186
v -0.002100000005052425 2.526212488436659e-12 -0.0001249999940628186
v -0.002100000005052425 0.0001999999974737875 -0.0003750000059371814
v -0.002499999994947575 0.0001999999974737875 -0.0003750000059371814
v -0.002100000005052425 2.526212488436659e-12 -0.0003750000059371814
v -0.002499999994947575 2.526212488436659e-12 -0.0003750000059371814
vt 0 1
vt 1 1
vt 0 0
vt 1 0
vt 0 1
vt 1 1
vt 0 0
vt 1 0
vt 0 1
vt 1 1
vt 0 0
vt 1 0
vt 0 1
vt 1 1
vt 0 0
vt 1 0
vt 0 1
vt 1 1
vt 0 0
vt 1 0
vt 0 1
vt 1 1
vt 0 0
vt 1 0
vn 1 0 0
vn 1 0 0
vn 1 0 0
vn 1 0 0
vn -1 0 0
vn -1 0 0
vn -1 0 0
vn -1 0 0
vn 0 1 0
vn 0 1 0
vn 0 1 0
vn 0 1 0
vn 0 -1 0
vn 0 -1 0
vn 0 -1 0
vn 0 -1 0
vn 0 0 1
vn 0 0 1
vn 0 0 1
vn 0 0 1
vn 0 0 -1
vn 0 0 -1
vn 0 0 -1
vn 0 0 -1
f 697/697/697 699/699/699 698/698/698
f 699/699/699 700/700/700 698/698/698
f 701/701/701 703/703/703 702/702/702
f 703/703/703 704/704/704 702/702/702
f 705/705/705 707/707/707 706/706/706
f 707/707/707 708/708/708 706/706/706
f 709/709/709 711/711/711 710/710/710
f 711/711/711 712/712/712 710/710/710
f 713/713/713 715/715/715 714/714/714
f 715/715/715 716/716/716 714/714/714
f 717/717/717 719/719/719 718/718/718
f 719/719/719 720/720/720 718/718/718
o lead_30
usemtl lead_tin
v -0.002100000005052425 0.0001999999974737875 -0.0006249999940628186
v -0.002100000005052425 0.0001999999974737875 -0.0008750000059371814
v -0.002100000005052425 2.526212488436659e-12 -0.0006249999940628186
v -0.002100000005052425 2.526212488436659e-12 -0.0008750000059371814
v -0.002499999994947575 0.0001999999974737875 -0.0008750000059371814
v -0.002499999994947575 0.0001999999974737875 -0.0006249999940628186
v -0.002499999994947575 2.526212488436659e-12 -0.0008750000059371814
v -0.002499999994947575 2.526212488436659e-12 -0.0006249999940628186
v -0.002499999994947575 0.0001999999974737875 -0.0008750000059371814
v -0.002100000005052425 0.0001999999974737875 -0.0008750000059371814
v -0.002499999994947575 0.0001999999974737875 -0.0006249999940628186
v -0.002100000005052425 0.0001999999974737875 -0.0006249999940628186
v -0.002499999994947575 2.526212488436659e-12 -0.0006249999940628186
v -0.002100000005052425 2.526212488436659e-12 -0.0006249999940628186
v -0.002499999994947575 2.526212488436659e-12 -0.0008750000059371814
v -0.002100000005052425 2.526212488436659e-12 -0.0008750000059371814
v -0.002499999994947575 0.0001999999974737875 -0.0006249999940628186
v -0.002100000005052425 0.0001999999974737875 -0.0006249999940628186
v -0.002499999994947575 2.526212488436659e-12 -0.0006249999940628186
v -0.002100000005052425 2.526212488436659e-12 -0.0006249999940628186
v -0.002100000005052425 0.0001999999974737875 -0.0008750000059371814
v -0.002499999994947575 0.0001999999974737875 -0.0008750000059371814
v -0.002100000005052425 2.526212488436659e-12 -0.0008750000059371814
v -0.002499999994947575 2.526212488436659e-12 -0.0008750000059371814
vt 0 1
vt 1 1
vt 0 0
vt 1 0
vt 0 1
vt 1 1
vt 0 0
vt 1 0
vt 0 1
vt 1 1
vt 0 0
vt 1 0
vt 0 1
vt 1 1
vt 0 0
vt 1 0
vt 0 1
vt 1 1
vt 0 0
vt 1 0
vt 0 1
vt 1 1
vt 0 0
vt 1 0
vn 1 0 0
vn 1 0 0
vn 1 0 0
vn 1 0 0
vn -1 0 0
vn -1 0 0
vn -1 0 0
vn -1 0 0
vn 0 1 0
vn 0 1 0
vn 0 1 0
vn 0 1 0
vn 0 -1 0
vn 0 -1 0
vn 0 -1 0
vn 0 -1 0
vn 0 0 1
vn 0 0 1
vn 0 0 1
vn 0 0 1
vn 0 0 -1
vn 0 0 -1
vn 0 0 -1
vn 0 0 -1
f 721/721/721 723/723/723 722/722/722
f 723/723/723 724/724/724 722/722/722
f 725/725/725 727/727/727 726/726/726
f 727/727/727 728/728/728 726/726/726
f 729/729/729 731/731/731 730/730/730
f 731/731/731 732/732/732 730/730/730
f 733/733/733 735/735/735 734/734/734
f 735/735/735 736/736/736 734/734/734
f 737/737/737 739/739/739 738/738/738
f 739/739/739 740/740/740 738/738/738
f 741/741/741 743/743/743 742/742/742
f 743/743/743 744/744/744 742/742/742
o lead_31
usemtl lead_tin
v -0.002100000005052425 0.0001999999974737875 -0.0011249999940628186
v -0.002100000005052425 0.0001999999974737875 -0.0013750000059371814
v -0.002100000005052425 2.526212488436659e-12 -0.0011249999940628186
v -0.002100000005052425 2.526212488436659e-12 -0.0013750000059371814
v -0.002499999994947575 0.0001999999974737875 -0.0013750000059371814
v -0.002499999994947575 0.0001999999974737875 -0.0011249999940628186
v -0.002499999994947575 2.526212488436659e-12 -0.0013750000059371814
v -0.002499999994947575 2.526212488436659e-12 -0.0011249999940628186
v -0.002499999994947575 0.0001999999974737875 -0.0013750000059371814
v -0.002100000005052425 0.0001999999974737875 -0.0013750000059371814
v -0.002499999994947575 0.0001999999974737875 -0.0011249999940628186
v -0.002100000005052425 0.0001999999974737875 -0.0011249999940628186
v -0.002499999994947575 2.526212488436659e-12 -0.0011249999940628186
v -0.002100000005052425 2.526212488436659e-12 -0.0011249999940628186
v -0.002499999994947575 2.526212488436659e-12 -0.0013750000059371814
v -0.002100000005052425 2.526212488436659e-12 -0.0013750000059371814
v -0.002499999994947575 0.0001999999974737875 -0.0011249999940628186
v -0.002100000005052425 0.0001999999974737875 -0.0011249999940628186
v -0.002499999994947575 2.526212488436659e-12 -0.0011249999940628186
v -0.002100000005052425 2.526212488436659e-12 -0.0011249999940628186
v -0.002100000005052425 0.0001999999974737875 -0.0013750000059371814
v -0.002499999994947575 0.0001999999974737875 -0.0013750000059371814
v -0.002100000005052425 2.526212488436659e-12 -0.0013750000059371814
v -0.002499999994947575 2.526212488436659e-12 -0.0013750000059371814
vt 0 1
vt 1 1
vt 0 0
vt 1 0
vt 0 1
vt 1 1
vt 0 0
vt 1 0
vt 0 1
vt 1 1
vt 0 0
vt 1 0
vt 0 1
vt 1 1
vt 0 0
vt 1 0
vt 0 1
vt 1 1
vt 0 0
vt 1 0
vt 0 1
vt 1 1
vt 0 0
vt 1 0
vn 1 0 0
vn 1 0 0
vn 1 0 0
vn 1 0 0
vn -1 0 0
vn -1 0 0
vn -1 0 0
vn -1 0 0
vn 0 1 0
vn 0 1 0
vn 0 1 0
vn 0 1 0
vn 0 -1 0
vn 0 -1 0
vn 0 -1 0
vn 0 -1 0
vn 0 0 1
vn 0 0 1
vn 0 0 1
vn 0 0 1
vn 0 0 -1
vn 0 0 -1
vn 0 0 -1
vn 0 0 -1
f 745/745/745 747/747/747 746/746/746
f 747/747/747 748/748/748 746/746/746
f 749/749/749 751/751/751 750/750/750
f 751/751/751 752/752/752 750/750/750
f 753/753/753 755/755/755 754/754/754
f 755/755/755 756/756/756 754/754/754
f 757/757/757 759/759/759 758/758/758
f 759/759/759 760/760/760 758/758/758
f 761/761/761 763/763/763 762/762/762
f 763/763/763 764/764/764 762/762/762
f 765/765/765 767/767/767 766/766/766
f 767/767/767 768/768/768 766/766/766
o lead_32
usemtl lead_tin
v -0.002100000005052425 0.0001999999974737875 -0.0016249999940628186
v -0.002100000005052425 0.0001999999974737875 -0.0018750000059371814
v -0.002100000005052425 2.526212488436659e-12 -0.0016249999940628186
v -0.002100000005052425 2.526212488436659e-12 -0.0018750000059371814
v -0.002499999994947575 0.0001999999974737875 -0.0018750000059371814
v -0.002499999994947575 0.0001999999974737875 -0.0016249999940628186
v -0.002499999994947575 2.526212488436659e-12 -0.0018750000059371814
v -0.002499999994947575 2.526212488436659e-12 -0.0016249999940628186
v -0.002499999994947575 0.0001999999974737875 -0.0018750000059371814
v -0.002100000005052425 0.0001999999974737875 -0.0018750000059371814
v -0.002499999994947575 0.0001999999974737875 -0.0016249999940628186
v -0.002100000005052425 0.0001999999974737875 -0.0016249999940628186
v -0.002499999994947575 2.526212488436659e-12 -0.0016249999940628186
v -0.002100000005052425 2.526212488436659e-12 -0.0016249999940628186
v -0.002499999994947575 2.526212488436659e-12 -0.0018750000059371814
v -0.002100000005052425 2.526212488436659e-12 -0.0018750000059371814
v -0.002499999994947575 0.0001999999974737875 -0.0016249999940628186
v -0.002100000005052425 0.0001999999974737875 -0.0016249999940628186
v -0.002499999994947575 2.526212488436659e-12 -0.0016249999940628186
v -0.002100000005052425 2.526212488436659e-12 -0.0016249999940628186
v -0.002100000005052425 0.0001999999974737875 -0.0018750000059371814
v -0.002499999994947575 0.0001999999974737875 -0.0018750000059371814
v -0.002100000005052425 2.526212488436659e-12 -0.0018750000059371814
v -0.002499999994947575 2.526212488436659e-12 -0.0018750000059371814
vt 0 1
vt 1 1
vt 0 0
vt 1 0
vt 0 1
vt 1 1
vt 0 0
vt 1 0
vt 0 1
vt 1 1
vt 0 0
vt 1 0
vt 0 1
vt 1 1
vt 0 0
vt 1 0
vt 0 1
vt 1 1
vt 0 0
vt 1 0
vt 0 1
vt 1 1
vt 0 0
vt 1 0
vn 1 0 0
vn 1 0 0
vn 1 0 0
vn 1 0 0
vn -1 0 0
vn -1 0 0
vn -1 0 0
vn -1 0 0
vn 0 1 0
vn 0 1 0
vn 0 1 0
vn 0 1 0
vn 0 -1 0
vn 0 -1 0
vn 0 -1 0
vn 0 -1 0
vn 0 0 1
vn 0 0 1
vn 0 0 1
vn 0 0 1
vn 0 0 -1
vn 0 0 -1
vn 0 0 -1
vn 0 0 -1
f 769/769/769 771/771/771 770/770/770
f 771/771/771 772/772/772 770/770/770
f 773/773/773 775/775/775 774/774/774
f 775/775/775 776/776/776 774/774/774
f 777/777/777 779/779/779 778/778/778
f 779/779/779 780/780/780 778/778/778
f 781/781/781 783/783/783 782/782/782
f 783/783/783 784/784/784 782/782/782
f 785/785/785 787/787/787 786/786/786
f 787/787/787 788/788/788 786/786/786
f 789/789/789 791/791/791 790/790/790
f 791/791/791 792/792/792 790/790/790
o thermal_pad
usemtl thermal_pad
v 0.001550000044517219 0.0001999999974737875 0.001550000044517219
v 0.001550000044517219 0.0001999999974737875 -0.001550000044517219
v 0.001550000044517219 2.526212488436659e-12 0.001550000044517219
v 0.001550000044517219 2.526212488436659e-12 -0.001550000044517219
v -0.001550000044517219 0.0001999999974737875 -0.001550000044517219
v -0.001550000044517219 0.0001999999974737875 0.001550000044517219
v -0.001550000044517219 2.526212488436659e-12 -0.001550000044517219
v -0.001550000044517219 2.526212488436659e-12 0.001550000044517219
v -0.001550000044517219 0.0001999999974737875 -0.001550000044517219
v 0.001550000044517219 0.0001999999974737875 -0.001550000044517219
v -0.001550000044517219 0.0001999999974737875 0.001550000044517219
v 0.001550000044517219 0.0001999999974737875 0.001550000044517219
v -0.001550000044517219 2.526212488436659e-12 0.001550000044517219
v 0.001550000044517219 2.526212488436659e-12 0.001550000044517219
v -0.001550000044517219 2.526212488436659e-12 -0.001550000044517219
v 0.001550000044517219 2.526212488436659e-12 -0.001550000044517219
v -0.001550000044517219 0.0001999999974737875 0.001550000044517219
v 0.001550000044517219 0.0001999999974737875 0.001550000044517219
v -0.001550000044517219 2.526212488436659e-12 0.001550000044517219
v 0.001550000044517219 2.526212488436659e-12 0.001550000044517219
v 0.001550000044517219 0.0001999999974737875 -0.001550000044517219
v -0.001550000044517219 0.0001999999974737875 -0.001550000044517219
v 0.001550000044517219 2.526212488436659e-12 -0.001550000044517219
v -0.001550000044517219 2.526212488436659e-12 -0.001550000044517219
vt 0 1
vt 1 1
vt 0 0
vt 1 0
vt 0 1
vt 1 1
vt 0 0
vt 1 0
vt 0 1
vt 1 1
vt 0 0
vt 1 0
vt 0 1
vt 1 1
vt 0 0
vt 1 0
vt 0 1
vt 1 1
vt 0 0
vt 1 0
vt 0 1
vt 1 1
vt 0 0
vt 1 0
vn 1 0 0
vn 1 0 0
vn 1 0 0
vn 1 0 0
vn -1 0 0
vn -1 0 0
vn -1 0 0
vn -1 0 0
vn 0 1 0
vn 0 1 0
vn 0 1 0
vn 0 1 0
vn 0 -1 0
vn 0 -1 0
vn 0 -1 0
vn 0 -1 0
vn 0 0 1
vn 0 0 1
vn 0 0 1
vn 0 0 1
vn 0 0 -1
vn 0 0 -1
vn 0 0 -1
vn 0 0 -1
f 793/793/793 795/795/795 794/794/794
f 795/795/795 796/796/796 794/794/794
f 797/797/797 799/799/799 798/798/798
f 799/799/799 800/800/800 798/798/798
f 801/801/801 803/803/803 802/802/802
f 803/803/803 804/804/804 802/802/802
f 805/805/805 807/807/807 806/806/806
f 807/807/807 808/808/808 806/806/806
f 809/809/809 811/811/811 810/810/810
f 811/811/811 812/812/812 810/810/810
f 813/813/813 815/815/815 814/814/814
f 815/815/815 816/816/816 814/814/814
o silicon_die
usemtl silicon_die
v 0.00032500000088475645 0.0004810000037392602 0.00032500000088475645
v 0.00032500000088475645 0.0004810000037392602 -0.00032500000088475645
v 0.00032500000088475645 0.0002009999962607399 0.00032500000088475645
v 0.00032500000088475645 0.0002009999962607399 -0.00032500000088475645
v -0.00032500000088475645 0.0004810000037392602 -0.00032500000088475645
v -0.00032500000088475645 0.0004810000037392602 0.00032500000088475645
v -0.00032500000088475645 0.0002009999962607399 -0.00032500000088475645
v -0.00032500000088475645 0.0002009999962607399 0.00032500000088475645
v -0.00032500000088475645 0.0004810000037392602 -0.00032500000088475645
v 0.00032500000088475645 0.0004810000037392602 -0.00032500000088475645
v -0.00032500000088475645 0.0004810000037392602 0.00032500000088475645
v 0.00032500000088475645 0.0004810000037392602 0.00032500000088475645
v -0.00032500000088475645 0.0002009999962607399 0.00032500000088475645
v 0.00032500000088475645 0.0002009999962607399 0.00032500000088475645
v -0.00032500000088475645 0.0002009999962607399 -0.00032500000088475645
v 0.00032500000088475645 0.0002009999962607399 -0.00032500000088475645
v -0.00032500000088475645 0.0004810000037392602 0.00032500000088475645
v 0.00032500000088475645 0.0004810000037392602 0.00032500000088475645
v -0.00032500000088475645 0.0002009999962607399 0.00032500000088475645
v 0.00032500000088475645 0.0002009999962607399 0.00032500000088475645
v 0.00032500000088475645 0.0004810000037392602 -0.00032500000088475645
v -0.00032500000088475645 0.0004810000037392602 -0.00032500000088475645
v 0.00032500000088475645 0.0002009999962607399 -0.00032500000088475645
v -0.00032500000088475645 0.0002009999962607399 -0.00032500000088475645
vt 0 1
vt 1 1
vt 0 0
vt 1 0
vt 0 1
vt 1 1
vt 0 0
vt 1 0
vt 0 1
vt 1 1
vt 0 0
vt 1 0
vt 0 1
vt 1 1
vt 0 0
vt 1 0
vt 0 1
vt 1 1
vt 0 0
vt 1 0
vt 0 1
vt 1 1
vt 0 0
vt 1 0
vn 1 0 0
vn 1 0 0
vn 1 0 0
vn 1 0 0
vn -1 0 0
vn -1 0 0
vn -1 0 0
vn -1 0 0
vn 0 1 0
vn 0 1 0
vn 0 1 0
vn 0 1 0
vn 0 -1 0
vn 0 -1 0
vn 0 -1 0
vn 0 -1 0
vn 0 0 1
vn 0 0 1
vn 0 0 1
vn 0 0 1
vn 0 0 -1
vn 0 0 -1
vn 0 0 -1
vn 0 0 -1
f 817/817/817 819/819/819 818/818/818
f 819/819/819 820/820/820 818/818/818
f 821/821/821 823/823/823 822/822/822
f 823/823/823 824/824/824 822/822/822
f 825/825/825 827/827/827 826/826/826
f 827/827/827 828/828/828 826/826/826
f 829/829/829 831/831/831 830/830/830
f 831/831/831 832/832/832 830/830/830
f 833/833/833 835/835/835 834/834/834
f 835/835/835 836/836/836 834/834/834
f 837/837/837 839/839/839 838/838/838
f 839/839/839 840/840/840 838/838/838
o pin1_marker
usemtl pin1_mark
v -0.00165 0.0008899999992421361 -0.0013000000124797225
v -0.001581718390143942 0.0008899999992421361 -0.0013067251509986818
v -0.0015160607961937785 0.0008899999992421361 -0.0013266421536449343
v -0.001455550425662659 0.0008899999992421361 -0.0013589856478851288
v -0.0014025126382242888 0.0008899999992421361 -0.0014025126382242888
v -0.0013589856478851288 0.0008899999992421361 -0.001455550425662659
v -0.0013266421536449343 0.0008899999992421361 -0.0015160607961937785
v -0.0013067251509986818 0.0008899999992421361 -0.001581718390143942
v -0.0013000000124797225 0.0008899999992421361 -0.00165
v -0.0013067251509986818 0.0008899999992421361 -0.001718281609856058
v -0.0013266421536449343 0.0008899999992421361 -0.0017839392038062215
v -0.0013589856478851288 0.0008899999992421361 -0.0018444495743373409
v -0.0014025126382242888 0.0008899999992421361 -0.0018974873617757112
v -0.001455550425662659 0.0008899999992421361 -0.0019410143521148711
v -0.0015160607961937785 0.0008899999992421361 -0.0019733578463550657
v -0.001581718390143942 0.0008899999992421361 -0.001993274849001318
v -0.00165 0.0008899999992421361 -0.0019999999875202775
v -0.001718281609856058 0.0008899999992421361 -0.001993274849001318
v -0.0017839392038062215 0.0008899999992421361 -0.0019733578463550657
v -0.0018444495743373409 0.0008899999992421361 -0.0019410143521148711
v -0.0018974873617757112 0.0008899999992421361 -0.0018974873617757112
v -0.0019410143521148711 0.0008899999992421361 -0.0018444495743373409
v -0.0019733578463550657 0.0008899999992421361 -0.0017839392038062215
v -0.001993274849001318 0.0008899999992421361 -0.001718281609856058
v -0.0019999999875202775 0.0008899999992421361 -0.00165
v -0.001993274849001318 0.0008899999992421361 -0.001581718390143942
v -0.0019733578463550657 0.0008899999992421361 -0.0015160607961937785
v -0.0019410143521148711 0.0008899999992421361 -0.001455550425662659
v -0.0018974873617757112 0.0008899999992421361 -0.0014025126382242888
v -0.0018444495743373409 0.0008899999992421361 -0.0013589856478851288
v -0.0017839392038062215 0.0008899999992421361 -0.0013266421536449343
v -0.001718281609856058 0.0008899999992421361 -0.0013067251509986818
v -0.00165 0.0008899999992421361 -0.0013000000124797225
v -0.00165 0.0008300000007578636 -0.0013000000124797225
v -0.001581718390143942 0.0008300000007578636 -0.0013067251509986818
v -0.0015160607961937785 0.0008300000007578636 -0.0013266421536449343
v -0.001455550425662659 0.0008300000007578636 -0.0013589856478851288
v -0.0014025126382242888 0.0008300000007578636 -0.0014025126382242888
v -0.0013589856478851288 0.0008300000007578636 -0.001455550425662659
v -0.0013266421536449343 0.0008300000007578636 -0.0015160607961937785
v -0.0013067251509986818 0.0008300000007578636 -0.001581718390143942
v -0.0013000000124797225 0.0008300000007578636 -0.00165
v -0.0013067251509986818 0.0008300000007578636 -0.001718281609856058
v -0.0013266421536449343 0.0008300000007578636 -0.0017839392038062215
v -0.0013589856478851288 0.0008300000007578636 -0.0018444495743373409
v -0.0014025126382242888 0.0008300000007578636 -0.0018974873617757112
v -0.001455550425662659 0.0008300000007578636 -0.0019410143521148711
v -0.0015160607961937785 0.0008300000007578636 -0.0019733578463550657
v -0.001581718390143942 0.0008300000007578636 -0.001993274849001318
v -0.00165 0.0008300000007578636 -0.0019999999875202775
v -0.001718281609856058 0.0008300000007578636 -0.001993274849001318
v -0.0017839392038062215 0.0008300000007578636 -0.0019733578463550657
v -0.0018444495743373409 0.0008300000007578636 -0.0019410143521148711
v -0.0018974873617757112 0.0008300000007578636 -0.0018974873617757112
v -0.0019410143521148711 0.0008300000007578636 -0.0018444495743373409
v -0.0019733578463550657 0.0008300000007578636 -0.0017839392038062215
v -0.001993274849001318 0.0008300000007578636 -0.001718281609856058
v -0.0019999999875202775 0.0008300000007578636 -0.00165
v -0.001993274849001318 0.0008300000007578636 -0.001581718390143942
v -0.0019733578463550657 0.0008300000007578636 -0.0015160607961937785
v -0.0019410143521148711 0.0008300000007578636 -0.001455550425662659
v -0.0018974873617757112 0.0008300000007578636 -0.0014025126382242888
v -0.0018444495743373409 0.0008300000007578636 -0.0013589856478851288
v -0.0017839392038062215 0.0008300000007578636 -0.0013266421536449343
v -0.001718281609856058 0.0008300000007578636 -0.0013067251509986818
v -0.00165 0.0008300000007578636 -0.0013000000124797225
v -0.00165 0.0008899999992421361 -0.00165
v -0.00165 0.0008899999992421361 -0.00165
v -0.00165 0.0008899999992421361 -0.00165
v -0.00165 0.0008899999992421361 -0.00165
v -0.00165 0.0008899999992421361 -0.00165
v -0.00165 0.0008899999992421361 -0.00165
v -0.00165 0.0008899999992421361 -0.00165
v -0.00165 0.0008899999992421361 -0.00165
v -0.00165 0.0008899999992421361 -0.00165
v -0.00165 0.0008899999992421361 -0.00165
v -0.00165 0.0008899999992421361 -0.00165
v -0.00165 0.0008899999992421361 -0.00165
v -0.00165 0.0008899999992421361 -0.00165
v -0.00165 0.0008899999992421361 -0.00165
v -0.00165 0.0008899999992421361 -0.00165
v -0.00165 0.0008899999992421361 -0.00165
v -0.00165 0.0008899999992421361 -0.00165
v -0.00165 0.0008899999992421361 -0.00165
v -0.00165 0.0008899999992421361 -0.00165
v -0.00165 0.0008899999992421361 -0.00165
v -0.00165 0.0008899999992421361 -0.00165
v -0.00165 0.0008899999992421361 -0.00165
v -0.00165 0.0008899999992421361 -0.00165
v -0.00165 0.0008899999992421361 -0.00165
v -0.00165 0.0008899999992421361 -0.00165
v -0.00165 0.0008899999992421361 -0.00165
v -0.00165 0.0008899999992421361 -0.00165
v -0.00165 0.0008899999992421361 -0.00165
v -0.00165 0.0008899999992421361 -0.00165
v -0.00165 0.0008899999992421361 -0.00165
v -0.00165 0.0008899999992421361 -0.00165
v -0.00165 0.0008899999992421361 -0.00165
v -0.00165 0.0008899999992421361 -0.0013000000124797225
v -0.001581718390143942 0.0008899999992421361 -0.0013067251509986818
v -0.0015160607961937785 0.0008899999992421361 -0.0013266421536449343
v -0.001455550425662659 0.0008899999992421361 -0.0013589856478851288
v -0.0014025126382242888 0.0008899999992421361 -0.0014025126382242888
v -0.0013589856478851288 0.0008899999992421361 -0.001455550425662659
v -0.0013266421536449343 0.0008899999992421361 -0.0015160607961937785
v -0.0013067251509986818 0.0008899999992421361 -0.001581718390143942
v -0.0013000000124797225 0.0008899999992421361 -0.00165
v -0.0013067251509986818 0.0008899999992421361 -0.001718281609856058
v -0.0013266421536449343 0.0008899999992421361 -0.0017839392038062215
v -0.0013589856478851288 0.0008899999992421361 -0.0018444495743373409
v -0.0014025126382242888 0.0008899999992421361 -0.0018974873617757112
v -0.001455550425662659 0.0008899999992421361 -0.0019410143521148711
v -0.0015160607961937785 0.0008899999992421361 -0.0019733578463550657
v -0.001581718390143942 0.0008899999992421361 -0.001993274849001318
v -0.00165 0.0008899999992421361 -0.0019999999875202775
v -0.001718281609856058 0.0008899999992421361 -0.001993274849001318
v -0.0017839392038062215 0.0008899999992421361 -0.0019733578463550657
v -0.0018444495743373409 0.0008899999992421361 -0.0019410143521148711
v -0.0018974873617757112 0.0008899999992421361 -0.0018974873617757112
v -0.0019410143521148711 0.0008899999992421361 -0.0018444495743373409
v -0.0019733578463550657 0.0008899999992421361 -0.0017839392038062215
v -0.001993274849001318 0.0008899999992421361 -0.001718281609856058
v -0.0019999999875202775 0.0008899999992421361 -0.00165
v -0.001993274849001318 0.0008899999992421361 -0.001581718390143942
v -0.0019733578463550657 0.0008899999992421361 -0.0015160607961937785
v -0.0019410143521148711 0.0008899999992421361 -0.001455550425662659
v -0.0018974873617757112 0.0008899999992421361 -0.0014025126382242888
v -0.0018444495743373409 0.0008899999992421361 -0.0013589856478851288
v -0.0017839392038062215 0.0008899999992421361 -0.0013266421536449343
v -0.001718281609856058 0.0008899999992421361 -0.0013067251509986818
v -0.00165 0.0008899999992421361 -0.0013000000124797225
v -0.00165 0.0008300000007578636 -0.00165
v -0.00165 0.0008300000007578636 -0.00165
v -0.00165 0.0008300000007578636 -0.00165
v -0.00165 0.0008300000007578636 -0.00165
v -0.00165 0.0008300000007578636 -0.00165
v -0.00165 0.0008300000007578636 -0.00165
v -0.00165 0.0008300000007578636 -0.00165
v -0.00165 0.0008300000007578636 -0.00165
v -0.00165 0.0008300000007578636 -0.00165
v -0.00165 0.0008300000007578636 -0.00165
v -0.00165 0.0008300000007578636 -0.00165
v -0.00165 0.0008300000007578636 -0.00165
v -0.00165 0.0008300000007578636 -0.00165
v -0.00165 0.0008300000007578636 -0.00165
v -0.00165 0.0008300000007578636 -0.00165
v -0.00165 0.0008300000007578636 -0.00165
v -0.00165 0.0008300000007578636 -0.00165
v -0.00165 0.0008300000007578636 -0.00165
v -0.00165 0.0008300000007578636 -0.00165
v -0.00165 0.0008300000007578636 -0.00165
v -0.00165 0.0008300000007578636 -0.00165
v -0.00165 0.0008300000007578636 -0.00165
v -0.00165 0.0008300000007578636 -0.00165
v -0.00165 0.0008300000007578636 -0.00165
v -0.00165 0.0008300000007578636 -0.00165
v -0.00165 0.0008300000007578636 -0.00165
v -0.00165 0.0008300000007578636 -0.00165
v -0.00165 0.0008300000007578636 -0.00165
v -0.00165 0.0008300000007578636 -0.00165
v -0.00165 0.0008300000007578636 -0.00165
v -0.00165 0.0008300000007578636 -0.00165
v -0.00165 0.0008300000007578636 -0.00165
v -0.00165 0.0008300000007578636 -0.0013000000124797225
v -0.001581718390143942 0.0008300000007578636 -0.0013067251509986818
v -0.0015160607961937785 0.0008300000007578636 -0.0013266421536449343
v -0.001455550425662659 0.0008300000007578636 -0.0013589856478851288
v -0.0014025126382242888 0.0008300000007578636 -0.0014025126382242888
v -0.0013589856478851288 0.0008300000007578636 -0.001455550425662659
v -0.0013266421536449343 0.0008300000007578636 -0.0015160607961937785
v -0.0013067251509986818 0.0008300000007578636 -0.001581718390143942
v -0.0013000000124797225 0.0008300000007578636 -0.00165
v -0.0013067251509986818 0.0008300000007578636 -0.001718281609856058
v -0.0013266421536449343 0.0008300000007578636 -0.0017839392038062215
v -0.0013589856478851288 0.0008300000007578636 -0.0018444495743373409
v -0.0014025126382242888 0.0008300000007578636 -0.0018974873617757112
v -0.001455550425662659 0.0008300000007578636 -0.0019410143521148711
v -0.0015160607961937785 0.0008300000007578636 -0.0019733578463550657
v -0.001581718390143942 0.0008300000007578636 -0.001993274849001318
v -0.00165 0.0008300000007578636 -0.0019999999875202775
v -0.001718281609856058 0.0008300000007578636 -0.001993274849001318
v -0.0017839392038062215 0.0008300000007578636 -0.0019733578463550657
v -0.0018444495743373409 0.0008300000007578636 -0.0019410143521148711
v -0.0018974873617757112 0.0008300000007578636 -0.0018974873617757112
v -0.0019410143521148711 0.0008300000007578636 -0.0018444495743373409
v -0.0019733578463550657 0.0008300000007578636 -0.0017839392038062215
v -0.001993274849001318 0.0008300000007578636 -0.001718281609856058
v -0.0019999999875202775 0.0008300000007578636 -0.00165
v -0.001993274849001318 0.0008300000007578636 -0.001581718390143942
v -0.0019733578463550657 0.0008300000007578636 -0.0015160607961937785
v -0.0019410143521148711 0.0008300000007578636 -0.001455550425662659
v -0.0018974873617757112 0.0008300000007578636 -0.0014025126382242888
v -0.0018444495743373409 0.0008300000007578636 -0.0013589856478851288
v -0.0017839392038062215 0.0008300000007578636 -0.0013266421536449343
v -0.001718281609856058 0.0008300000007578636 -0.0013067251509986818
v -0.00165 0.0008300000007578636 -0.0013000000124797225
vt 0 1
vt 0.03125 1
vt 0.0625 1
vt 0.09375 1
vt 0.125 1
vt 0.15625 1
vt 0.1875 1
vt 0.21875 1
vt 0.25 1
vt 0.28125 1
vt 0.3125 1
vt 0.34375 1
vt 0.375 1
vt 0.40625 1
vt 0.4375 1
vt 0.46875 1
vt 0.5 1
vt 0.53125 1
vt 0.5625 1
vt 0.59375 1
vt 0.625 1
vt 0.65625 1
vt 0.6875 1
vt 0.71875 1
vt 0.75 1
vt 0.78125 1
vt 0.8125 1
vt 0.84375 1
vt 0.875 1
vt 0.90625 1
vt 0.9375 1
vt 0.96875 1
vt 1 1
vt 0 0
vt 0.03125 0
vt 0.0625 0
vt 0.09375 0
vt 0.125 0
vt 0.15625 0
vt 0.1875 0
vt 0.21875 0
vt 0.25 0
vt 0.28125 0
vt 0.3125 0
vt 0.34375 0
vt 0.375 0
vt 0.40625 0
vt 0.4375 0
vt 0.46875 0
vt 0.5 0
vt 0.53125 0
vt 0.5625 0
vt 0.59375 0
vt 0.625 0
vt 0.65625 0
vt 0.6875 0
vt 0.71875 0
vt 0.75 0
vt 0.78125 0
vt 0.8125 0
vt 0.84375 0
vt 0.875 0
vt 0.90625 0
vt 0.9375 0
vt 0.96875 0
vt 1 0
vt 0.5 0.5
vt 0.5 0.5
vt 0.5 0.5
vt 0.5 0.5
vt 0.5 0.5
vt 0.5 0.5
vt 0.5 0.5
vt 0.5 0.5
vt 0.5 0.5
vt 0.5 0.5
vt 0.5 0.5
vt 0.5 0.5
vt 0.5 0.5
vt 0.5 0.5
vt 0.5 0.5
vt 0.5 0.5
vt 0.5 0.5
vt 0.5 0.5
vt 0.5 0.5
vt 0.5 0.5
vt 0.5 0.5
vt 0.5 0.5
vt 0.5 0.5
vt 0.5 0.5
vt 0.5 0.5
vt 0.5 0.5
vt 0.5 0.5
vt 0.5 0.5
vt 0.5 0.5
vt 0.5 0.5
vt 0.5 0.5
vt 0.5 0.5
vt 1 0.5
vt 0.9903926253318787 0.5975451469421387
vt 0.9619397521018982 0.6913416981697083
vt 0.9157348275184631 0.7777851223945618
vt 0.8535534143447876 0.8535534143447876
vt 0.7777851223945618 0.9157348275184631
vt 0.6913416981697083 0.9619397521018982
vt 0.5975451469421387 0.9903926253318787
vt 0.5 1
vt 0.40245485305786133 0.9903926253318787
vt 0.30865827202796936 0.9619397521018982
vt 0.22221487760543823 0.9157348275184631
vt 0.1464466154575348 0.8535534143447876
vt 0.08426519483327866 0.7777851223945618
vt 0.03806023299694061 0.6913416981697083
vt 0.009607359766960144 0.5975451469421387
vt 0 0.5
vt 0.009607359766960144 0.40245485305786133
vt 0.03806023299694061 0.30865827202796936
vt 0.08426519483327866 0.22221487760543823
vt 0.1464466154575348 0.1464466154575348
vt 0.22221487760543823 0.08426519483327866
vt 0.30865827202796936 0.03806023299694061
vt 0.40245485305786133 0.009607359766960144
vt 0.5 0
vt 0.5975451469421387 0.009607359766960144
vt 0.6913416981697083 0.03806023299694061
vt 0.7777851223945618 0.08426519483327866
vt 0.8535534143447876 0.1464466154575348
vt 0.9157348275184631 0.22221487760543823
vt 0.9619397521018982 0.30865827202796936
vt 0.9903926253318787 0.40245485305786133
vt 1 0.5
vt 0.5 0.5
vt 0.5 0.5
vt 0.5 0.5
vt 0.5 0.5
vt 0.5 0.5
vt 0.5 0.5
vt 0.5 0.5
vt 0.5 0.5
vt 0.5 0.5
vt 0.5 0.5
vt 0.5 0.5
vt 0.5 0.5
vt 0.5 0.5
vt 0.5 0.5
vt 0.5 0.5
vt 0.5 0.5
vt 0.5 0.5
vt 0.5 0.5
vt 0.5 0.5
vt 0.5 0.5
vt 0.5 0.5
vt 0.5 0.5
vt 0.5 0.5
vt 0.5 0.5
vt 0.5 0.5
vt 0.5 0.5
vt 0.5 0.5
vt 0.5 0.5
vt 0.5 0.5
vt 0.5 0.5
vt 0.5 0.5
vt 0.5 0.5
vt 1 0.5
vt 0.9903926253318787 0.40245485305786133
vt 0.9619397521018982 0.30865827202796936
vt 0.9157348275184631 0.22221487760543823
vt 0.8535534143447876 0.1464466154575348
vt 0.7777851223945618 0.08426519483327866
vt 0.6913416981697083 0.03806023299694061
vt 0.5975451469421387 0.009607359766960144
vt 0.5 0
vt 0.40245485305786133 0.009607359766960144
vt 0.30865827202796936 0.03806023299694061
vt 0.22221487760543823 0.08426519483327866
vt 0.1464466154575348 0.1464466154575348
vt 0.08426519483327866 0.22221487760543823
vt 0.03806023299694061 0.30865827202796936
vt 0.009607359766960144 0.40245485305786133
vt 0 0.5
vt 0.009607359766960144 0.5975451469421387
vt 0.03806023299694061 0.6913416981697083
vt 0.08426519483327866 0.7777851223945618
vt 0.1464466154575348 0.8535534143447876
vt 0.22221487760543823 0.9157348275184631
vt 0.30865827202796936 0.9619397521018982
vt 0.40245485305786133 0.9903926253318787
vt 0.5 1
vt 0.5975451469421387 0.9903926253318787
vt 0.6913416981697083 0.9619397521018982
vt 0.7777851223945618 0.9157348275184631
vt 0.8535534143447876 0.8535534143447876
vt 0.9157348275184631 0.7777851223945618
vt 0.9619397521018982 0.6913416981697083
vt 0.9903926253318787 0.5975451469421387
vt 1 0.5
vn 0 0 1
vn 0.19509032931342324 0 0.9807852789517083
vn 0.3826834370613369 0 0.9238795305660377
vn 0.555570248949409 0 0.8314696016585884
vn 0.7071067811865476 0 0.7071067811865476
vn 0.8314696016585884 0 0.555570248949409
vn 0.9238795305660377 0 0.3826834370613369
vn 0.9807852789517083 0 0.19509032931342324
vn 1 0 6.123234262925839e-17
vn 0.9807852789517083 0 -0.19509032931342324
vn 0.9238795305660377 0 -0.3826834370613369
vn 0.8314696016585884 0 -0.555570248949409
vn 0.7071067811865476 0 -0.7071067811865476
vn 0.555570248949409 0 -0.8314696016585884
vn 0.3826834370613369 0 -0.9238795305660377
vn 0.19509032931342324 0 -0.9807852789517083
vn 1.2246468525851679e-16 0 -1
vn -0.19509032931342324 0 -0.9807852789517083
vn -0.3826834370613369 0 -0.9238795305660377
vn -0.555570248949409 0 -0.8314696016585884
vn -0.7071067811865476 0 -0.7071067811865476
vn -0.8314696016585884 0 -0.555570248949409
vn -0.9238795305660377 0 -0.3826834370613369
vn -0.9807852789517083 0 -0.19509032931342324
vn -1 0 -1.8369701465288538e-16
vn -0.9807852789517083 0 0.19509032931342324
vn -0.9238795305660377 0 0.3826834370613369
vn -0.8314696016585884 0 0.555570248949409
vn -0.7071067811865476 0 0.7071067811865476
vn -0.555570248949409 0 0.8314696016585884
vn -0.3826834370613369 0 0.9238795305660377
vn -0.19509032931342324 0 0.9807852789517083
vn -2.4492937051703357e-16 0 1
vn 0 0 1
vn 0.19509032931342324 0 0.9807852789517083
vn 0.3826834370613369 0 0.9238795305660377
vn 0.555570248949409 0 0.8314696016585884
vn 0.7071067811865476 0 0.7071067811865476
vn 0.8314696016585884 0 0.555570248949409
vn 0.9238795305660377 0 0.3826834370613369
vn 0.9807852789517083 0 0.19509032931342324
vn 1 0 6.123234262925839e-17
vn 0.9807852789517083 0 -0.19509032931342324
vn 0.9238795305660377 0 -0.3826834370613369
vn 0.8314696016585884 0 -0.555570248949409
vn 0.7071067811865476 0 -0.7071067811865476
vn 0.555570248949409 0 -0.8314696016585884
vn 0.3826834370613369 0 -0.9238795305660377
vn 0.19509032931342324 0 -0.9807852789517083
vn 1.2246468525851679e-16 0 -1
vn -0.19509032931342324 0 -0.9807852789517083
vn -0.3826834370613369 0 -0.9238795305660377
vn -0.555570248949409 0 -0.8314696016585884
vn -0.7071067811865476 0 -0.7071067811865476
vn -0.8314696016585884 0 -0.555570248949409
vn -0.9238795305660377 0 -0.3826834370613369
vn -0.9807852789517083 0 -0.19509032931342324
vn -1 0 -1.8369701465288538e-16
vn -0.9807852789517083 0 0.19509032931342324
vn -0.9238795305660377 0 0.3826834370613369
vn -0.8314696016585884 0 0.555570248949409
vn -0.7071067811865476 0 0.7071067811865476
vn -0.555570248949409 0 0.8314696016585884
vn -0.3826834370613369 0 0.9238795305660377
vn -0.19509032931342324 0 0.9807852789517083
vn -2.4492937051703357e-16 0 1
vn 0 1 0
vn 0 1 0
vn 0 1 0
vn 0 1 0
vn 0 1 0
vn 0 1 0
vn 0 1 0
vn 0 1 0
vn 0 1 0
vn 0 1 0
vn 0 1 0
vn 0 1 0
vn 0 1 0
vn 0 1 0
vn 0 1 0
vn 0 1 0
vn 0 1 0
vn 0 1 0
vn 0 1 0
vn 0 1 0
vn 0 1 0
vn 0 1 0
vn 0 1 0
vn 0 1 0
vn 0 1 0
vn 0 1 0
vn 0 1 0
vn 0 1 0
vn 0 1 0
vn 0 1 0
vn 0 1 0
vn 0 1 0
vn 0 1 0
vn 0 1 0
vn 0 1 0
vn 0 1 0
vn 0 1 0
vn 0 1 0
vn 0 1 0
vn 0 1 0
vn 0 1 0
vn 0 1 0
vn 0 1 0
vn 0 1 0
vn 0 1 0
vn 0 1 0
vn 0 1 0
vn 0 1 0
vn 0 1 0
vn 0 1 0
vn 0 1 0
vn 0 1 0
vn 0 1 0
vn 0 1 0
vn 0 1 0
vn 0 1 0
vn 0 1 0
vn 0 1 0
vn 0 1 0
vn 0 1 0
vn 0 1 0
vn 0 1 0
vn 0 1 0
vn 0 1 0
vn 0 1 0
vn 0 -1 0
vn 0 -1 0
vn 0 -1 0
vn 0 -1 0
vn 0 -1 0
vn 0 -1 0
vn 0 -1 0
vn 0 -1 0
vn 0 -1 0
vn 0 -1 0
vn 0 -1 0
vn 0 -1 0
vn 0 -1 0
vn 0 -1 0
vn 0 -1 0
vn 0 -1 0
vn 0 -1 0
vn 0 -1 0
vn 0 -1 0
vn 0 -1 0
vn 0 -1 0
vn 0 -1 0
vn 0 -1 0
vn 0 -1 0
vn 0 -1 0
vn 0 -1 0
vn 0 -1 0
vn 0 -1 0
vn 0 -1 0
vn 0 -1 0
vn 0 -1 0
vn 0 -1 0
vn 0 -1 0
vn 0 -1 0
vn 0 -1 0
vn 0 -1 0
vn 0 -1 0
vn 0 -1 0
vn 0 -1 0
vn 0 -1 0
vn 0 -1 0
vn 0 -1 0
vn 0 -1 0
vn 0 -1 0
vn 0 -1 0
vn 0 -1 0
vn 0 -1 0
vn 0 -1 0
vn 0 -1 0
vn 0 -1 0
vn 0 -1 0
vn 0 -1 0
vn 0 -1 0
vn 0 -1 0
vn 0 -1 0
vn 0 -1 0
vn 0 -1 0
vn 0 -1 0
vn 0 -1 0
vn 0 -1 0
vn 0 -1 0
vn 0 -1 0
vn 0 -1 0
vn 0 -1 0
vn 0 -1 0
f 841/841/841 874/874/874 842/842/842
f 874/874/874 875/875/875 842/842/842
f 842/842/842 875/875/875 843/843/843
f 875/875/875 876/876/876 843/843/843
f 843/843/843 876/876/876 844/844/844
f 876/876/876 877/877/877 844/844/844
f 844/844/844 877/877/877 845/845/845
f 877/877/877 878/878/878 845/845/845
f 845/845/845 878/878/878 846/846/846
f 878/878/878 879/879/879 846/846/846
f 846/846/846 879/879/879 847/847/847
f 879/879/879 880/880/880 847/847/847
f 847/847/847 880/880/880 848/848/848
f 880/880/880 881/881/881 848/848/848
f 848/848/848 881/881/881 849/849/849
f 881/881/881 882/882/882 849/849/849
f 849/849/849 882/882/882 850/850/850
f 882/882/882 883/883/883 850/850/850
f 850/850/850 883/883/883 851/851/851
f 883/883/883 884/884/884 851/851/851
f 851/851/851 884/884/884 852/852/852
f 884/884/884 885/885/885 852/852/852
f 852/852/852 885/885/885 853/853/853
f 885/885/885 886/886/886 853/853/853
f 853/853/853 886/886/886 854/854/854
f 886/886/886 887/887/887 854/854/854
f 854/854/854 887/887/887 855/855/855
f 887/887/887 888/888/888 855/855/855
f 855/855/855 888/888/888 856/856/856
f 888/888/888 889/889/889 856/856/856
f 856/856/856 889/889/889 857/857/857
f 889/889/889 890/890/890 857/857/857
f 857/857/857 890/890/890 858/858/858
f 890/890/890 891/891/891 858/858/858
f 858/858/858 891/891/891 859/859/859
f 891/891/891 892/892/892 859/859/859
f 859/859/859 892/892/892 860/860/860
f 892/892/892 893/893/893 860/860/860
f 860/860/860 893/893/893 861/861/861
f 893/893/893 894/894/894 861/861/861
f 861/861/861 894/894/894 862/862/862
f 894/894/894 895/895/895 862/862/862
f 862/862/862 895/895/895 863/863/863
f 895/895/895 896/896/896 863/863/863
f 863/863/863 896/896/896 864/864/864
f 896/896/896 897/897/897 864/864/864
f 864/864/864 897/897/897 865/865/865
f 897/897/897 898/898/898 865/865/865
f 865/865/865 898/898/898 866/866/866
f 898/898/898 899/899/899 866/866/866
f 866/866/866 899/899/899 867/867/867
f 899/899/899 900/900/900 867/867/867
f 867/867/867 900/900/900 868/868/868
f 900/900/900 901/901/901 868/868/868
f 868/868/868 901/901/901 869/869/869
f 901/901/901 902/902/902 869/869/869
f 869/869/869 902/902/902 870/870/870
f 902/902/902 903/903/903 870/870/870
f 870/870/870 903/903/903 871/871/871
f 903/903/903 904/904/904 871/871/871
f 871/871/871 904/904/904 872/872/872
f 904/904/904 905/905/905 872/872/872
f 872/872/872 905/905/905 873/873/873
f 905/905/905 906/906/906 873/873/873
f 939/939/939 940/940/940 907/907/907
f 940/940/940 941/941/941 908/908/908
f 941/941/941 942/942/942 909/909/909
f 942/942/942 943/943/943 910/910/910
f 943/943/943 944/944/944 911/911/911
f 944/944/944 945/945/945 912/912/912
f 945/945/945 946/946/946 913/913/913
f 946/946/946 947/947/947 914/914/914
f 947/947/947 948/948/948 915/915/915
f 948/948/948 949/949/949 916/916/916
f 949/949/949 950/950/950 917/917/917
f 950/950/950 951/951/951 918/918/918
f 951/951/951 952/952/952 919/919/919
f 952/952/952 953/953/953 920/920/920
f 953/953/953 954/954/954 921/921/921
f 954/954/954 955/955/955 922/922/922
f 955/955/955 956/956/956 923/923/923
f 956/956/956 957/957/957 924/924/924
f 957/957/957 958/958/958 925/925/925
f 958/958/958 959/959/959 926/926/926
f 959/959/959 960/960/960 927/927/927
f 960/960/960 961/961/961 928/928/928
f 961/961/961 962/962/962 929/929/929
f 962/962/962 963/963/963 930/930/930
f 963/963/963 964/964/964 931/931/931
f 964/964/964 965/965/965 932/932/932
f 965/965/965 966/966/966 933/933/933
f 966/966/966 967/967/967 934/934/934
f 967/967/967 968/968/968 935/935/935
f 968/968/968 969/969/969 936/936/936
f 969/969/969 970/970/970 937/937/937
f 970/970/970 971/971/971 938/938/938
f 1005/1005/1005 1004/1004/1004 972/972/972
f 1006/1006/1006 1005/1005/1005 973/973/973
f 1007/1007/1007 1006/1006/1006 974/974/974
f 1008/1008/1008 1007/1007/1007 975/975/975
f 1009/1009/1009 1008/1008/1008 976/976/976
f 1010/1010/1010 1009/1009/1009 977/977/977
f 1011/1011/1011 1010/1010/1010 978/978/978
f 1012/1012/1012 1011/1011/1011 979/979/979
f 1013/1013/1013 1012/1012/1012 980/980/980
f 1014/1014/1014 1013/1013/1013 981/981/981
f 1015/1015/1015 1014/1014/1014 982/982/982
f 1016/1016/1016 1015/1015/1015 983/983/983
f 1017/1017/1017 1016/1016/1016 984/984/984
f 1018/1018/1018 1017/1017/1017 985/985/985
f 1019/1019/1019 1018/1018/1018 986/986/986
f 1020/1020/1020 1019/1019/1019 987/987/987
f 1021/1021/1021 1020/1020/1020 988/988/988
f 1022/1022/1022 1021/1021/1021 989/989/989
f 1023/1023/1023 1022/1022/1022 990/990/990
f 1024/1024/1024 1023/1023/1023 991/991/991
f 1025/1025/1025 1024/1024/1024 992/992/992
f 1026/1026/1026 1025/1025/1025 993/993/993
f 1027/1027/1027 1026/1026/1026 994/994/994
f 1028/1028/1028 1027/1027/1027 995/995/995
f 1029/1029/1029 1028/1028/1028 996/996/996
f 1030/1030/1030 1029/1029/1029 997/997/997
f 1031/1031/1031 1030/1030/1030 998/998/998
f 1032/1032/1032 1031/1031/1031 999/999/999
f 1033/1033/1033 1032/1032/1032 1000/1000/1000
f 1034/1034/1034 1033/1033/1033 1001/1001/1001
f 1035/1035/1035 1034/1034/1034 1002/1002/1002
f 1036/1036/1036 1035/1035/1035 1003/1003/1003
