
===========================================================================
report_checks -unconstrained
===========================================================================
======================= max_ss_100C_1v60 Corner ===================================

Startpoint: _20469_ (rising edge-triggered flip-flop clocked by clk)
Endpoint: _20653_ (rising edge-triggered flip-flop clocked by clk)
Path Group: clk
Path Type: max

Fanout         Cap        Slew       Delay        Time   Description
---------------------------------------------------------------------------------------------
                                  0.000000    0.000000   clock clk (rise edge)
                                  0.000000    0.000000   clock source latency
     2    0.091722    0.662781    0.501833    0.501833 ^ clk (in)
                                                         clk (net)
                      0.666977    0.000000    0.501833 ^ clkbuf_0_clk/A (sky130_fd_sc_hd__clkbuf_16)
     4    0.152813    0.256382    0.642123    1.143956 ^ clkbuf_0_clk/X (sky130_fd_sc_hd__clkbuf_16)
                                                         clknet_0_clk (net)
                      0.257736    0.015079    1.159035 ^ clkbuf_2_3_0_clk/A (sky130_fd_sc_hd__clkbuf_8)
    16    0.226774    0.595522    0.724603    1.883638 ^ clkbuf_2_3_0_clk/X (sky130_fd_sc_hd__clkbuf_8)
                                                         clknet_2_3_0_clk (net)
                      0.596686    0.022903    1.906541 ^ clkbuf_6_61_0_clk/A (sky130_fd_sc_hd__clkbuf_8)
     6    0.045741    0.148607    0.540371    2.446912 ^ clkbuf_6_61_0_clk/X (sky130_fd_sc_hd__clkbuf_8)
                                                         clknet_6_61_0_clk (net)
                      0.148633    0.002114    2.449026 ^ clkbuf_leaf_165_clk/A (sky130_fd_sc_hd__clkbuf_8)
    10    0.026595    0.099391    0.300703    2.749730 ^ clkbuf_leaf_165_clk/X (sky130_fd_sc_hd__clkbuf_8)
                                                         clknet_leaf_165_clk (net)
                      0.099398    0.000996    2.750726 ^ _20469_/CLK (sky130_fd_sc_hd__dfxtp_2)
     1    0.006325    0.076450    0.706441    3.457167 ^ _20469_/Q (sky130_fd_sc_hd__dfxtp_2)
                                                         u_core.instr[22] (net)
                      0.076450    0.000423    3.457590 ^ fanout2062/A (sky130_fd_sc_hd__clkdlybuf4s25_1)
     7    0.156294    2.454236    2.249539    5.707129 ^ fanout2062/X (sky130_fd_sc_hd__clkdlybuf4s25_1)
                                                         net2062 (net)
                      2.454929    0.036470    5.743599 ^ fanout2051/A (sky130_fd_sc_hd__clkdlybuf4s25_1)
    10    0.072377    1.147568    1.897675    7.641274 ^ fanout2051/X (sky130_fd_sc_hd__clkdlybuf4s25_1)
                                                         net2051 (net)
                      1.147619    0.009039    7.650313 ^ fanout2049/A (sky130_fd_sc_hd__clkdlybuf4s25_1)
     5    0.033831    0.546989    1.195344    8.845657 ^ fanout2049/X (sky130_fd_sc_hd__clkdlybuf4s25_1)
                                                         net2049 (net)
                      0.546991    0.002303    8.847960 ^ load_slew2050/A (sky130_fd_sc_hd__clkbuf_2)
     6    0.050514    0.427532    0.667673    9.515634 ^ load_slew2050/X (sky130_fd_sc_hd__clkbuf_2)
                                                         net2050 (net)
                      0.427905    0.008509    9.524142 ^ _09269_/A_N (sky130_fd_sc_hd__and2b_2)
     1    0.006168    0.086071    0.616956   10.141099 v _09269_/X (sky130_fd_sc_hd__and2b_2)
                                                         _05741_ (net)
                      0.086071    0.000465   10.141564 v fanout1916/A (sky130_fd_sc_hd__clkdlybuf4s25_1)
     3    0.052978    0.705569    0.997374   11.138938 v fanout1916/X (sky130_fd_sc_hd__clkdlybuf4s25_1)
                                                         net1916 (net)
                      0.705598    0.005293   11.144231 v fanout1915/A (sky130_fd_sc_hd__clkdlybuf4s25_1)
     7    0.075798    1.003418    1.447829   12.592060 v fanout1915/X (sky130_fd_sc_hd__clkdlybuf4s25_1)
                                                         net1915 (net)
                      1.003645    0.015074   12.607135 v fanout1913/A (sky130_fd_sc_hd__clkdlybuf4s25_1)
     3    0.018891    0.269686    0.949518   13.556652 v fanout1913/X (sky130_fd_sc_hd__clkdlybuf4s25_1)
                                                         net1913 (net)
                      0.269686    0.001027   13.557679 v load_slew1914/A (sky130_fd_sc_hd__clkbuf_4)
     8    0.058358    0.218083    0.496445   14.054124 v load_slew1914/X (sky130_fd_sc_hd__clkbuf_4)
                                                         net1914 (net)
                      0.219552    0.014677   14.068801 v _09483_/B2 (sky130_fd_sc_hd__a32o_2)
     1    0.004379    0.073911    0.507996   14.576797 v _09483_/X (sky130_fd_sc_hd__a32o_2)
                                                         _05955_ (net)
                      0.073911    0.000326   14.577123 v _09488_/A (sky130_fd_sc_hd__or3_2)
     1    0.004100    0.170662    1.166369   15.743492 v _09488_/X (sky130_fd_sc_hd__or3_2)
                                                         _05960_ (net)
                      0.170662    0.000320   15.743812 v _09490_/A2 (sky130_fd_sc_hd__a32o_2)
     3    0.038605    0.210464    0.705748   16.449560 v _09490_/X (sky130_fd_sc_hd__a32o_2)
                                                         _05962_ (net)
                      0.210759    0.007327   16.456888 v _09493_/A2 (sky130_fd_sc_hd__a21o_2)
     4    0.021019    0.133317    0.553753   17.010641 v _09493_/X (sky130_fd_sc_hd__a21o_2)
                                                         _05965_ (net)
                      0.133328    0.001338   17.011978 v _09496_/A (sky130_fd_sc_hd__nand2_2)
     1    0.016148    0.157951    0.192744   17.204721 ^ _09496_/Y (sky130_fd_sc_hd__nand2_2)
                                                         _05968_ (net)
                      0.157971    0.001895   17.206617 ^ fanout1439/A (sky130_fd_sc_hd__clkdlybuf4s25_1)
     5    0.049559    0.793347    1.065342   18.271959 ^ fanout1439/X (sky130_fd_sc_hd__clkdlybuf4s25_1)
                                                         net1439 (net)
                      0.793807    0.012015   18.283974 ^ fanout1438/A (sky130_fd_sc_hd__clkdlybuf4s25_1)
     8    0.053170    0.849631    1.332841   19.616816 ^ fanout1438/X (sky130_fd_sc_hd__clkdlybuf4s25_1)
                                                         net1438 (net)
                      0.849631    0.001734   19.618549 ^ fanout1437/A (sky130_fd_sc_hd__clkdlybuf4s25_1)
    10    0.053831    0.859667    1.354756   20.973305 ^ fanout1437/X (sky130_fd_sc_hd__clkdlybuf4s25_1)
                                                         net1437 (net)
                      0.859679    0.004668   20.977974 ^ _11475_/S (sky130_fd_sc_hd__mux2_1)
     2    0.012692    0.204627    1.076455   22.054428 v _11475_/X (sky130_fd_sc_hd__mux2_1)
                                                         _07945_ (net)
                      0.204630    0.001132   22.055559 v _11477_/A0 (sky130_fd_sc_hd__mux2_1)
     2    0.007655    0.156139    0.783260   22.838820 v _11477_/X (sky130_fd_sc_hd__mux2_1)
                                                         _07947_ (net)
                      0.156139    0.000316   22.839136 v _11478_/A1 (sky130_fd_sc_hd__mux2_1)
     2    0.008435    0.163352    0.795787   23.634922 v _11478_/X (sky130_fd_sc_hd__mux2_1)
                                                         _07948_ (net)
                      0.163352    0.000290   23.635212 v _11479_/A1 (sky130_fd_sc_hd__mux2_1)
     2    0.018805    0.246946    0.903345   24.538557 v _11479_/X (sky130_fd_sc_hd__mux2_1)
                                                         _07949_ (net)
                      0.246955    0.001924   24.540480 v _11521_/B2 (sky130_fd_sc_hd__o2bb2a_2)
     1    0.015051    0.141382    0.688511   25.228991 v _11521_/X (sky130_fd_sc_hd__o2bb2a_2)
                                                         _07991_ (net)
                      0.141400    0.001695   25.230686 v _11522_/C1 (sky130_fd_sc_hd__o211a_2)
     2    0.013201    0.119739    0.307843   25.538528 v _11522_/X (sky130_fd_sc_hd__o211a_2)
                                                         _07992_ (net)
                      0.119739    0.000814   25.539343 v _11524_/B1 (sky130_fd_sc_hd__a21oi_2)
     3    0.038116    0.760307    0.658950   26.198292 ^ _11524_/Y (sky130_fd_sc_hd__a21oi_2)
                                                         _07994_ (net)
                      0.760310    0.003253   26.201546 ^ max_cap618/A (sky130_fd_sc_hd__buf_2)
     2    0.048760    0.382043    0.715536   26.917082 ^ max_cap618/X (sky130_fd_sc_hd__buf_2)
                                                         net618 (net)
                      0.382078    0.004007   26.921089 ^ _12643_/B (sky130_fd_sc_hd__or2_2)
     1    0.009763    0.108818    0.366098   27.287186 ^ _12643_/X (sky130_fd_sc_hd__or2_2)
                                                         _09072_ (net)
                      0.108821    0.000760   27.287947 ^ fanout599/A (sky130_fd_sc_hd__clkdlybuf4s25_1)
    10    0.150091    2.347616    2.181176   29.469124 ^ fanout599/X (sky130_fd_sc_hd__clkdlybuf4s25_1)
                                                         net599 (net)
                      2.347640    0.006876   29.476000 ^ fanout598/A (sky130_fd_sc_hd__clkdlybuf4s25_1)
     5    0.070491    1.118422    1.858375   31.334373 ^ fanout598/X (sky130_fd_sc_hd__clkdlybuf4s25_1)
                                                         net598 (net)
                      1.118422    0.003759   31.338133 ^ fanout597/A (sky130_fd_sc_hd__clkdlybuf4s25_1)
    10    0.083698    1.326321    1.763038   33.101170 ^ fanout597/X (sky130_fd_sc_hd__clkdlybuf4s25_1)
                                                         net597 (net)
                      1.326488    0.015682   33.116852 ^ _12644_/B (sky130_fd_sc_hd__or2_2)
     2    0.013893    0.147739    0.673683   33.790535 ^ _12644_/X (sky130_fd_sc_hd__or2_2)
                                                         _09073_ (net)
                      0.147740    0.000725   33.791260 ^ fanout583/A (sky130_fd_sc_hd__clkdlybuf4s25_1)
    10    0.115021    1.811264    1.816176   35.607437 ^ fanout583/X (sky130_fd_sc_hd__clkdlybuf4s25_1)
                                                         net583 (net)
                      1.811284    0.005386   35.612823 ^ fanout582/A (sky130_fd_sc_hd__clkdlybuf4s25_1)
    10    0.080484    1.274959    1.889404   37.502228 ^ fanout582/X (sky130_fd_sc_hd__clkdlybuf4s25_1)
                                                         net582 (net)
                      1.275160    0.016538   37.518764 ^ _16410_/A1 (sky130_fd_sc_hd__o22a_2)
     1    0.030605    0.271522    0.897384   38.416149 ^ _16410_/X (sky130_fd_sc_hd__o22a_2)
                                                         _04687_ (net)
                      0.271606    0.004789   38.420937 ^ _16421_/B (sky130_fd_sc_hd__and4_2)
     6    0.108072    0.887942    1.229893   39.650829 ^ _16421_/X (sky130_fd_sc_hd__and4_2)
                                                         _04698_ (net)
                      0.888499    0.014253   39.665085 ^ _16553_/A1 (sky130_fd_sc_hd__mux2_1)
     1    0.005561    0.126172    0.557773   40.222855 ^ _16553_/X (sky130_fd_sc_hd__mux2_1)
                                                         _04830_ (net)
                      0.126172    0.000441   40.223297 ^ _16556_/A2 (sky130_fd_sc_hd__a21oi_2)
     2    0.006556    0.235715    0.152031   40.375328 v _16556_/Y (sky130_fd_sc_hd__a21oi_2)
                                                         _04833_ (net)
                      0.235715    0.000554   40.375881 v _16557_/A3 (sky130_fd_sc_hd__a31o_2)
     2    0.006736    0.081593    0.565716   40.941597 v _16557_/X (sky130_fd_sc_hd__a31o_2)
                                                         _04834_ (net)
                      0.081593    0.000306   40.941902 v fanout137/A (sky130_fd_sc_hd__clkdlybuf4s25_1)
    10    0.052095    0.693991    0.986795   41.928699 v fanout137/X (sky130_fd_sc_hd__clkdlybuf4s25_1)
                                                         net137 (net)
                      0.694016    0.004967   41.933666 v fanout135/A (sky130_fd_sc_hd__clkdlybuf4s25_1)
    10    0.048306    0.646376    1.176911   43.110577 v fanout135/X (sky130_fd_sc_hd__clkdlybuf4s25_1)
                                                         net135 (net)
                      0.646394    0.004185   43.114761 v _16706_/A (sky130_fd_sc_hd__nor2_2)
     1    0.011664    0.272407    0.516298   43.631058 ^ _16706_/Y (sky130_fd_sc_hd__nor2_2)
                                                         _04978_ (net)
                      0.272407    0.000924   43.631985 ^ _16710_/A1 (sky130_fd_sc_hd__o32a_2)
     1    0.074942    0.615850    0.836781   44.468765 ^ _16710_/X (sky130_fd_sc_hd__o32a_2)
                                                         _04982_ (net)
                      0.616464    0.016939   44.485703 ^ fanout90/A (sky130_fd_sc_hd__clkdlybuf4s25_1)
     6    0.034577    0.558814    1.072816   45.558521 ^ fanout90/X (sky130_fd_sc_hd__clkdlybuf4s25_1)
                                                         net90 (net)
                      0.558834    0.004082   45.562603 ^ fanout88/A (sky130_fd_sc_hd__clkdlybuf4s25_1)
     8    0.038442    0.620116    1.094840   46.657440 ^ fanout88/X (sky130_fd_sc_hd__clkdlybuf4s25_1)
                                                         net88 (net)
                      0.620167    0.006214   46.663654 ^ fanout87/A (sky130_fd_sc_hd__clkdlybuf4s25_1)
    10    0.042532    0.683838    1.165535   47.829189 ^ fanout87/X (sky130_fd_sc_hd__clkdlybuf4s25_1)
                                                         net87 (net)
                      0.683871    0.005588   47.834778 ^ _17360_/A1 (sky130_fd_sc_hd__mux2_1)
     1    0.002737    0.089320    0.470820   48.305599 ^ _17360_/X (sky130_fd_sc_hd__mux2_1)
                                                         _02251_ (net)
                      0.089320    0.000213   48.305813 ^ _20653_/D (sky130_fd_sc_hd__dfxtp_2)
                                             48.305813   data arrival time

                                 40.000000   40.000000   clock clk (rise edge)
                                  0.000000   40.000000   clock source latency
     2    0.091722    0.662781    0.454040   40.454041 ^ clk (in)
                                                         clk (net)
                      0.666977    0.000000   40.454041 ^ clkbuf_0_clk/A (sky130_fd_sc_hd__clkbuf_16)
     4    0.152813    0.256382    0.580968   41.035011 ^ clkbuf_0_clk/X (sky130_fd_sc_hd__clkbuf_16)
                                                         clknet_0_clk (net)
                      0.258184    0.015874   41.050884 ^ clkbuf_2_1_0_clk/A (sky130_fd_sc_hd__clkbuf_8)
    16    0.247735    0.647505    0.694293   41.745174 ^ clkbuf_2_1_0_clk/X (sky130_fd_sc_hd__clkbuf_8)
                                                         clknet_2_1_0_clk (net)
                      0.648148    0.016165   41.761341 ^ clkbuf_6_18_0_clk/A (sky130_fd_sc_hd__clkbuf_8)
     6    0.058939    0.181590    0.528484   42.289825 ^ clkbuf_6_18_0_clk/X (sky130_fd_sc_hd__clkbuf_8)
                                                         clknet_6_18_0_clk (net)
                      0.181924    0.006501   42.296326 ^ clkbuf_leaf_260_clk/A (sky130_fd_sc_hd__clkbuf_8)
    10    0.034505    0.116492    0.302357   42.598682 ^ clkbuf_leaf_260_clk/X (sky130_fd_sc_hd__clkbuf_8)
                                                         clknet_leaf_260_clk (net)
                      0.116508    0.001386   42.600067 ^ _20653_/CLK (sky130_fd_sc_hd__dfxtp_2)
                                 -0.250000   42.350067   clock uncertainty
                                  0.108948   42.459015   clock reconvergence pessimism
                                 -0.138040   42.320976   library setup time
                                             42.320976   data required time
---------------------------------------------------------------------------------------------
                                             42.320976   data required time
                                            -48.305813   data arrival time
---------------------------------------------------------------------------------------------
                                             -5.984838   slack (VIOLATED)




===========================================================================
report_checks --slack_max -0.01
============================================================================
======================= max_ss_100C_1v60 Corner ===================================

Startpoint: _20469_ (rising edge-triggered flip-flop clocked by clk)
Endpoint: _20653_ (rising edge-triggered flip-flop clocked by clk)
Path Group: clk
Path Type: max

Fanout         Cap        Slew       Delay        Time   Description
---------------------------------------------------------------------------------------------
                                  0.000000    0.000000   clock clk (rise edge)
                                  0.000000    0.000000   clock source latency
     2    0.091722    0.662781    0.501833    0.501833 ^ clk (in)
                                                         clk (net)
                      0.666977    0.000000    0.501833 ^ clkbuf_0_clk/A (sky130_fd_sc_hd__clkbuf_16)
     4    0.152813    0.256382    0.642123    1.143956 ^ clkbuf_0_clk/X (sky130_fd_sc_hd__clkbuf_16)
                                                         clknet_0_clk (net)
                      0.257736    0.015079    1.159035 ^ clkbuf_2_3_0_clk/A (sky130_fd_sc_hd__clkbuf_8)
    16    0.226774    0.595522    0.724603    1.883638 ^ clkbuf_2_3_0_clk/X (sky130_fd_sc_hd__clkbuf_8)
                                                         clknet_2_3_0_clk (net)
                      0.596686    0.022903    1.906541 ^ clkbuf_6_61_0_clk/A (sky130_fd_sc_hd__clkbuf_8)
     6    0.045741    0.148607    0.540371    2.446912 ^ clkbuf_6_61_0_clk/X (sky130_fd_sc_hd__clkbuf_8)
                                                         clknet_6_61_0_clk (net)
                      0.148633    0.002114    2.449026 ^ clkbuf_leaf_165_clk/A (sky130_fd_sc_hd__clkbuf_8)
    10    0.026595    0.099391    0.300703    2.749730 ^ clkbuf_leaf_165_clk/X (sky130_fd_sc_hd__clkbuf_8)
                                                         clknet_leaf_165_clk (net)
                      0.099398    0.000996    2.750726 ^ _20469_/CLK (sky130_fd_sc_hd__dfxtp_2)
     1    0.006325    0.076450    0.706441    3.457167 ^ _20469_/Q (sky130_fd_sc_hd__dfxtp_2)
                                                         u_core.instr[22] (net)
                      0.076450    0.000423    3.457590 ^ fanout2062/A (sky130_fd_sc_hd__clkdlybuf4s25_1)
     7    0.156294    2.454236    2.249539    5.707129 ^ fanout2062/X (sky130_fd_sc_hd__clkdlybuf4s25_1)
                                                         net2062 (net)
                      2.454929    0.036470    5.743599 ^ fanout2051/A (sky130_fd_sc_hd__clkdlybuf4s25_1)
    10    0.072377    1.147568    1.897675    7.641274 ^ fanout2051/X (sky130_fd_sc_hd__clkdlybuf4s25_1)
                                                         net2051 (net)
                      1.147619    0.009039    7.650313 ^ fanout2049/A (sky130_fd_sc_hd__clkdlybuf4s25_1)
     5    0.033831    0.546989    1.195344    8.845657 ^ fanout2049/X (sky130_fd_sc_hd__clkdlybuf4s25_1)
                                                         net2049 (net)
                      0.546991    0.002303    8.847960 ^ load_slew2050/A (sky130_fd_sc_hd__clkbuf_2)
     6    0.050514    0.427532    0.667673    9.515634 ^ load_slew2050/X (sky130_fd_sc_hd__clkbuf_2)
                                                         net2050 (net)
                      0.427905    0.008509    9.524142 ^ _09269_/A_N (sky130_fd_sc_hd__and2b_2)
     1    0.006168    0.086071    0.616956   10.141099 v _09269_/X (sky130_fd_sc_hd__and2b_2)
                                                         _05741_ (net)
                      0.086071    0.000465   10.141564 v fanout1916/A (sky130_fd_sc_hd__clkdlybuf4s25_1)
     3    0.052978    0.705569    0.997374   11.138938 v fanout1916/X (sky130_fd_sc_hd__clkdlybuf4s25_1)
                                                         net1916 (net)
                      0.705598    0.005293   11.144231 v fanout1915/A (sky130_fd_sc_hd__clkdlybuf4s25_1)
     7    0.075798    1.003418    1.447829   12.592060 v fanout1915/X (sky130_fd_sc_hd__clkdlybuf4s25_1)
                                                         net1915 (net)
                      1.003645    0.015074   12.607135 v fanout1913/A (sky130_fd_sc_hd__clkdlybuf4s25_1)
     3    0.018891    0.269686    0.949518   13.556652 v fanout1913/X (sky130_fd_sc_hd__clkdlybuf4s25_1)
                                                         net1913 (net)
                      0.269686    0.001027   13.557679 v load_slew1914/A (sky130_fd_sc_hd__clkbuf_4)
     8    0.058358    0.218083    0.496445   14.054124 v load_slew1914/X (sky130_fd_sc_hd__clkbuf_4)
                                                         net1914 (net)
                      0.219552    0.014677   14.068801 v _09483_/B2 (sky130_fd_sc_hd__a32o_2)
     1    0.004379    0.073911    0.507996   14.576797 v _09483_/X (sky130_fd_sc_hd__a32o_2)
                                                         _05955_ (net)
                      0.073911    0.000326   14.577123 v _09488_/A (sky130_fd_sc_hd__or3_2)
     1    0.004100    0.170662    1.166369   15.743492 v _09488_/X (sky130_fd_sc_hd__or3_2)
                                                         _05960_ (net)
                      0.170662    0.000320   15.743812 v _09490_/A2 (sky130_fd_sc_hd__a32o_2)
     3    0.038605    0.210464    0.705748   16.449560 v _09490_/X (sky130_fd_sc_hd__a32o_2)
                                                         _05962_ (net)
                      0.210759    0.007327   16.456888 v _09493_/A2 (sky130_fd_sc_hd__a21o_2)
     4    0.021019    0.133317    0.553753   17.010641 v _09493_/X (sky130_fd_sc_hd__a21o_2)
                                                         _05965_ (net)
                      0.133328    0.001338   17.011978 v _09496_/A (sky130_fd_sc_hd__nand2_2)
     1    0.016148    0.157951    0.192744   17.204721 ^ _09496_/Y (sky130_fd_sc_hd__nand2_2)
                                                         _05968_ (net)
                      0.157971    0.001895   17.206617 ^ fanout1439/A (sky130_fd_sc_hd__clkdlybuf4s25_1)
     5    0.049559    0.793347    1.065342   18.271959 ^ fanout1439/X (sky130_fd_sc_hd__clkdlybuf4s25_1)
                                                         net1439 (net)
                      0.793807    0.012015   18.283974 ^ fanout1438/A (sky130_fd_sc_hd__clkdlybuf4s25_1)
     8    0.053170    0.849631    1.332841   19.616816 ^ fanout1438/X (sky130_fd_sc_hd__clkdlybuf4s25_1)
                                                         net1438 (net)
                      0.849631    0.001734   19.618549 ^ fanout1437/A (sky130_fd_sc_hd__clkdlybuf4s25_1)
    10    0.053831    0.859667    1.354756   20.973305 ^ fanout1437/X (sky130_fd_sc_hd__clkdlybuf4s25_1)
                                                         net1437 (net)
                      0.859679    0.004668   20.977974 ^ _11475_/S (sky130_fd_sc_hd__mux2_1)
     2    0.012692    0.204627    1.076455   22.054428 v _11475_/X (sky130_fd_sc_hd__mux2_1)
                                                         _07945_ (net)
                      0.204630    0.001132   22.055559 v _11477_/A0 (sky130_fd_sc_hd__mux2_1)
     2    0.007655    0.156139    0.783260   22.838820 v _11477_/X (sky130_fd_sc_hd__mux2_1)
                                                         _07947_ (net)
                      0.156139    0.000316   22.839136 v _11478_/A1 (sky130_fd_sc_hd__mux2_1)
     2    0.008435    0.163352    0.795787   23.634922 v _11478_/X (sky130_fd_sc_hd__mux2_1)
                                                         _07948_ (net)
                      0.163352    0.000290   23.635212 v _11479_/A1 (sky130_fd_sc_hd__mux2_1)
     2    0.018805    0.246946    0.903345   24.538557 v _11479_/X (sky130_fd_sc_hd__mux2_1)
                                                         _07949_ (net)
                      0.246955    0.001924   24.540480 v _11521_/B2 (sky130_fd_sc_hd__o2bb2a_2)
     1    0.015051    0.141382    0.688511   25.228991 v _11521_/X (sky130_fd_sc_hd__o2bb2a_2)
                                                         _07991_ (net)
                      0.141400    0.001695   25.230686 v _11522_/C1 (sky130_fd_sc_hd__o211a_2)
     2    0.013201    0.119739    0.307843   25.538528 v _11522_/X (sky130_fd_sc_hd__o211a_2)
                                                         _07992_ (net)
                      0.119739    0.000814   25.539343 v _11524_/B1 (sky130_fd_sc_hd__a21oi_2)
     3    0.038116    0.760307    0.658950   26.198292 ^ _11524_/Y (sky130_fd_sc_hd__a21oi_2)
                                                         _07994_ (net)
                      0.760310    0.003253   26.201546 ^ max_cap618/A (sky130_fd_sc_hd__buf_2)
     2    0.048760    0.382043    0.715536   26.917082 ^ max_cap618/X (sky130_fd_sc_hd__buf_2)
                                                         net618 (net)
                      0.382078    0.004007   26.921089 ^ _12643_/B (sky130_fd_sc_hd__or2_2)
     1    0.009763    0.108818    0.366098   27.287186 ^ _12643_/X (sky130_fd_sc_hd__or2_2)
                                                         _09072_ (net)
                      0.108821    0.000760   27.287947 ^ fanout599/A (sky130_fd_sc_hd__clkdlybuf4s25_1)
    10    0.150091    2.347616    2.181176   29.469124 ^ fanout599/X (sky130_fd_sc_hd__clkdlybuf4s25_1)
                                                         net599 (net)
                      2.347640    0.006876   29.476000 ^ fanout598/A (sky130_fd_sc_hd__clkdlybuf4s25_1)
     5    0.070491    1.118422    1.858375   31.334373 ^ fanout598/X (sky130_fd_sc_hd__clkdlybuf4s25_1)
                                                         net598 (net)
                      1.118422    0.003759   31.338133 ^ fanout597/A (sky130_fd_sc_hd__clkdlybuf4s25_1)
    10    0.083698    1.326321    1.763038   33.101170 ^ fanout597/X (sky130_fd_sc_hd__clkdlybuf4s25_1)
                                                         net597 (net)
                      1.326488    0.015682   33.116852 ^ _12644_/B (sky130_fd_sc_hd__or2_2)
     2    0.013893    0.147739    0.673683   33.790535 ^ _12644_/X (sky130_fd_sc_hd__or2_2)
                                                         _09073_ (net)
                      0.147740    0.000725   33.791260 ^ fanout583/A (sky130_fd_sc_hd__clkdlybuf4s25_1)
    10    0.115021    1.811264    1.816176   35.607437 ^ fanout583/X (sky130_fd_sc_hd__clkdlybuf4s25_1)
                                                         net583 (net)
                      1.811284    0.005386   35.612823 ^ fanout582/A (sky130_fd_sc_hd__clkdlybuf4s25_1)
    10    0.080484    1.274959    1.889404   37.502228 ^ fanout582/X (sky130_fd_sc_hd__clkdlybuf4s25_1)
                                                         net582 (net)
                      1.275160    0.016538   37.518764 ^ _16410_/A1 (sky130_fd_sc_hd__o22a_2)
     1    0.030605    0.271522    0.897384   38.416149 ^ _16410_/X (sky130_fd_sc_hd__o22a_2)
                                                         _04687_ (net)
                      0.271606    0.004789   38.420937 ^ _16421_/B (sky130_fd_sc_hd__and4_2)
     6    0.108072    0.887942    1.229893   39.650829 ^ _16421_/X (sky130_fd_sc_hd__and4_2)
                                                         _04698_ (net)
                      0.888499    0.014253   39.665085 ^ _16553_/A1 (sky130_fd_sc_hd__mux2_1)
     1    0.005561    0.126172    0.557773   40.222855 ^ _16553_/X (sky130_fd_sc_hd__mux2_1)
                                                         _04830_ (net)
                      0.126172    0.000441   40.223297 ^ _16556_/A2 (sky130_fd_sc_hd__a21oi_2)
     2    0.006556    0.235715    0.152031   40.375328 v _16556_/Y (sky130_fd_sc_hd__a21oi_2)
                                                         _04833_ (net)
                      0.235715    0.000554   40.375881 v _16557_/A3 (sky130_fd_sc_hd__a31o_2)
     2    0.006736    0.081593    0.565716   40.941597 v _16557_/X (sky130_fd_sc_hd__a31o_2)
                                                         _04834_ (net)
                      0.081593    0.000306   40.941902 v fanout137/A (sky130_fd_sc_hd__clkdlybuf4s25_1)
    10    0.052095    0.693991    0.986795   41.928699 v fanout137/X (sky130_fd_sc_hd__clkdlybuf4s25_1)
                                                         net137 (net)
                      0.694016    0.004967   41.933666 v fanout135/A (sky130_fd_sc_hd__clkdlybuf4s25_1)
    10    0.048306    0.646376    1.176911   43.110577 v fanout135/X (sky130_fd_sc_hd__clkdlybuf4s25_1)
                                                         net135 (net)
                      0.646394    0.004185   43.114761 v _16706_/A (sky130_fd_sc_hd__nor2_2)
     1    0.011664    0.272407    0.516298   43.631058 ^ _16706_/Y (sky130_fd_sc_hd__nor2_2)
                                                         _04978_ (net)
                      0.272407    0.000924   43.631985 ^ _16710_/A1 (sky130_fd_sc_hd__o32a_2)
     1    0.074942    0.615850    0.836781   44.468765 ^ _16710_/X (sky130_fd_sc_hd__o32a_2)
                                                         _04982_ (net)
                      0.616464    0.016939   44.485703 ^ fanout90/A (sky130_fd_sc_hd__clkdlybuf4s25_1)
     6    0.034577    0.558814    1.072816   45.558521 ^ fanout90/X (sky130_fd_sc_hd__clkdlybuf4s25_1)
                                                         net90 (net)
                      0.558834    0.004082   45.562603 ^ fanout88/A (sky130_fd_sc_hd__clkdlybuf4s25_1)
     8    0.038442    0.620116    1.094840   46.657440 ^ fanout88/X (sky130_fd_sc_hd__clkdlybuf4s25_1)
                                                         net88 (net)
                      0.620167    0.006214   46.663654 ^ fanout87/A (sky130_fd_sc_hd__clkdlybuf4s25_1)
    10    0.042532    0.683838    1.165535   47.829189 ^ fanout87/X (sky130_fd_sc_hd__clkdlybuf4s25_1)
                                                         net87 (net)
                      0.683871    0.005588   47.834778 ^ _17360_/A1 (sky130_fd_sc_hd__mux2_1)
     1    0.002737    0.089320    0.470820   48.305599 ^ _17360_/X (sky130_fd_sc_hd__mux2_1)
                                                         _02251_ (net)
                      0.089320    0.000213   48.305813 ^ _20653_/D (sky130_fd_sc_hd__dfxtp_2)
                                             48.305813   data arrival time

                                 40.000000   40.000000   clock clk (rise edge)
                                  0.000000   40.000000   clock source latency
     2    0.091722    0.662781    0.454040   40.454041 ^ clk (in)
                                                         clk (net)
                      0.666977    0.000000   40.454041 ^ clkbuf_0_clk/A (sky130_fd_sc_hd__clkbuf_16)
     4    0.152813    0.256382    0.580968   41.035011 ^ clkbuf_0_clk/X (sky130_fd_sc_hd__clkbuf_16)
                                                         clknet_0_clk (net)
                      0.258184    0.015874   41.050884 ^ clkbuf_2_1_0_clk/A (sky130_fd_sc_hd__clkbuf_8)
    16    0.247735    0.647505    0.694293   41.745174 ^ clkbuf_2_1_0_clk/X (sky130_fd_sc_hd__clkbuf_8)
                                                         clknet_2_1_0_clk (net)
                      0.648148    0.016165   41.761341 ^ clkbuf_6_18_0_clk/A (sky130_fd_sc_hd__clkbuf_8)
     6    0.058939    0.181590    0.528484   42.289825 ^ clkbuf_6_18_0_clk/X (sky130_fd_sc_hd__clkbuf_8)
                                                         clknet_6_18_0_clk (net)
                      0.181924    0.006501   42.296326 ^ clkbuf_leaf_260_clk/A (sky130_fd_sc_hd__clkbuf_8)
    10    0.034505    0.116492    0.302357   42.598682 ^ clkbuf_leaf_260_clk/X (sky130_fd_sc_hd__clkbuf_8)
                                                         clknet_leaf_260_clk (net)
                      0.116508    0.001386   42.600067 ^ _20653_/CLK (sky130_fd_sc_hd__dfxtp_2)
                                 -0.250000   42.350067   clock uncertainty
                                  0.108948   42.459015   clock reconvergence pessimism
                                 -0.138040   42.320976   library setup time
                                             42.320976   data required time
---------------------------------------------------------------------------------------------
                                             42.320976   data required time
                                            -48.305813   data arrival time
---------------------------------------------------------------------------------------------
                                             -5.984838   slack (VIOLATED)




===========================================================================
 report_check_types -max_slew -max_cap -max_fanout -violators
============================================================================
======================= max_ss_100C_1v60 Corner ===================================

max slew

Pin                                        Limit        Slew       Slack
------------------------------------------------------------------------
_10413_/C1                              0.750000    2.494217   -1.744217 (VIOLATED)
_10098_/A                               0.750000    2.494191   -1.744191 (VIOLATED)
fanout1770/A                            0.750000    2.494184   -1.744184 (VIOLATED)
_09837_/A1_N                            0.750000    2.494119   -1.744119 (VIOLATED)
_09706_/C1                              0.750000    2.494108   -1.744108 (VIOLATED)
_10151_/B2                              0.750000    2.494085   -1.744085 (VIOLATED)
_09379_/C                               0.750000    2.494068   -1.744068 (VIOLATED)
_09758_/B1                              0.750000    2.494043   -1.744043 (VIOLATED)
fanout1773/X                            0.750000    2.494011   -1.744011 (VIOLATED)
_10332_/S                               0.750000    2.459488   -1.709488 (VIOLATED)
_10327_/B2                              0.750000    2.459473   -1.709473 (VIOLATED)
_09928_/A1                              0.750000    2.459432   -1.709432 (VIOLATED)
_10026_/B1                              0.750000    2.459392   -1.709392 (VIOLATED)
_10322_/B2                              0.750000    2.459393   -1.709393 (VIOLATED)
_09555_/A1                              0.750000    2.459362   -1.709362 (VIOLATED)
_10125_/B2                              0.750000    2.459258   -1.709258 (VIOLATED)
_10489_/B2                              0.750000    2.459233   -1.709233 (VIOLATED)
_09741_/B2                              0.750000    2.458539   -1.708539 (VIOLATED)
_09746_/B2                              0.750000    2.458539   -1.708539 (VIOLATED)
fanout1999/X                            0.750000    2.458539   -1.708539 (VIOLATED)
ANTENNA_86/DIODE                        0.750000    2.455178   -1.705178 (VIOLATED)
_10464_/B                               0.750000    2.455178   -1.705178 (VIOLATED)
fanout1631/A                            0.750000    2.454931   -1.704931 (VIOLATED)
fanout2051/A                            0.750000    2.454929   -1.704929 (VIOLATED)
fanout2048/A                            0.750000    2.454915   -1.704915 (VIOLATED)
ANTENNA_87/DIODE                        0.750000    2.454906   -1.704906 (VIOLATED)
fanout2054/A                            0.750000    2.454896   -1.704896 (VIOLATED)
fanout2052/A                            0.750000    2.454870   -1.704870 (VIOLATED)
_10406_/B1                              0.750000    2.454834   -1.704834 (VIOLATED)
_09779_/A                               0.750000    2.454727   -1.704727 (VIOLATED)
_10286_/B1                              0.750000    2.454725   -1.704725 (VIOLATED)
fanout1634/X                            0.750000    2.454719   -1.704718 (VIOLATED)
fanout2059/A                            0.750000    2.454681   -1.704681 (VIOLATED)
fanout2061/A                            0.750000    2.454417   -1.704417 (VIOLATED)
fanout2058/A                            0.750000    2.454259   -1.704259 (VIOLATED)
fanout2062/X                            0.750000    2.454236   -1.704236 (VIOLATED)
fanout2438/A                            0.750000    2.406545   -1.656546 (VIOLATED)
fanout2432/A                            0.750000    2.406437   -1.656437 (VIOLATED)
fanout2447/A                            0.750000    2.406019   -1.656019 (VIOLATED)
fanout2426/A                            0.750000    2.405879   -1.655879 (VIOLATED)
fanout2420/A                            0.750000    2.405491   -1.655491 (VIOLATED)
fanout2414/A                            0.750000    2.405463   -1.655463 (VIOLATED)
fanout2449/X                            0.750000    2.405427   -1.655427 (VIOLATED)
fanout1999/A                            0.750000    2.356786   -1.606786 (VIOLATED)
_10060_/B2                              0.750000    2.356628   -1.606628 (VIOLATED)
_09992_/A1                              0.750000    2.356589   -1.606589 (VIOLATED)
_10065_/B2                              0.750000    2.356557   -1.606557 (VIOLATED)
_10179_/B2                              0.750000    2.356544   -1.606544 (VIOLATED)
_10184_/B2                              0.750000    2.356425   -1.606425 (VIOLATED)
_10070_/S                               0.750000    2.356382   -1.606382 (VIOLATED)
_10163_/A                               0.750000    2.355896   -1.605896 (VIOLATED)
_09953_/A                               0.750000    2.355299   -1.605299 (VIOLATED)
_09763_/A1                              0.750000    2.354616   -1.604616 (VIOLATED)
fanout2000/X                            0.750000    2.354532   -1.604532 (VIOLATED)
_16540_/C1                              0.750000    2.349857   -1.599857 (VIOLATED)
_15674_/A                               0.750000    2.349841   -1.599841 (VIOLATED)
_12766_/B                               0.750000    2.349838   -1.599838 (VIOLATED)
_15992_/A                               0.750000    2.349765   -1.599765 (VIOLATED)
_15218_/A1                              0.750000    2.349537   -1.599537 (VIOLATED)
_15173_/A1                              0.750000    2.349193   -1.599193 (VIOLATED)
_15806_/A                               0.750000    2.349194   -1.599194 (VIOLATED)
_16355_/A                               0.750000    2.349142   -1.599142 (VIOLATED)
_15914_/A                               0.750000    2.349125   -1.599125 (VIOLATED)
fanout598/A                             0.750000    2.347640   -1.597640 (VIOLATED)
fanout599/X                             0.750000    2.347616   -1.597616 (VIOLATED)
_12806_/C                               0.750000    2.245920   -1.495920 (VIOLATED)
_13107_/B                               0.750000    2.245877   -1.495877 (VIOLATED)
_14424_/B                               0.750000    2.245725   -1.495725 (VIOLATED)
_13434_/B                               0.750000    2.245256   -1.495257 (VIOLATED)
_14096_/B                               0.750000    2.245008   -1.495008 (VIOLATED)
_14714_/B                               0.750000    2.244881   -1.494881 (VIOLATED)
_13461_/B                               0.750000    2.244653   -1.494653 (VIOLATED)
_14741_/B                               0.750000    2.243662   -1.493662 (VIOLATED)
fanout611/A                             0.750000    2.242767   -1.492767 (VIOLATED)
fanout612/X                             0.750000    2.242760   -1.492760 (VIOLATED)
fanout586/A                             0.750000    2.231920   -1.481920 (VIOLATED)
fanout587/A                             0.750000    2.231832   -1.481832 (VIOLATED)
_14278_/B                               0.750000    2.231188   -1.481188 (VIOLATED)
_14605_/B                               0.750000    2.231187   -1.481187 (VIOLATED)
ANTENNA_76/DIODE                        0.750000    2.231036   -1.481036 (VIOLATED)
_15837_/B1                              0.750000    2.231033   -1.481033 (VIOLATED)
_15097_/A                               0.750000    2.230895   -1.480895 (VIOLATED)
_16066_/B1                              0.750000    2.230775   -1.480775 (VIOLATED)
_15329_/A                               0.750000    2.230667   -1.480667 (VIOLATED)
_15514_/A                               0.750000    2.230652   -1.480652 (VIOLATED)
_16288_/A                               0.750000    2.230652   -1.480652 (VIOLATED)
fanout588/X                             0.750000    2.230624   -1.480624 (VIOLATED)
fanout1948/A                            0.750000    2.204825   -1.454825 (VIOLATED)
ANTENNA_42/DIODE                        0.750000    2.204821   -1.454821 (VIOLATED)
ANTENNA_41/DIODE                        0.750000    2.204712   -1.454713 (VIOLATED)
fanout1944/A                            0.750000    2.204711   -1.454711 (VIOLATED)
fanout1928/A                            0.750000    2.204571   -1.454571 (VIOLATED)
ANTENNA_40/DIODE                        0.750000    2.204570   -1.454570 (VIOLATED)
fanout1958/A                            0.750000    2.204379   -1.454379 (VIOLATED)
fanout1939/A                            0.750000    2.203971   -1.453971 (VIOLATED)
fanout1959/X                            0.750000    2.203948   -1.453948 (VIOLATED)
_15217_/A1                              0.750000    2.153307   -1.403307 (VIOLATED)
_15728_/A1                              0.750000    2.152929   -1.402929 (VIOLATED)
_15589_/B2                              0.750000    2.152828   -1.402828 (VIOLATED)
fanout550/A                             0.750000    2.152746   -1.402746 (VIOLATED)
fanout549/A                             0.750000    2.152711   -1.402711 (VIOLATED)
fanout551/X                             0.750000    2.152704   -1.402705 (VIOLATED)
_09531_/A                               0.750000    2.144755   -1.394755 (VIOLATED)
_09557_/A                               0.750000    2.144747   -1.394747 (VIOLATED)
_09559_/B                               0.750000    2.144747   -1.394748 (VIOLATED)
_10196_/B                               0.750000    2.144717   -1.394717 (VIOLATED)
_09944_/C1                              0.750000    2.144713   -1.394713 (VIOLATED)
_10195_/A                               0.750000    2.144692   -1.394692 (VIOLATED)
_10463_/A                               0.750000    2.144686   -1.394686 (VIOLATED)
_10485_/C1                              0.750000    2.144672   -1.394672 (VIOLATED)
_09692_/B1                              0.750000    2.144469   -1.394469 (VIOLATED)
_10121_/C1                              0.750000    2.144451   -1.394451 (VIOLATED)
fanout1627/X                            0.750000    2.144435   -1.394435 (VIOLATED)
_16250_/B1                              0.750000    2.143198   -1.393198 (VIOLATED)
_15606_/B1                              0.750000    2.143185   -1.393185 (VIOLATED)
_15403_/B2                              0.750000    2.143183   -1.393183 (VIOLATED)
_16167_/B2                              0.750000    2.143038   -1.393038 (VIOLATED)
_16053_/B1                              0.750000    2.142865   -1.392865 (VIOLATED)
_16420_/B1                              0.750000    2.142855   -1.392855 (VIOLATED)
_15486_/B2                              0.750000    2.142211   -1.392211 (VIOLATED)
fanout577/A                             0.750000    2.141175   -1.391175 (VIOLATED)
fanout578/X                             0.750000    2.141155   -1.391155 (VIOLATED)
_14033_/B                               0.750000    2.140096   -1.390096 (VIOLATED)
_15050_/C                               0.750000    2.140089   -1.390089 (VIOLATED)
_14342_/B                               0.750000    2.140082   -1.390082 (VIOLATED)
_14324_/B                               0.750000    2.140080   -1.390080 (VIOLATED)
_14051_/B                               0.750000    2.140072   -1.390072 (VIOLATED)
_14651_/B                               0.750000    2.140066   -1.390066 (VIOLATED)
_14669_/B                               0.750000    2.140044   -1.390044 (VIOLATED)
_13371_/B                               0.750000    2.140039   -1.390039 (VIOLATED)
_13062_/C                               0.750000    2.140037   -1.390037 (VIOLATED)
_13044_/C                               0.750000    2.140035   -1.390035 (VIOLATED)
fanout609/X                             0.750000    2.140035   -1.390035 (VIOLATED)
fanout872/A                             0.750000    2.122804   -1.372805 (VIOLATED)
fanout880/A                             0.750000    2.122656   -1.372656 (VIOLATED)
fanout901/A                             0.750000    2.121840   -1.371840 (VIOLATED)
fanout897/A                             0.750000    2.121564   -1.371564 (VIOLATED)
fanout912/A                             0.750000    2.121400   -1.371400 (VIOLATED)
fanout913/X                             0.750000    2.121376   -1.371376 (VIOLATED)
fanout944/A                             0.750000    2.105635   -1.355635 (VIOLATED)
fanout946/A                             0.750000    2.105602   -1.355602 (VIOLATED)
fanout948/A                             0.750000    2.105586   -1.355586 (VIOLATED)
fanout957/A                             0.750000    2.105058   -1.355058 (VIOLATED)
fanout963/A                             0.750000    2.104887   -1.354887 (VIOLATED)
fanout965/A                             0.750000    2.104628   -1.354628 (VIOLATED)
fanout962/A                             0.750000    2.104426   -1.354426 (VIOLATED)
fanout971/A                             0.750000    2.104293   -1.354293 (VIOLATED)
fanout972/X                             0.750000    2.104258   -1.354257 (VIOLATED)
fanout655/A                             0.750000    2.103805   -1.353805 (VIOLATED)
fanout657/A                             0.750000    2.103760   -1.353760 (VIOLATED)
fanout654/A                             0.750000    2.103658   -1.353658 (VIOLATED)
fanout662/A                             0.750000    2.103543   -1.353543 (VIOLATED)
fanout666/A                             0.750000    2.103100   -1.353100 (VIOLATED)
fanout676/A                             0.750000    2.102843   -1.352843 (VIOLATED)
fanout677/X                             0.750000    2.102823   -1.352824 (VIOLATED)
_12891_/C                               0.750000    2.092498   -1.342498 (VIOLATED)
_14505_/B                               0.750000    2.092457   -1.342457 (VIOLATED)
_14832_/B                               0.750000    2.092439   -1.342439 (VIOLATED)
_13225_/B                               0.750000    2.092376   -1.342376 (VIOLATED)
_13515_/B                               0.750000    2.092307   -1.342307 (VIOLATED)
_13243_/B                               0.750000    2.092180   -1.342180 (VIOLATED)
_12909_/C                               0.750000    2.092011   -1.342011 (VIOLATED)
_14195_/B                               0.750000    2.091536   -1.341536 (VIOLATED)
_14177_/B                               0.750000    2.091172   -1.341172 (VIOLATED)
_14523_/B                               0.750000    2.090969   -1.340969 (VIOLATED)
fanout855/X                             0.750000    2.090916   -1.340916 (VIOLATED)
_13071_/B                               0.750000    2.049901   -1.299901 (VIOLATED)
_12768_/B                               0.750000    2.049898   -1.299898 (VIOLATED)
_14388_/B                               0.750000    2.049880   -1.299880 (VIOLATED)
_13398_/B                               0.750000    2.049864   -1.299864 (VIOLATED)
_14678_/B                               0.750000    2.049656   -1.299656 (VIOLATED)
_13425_/B                               0.750000    2.049477   -1.299477 (VIOLATED)
_14060_/B                               0.750000    2.049278   -1.299278 (VIOLATED)
_14705_/B                               0.750000    2.048829   -1.298829 (VIOLATED)
fanout613/A                             0.750000    2.048359   -1.298359 (VIOLATED)
fanout614/X                             0.750000    2.048342   -1.298342 (VIOLATED)
_14141_/B                               0.750000    2.031822   -1.281822 (VIOLATED)
_12853_/C                               0.750000    2.031770   -1.281770 (VIOLATED)
_14796_/B                               0.750000    2.031756   -1.281756 (VIOLATED)
_14469_/B                               0.750000    2.031730   -1.281730 (VIOLATED)
_13479_/B                               0.750000    2.031328   -1.281328 (VIOLATED)
_13189_/B                               0.750000    2.031103   -1.281103 (VIOLATED)
_13207_/B                               0.750000    2.030927   -1.280927 (VIOLATED)
ANTENNA_77/DIODE                        0.750000    2.030918   -1.280918 (VIOLATED)
_12871_/C                               0.750000    2.030632   -1.280632 (VIOLATED)
ANTENNA_78/DIODE                        0.750000    2.030185   -1.280185 (VIOLATED)
_14159_/B                               0.750000    2.030090   -1.280090 (VIOLATED)
_14487_/B                               0.750000    2.029697   -1.279697 (VIOLATED)
fanout914/X                             0.750000    2.029650   -1.279650 (VIOLATED)
_14249_/B                               0.750000    2.023921   -1.273920 (VIOLATED)
_12967_/C                               0.750000    2.023854   -1.273854 (VIOLATED)
_14577_/B                               0.750000    2.023743   -1.273743 (VIOLATED)
_14904_/B                               0.750000    2.023695   -1.273695 (VIOLATED)
_13297_/B                               0.750000    2.023569   -1.273569 (VIOLATED)
_13624_/B                               0.750000    2.023481   -1.273481 (VIOLATED)
_13315_/B                               0.750000    2.023207   -1.273207 (VIOLATED)
_12985_/C                               0.750000    2.023163   -1.273163 (VIOLATED)
_14267_/B                               0.750000    2.022776   -1.272776 (VIOLATED)
_14595_/B                               0.750000    2.022523   -1.272523 (VIOLATED)
fanout739/X                             0.750000    2.022514   -1.272514 (VIOLATED)
fanout739/A                             0.750000    1.972567   -1.222568 (VIOLATED)
_14922_/B                               0.750000    1.972402   -1.222402 (VIOLATED)
_13642_/B                               0.750000    1.972093   -1.222093 (VIOLATED)
_14895_/B                               0.750000    1.971971   -1.221971 (VIOLATED)
_14240_/B                               0.750000    1.971890   -1.221891 (VIOLATED)
_13615_/B                               0.750000    1.971662   -1.221662 (VIOLATED)
_12958_/C                               0.750000    1.971591   -1.221591 (VIOLATED)
_13288_/B                               0.750000    1.971587   -1.221587 (VIOLATED)
_14568_/B                               0.750000    1.971583   -1.221583 (VIOLATED)
fanout740/X                             0.750000    1.971561   -1.221561 (VIOLATED)
fanout914/A                             0.750000    1.966577   -1.216577 (VIOLATED)
_14814_/B                               0.750000    1.966509   -1.216509 (VIOLATED)
_13497_/B                               0.750000    1.966021   -1.216021 (VIOLATED)
_14787_/B                               0.750000    1.965795   -1.215795 (VIOLATED)
_14132_/B                               0.750000    1.965652   -1.215652 (VIOLATED)
ANTENNA_79/DIODE                        0.750000    1.965077   -1.215077 (VIOLATED)
_13470_/B                               0.750000    1.965016   -1.215016 (VIOLATED)
_14460_/B                               0.750000    1.964570   -1.214570 (VIOLATED)
_13180_/B                               0.750000    1.964497   -1.214497 (VIOLATED)
_12844_/C                               0.750000    1.964462   -1.214462 (VIOLATED)
fanout915/X                             0.750000    1.964457   -1.214457 (VIOLATED)
_15281_/B1                              0.750000    1.957328   -1.207328 (VIOLATED)
_15956_/A1                              0.750000    1.957311   -1.207311 (VIOLATED)
_16506_/B2                              0.750000    1.957301   -1.207301 (VIOLATED)
_15581_/B1                              0.750000    1.957249   -1.207249 (VIOLATED)
_16216_/B1                              0.750000    1.957197   -1.207197 (VIOLATED)
_16136_/B1                              0.750000    1.957169   -1.207169 (VIOLATED)
_13326_/C                               0.750000    1.957039   -1.207039 (VIOLATED)
_15259_/B1                              0.750000    1.956865   -1.206865 (VIOLATED)
_13380_/C                               0.750000    1.955850   -1.205850 (VIOLATED)
_13344_/C                               0.750000    1.955832   -1.205832 (VIOLATED)
fanout566/X                             0.750000    1.955823   -1.205823 (VIOLATED)
_15713_/B1                              0.750000    1.950323   -1.200323 (VIOLATED)
_15317_/A1                              0.750000    1.950315   -1.200315 (VIOLATED)
_14606_/C                               0.750000    1.950283   -1.200283 (VIOLATED)
_16115_/B1                              0.750000    1.950254   -1.200254 (VIOLATED)
_16211_/B1                              0.750000    1.950207   -1.200207 (VIOLATED)
_15921_/B1                              0.750000    1.950080   -1.200080 (VIOLATED)
fanout855/A                             0.750000    1.949921   -1.199921 (VIOLATED)
ANTENNA_28/DIODE                        0.750000    1.949914   -1.199914 (VIOLATED)
ANTENNA_27/DIODE                        0.750000    1.949883   -1.199883 (VIOLATED)
_14850_/B                               0.750000    1.949884   -1.199884 (VIOLATED)
_16506_/A1                              0.750000    1.949870   -1.199870 (VIOLATED)
_15589_/A1                              0.750000    1.949749   -1.199749 (VIOLATED)
_13533_/B                               0.750000    1.949591   -1.199592 (VIOLATED)
_14823_/B                               0.750000    1.949432   -1.199432 (VIOLATED)
_14168_/B                               0.750000    1.949395   -1.199395 (VIOLATED)
_13506_/B                               0.750000    1.949136   -1.199136 (VIOLATED)
fanout544/A                             0.750000    1.948819   -1.198819 (VIOLATED)
_16447_/A1                              0.750000    1.948804   -1.198804 (VIOLATED)
fanout545/X                             0.750000    1.948780   -1.198780 (VIOLATED)
_14496_/B                               0.750000    1.948675   -1.198675 (VIOLATED)
_13216_/B                               0.750000    1.948496   -1.198496 (VIOLATED)
_12882_/C                               0.750000    1.948422   -1.198422 (VIOLATED)
fanout856/X                             0.750000    1.948413   -1.198413 (VIOLATED)
fanout2200/A                            0.750000    1.940916   -1.190916 (VIOLATED)
fanout2196/A                            0.750000    1.940883   -1.190883 (VIOLATED)
ANTENNA_45/DIODE                        0.750000    1.940879   -1.190879 (VIOLATED)
fanout2187/A                            0.750000    1.940773   -1.190773 (VIOLATED)
fanout2189/A                            0.750000    1.940732   -1.190732 (VIOLATED)
fanout2193/A                            0.750000    1.940540   -1.190540 (VIOLATED)
fanout2198/A                            0.750000    1.940536   -1.190536 (VIOLATED)
fanout2191/A                            0.750000    1.940423   -1.190423 (VIOLATED)
fanout2202/X                            0.750000    1.940423   -1.190423 (VIOLATED)
_13134_/B                               0.750000    1.935378   -1.185378 (VIOLATED)
_12833_/C                               0.750000    1.935364   -1.185364 (VIOLATED)
_14451_/B                               0.750000    1.935348   -1.185348 (VIOLATED)
_13116_/B                               0.750000    1.935344   -1.185344 (VIOLATED)
_13443_/B                               0.750000    1.935343   -1.185343 (VIOLATED)
_14123_/B                               0.750000    1.935332   -1.185332 (VIOLATED)
_14723_/B                               0.750000    1.935326   -1.185326 (VIOLATED)
_14433_/B                               0.750000    1.935273   -1.185273 (VIOLATED)
_12815_/C                               0.750000    1.935269   -1.185269 (VIOLATED)
_14105_/B                               0.750000    1.935269   -1.185269 (VIOLATED)
fanout611/X                             0.750000    1.935269   -1.185269 (VIOLATED)
_14868_/B                               0.750000    1.927545   -1.177545 (VIOLATED)
_14541_/B                               0.750000    1.927543   -1.177543 (VIOLATED)
_13261_/B                               0.750000    1.927502   -1.177503 (VIOLATED)
_13279_/B                               0.750000    1.927503   -1.177503 (VIOLATED)
_13588_/B                               0.750000    1.927502   -1.177502 (VIOLATED)
_12929_/C                               0.750000    1.927481   -1.177481 (VIOLATED)
_12947_/C                               0.750000    1.927482   -1.177482 (VIOLATED)
_14231_/B                               0.750000    1.927448   -1.177448 (VIOLATED)
_14213_/B                               0.750000    1.927420   -1.177420 (VIOLATED)
_14559_/B                               0.750000    1.927361   -1.177361 (VIOLATED)
fanout797/X                             0.750000    1.927358   -1.177358 (VIOLATED)
fanout797/A                             0.750000    1.909841   -1.159841 (VIOLATED)
_14886_/B                               0.750000    1.909628   -1.159628 (VIOLATED)
_13606_/B                               0.750000    1.909229   -1.159229 (VIOLATED)
_14204_/B                               0.750000    1.909111   -1.159111 (VIOLATED)
_14859_/B                               0.750000    1.909026   -1.159026 (VIOLATED)
_13579_/B                               0.750000    1.908759   -1.158759 (VIOLATED)
_14532_/B                               0.750000    1.908652   -1.158652 (VIOLATED)
_12920_/C                               0.750000    1.908628   -1.158628 (VIOLATED)
_13252_/B                               0.750000    1.908628   -1.158628 (VIOLATED)
fanout798/X                             0.750000    1.908617   -1.158617 (VIOLATED)
_12958_/B                               0.750000    1.905622   -1.155622 (VIOLATED)
_15041_/B                               0.750000    1.905615   -1.155615 (VIOLATED)
_12844_/B                               0.750000    1.905610   -1.155610 (VIOLATED)
_12806_/B                               0.750000    1.905607   -1.155607 (VIOLATED)
_12882_/B                               0.750000    1.905593   -1.155593 (VIOLATED)
_12920_/B                               0.750000    1.905592   -1.155592 (VIOLATED)
_12768_/C                               0.750000    1.905535   -1.155535 (VIOLATED)
ANTENNA_75/DIODE                        0.750000    1.903820   -1.153820 (VIOLATED)
fanout580/A                             0.750000    1.903749   -1.153749 (VIOLATED)
fanout579/A                             0.750000    1.903085   -1.153085 (VIOLATED)
fanout581/X                             0.750000    1.903067   -1.153067 (VIOLATED)
_15041_/C                               0.750000    1.878162   -1.128162 (VIOLATED)
_13035_/C                               0.750000    1.878119   -1.128119 (VIOLATED)
_14315_/B                               0.750000    1.878016   -1.128016 (VIOLATED)
_13362_/B                               0.750000    1.877813   -1.127813 (VIOLATED)
_14024_/B                               0.750000    1.877542   -1.127542 (VIOLATED)
_14642_/B                               0.750000    1.877420   -1.127420 (VIOLATED)
_13389_/B                               0.750000    1.877243   -1.127243 (VIOLATED)
_15068_/C                               0.750000    1.876573   -1.126573 (VIOLATED)
fanout609/A                             0.750000    1.876391   -1.126391 (VIOLATED)
fanout610/X                             0.750000    1.876386   -1.126386 (VIOLATED)
_12676_/A                               0.750000    1.871372   -1.121372 (VIOLATED)
_12699_/A                               0.750000    1.871371   -1.121371 (VIOLATED)
_12693_/A                               0.750000    1.871365   -1.121365 (VIOLATED)
_12686_/A                               0.750000    1.871363   -1.121363 (VIOLATED)
_12761_/B1                              0.750000    1.871293   -1.121293 (VIOLATED)
fanout616/A                             0.750000    1.870886   -1.120886 (VIOLATED)
fanout617/X                             0.750000    1.870856   -1.120856 (VIOLATED)
_15174_/A1                              0.750000    1.844141   -1.094141 (VIOLATED)
_15448_/A                               0.750000    1.844108   -1.094108 (VIOLATED)
_16484_/B1                              0.750000    1.843980   -1.093980 (VIOLATED)
_15229_/B1                              0.750000    1.843860   -1.093860 (VIOLATED)
_15739_/B1                              0.750000    1.843310   -1.093310 (VIOLATED)
_15536_/A                               0.750000    1.843198   -1.093198 (VIOLATED)
_16100_/A1                              0.750000    1.843086   -1.093086 (VIOLATED)
_15362_/A1                              0.750000    1.843085   -1.093085 (VIOLATED)
_16099_/A1                              0.750000    1.843084   -1.093084 (VIOLATED)
_15130_/A1                              0.750000    1.843033   -1.093033 (VIOLATED)
fanout590/X                             0.750000    1.843012   -1.093012 (VIOLATED)
_13015_/C                               0.750000    1.837680   -1.087680 (VIOLATED)
_13053_/B                               0.750000    1.837677   -1.087677 (VIOLATED)
_16231_/B1                              0.750000    1.837579   -1.087579 (VIOLATED)
_16106_/B1                              0.750000    1.837563   -1.087563 (VIOLATED)
_15235_/B1                              0.750000    1.837559   -1.087559 (VIOLATED)
_12997_/C                               0.750000    1.837494   -1.087494 (VIOLATED)
_15291_/B1                              0.750000    1.837335   -1.087335 (VIOLATED)
_15563_/B1                              0.750000    1.837329   -1.087329 (VIOLATED)
_16496_/A1                              0.750000    1.837280   -1.087280 (VIOLATED)
_15956_/B2                              0.750000    1.837122   -1.087122 (VIOLATED)
fanout571/X                             0.750000    1.837106   -1.087106 (VIOLATED)
_09466_/B1                              0.750000    1.820255   -1.070255 (VIOLATED)
_10698_/B1                              0.750000    1.820250   -1.070250 (VIOLATED)
_10822_/B1                              0.750000    1.820186   -1.070186 (VIOLATED)
_11226_/B1                              0.750000    1.820088   -1.070088 (VIOLATED)
_09446_/C1                              0.750000    1.819994   -1.069994 (VIOLATED)
_09437_/B1                              0.750000    1.819990   -1.069990 (VIOLATED)
_09298_/C1                              0.750000    1.819982   -1.069982 (VIOLATED)
_09292_/A1                              0.750000    1.819900   -1.069900 (VIOLATED)
_11289_/B1                              0.750000    1.819857   -1.069857 (VIOLATED)
_11318_/B1                              0.750000    1.819742   -1.069742 (VIOLATED)
fanout1977/X                            0.750000    1.819698   -1.069698 (VIOLATED)
_15632_/B1                              0.750000    1.811705   -1.061706 (VIOLATED)
_16260_/B1                              0.750000    1.811697   -1.061697 (VIOLATED)
_15394_/A1                              0.750000    1.811684   -1.061684 (VIOLATED)
_16158_/B2                              0.750000    1.811633   -1.061633 (VIOLATED)
_14750_/A                               0.750000    1.811523   -1.061523 (VIOLATED)
_12645_/B                               0.750000    1.811521   -1.061521 (VIOLATED)
_14931_/A                               0.750000    1.811520   -1.061520 (VIOLATED)
_13949_/A                               0.750000    1.811506   -1.061506 (VIOLATED)
_16039_/B1                              0.750000    1.811373   -1.061373 (VIOLATED)
fanout582/A                             0.750000    1.811284   -1.061284 (VIOLATED)
fanout583/X                             0.750000    1.811264   -1.061264 (VIOLATED)
_14415_/B                               0.750000    1.800546   -1.050546 (VIOLATED)
_14087_/B                               0.750000    1.800493   -1.050493 (VIOLATED)
_13098_/B                               0.750000    1.800380   -1.050380 (VIOLATED)
_12795_/B                               0.750000    1.800329   -1.050329 (VIOLATED)
_13080_/B                               0.750000    1.799677   -1.049677 (VIOLATED)
_13407_/B                               0.750000    1.799670   -1.049670 (VIOLATED)
_14069_/B                               0.750000    1.799627   -1.049627 (VIOLATED)
_12777_/B                               0.750000    1.799626   -1.049626 (VIOLATED)
_14397_/B                               0.750000    1.799624   -1.049624 (VIOLATED)
_14687_/B                               0.750000    1.799624   -1.049624 (VIOLATED)
fanout613/X                             0.750000    1.799624   -1.049624 (VIOLATED)
fanout1859/A                            0.750000    1.761850   -1.011850 (VIOLATED)
fanout1857/A                            0.750000    1.761792   -1.011792 (VIOLATED)
ANTENNA_39/DIODE                        0.750000    1.761769   -1.011770 (VIOLATED)
fanout1854/A                            0.750000    1.761709   -1.011709 (VIOLATED)
ANTENNA_38/DIODE                        0.750000    1.761706   -1.011706 (VIOLATED)
fanout1856/A                            0.750000    1.761688   -1.011688 (VIOLATED)
fanout1852/A                            0.750000    1.761597   -1.011597 (VIOLATED)
fanout1860/X                            0.750000    1.761582   -1.011582 (VIOLATED)
_15600_/B1                              0.750000    1.692111   -0.942111 (VIOLATED)
_16244_/B1                              0.750000    1.692103   -0.942103 (VIOLATED)
_16529_/C1                              0.750000    1.692069   -0.942069 (VIOLATED)
_15981_/A                               0.750000    1.691997   -0.941997 (VIOLATED)
_15663_/A                               0.750000    1.691993   -0.941993 (VIOLATED)
_15383_/B1                              0.750000    1.691360   -0.941360 (VIOLATED)
_14604_/B                               0.750000    1.691358   -0.941358 (VIOLATED)
_16153_/B1                              0.750000    1.691344   -0.941344 (VIOLATED)
_14277_/B                               0.750000    1.691267   -0.941267 (VIOLATED)
_15141_/B1                              0.750000    1.691085   -0.941085 (VIOLATED)
fanout586/X                             0.750000    1.691085   -0.941085 (VIOLATED)
_15868_/A1                              0.750000    1.686387   -0.936387 (VIOLATED)
_14186_/C                               0.750000    1.686385   -0.936385 (VIOLATED)
_14222_/C                               0.750000    1.686383   -0.936383 (VIOLATED)
_14258_/C                               0.750000    1.686382   -0.936382 (VIOLATED)
fanout557/A                             0.750000    1.686362   -0.936362 (VIOLATED)
_13988_/C                               0.750000    1.685659   -0.935659 (VIOLATED)
_15296_/B1                              0.750000    1.685659   -0.935659 (VIOLATED)
_16054_/A1                              0.750000    1.685644   -0.935644 (VIOLATED)
fanout558/X                             0.750000    1.685644   -0.935644 (VIOLATED)
_14333_/C                               0.750000    1.673086   -0.923086 (VIOLATED)
_14406_/C                               0.750000    1.673084   -0.923084 (VIOLATED)
_14297_/C                               0.750000    1.673083   -0.923083 (VIOLATED)
_15244_/B2                              0.750000    1.673059   -0.923059 (VIOLATED)
_16496_/B2                              0.750000    1.673058   -0.923058 (VIOLATED)
_15310_/B1                              0.750000    1.673056   -0.923056 (VIOLATED)
_15955_/B1                              0.750000    1.673054   -0.923054 (VIOLATED)
_16197_/B1                              0.750000    1.673053   -0.923053 (VIOLATED)
_16126_/B1                              0.750000    1.673048   -0.923048 (VIOLATED)
_14279_/C                               0.750000    1.673018   -0.923018 (VIOLATED)
fanout549/X                             0.750000    1.673016   -0.923016 (VIOLATED)
fanout2240/A                            0.750000    1.654031   -0.904031 (VIOLATED)
fanout2235/A                            0.750000    1.654008   -0.904008 (VIOLATED)
fanout2250/A                            0.750000    1.653958   -0.903958 (VIOLATED)
fanout2220/A                            0.750000    1.653844   -0.903844 (VIOLATED)
fanout2231/A                            0.750000    1.653841   -0.903841 (VIOLATED)
fanout2226/A                            0.750000    1.653827   -0.903827 (VIOLATED)
fanout2251/X                            0.750000    1.653404   -0.903404 (VIOLATED)
_16943_/B1                              0.750000    1.623663   -0.873663 (VIOLATED)
_16991_/A1                              0.750000    1.623658   -0.873658 (VIOLATED)
fanout2290/A                            0.750000    1.623654   -0.873654 (VIOLATED)
_17196_/A1                              0.750000    1.623605   -0.873605 (VIOLATED)
_11492_/A                               0.750000    1.623584   -0.873584 (VIOLATED)
_09207_/A                               0.750000    1.623499   -0.873499 (VIOLATED)
_11582_/A1                              0.750000    1.623480   -0.873480 (VIOLATED)
_11439_/A1                              0.750000    1.623430   -0.873430 (VIOLATED)
_11548_/A1                              0.750000    1.623429   -0.873429 (VIOLATED)
_09890_/A                               0.750000    1.623422   -0.873422 (VIOLATED)
fanout2291/X                            0.750000    1.623405   -0.873405 (VIOLATED)
fanout1675/A                            0.750000    1.584450   -0.834450 (VIOLATED)
fanout1677/A                            0.750000    1.584421   -0.834421 (VIOLATED)
fanout1680/A                            0.750000    1.584090   -0.834090 (VIOLATED)
fanout1678/A                            0.750000    1.583520   -0.833520 (VIOLATED)
fanout1673/A                            0.750000    1.583094   -0.833094 (VIOLATED)
fanout1681/X                            0.750000    1.583065   -0.833065 (VIOLATED)
fanout429/A                             0.750000    1.576364   -0.826364 (VIOLATED)
fanout430/A                             0.750000    1.576343   -0.826343 (VIOLATED)
fanout432/A                             0.750000    1.576108   -0.826108 (VIOLATED)
ANTENNA_26/DIODE                        0.750000    1.576104   -0.826104 (VIOLATED)
fanout431/A                             0.750000    1.575753   -0.825753 (VIOLATED)
ANTENNA_25/DIODE                        0.750000    1.575664   -0.825664 (VIOLATED)
fanout428/A                             0.750000    1.575167   -0.825167 (VIOLATED)
fanout433/X                             0.750000    1.575167   -0.825167 (VIOLATED)
fanout369/A                             0.750000    1.570861   -0.820861 (VIOLATED)
fanout370/A                             0.750000    1.570847   -0.820847 (VIOLATED)
fanout372/A                             0.750000    1.570786   -0.820786 (VIOLATED)
fanout371/A                             0.750000    1.570783   -0.820783 (VIOLATED)
fanout373/A                             0.750000    1.570636   -0.820636 (VIOLATED)
fanout375/A                             0.750000    1.570636   -0.820636 (VIOLATED)
fanout377/A                             0.750000    1.570628   -0.820628 (VIOLATED)
fanout376/A                             0.750000    1.570626   -0.820626 (VIOLATED)
fanout378/X                             0.750000    1.570626   -0.820626 (VIOLATED)
fanout564/A                             0.750000    1.548631   -0.798631 (VIOLATED)
fanout563/A                             0.750000    1.548600   -0.798600 (VIOLATED)
_15486_/A1                              0.750000    1.548599   -0.798599 (VIOLATED)
_13690_/B                               0.750000    1.548563   -0.798563 (VIOLATED)
_16167_/A1                              0.750000    1.548409   -0.798409 (VIOLATED)
_15394_/B2                              0.750000    1.548399   -0.798399 (VIOLATED)
_16255_/B1                              0.750000    1.548396   -0.798396 (VIOLATED)
fanout565/X                             0.750000    1.548389   -0.798389 (VIOLATED)
fanout1831/A                            0.750000    1.526328   -0.776328 (VIOLATED)
fanout1834/A                            0.750000    1.526170   -0.776170 (VIOLATED)
fanout1844/A                            0.750000    1.525925   -0.775925 (VIOLATED)
fanout1841/A                            0.750000    1.525810   -0.775810 (VIOLATED)
_09840_/C                               0.750000    1.525615   -0.775615 (VIOLATED)
fanout1839/A                            0.750000    1.525615   -0.775615 (VIOLATED)
_12638_/B                               0.750000    1.525579   -0.775579 (VIOLATED)
_12703_/B                               0.750000    1.525576   -0.775576 (VIOLATED)
_12704_/A1                              0.750000    1.525570   -0.775570 (VIOLATED)
_09886_/A                               0.750000    1.525548   -0.775548 (VIOLATED)
_12419_/B1                              0.750000    1.525543   -0.775543 (VIOLATED)
_16821_/A2                              0.750000    1.525485   -0.775485 (VIOLATED)
_09885_/B                               0.750000    1.525451   -0.775451 (VIOLATED)
_09249_/A                               0.750000    1.525347   -0.775347 (VIOLATED)
_09879_/C_N                             0.750000    1.525339   -0.775339 (VIOLATED)
fanout2288/X                            0.750000    1.525289   -0.775289 (VIOLATED)
fanout1846/X                            0.750000    1.525192   -0.775192 (VIOLATED)
_10408_/B                               0.750000    1.494767   -0.744767 (VIOLATED)
_10435_/A0                              0.750000    1.494744   -0.744744 (VIOLATED)
_11516_/A2                              0.750000    1.494699   -0.744700 (VIOLATED)
_16780_/A1                              0.750000    1.494528   -0.744528 (VIOLATED)
_16779_/A1                              0.750000    1.494503   -0.744503 (VIOLATED)
_12504_/A                               0.750000    1.494439   -0.744440 (VIOLATED)
_16770_/A                               0.750000    1.494380   -0.744380 (VIOLATED)
_16810_/A1                              0.750000    1.494372   -0.744372 (VIOLATED)
_16811_/A1                              0.750000    1.494342   -0.744342 (VIOLATED)
_12522_/A1                              0.750000    1.494301   -0.744301 (VIOLATED)
fanout1402/X                            0.750000    1.493886   -0.743886 (VIOLATED)
fanout2317/A                            0.750000    1.486863   -0.736863 (VIOLATED)
fanout2319/A                            0.750000    1.486844   -0.736844 (VIOLATED)
fanout2320/A                            0.750000    1.486822   -0.736822 (VIOLATED)
fanout2322/A                            0.750000    1.486813   -0.736813 (VIOLATED)
fanout2325/A                            0.750000    1.486806   -0.736806 (VIOLATED)
fanout2327/X                            0.750000    1.486806   -0.736806 (VIOLATED)
_12537_/A                               0.750000    1.456216   -0.706216 (VIOLATED)
_12545_/A                               0.750000    1.456215   -0.706215 (VIOLATED)
_12443_/A                               0.750000    1.456176   -0.706176 (VIOLATED)
_09494_/A                               0.750000    1.456118   -0.706118 (VIOLATED)
_12437_/A                               0.750000    1.456114   -0.706114 (VIOLATED)
_09495_/A                               0.750000    1.456065   -0.706065 (VIOLATED)
_12474_/A1                              0.750000    1.455954   -0.705954 (VIOLATED)
_12492_/A1                              0.750000    1.455936   -0.705936 (VIOLATED)
_09453_/A                               0.750000    1.455916   -0.705916 (VIOLATED)
fanout1585/A                            0.750000    1.455882   -0.705882 (VIOLATED)
fanout1586/X                            0.750000    1.455877   -0.705877 (VIOLATED)
fanout547/A                             0.750000    1.441320   -0.691320 (VIOLATED)
fanout546/A                             0.750000    1.441252   -0.691252 (VIOLATED)
_14651_/C                               0.750000    1.441038   -0.691038 (VIOLATED)
_14615_/C                               0.750000    1.441037   -0.691037 (VIOLATED)
_14723_/C                               0.750000    1.441035   -0.691035 (VIOLATED)
_14687_/C                               0.750000    1.441029   -0.691029 (VIOLATED)
_14832_/C                               0.750000    1.441027   -0.691027 (VIOLATED)
_14868_/C                               0.750000    1.441027   -0.691027 (VIOLATED)
_14904_/C                               0.750000    1.441027   -0.691027 (VIOLATED)
_14796_/C                               0.750000    1.441025   -0.691025 (VIOLATED)
fanout548/X                             0.750000    1.441013   -0.691013 (VIOLATED)
_13959_/A                               0.750000    1.438676   -0.688676 (VIOLATED)
_14760_/A                               0.750000    1.438676   -0.688676 (VIOLATED)
_14978_/A                               0.750000    1.438676   -0.688676 (VIOLATED)
_12674_/B                               0.750000    1.438668   -0.688668 (VIOLATED)
_14361_/A                               0.750000    1.438665   -0.688665 (VIOLATED)
_14941_/A                               0.750000    1.438662   -0.688662 (VIOLATED)
_13153_/A                               0.750000    1.438633   -0.688633 (VIOLATED)
_13552_/A                               0.750000    1.438591   -0.688591 (VIOLATED)
_13700_/A                               0.750000    1.438371   -0.688371 (VIOLATED)
_13663_/A                               0.750000    1.438189   -0.688189 (VIOLATED)
fanout415/X                             0.750000    1.438159   -0.688159 (VIOLATED)
_14168_/C                               0.750000    1.431506   -0.681506 (VIOLATED)
_14024_/C                               0.750000    1.431503   -0.681503 (VIOLATED)
_14240_/C                               0.750000    1.431495   -0.681495 (VIOLATED)
_14132_/C                               0.750000    1.431493   -0.681493 (VIOLATED)
_14096_/C                               0.750000    1.431473   -0.681473 (VIOLATED)
_14204_/C                               0.750000    1.431441   -0.681441 (VIOLATED)
_14060_/C                               0.750000    1.431438   -0.681438 (VIOLATED)
fanout561/A                             0.750000    1.431286   -0.681286 (VIOLATED)
fanout560/A                             0.750000    1.430822   -0.680822 (VIOLATED)
fanout562/X                             0.750000    1.430802   -0.680802 (VIOLATED)
fanout787/A                             0.750000    1.418267   -0.668267 (VIOLATED)
fanout782/A                             0.750000    1.418253   -0.668253 (VIOLATED)
fanout792/A                             0.750000    1.418234   -0.668234 (VIOLATED)
fanout793/A                             0.750000    1.418202   -0.668202 (VIOLATED)
fanout795/A                             0.750000    1.418201   -0.668201 (VIOLATED)
fanout796/X                             0.750000    1.418200   -0.668200 (VIOLATED)
_13035_/B                               0.750000    1.412765   -0.662765 (VIOLATED)
_13252_/C                               0.750000    1.412763   -0.662764 (VIOLATED)
_13288_/C                               0.750000    1.412764   -0.662764 (VIOLATED)
_13216_/C                               0.750000    1.412760   -0.662760 (VIOLATED)
_13180_/C                               0.750000    1.412758   -0.662758 (VIOLATED)
_13107_/C                               0.750000    1.412757   -0.662757 (VIOLATED)
_13071_/C                               0.750000    1.412751   -0.662751 (VIOLATED)
fanout574/A                             0.750000    1.412671   -0.662671 (VIOLATED)
fanout573/A                             0.750000    1.412180   -0.662180 (VIOLATED)
fanout575/X                             0.750000    1.412180   -0.662180 (VIOLATED)
fanout2452/A                            0.750000    1.407414   -0.657414 (VIOLATED)
fanout2464/A                            0.750000    1.407406   -0.657406 (VIOLATED)
fanout2457/A                            0.750000    1.407397   -0.657397 (VIOLATED)
fanout2454/A                            0.750000    1.407392   -0.657392 (VIOLATED)
fanout2485/A                            0.750000    1.407360   -0.657360 (VIOLATED)
fanout2486/X                            0.750000    1.407358   -0.657358 (VIOLATED)
_09532_/A1                              0.750000    1.399922   -0.649922 (VIOLATED)
_09498_/B                               0.750000    1.399916   -0.649916 (VIOLATED)
_09418_/B                               0.750000    1.399874   -0.649874 (VIOLATED)
_10198_/A2                              0.750000    1.399848   -0.649848 (VIOLATED)
_10197_/A2                              0.750000    1.399844   -0.649844 (VIOLATED)
_10436_/B                               0.750000    1.399838   -0.649838 (VIOLATED)
_13986_/B                               0.750000    1.399690   -0.649690 (VIOLATED)
_15685_/A                               0.750000    1.399667   -0.649667 (VIOLATED)
_15186_/B1                              0.750000    1.399642   -0.649642 (VIOLATED)
_13987_/B                               0.750000    1.399606   -0.649606 (VIOLATED)
_16551_/B1                              0.750000    1.399588   -0.649588 (VIOLATED)
_16003_/A                               0.750000    1.399514   -0.649514 (VIOLATED)
_15617_/A                               0.750000    1.399467   -0.649467 (VIOLATED)
_10255_/A1                              0.750000    1.399355   -0.649355 (VIOLATED)
_10229_/B                               0.750000    1.399344   -0.649344 (VIOLATED)
_09946_/A1                              0.750000    1.399320   -0.649320 (VIOLATED)
_09923_/B                               0.750000    1.399319   -0.649319 (VIOLATED)
fanout1582/X                            0.750000    1.399319   -0.649319 (VIOLATED)
_13652_/B                               0.750000    1.399293   -0.649293 (VIOLATED)
_15903_/A                               0.750000    1.399087   -0.649087 (VIOLATED)
_15817_/A                               0.750000    1.398630   -0.648630 (VIOLATED)
fanout589/X                             0.750000    1.398630   -0.648630 (VIOLATED)
_17083_/A                               0.750000    1.394926   -0.644926 (VIOLATED)
_17032_/A                               0.750000    1.394913   -0.644913 (VIOLATED)
_17058_/B2                              0.750000    1.394897   -0.644897 (VIOLATED)
_16953_/A                               0.750000    1.394877   -0.644877 (VIOLATED)
_16899_/A                               0.750000    1.394865   -0.644865 (VIOLATED)
_16874_/A                               0.750000    1.394848   -0.644848 (VIOLATED)
_17001_/A                               0.750000    1.394805   -0.644805 (VIOLATED)
_16978_/A                               0.750000    1.394792   -0.644792 (VIOLATED)
_16930_/A                               0.750000    1.394425   -0.644425 (VIOLATED)
_17157_/A                               0.750000    1.394425   -0.644425 (VIOLATED)
fanout1973/X                            0.750000    1.394425   -0.644425 (VIOLATED)
_15373_/B1                              0.750000    1.361964   -0.611964 (VIOLATED)
_12996_/B                               0.750000    1.361941   -0.611941 (VIOLATED)
_12995_/B                               0.750000    1.361912   -0.611912 (VIOLATED)
_13324_/B                               0.750000    1.361892   -0.611892 (VIOLATED)
_16276_/A1                              0.750000    1.361830   -0.611830 (VIOLATED)
_15633_/A1                              0.750000    1.361824   -0.611824 (VIOLATED)
_15652_/B1                              0.750000    1.361820   -0.611820 (VIOLATED)
_16518_/B1                              0.750000    1.361813   -0.611813 (VIOLATED)
_15970_/A                               0.750000    1.361795   -0.611795 (VIOLATED)
_16178_/B1                              0.750000    1.361403   -0.611403 (VIOLATED)
fanout592/X                             0.750000    1.361395   -0.611395 (VIOLATED)
_18225_/B1                              0.750000    1.358607   -0.608607 (VIOLATED)
_12415_/A2                              0.750000    1.358588   -0.608588 (VIOLATED)
_18244_/A1                              0.750000    1.358544   -0.608544 (VIOLATED)
_18256_/B1                              0.750000    1.358504   -0.608504 (VIOLATED)
_18265_/A                               0.750000    1.358020   -0.608020 (VIOLATED)
_18266_/A1                              0.750000    1.357974   -0.607974 (VIOLATED)
_18391_/B1                              0.750000    1.357926   -0.607926 (VIOLATED)
_18289_/S                               0.750000    1.357922   -0.607922 (VIOLATED)
_18386_/S                               0.750000    1.357907   -0.607907 (VIOLATED)
_18328_/A                               0.750000    1.357802   -0.607802 (VIOLATED)
fanout584/X                             0.750000    1.357802   -0.607802 (VIOLATED)
fanout381/A                             0.750000    1.345776   -0.595776 (VIOLATED)
fanout384/A                             0.750000    1.345726   -0.595726 (VIOLATED)
fanout379/A                             0.750000    1.345706   -0.595706 (VIOLATED)
fanout380/A                             0.750000    1.345705   -0.595705 (VIOLATED)
fanout386/A                             0.750000    1.345699   -0.595699 (VIOLATED)
fanout387/X                             0.750000    1.345699   -0.595699 (VIOLATED)
_17999_/S                               0.750000    1.339481   -0.589481 (VIOLATED)
_17987_/S                               0.750000    1.339463   -0.589463 (VIOLATED)
_17985_/S                               0.750000    1.339443   -0.589443 (VIOLATED)
_17979_/S                               0.750000    1.339395   -0.589395 (VIOLATED)
load_slew1478/A                         0.750000    1.339385   -0.589385 (VIOLATED)
fanout1477/X                            0.750000    1.339384   -0.589384 (VIOLATED)
_13082_/A1                              0.750000    1.338171   -0.588171 (VIOLATED)
_13118_/A1                              0.750000    1.338167   -0.588167 (VIOLATED)
_13008_/A1                              0.750000    1.338164   -0.588164 (VIOLATED)
fanout399/A                             0.750000    1.338150   -0.588150 (VIOLATED)
fanout400/A                             0.750000    1.338136   -0.588136 (VIOLATED)
fanout401/A                             0.750000    1.338130   -0.588130 (VIOLATED)
fanout589/A                             0.750000    1.338067   -0.588067 (VIOLATED)
_16366_/A                               0.750000    1.338064   -0.588064 (VIOLATED)
fanout403/A                             0.750000    1.337899   -0.587899 (VIOLATED)
fanout404/X                             0.750000    1.337883   -0.587883 (VIOLATED)
_16431_/B1                              0.750000    1.337691   -0.587691 (VIOLATED)
_16310_/A                               0.750000    1.337581   -0.587581 (VIOLATED)
fanout590/A                             0.750000    1.337531   -0.587531 (VIOLATED)
fanout591/X                             0.750000    1.337514   -0.587514 (VIOLATED)
_16887_/A1                              0.750000    1.327109   -0.577109 (VIOLATED)
_17047_/B1                              0.750000    1.327104   -0.577104 (VIOLATED)
_16838_/A1_N                            0.750000    1.327087   -0.577087 (VIOLATED)
_16945_/B2                              0.750000    1.327078   -0.577078 (VIOLATED)
_16992_/B2                              0.750000    1.327077   -0.577077 (VIOLATED)
_17196_/B1                              0.750000    1.327027   -0.577027 (VIOLATED)
_09890_/B                               0.750000    1.326638   -0.576638 (VIOLATED)
_09894_/B1                              0.750000    1.326638   -0.576638 (VIOLATED)
_11439_/C1                              0.750000    1.326638   -0.576638 (VIOLATED)
_16726_/A1_N                            0.750000    1.326628   -0.576628 (VIOLATED)
fanout1418/X                            0.750000    1.326628   -0.576628 (VIOLATED)
_15697_/A                               0.750000    1.326498   -0.576498 (VIOLATED)
_15260_/A1                              0.750000    1.326497   -0.576497 (VIOLATED)
_12644_/B                               0.750000    1.326488   -0.576488 (VIOLATED)
_16232_/A1                              0.750000    1.326484   -0.576484 (VIOLATED)
_16486_/A1                              0.750000    1.326472   -0.576472 (VIOLATED)
_15360_/B1                              0.750000    1.326421   -0.576421 (VIOLATED)
_15547_/A                               0.750000    1.326357   -0.576358 (VIOLATED)
_15129_/A1                              0.750000    1.326341   -0.576341 (VIOLATED)
_16098_/A1                              0.750000    1.326339   -0.576340 (VIOLATED)
_15772_/A1                              0.750000    1.326321   -0.576321 (VIOLATED)
fanout597/X                             0.750000    1.326321   -0.576321 (VIOLATED)
fanout1657/A                            0.750000    1.325625   -0.575625 (VIOLATED)
fanout1659/A                            0.750000    1.325549   -0.575549 (VIOLATED)
fanout1662/A                            0.750000    1.325476   -0.575476 (VIOLATED)
fanout1665/A                            0.750000    1.325445   -0.575445 (VIOLATED)
fanout1660/A                            0.750000    1.325026   -0.575026 (VIOLATED)
fanout1667/X                            0.750000    1.325026   -0.575026 (VIOLATED)
_18275_/A1                              0.750000    1.319349   -0.569349 (VIOLATED)
_18330_/A1                              0.750000    1.319330   -0.569331 (VIOLATED)
_18315_/B2                              0.750000    1.319313   -0.569313 (VIOLATED)
_18297_/B2                              0.750000    1.319296   -0.569296 (VIOLATED)
_18290_/B2                              0.750000    1.319285   -0.569285 (VIOLATED)
_18393_/A1                              0.750000    1.319228   -0.569228 (VIOLATED)
_18227_/A1                              0.750000    1.319137   -0.569137 (VIOLATED)
_18401_/B2                              0.750000    1.319090   -0.569091 (VIOLATED)
_11398_/B1                              0.750000    1.319079   -0.569079 (VIOLATED)
_11530_/B2                              0.750000    1.319079   -0.569079 (VIOLATED)
fanout1611/X                            0.750000    1.318710   -0.568710 (VIOLATED)
_10407_/A1                              0.750000    1.317222   -0.567222 (VIOLATED)
_10656_/A                               0.750000    1.317104   -0.567104 (VIOLATED)
_10715_/A1_N                            0.750000    1.317054   -0.567054 (VIOLATED)
_16803_/A1                              0.750000    1.316878   -0.566878 (VIOLATED)
_17069_/B1                              0.750000    1.316872   -0.566872 (VIOLATED)
_16904_/A1                              0.750000    1.316869   -0.566869 (VIOLATED)
_17012_/B1                              0.750000    1.316865   -0.566865 (VIOLATED)
_16854_/A1                              0.750000    1.316860   -0.566860 (VIOLATED)
_16838_/B2                              0.750000    1.316851   -0.566851 (VIOLATED)
_16886_/B1                              0.750000    1.316798   -0.566798 (VIOLATED)
_12632_/B1                              0.750000    1.316666   -0.566666 (VIOLATED)
_16604_/B1                              0.750000    1.316476   -0.566476 (VIOLATED)
fanout1163/A                            0.750000    1.316055   -0.566055 (VIOLATED)
fanout1164/X                            0.750000    1.316055   -0.566055 (VIOLATED)
_10406_/Y                               0.750000    1.315184   -0.565184 (VIOLATED)
_12510_/S                               0.750000    1.313251   -0.563251 (VIOLATED)
_12513_/S                               0.750000    1.313249   -0.563249 (VIOLATED)
_12502_/S                               0.750000    1.313242   -0.563242 (VIOLATED)
_12506_/S                               0.750000    1.313239   -0.563239 (VIOLATED)
_09305_/A1                              0.750000    1.313237   -0.563237 (VIOLATED)
_09304_/A1                              0.750000    1.313236   -0.563236 (VIOLATED)
_12424_/A1                              0.750000    1.313231   -0.563231 (VIOLATED)
_12423_/B                               0.750000    1.313229   -0.563229 (VIOLATED)
_11401_/S                               0.750000    1.313228   -0.563228 (VIOLATED)
_12498_/S                               0.750000    1.313218   -0.563218 (VIOLATED)
fanout1587/X                            0.750000    1.313214   -0.563214 (VIOLATED)
fanout558/A                             0.750000    1.312474   -0.562474 (VIOLATED)
_15501_/B1                              0.750000    1.312433   -0.562433 (VIOLATED)
_16415_/B1                              0.750000    1.312429   -0.562429 (VIOLATED)
_16183_/B2                              0.750000    1.312256   -0.562256 (VIOLATED)
_16275_/A1                              0.750000    1.312152   -0.562152 (VIOLATED)
_15403_/A1                              0.750000    1.312079   -0.562079 (VIOLATED)
fanout559/X                             0.750000    1.312068   -0.562068 (VIOLATED)
_11365_/A                               0.750000    1.301793   -0.551793 (VIOLATED)
_11364_/B1                              0.750000    1.301783   -0.551784 (VIOLATED)
_09840_/A                               0.750000    1.301782   -0.551782 (VIOLATED)
_12509_/A1                              0.750000    1.301727   -0.551727 (VIOLATED)
_16709_/A2                              0.750000    1.301636   -0.551636 (VIOLATED)
_12419_/A1                              0.750000    1.301593   -0.551593 (VIOLATED)
_09248_/A                               0.750000    1.301559   -0.551559 (VIOLATED)
_12418_/A                               0.750000    1.301555   -0.551555 (VIOLATED)
_12417_/A                               0.750000    1.301531   -0.551531 (VIOLATED)
_09879_/A                               0.750000    1.301491   -0.551491 (VIOLATED)
fanout2290/X                            0.750000    1.301491   -0.551491 (VIOLATED)
_18275_/B2                              0.750000    1.295109   -0.545109 (VIOLATED)
_18250_/B2                              0.750000    1.295101   -0.545101 (VIOLATED)
_18267_/B2                              0.750000    1.295096   -0.545096 (VIOLATED)
_18258_/B2                              0.750000    1.295092   -0.545092 (VIOLATED)
_18245_/B2                              0.750000    1.295067   -0.545067 (VIOLATED)
_18235_/B2                              0.750000    1.295040   -0.545040 (VIOLATED)
_18393_/B2                              0.750000    1.295021   -0.545021 (VIOLATED)
_18227_/B2                              0.750000    1.295007   -0.545007 (VIOLATED)
_11398_/A2                              0.750000    1.294965   -0.544965 (VIOLATED)
_11464_/B2                              0.750000    1.294965   -0.544965 (VIOLATED)
fanout1612/X                            0.750000    1.294965   -0.544965 (VIOLATED)
_10240_/S1                              0.750000    1.292852   -0.542852 (VIOLATED)
fanout2178/A                            0.750000    1.292679   -0.542679 (VIOLATED)
_10293_/B                               0.750000    1.292122   -0.542122 (VIOLATED)
fanout2172/A                            0.750000    1.292119   -0.542119 (VIOLATED)
_10296_/B                               0.750000    1.292107   -0.542107 (VIOLATED)
fanout2180/X                            0.750000    1.292057   -0.542057 (VIOLATED)
fanout750/A                             0.750000    1.282079   -0.532079 (VIOLATED)
fanout749/A                             0.750000    1.282068   -0.532068 (VIOLATED)
fanout752/A                             0.750000    1.282055   -0.532055 (VIOLATED)
fanout754/A                             0.750000    1.282048   -0.532048 (VIOLATED)
fanout756/A                             0.750000    1.281998   -0.531998 (VIOLATED)
fanout758/X                             0.750000    1.281998   -0.531998 (VIOLATED)
_15474_/B1                              0.750000    1.275174   -0.525174 (VIOLATED)
_16410_/A1                              0.750000    1.275160   -0.525160 (VIOLATED)
_14351_/A                               0.750000    1.275131   -0.525131 (VIOLATED)
_13143_/A                               0.750000    1.275115   -0.525115 (VIOLATED)
_14968_/A                               0.750000    1.275114   -0.525114 (VIOLATED)
_13542_/A                               0.750000    1.275112   -0.525112 (VIOLATED)
_15286_/B1                              0.750000    1.275019   -0.525019 (VIOLATED)
_15843_/B1                              0.750000    1.275003   -0.525003 (VIOLATED)
_15587_/B2                              0.750000    1.274988   -0.524988 (VIOLATED)
_15936_/B1                              0.750000    1.274960   -0.524960 (VIOLATED)
fanout582/X                             0.750000    1.274959   -0.524959 (VIOLATED)
_09453_/Y                               0.750000    1.265362   -0.515362 (VIOLATED)
wire1568/A                              0.750000    1.265362   -0.515362 (VIOLATED)
_10435_/A1                              0.750000    1.261864   -0.511864 (VIOLATED)
_11514_/A2                              0.750000    1.261855   -0.511855 (VIOLATED)
_16814_/A                               0.750000    1.261838   -0.511838 (VIOLATED)
_16833_/A1                              0.750000    1.261837   -0.511837 (VIOLATED)
_11512_/B                               0.750000    1.261836   -0.511836 (VIOLATED)
_16866_/A1                              0.750000    1.261836   -0.511836 (VIOLATED)
_12580_/C_N                             0.750000    1.261820   -0.511820 (VIOLATED)
_12574_/A                               0.750000    1.261801   -0.511801 (VIOLATED)
_12575_/A                               0.750000    1.261801   -0.511801 (VIOLATED)
_16804_/A1                              0.750000    1.261801   -0.511801 (VIOLATED)
fanout1401/X                            0.750000    1.261801   -0.511801 (VIOLATED)
_11895_/C1                              0.750000    1.260481   -0.510481 (VIOLATED)
_11939_/B1                              0.750000    1.260467   -0.510467 (VIOLATED)
_12127_/B1                              0.750000    1.260439   -0.510439 (VIOLATED)
load_slew2332/A                         0.750000    1.260439   -0.510439 (VIOLATED)
_12324_/B1                              0.750000    1.260436   -0.510436 (VIOLATED)
_12145_/B1                              0.750000    1.260425   -0.510425 (VIOLATED)
fanout2331/X                            0.750000    1.260425   -0.510425 (VIOLATED)
_10501_/A                               0.750000    1.258200   -0.508200 (VIOLATED)
_12483_/A                               0.750000    1.258175   -0.508175 (VIOLATED)
_12481_/A                               0.750000    1.258168   -0.508169 (VIOLATED)
_16947_/A1                              0.750000    1.258106   -0.508106 (VIOLATED)
_10056_/B                               0.750000    1.258081   -0.508081 (VIOLATED)
_10055_/B                               0.750000    1.258066   -0.508066 (VIOLATED)
fanout1178/A                            0.750000    1.258039   -0.508039 (VIOLATED)
_10050_/A                               0.750000    1.258024   -0.508025 (VIOLATED)
_10051_/A                               0.750000    1.258016   -0.508016 (VIOLATED)
fanout1179/X                            0.750000    1.257697   -0.507697 (VIOLATED)
_09963_/B2                              0.750000    1.249355   -0.499355 (VIOLATED)
load_slew1689/A                         0.750000    1.249348   -0.499348 (VIOLATED)
_09644_/B1                              0.750000    1.249346   -0.499346 (VIOLATED)
wire1688/A                              0.750000    1.248836   -0.498836 (VIOLATED)
_09778_/B2                              0.750000    1.248833   -0.498833 (VIOLATED)
_10285_/A1                              0.750000    1.248818   -0.498818 (VIOLATED)
fanout1687/X                            0.750000    1.248818   -0.498818 (VIOLATED)
_16855_/A2                              0.750000    1.248318   -0.498318 (VIOLATED)
_16804_/A2                              0.750000    1.248312   -0.498312 (VIOLATED)
_17167_/A2                              0.750000    1.248277   -0.498277 (VIOLATED)
_16686_/A2                              0.750000    1.248264   -0.498264 (VIOLATED)
_16755_/A2                              0.750000    1.248262   -0.498262 (VIOLATED)
_16780_/A2                              0.750000    1.248191   -0.498191 (VIOLATED)
_12633_/A3                              0.750000    1.248162   -0.498162 (VIOLATED)
_12605_/A3                              0.750000    1.248159   -0.498159 (VIOLATED)
_16581_/A2                              0.750000    1.248132   -0.498132 (VIOLATED)
_16605_/A2                              0.750000    1.248132   -0.498132 (VIOLATED)
fanout1160/X                            0.750000    1.248132   -0.498132 (VIOLATED)
_17900_/S                               0.750000    1.247401   -0.497401 (VIOLATED)
_17888_/S                               0.750000    1.247397   -0.497397 (VIOLATED)
_17886_/S                               0.750000    1.247377   -0.497377 (VIOLATED)
_17880_/S                               0.750000    1.247368   -0.497368 (VIOLATED)
fanout1485/X                            0.750000    1.247365   -0.497365 (VIOLATED)
load_slew1486/A                         0.750000    1.247365   -0.497365 (VIOLATED)
load_slew2025/A                         0.750000    1.239630   -0.489630 (VIOLATED)
_10823_/A1                              0.750000    1.239621   -0.489621 (VIOLATED)
_09450_/B1                              0.750000    1.239618   -0.489618 (VIOLATED)
_11226_/A1                              0.750000    1.239567   -0.489567 (VIOLATED)
_09262_/A1                              0.750000    1.239524   -0.489524 (VIOLATED)
fanout2024/X                            0.750000    1.239524   -0.489524 (VIOLATED)
fanout584/A                             0.750000    1.229272   -0.479272 (VIOLATED)
_18334_/S                               0.750000    1.229267   -0.479267 (VIOLATED)
_18397_/S                               0.750000    1.229259   -0.479259 (VIOLATED)
_18314_/S                               0.750000    1.229255   -0.479255 (VIOLATED)
_18296_/S                               0.750000    1.229217   -0.479217 (VIOLATED)
_18303_/S                               0.750000    1.229180   -0.479180 (VIOLATED)
_18361_/B1                              0.750000    1.229146   -0.479146 (VIOLATED)
_18367_/S                               0.750000    1.229143   -0.479143 (VIOLATED)
_18346_/A                               0.750000    1.229128   -0.479128 (VIOLATED)
_18356_/S                               0.750000    1.229128   -0.479128 (VIOLATED)
fanout585/X                             0.750000    1.229128   -0.479128 (VIOLATED)
fanout1913/A                            0.750000    1.225504   -0.475504 (VIOLATED)
_10947_/A2                              0.750000    1.225486   -0.475486 (VIOLATED)
_10944_/A2                              0.750000    1.225476   -0.475476 (VIOLATED)
fanout1912/A                            0.750000    1.225453   -0.475453 (VIOLATED)
fanout1910/A                            0.750000    1.225441   -0.475440 (VIOLATED)
_10940_/A2                              0.750000    1.225426   -0.475426 (VIOLATED)
fanout1908/A                            0.750000    1.225325   -0.475325 (VIOLATED)
fanout1915/X                            0.750000    1.225325   -0.475325 (VIOLATED)
_12688_/S                               0.750000    1.224043   -0.474043 (VIOLATED)
_12757_/S                               0.750000    1.224031   -0.474031 (VIOLATED)
wire510/A                               0.750000    1.223952   -0.473952 (VIOLATED)
_12744_/S                               0.750000    1.223460   -0.473460 (VIOLATED)
fanout509/X                             0.750000    1.223460   -0.473460 (VIOLATED)
_12308_/A1                              0.750000    1.221895   -0.471895 (VIOLATED)
_12317_/A1                              0.750000    1.221892   -0.471892 (VIOLATED)
_12280_/A1                              0.750000    1.221882   -0.471882 (VIOLATED)
_12271_/A1                              0.750000    1.221865   -0.471865 (VIOLATED)
_12121_/A1                              0.750000    1.221832   -0.471832 (VIOLATED)
_12298_/A1                              0.750000    1.221832   -0.471832 (VIOLATED)
fanout1677/X                            0.750000    1.221832   -0.471832 (VIOLATED)
fanout759/A                             0.750000    1.219942   -0.469942 (VIOLATED)
fanout761/A                             0.750000    1.219500   -0.469500 (VIOLATED)
fanout762/A                             0.750000    1.219425   -0.469425 (VIOLATED)
fanout758/A                             0.750000    1.219378   -0.469378 (VIOLATED)
fanout764/A                             0.750000    1.219373   -0.469373 (VIOLATED)
fanout765/X                             0.750000    1.219373   -0.469373 (VIOLATED)
_09984_/B1                              0.750000    1.215460   -0.465460 (VIOLATED)
_12708_/B1                              0.750000    1.215457   -0.465457 (VIOLATED)
_12648_/A                               0.750000    1.215456   -0.465456 (VIOLATED)
_12709_/A1_N                            0.750000    1.215454   -0.465454 (VIOLATED)
_10192_/B2                              0.750000    1.215428   -0.465428 (VIOLATED)
_10171_/B2                              0.750000    1.215346   -0.465346 (VIOLATED)
_12701_/B                               0.750000    1.215332   -0.465332 (VIOLATED)
_12638_/C                               0.750000    1.215282   -0.465282 (VIOLATED)
_12637_/A                               0.750000    1.215269   -0.465269 (VIOLATED)
_09675_/C1                              0.750000    1.215261   -0.465261 (VIOLATED)
_10204_/C1                              0.750000    1.215237   -0.465238 (VIOLATED)
_09895_/B1                              0.750000    1.215218   -0.465218 (VIOLATED)
_09604_/B1                              0.750000    1.215215   -0.465215 (VIOLATED)
_09904_/C1                              0.750000    1.215214   -0.465214 (VIOLATED)
_10424_/C1                              0.750000    1.215214   -0.465214 (VIOLATED)
fanout2165/X                            0.750000    1.215214   -0.465214 (VIOLATED)
load_slew2166/A                         0.750000    1.215214   -0.465214 (VIOLATED)
_15458_/A1                              0.750000    1.215198   -0.465198 (VIOLATED)
_16005_/B1                              0.750000    1.215119   -0.465118 (VIOLATED)
fanout1737/A                            0.750000    1.214986   -0.464986 (VIOLATED)
_10453_/B2                              0.750000    1.214984   -0.464984 (VIOLATED)
_09702_/B1                              0.750000    1.214982   -0.464982 (VIOLATED)
fanout1739/X                            0.750000    1.214980   -0.464981 (VIOLATED)
_15265_/B                               0.750000    1.214599   -0.464599 (VIOLATED)
_16556_/A1                              0.750000    1.214584   -0.464584 (VIOLATED)
fanout615/X                             0.750000    1.214569   -0.464570 (VIOLATED)
fanout934/A                             0.750000    1.212079   -0.462079 (VIOLATED)
fanout936/A                             0.750000    1.212016   -0.462016 (VIOLATED)
fanout938/A                             0.750000    1.211486   -0.461486 (VIOLATED)
fanout933/A                             0.750000    1.211472   -0.461472 (VIOLATED)
fanout940/A                             0.750000    1.211472   -0.461472 (VIOLATED)
fanout941/X                             0.750000    1.211472   -0.461472 (VIOLATED)
_10135_/A1                              0.750000    1.210761   -0.460761 (VIOLATED)
_11090_/A                               0.750000    1.210714   -0.460714 (VIOLATED)
_11082_/B2                              0.750000    1.210699   -0.460699 (VIOLATED)
_10134_/Y                               0.750000    1.210555   -0.460555 (VIOLATED)
fanout291/A                             0.750000    1.205274   -0.455274 (VIOLATED)
fanout289/A                             0.750000    1.205190   -0.455190 (VIOLATED)
_14306_/B                               0.750000    1.205111   -0.455111 (VIOLATED)
_14415_/A                               0.750000    1.205111   -0.455111 (VIOLATED)
_14559_/A                               0.750000    1.205110   -0.455110 (VIOLATED)
_14342_/A                               0.750000    1.205110   -0.455110 (VIOLATED)
_14451_/A                               0.750000    1.205109   -0.455109 (VIOLATED)
_14595_/A                               0.750000    1.205106   -0.455106 (VIOLATED)
_14487_/A                               0.750000    1.205103   -0.455103 (VIOLATED)
_14523_/A                               0.750000    1.204777   -0.454777 (VIOLATED)
fanout292/X                             0.750000    1.204777   -0.454777 (VIOLATED)
_09597_/A1                              0.750000    1.198415   -0.448415 (VIOLATED)
_09598_/A1                              0.750000    1.198413   -0.448413 (VIOLATED)
_09668_/A1                              0.750000    1.198412   -0.448412 (VIOLATED)
_09667_/A1                              0.750000    1.198405   -0.448405 (VIOLATED)
_10316_/A1                              0.750000    1.198387   -0.448387 (VIOLATED)
_10317_/A1                              0.750000    1.198366   -0.448366 (VIOLATED)
_09723_/A1                              0.750000    1.198354   -0.448354 (VIOLATED)
_09724_/A1                              0.750000    1.198351   -0.448351 (VIOLATED)
_10377_/B                               0.750000    1.198308   -0.448308 (VIOLATED)
fanout1583/A                            0.750000    1.198217   -0.448217 (VIOLATED)
fanout1584/X                            0.750000    1.198213   -0.448213 (VIOLATED)
_11591_/A1                              0.750000    1.195843   -0.445843 (VIOLATED)
_11607_/B1                              0.750000    1.195838   -0.445838 (VIOLATED)
_12603_/A1                              0.750000    1.195820   -0.445821 (VIOLATED)
_11561_/B2                              0.750000    1.195784   -0.445784 (VIOLATED)
_16579_/A1                              0.750000    1.195768   -0.445768 (VIOLATED)
_11555_/B1                              0.750000    1.195743   -0.445743 (VIOLATED)
_18368_/A1_N                            0.750000    1.195667   -0.445667 (VIOLATED)
_18304_/A1_N                            0.750000    1.195662   -0.445662 (VIOLATED)
_18357_/A1_N                            0.750000    1.195656   -0.445656 (VIOLATED)
_11520_/S                               0.750000    1.195614   -0.445614 (VIOLATED)
_18323_/A1_N                            0.750000    1.195598   -0.445598 (VIOLATED)
_16718_/A                               0.750000    1.195547   -0.445547 (VIOLATED)
_18335_/A1_N                            0.750000    1.195502   -0.445502 (VIOLATED)
_16722_/A1                              0.750000    1.195480   -0.445480 (VIOLATED)
_18387_/A1_N                            0.750000    1.195434   -0.445434 (VIOLATED)
_16795_/A                               0.750000    1.195395   -0.445395 (VIOLATED)
_18398_/A1_N                            0.750000    1.195207   -0.445207 (VIOLATED)
_16554_/B1                              0.750000    1.195116   -0.445116 (VIOLATED)
fanout1176/X                            0.750000    1.195054   -0.445054 (VIOLATED)
fanout1609/A                            0.750000    1.195034   -0.445034 (VIOLATED)
fanout1610/X                            0.750000    1.195023   -0.445023 (VIOLATED)
_17070_/B1                              0.750000    1.194981   -0.444981 (VIOLATED)
_17013_/B1                              0.750000    1.194975   -0.444975 (VIOLATED)
_16817_/B1                              0.750000    1.194964   -0.444964 (VIOLATED)
_12633_/C1                              0.750000    1.194927   -0.444927 (VIOLATED)
_16854_/C1                              0.750000    1.194924   -0.444924 (VIOLATED)
_16995_/A1                              0.750000    1.194917   -0.444917 (VIOLATED)
_16904_/C1                              0.750000    1.194898   -0.444898 (VIOLATED)
_17117_/C1                              0.750000    1.194888   -0.444888 (VIOLATED)
_16803_/C1                              0.750000    1.194860   -0.444860 (VIOLATED)
_16784_/B                               0.750000    1.194817   -0.444817 (VIOLATED)
_16785_/B1                              0.750000    1.194743   -0.444743 (VIOLATED)
fanout1416/A                            0.750000    1.194443   -0.444443 (VIOLATED)
fanout1417/X                            0.750000    1.194443   -0.444443 (VIOLATED)
_10741_/A1                              0.750000    1.194423   -0.444423 (VIOLATED)
_09364_/A1                              0.750000    1.194413   -0.444413 (VIOLATED)
_10924_/A1                              0.750000    1.194396   -0.444396 (VIOLATED)
_11122_/A1                              0.750000    1.194389   -0.444389 (VIOLATED)
_11268_/A                               0.750000    1.194388   -0.444388 (VIOLATED)
fanout1635/X                            0.750000    1.194388   -0.444388 (VIOLATED)
load_slew1636/A                         0.750000    1.194388   -0.444388 (VIOLATED)
_16552_/X                               0.750000    1.194214   -0.444214 (VIOLATED)
wire1961/A                              0.750000    1.193936   -0.443936 (VIOLATED)
_10895_/B2                              0.750000    1.193931   -0.443931 (VIOLATED)
_09364_/B2                              0.750000    1.193919   -0.443919 (VIOLATED)
_11274_/B2                              0.750000    1.193913   -0.443913 (VIOLATED)
_10924_/B2                              0.750000    1.193902   -0.443902 (VIOLATED)
_11122_/B2                              0.750000    1.193884   -0.443884 (VIOLATED)
fanout1960/X                            0.750000    1.193884   -0.443884 (VIOLATED)
wire505/A                               0.750000    1.193140   -0.443140 (VIOLATED)
_16004_/Y                               0.750000    1.193094   -0.443094 (VIOLATED)
_12738_/A                               0.750000    1.192855   -0.442855 (VIOLATED)
_12742_/S                               0.750000    1.192855   -0.442856 (VIOLATED)
_12739_/A1                              0.750000    1.192854   -0.442854 (VIOLATED)
_12666_/A                               0.750000    1.192843   -0.442843 (VIOLATED)
_12654_/A                               0.750000    1.192842   -0.442842 (VIOLATED)
_12657_/A                               0.750000    1.192842   -0.442842 (VIOLATED)
_12660_/A                               0.750000    1.192842   -0.442842 (VIOLATED)
_12663_/A                               0.750000    1.192842   -0.442842 (VIOLATED)
_12651_/A                               0.750000    1.192840   -0.442840 (VIOLATED)
fanout602/A                             0.750000    1.192820   -0.442820 (VIOLATED)
fanout603/X                             0.750000    1.192820   -0.442820 (VIOLATED)
_09872_/A1                              0.750000    1.192757   -0.442757 (VIOLATED)
_11085_/A2_N                            0.750000    1.192451   -0.442451 (VIOLATED)
_11084_/B1                              0.750000    1.192439   -0.442439 (VIOLATED)
_11088_/B                               0.750000    1.192392   -0.442392 (VIOLATED)
_11089_/A2                              0.750000    1.192285   -0.442285 (VIOLATED)
_12662_/A                               0.750000    1.192185   -0.442185 (VIOLATED)
_18363_/B2                              0.750000    1.191574   -0.441574 (VIOLATED)
_18368_/B2                              0.750000    1.191571   -0.441571 (VIOLATED)
_18379_/B2                              0.750000    1.191559   -0.441559 (VIOLATED)
_12112_/A                               0.750000    1.191509   -0.441509 (VIOLATED)
_12223_/C1                              0.750000    1.191503   -0.441503 (VIOLATED)
_12411_/B1                              0.750000    1.191493   -0.441493 (VIOLATED)
fanout1613/A                            0.750000    1.191481   -0.441481 (VIOLATED)
_18398_/B2                              0.750000    1.191457   -0.441457 (VIOLATED)
_12336_/C1                              0.750000    1.191448   -0.441448 (VIOLATED)
_18401_/A1                              0.750000    1.191401   -0.441401 (VIOLATED)
_11570_/A1_N                            0.750000    1.191398   -0.441398 (VIOLATED)
_11530_/A1                              0.750000    1.191397   -0.441397 (VIOLATED)
fanout1612/A                            0.750000    1.191394   -0.441394 (VIOLATED)
fanout1614/X                            0.750000    1.191388   -0.441388 (VIOLATED)
_11882_/A2                              0.750000    1.191327   -0.441327 (VIOLATED)
_11832_/X                               0.750000    1.191010   -0.441010 (VIOLATED)
_12312_/S1                              0.750000    1.190712   -0.440712 (VIOLATED)
_11933_/S1                              0.750000    1.190691   -0.440691 (VIOLATED)
_11932_/S1                              0.750000    1.190683   -0.440683 (VIOLATED)
fanout2434/A                            0.750000    1.190663   -0.440664 (VIOLATED)
fanout2436/A                            0.750000    1.190650   -0.440650 (VIOLATED)
fanout2438/X                            0.750000    1.190643   -0.440643 (VIOLATED)
_12691_/A                               0.750000    1.189605   -0.439605 (VIOLATED)
_16018_/B1                              0.750000    1.189550   -0.439550 (VIOLATED)
fanout927/A                             0.750000    1.189546   -0.439546 (VIOLATED)
ANTENNA_80/DIODE                        0.750000    1.189543   -0.439543 (VIOLATED)
fanout924/A                             0.750000    1.189541   -0.439541 (VIOLATED)
_16350_/A2                              0.750000    1.189516   -0.439516 (VIOLATED)
fanout931/A                             0.750000    1.189459   -0.439459 (VIOLATED)
fanout933/X                             0.750000    1.189456   -0.439456 (VIOLATED)
_09871_/Y                               0.750000    1.188987   -0.438987 (VIOLATED)
_11210_/A1                              0.750000    1.188760   -0.438760 (VIOLATED)
_10683_/A1                              0.750000    1.188737   -0.438737 (VIOLATED)
load_slew2029/A                         0.750000    1.188677   -0.438677 (VIOLATED)
_09331_/B1                              0.750000    1.188670   -0.438670 (VIOLATED)
_09283_/C1                              0.750000    1.188513   -0.438513 (VIOLATED)
_09299_/C1                              0.750000    1.188169   -0.438169 (VIOLATED)
fanout2028/X                            0.750000    1.188169   -0.438169 (VIOLATED)
fanout339/A                             0.750000    1.184421   -0.434421 (VIOLATED)
fanout338/A                             0.750000    1.184341   -0.434341 (VIOLATED)
_13308_/A0                              0.750000    1.184129   -0.434129 (VIOLATED)
fanout342/A                             0.750000    1.184082   -0.434082 (VIOLATED)
fanout337/A                             0.750000    1.184026   -0.434026 (VIOLATED)
fanout343/X                             0.750000    1.184011   -0.434011 (VIOLATED)
_15081_/A                               0.750000    1.180369   -0.430369 (VIOLATED)
_17279_/A1                              0.750000    1.180368   -0.430368 (VIOLATED)
_12509_/A2                              0.750000    1.180361   -0.430361 (VIOLATED)
_12512_/A2                              0.750000    1.180354   -0.430354 (VIOLATED)
_12505_/A2                              0.750000    1.180344   -0.430344 (VIOLATED)
_12501_/A2                              0.750000    1.180335   -0.430335 (VIOLATED)
_12556_/A2                              0.750000    1.180324   -0.430324 (VIOLATED)
_12561_/A2                              0.750000    1.180323   -0.430323 (VIOLATED)
_12567_/A2                              0.750000    1.180323   -0.430323 (VIOLATED)
_12429_/B                               0.750000    1.180311   -0.430311 (VIOLATED)
fanout1615/X                            0.750000    1.180311   -0.430311 (VIOLATED)
fanout569/A                             0.750000    1.176787   -0.426787 (VIOLATED)
fanout568/A                             0.750000    1.176718   -0.426718 (VIOLATED)
_13515_/C                               0.750000    1.176607   -0.426607 (VIOLATED)
_13624_/C                               0.750000    1.176606   -0.426606 (VIOLATED)
_12676_/B                               0.750000    1.176382   -0.426382 (VIOLATED)
_12738_/B                               0.750000    1.176349   -0.426349 (VIOLATED)
_13335_/C                               0.750000    1.176273   -0.426273 (VIOLATED)
_13371_/C                               0.750000    1.176273   -0.426273 (VIOLATED)
_13407_/C                               0.750000    1.176273   -0.426273 (VIOLATED)
_13443_/C                               0.750000    1.176273   -0.426273 (VIOLATED)
_13479_/C                               0.750000    1.176273   -0.426273 (VIOLATED)
_13588_/C                               0.750000    1.176273   -0.426273 (VIOLATED)
fanout570/X                             0.750000    1.176273   -0.426273 (VIOLATED)
_12675_/X                               0.750000    1.176219   -0.426219 (VIOLATED)
_10309_/S                               0.750000    1.175218   -0.425218 (VIOLATED)
fanout2255/A                            0.750000    1.175193   -0.425193 (VIOLATED)
fanout2257/A                            0.750000    1.175181   -0.425181 (VIOLATED)
fanout2252/A                            0.750000    1.175162   -0.425162 (VIOLATED)
fanout2254/A                            0.750000    1.175159   -0.425159 (VIOLATED)
fanout2259/A                            0.750000    1.175151   -0.425151 (VIOLATED)
_10472_/A                               0.750000    1.175143   -0.425143 (VIOLATED)
fanout2261/X                            0.750000    1.175140   -0.425140 (VIOLATED)
_17367_/S                               0.750000    1.172292   -0.422292 (VIOLATED)
_17369_/S                               0.750000    1.172265   -0.422265 (VIOLATED)
_17377_/S                               0.750000    1.172206   -0.422206 (VIOLATED)
_15640_/A1                              0.750000    1.172104   -0.422104 (VIOLATED)
load_slew1350/A                         0.750000    1.172041   -0.422041 (VIOLATED)
_11596_/A2                              0.750000    1.171807   -0.421807 (VIOLATED)
_17359_/S                               0.750000    1.171691   -0.421691 (VIOLATED)
fanout1349/X                            0.750000    1.171691   -0.421691 (VIOLATED)
_12918_/B                               0.750000    1.171676   -0.421676 (VIOLATED)
_12956_/A_N                             0.750000    1.171675   -0.421675 (VIOLATED)
fanout1147/A                            0.750000    1.171504   -0.421504 (VIOLATED)
fanout1148/X                            0.750000    1.171485   -0.421485 (VIOLATED)
_15727_/B1                              0.750000    1.164194   -0.414194 (VIOLATED)
_15572_/B1                              0.750000    1.164191   -0.414191 (VIOLATED)
_16233_/A1                              0.750000    1.164188   -0.414188 (VIOLATED)
_15926_/B1                              0.750000    1.164182   -0.414182 (VIOLATED)
_16120_/B1                              0.750000    1.164173   -0.414173 (VIOLATED)
_14114_/C                               0.750000    1.164133   -0.414133 (VIOLATED)
_14006_/C                               0.750000    1.164125   -0.414125 (VIOLATED)
_14042_/C                               0.750000    1.164125   -0.414125 (VIOLATED)
_14078_/C                               0.750000    1.164125   -0.414125 (VIOLATED)
_14150_/C                               0.750000    1.164125   -0.414125 (VIOLATED)
fanout557/X                             0.750000    1.164125   -0.414125 (VIOLATED)
fanout424/A                             0.750000    1.163418   -0.413418 (VIOLATED)
fanout425/A                             0.750000    1.163411   -0.413411 (VIOLATED)
_13152_/A1                              0.750000    1.163248   -0.413248 (VIOLATED)
fanout344/A                             0.750000    1.163212   -0.413212 (VIOLATED)
fanout345/A                             0.750000    1.163209   -0.413209 (VIOLATED)
fanout426/A                             0.750000    1.163004   -0.413004 (VIOLATED)
fanout427/A                             0.750000    1.162988   -0.412988 (VIOLATED)
fanout428/X                             0.750000    1.162987   -0.412987 (VIOLATED)
_14115_/A0                              0.750000    1.162705   -0.412705 (VIOLATED)
_14151_/A0                              0.750000    1.162682   -0.412682 (VIOLATED)
_14223_/A0                              0.750000    1.162678   -0.412678 (VIOLATED)
_14043_/A0                              0.750000    1.162677   -0.412677 (VIOLATED)
_14187_/A0                              0.750000    1.162636   -0.412636 (VIOLATED)
_14259_/A0                              0.750000    1.162635   -0.412635 (VIOLATED)
_14079_/A0                              0.750000    1.162604   -0.412604 (VIOLATED)
_14007_/A0                              0.750000    1.162585   -0.412585 (VIOLATED)
fanout346/X                             0.750000    1.162585   -0.412585 (VIOLATED)
_10892_/B2                              0.750000    1.158035   -0.408035 (VIOLATED)
_11266_/B1                              0.750000    1.157997   -0.407997 (VIOLATED)
_11271_/A1                              0.750000    1.157994   -0.407994 (VIOLATED)
fanout1884/A                            0.750000    1.157960   -0.407960 (VIOLATED)
fanout1888/A                            0.750000    1.157844   -0.407844 (VIOLATED)
fanout1886/A                            0.750000    1.157812   -0.407812 (VIOLATED)
fanout1889/X                            0.750000    1.157812   -0.407812 (VIOLATED)
_10817_/A2                              0.750000    1.157785   -0.407785 (VIOLATED)
_10819_/A2                              0.750000    1.157776   -0.407777 (VIOLATED)
_11219_/A2                              0.750000    1.157749   -0.407749 (VIOLATED)
_11214_/A2                              0.750000    1.157742   -0.407742 (VIOLATED)
_11222_/A2                              0.750000    1.157725   -0.407725 (VIOLATED)
_11223_/A2                              0.750000    1.157724   -0.407724 (VIOLATED)
_11239_/A2                              0.750000    1.157662   -0.407662 (VIOLATED)
fanout1946/A                            0.750000    1.157562   -0.407562 (VIOLATED)
fanout1948/X                            0.750000    1.157562   -0.407562 (VIOLATED)
_11551_/C1                              0.750000    1.156209   -0.406209 (VIOLATED)
_11589_/A1                              0.750000    1.156209   -0.406209 (VIOLATED)
_11555_/A1                              0.750000    1.156208   -0.406208 (VIOLATED)
_11605_/A                               0.750000    1.156203   -0.406203 (VIOLATED)
_12598_/S                               0.750000    1.156203   -0.406203 (VIOLATED)
_16641_/A1                              0.750000    1.156203   -0.406203 (VIOLATED)
_11580_/A                               0.750000    1.156195   -0.406195 (VIOLATED)
_11585_/C1                              0.750000    1.156140   -0.406140 (VIOLATED)
_11581_/A1                              0.750000    1.156095   -0.406095 (VIOLATED)
_10505_/A                               0.750000    1.156090   -0.406090 (VIOLATED)
fanout1468/X                            0.750000    1.156090   -0.406090 (VIOLATED)
load_slew1642/A                         0.750000    1.152862   -0.402862 (VIOLATED)
_09452_/A                               0.750000    1.152859   -0.402860 (VIOLATED)
_10713_/B1                              0.750000    1.152838   -0.402839 (VIOLATED)
_10837_/B1                              0.750000    1.152834   -0.402834 (VIOLATED)
_09303_/B1                              0.750000    1.152830   -0.402830 (VIOLATED)
_11241_/B1                              0.750000    1.152814   -0.402814 (VIOLATED)
fanout1641/X                            0.750000    1.152811   -0.402811 (VIOLATED)
_10946_/A2                              0.750000    1.149091   -0.399091 (VIOLATED)
_10943_/A2                              0.750000    1.149083   -0.399083 (VIOLATED)
fanout1956/A                            0.750000    1.149071   -0.399071 (VIOLATED)
_10952_/A2                              0.750000    1.149058   -0.399058 (VIOLATED)
fanout1953/A                            0.750000    1.149053   -0.399053 (VIOLATED)
fanout1951/A                            0.750000    1.148960   -0.398961 (VIOLATED)
fanout1958/X                            0.750000    1.148960   -0.398961 (VIOLATED)
_09854_/A1                              0.750000    1.147647   -0.397647 (VIOLATED)
_10877_/A                               0.750000    1.147647   -0.397647 (VIOLATED)
_10880_/A                               0.750000    1.147645   -0.397645 (VIOLATED)
fanout2049/A                            0.750000    1.147619   -0.397620 (VIOLATED)
_10913_/A                               0.750000    1.147618   -0.397618 (VIOLATED)
_11265_/A                               0.750000    1.147610   -0.397610 (VIOLATED)
_10887_/A                               0.750000    1.147605   -0.397605 (VIOLATED)
_09346_/A_N                             0.750000    1.147570   -0.397571 (VIOLATED)
_09348_/A2                              0.750000    1.147568   -0.397568 (VIOLATED)
_09349_/A_N                             0.750000    1.147568   -0.397568 (VIOLATED)
fanout2051/X                            0.750000    1.147568   -0.397568 (VIOLATED)
_12072_/A1                              0.750000    1.146043   -0.396043 (VIOLATED)
_12366_/A1                              0.750000    1.146037   -0.396037 (VIOLATED)
_12063_/A1                              0.750000    1.146029   -0.396029 (VIOLATED)
fanout269/A                             0.750000    1.145911   -0.395911 (VIOLATED)
fanout267/A                             0.750000    1.145867   -0.395867 (VIOLATED)
fanout270/A                             0.750000    1.145803   -0.395803 (VIOLATED)
fanout268/A                             0.750000    1.145751   -0.395751 (VIOLATED)
_12155_/A1                              0.750000    1.145691   -0.395691 (VIOLATED)
_12166_/A1                              0.750000    1.145680   -0.395680 (VIOLATED)
_12402_/A1                              0.750000    1.145662   -0.395662 (VIOLATED)
_12408_/A                               0.750000    1.145600   -0.395600 (VIOLATED)
fanout1670/X                            0.750000    1.145598   -0.395598 (VIOLATED)
_11685_/A                               0.750000    1.145543   -0.395543 (VIOLATED)
_11532_/A                               0.750000    1.145542   -0.395542 (VIOLATED)
_11465_/A                               0.750000    1.145537   -0.395537 (VIOLATED)
_11655_/A                               0.750000    1.145520   -0.395520 (VIOLATED)
_11699_/A1                              0.750000    1.145495   -0.395495 (VIOLATED)
_11751_/D                               0.750000    1.145460   -0.395460 (VIOLATED)
fanout272/A                             0.750000    1.145430   -0.395430 (VIOLATED)
fanout274/A                             0.750000    1.145221   -0.395222 (VIOLATED)
fanout275/X                             0.750000    1.145194   -0.395194 (VIOLATED)
_11628_/A                               0.750000    1.145109   -0.395109 (VIOLATED)
_11708_/B1                              0.750000    1.145107   -0.395107 (VIOLATED)
_11671_/B1                              0.750000    1.145102   -0.395102 (VIOLATED)
_21478_/D                               0.750000    1.145059   -0.395059 (VIOLATED)
fanout539/X                             0.750000    1.145059   -0.395059 (VIOLATED)
_16765_/B1                              0.750000    1.144842   -0.394842 (VIOLATED)
_16709_/B1                              0.750000    1.144840   -0.394840 (VIOLATED)
_16736_/B1                              0.750000    1.144835   -0.394836 (VIOLATED)
_16790_/B1                              0.750000    1.144827   -0.394827 (VIOLATED)
_15457_/B1                              0.750000    1.144820   -0.394820 (VIOLATED)
_15274_/B2                              0.750000    1.144818   -0.394818 (VIOLATED)
_15639_/C1                              0.750000    1.144818   -0.394818 (VIOLATED)
_15640_/A2                              0.750000    1.144818   -0.394818 (VIOLATED)
_16819_/A                               0.750000    1.144818   -0.394818 (VIOLATED)
_16851_/A1                              0.750000    1.144818   -0.394818 (VIOLATED)
fanout1591/X                            0.750000    1.144818   -0.394818 (VIOLATED)
_16263_/B1                              0.750000    1.144093   -0.394093 (VIOLATED)
_16510_/B1                              0.750000    1.144088   -0.394088 (VIOLATED)
fanout621/A                             0.750000    1.144044   -0.394044 (VIOLATED)
fanout623/A                             0.750000    1.144009   -0.394009 (VIOLATED)
fanout625/A                             0.750000    1.144007   -0.394007 (VIOLATED)
fanout627/X                             0.750000    1.144007   -0.394007 (VIOLATED)
fanout864/A                             0.750000    1.137655   -0.387655 (VIOLATED)
fanout869/A                             0.750000    1.137638   -0.387638 (VIOLATED)
_16020_/B1                              0.750000    1.137633   -0.387633 (VIOLATED)
fanout871/A                             0.750000    1.137630   -0.387630 (VIOLATED)
fanout867/A                             0.750000    1.137629   -0.387629 (VIOLATED)
fanout872/X                             0.750000    1.137628   -0.387628 (VIOLATED)
_17033_/A2                              0.750000    1.136732   -0.386732 (VIOLATED)
_17084_/A2                              0.750000    1.136728   -0.386728 (VIOLATED)
_17107_/A2                              0.750000    1.136727   -0.386727 (VIOLATED)
_17137_/A2                              0.750000    1.136707   -0.386707 (VIOLATED)
fanout1968/A                            0.750000    1.136623   -0.386623 (VIOLATED)
_12436_/A2                              0.750000    1.136555   -0.386555 (VIOLATED)
fanout1967/A                            0.750000    1.136467   -0.386467 (VIOLATED)
fanout1969/X                            0.750000    1.136463   -0.386463 (VIOLATED)
fanout482/A                             0.750000    1.136013   -0.386013 (VIOLATED)
fanout475/A                             0.750000    1.136011   -0.386012 (VIOLATED)
fanout476/A                             0.750000    1.136009   -0.386009 (VIOLATED)
fanout478/A                             0.750000    1.135782   -0.385782 (VIOLATED)
fanout477/A                             0.750000    1.135774   -0.385774 (VIOLATED)
fanout483/X                             0.750000    1.135458   -0.385458 (VIOLATED)
_17300_/S                               0.750000    1.134143   -0.384143 (VIOLATED)
_17308_/S                               0.750000    1.134119   -0.384119 (VIOLATED)
_17310_/S                               0.750000    1.134094   -0.384094 (VIOLATED)
_17306_/S                               0.750000    1.134084   -0.384084 (VIOLATED)
_17298_/S                               0.750000    1.134060   -0.384060 (VIOLATED)
fanout1549/X                            0.750000    1.134060   -0.384060 (VIOLATED)
_15316_/A1                              0.750000    1.128762   -0.378762 (VIOLATED)
_16410_/B2                              0.750000    1.128699   -0.378699 (VIOLATED)
_13727_/B                               0.750000    1.128697   -0.378697 (VIOLATED)
_13875_/B                               0.750000    1.128696   -0.378696 (VIOLATED)
_13764_/B                               0.750000    1.128695   -0.378695 (VIOLATED)
_13838_/B                               0.750000    1.128695   -0.378695 (VIOLATED)
_13801_/B                               0.750000    1.128694   -0.378694 (VIOLATED)
_13912_/B                               0.750000    1.128692   -0.378692 (VIOLATED)
_13653_/B                               0.750000    1.128690   -0.378690 (VIOLATED)
_16044_/B1                              0.750000    1.128664   -0.378664 (VIOLATED)
fanout563/X                             0.750000    1.128664   -0.378664 (VIOLATED)
_11629_/B                               0.750000    1.128488   -0.378488 (VIOLATED)
_11677_/B                               0.750000    1.128166   -0.378166 (VIOLATED)
_11661_/B1                              0.750000    1.128166   -0.378166 (VIOLATED)
_11532_/B                               0.750000    1.128148   -0.378148 (VIOLATED)
_11653_/A                               0.750000    1.128134   -0.378134 (VIOLATED)
_11690_/A                               0.750000    1.128131   -0.378131 (VIOLATED)
_11654_/C1                              0.750000    1.128127   -0.378127 (VIOLATED)
_11791_/A1                              0.750000    1.128098   -0.378098 (VIOLATED)
_11531_/A                               0.750000    1.128095   -0.378095 (VIOLATED)
_21477_/D                               0.750000    1.128095   -0.378095 (VIOLATED)
fanout538/X                             0.750000    1.128095   -0.378095 (VIOLATED)
_17832_/S                               0.750000    1.127591   -0.377591 (VIOLATED)
_17840_/S                               0.750000    1.127546   -0.377546 (VIOLATED)
_17838_/S                               0.750000    1.127449   -0.377449 (VIOLATED)
_17842_/S                               0.750000    1.127431   -0.377431 (VIOLATED)
_17830_/S                               0.750000    1.127421   -0.377421 (VIOLATED)
fanout1267/X                            0.750000    1.127421   -0.377421 (VIOLATED)
_17423_/S                               0.750000    1.127020   -0.377021 (VIOLATED)
_17415_/S                               0.750000    1.126964   -0.376964 (VIOLATED)
_17429_/S                               0.750000    1.126961   -0.376961 (VIOLATED)
_17421_/S                               0.750000    1.126960   -0.376960 (VIOLATED)
_17445_/S                               0.750000    1.126913   -0.376913 (VIOLATED)
fanout1342/X                            0.750000    1.126913   -0.376913 (VIOLATED)
wire1343/A                              0.750000    1.126913   -0.376913 (VIOLATED)
_11230_/A2                              0.750000    1.124694   -0.374694 (VIOLATED)
_11232_/B1                              0.750000    1.124691   -0.374691 (VIOLATED)
_11308_/A2                              0.750000    1.124676   -0.374676 (VIOLATED)
fanout1827/A                            0.750000    1.124667   -0.374667 (VIOLATED)
_11311_/A2                              0.750000    1.124655   -0.374655 (VIOLATED)
_12165_/B1                              0.750000    1.124623   -0.374623 (VIOLATED)
fanout1650/A                            0.750000    1.124574   -0.374574 (VIOLATED)
_11073_/A2                              0.750000    1.124561   -0.374561 (VIOLATED)
fanout1829/A                            0.750000    1.124559   -0.374559 (VIOLATED)
fanout1831/X                            0.750000    1.124559   -0.374559 (VIOLATED)
fanout1654/A                            0.750000    1.124544   -0.374544 (VIOLATED)
fanout1649/A                            0.750000    1.124529   -0.374529 (VIOLATED)
fanout1647/A                            0.750000    1.124521   -0.374521 (VIOLATED)
fanout1656/X                            0.750000    1.124521   -0.374521 (VIOLATED)
_11026_/A2                              0.750000    1.123717   -0.373717 (VIOLATED)
_11029_/A2                              0.750000    1.123713   -0.373713 (VIOLATED)
_10780_/A2                              0.750000    1.123708   -0.373708 (VIOLATED)
_10783_/A2                              0.750000    1.123703   -0.373703 (VIOLATED)
_11039_/A2                              0.750000    1.123694   -0.373694 (VIOLATED)
_11043_/A2                              0.750000    1.123681   -0.373681 (VIOLATED)
_10757_/A2                              0.750000    1.123670   -0.373670 (VIOLATED)
_11049_/A2                              0.750000    1.123670   -0.373670 (VIOLATED)
fanout1918/A                            0.750000    1.123670   -0.373670 (VIOLATED)
fanout1920/X                            0.750000    1.123670   -0.373670 (VIOLATED)
fanout307/A                             0.750000    1.120073   -0.370073 (VIOLATED)
ANTENNA_63/DIODE                        0.750000    1.120032   -0.370032 (VIOLATED)
fanout309/A                             0.750000    1.120032   -0.370032 (VIOLATED)
fanout304/A                             0.750000    1.119518   -0.369518 (VIOLATED)
fanout303/A                             0.750000    1.119503   -0.369503 (VIOLATED)
_12724_/X                               0.750000    1.119493   -0.369493 (VIOLATED)
_12767_/B                               0.750000    1.118585   -0.368585 (VIOLATED)
_15437_/A                               0.750000    1.118566   -0.368566 (VIOLATED)
_16321_/A                               0.750000    1.118429   -0.368429 (VIOLATED)
_16463_/A1                              0.750000    1.118422   -0.368422 (VIOLATED)
fanout597/A                             0.750000    1.118422   -0.368422 (VIOLATED)
fanout598/X                             0.750000    1.118422   -0.368422 (VIOLATED)
_10822_/A1                              0.750000    1.115540   -0.365540 (VIOLATED)
_10699_/A1                              0.750000    1.115473   -0.365473 (VIOLATED)
fanout705/A                             0.750000    1.115390   -0.365390 (VIOLATED)
fanout707/A                             0.750000    1.115388   -0.365388 (VIOLATED)
_16201_/B1                              0.750000    1.115376   -0.365376 (VIOLATED)
fanout710/A                             0.750000    1.115368   -0.365368 (VIOLATED)
_10712_/A1                              0.750000    1.115356   -0.365356 (VIOLATED)
fanout720/A                             0.750000    1.115345   -0.365346 (VIOLATED)
fanout721/X                             0.750000    1.115343   -0.365343 (VIOLATED)
_11067_/A1                              0.750000    1.115029   -0.365029 (VIOLATED)
load_slew1987/A                         0.750000    1.114890   -0.364890 (VIOLATED)
fanout1986/X                            0.750000    1.114878   -0.364878 (VIOLATED)
fanout2055/A                            0.750000    1.113599   -0.363599 (VIOLATED)
fanout2057/A                            0.750000    1.113592   -0.363592 (VIOLATED)
_10689_/A                               0.750000    1.113552   -0.363552 (VIOLATED)
_11217_/A                               0.750000    1.113529   -0.363529 (VIOLATED)
_10816_/A                               0.750000    1.113522   -0.363522 (VIOLATED)
_09336_/A1                              0.750000    1.113423   -0.363423 (VIOLATED)
_09337_/A1                              0.750000    1.113423   -0.363423 (VIOLATED)
fanout2058/X                            0.750000    1.113423   -0.363423 (VIOLATED)
_11212_/A                               0.750000    1.111624   -0.361624 (VIOLATED)
_11213_/B                               0.750000    1.111616   -0.361616 (VIOLATED)
_11338_/A2_N                            0.750000    1.111596   -0.361596 (VIOLATED)
_12730_/A1                              0.750000    1.111216   -0.361216 (VIOLATED)
_12761_/A1                              0.750000    1.110853   -0.360853 (VIOLATED)
_11211_/Y                               0.750000    1.110636   -0.360637 (VIOLATED)
_18267_/A1_N                            0.750000    1.109650   -0.359650 (VIOLATED)
_18258_/A1_N                            0.750000    1.109646   -0.359646 (VIOLATED)
_18250_/A1_N                            0.750000    1.109633   -0.359633 (VIOLATED)
_18245_/A1_N                            0.750000    1.109631   -0.359631 (VIOLATED)
_18235_/A1_N                            0.750000    1.109628   -0.359628 (VIOLATED)
_12416_/A                               0.750000    1.109612   -0.359612 (VIOLATED)
_11621_/B2                              0.750000    1.109588   -0.359588 (VIOLATED)
_11596_/B2                              0.750000    1.109586   -0.359586 (VIOLATED)
_11570_/B2                              0.750000    1.109583   -0.359583 (VIOLATED)
_11464_/A1_N                            0.750000    1.109576   -0.359576 (VIOLATED)
fanout1609/X                            0.750000    1.109572   -0.359572 (VIOLATED)
_16535_/B1                              0.750000    1.108749   -0.358749 (VIOLATED)
_16548_/B1                              0.750000    1.108718   -0.358718 (VIOLATED)
fanout875/A                             0.750000    1.108616   -0.358616 (VIOLATED)
fanout877/A                             0.750000    1.108480   -0.358480 (VIOLATED)
fanout879/A                             0.750000    1.108396   -0.358396 (VIOLATED)
_15476_/A2                              0.750000    1.108391   -0.358391 (VIOLATED)
fanout880/X                             0.750000    1.108391   -0.358391 (VIOLATED)
fanout317/A                             0.750000    1.104387   -0.354387 (VIOLATED)
fanout316/A                             0.750000    1.104364   -0.354364 (VIOLATED)
fanout315/A                             0.750000    1.104333   -0.354333 (VIOLATED)
_10239_/C1                              0.750000    1.104218   -0.354218 (VIOLATED)
_10270_/A                               0.750000    1.104187   -0.354187 (VIOLATED)
wire1626/A                              0.750000    1.104176   -0.354176 (VIOLATED)
fanout1621/A                            0.750000    1.104173   -0.354173 (VIOLATED)
fanout1624/X                            0.750000    1.104173   -0.354173 (VIOLATED)
fanout310/A                             0.750000    1.103931   -0.353931 (VIOLATED)
fanout312/A                             0.750000    1.103931   -0.353931 (VIOLATED)
fanout318/X                             0.750000    1.103931   -0.353931 (VIOLATED)
_09797_/B1                              0.750000    1.103866   -0.353866 (VIOLATED)
_10291_/A2                              0.750000    1.103858   -0.353858 (VIOLATED)
_10295_/A2                              0.750000    1.103855   -0.353855 (VIOLATED)
_10297_/A2                              0.750000    1.103849   -0.353849 (VIOLATED)
_10312_/A2                              0.750000    1.103838   -0.353838 (VIOLATED)
load_slew1800/A                         0.750000    1.103838   -0.353838 (VIOLATED)
_10120_/A2                              0.750000    1.103819   -0.353819 (VIOLATED)
fanout1799/X                            0.750000    1.103819   -0.353819 (VIOLATED)
_10209_/B2                              0.750000    1.101357   -0.351357 (VIOLATED)
_10357_/A                               0.750000    1.101244   -0.351244 (VIOLATED)
load_slew1715/A                         0.750000    1.101193   -0.351193 (VIOLATED)
fanout1709/A                            0.750000    1.100856   -0.350856 (VIOLATED)
fanout1714/X                            0.750000    1.100832   -0.350832 (VIOLATED)
fanout1812/A                            0.750000    1.099253   -0.349253 (VIOLATED)
_11206_/B2                              0.750000    1.099251   -0.349251 (VIOLATED)
_11202_/B1                              0.750000    1.099242   -0.349242 (VIOLATED)
fanout1809/A                            0.750000    1.099228   -0.349228 (VIOLATED)
fanout1806/A                            0.750000    1.099219   -0.349219 (VIOLATED)
fanout1807/A                            0.750000    1.099168   -0.349168 (VIOLATED)
fanout1814/X                            0.750000    1.099168   -0.349168 (VIOLATED)
_17524_/S                               0.750000    1.098836   -0.348836 (VIOLATED)
_17541_/S                               0.750000    1.098760   -0.348760 (VIOLATED)
_17533_/S                               0.750000    1.098728   -0.348728 (VIOLATED)
_17535_/S                               0.750000    1.098636   -0.348636 (VIOLATED)
_17543_/S                               0.750000    1.098605   -0.348605 (VIOLATED)
fanout1332/X                            0.750000    1.098601   -0.348601 (VIOLATED)
_12923_/A1                              0.750000    1.090389   -0.340389 (VIOLATED)
_15044_/A1                              0.750000    1.090382   -0.340382 (VIOLATED)
_15008_/A1                              0.750000    1.090378   -0.340378 (VIOLATED)
_12961_/A1                              0.750000    1.090365   -0.340365 (VIOLATED)
_12885_/A1                              0.750000    1.090340   -0.340341 (VIOLATED)
_12809_/A1                              0.750000    1.090338   -0.340338 (VIOLATED)
_12847_/A1                              0.750000    1.090313   -0.340313 (VIOLATED)
_12771_/A1                              0.750000    1.090292   -0.340292 (VIOLATED)
_13916_/A1                              0.750000    1.089655   -0.339655 (VIOLATED)
ANTENNA_74/DIODE                        0.750000    1.089630   -0.339630 (VIOLATED)
fanout473/A                             0.750000    1.089593   -0.339593 (VIOLATED)
fanout474/X                             0.750000    1.089591   -0.339591 (VIOLATED)
_11920_/S                               0.750000    1.088892   -0.338892 (VIOLATED)
_11919_/S0                              0.750000    1.088888   -0.338888 (VIOLATED)
fanout2504/A                            0.750000    1.088840   -0.338840 (VIOLATED)
fanout2510/A                            0.750000    1.088754   -0.338754 (VIOLATED)
fanout2507/A                            0.750000    1.088631   -0.338631 (VIOLATED)
fanout2512/X                            0.750000    1.088342   -0.338342 (VIOLATED)
_12449_/S                               0.750000    1.086024   -0.336024 (VIOLATED)
_12454_/S                               0.750000    1.086024   -0.336024 (VIOLATED)
_12546_/A1                              0.750000    1.086023   -0.336023 (VIOLATED)
_12538_/A1                              0.750000    1.086023   -0.336023 (VIOLATED)
_12459_/S                               0.750000    1.086021   -0.336021 (VIOLATED)
_12531_/S                               0.750000    1.086018   -0.336018 (VIOLATED)
_12550_/S                               0.750000    1.086007   -0.336007 (VIOLATED)
_12562_/S                               0.750000    1.085984   -0.335984 (VIOLATED)
_12568_/S                               0.750000    1.085984   -0.335984 (VIOLATED)
_12573_/S                               0.750000    1.085984   -0.335984 (VIOLATED)
fanout1589/X                            0.750000    1.085984   -0.335984 (VIOLATED)
_17781_/S                               0.750000    1.085825   -0.335826 (VIOLATED)
_17797_/S                               0.750000    1.085790   -0.335790 (VIOLATED)
load_slew1275/A                         0.750000    1.085765   -0.335765 (VIOLATED)
_17780_/S                               0.750000    1.085762   -0.335762 (VIOLATED)
_17794_/S                               0.750000    1.085762   -0.335762 (VIOLATED)
fanout1273/X                            0.750000    1.085762   -0.335762 (VIOLATED)
_15244_/A1                              0.750000    1.085285   -0.335285 (VIOLATED)
_14696_/C                               0.750000    1.085259   -0.335259 (VIOLATED)
_14732_/C                               0.750000    1.085259   -0.335259 (VIOLATED)
_14913_/C                               0.750000    1.085259   -0.335259 (VIOLATED)
_14841_/C                               0.750000    1.085257   -0.335257 (VIOLATED)
_14877_/C                               0.750000    1.085257   -0.335257 (VIOLATED)
_14805_/C                               0.750000    1.085251   -0.335251 (VIOLATED)
_15770_/B1                              0.750000    1.085246   -0.335246 (VIOLATED)
_14624_/C                               0.750000    1.085245   -0.335245 (VIOLATED)
_14660_/C                               0.750000    1.085243   -0.335243 (VIOLATED)
fanout544/X                             0.750000    1.085243   -0.335243 (VIOLATED)
_12716_/A0                              0.750000    1.084713   -0.334713 (VIOLATED)
_14772_/A0                              0.750000    1.084709   -0.334709 (VIOLATED)
_14953_/A0                              0.750000    1.084709   -0.334709 (VIOLATED)
_13971_/A0                              0.750000    1.084702   -0.334702 (VIOLATED)
_14990_/A0                              0.750000    1.084692   -0.334691 (VIOLATED)
_13823_/A0                              0.750000    1.084645   -0.334645 (VIOLATED)
_13934_/A0                              0.750000    1.084644   -0.334644 (VIOLATED)
_14261_/A0                              0.750000    1.084581   -0.334581 (VIOLATED)
_14225_/A0                              0.750000    1.084564   -0.334564 (VIOLATED)
_16766_/A1                              0.750000    1.084559   -0.334559 (VIOLATED)
_16708_/A                               0.750000    1.084557   -0.334557 (VIOLATED)
_16190_/A1                              0.750000    1.084550   -0.334550 (VIOLATED)
_16737_/A1                              0.750000    1.084547   -0.334547 (VIOLATED)
_16789_/A                               0.750000    1.084540   -0.334540 (VIOLATED)
fanout327/A                             0.750000    1.084534   -0.334534 (VIOLATED)
fanout328/X                             0.750000    1.084532   -0.334532 (VIOLATED)
_15272_/A                               0.750000    1.084531   -0.334531 (VIOLATED)
_09228_/B                               0.750000    1.084509   -0.334509 (VIOLATED)
_09229_/B                               0.750000    1.084506   -0.334506 (VIOLATED)
_15825_/A1                              0.750000    1.084505   -0.334505 (VIOLATED)
_16009_/A1                              0.750000    1.084505   -0.334505 (VIOLATED)
fanout1971/X                            0.750000    1.084505   -0.334505 (VIOLATED)
fanout198/A                             0.750000    1.083407   -0.333407 (VIOLATED)
fanout201/A                             0.750000    1.083311   -0.333311 (VIOLATED)
fanout202/A                             0.750000    1.083280   -0.333280 (VIOLATED)
fanout199/A                             0.750000    1.083254   -0.333254 (VIOLATED)
fanout200/A                             0.750000    1.083246   -0.333246 (VIOLATED)
fanout203/X                             0.750000    1.082948   -0.332948 (VIOLATED)
_13164_/A0                              0.750000    1.082770   -0.332770 (VIOLATED)
_14372_/A0                              0.750000    1.082768   -0.332768 (VIOLATED)
_13970_/A0                              0.750000    1.082767   -0.332767 (VIOLATED)
_14989_/A0                              0.750000    1.082758   -0.332758 (VIOLATED)
_13563_/A0                              0.750000    1.082750   -0.332750 (VIOLATED)
_14952_/A0                              0.750000    1.082745   -0.332745 (VIOLATED)
_14771_/A0                              0.750000    1.082742   -0.332742 (VIOLATED)
_12713_/A0                              0.750000    1.082738   -0.332738 (VIOLATED)
fanout336/A                             0.750000    1.082482   -0.332482 (VIOLATED)
fanout335/A                             0.750000    1.082466   -0.332466 (VIOLATED)
fanout337/X                             0.750000    1.082466   -0.332466 (VIOLATED)
_16263_/A2                              0.750000    1.081690   -0.331690 (VIOLATED)
_16512_/A2                              0.750000    1.081666   -0.331666 (VIOLATED)
fanout680/A                             0.750000    1.081643   -0.331643 (VIOLATED)
fanout682/A                             0.750000    1.081617   -0.331617 (VIOLATED)
fanout684/A                             0.750000    1.081584   -0.331584 (VIOLATED)
fanout686/X                             0.750000    1.081577   -0.331577 (VIOLATED)
_16265_/A2                              0.750000    1.080432   -0.330432 (VIOLATED)
_16509_/A2                              0.750000    1.080425   -0.330425 (VIOLATED)
fanout801/A                             0.750000    1.080401   -0.330401 (VIOLATED)
fanout803/A                             0.750000    1.080340   -0.330340 (VIOLATED)
fanout805/A                             0.750000    1.080331   -0.330331 (VIOLATED)
fanout806/X                             0.750000    1.080331   -0.330331 (VIOLATED)
_17557_/S                               0.750000    1.080323   -0.330323 (VIOLATED)
_17556_/S                               0.750000    1.080314   -0.330314 (VIOLATED)
_17554_/S                               0.750000    1.080209   -0.330209 (VIOLATED)
load_slew1326/A                         0.750000    1.080176   -0.330176 (VIOLATED)
_17562_/S                               0.750000    1.080136   -0.330136 (VIOLATED)
_17548_/S                               0.750000    1.079738   -0.329738 (VIOLATED)
fanout1325/X                            0.750000    1.079738   -0.329738 (VIOLATED)
_16192_/S                               0.750000    1.078838   -0.328838 (VIOLATED)
_15641_/S                               0.750000    1.078821   -0.328821 (VIOLATED)
_16592_/S                               0.750000    1.078794   -0.328794 (VIOLATED)
fanout1387/X                            0.750000    1.078794   -0.328794 (VIOLATED)
wire1389/A                              0.750000    1.078794   -0.328794 (VIOLATED)
_17107_/A1                              0.750000    1.077942   -0.327942 (VIOLATED)
_17137_/A1                              0.750000    1.077929   -0.327929 (VIOLATED)
_16490_/B1                              0.750000    1.077870   -0.327871 (VIOLATED)
_16228_/A2                              0.750000    1.077849   -0.327849 (VIOLATED)
fanout2300/A                            0.750000    1.077834   -0.327834 (VIOLATED)
fanout776/A                             0.750000    1.077829   -0.327829 (VIOLATED)
fanout773/A                             0.750000    1.077802   -0.327802 (VIOLATED)
fanout780/A                             0.750000    1.077798   -0.327798 (VIOLATED)
fanout782/X                             0.750000    1.077798   -0.327798 (VIOLATED)
_16826_/A1                              0.750000    1.077775   -0.327775 (VIOLATED)
_17187_/A1                              0.750000    1.077690   -0.327690 (VIOLATED)
fanout2299/A                            0.750000    1.077554   -0.327554 (VIOLATED)
fanout2298/A                            0.750000    1.077542   -0.327542 (VIOLATED)
fanout2301/X                            0.750000    1.077530   -0.327530 (VIOLATED)
_11908_/A                               0.750000    1.077233   -0.327233 (VIOLATED)
_11876_/A1                              0.750000    1.077231   -0.327231 (VIOLATED)
_11864_/A                               0.750000    1.077215   -0.327215 (VIOLATED)
_12011_/A1                              0.750000    1.077189   -0.327189 (VIOLATED)
_12001_/A                               0.750000    1.077174   -0.327174 (VIOLATED)
fanout2398/X                            0.750000    1.077174   -0.327174 (VIOLATED)
load_slew2399/A                         0.750000    1.077174   -0.327174 (VIOLATED)
_17084_/A1                              0.750000    1.074416   -0.324416 (VIOLATED)
_16900_/A1                              0.750000    1.074413   -0.324413 (VIOLATED)
_16875_/A1                              0.750000    1.074401   -0.324401 (VIOLATED)
_17033_/A1                              0.750000    1.074379   -0.324379 (VIOLATED)
_09252_/A                               0.750000    1.074376   -0.324376 (VIOLATED)
_16954_/A1                              0.750000    1.074350   -0.324351 (VIOLATED)
_17002_/A1                              0.750000    1.074318   -0.324318 (VIOLATED)
_16979_/A1                              0.750000    1.074317   -0.324316 (VIOLATED)
_16931_/A1                              0.750000    1.074307   -0.324307 (VIOLATED)
_17158_/A1                              0.750000    1.074307   -0.324307 (VIOLATED)
fanout2300/X                            0.750000    1.074307   -0.324307 (VIOLATED)
_17444_/S                               0.750000    1.071649   -0.321649 (VIOLATED)
_17436_/S                               0.750000    1.071636   -0.321636 (VIOLATED)
_17434_/S                               0.750000    1.071631   -0.321631 (VIOLATED)
_17442_/S                               0.750000    1.071629   -0.321629 (VIOLATED)
_17425_/S                               0.750000    1.071626   -0.321626 (VIOLATED)
fanout1341/X                            0.750000    1.071626   -0.321626 (VIOLATED)
fanout2147/A                            0.750000    1.071323   -0.321323 (VIOLATED)
fanout2145/A                            0.750000    1.071306   -0.321306 (VIOLATED)
_11163_/C1                              0.750000    1.071276   -0.321276 (VIOLATED)
_11164_/B1_N                            0.750000    1.071243   -0.321243 (VIOLATED)
fanout2142/A                            0.750000    1.071154   -0.321154 (VIOLATED)
fanout2151/A                            0.750000    1.071079   -0.321079 (VIOLATED)
fanout2153/X                            0.750000    1.071079   -0.321079 (VIOLATED)
wire596/A                               0.750000    1.070074   -0.320074 (VIOLATED)
wire595/A                               0.750000    1.070066   -0.320066 (VIOLATED)
_15869_/A1                              0.750000    1.070002   -0.320002 (VIOLATED)
_15361_/A1                              0.750000    1.069926   -0.319926 (VIOLATED)
_16077_/B1                              0.750000    1.069861   -0.319861 (VIOLATED)
_15108_/A                               0.750000    1.069858   -0.319858 (VIOLATED)
_15525_/A                               0.750000    1.069802   -0.319802 (VIOLATED)
fanout594/X                             0.750000    1.069500   -0.319500 (VIOLATED)
_17391_/S                               0.750000    1.067404   -0.317404 (VIOLATED)
_17390_/S                               0.750000    1.067403   -0.317403 (VIOLATED)
_17382_/S                               0.750000    1.067308   -0.317308 (VIOLATED)
_17388_/S                               0.750000    1.067289   -0.317289 (VIOLATED)
load_slew1539/A                         0.750000    1.067286   -0.317286 (VIOLATED)
_17396_/S                               0.750000    1.067257   -0.317257 (VIOLATED)
fanout1538/X                            0.750000    1.067255   -0.317255 (VIOLATED)
_11861_/A1                              0.750000    1.064999   -0.314999 (VIOLATED)
_12184_/A1                              0.750000    1.064998   -0.314998 (VIOLATED)
_12176_/A1                              0.750000    1.064990   -0.314990 (VIOLATED)
_11848_/A1                              0.750000    1.064970   -0.314970 (VIOLATED)
_11831_/A1                              0.750000    1.064950   -0.314951 (VIOLATED)
_11841_/A1                              0.750000    1.064949   -0.314949 (VIOLATED)
_11922_/A1                              0.750000    1.064928   -0.314928 (VIOLATED)
_12034_/A1                              0.750000    1.064921   -0.314921 (VIOLATED)
fanout1680/X                            0.750000    1.064921   -0.314921 (VIOLATED)
_17085_/B2                              0.750000    1.064805   -0.314805 (VIOLATED)
_17108_/B2                              0.750000    1.064803   -0.314803 (VIOLATED)
_17138_/B2                              0.750000    1.064793   -0.314794 (VIOLATED)
fanout1599/A                            0.750000    1.064780   -0.314780 (VIOLATED)
fanout1598/A                            0.750000    1.064724   -0.314724 (VIOLATED)
fanout1600/X                            0.750000    1.064724   -0.314724 (VIOLATED)
_17494_/S                               0.750000    1.064019   -0.314019 (VIOLATED)
_17486_/S                               0.750000    1.063982   -0.313982 (VIOLATED)
_17483_/S                               0.750000    1.063969   -0.313969 (VIOLATED)
_17492_/S                               0.750000    1.063897   -0.313897 (VIOLATED)
fanout1518/X                            0.750000    1.063814   -0.313814 (VIOLATED)
wire1519/A                              0.750000    1.063814   -0.313814 (VIOLATED)
_16536_/A2                              0.750000    1.062278   -0.312278 (VIOLATED)
_16549_/A2                              0.750000    1.062248   -0.312248 (VIOLATED)
fanout816/A                             0.750000    1.062172   -0.312172 (VIOLATED)
fanout818/A                             0.750000    1.062091   -0.312091 (VIOLATED)
fanout881/A                             0.750000    1.061850   -0.311850 (VIOLATED)
_16117_/A2                              0.750000    1.061806   -0.311806 (VIOLATED)
_16129_/B1                              0.750000    1.061772   -0.311772 (VIOLATED)
fanout887/A                             0.750000    1.061759   -0.311759 (VIOLATED)
fanout883/A                             0.750000    1.061743   -0.311744 (VIOLATED)
_16313_/A2                              0.750000    1.061739   -0.311739 (VIOLATED)
fanout889/X                             0.750000    1.061739   -0.311739 (VIOLATED)
fanout820/A                             0.750000    1.061689   -0.311689 (VIOLATED)
fanout822/X                             0.750000    1.061689   -0.311689 (VIOLATED)
fanout205/A                             0.750000    1.061498   -0.311498 (VIOLATED)
_14997_/A1                              0.750000    1.061453   -0.311453 (VIOLATED)
fanout207/A                             0.750000    1.061440   -0.311440 (VIOLATED)
_13941_/A1                              0.750000    1.061365   -0.311365 (VIOLATED)
_13904_/A1                              0.750000    1.061274   -0.311274 (VIOLATED)
fanout210/A                             0.750000    1.061236   -0.311236 (VIOLATED)
fanout211/X                             0.750000    1.060942   -0.310942 (VIOLATED)
_17849_/S                               0.750000    1.059280   -0.309280 (VIOLATED)
_17857_/S                               0.750000    1.059278   -0.309278 (VIOLATED)
_17855_/S                               0.750000    1.059268   -0.309268 (VIOLATED)
load_slew1490/A                         0.750000    1.059187   -0.309187 (VIOLATED)
fanout1489/X                            0.750000    1.059184   -0.309184 (VIOLATED)
load_slew1491/A                         0.750000    1.059184   -0.309184 (VIOLATED)
_16726_/B2                              0.750000    1.058850   -0.308850 (VIOLATED)
_16687_/B1                              0.750000    1.058849   -0.308849 (VIOLATED)
_16754_/B1                              0.750000    1.058846   -0.308847 (VIOLATED)
_17166_/B1                              0.750000    1.058844   -0.308844 (VIOLATED)
_16665_/B2                              0.750000    1.058838   -0.308838 (VIOLATED)
_16779_/B1                              0.750000    1.058838   -0.308838 (VIOLATED)
_16580_/B1                              0.750000    1.058833   -0.308833 (VIOLATED)
_12606_/A1                              0.750000    1.058827   -0.308827 (VIOLATED)
_11581_/A2                              0.750000    1.058825   -0.308825 (VIOLATED)
_11607_/A1                              0.750000    1.058825   -0.308825 (VIOLATED)
fanout1163/X                            0.750000    1.058825   -0.308825 (VIOLATED)
_11889_/C1                              0.750000    1.051492   -0.301492 (VIOLATED)
_11891_/A2                              0.750000    1.051489   -0.301489 (VIOLATED)
_11937_/C1                              0.750000    1.051478   -0.301478 (VIOLATED)
_12130_/S                               0.750000    1.051435   -0.301435 (VIOLATED)
_12327_/S                               0.750000    1.051404   -0.301404 (VIOLATED)
load_slew2357/A                         0.750000    1.051369   -0.301369 (VIOLATED)
_12148_/S                               0.750000    1.051366   -0.301366 (VIOLATED)
fanout2356/X                            0.750000    1.051366   -0.301366 (VIOLATED)
_12723_/A0                              0.750000    1.047457   -0.297457 (VIOLATED)
ANTENNA_96/DIODE                        0.750000    1.047452   -0.297452 (VIOLATED)
_12546_/A2                              0.750000    1.047445   -0.297445 (VIOLATED)
_11305_/A2                              0.750000    1.047436   -0.297436 (VIOLATED)
_11339_/B2                              0.750000    1.047434   -0.297434 (VIOLATED)
ANTENNA_61/DIODE                        0.750000    1.047188   -0.297188 (VIOLATED)
_12753_/A1                              0.750000    1.047160   -0.297160 (VIOLATED)
_11275_/X                               0.750000    1.046924   -0.296924 (VIOLATED)
_16900_/A3                              0.750000    1.045814   -0.295814 (VIOLATED)
_09252_/B                               0.750000    1.045810   -0.295810 (VIOLATED)
_16875_/A3                              0.750000    1.045809   -0.295809 (VIOLATED)
_16954_/A2                              0.750000    1.045804   -0.295804 (VIOLATED)
_12529_/B                               0.750000    1.045780   -0.295780 (VIOLATED)
_12543_/B                               0.750000    1.045780   -0.295780 (VIOLATED)
_16979_/A2                              0.750000    1.045780   -0.295780 (VIOLATED)
_17002_/A2                              0.750000    1.045778   -0.295778 (VIOLATED)
_12535_/B                               0.750000    1.045777   -0.295777 (VIOLATED)
_17158_/A2                              0.750000    1.045773   -0.295773 (VIOLATED)
fanout1968/X                            0.750000    1.045773   -0.295773 (VIOLATED)
_12653_/B                               0.750000    1.045264   -0.295264 (VIOLATED)
_09367_/A2                              0.750000    1.045251   -0.295251 (VIOLATED)
_09366_/A2                              0.750000    1.045247   -0.295247 (VIOLATED)
_11350_/A                               0.750000    1.045245   -0.295245 (VIOLATED)
_11087_/A                               0.750000    1.045221   -0.295221 (VIOLATED)
_15006_/A1                              0.750000    1.044386   -0.294386 (VIOLATED)
fanout491/A                             0.750000    1.044342   -0.294342 (VIOLATED)
fanout484/A                             0.750000    1.044324   -0.294324 (VIOLATED)
fanout485/A                             0.750000    1.044315   -0.294315 (VIOLATED)
_12681_/A1                              0.750000    1.044281   -0.294281 (VIOLATED)
fanout488/A                             0.750000    1.044111   -0.294111 (VIOLATED)
fanout492/X                             0.750000    1.044111   -0.294111 (VIOLATED)
_14092_/A1                              0.750000    1.043892   -0.293892 (VIOLATED)
_14200_/A1                              0.750000    1.043892   -0.293892 (VIOLATED)
_14164_/A1                              0.750000    1.043890   -0.293890 (VIOLATED)
_14236_/A1                              0.750000    1.043883   -0.293883 (VIOLATED)
_14347_/A1                              0.750000    1.043792   -0.293792 (VIOLATED)
_14456_/A1                              0.750000    1.043791   -0.293791 (VIOLATED)
_14492_/A1                              0.750000    1.043786   -0.293786 (VIOLATED)
_09365_/X                               0.750000    1.043780   -0.293780 (VIOLATED)
_14311_/A1                              0.750000    1.043765   -0.293765 (VIOLATED)
_14420_/A1                              0.750000    1.043765   -0.293765 (VIOLATED)
_14528_/A1                              0.750000    1.043765   -0.293765 (VIOLATED)
fanout264/X                             0.750000    1.043765   -0.293765 (VIOLATED)
_17333_/S                               0.750000    1.043164   -0.293164 (VIOLATED)
_17341_/S                               0.750000    1.043154   -0.293154 (VIOLATED)
_17343_/S                               0.750000    1.043052   -0.293052 (VIOLATED)
_17339_/S                               0.750000    1.043043   -0.293043 (VIOLATED)
_17331_/S                               0.750000    1.043037   -0.293038 (VIOLATED)
fanout1364/X                            0.750000    1.043037   -0.293038 (VIOLATED)
_15790_/A2                              0.750000    1.041713   -0.291713 (VIOLATED)
_16024_/A2                              0.750000    1.041703   -0.291703 (VIOLATED)
_16042_/A2                              0.750000    1.041667   -0.291667 (VIOLATED)
_16364_/A2                              0.750000    1.041663   -0.291663 (VIOLATED)
_15879_/A2                              0.750000    1.041339   -0.291339 (VIOLATED)
_15461_/A2                              0.750000    1.041331   -0.291331 (VIOLATED)
_15813_/A2                              0.750000    1.041327   -0.291327 (VIOLATED)
_15477_/A2                              0.750000    1.041303   -0.291303 (VIOLATED)
fanout1061/X                            0.750000    1.041295   -0.291295 (VIOLATED)
_16019_/B1                              0.750000    1.038506   -0.288506 (VIOLATED)
_16386_/B1                              0.750000    1.038497   -0.288497 (VIOLATED)
fanout630/A                             0.750000    1.038456   -0.288456 (VIOLATED)
fanout632/A                             0.750000    1.038408   -0.288408 (VIOLATED)
fanout634/A                             0.750000    1.038391   -0.288391 (VIOLATED)
fanout636/X                             0.750000    1.038391   -0.288391 (VIOLATED)
fanout1815/A                            0.750000    1.036556   -0.286557 (VIOLATED)
fanout1817/A                            0.750000    1.036551   -0.286551 (VIOLATED)
_10910_/B1                              0.750000    1.036548   -0.286548 (VIOLATED)
_11116_/A2                              0.750000    1.036546   -0.286546 (VIOLATED)
_11119_/B2                              0.750000    1.036545   -0.286545 (VIOLATED)
fanout1818/A                            0.750000    1.036541   -0.286541 (VIOLATED)
fanout1820/X                            0.750000    1.036539   -0.286539 (VIOLATED)
_17301_/S                               0.750000    1.035910   -0.285910 (VIOLATED)
_17303_/S                               0.750000    1.035892   -0.285892 (VIOLATED)
_17311_/S                               0.750000    1.035836   -0.285836 (VIOLATED)
_17366_/S                               0.750000    1.035794   -0.285794 (VIOLATED)
_17374_/S                               0.750000    1.035779   -0.285779 (VIOLATED)
_17376_/S                               0.750000    1.035729   -0.285729 (VIOLATED)
_17372_/S                               0.750000    1.035689   -0.285689 (VIOLATED)
_17364_/S                               0.750000    1.035686   -0.285686 (VIOLATED)
fanout1354/X                            0.750000    1.035686   -0.285686 (VIOLATED)
load_slew1545/A                         0.750000    1.035654   -0.285654 (VIOLATED)
_17293_/S                               0.750000    1.035653   -0.285653 (VIOLATED)
fanout1544/X                            0.750000    1.035653   -0.285653 (VIOLATED)
_17456_/S                               0.750000    1.035441   -0.285441 (VIOLATED)
_17457_/S                               0.750000    1.035424   -0.285424 (VIOLATED)
_17448_/S                               0.750000    1.035423   -0.285423 (VIOLATED)
_17454_/S                               0.750000    1.035338   -0.285338 (VIOLATED)
_17478_/S                               0.750000    1.035266   -0.285266 (VIOLATED)
fanout1530/X                            0.750000    1.035264   -0.285264 (VIOLATED)
load_slew1531/A                         0.750000    1.035264   -0.285264 (VIOLATED)
fanout949/A                             0.750000    1.034701   -0.284701 (VIOLATED)
fanout955/A                             0.750000    1.034670   -0.284670 (VIOLATED)
fanout951/A                             0.750000    1.034646   -0.284646 (VIOLATED)
_16440_/A2                              0.750000    1.034642   -0.284642 (VIOLATED)
fanout953/A                             0.750000    1.034642   -0.284642 (VIOLATED)
fanout957/X                             0.750000    1.034642   -0.284642 (VIOLATED)
_14379_/A                               0.750000    1.032340   -0.282340 (VIOLATED)
_13171_/A                               0.750000    1.032339   -0.282339 (VIOLATED)
_13570_/A                               0.750000    1.032337   -0.282337 (VIOLATED)
_13977_/A                               0.750000    1.032336   -0.282336 (VIOLATED)
_14959_/A                               0.750000    1.032331   -0.282331 (VIOLATED)
_14996_/A                               0.750000    1.032330   -0.282330 (VIOLATED)
_12736_/B                               0.750000    1.032329   -0.282329 (VIOLATED)
_14778_/A                               0.750000    1.032327   -0.282327 (VIOLATED)
_13681_/A                               0.750000    1.031929   -0.281929 (VIOLATED)
_13718_/A                               0.750000    1.031929   -0.281929 (VIOLATED)
fanout285/X                             0.750000    1.031925   -0.281925 (VIOLATED)
_09736_/A1                              0.750000    1.031627   -0.281627 (VIOLATED)
_09630_/A1                              0.750000    1.031624   -0.281624 (VIOLATED)
_09726_/B1                              0.750000    1.031611   -0.281612 (VIOLATED)
wire1745/A                              0.750000    1.031607   -0.281607 (VIOLATED)
_10359_/A1                              0.750000    1.031601   -0.281601 (VIOLATED)
_09691_/A1                              0.750000    1.031592   -0.281592 (VIOLATED)
fanout1744/X                            0.750000    1.031592   -0.281592 (VIOLATED)
_13543_/A                               0.750000    1.031415   -0.281415 (VIOLATED)
_13988_/A                               0.750000    1.031412   -0.281412 (VIOLATED)
fanout495/A                             0.750000    1.031405   -0.281405 (VIOLATED)
load_slew498/A                          0.750000    1.031399   -0.281399 (VIOLATED)
fanout493/A                             0.750000    1.030894   -0.280894 (VIOLATED)
_12442_/A2                              0.750000    1.030894   -0.280894 (VIOLATED)
fanout496/X                             0.750000    1.030892   -0.280892 (VIOLATED)
fanout1966/A                            0.750000    1.030890   -0.280890 (VIOLATED)
_17187_/A2                              0.750000    1.030889   -0.280889 (VIOLATED)
_18211_/B                               0.750000    1.030887   -0.280887 (VIOLATED)
_16765_/A3                              0.750000    1.030867   -0.280867 (VIOLATED)
_09259_/C1                              0.750000    1.030866   -0.280866 (VIOLATED)
_16709_/A3                              0.750000    1.030867   -0.280867 (VIOLATED)
_16736_/A3                              0.750000    1.030866   -0.280866 (VIOLATED)
_16790_/A3                              0.750000    1.030866   -0.280866 (VIOLATED)
_16850_/A3                              0.750000    1.030866   -0.280866 (VIOLATED)
fanout1967/X                            0.750000    1.030866   -0.280866 (VIOLATED)
fanout2469/A                            0.750000    1.030777   -0.280777 (VIOLATED)
fanout2466/A                            0.750000    1.030755   -0.280755 (VIOLATED)
fanout2483/A                            0.750000    1.030722   -0.280723 (VIOLATED)
fanout2470/A                            0.750000    1.030721   -0.280721 (VIOLATED)
fanout2473/A                            0.750000    1.030721   -0.280721 (VIOLATED)
fanout2485/X                            0.750000    1.030721   -0.280721 (VIOLATED)
_10654_/A                               0.750000    1.030455   -0.280455 (VIOLATED)
_11052_/A                               0.750000    1.030447   -0.280447 (VIOLATED)
_10806_/A                               0.750000    1.030404   -0.280404 (VIOLATED)
wire1640/A                              0.750000    1.030344   -0.280344 (VIOLATED)
_11333_/B1                              0.750000    1.030279   -0.280279 (VIOLATED)
_11303_/B1                              0.750000    1.030264   -0.280264 (VIOLATED)
fanout1639/X                            0.750000    1.030264   -0.280264 (VIOLATED)
_12605_/B1                              0.750000    1.029035   -0.279035 (VIOLATED)
_16607_/A                               0.750000    1.029033   -0.279033 (VIOLATED)
_16782_/B2                              0.750000    1.029029   -0.279029 (VIOLATED)
fanout1415/A                            0.750000    1.029026   -0.279026 (VIOLATED)
_17167_/C1                              0.750000    1.029016   -0.279016 (VIOLATED)
_17204_/A1                              0.750000    1.029015   -0.279015 (VIOLATED)
_16757_/A                               0.750000    1.029013   -0.279013 (VIOLATED)
_16686_/B1                              0.750000    1.029010   -0.279010 (VIOLATED)
_16730_/A1                              0.750000    1.029010   -0.279010 (VIOLATED)
fanout1416/X                            0.750000    1.029010   -0.279010 (VIOLATED)
fanout217/A                             0.750000    1.027872   -0.277872 (VIOLATED)
fanout218/A                             0.750000    1.027869   -0.277869 (VIOLATED)
_13641_/A0                              0.750000    1.027853   -0.277853 (VIOLATED)
_12794_/A0                              0.750000    1.027833   -0.277833 (VIOLATED)
_12870_/A0                              0.750000    1.027833   -0.277833 (VIOLATED)
fanout219/A                             0.750000    1.027833   -0.277833 (VIOLATED)
fanout220/X                             0.750000    1.027833   -0.277833 (VIOLATED)
_18348_/B2                              0.750000    1.027092   -0.277092 (VIOLATED)
_18357_/B2                              0.750000    1.027091   -0.277091 (VIOLATED)
_18323_/B2                              0.750000    1.027083   -0.277083 (VIOLATED)
_18335_/B2                              0.750000    1.027074   -0.277074 (VIOLATED)
_18315_/A1                              0.750000    1.027070   -0.277070 (VIOLATED)
_18330_/B2                              0.750000    1.027063   -0.277063 (VIOLATED)
_18387_/B2                              0.750000    1.027061   -0.277061 (VIOLATED)
_18304_/B2                              0.750000    1.027057   -0.277057 (VIOLATED)
_18297_/A1                              0.750000    1.027056   -0.277056 (VIOLATED)
_18290_/A1                              0.750000    1.027051   -0.277051 (VIOLATED)
fanout1613/X                            0.750000    1.027051   -0.277051 (VIOLATED)
_11622_/A                               0.750000    1.026817   -0.276817 (VIOLATED)
_11649_/B                               0.750000    1.026814   -0.276814 (VIOLATED)
_11640_/A                               0.750000    1.026812   -0.276812 (VIOLATED)
_11571_/A                               0.750000    1.026807   -0.276807 (VIOLATED)
_11623_/A                               0.750000    1.026807   -0.276807 (VIOLATED)
_11627_/B                               0.750000    1.026807   -0.276807 (VIOLATED)
_11639_/A                               0.750000    1.026808   -0.276808 (VIOLATED)
_11648_/A                               0.750000    1.026807   -0.276807 (VIOLATED)
_11656_/A                               0.750000    1.026807   -0.276807 (VIOLATED)
_11683_/A                               0.750000    1.026807   -0.276807 (VIOLATED)
fanout536/X                             0.750000    1.026807   -0.276807 (VIOLATED)
_16133_/B1                              0.750000    1.026683   -0.276683 (VIOLATED)
fanout825/A                             0.750000    1.026656   -0.276656 (VIOLATED)
fanout827/A                             0.750000    1.026555   -0.276555 (VIOLATED)
fanout829/A                             0.750000    1.026552   -0.276552 (VIOLATED)
_12963_/A1                              0.750000    1.026326   -0.276326 (VIOLATED)
_12773_/A1                              0.750000    1.026325   -0.276325 (VIOLATED)
_12811_/A1                              0.750000    1.026324   -0.276324 (VIOLATED)
_12887_/A1                              0.750000    1.026324   -0.276324 (VIOLATED)
_15046_/A1                              0.750000    1.026318   -0.276318 (VIOLATED)
_12849_/A1                              0.750000    1.026316   -0.276316 (VIOLATED)
_12925_/A1                              0.750000    1.026307   -0.276307 (VIOLATED)
ANTENNA_73/DIODE                        0.750000    1.026295   -0.276295 (VIOLATED)
_13293_/A1                              0.750000    1.026295   -0.276295 (VIOLATED)
_15010_/A1                              0.750000    1.026293   -0.276293 (VIOLATED)
fanout456/A                             0.750000    1.026251   -0.276251 (VIOLATED)
fanout457/X                             0.750000    1.026251   -0.276251 (VIOLATED)
fanout837/A                             0.750000    1.026019   -0.276019 (VIOLATED)
fanout838/X                             0.750000    1.026019   -0.276019 (VIOLATED)
_17033_/B1                              0.750000    1.025954   -0.275954 (VIOLATED)
_17107_/B1                              0.750000    1.025948   -0.275948 (VIOLATED)
_17084_/B1                              0.750000    1.025946   -0.275946 (VIOLATED)
_16900_/B1                              0.750000    1.025908   -0.275908 (VIOLATED)
_16875_/B1                              0.750000    1.025884   -0.275884 (VIOLATED)
_16954_/B1                              0.750000    1.025850   -0.275850 (VIOLATED)
_16979_/B1                              0.750000    1.025812   -0.275812 (VIOLATED)
_17002_/B1                              0.750000    1.025808   -0.275808 (VIOLATED)
_17158_/B1                              0.750000    1.025754   -0.275754 (VIOLATED)
_16931_/B1                              0.750000    1.025751   -0.275751 (VIOLATED)
fanout1592/X                            0.750000    1.025751   -0.275751 (VIOLATED)
_11070_/C1                              0.750000    1.025248   -0.275248 (VIOLATED)
_11064_/B1_N                            0.750000    1.025246   -0.275246 (VIOLATED)
_11074_/S                               0.750000    1.025245   -0.275245 (VIOLATED)
_11054_/B1                              0.750000    1.025242   -0.275242 (VIOLATED)
_11063_/C1                              0.750000    1.025242   -0.275242 (VIOLATED)
fanout766/A                             0.750000    1.025239   -0.275239 (VIOLATED)
_11314_/C1                              0.750000    1.025237   -0.275237 (VIOLATED)
_11057_/B1_N                            0.750000    1.025236   -0.275237 (VIOLATED)
_11315_/B1_N                            0.750000    1.025236   -0.275236 (VIOLATED)
_11309_/B1                              0.750000    1.025234   -0.275234 (VIOLATED)
_11306_/B1_N                            0.750000    1.025230   -0.275230 (VIOLATED)
fanout2130/X                            0.750000    1.025230   -0.275230 (VIOLATED)
fanout1786/A                            0.750000    1.025224   -0.275224 (VIOLATED)
fanout768/A                             0.750000    1.025204   -0.275204 (VIOLATED)
_16127_/B1                              0.750000    1.025126   -0.275126 (VIOLATED)
fanout771/A                             0.750000    1.025125   -0.275125 (VIOLATED)
_16314_/A2                              0.750000    1.025120   -0.275120 (VIOLATED)
fanout773/X                             0.750000    1.025120   -0.275120 (VIOLATED)
_10258_/A1                              0.750000    1.024944   -0.274944 (VIOLATED)
_11426_/A                               0.750000    1.024941   -0.274941 (VIOLATED)
_11432_/A1                              0.750000    1.024930   -0.274930 (VIOLATED)
_11535_/A                               0.750000    1.024902   -0.274902 (VIOLATED)
_11474_/S                               0.750000    1.024902   -0.274902 (VIOLATED)
_11536_/A                               0.750000    1.024892   -0.274892 (VIOLATED)
_11417_/B                               0.750000    1.024891   -0.274891 (VIOLATED)
_11420_/C1                              0.750000    1.024886   -0.274886 (VIOLATED)
_16908_/A1                              0.750000    1.024875   -0.274875 (VIOLATED)
_17162_/A                               0.750000    1.024875   -0.274875 (VIOLATED)
fanout1455/X                            0.750000    1.024875   -0.274875 (VIOLATED)
wire1793/A                              0.750000    1.024742   -0.274742 (VIOLATED)
fanout1790/A                            0.750000    1.024675   -0.274675 (VIOLATED)
fanout1792/X                            0.750000    1.024675   -0.274675 (VIOLATED)
fanout765/A                             0.750000    1.022230   -0.272230 (VIOLATED)
_09333_/B                               0.750000    1.022221   -0.272221 (VIOLATED)
fanout796/A                             0.750000    1.022145   -0.272145 (VIOLATED)
_12919_/Y                               0.750000    1.021885   -0.271885 (VIOLATED)
_11083_/A1_N                            0.750000    1.021703   -0.271704 (VIOLATED)
_11086_/A                               0.750000    1.021640   -0.271640 (VIOLATED)
_09728_/S                               0.750000    1.021298   -0.271298 (VIOLATED)
fanout2276/A                            0.750000    1.021283   -0.271283 (VIOLATED)
_09744_/S                               0.750000    1.021283   -0.271283 (VIOLATED)
_09743_/S                               0.750000    1.021269   -0.271269 (VIOLATED)
_09745_/S0                              0.750000    1.021266   -0.271266 (VIOLATED)
fanout2272/A                            0.750000    1.021175   -0.271175 (VIOLATED)
fanout2278/X                            0.750000    1.021175   -0.271175 (VIOLATED)
_12656_/A                               0.750000    1.021162   -0.271162 (VIOLATED)
_12684_/A1                              0.750000    1.019966   -0.269966 (VIOLATED)
_09332_/X                               0.750000    1.019855   -0.269855 (VIOLATED)
_16806_/B2                              0.750000    1.017572   -0.267572 (VIOLATED)
_16963_/B2                              0.750000    1.017570   -0.267570 (VIOLATED)
_17152_/B2                              0.750000    1.017567   -0.267567 (VIOLATED)
_16993_/B2                              0.750000    1.017564   -0.267564 (VIOLATED)
_11447_/A1                              0.750000    1.017555   -0.267555 (VIOLATED)
_11563_/B1                              0.750000    1.017554   -0.267554 (VIOLATED)
_11522_/A1                              0.750000    1.017550   -0.267550 (VIOLATED)
_10054_/A2                              0.750000    1.017549   -0.267549 (VIOLATED)
_11609_/A1                              0.750000    1.017547   -0.267547 (VIOLATED)
_11583_/A1                              0.750000    1.017545   -0.267545 (VIOLATED)
fanout1154/X                            0.750000    1.017545   -0.267545 (VIOLATED)
_10973_/A2                              0.750000    1.017307   -0.267307 (VIOLATED)
_10977_/A2                              0.750000    1.017301   -0.267301 (VIOLATED)
fanout1937/A                            0.750000    1.017290   -0.267290 (VIOLATED)
fanout1935/A                            0.750000    1.017263   -0.267263 (VIOLATED)
fanout1934/A                            0.750000    1.017238   -0.267238 (VIOLATED)
fanout1939/X                            0.750000    1.017238   -0.267238 (VIOLATED)
_15669_/B1                              0.750000    1.017163   -0.267163 (VIOLATED)
_15680_/B1                              0.750000    1.017159   -0.267159 (VIOLATED)
_16547_/B1                              0.750000    1.017159   -0.267159 (VIOLATED)
_16536_/B1                              0.750000    1.017157   -0.267157 (VIOLATED)
_15630_/B1                              0.750000    1.017148   -0.267148 (VIOLATED)
_15182_/A2                              0.750000    1.017144   -0.267144 (VIOLATED)
_16162_/A2                              0.750000    1.017138   -0.267138 (VIOLATED)
_15999_/B1                              0.750000    1.017128   -0.267128 (VIOLATED)
_15611_/B1                              0.750000    1.017101   -0.267101 (VIOLATED)
fanout761/X                             0.750000    1.017099   -0.267099 (VIOLATED)
fanout2096/A                            0.750000    1.015750   -0.265750 (VIOLATED)
fanout2094/A                            0.750000    1.015749   -0.265749 (VIOLATED)
_11320_/B1_N                            0.750000    1.015748   -0.265748 (VIOLATED)
_11325_/C1                              0.750000    1.015748   -0.265748 (VIOLATED)
_11327_/S                               0.750000    1.015748   -0.265748 (VIOLATED)
_11328_/S                               0.750000    1.015748   -0.265748 (VIOLATED)
_11330_/S                               0.750000    1.015748   -0.265748 (VIOLATED)
fanout2099/A                            0.750000    1.015748   -0.265748 (VIOLATED)
fanout2101/X                            0.750000    1.015748   -0.265748 (VIOLATED)
_18196_/S                               0.750000    1.014619   -0.264619 (VIOLATED)
_18204_/S                               0.750000    1.014613   -0.264613 (VIOLATED)
_18206_/S                               0.750000    1.014557   -0.264557 (VIOLATED)
_18202_/S                               0.750000    1.014548   -0.264548 (VIOLATED)
_18194_/S                               0.750000    1.014546   -0.264546 (VIOLATED)
fanout1188/X                            0.750000    1.014546   -0.264546 (VIOLATED)
fanout2489/A                            0.750000    1.011410   -0.261410 (VIOLATED)
fanout2487/A                            0.750000    1.011390   -0.261390 (VIOLATED)
fanout2501/A                            0.750000    1.011373   -0.261373 (VIOLATED)
fanout2493/A                            0.750000    1.011364   -0.261364 (VIOLATED)
fanout2491/A                            0.750000    1.011346   -0.261346 (VIOLATED)
fanout2503/X                            0.750000    1.011346   -0.261346 (VIOLATED)
_11191_/A                               0.750000    1.011264   -0.261264 (VIOLATED)
_11201_/A                               0.750000    1.011244   -0.261244 (VIOLATED)
fanout2043/A                            0.750000    1.011215   -0.261215 (VIOLATED)
fanout2045/A                            0.750000    1.011099   -0.261099 (VIOLATED)
fanout2047/A                            0.750000    1.011051   -0.261051 (VIOLATED)
fanout2048/X                            0.750000    1.011051   -0.261051 (VIOLATED)
_11873_/S1                              0.750000    1.010917   -0.260917 (VIOLATED)
_12163_/S1                              0.750000    1.010902   -0.260902 (VIOLATED)
_12150_/S1                              0.750000    1.010885   -0.260885 (VIOLATED)
_12152_/S1                              0.750000    1.010874   -0.260874 (VIOLATED)
load_slew2413/A                         0.750000    1.010869   -0.260869 (VIOLATED)
_12399_/S1                              0.750000    1.010862   -0.260862 (VIOLATED)
fanout2410/A                            0.750000    1.010862   -0.260862 (VIOLATED)
fanout2412/X                            0.750000    1.010862   -0.260862 (VIOLATED)
_11146_/S                               0.750000    1.010745   -0.260745 (VIOLATED)
_11145_/S                               0.750000    1.010741   -0.260741 (VIOLATED)
_11132_/B1_N                            0.750000    1.010731   -0.260731 (VIOLATED)
_10931_/B1                              0.750000    1.010721   -0.260721 (VIOLATED)
_10928_/B1_N                            0.750000    1.010717   -0.260717 (VIOLATED)
_10935_/B1_N                            0.750000    1.010715   -0.260715 (VIOLATED)
_10951_/S                               0.750000    1.010713   -0.260713 (VIOLATED)
_10938_/B1                              0.750000    1.010706   -0.260706 (VIOLATED)
_10944_/C1                              0.750000    1.010689   -0.260689 (VIOLATED)
_10945_/B1_N                            0.750000    1.010676   -0.260676 (VIOLATED)
fanout2144/X                            0.750000    1.010676   -0.260676 (VIOLATED)
_17477_/S                               0.750000    1.005148   -0.255148 (VIOLATED)
_17469_/S                               0.750000    1.005120   -0.255120 (VIOLATED)
_17467_/S                               0.750000    1.005101   -0.255101 (VIOLATED)
_17475_/S                               0.750000    1.005075   -0.255075 (VIOLATED)
_17458_/S                               0.750000    1.004946   -0.254946 (VIOLATED)
_17473_/S                               0.750000    1.004925   -0.254925 (VIOLATED)
fanout1529/X                            0.750000    1.004922   -0.254922 (VIOLATED)
_16279_/B1                              0.750000    1.004241   -0.254241 (VIOLATED)
_15506_/B1                              0.750000    1.004241   -0.254241 (VIOLATED)
_15831_/B1                              0.750000    1.004236   -0.254236 (VIOLATED)
_14841_/B                               0.750000    1.004233   -0.254233 (VIOLATED)
_16060_/A2                              0.750000    1.004221   -0.254221 (VIOLATED)
_15087_/B1                              0.750000    1.004198   -0.254198 (VIOLATED)
_15511_/A2                              0.750000    1.004175   -0.254175 (VIOLATED)
_16445_/A2                              0.750000    1.004169   -0.254169 (VIOLATED)
_14514_/B                               0.750000    1.004168   -0.254168 (VIOLATED)
_15096_/A2                              0.750000    1.004165   -0.254165 (VIOLATED)
fanout844/X                             0.750000    1.004161   -0.254161 (VIOLATED)
fanout186/A                             0.750000    1.004130   -0.254131 (VIOLATED)
fanout187/A                             0.750000    1.004116   -0.254116 (VIOLATED)
fanout190/A                             0.750000    1.004107   -0.254107 (VIOLATED)
fanout191/A                             0.750000    1.004104   -0.254104 (VIOLATED)
fanout193/A                             0.750000    1.004104   -0.254104 (VIOLATED)
fanout194/X                             0.750000    1.004104   -0.254104 (VIOLATED)
_15528_/B1                              0.750000    1.003333   -0.253333 (VIOLATED)
_16081_/A2                              0.750000    1.003326   -0.253326 (VIOLATED)
_15344_/A2                              0.750000    1.003316   -0.253316 (VIOLATED)
fanout665/A                             0.750000    1.003287   -0.253287 (VIOLATED)
fanout663/A                             0.750000    1.003254   -0.253254 (VIOLATED)
_16425_/B1                              0.750000    1.003215   -0.253215 (VIOLATED)
_15533_/B1                              0.750000    1.003205   -0.253205 (VIOLATED)
_16086_/A2                              0.750000    1.003205   -0.253205 (VIOLATED)
fanout666/X                             0.750000    1.003205   -0.253205 (VIOLATED)
_12357_/A                               0.750000    1.002905   -0.252905 (VIOLATED)
_12224_/A1                              0.750000    1.002853   -0.252853 (VIOLATED)
_12075_/A1                              0.750000    1.002754   -0.252754 (VIOLATED)
_12167_/C1                              0.750000    1.002655   -0.252655 (VIOLATED)
_12281_/A                               0.750000    1.002525   -0.252525 (VIOLATED)
_11881_/B1                              0.750000    1.002501   -0.252501 (VIOLATED)
_18008_/S                               0.750000    1.002467   -0.252467 (VIOLATED)
_17984_/S                               0.750000    1.002466   -0.252466 (VIOLATED)
_11872_/X                               0.750000    1.002441   -0.252441 (VIOLATED)
_17990_/S                               0.750000    1.002419   -0.252419 (VIOLATED)
_18002_/S                               0.750000    1.002379   -0.252379 (VIOLATED)
_17991_/S                               0.750000    1.002310   -0.252310 (VIOLATED)
fanout1473/X                            0.750000    1.002310   -0.252310 (VIOLATED)
load_slew1474/A                         0.750000    1.002310   -0.252310 (VIOLATED)
_10534_/A                               0.750000    0.999637   -0.249637 (VIOLATED)
_10535_/B                               0.750000    0.999636   -0.249636 (VIOLATED)
_10533_/S                               0.750000    0.999633   -0.249633 (VIOLATED)
_10531_/S                               0.750000    0.999631   -0.249631 (VIOLATED)
_10657_/B1_N                            0.750000    0.999625   -0.249625 (VIOLATED)
_10660_/B1                              0.750000    0.999606   -0.249606 (VIOLATED)
_11198_/B1_N                            0.750000    0.999600   -0.249600 (VIOLATED)
_10663_/B1                              0.750000    0.999584   -0.249584 (VIOLATED)
_10666_/B1_N                            0.750000    0.999581   -0.249581 (VIOLATED)
_10671_/B1                              0.750000    0.999574   -0.249574 (VIOLATED)
fanout2098/X                            0.750000    0.999574   -0.249574 (VIOLATED)
_11282_/B1                              0.750000    0.999401   -0.249401 (VIOLATED)
_11296_/A                               0.750000    0.999389   -0.249389 (VIOLATED)
_09329_/B1                              0.750000    0.999367   -0.249367 (VIOLATED)
_10670_/A1                              0.750000    0.999343   -0.249343 (VIOLATED)
_11326_/A                               0.750000    0.999296   -0.249296 (VIOLATED)
_11318_/A1                              0.750000    0.999267   -0.249267 (VIOLATED)
fanout2019/X                            0.750000    0.999267   -0.249267 (VIOLATED)
fanout1882/A                            0.750000    0.998636   -0.248636 (VIOLATED)
fanout1879/A                            0.750000    0.998623   -0.248623 (VIOLATED)
load_slew1895/A                         0.750000    0.998608   -0.248608 (VIOLATED)
fanout1889/A                            0.750000    0.998605   -0.248605 (VIOLATED)
fanout1894/X                            0.750000    0.998605   -0.248605 (VIOLATED)
fanout331/A                             0.750000    0.998499   -0.248499 (VIOLATED)
fanout333/A                             0.750000    0.998473   -0.248473 (VIOLATED)
_14189_/A0                              0.750000    0.998439   -0.248439 (VIOLATED)
fanout328/A                             0.750000    0.998433   -0.248433 (VIOLATED)
_14153_/A0                              0.750000    0.998429   -0.248429 (VIOLATED)
fanout334/X                             0.750000    0.998429   -0.248429 (VIOLATED)
_15969_/A2                              0.750000    0.997425   -0.247425 (VIOLATED)
_16174_/B                               0.750000    0.997419   -0.247419 (VIOLATED)
_16515_/A2                              0.750000    0.997415   -0.247415 (VIOLATED)
_15625_/B1                              0.750000    0.997397   -0.247397 (VIOLATED)
_16266_/A2                              0.750000    0.997360   -0.247360 (VIOLATED)
_15988_/B1                              0.750000    0.997329   -0.247329 (VIOLATED)
_15199_/B1                              0.750000    0.997303   -0.247303 (VIOLATED)
_15203_/A2                              0.750000    0.997303   -0.247303 (VIOLATED)
_16154_/A2                              0.750000    0.997303   -0.247303 (VIOLATED)
fanout805/X                             0.750000    0.997303   -0.247303 (VIOLATED)
_17909_/S                               0.750000    0.996463   -0.246463 (VIOLATED)
_17885_/S                               0.750000    0.996453   -0.246453 (VIOLATED)
_17891_/S                               0.750000    0.996373   -0.246373 (VIOLATED)
ANTENNA_12/DIODE                        0.750000    0.996335   -0.246335 (VIOLATED)
fanout1183/A                            0.750000    0.996335   -0.246335 (VIOLATED)
_17903_/S                               0.750000    0.996317   -0.246317 (VIOLATED)
load_slew1482/A                         0.750000    0.996218   -0.246218 (VIOLATED)
_17892_/S                               0.750000    0.996210   -0.246210 (VIOLATED)
fanout1481/X                            0.750000    0.996207   -0.246207 (VIOLATED)
ANTENNA_11/DIODE                        0.750000    0.996117   -0.246117 (VIOLATED)
fanout1180/A                            0.750000    0.996115   -0.246115 (VIOLATED)
fanout1188/A                            0.750000    0.995927   -0.245927 (VIOLATED)
ANTENNA_13/DIODE                        0.750000    0.995920   -0.245920 (VIOLATED)
fanout1185/A                            0.750000    0.995803   -0.245803 (VIOLATED)
_18177_/X                               0.750000    0.995697   -0.245697 (VIOLATED)
_10500_/A                               0.750000    0.994883   -0.244883 (VIOLATED)
_16603_/C1                              0.750000    0.994882   -0.244882 (VIOLATED)
_11437_/C1                              0.750000    0.994879   -0.244879 (VIOLATED)
_12629_/C1                              0.750000    0.994878   -0.244878 (VIOLATED)
_16667_/C1                              0.750000    0.994868   -0.244868 (VIOLATED)
_11521_/A2_N                            0.750000    0.994832   -0.244832 (VIOLATED)
_11563_/A2_N                            0.750000    0.994820   -0.244820 (VIOLATED)
_16579_/C1                              0.750000    0.994815   -0.244815 (VIOLATED)
_11591_/B1                              0.750000    0.994793   -0.244793 (VIOLATED)
_16783_/A1                              0.750000    0.994775   -0.244775 (VIOLATED)
fanout1158/X                            0.750000    0.994775   -0.244775 (VIOLATED)
_12921_/A1                              0.750000    0.993776   -0.243776 (VIOLATED)
fanout489/A                             0.750000    0.993769   -0.243769 (VIOLATED)
_14569_/A1                              0.750000    0.993741   -0.243741 (VIOLATED)
_14389_/A1                              0.750000    0.993740   -0.243740 (VIOLATED)
_14316_/A1                              0.750000    0.993737   -0.243737 (VIOLATED)
_14533_/A1                              0.750000    0.993736   -0.243736 (VIOLATED)
_14497_/A1                              0.750000    0.993735   -0.243735 (VIOLATED)
_14425_/A1                              0.750000    0.993735   -0.243735 (VIOLATED)
_14461_/A1                              0.750000    0.993735   -0.243735 (VIOLATED)
_14280_/A1                              0.750000    0.993731   -0.243731 (VIOLATED)
fanout490/X                             0.750000    0.993729   -0.243729 (VIOLATED)
_18203_/S                               0.750000    0.992100   -0.242100 (VIOLATED)
_18188_/S                               0.750000    0.992073   -0.242073 (VIOLATED)
_18205_/S                               0.750000    0.992051   -0.242051 (VIOLATED)
fanout1183/X                            0.750000    0.991997   -0.241997 (VIOLATED)
load_slew1184/A                         0.750000    0.991997   -0.241997 (VIOLATED)
_17964_/S                               0.750000    0.991722   -0.241722 (VIOLATED)
_17972_/S                               0.750000    0.991668   -0.241668 (VIOLATED)
_17970_/S                               0.750000    0.991610   -0.241610 (VIOLATED)
_17974_/S                               0.750000    0.991577   -0.241577 (VIOLATED)
_17962_/S                               0.750000    0.991511   -0.241511 (VIOLATED)
fanout1248/X                            0.750000    0.991511   -0.241511 (VIOLATED)
wire1319/A                              0.750000    0.991439   -0.241439 (VIOLATED)
fanout1317/A                            0.750000    0.991427   -0.241427 (VIOLATED)
fanout1314/A                            0.750000    0.991423   -0.241423 (VIOLATED)
_17613_/Y                               0.750000    0.991416   -0.241416 (VIOLATED)
_11723_/A                               0.750000    0.989977   -0.239977 (VIOLATED)
_11724_/A1                              0.750000    0.989977   -0.239977 (VIOLATED)
_11658_/B                               0.750000    0.989975   -0.239975 (VIOLATED)
_11763_/A1                              0.750000    0.989975   -0.239975 (VIOLATED)
_11687_/A2                              0.750000    0.989970   -0.239970 (VIOLATED)
_11756_/A1                              0.750000    0.989968   -0.239968 (VIOLATED)
_11794_/A2                              0.750000    0.989926   -0.239926 (VIOLATED)
_11657_/A                               0.750000    0.989907   -0.239907 (VIOLATED)
_11669_/C                               0.750000    0.989899   -0.239899 (VIOLATED)
_11708_/A3                              0.750000    0.989899   -0.239899 (VIOLATED)
fanout524/X                             0.750000    0.989899   -0.239899 (VIOLATED)
_10604_/B2                              0.750000    0.989574   -0.239574 (VIOLATED)
_10740_/A2                              0.750000    0.989565   -0.239565 (VIOLATED)
_10731_/A2                              0.750000    0.989517   -0.239517 (VIOLATED)
_10734_/A2                              0.750000    0.989514   -0.239514 (VIOLATED)
load_slew1952/A                         0.750000    0.989431   -0.239431 (VIOLATED)
_11143_/A2                              0.750000    0.989350   -0.239350 (VIOLATED)
_16488_/A2                              0.750000    0.989275   -0.239275 (VIOLATED)
_15940_/A2                              0.750000    0.989267   -0.239267 (VIOLATED)
_15290_/A2                              0.750000    0.989249   -0.239250 (VIOLATED)
fanout1949/A                            0.750000    0.989240   -0.239240 (VIOLATED)
fanout1951/X                            0.750000    0.989240   -0.239240 (VIOLATED)
_15562_/B1                              0.750000    0.989235   -0.239235 (VIOLATED)
_16105_/B1                              0.750000    0.989192   -0.239192 (VIOLATED)
_15232_/A2                              0.750000    0.989163   -0.239163 (VIOLATED)
_16229_/B1                              0.750000    0.989122   -0.239122 (VIOLATED)
_15698_/A2                              0.750000    0.989089   -0.239089 (VIOLATED)
_15689_/B1                              0.750000    0.989061   -0.239061 (VIOLATED)
fanout832/X                             0.750000    0.989051   -0.239051 (VIOLATED)
_14647_/A1                              0.750000    0.987802   -0.237802 (VIOLATED)
_14719_/A1                              0.750000    0.987799   -0.237799 (VIOLATED)
_14828_/A1                              0.750000    0.987796   -0.237796 (VIOLATED)
_14792_/A1                              0.750000    0.987793   -0.237793 (VIOLATED)
_14900_/A1                              0.750000    0.987758   -0.237758 (VIOLATED)
_14683_/A1                              0.750000    0.987740   -0.237740 (VIOLATED)
_14864_/A1                              0.750000    0.987725   -0.237725 (VIOLATED)
_14611_/A1                              0.750000    0.987721   -0.237721 (VIOLATED)
_13620_/A1                              0.750000    0.987670   -0.237670 (VIOLATED)
_17110_/A1                              0.750000    0.987629   -0.237629 (VIOLATED)
_17051_/A1                              0.750000    0.987622   -0.237622 (VIOLATED)
_17005_/A1                              0.750000    0.987620   -0.237620 (VIOLATED)
_17068_/A1                              0.750000    0.987619   -0.237619 (VIOLATED)
_17100_/A1                              0.750000    0.987614   -0.237614 (VIOLATED)
_16884_/A1                              0.750000    0.987600   -0.237600 (VIOLATED)
_17161_/A1                              0.750000    0.987550   -0.237550 (VIOLATED)
fanout451/A                             0.750000    0.987508   -0.237508 (VIOLATED)
fanout452/X                             0.750000    0.987508   -0.237508 (VIOLATED)
_16986_/A                               0.750000    0.987498   -0.237498 (VIOLATED)
_17145_/A1                              0.750000    0.987442   -0.237442 (VIOLATED)
_17194_/A1                              0.750000    0.987442   -0.237442 (VIOLATED)
fanout1178/X                            0.750000    0.987442   -0.237442 (VIOLATED)
_16877_/S                               0.750000    0.985875   -0.235875 (VIOLATED)
_17086_/S                               0.750000    0.985874   -0.235874 (VIOLATED)
_17139_/S                               0.750000    0.985859   -0.235859 (VIOLATED)
_17035_/S                               0.750000    0.985854   -0.235854 (VIOLATED)
_16828_/S                               0.750000    0.985851   -0.235851 (VIOLATED)
fanout1395/X                            0.750000    0.985851   -0.235851 (VIOLATED)
fanout248/A                             0.750000    0.985183   -0.235183 (VIOLATED)
fanout249/A                             0.750000    0.985183   -0.235183 (VIOLATED)
_17096_/C1                              0.750000    0.984964   -0.234964 (VIOLATED)
_17164_/B1                              0.750000    0.984964   -0.234964 (VIOLATED)
_17046_/C1                              0.750000    0.984948   -0.234948 (VIOLATED)
_16891_/B2                              0.750000    0.984923   -0.234923 (VIOLATED)
_16860_/B2                              0.750000    0.984908   -0.234908 (VIOLATED)
_16840_/B2                              0.750000    0.984854   -0.234854 (VIOLATED)
_16946_/B2                              0.750000    0.984810   -0.234810 (VIOLATED)
_14495_/A1                              0.750000    0.984758   -0.234758 (VIOLATED)
_14314_/A1                              0.750000    0.984741   -0.234741 (VIOLATED)
_14567_/A1                              0.750000    0.984741   -0.234741 (VIOLATED)
_14350_/A1                              0.750000    0.984738   -0.234738 (VIOLATED)
_14459_/A1                              0.750000    0.984706   -0.234706 (VIOLATED)
_12609_/A1                              0.750000    0.984699   -0.234699 (VIOLATED)
_14531_/A1                              0.750000    0.984690   -0.234690 (VIOLATED)
_14423_/A1                              0.750000    0.984675   -0.234675 (VIOLATED)
_14603_/A1                              0.750000    0.984675   -0.234675 (VIOLATED)
fanout250/X                             0.750000    0.984675   -0.234675 (VIOLATED)
fanout1154/A                            0.750000    0.984666   -0.234666 (VIOLATED)
fanout1155/X                            0.750000    0.984378   -0.234378 (VIOLATED)
_11709_/B1                              0.750000    0.984082   -0.234082 (VIOLATED)
_11705_/A                               0.750000    0.984081   -0.234081 (VIOLATED)
_11783_/A3                              0.750000    0.984070   -0.234070 (VIOLATED)
_11731_/A1                              0.750000    0.984067   -0.234067 (VIOLATED)
_11727_/A1                              0.750000    0.984064   -0.234064 (VIOLATED)
_11747_/A1                              0.750000    0.984058   -0.234058 (VIOLATED)
_11752_/A1                              0.750000    0.984051   -0.234051 (VIOLATED)
_11713_/A1                              0.750000    0.984039   -0.234039 (VIOLATED)
_11698_/B1                              0.750000    0.984033   -0.234033 (VIOLATED)
_11688_/A3                              0.750000    0.984021   -0.234021 (VIOLATED)
fanout526/X                             0.750000    0.984021   -0.234021 (VIOLATED)
wire1797/A                              0.750000    0.983549   -0.233549 (VIOLATED)
_09378_/B                               0.750000    0.983541   -0.233541 (VIOLATED)
_09589_/B2                              0.750000    0.983512   -0.233512 (VIOLATED)
_09659_/B1                              0.750000    0.983511   -0.233511 (VIOLATED)
_09586_/A2                              0.750000    0.983506   -0.233506 (VIOLATED)
fanout1796/X                            0.750000    0.983506   -0.233506 (VIOLATED)
_10150_/A2                              0.750000    0.981343   -0.231343 (VIOLATED)
_09973_/A2                              0.750000    0.981337   -0.231337 (VIOLATED)
_09970_/B                               0.750000    0.981330   -0.231330 (VIOLATED)
_10157_/B2                              0.750000    0.981327   -0.231327 (VIOLATED)
_09954_/A1                              0.750000    0.981308   -0.231308 (VIOLATED)
_10243_/A2                              0.750000    0.981260   -0.231260 (VIOLATED)
_10235_/A2                              0.750000    0.981224   -0.231224 (VIOLATED)
fanout1783/X                            0.750000    0.981219   -0.231219 (VIOLATED)
fanout2133/A                            0.750000    0.980205   -0.230205 (VIOLATED)
_10819_/B1_N                            0.750000    0.980166   -0.230166 (VIOLATED)
_12497_/A2                              0.750000    0.980074   -0.230074 (VIOLATED)
fanout2153/A                            0.750000    0.980063   -0.230063 (VIOLATED)
fanout2136/A                            0.750000    0.980023   -0.230023 (VIOLATED)
fanout2154/X                            0.750000    0.980021   -0.230021 (VIOLATED)
_15964_/A2                              0.750000    0.978999   -0.228999 (VIOLATED)
fanout918/A                             0.750000    0.978991   -0.228991 (VIOLATED)
_16510_/A2                              0.750000    0.978989   -0.228989 (VIOLATED)
_16513_/A2                              0.750000    0.978966   -0.228966 (VIOLATED)
_15530_/A2                              0.750000    0.978962   -0.228962 (VIOLATED)
_16270_/A2                              0.750000    0.978947   -0.228947 (VIOLATED)
_16079_/A2                              0.750000    0.978945   -0.228945 (VIOLATED)
_15342_/B1                              0.750000    0.978925   -0.228925 (VIOLATED)
_16301_/A2                              0.750000    0.978899   -0.228899 (VIOLATED)
fanout922/A                             0.750000    0.978888   -0.228888 (VIOLATED)
fanout924/X                             0.750000    0.978888   -0.228888 (VIOLATED)
fanout960/A                             0.750000    0.978883   -0.228883 (VIOLATED)
fanout958/A                             0.750000    0.978881   -0.228881 (VIOLATED)
_15533_/A2                              0.750000    0.978859   -0.228859 (VIOLATED)
_16085_/A2                              0.750000    0.978851   -0.228851 (VIOLATED)
_15349_/A2                              0.750000    0.978846   -0.228846 (VIOLATED)
fanout962/X                             0.750000    0.978846   -0.228846 (VIOLATED)
_12155_/B1                              0.750000    0.978658   -0.228658 (VIOLATED)
wire2329/A                              0.750000    0.978658   -0.228658 (VIOLATED)
_11995_/B1                              0.750000    0.978657   -0.228657 (VIOLATED)
_11968_/B1                              0.750000    0.978654   -0.228654 (VIOLATED)
_12046_/C1                              0.750000    0.978654   -0.228654 (VIOLATED)
fanout2328/X                            0.750000    0.978654   -0.228654 (VIOLATED)
_11918_/A1                              0.750000    0.977660   -0.227660 (VIOLATED)
_11834_/A                               0.750000    0.977628   -0.227628 (VIOLATED)
_11857_/A1                              0.750000    0.977602   -0.227602 (VIOLATED)
_12178_/A                               0.750000    0.977600   -0.227600 (VIOLATED)
_12170_/A                               0.750000    0.977596   -0.227596 (VIOLATED)
_11844_/A                               0.750000    0.977586   -0.227586 (VIOLATED)
fanout2400/X                            0.750000    0.977586   -0.227586 (VIOLATED)
fanout364/A                             0.750000    0.977233   -0.227233 (VIOLATED)
_13631_/A1                              0.750000    0.977233   -0.227233 (VIOLATED)
_14004_/A1                              0.750000    0.977188   -0.227188 (VIOLATED)
_14040_/A1                              0.750000    0.977188   -0.227188 (VIOLATED)
_14076_/A1                              0.750000    0.977188   -0.227188 (VIOLATED)
_14112_/A1                              0.750000    0.977188   -0.227188 (VIOLATED)
_14148_/A1                              0.750000    0.977188   -0.227188 (VIOLATED)
_14184_/A1                              0.750000    0.977188   -0.227188 (VIOLATED)
_14220_/A1                              0.750000    0.977188   -0.227188 (VIOLATED)
_14256_/A1                              0.750000    0.977188   -0.227188 (VIOLATED)
fanout365/X                             0.750000    0.977188   -0.227188 (VIOLATED)
_17865_/S                               0.750000    0.976750   -0.226750 (VIOLATED)
_17873_/S                               0.750000    0.976708   -0.226708 (VIOLATED)
_17871_/S                               0.750000    0.976664   -0.226664 (VIOLATED)
_17875_/S                               0.750000    0.976634   -0.226634 (VIOLATED)
_17863_/S                               0.750000    0.976595   -0.226595 (VIOLATED)
fanout1497/X                            0.750000    0.976595   -0.226595 (VIOLATED)
_11719_/A                               0.750000    0.975892   -0.225892 (VIOLATED)
_11649_/A                               0.750000    0.975885   -0.225885 (VIOLATED)
_11748_/A1                              0.750000    0.975883   -0.225884 (VIOLATED)
_11702_/A                               0.750000    0.975865   -0.225865 (VIOLATED)
_11636_/A                               0.750000    0.975841   -0.225841 (VIOLATED)
_21476_/D                               0.750000    0.975826   -0.225826 (VIOLATED)
_11790_/A1                              0.750000    0.975824   -0.225824 (VIOLATED)
_11627_/A                               0.750000    0.975819   -0.225819 (VIOLATED)
_11651_/B1                              0.750000    0.975800   -0.225800 (VIOLATED)
_11680_/A                               0.750000    0.975798   -0.225798 (VIOLATED)
fanout531/X                             0.750000    0.975795   -0.225795 (VIOLATED)
_14730_/A1                              0.750000    0.974812   -0.224812 (VIOLATED)
_14911_/A1                              0.750000    0.974811   -0.224811 (VIOLATED)
_14658_/A1                              0.750000    0.974809   -0.224809 (VIOLATED)
_14875_/A1                              0.750000    0.974804   -0.224804 (VIOLATED)
_14622_/A1                              0.750000    0.974800   -0.224800 (VIOLATED)
_14839_/A1                              0.750000    0.974800   -0.224800 (VIOLATED)
_14694_/A1                              0.750000    0.974798   -0.224798 (VIOLATED)
_14295_/A1                              0.750000    0.974764   -0.224764 (VIOLATED)
_14331_/A1                              0.750000    0.974764   -0.224764 (VIOLATED)
_13268_/A1                              0.750000    0.974729   -0.224729 (VIOLATED)
fanout361/X                             0.750000    0.974729   -0.224729 (VIOLATED)
_12959_/A1                              0.750000    0.974578   -0.224578 (VIOLATED)
_12807_/A1                              0.750000    0.974578   -0.224578 (VIOLATED)
_12845_/A1                              0.750000    0.974569   -0.224569 (VIOLATED)
_12883_/A1                              0.750000    0.974567   -0.224567 (VIOLATED)
fanout490/A                             0.750000    0.974552   -0.224552 (VIOLATED)
_12649_/A1                              0.750000    0.974544   -0.224544 (VIOLATED)
_14933_/A1                              0.750000    0.974543   -0.224543 (VIOLATED)
_14353_/A1                              0.750000    0.974542   -0.224542 (VIOLATED)
_13544_/A1                              0.750000    0.974538   -0.224538 (VIOLATED)
_13145_/A1                              0.750000    0.974530   -0.224530 (VIOLATED)
fanout491/X                             0.750000    0.974527   -0.224527 (VIOLATED)
_12492_/A2                              0.750000    0.973022   -0.223022 (VIOLATED)
_12714_/A1                              0.750000    0.973013   -0.223013 (VIOLATED)
_10592_/B                               0.750000    0.972990   -0.222990 (VIOLATED)
_10593_/B                               0.750000    0.972975   -0.222975 (VIOLATED)
_11355_/A3                              0.750000    0.972966   -0.222966 (VIOLATED)
_12681_/A0                              0.750000    0.972798   -0.222798 (VIOLATED)
_10591_/X                               0.750000    0.972572   -0.222572 (VIOLATED)
_17872_/S                               0.750000    0.972207   -0.222207 (VIOLATED)
_17858_/S                               0.750000    0.972028   -0.222028 (VIOLATED)
_17870_/S                               0.750000    0.972028   -0.222028 (VIOLATED)
fanout1492/X                            0.750000    0.972028   -0.222028 (VIOLATED)
load_slew1493/A                         0.750000    0.972028   -0.222028 (VIOLATED)
fanout209/A                             0.750000    0.971943   -0.221943 (VIOLATED)
_14815_/A1                              0.750000    0.971940   -0.221940 (VIOLATED)
_14742_/A1                              0.750000    0.971930   -0.221930 (VIOLATED)
fanout208/A                             0.750000    0.971914   -0.221914 (VIOLATED)
_13793_/A1                              0.750000    0.971860   -0.221860 (VIOLATED)
_13867_/A1                              0.750000    0.971857   -0.221857 (VIOLATED)
_13682_/A1                              0.750000    0.971853   -0.221853 (VIOLATED)
_13719_/A1                              0.750000    0.971814   -0.221814 (VIOLATED)
_13830_/A1                              0.750000    0.971784   -0.221784 (VIOLATED)
_13756_/A1                              0.750000    0.971756   -0.221756 (VIOLATED)
fanout210/X                             0.750000    0.971756   -0.221756 (VIOLATED)
_17787_/S                               0.750000    0.971201   -0.221201 (VIOLATED)
_17811_/S                               0.750000    0.971187   -0.221187 (VIOLATED)
_17783_/S                               0.750000    0.971179   -0.221179 (VIOLATED)
fanout1268/X                            0.750000    0.971169   -0.221169 (VIOLATED)
load_slew1270/A                         0.750000    0.971169   -0.221169 (VIOLATED)
_17404_/S                               0.750000    0.971108   -0.221108 (VIOLATED)
_17393_/S                               0.750000    0.971106   -0.221106 (VIOLATED)
_17385_/S                               0.750000    0.971105   -0.221105 (VIOLATED)
wire1535/A                              0.750000    0.971103   -0.221103 (VIOLATED)
_17394_/S                               0.750000    0.971102   -0.221102 (VIOLATED)
fanout1534/X                            0.750000    0.971102   -0.221102 (VIOLATED)
_14015_/C                               0.750000    0.971052   -0.221052 (VIOLATED)
_14051_/C                               0.750000    0.971051   -0.221051 (VIOLATED)
_13997_/C                               0.750000    0.970994   -0.220994 (VIOLATED)
_14033_/C                               0.750000    0.970994   -0.220994 (VIOLATED)
_14069_/C                               0.750000    0.970994   -0.220994 (VIOLATED)
_14105_/C                               0.750000    0.970994   -0.220994 (VIOLATED)
_14141_/C                               0.750000    0.970994   -0.220994 (VIOLATED)
_14177_/C                               0.750000    0.970994   -0.220994 (VIOLATED)
_14213_/C                               0.750000    0.970994   -0.220994 (VIOLATED)
_14249_/C                               0.750000    0.970994   -0.220994 (VIOLATED)
fanout560/X                             0.750000    0.970994   -0.220994 (VIOLATED)
_13778_/S                               0.750000    0.969005   -0.219005 (VIOLATED)
_13782_/S                               0.750000    0.968996   -0.218996 (VIOLATED)
_13775_/S                               0.750000    0.968958   -0.218958 (VIOLATED)
_13779_/S                               0.750000    0.968765   -0.218765 (VIOLATED)
_12696_/A                               0.750000    0.968670   -0.218670 (VIOLATED)
_12682_/A                               0.750000    0.968660   -0.218660 (VIOLATED)
_12754_/A                               0.750000    0.968659   -0.218659 (VIOLATED)
_12755_/A1                              0.750000    0.968650   -0.218650 (VIOLATED)
_12689_/A                               0.750000    0.968649   -0.218649 (VIOLATED)
_12679_/A                               0.750000    0.968648   -0.218648 (VIOLATED)
_12748_/S                               0.750000    0.968633   -0.218633 (VIOLATED)
_12745_/S                               0.750000    0.968585   -0.218585 (VIOLATED)
_12751_/S                               0.750000    0.968584   -0.218584 (VIOLATED)
_12758_/S                               0.750000    0.968584   -0.218584 (VIOLATED)
fanout600/X                             0.750000    0.968584   -0.218584 (VIOLATED)
_13777_/S                               0.750000    0.968543   -0.218543 (VIOLATED)
_13781_/S                               0.750000    0.968528   -0.218528 (VIOLATED)
_13780_/S                               0.750000    0.968511   -0.218511 (VIOLATED)
fanout1233/A                            0.750000    0.968493   -0.218493 (VIOLATED)
fanout1230/A                            0.750000    0.968359   -0.218359 (VIOLATED)
_13776_/S                               0.750000    0.968243   -0.218243 (VIOLATED)
fanout1235/A                            0.750000    0.967881   -0.217881 (VIOLATED)
fanout1238/A                            0.750000    0.967880   -0.217880 (VIOLATED)
_15930_/B1                              0.750000    0.967828   -0.217828 (VIOLATED)
_15577_/B1                              0.750000    0.967823   -0.217823 (VIOLATED)
_18012_/X                               0.750000    0.967817   -0.217817 (VIOLATED)
_16504_/B1                              0.750000    0.967813   -0.217813 (VIOLATED)
_15918_/A2                              0.750000    0.967798   -0.217798 (VIOLATED)
_15567_/B1                              0.750000    0.967782   -0.217782 (VIOLATED)
_16208_/B1                              0.750000    0.967753   -0.217753 (VIOLATED)
_16114_/B1                              0.750000    0.967731   -0.217732 (VIOLATED)
_16214_/A2                              0.750000    0.967691   -0.217691 (VIOLATED)
_16135_/A2                              0.750000    0.967684   -0.217684 (VIOLATED)
fanout768/X                             0.750000    0.967680   -0.217680 (VIOLATED)
_13774_/Y                               0.750000    0.967509   -0.217509 (VIOLATED)
_16393_/A2                              0.750000    0.967308   -0.217308 (VIOLATED)
_15875_/A2                              0.750000    0.967301   -0.217301 (VIOLATED)
_15791_/A2                              0.750000    0.967299   -0.217299 (VIOLATED)
_16031_/B1                              0.750000    0.967282   -0.217282 (VIOLATED)
_15804_/A2                              0.750000    0.967261   -0.217261 (VIOLATED)
_15904_/B1                              0.750000    0.967254   -0.217254 (VIOLATED)
_16037_/A2                              0.750000    0.967236   -0.217236 (VIOLATED)
_15472_/B1                              0.750000    0.967235   -0.217235 (VIOLATED)
fanout813/X                             0.750000    0.967235   -0.217235 (VIOLATED)
_10107_/A1                              0.750000    0.966443   -0.216443 (VIOLATED)
_11092_/A                               0.750000    0.966364   -0.216364 (VIOLATED)
_11082_/A1_N                            0.750000    0.966336   -0.216337 (VIOLATED)
_10106_/X                               0.750000    0.965950   -0.215950 (VIOLATED)
_16307_/C1                              0.750000    0.965486   -0.215486 (VIOLATED)
_15116_/C1                              0.750000    0.965447   -0.215447 (VIOLATED)
wire1141/A                              0.750000    0.965352   -0.215352 (VIOLATED)
fanout419/A                             0.750000    0.965293   -0.215293 (VIOLATED)
fanout420/A                             0.750000    0.965292   -0.215292 (VIOLATED)
_11398_/A1                              0.750000    0.965289   -0.215289 (VIOLATED)
fanout1140/X                            0.750000    0.965289   -0.215289 (VIOLATED)
fanout418/A                             0.750000    0.965121   -0.215121 (VIOLATED)
_10738_/A1                              0.750000    0.964934   -0.214934 (VIOLATED)
_11316_/A2                              0.750000    0.964868   -0.214868 (VIOLATED)
_11301_/B1                              0.750000    0.964800   -0.214800 (VIOLATED)
_11287_/A2                              0.750000    0.964796   -0.214796 (VIOLATED)
fanout1861/X                            0.750000    0.964796   -0.214796 (VIOLATED)
load_slew1862/A                         0.750000    0.964796   -0.214796 (VIOLATED)
fanout421/A                             0.750000    0.964657   -0.214657 (VIOLATED)
fanout422/A                             0.750000    0.964657   -0.214657 (VIOLATED)
fanout423/X                             0.750000    0.964657   -0.214657 (VIOLATED)
fanout231/A                             0.750000    0.962591   -0.212591 (VIOLATED)
_14583_/A1                              0.750000    0.962589   -0.212589 (VIOLATED)
_12783_/A1                              0.750000    0.962579   -0.212580 (VIOLATED)
_12897_/A1                              0.750000    0.962578   -0.212578 (VIOLATED)
_14075_/A1                              0.750000    0.962554   -0.212554 (VIOLATED)
_14111_/A1                              0.750000    0.962554   -0.212554 (VIOLATED)
_14147_/A1                              0.750000    0.962553   -0.212553 (VIOLATED)
ANTENNA_67/DIODE                        0.750000    0.962551   -0.212551 (VIOLATED)
_14003_/A1                              0.750000    0.962550   -0.212550 (VIOLATED)
_14183_/A1                              0.750000    0.962545   -0.212545 (VIOLATED)
_14039_/A1                              0.750000    0.962544   -0.212544 (VIOLATED)
fanout232/X                             0.750000    0.962544   -0.212544 (VIOLATED)
_11873_/S0                              0.750000    0.962104   -0.212104 (VIOLATED)
_12399_/S0                              0.750000    0.962102   -0.212102 (VIOLATED)
_12400_/C1                              0.750000    0.962102   -0.212102 (VIOLATED)
load_slew2463/A                         0.750000    0.962098   -0.212098 (VIOLATED)
_12409_/S                               0.750000    0.962093   -0.212093 (VIOLATED)
_12053_/S                               0.750000    0.962084   -0.212084 (VIOLATED)
fanout2462/X                            0.750000    0.962084   -0.212084 (VIOLATED)
_18084_/A0                              0.750000    0.961632   -0.211632 (VIOLATED)
fanout114/A                             0.750000    0.961627   -0.211627 (VIOLATED)
fanout115/A                             0.750000    0.961614   -0.211614 (VIOLATED)
_17984_/A0                              0.750000    0.961596   -0.211596 (VIOLATED)
_16191_/X                               0.750000    0.961303   -0.211303 (VIOLATED)
_17657_/S                               0.750000    0.959860   -0.209860 (VIOLATED)
_17649_/S                               0.750000    0.959827   -0.209827 (VIOLATED)
load_slew1300/A                         0.750000    0.959708   -0.209708 (VIOLATED)
_17659_/S                               0.750000    0.959686   -0.209686 (VIOLATED)
fanout1298/X                            0.750000    0.959682   -0.209682 (VIOLATED)
_11998_/S                               0.750000    0.958538   -0.208538 (VIOLATED)
_12082_/C1                              0.750000    0.958517   -0.208517 (VIOLATED)
_12101_/S                               0.750000    0.958477   -0.208477 (VIOLATED)
_12222_/S                               0.750000    0.958466   -0.208466 (VIOLATED)
_12232_/S                               0.750000    0.958464   -0.208464 (VIOLATED)
fanout2355/X                            0.750000    0.958464   -0.208464 (VIOLATED)
_17724_/S                               0.750000    0.958032   -0.208032 (VIOLATED)
_17716_/S                               0.750000    0.958012   -0.208012 (VIOLATED)
_17737_/S                               0.750000    0.957939   -0.207939 (VIOLATED)
fanout481/A                             0.750000    0.957924   -0.207924 (VIOLATED)
load_slew1499/A                         0.750000    0.957913   -0.207913 (VIOLATED)
fanout1498/X                            0.750000    0.957899   -0.207899 (VIOLATED)
load_slew1500/A                         0.750000    0.957899   -0.207899 (VIOLATED)
_12884_/A1                              0.750000    0.957887   -0.207887 (VIOLATED)
_12960_/A1                              0.750000    0.957887   -0.207887 (VIOLATED)
_12770_/A1                              0.750000    0.957885   -0.207885 (VIOLATED)
_12922_/A1                              0.750000    0.957885   -0.207885 (VIOLATED)
_15007_/A1                              0.750000    0.957885   -0.207885 (VIOLATED)
_12808_/A1                              0.750000    0.957882   -0.207882 (VIOLATED)
_12846_/A1                              0.750000    0.957882   -0.207882 (VIOLATED)
_15043_/A1                              0.750000    0.957881   -0.207881 (VIOLATED)
fanout482/X                             0.750000    0.957881   -0.207881 (VIOLATED)
_10280_/B1                              0.750000    0.956616   -0.206616 (VIOLATED)
_09758_/A2                              0.750000    0.956598   -0.206598 (VIOLATED)
_09962_/A1                              0.750000    0.956529   -0.206529 (VIOLATED)
_09969_/A2                              0.750000    0.956517   -0.206517 (VIOLATED)
_10251_/A1                              0.750000    0.956504   -0.206504 (VIOLATED)
fanout1798/X                            0.750000    0.956504   -0.206504 (VIOLATED)
fanout110/A                             0.750000    0.956295   -0.206295 (VIOLATED)
fanout109/A                             0.750000    0.956226   -0.206226 (VIOLATED)
_14642_/C                               0.750000    0.956216   -0.206216 (VIOLATED)
_14678_/C                               0.750000    0.956214   -0.206214 (VIOLATED)
fanout111/A                             0.750000    0.956190   -0.206190 (VIOLATED)
fanout112/A                             0.750000    0.956175   -0.206175 (VIOLATED)
_14633_/C                               0.750000    0.956114   -0.206114 (VIOLATED)
_14669_/C                               0.750000    0.956105   -0.206105 (VIOLATED)
_14705_/C                               0.750000    0.956104   -0.206104 (VIOLATED)
_14922_/C                               0.750000    0.956103   -0.206103 (VIOLATED)
_14741_/C                               0.750000    0.956089   -0.206089 (VIOLATED)
_14814_/C                               0.750000    0.956088   -0.206088 (VIOLATED)
_14886_/C                               0.750000    0.956076   -0.206076 (VIOLATED)
_14850_/C                               0.750000    0.956065   -0.206065 (VIOLATED)
fanout546/X                             0.750000    0.956065   -0.206065 (VIOLATED)
_16261_/B1                              0.750000    0.955659   -0.205659 (VIOLATED)
_16509_/B1                              0.750000    0.955656   -0.205656 (VIOLATED)
fanout743/A                             0.750000    0.955642   -0.205642 (VIOLATED)
fanout745/A                             0.750000    0.955630   -0.205630 (VIOLATED)
fanout747/A                             0.750000    0.955630   -0.205630 (VIOLATED)
fanout749/X                             0.750000    0.955630   -0.205630 (VIOLATED)
_16374_/X                               0.750000    0.955557   -0.205557 (VIOLATED)
_09665_/B1                              0.750000    0.954429   -0.204429 (VIOLATED)
_09595_/B1                              0.750000    0.954401   -0.204402 (VIOLATED)
fanout1628/X                            0.750000    0.954358   -0.204358 (VIOLATED)
load_slew1630/A                         0.750000    0.954358   -0.204358 (VIOLATED)
_09351_/C1                              0.750000    0.954330   -0.204330 (VIOLATED)
_10545_/C1                              0.750000    0.954326   -0.204326 (VIOLATED)
wire2021/A                              0.750000    0.954326   -0.204326 (VIOLATED)
_10580_/C1                              0.750000    0.954320   -0.204320 (VIOLATED)
_10722_/B1                              0.750000    0.954273   -0.204273 (VIOLATED)
fanout2020/X                            0.750000    0.954270   -0.204270 (VIOLATED)
fanout492/A                             0.750000    0.952425   -0.202425 (VIOLATED)
_12648_/Y                               0.750000    0.952405   -0.202405 (VIOLATED)
_12833_/B                               0.750000    0.950543   -0.200543 (VIOLATED)
_12795_/C                               0.750000    0.950541   -0.200541 (VIOLATED)
_16901_/B2                              0.750000    0.950435   -0.200435 (VIOLATED)
_17059_/B2                              0.750000    0.950434   -0.200434 (VIOLATED)
_17034_/B2                              0.750000    0.950433   -0.200433 (VIOLATED)
_17058_/C1                              0.750000    0.950432   -0.200432 (VIOLATED)
_16876_/B2                              0.750000    0.950432   -0.200432 (VIOLATED)
_16955_/B2                              0.750000    0.950429   -0.200429 (VIOLATED)
_12967_/B                               0.750000    0.950427   -0.200427 (VIOLATED)
_15014_/C                               0.750000    0.950427   -0.200427 (VIOLATED)
_12815_/B                               0.750000    0.950426   -0.200426 (VIOLATED)
_12777_/C                               0.750000    0.950424   -0.200424 (VIOLATED)
_15050_/B                               0.750000    0.950422   -0.200422 (VIOLATED)
_12853_/B                               0.750000    0.950417   -0.200417 (VIOLATED)
_12891_/B                               0.750000    0.950417   -0.200417 (VIOLATED)
_12929_/B                               0.750000    0.950405   -0.200405 (VIOLATED)
_17003_/B2                              0.750000    0.950405   -0.200405 (VIOLATED)
fanout579/X                             0.750000    0.950405   -0.200405 (VIOLATED)
_16932_/B2                              0.750000    0.950400   -0.200400 (VIOLATED)
_16980_/B2                              0.750000    0.950400   -0.200400 (VIOLATED)
_17159_/B2                              0.750000    0.950400   -0.200400 (VIOLATED)
fanout1599/X                            0.750000    0.950400   -0.200400 (VIOLATED)
_10905_/B1                              0.750000    0.948849   -0.198849 (VIOLATED)
_10908_/B1_N                            0.750000    0.948846   -0.198846 (VIOLATED)
_10902_/B1_N                            0.750000    0.948839   -0.198839 (VIOLATED)
_10899_/B1                              0.750000    0.948832   -0.198832 (VIOLATED)
_10915_/C1                              0.750000    0.948819   -0.198819 (VIOLATED)
_10568_/S                               0.750000    0.948816   -0.198816 (VIOLATED)
_10569_/A                               0.750000    0.948816   -0.198816 (VIOLATED)
_10570_/B                               0.750000    0.948816   -0.198816 (VIOLATED)
_10916_/B1_N                            0.750000    0.948816   -0.198816 (VIOLATED)
_11262_/B1_N                            0.750000    0.948816   -0.198816 (VIOLATED)
fanout2110/X                            0.750000    0.948816   -0.198816 (VIOLATED)
fanout356/A                             0.750000    0.948706   -0.198706 (VIOLATED)
_14986_/A1                              0.750000    0.948698   -0.198698 (VIOLATED)
fanout357/A                             0.750000    0.948688   -0.198688 (VIOLATED)
fanout359/A                             0.750000    0.948651   -0.198651 (VIOLATED)
_13930_/A1                              0.750000    0.948650   -0.198650 (VIOLATED)
fanout358/A                             0.750000    0.948649   -0.198649 (VIOLATED)
fanout360/X                             0.750000    0.948649   -0.198649 (VIOLATED)
_15900_/A2                              0.750000    0.948572   -0.198572 (VIOLATED)
_16395_/A2                              0.750000    0.948572   -0.198572 (VIOLATED)
_14015_/A_N                             0.750000    0.948567   -0.198567 (VIOLATED)
_15498_/A2                              0.750000    0.948560   -0.198561 (VIOLATED)
_16413_/A2                              0.750000    0.948560   -0.198560 (VIOLATED)
_16048_/A2                              0.750000    0.948542   -0.198542 (VIOLATED)
_15160_/A2                              0.750000    0.948522   -0.198522 (VIOLATED)
_15807_/A2                              0.750000    0.948512   -0.198512 (VIOLATED)
_15445_/A2                              0.750000    0.948510   -0.198510 (VIOLATED)
_12645_/A                               0.750000    0.948504   -0.198504 (VIOLATED)
fanout1049/X                            0.750000    0.948504   -0.198504 (VIOLATED)
fanout1390/A                            0.750000    0.948167   -0.198167 (VIOLATED)
fanout1387/A                            0.750000    0.947827   -0.197827 (VIOLATED)
_12652_/A1                              0.750000    0.947375   -0.197375 (VIOLATED)
_13545_/A1                              0.750000    0.947375   -0.197375 (VIOLATED)
_13146_/A1                              0.750000    0.947369   -0.197369 (VIOLATED)
_13730_/A1                              0.750000    0.947355   -0.197355 (VIOLATED)
_13915_/A1                              0.750000    0.947355   -0.197355 (VIOLATED)
_13656_/A1                              0.750000    0.947354   -0.197354 (VIOLATED)
_13841_/A1                              0.750000    0.947354   -0.197354 (VIOLATED)
_13693_/A1                              0.750000    0.947353   -0.197353 (VIOLATED)
_13767_/A1                              0.750000    0.947353   -0.197353 (VIOLATED)
_13804_/A1                              0.750000    0.947353   -0.197353 (VIOLATED)
fanout477/X                             0.750000    0.947353   -0.197353 (VIOLATED)
fanout1395/A                            0.750000    0.947261   -0.197261 (VIOLATED)
fanout1392/A                            0.750000    0.947160   -0.197161 (VIOLATED)
_15085_/X                               0.750000    0.947074   -0.197074 (VIOLATED)
_10667_/A                               0.750000    0.946813   -0.196813 (VIOLATED)
_10660_/A1                              0.750000    0.946799   -0.196799 (VIOLATED)
_10671_/A1                              0.750000    0.946772   -0.196772 (VIOLATED)
_11054_/A1                              0.750000    0.946705   -0.196705 (VIOLATED)
_11058_/A                               0.750000    0.946701   -0.196701 (VIOLATED)
_11309_/A1                              0.750000    0.946641   -0.196641 (VIOLATED)
fanout2047/X                            0.750000    0.946631   -0.196631 (VIOLATED)
_13816_/S                               0.750000    0.945825   -0.195825 (VIOLATED)
_13814_/S                               0.750000    0.945819   -0.195819 (VIOLATED)
_13813_/S                               0.750000    0.945804   -0.195804 (VIOLATED)
max_cap166/A                            0.750000    0.945797   -0.195797 (VIOLATED)
_13818_/S                               0.750000    0.945790   -0.195790 (VIOLATED)
_13811_/Y                               0.750000    0.945530   -0.195530 (VIOLATED)
_09281_/S0                              0.750000    0.945184   -0.195184 (VIOLATED)
_09280_/S                               0.750000    0.945182   -0.195182 (VIOLATED)
_09279_/S                               0.750000    0.945155   -0.195155 (VIOLATED)
fanout2124/A                            0.750000    0.945129   -0.195129 (VIOLATED)
_09276_/S                               0.750000    0.945127   -0.195127 (VIOLATED)
fanout2126/A                            0.750000    0.945097   -0.195097 (VIOLATED)
fanout2128/A                            0.750000    0.945062   -0.195062 (VIOLATED)
fanout2129/X                            0.750000    0.945054   -0.195054 (VIOLATED)
_18122_/S                               0.750000    0.944653   -0.194653 (VIOLATED)
_18114_/S                               0.750000    0.944581   -0.194581 (VIOLATED)
fanout1199/X                            0.750000    0.944528   -0.194528 (VIOLATED)
load_slew1201/A                         0.750000    0.944528   -0.194528 (VIOLATED)
_15925_/B1                              0.750000    0.944084   -0.194084 (VIOLATED)
_16118_/B1                              0.750000    0.944076   -0.194076 (VIOLATED)
_16109_/B1                              0.750000    0.944065   -0.194065 (VIOLATED)
_15556_/B1                              0.750000    0.944062   -0.194062 (VIOLATED)
_15585_/B1                              0.750000    0.944028   -0.194028 (VIOLATED)
_16312_/B1                              0.750000    0.944027   -0.194027 (VIOLATED)
_15945_/B1                              0.750000    0.944027   -0.194027 (VIOLATED)
fanout653/X                             0.750000    0.944021   -0.194021 (VIOLATED)
_17186_/A                               0.750000    0.943037   -0.193037 (VIOLATED)
_17208_/B2                              0.750000    0.943025   -0.193025 (VIOLATED)
_16620_/A1                              0.750000    0.942972   -0.192972 (VIOLATED)
_16651_/A1                              0.750000    0.942954   -0.192954 (VIOLATED)
_16677_/A1                              0.750000    0.942927   -0.192927 (VIOLATED)
_16590_/A1                              0.750000    0.942834   -0.192834 (VIOLATED)
_16561_/A1                              0.750000    0.942477   -0.192477 (VIOLATED)
fanout1971/A                            0.750000    0.942477   -0.192477 (VIOLATED)
fanout1972/X                            0.750000    0.942477   -0.192477 (VIOLATED)
_13671_/S                               0.750000    0.941591   -0.191591 (VIOLATED)
_13664_/S                               0.750000    0.941579   -0.191579 (VIOLATED)
_13667_/S                               0.750000    0.941560   -0.191560 (VIOLATED)
_13669_/S                               0.750000    0.941511   -0.191511 (VIOLATED)
_13668_/S                               0.750000    0.941433   -0.191433 (VIOLATED)
_13666_/S                               0.750000    0.941204   -0.191204 (VIOLATED)
_13665_/S                               0.750000    0.940991   -0.190991 (VIOLATED)
_17231_/S                               0.750000    0.940966   -0.190966 (VIOLATED)
_17239_/S                               0.750000    0.940965   -0.190965 (VIOLATED)
_17241_/S                               0.750000    0.940952   -0.190952 (VIOLATED)
_17237_/S                               0.750000    0.940947   -0.190947 (VIOLATED)
_17229_/S                               0.750000    0.940941   -0.190941 (VIOLATED)
fanout1385/X                            0.750000    0.940941   -0.190941 (VIOLATED)
_13670_/S                               0.750000    0.940789   -0.190789 (VIOLATED)
_14374_/A0                              0.750000    0.940559   -0.190559 (VIOLATED)
_14954_/A0                              0.750000    0.940558   -0.190558 (VIOLATED)
_14773_/A0                              0.750000    0.940557   -0.190557 (VIOLATED)
_13972_/A0                              0.750000    0.940555   -0.190555 (VIOLATED)
_12719_/A0                              0.750000    0.940549   -0.190549 (VIOLATED)
_13166_/A0                              0.750000    0.940541   -0.190541 (VIOLATED)
ANTENNA_70/DIODE                        0.750000    0.940541   -0.190541 (VIOLATED)
_13935_/A0                              0.750000    0.940538   -0.190538 (VIOLATED)
_13898_/A0                              0.750000    0.940537   -0.190537 (VIOLATED)
fanout320/A                             0.750000    0.940519   -0.190519 (VIOLATED)
fanout321/X                             0.750000    0.940519   -0.190519 (VIOLATED)
_11827_/C1                              0.750000    0.940468   -0.190468 (VIOLATED)
_12030_/C1                              0.750000    0.940404   -0.190404 (VIOLATED)
_12022_/C1                              0.750000    0.940379   -0.190380 (VIOLATED)
_12003_/C1                              0.750000    0.940374   -0.190374 (VIOLATED)
fanout2381/X                            0.750000    0.940374   -0.190374 (VIOLATED)
wire2382/A                              0.750000    0.940374   -0.190374 (VIOLATED)
_13663_/Y                               0.750000    0.940203   -0.190203 (VIOLATED)
fanout845/A                             0.750000    0.939426   -0.189426 (VIOLATED)
_15748_/A2                              0.750000    0.939425   -0.189425 (VIOLATED)
_16061_/B                               0.750000    0.939425   -0.189425 (VIOLATED)
fanout849/A                             0.750000    0.939380   -0.189381 (VIOLATED)
_15861_/A2                              0.750000    0.939379   -0.189379 (VIOLATED)
_16073_/A2                              0.750000    0.939376   -0.189376 (VIOLATED)
_16296_/A2                              0.750000    0.939360   -0.189360 (VIOLATED)
fanout847/A                             0.750000    0.939332   -0.189332 (VIOLATED)
fanout851/X                             0.750000    0.939330   -0.189330 (VIOLATED)
_11633_/B                               0.750000    0.938971   -0.188971 (VIOLATED)
_11761_/A1                              0.750000    0.938971   -0.188971 (VIOLATED)
_11721_/A1                              0.750000    0.938967   -0.188967 (VIOLATED)
_11738_/A1                              0.750000    0.938963   -0.188963 (VIOLATED)
_11647_/A                               0.750000    0.938962   -0.188962 (VIOLATED)
_11709_/A1                              0.750000    0.938962   -0.188962 (VIOLATED)
_11704_/A1_N                            0.750000    0.938961   -0.188961 (VIOLATED)
_11737_/A                               0.750000    0.938960   -0.188960 (VIOLATED)
_11711_/A                               0.750000    0.938958   -0.188958 (VIOLATED)
_11646_/A                               0.750000    0.938953   -0.188953 (VIOLATED)
fanout530/X                             0.750000    0.938953   -0.188953 (VIOLATED)
_15890_/C1                              0.750000    0.938612   -0.188612 (VIOLATED)
_16331_/C1                              0.750000    0.938604   -0.188604 (VIOLATED)
_16017_/C1                              0.750000    0.938554   -0.188554 (VIOLATED)
fanout1127/A                            0.750000    0.938502   -0.188502 (VIOLATED)
_16034_/A1                              0.750000    0.938457   -0.188457 (VIOLATED)
fanout1129/A                            0.750000    0.938431   -0.188431 (VIOLATED)
fanout1131/X                            0.750000    0.938431   -0.188431 (VIOLATED)
_14824_/A1                              0.750000    0.938176   -0.188176 (VIOLATED)
_14788_/A1                              0.750000    0.938174   -0.188174 (VIOLATED)
_14679_/A1                              0.750000    0.938173   -0.188173 (VIOLATED)
_14643_/A1                              0.750000    0.938163   -0.188163 (VIOLATED)
_14860_/A1                              0.750000    0.938149   -0.188149 (VIOLATED)
_14896_/A1                              0.750000    0.938143   -0.188143 (VIOLATED)
_14715_/A1                              0.750000    0.938115   -0.188115 (VIOLATED)
_14607_/A1                              0.750000    0.938102   -0.188102 (VIOLATED)
_13327_/A1                              0.750000    0.937961   -0.187961 (VIOLATED)
_13363_/A1                              0.750000    0.937959   -0.187959 (VIOLATED)
fanout484/X                             0.750000    0.937959   -0.187959 (VIOLATED)
_11401_/A0                              0.750000    0.937751   -0.187751 (VIOLATED)
_11092_/B                               0.750000    0.937698   -0.187698 (VIOLATED)
_11082_/A2_N                            0.750000    0.937692   -0.187692 (VIOLATED)
_12668_/A                               0.750000    0.937245   -0.187245 (VIOLATED)
_12698_/A1                              0.750000    0.936978   -0.186978 (VIOLATED)
_11053_/Y                               0.750000    0.936550   -0.186550 (VIOLATED)
_13469_/A1                              0.750000    0.936445   -0.186445 (VIOLATED)
_13541_/A1                              0.750000    0.936441   -0.186441 (VIOLATED)
_13433_/A1                              0.750000    0.936432   -0.186432 (VIOLATED)
_13397_/A1                              0.750000    0.936424   -0.186424 (VIOLATED)
_13505_/A1                              0.750000    0.936413   -0.186413 (VIOLATED)
_13361_/A1                              0.750000    0.936406   -0.186406 (VIOLATED)
_13614_/A1                              0.750000    0.936405   -0.186405 (VIOLATED)
_13650_/A1                              0.750000    0.936401   -0.186401 (VIOLATED)
_15744_/B1                              0.750000    0.936343   -0.186343 (VIOLATED)
_16460_/B1                              0.750000    0.936329   -0.186329 (VIOLATED)
_15860_/B1                              0.750000    0.936319   -0.186319 (VIOLATED)
_15335_/B1                              0.750000    0.936309   -0.186309 (VIOLATED)
_15321_/A2                              0.750000    0.936309   -0.186309 (VIOLATED)
fanout246/A                             0.750000    0.936295   -0.186295 (VIOLATED)
fanout247/X                             0.750000    0.936295   -0.186295 (VIOLATED)
_16074_/B1                              0.750000    0.936230   -0.186230 (VIOLATED)
_16295_/A2                              0.750000    0.936205   -0.186205 (VIOLATED)
_15521_/B1                              0.750000    0.936192   -0.186192 (VIOLATED)
fanout795/X                             0.750000    0.936192   -0.186192 (VIOLATED)
_13849_/S                               0.750000    0.935468   -0.185469 (VIOLATED)
_13852_/S                               0.750000    0.935460   -0.185460 (VIOLATED)
_13856_/S                               0.750000    0.935443   -0.185443 (VIOLATED)
_13853_/S                               0.750000    0.935432   -0.185432 (VIOLATED)
_13854_/S                               0.750000    0.935431   -0.185431 (VIOLATED)
_13851_/S                               0.750000    0.935421   -0.185421 (VIOLATED)
_13855_/S                               0.750000    0.935369   -0.185369 (VIOLATED)
_13850_/S                               0.750000    0.935356   -0.185356 (VIOLATED)
_13848_/Y                               0.750000    0.935231   -0.185231 (VIOLATED)
fanout2072/A                            0.750000    0.934848   -0.184848 (VIOLATED)
fanout2076/A                            0.750000    0.934805   -0.184805 (VIOLATED)
_11204_/S                               0.750000    0.934653   -0.184653 (VIOLATED)
fanout2092/A                            0.750000    0.934650   -0.184651 (VIOLATED)
_11203_/C1                              0.750000    0.934645   -0.184646 (VIOLATED)
fanout2090/A                            0.750000    0.934630   -0.184630 (VIOLATED)
fanout2101/A                            0.750000    0.934541   -0.184541 (VIOLATED)
fanout2102/X                            0.750000    0.934541   -0.184541 (VIOLATED)
fanout2074/A                            0.750000    0.934400   -0.184400 (VIOLATED)
fanout2077/X                            0.750000    0.934336   -0.184336 (VIOLATED)
load_slew2078/A                         0.750000    0.934336   -0.184336 (VIOLATED)
_11622_/B                               0.750000    0.934320   -0.184320 (VIOLATED)
_11725_/B                               0.750000    0.934315   -0.184315 (VIOLATED)
_11694_/A2                              0.750000    0.934312   -0.184312 (VIOLATED)
_11683_/C                               0.750000    0.934288   -0.184288 (VIOLATED)
_11625_/B                               0.750000    0.934288   -0.184288 (VIOLATED)
_11631_/B                               0.750000    0.934281   -0.184281 (VIOLATED)
_11632_/B                               0.750000    0.934281   -0.184281 (VIOLATED)
_11643_/B                               0.750000    0.934278   -0.184278 (VIOLATED)
_11645_/A_N                             0.750000    0.934275   -0.184275 (VIOLATED)
_21474_/D                               0.750000    0.934275   -0.184275 (VIOLATED)
fanout533/X                             0.750000    0.934275   -0.184275 (VIOLATED)
_11188_/B1                              0.750000    0.933951   -0.183951 (VIOLATED)
_09868_/B1                              0.750000    0.933949   -0.183949 (VIOLATED)
_11195_/A2                              0.750000    0.933948   -0.183948 (VIOLATED)
_10747_/B1                              0.750000    0.933943   -0.183943 (VIOLATED)
_10763_/A2                              0.750000    0.933941   -0.183941 (VIOLATED)
_10768_/A1                              0.750000    0.933938   -0.183938 (VIOLATED)
fanout1849/X                            0.750000    0.933937   -0.183937 (VIOLATED)
_15002_/A1                              0.750000    0.933778   -0.183778 (VIOLATED)
_14747_/A1                              0.750000    0.933776   -0.183776 (VIOLATED)
_13983_/A1                              0.750000    0.933773   -0.183773 (VIOLATED)
_14385_/A1                              0.750000    0.933765   -0.183765 (VIOLATED)
_14965_/A1                              0.750000    0.933759   -0.183759 (VIOLATED)
_13576_/A1                              0.750000    0.933757   -0.183757 (VIOLATED)
_14784_/A1                              0.750000    0.933756   -0.183756 (VIOLATED)
_12756_/A1                              0.750000    0.933748   -0.183748 (VIOLATED)
_13177_/A1                              0.750000    0.933738   -0.183738 (VIOLATED)
fanout192/A                             0.750000    0.933678   -0.183678 (VIOLATED)
fanout193/X                             0.750000    0.933678   -0.183678 (VIOLATED)
fanout1536/A                            0.750000    0.933564   -0.183564 (VIOLATED)
fanout1540/A                            0.750000    0.933336   -0.183336 (VIOLATED)
fanout1538/A                            0.750000    0.933199   -0.183199 (VIOLATED)
fanout1534/A                            0.750000    0.933187   -0.183187 (VIOLATED)
_17381_/X                               0.750000    0.933089   -0.183089 (VIOLATED)
_11935_/C1                              0.750000    0.932901   -0.182901 (VIOLATED)
_11927_/C1                              0.750000    0.932883   -0.182883 (VIOLATED)
_11941_/A1                              0.750000    0.932819   -0.182819 (VIOLATED)
_12149_/C1                              0.750000    0.932546   -0.182546 (VIOLATED)
_12313_/C1                              0.750000    0.932536   -0.182536 (VIOLATED)
_12276_/C1                              0.750000    0.932534   -0.182534 (VIOLATED)
_11742_/B1                              0.750000    0.932525   -0.182525 (VIOLATED)
_11741_/A                               0.750000    0.932522   -0.182522 (VIOLATED)
_11763_/B1                              0.750000    0.932516   -0.182516 (VIOLATED)
_11667_/A                               0.750000    0.932509   -0.182509 (VIOLATED)
_11399_/A                               0.750000    0.932504   -0.182504 (VIOLATED)
_11784_/A                               0.750000    0.932504   -0.182504 (VIOLATED)
_11641_/A                               0.750000    0.932503   -0.182503 (VIOLATED)
_11534_/A                               0.750000    0.932503   -0.182503 (VIOLATED)
_11635_/A                               0.750000    0.932501   -0.182501 (VIOLATED)
_11769_/B2                              0.750000    0.932494   -0.182494 (VIOLATED)
fanout540/X                             0.750000    0.932494   -0.182494 (VIOLATED)
_11935_/A1                              0.750000    0.932434   -0.182434 (VIOLATED)
_12309_/A1                              0.750000    0.932427   -0.182428 (VIOLATED)
_11927_/A1                              0.750000    0.932417   -0.182417 (VIOLATED)
_12303_/A                               0.750000    0.932408   -0.182408 (VIOLATED)
_12311_/A                               0.750000    0.932396   -0.182396 (VIOLATED)
_12272_/A1                              0.750000    0.932379   -0.182379 (VIOLATED)
fanout2380/X                            0.750000    0.932379   -0.182379 (VIOLATED)
_12276_/A1                              0.750000    0.932345   -0.182345 (VIOLATED)
_12266_/A                               0.750000    0.932307   -0.182307 (VIOLATED)
fanout2397/X                            0.750000    0.932307   -0.182307 (VIOLATED)
_09528_/B2                              0.750000    0.932288   -0.182288 (VIOLATED)
_09757_/B2                              0.750000    0.932266   -0.182266 (VIOLATED)
_10283_/B2                              0.750000    0.932251   -0.182251 (VIOLATED)
_09592_/B2                              0.750000    0.932150   -0.182150 (VIOLATED)
_09583_/B1                              0.750000    0.932126   -0.182126 (VIOLATED)
fanout1709/X                            0.750000    0.932116   -0.182116 (VIOLATED)
wire1710/A                              0.750000    0.932116   -0.182116 (VIOLATED)
_11872_/A_N                             0.750000    0.931924   -0.181924 (VIOLATED)
_11814_/B                               0.750000    0.931525   -0.181525 (VIOLATED)
_12017_/B1                              0.750000    0.930993   -0.180993 (VIOLATED)
wire2010/A                              0.750000    0.930901   -0.180901 (VIOLATED)
_10303_/A                               0.750000    0.930898   -0.180898 (VIOLATED)
_10300_/B2                              0.750000    0.930888   -0.180888 (VIOLATED)
_10295_/C1                              0.750000    0.930871   -0.180871 (VIOLATED)
_09794_/S                               0.750000    0.930860   -0.180860 (VIOLATED)
_09797_/A1                              0.750000    0.930860   -0.180860 (VIOLATED)
fanout2009/X                            0.750000    0.930860   -0.180860 (VIOLATED)
_11852_/B                               0.750000    0.930622   -0.180622 (VIOLATED)
_11832_/B                               0.750000    0.930500   -0.180500 (VIOLATED)
_11853_/B                               0.750000    0.930274   -0.180274 (VIOLATED)
_09830_/B2                              0.750000    0.930257   -0.180257 (VIOLATED)
_09814_/B                               0.750000    0.930240   -0.180240 (VIOLATED)
_09817_/B                               0.750000    0.930239   -0.180239 (VIOLATED)
_10450_/A                               0.750000    0.930238   -0.180238 (VIOLATED)
_09712_/S1                              0.750000    0.930189   -0.180189 (VIOLATED)
_09713_/S1                              0.750000    0.930162   -0.180162 (VIOLATED)
input8/X                                0.750000    0.930112   -0.180112 (VIOLATED)
_09700_/S1                              0.750000    0.930111   -0.180111 (VIOLATED)
fanout2171/X                            0.750000    0.930088   -0.180088 (VIOLATED)
_15559_/B1                              0.750000    0.929772   -0.179772 (VIOLATED)
_16487_/B1                              0.750000    0.929770   -0.179770 (VIOLATED)
_15290_/B1                              0.750000    0.929767   -0.179767 (VIOLATED)
_15939_/B1                              0.750000    0.929758   -0.179758 (VIOLATED)
_15234_/B1                              0.750000    0.929739   -0.179739 (VIOLATED)
_15702_/A2                              0.750000    0.929715   -0.179715 (VIOLATED)
_16228_/B1                              0.750000    0.929706   -0.179706 (VIOLATED)
_15253_/A2                              0.750000    0.929698   -0.179698 (VIOLATED)
_16104_/B1                              0.750000    0.929698   -0.179698 (VIOLATED)
fanout657/X                             0.750000    0.929698   -0.179698 (VIOLATED)
_15701_/C1                              0.750000    0.929050   -0.179050 (VIOLATED)
_15694_/C1                              0.750000    0.928973   -0.178973 (VIOLATED)
_16224_/C1                              0.750000    0.928960   -0.178960 (VIOLATED)
_16472_/C1                              0.750000    0.928958   -0.178959 (VIOLATED)
_15359_/C1                              0.750000    0.928952   -0.178952 (VIOLATED)
fanout1113/X                            0.750000    0.928952   -0.178952 (VIOLATED)
_13450_/A1                              0.750000    0.928183   -0.178183 (VIOLATED)
_13414_/A1                              0.750000    0.928178   -0.178178 (VIOLATED)
_13342_/A1                              0.750000    0.928172   -0.178172 (VIOLATED)
_13522_/A1                              0.750000    0.928170   -0.178170 (VIOLATED)
_13595_/A1                              0.750000    0.928157   -0.178157 (VIOLATED)
fanout366/A                             0.750000    0.927974   -0.177974 (VIOLATED)
fanout367/A                             0.750000    0.927965   -0.177965 (VIOLATED)
fanout368/X                             0.750000    0.927963   -0.177963 (VIOLATED)
_13247_/A1                              0.750000    0.927934   -0.177935 (VIOLATED)
_13319_/A1                              0.750000    0.927930   -0.177930 (VIOLATED)
fanout195/A                             0.750000    0.927909   -0.177909 (VIOLATED)
_13138_/A1                              0.750000    0.927907   -0.177907 (VIOLATED)
fanout1066/A                            0.750000    0.927797   -0.177797 (VIOLATED)
_16215_/A2                              0.750000    0.927770   -0.177770 (VIOLATED)
_16132_/A2                              0.750000    0.927755   -0.177755 (VIOLATED)
fanout1064/A                            0.750000    0.927746   -0.177746 (VIOLATED)
fanout1070/A                            0.750000    0.927722   -0.177723 (VIOLATED)
fanout1072/X                            0.750000    0.927718   -0.177718 (VIOLATED)
fanout197/A                             0.750000    0.927695   -0.177695 (VIOLATED)
fanout198/X                             0.750000    0.927695   -0.177695 (VIOLATED)
_17509_/S                               0.750000    0.927362   -0.177362 (VIOLATED)
fanout1521/A                            0.750000    0.927347   -0.177347 (VIOLATED)
_17511_/S                               0.750000    0.927313   -0.177313 (VIOLATED)
fanout1524/X                            0.750000    0.927313   -0.177313 (VIOLATED)
load_slew1525/A                         0.750000    0.927313   -0.177313 (VIOLATED)
_16574_/A2                              0.750000    0.927083   -0.177083 (VIOLATED)
_10109_/A2                              0.750000    0.927082   -0.177082 (VIOLATED)
_16581_/A1                              0.750000    0.927059   -0.177059 (VIOLATED)
_16580_/A1                              0.750000    0.927055   -0.177055 (VIOLATED)
_12476_/A                               0.750000    0.927036   -0.177036 (VIOLATED)
_16565_/A                               0.750000    0.926887   -0.176887 (VIOLATED)
_16566_/A                               0.750000    0.926885   -0.176885 (VIOLATED)
_17624_/S                               0.750000    0.926833   -0.176833 (VIOLATED)
_17616_/S                               0.750000    0.926827   -0.176827 (VIOLATED)
load_slew1310/A                         0.750000    0.926770   -0.176770 (VIOLATED)
fanout1309/X                            0.750000    0.926764   -0.176764 (VIOLATED)
load_slew1311/A                         0.750000    0.926764   -0.176764 (VIOLATED)
_10081_/X                               0.750000    0.926754   -0.176754 (VIOLATED)
_10560_/S                               0.750000    0.926327   -0.176327 (VIOLATED)
_10566_/S                               0.750000    0.926324   -0.176324 (VIOLATED)
_10576_/S                               0.750000    0.926310   -0.176310 (VIOLATED)
_10573_/S                               0.750000    0.926310   -0.176310 (VIOLATED)
_10575_/S                               0.750000    0.926309   -0.176309 (VIOLATED)
_10574_/S                               0.750000    0.926308   -0.176308 (VIOLATED)
_10968_/B1                              0.750000    0.926308   -0.176308 (VIOLATED)
fanout2117/A                            0.750000    0.926308   -0.176308 (VIOLATED)
fanout2119/X                            0.750000    0.926308   -0.176308 (VIOLATED)
fanout2248/A                            0.750000    0.926276   -0.176276 (VIOLATED)
fanout2246/A                            0.750000    0.926266   -0.176266 (VIOLATED)
_10351_/A                               0.750000    0.926242   -0.176242 (VIOLATED)
_10347_/A                               0.750000    0.926234   -0.176234 (VIOLATED)
_10064_/S0                              0.750000    0.926216   -0.176216 (VIOLATED)
_10068_/S0                              0.750000    0.926213   -0.176213 (VIOLATED)
fanout2244/A                            0.750000    0.926213   -0.176213 (VIOLATED)
fanout2250/X                            0.750000    0.926213   -0.176213 (VIOLATED)
fanout890/A                             0.750000    0.925962   -0.175962 (VIOLATED)
fanout892/A                             0.750000    0.925960   -0.175961 (VIOLATED)
fanout889/A                             0.750000    0.925947   -0.175947 (VIOLATED)
fanout893/A                             0.750000    0.925945   -0.175945 (VIOLATED)
fanout895/A                             0.750000    0.925945   -0.175945 (VIOLATED)
fanout897/X                             0.750000    0.925945   -0.175945 (VIOLATED)
_16994_/A2                              0.750000    0.925262   -0.175262 (VIOLATED)
_16842_/A2                              0.750000    0.925258   -0.175258 (VIOLATED)
_16860_/A2                              0.750000    0.925248   -0.175248 (VIOLATED)
_16796_/A                               0.750000    0.925244   -0.175244 (VIOLATED)
_16911_/A2                              0.750000    0.925244   -0.175244 (VIOLATED)
_16806_/A2                              0.750000    0.924918   -0.174918 (VIOLATED)
_16963_/A2                              0.750000    0.924880   -0.174880 (VIOLATED)
fanout1544/A                            0.750000    0.924859   -0.174859 (VIOLATED)
_17151_/B1                              0.750000    0.924844   -0.174844 (VIOLATED)
_17169_/A1                              0.750000    0.924832   -0.174832 (VIOLATED)
_17198_/A1                              0.750000    0.924795   -0.174795 (VIOLATED)
fanout1150/X                            0.750000    0.924783   -0.174783 (VIOLATED)
ANTENNA_55/DIODE                        0.750000    0.924712   -0.174712 (VIOLATED)
_10521_/B2                              0.750000    0.924682   -0.174683 (VIOLATED)
_11616_/B2                              0.750000    0.924681   -0.174681 (VIOLATED)
_10522_/B2                              0.750000    0.924678   -0.174678 (VIOLATED)
_11617_/B2                              0.750000    0.924678   -0.174678 (VIOLATED)
_11565_/B2                              0.750000    0.924677   -0.174677 (VIOLATED)
_11449_/A1                              0.750000    0.924657   -0.174657 (VIOLATED)
_11524_/A1                              0.750000    0.924651   -0.174651 (VIOLATED)
_11525_/A1                              0.750000    0.924650   -0.174650 (VIOLATED)
_16583_/A                               0.750000    0.924647   -0.174647 (VIOLATED)
_16659_/B1                              0.750000    0.924644   -0.174644 (VIOLATED)
fanout1415/X                            0.750000    0.924644   -0.174644 (VIOLATED)
fanout1541/A                            0.750000    0.924636   -0.174636 (VIOLATED)
_16531_/B1                              0.750000    0.924372   -0.174373 (VIOLATED)
_15668_/A2                              0.750000    0.924371   -0.174371 (VIOLATED)
_15402_/B1                              0.750000    0.924361   -0.174361 (VIOLATED)
_15676_/B1                              0.750000    0.924355   -0.174355 (VIOLATED)
_16182_/A2                              0.750000    0.924354   -0.174354 (VIOLATED)
_15395_/A2                              0.750000    0.924350   -0.174350 (VIOLATED)
_15180_/B1                              0.750000    0.924330   -0.174330 (VIOLATED)
_16274_/B1                              0.750000    0.924320   -0.174320 (VIOLATED)
_15609_/A2                              0.750000    0.924305   -0.174305 (VIOLATED)
_15993_/B1                              0.750000    0.924294   -0.174294 (VIOLATED)
fanout815/X                             0.750000    0.924294   -0.174294 (VIOLATED)
fanout1549/A                            0.750000    0.924177   -0.174177 (VIOLATED)
fanout1546/A                            0.750000    0.923716   -0.173716 (VIOLATED)
_17281_/X                               0.750000    0.923666   -0.173666 (VIOLATED)
_13982_/A1                              0.750000    0.923645   -0.173645 (VIOLATED)
_14783_/A1                              0.750000    0.923643   -0.173643 (VIOLATED)
_14384_/A1                              0.750000    0.923643   -0.173643 (VIOLATED)
_14964_/A1                              0.750000    0.923635   -0.173635 (VIOLATED)
_12752_/A1                              0.750000    0.923623   -0.173623 (VIOLATED)
ANTENNA_69/DIODE                        0.750000    0.923623   -0.173623 (VIOLATED)
_13575_/A1                              0.750000    0.923622   -0.173622 (VIOLATED)
_13686_/A1                              0.750000    0.923534   -0.173534 (VIOLATED)
_13723_/A1                              0.750000    0.923534   -0.173534 (VIOLATED)
_13760_/A1                              0.750000    0.923534   -0.173534 (VIOLATED)
_13797_/A1                              0.750000    0.923534   -0.173534 (VIOLATED)
fanout265/X                             0.750000    0.923534   -0.173534 (VIOLATED)
_10718_/A2                              0.750000    0.923470   -0.173470 (VIOLATED)
_10721_/B1                              0.750000    0.923463   -0.173463 (VIOLATED)
_09361_/A1                              0.750000    0.923131   -0.173131 (VIOLATED)
load_slew1893/A                         0.750000    0.923096   -0.173096 (VIOLATED)
fanout1890/A                            0.750000    0.923001   -0.173001 (VIOLATED)
fanout1892/X                            0.750000    0.923001   -0.173001 (VIOLATED)
_16331_/A2                              0.750000    0.922620   -0.172620 (VIOLATED)
fanout1047/A                            0.750000    0.922605   -0.172605 (VIOLATED)
_16016_/A2                              0.750000    0.922592   -0.172592 (VIOLATED)
_16018_/A2                              0.750000    0.922545   -0.172545 (VIOLATED)
_16038_/A2                              0.750000    0.922418   -0.172418 (VIOLATED)
_12424_/A2                              0.750000    0.922416   -0.172416 (VIOLATED)
_10808_/B                               0.750000    0.922380   -0.172380 (VIOLATED)
_10809_/B                               0.750000    0.922373   -0.172373 (VIOLATED)
ANTENNA_59/DIODE                        0.750000    0.922372   -0.172372 (VIOLATED)
ANTENNA_60/DIODE                        0.750000    0.922370   -0.172370 (VIOLATED)
fanout1050/A                            0.750000    0.922131   -0.172131 (VIOLATED)
fanout1052/X                            0.750000    0.922131   -0.172131 (VIOLATED)
ANTENNA_93/DIODE                        0.750000    0.922112   -0.172112 (VIOLATED)
_12760_/A                               0.750000    0.922112   -0.172112 (VIOLATED)
_10807_/X                               0.750000    0.921999   -0.171999 (VIOLATED)
_16448_/A2                              0.750000    0.921698   -0.171698 (VIOLATED)
fanout554/A                             0.750000    0.921692   -0.171692 (VIOLATED)
_16455_/B1                              0.750000    0.921689   -0.171689 (VIOLATED)
wire556/A                               0.750000    0.921685   -0.171685 (VIOLATED)
fanout903/A                             0.750000    0.921672   -0.171672 (VIOLATED)
fanout905/A                             0.750000    0.921650   -0.171650 (VIOLATED)
_15830_/A2                              0.750000    0.921637   -0.171637 (VIOLATED)
_16064_/A2                              0.750000    0.921626   -0.171626 (VIOLATED)
_16285_/A2                              0.750000    0.921625   -0.171625 (VIOLATED)
fanout907/X                             0.750000    0.921625   -0.171625 (VIOLATED)
fanout552/A                             0.750000    0.921612   -0.171612 (VIOLATED)
fanout555/X                             0.750000    0.921612   -0.171612 (VIOLATED)
_13923_/S                               0.750000    0.921425   -0.171425 (VIOLATED)
_13926_/S                               0.750000    0.921422   -0.171422 (VIOLATED)
_13928_/S                               0.750000    0.921402   -0.171402 (VIOLATED)
max_cap158/A                            0.750000    0.921377   -0.171377 (VIOLATED)
_13922_/Y                               0.750000    0.921266   -0.171266 (VIOLATED)
_12051_/A1                              0.750000    0.921263   -0.171263 (VIOLATED)
_12087_/A1                              0.750000    0.921231   -0.171231 (VIOLATED)
_12078_/A                               0.750000    0.921226   -0.171226 (VIOLATED)
_11807_/A                               0.750000    0.921187   -0.171187 (VIOLATED)
load_slew2340/A                         0.750000    0.921170   -0.171170 (VIOLATED)
fanout2339/X                            0.750000    0.921169   -0.171169 (VIOLATED)
_14108_/A1                              0.750000    0.920768   -0.170768 (VIOLATED)
_14000_/A1                              0.750000    0.920765   -0.170765 (VIOLATED)
_14036_/A1                              0.750000    0.920763   -0.170763 (VIOLATED)
_14216_/A1                              0.750000    0.920741   -0.170741 (VIOLATED)
_14072_/A1                              0.750000    0.920737   -0.170737 (VIOLATED)
_14144_/A1                              0.750000    0.920736   -0.170737 (VIOLATED)
_14180_/A1                              0.750000    0.920720   -0.170721 (VIOLATED)
_14252_/A1                              0.750000    0.920700   -0.170701 (VIOLATED)
_13925_/A1                              0.750000    0.920584   -0.170584 (VIOLATED)
_17202_/A1                              0.750000    0.920578   -0.170578 (VIOLATED)
fanout1469/A                            0.750000    0.920572   -0.170572 (VIOLATED)
fanout393/A                             0.750000    0.920563   -0.170563 (VIOLATED)
fanout394/X                             0.750000    0.920560   -0.170560 (VIOLATED)
fanout1471/A                            0.750000    0.920526   -0.170526 (VIOLATED)
_12608_/A                               0.750000    0.920155   -0.170155 (VIOLATED)
_12601_/C1                              0.750000    0.920144   -0.170145 (VIOLATED)
fanout1468/A                            0.750000    0.920144   -0.170145 (VIOLATED)
fanout1472/X                            0.750000    0.920144   -0.170145 (VIOLATED)
fanout2209/A                            0.750000    0.919985   -0.169985 (VIOLATED)
_09902_/A                               0.750000    0.919974   -0.169974 (VIOLATED)
_09896_/A                               0.750000    0.919964   -0.169964 (VIOLATED)
_09911_/S0                              0.750000    0.919940   -0.169940 (VIOLATED)
load_slew2212/A                         0.750000    0.919934   -0.169934 (VIOLATED)
_12572_/A1                              0.750000    0.919921   -0.169921 (VIOLATED)
_16826_/A2                              0.750000    0.919921   -0.169921 (VIOLATED)
fanout2211/X                            0.750000    0.919921   -0.169921 (VIOLATED)
_17741_/S                               0.750000    0.918826   -0.168826 (VIOLATED)
_17739_/S                               0.750000    0.918818   -0.168819 (VIOLATED)
load_slew1502/A                         0.750000    0.918715   -0.168715 (VIOLATED)
_17725_/S                               0.750000    0.918709   -0.168709 (VIOLATED)
fanout1501/X                            0.750000    0.918709   -0.168709 (VIOLATED)
_12393_/C1                              0.750000    0.916918   -0.166918 (VIOLATED)
_12345_/C1                              0.750000    0.916906   -0.166906 (VIOLATED)
_12204_/C1                              0.750000    0.916877   -0.166877 (VIOLATED)
_12259_/C1                              0.750000    0.916784   -0.166784 (VIOLATED)
load_slew2362/A                         0.750000    0.916754   -0.166754 (VIOLATED)
_09224_/A                               0.750000    0.916741   -0.166741 (VIOLATED)
fanout2361/X                            0.750000    0.916741   -0.166741 (VIOLATED)
_16449_/A2                              0.750000    0.916036   -0.166036 (VIOLATED)
_16453_/A2                              0.750000    0.916032   -0.166032 (VIOLATED)
_16095_/A2                              0.750000    0.916023   -0.166023 (VIOLATED)
_15747_/B1                              0.750000    0.916010   -0.166011 (VIOLATED)
fanout788/A                             0.750000    0.916004   -0.166004 (VIOLATED)
fanout790/A                             0.750000    0.915998   -0.165998 (VIOLATED)
_16064_/B1                              0.750000    0.915993   -0.165993 (VIOLATED)
_16284_/A2                              0.750000    0.915993   -0.165993 (VIOLATED)
fanout792/X                             0.750000    0.915993   -0.165993 (VIOLATED)
fanout1192/A                            0.750000    0.915805   -0.165805 (VIOLATED)
ANTENNA_10/DIODE                        0.750000    0.915803   -0.165803 (VIOLATED)
fanout1189/A                            0.750000    0.915519   -0.165519 (VIOLATED)
_11826_/A                               0.750000    0.915427   -0.165427 (VIOLATED)
_12029_/A                               0.750000    0.915368   -0.165368 (VIOLATED)
_12021_/A                               0.750000    0.915350   -0.165350 (VIOLATED)
_12003_/A1                              0.750000    0.915342   -0.165342 (VIOLATED)
fanout2346/X                            0.750000    0.915342   -0.165342 (VIOLATED)
wire2347/A                              0.750000    0.915342   -0.165342 (VIOLATED)
fanout1197/A                            0.750000    0.915196   -0.165197 (VIOLATED)
fanout1194/A                            0.750000    0.915140   -0.165140 (VIOLATED)
_18144_/X                               0.750000    0.915090   -0.165090 (VIOLATED)
_17566_/S                               0.750000    0.914496   -0.164496 (VIOLATED)
_17574_/S                               0.750000    0.914482   -0.164482 (VIOLATED)
_11476_/A0                              0.750000    0.914476   -0.164476 (VIOLATED)
_16987_/A0                              0.750000    0.914475   -0.164475 (VIOLATED)
_17008_/A0                              0.750000    0.914472   -0.164472 (VIOLATED)
_16983_/A                               0.750000    0.914458   -0.164458 (VIOLATED)
_17572_/S                               0.750000    0.914442   -0.164442 (VIOLATED)
_17576_/S                               0.750000    0.914433   -0.164433 (VIOLATED)
_17564_/S                               0.750000    0.914424   -0.164424 (VIOLATED)
fanout1327/X                            0.750000    0.914424   -0.164424 (VIOLATED)
_12588_/A1                              0.750000    0.914388   -0.164388 (VIOLATED)
_10654_/Y                               0.750000    0.914206   -0.164206 (VIOLATED)
_12698_/A0                              0.750000    0.914206   -0.164206 (VIOLATED)
wire1400/A                              0.750000    0.914206   -0.164206 (VIOLATED)
_09723_/Y                               0.750000    0.914088   -0.164088 (VIOLATED)
_12471_/A1                              0.750000    0.913767   -0.163767 (VIOLATED)
_09335_/A1                              0.750000    0.913763   -0.163763 (VIOLATED)
_11406_/B                               0.750000    0.913763   -0.163763 (VIOLATED)
_11407_/A1                              0.750000    0.913761   -0.163761 (VIOLATED)
_09263_/A                               0.750000    0.913760   -0.163760 (VIOLATED)
_09333_/A                               0.750000    0.913760   -0.163760 (VIOLATED)
_09334_/A1                              0.750000    0.913760   -0.163760 (VIOLATED)
_09872_/S                               0.750000    0.913752   -0.163752 (VIOLATED)
_09337_/C1                              0.750000    0.913730   -0.163730 (VIOLATED)
_09454_/B1                              0.750000    0.913730   -0.163730 (VIOLATED)
fanout1585/X                            0.750000    0.913730   -0.163730 (VIOLATED)
fanout1354/A                            0.750000    0.913219   -0.163219 (VIOLATED)
fanout1351/A                            0.750000    0.913200   -0.163200 (VIOLATED)
max_cap1355/A                           0.750000    0.913191   -0.163191 (VIOLATED)
_17347_/Y                               0.750000    0.913167   -0.163167 (VIOLATED)
_11025_/A2                              0.750000    0.910551   -0.160552 (VIOLATED)
_11030_/A2                              0.750000    0.910550   -0.160550 (VIOLATED)
_11043_/B1                              0.750000    0.910527   -0.160527 (VIOLATED)
_11040_/B1                              0.750000    0.910515   -0.160515 (VIOLATED)
_11049_/B1                              0.750000    0.910460   -0.160460 (VIOLATED)
_10755_/A2                              0.750000    0.910202   -0.160202 (VIOLATED)
fanout1804/A                            0.750000    0.910202   -0.160202 (VIOLATED)
fanout1806/X                            0.750000    0.910202   -0.160202 (VIOLATED)
_14340_/A0                              0.750000    0.909331   -0.159332 (VIOLATED)
_14593_/A0                              0.750000    0.909331   -0.159331 (VIOLATED)
_14557_/A0                              0.750000    0.909324   -0.159324 (VIOLATED)
_14485_/A0                              0.750000    0.909323   -0.159323 (VIOLATED)
_14521_/A0                              0.750000    0.909311   -0.159311 (VIOLATED)
_14449_/A0                              0.750000    0.909288   -0.159288 (VIOLATED)
_14304_/A0                              0.750000    0.909277   -0.159277 (VIOLATED)
_14413_/A0                              0.750000    0.909262   -0.159262 (VIOLATED)
_13640_/A0                              0.750000    0.909178   -0.159178 (VIOLATED)
fanout299/A                             0.750000    0.909119   -0.159119 (VIOLATED)
fanout300/X                             0.750000    0.909119   -0.159119 (VIOLATED)
_10660_/A2                              0.750000    0.908106   -0.158106 (VIOLATED)
_10667_/B                               0.750000    0.908105   -0.158105 (VIOLATED)
_10671_/A2                              0.750000    0.908084   -0.158084 (VIOLATED)
_11323_/B                               0.750000    0.908030   -0.158030 (VIOLATED)
fanout2067/A                            0.750000    0.908023   -0.158023 (VIOLATED)
_11054_/A2                              0.750000    0.908012   -0.158012 (VIOLATED)
_11058_/B                               0.750000    0.908012   -0.158012 (VIOLATED)
fanout2069/X                            0.750000    0.908012   -0.158012 (VIOLATED)
_17137_/B1                              0.750000    0.907619   -0.157620 (VIOLATED)
fanout1592/A                            0.750000    0.907594   -0.157594 (VIOLATED)
_16827_/A1                              0.750000    0.907527   -0.157527 (VIOLATED)
_17187_/B1                              0.750000    0.907477   -0.157477 (VIOLATED)
_12742_/A1                              0.750000    0.907449   -0.157449 (VIOLATED)
_12741_/X                               0.750000    0.907368   -0.157368 (VIOLATED)
fanout1591/A                            0.750000    0.907170   -0.157170 (VIOLATED)
fanout1593/X                            0.750000    0.907170   -0.157170 (VIOLATED)
_10014_/A1                              0.750000    0.906802   -0.156802 (VIOLATED)
_09981_/A                               0.750000    0.906799   -0.156800 (VIOLATED)
_09922_/A                               0.750000    0.906784   -0.156784 (VIOLATED)
_11481_/A                               0.750000    0.906779   -0.156779 (VIOLATED)
_11480_/S                               0.750000    0.906776   -0.156776 (VIOLATED)
_11482_/B                               0.750000    0.906776   -0.156776 (VIOLATED)
_11486_/A                               0.750000    0.906776   -0.156776 (VIOLATED)
_11487_/A1                              0.750000    0.906776   -0.156776 (VIOLATED)
_11502_/A                               0.750000    0.906776   -0.156776 (VIOLATED)
_16595_/S                               0.750000    0.906776   -0.156776 (VIOLATED)
fanout1434/X                            0.750000    0.906776   -0.156776 (VIOLATED)
_11078_/B1                              0.750000    0.905290   -0.155290 (VIOLATED)
_11329_/A1                              0.750000    0.905290   -0.155290 (VIOLATED)
_13962_/S                               0.750000    0.905267   -0.155267 (VIOLATED)
_13966_/S                               0.750000    0.905265   -0.155265 (VIOLATED)
_11306_/A2                              0.750000    0.905249   -0.155249 (VIOLATED)
load_slew1864/A                         0.750000    0.905249   -0.155249 (VIOLATED)
max_cap155/A                            0.750000    0.905247   -0.155247 (VIOLATED)
_13960_/S                               0.750000    0.905241   -0.155241 (VIOLATED)
_13961_/S                               0.750000    0.905234   -0.155234 (VIOLATED)
_13959_/Y                               0.750000    0.905230   -0.155230 (VIOLATED)
fanout1861/A                            0.750000    0.905170   -0.155170 (VIOLATED)
fanout1863/X                            0.750000    0.905170   -0.155170 (VIOLATED)
_09523_/B1                              0.750000    0.904846   -0.154846 (VIOLATED)
_09759_/A1                              0.750000    0.904828   -0.154828 (VIOLATED)
_10278_/B1                              0.750000    0.904805   -0.154805 (VIOLATED)
_09592_/A1                              0.750000    0.904759   -0.154759 (VIOLATED)
_09585_/B2                              0.750000    0.904746   -0.154746 (VIOLATED)
fanout1740/X                            0.750000    0.904746   -0.154746 (VIOLATED)
load_slew1741/A                         0.750000    0.904746   -0.154746 (VIOLATED)
_17087_/A                               0.750000    0.904368   -0.154368 (VIOLATED)
fanout1556/A                            0.750000    0.904242   -0.154242 (VIOLATED)
_09842_/Y                               0.750000    0.904226   -0.154226 (VIOLATED)
_11644_/B                               0.750000    0.902854   -0.152854 (VIOLATED)
_11647_/B                               0.750000    0.902853   -0.152853 (VIOLATED)
_11706_/A1                              0.750000    0.902851   -0.152851 (VIOLATED)
_11710_/B                               0.750000    0.902851   -0.152851 (VIOLATED)
_11750_/A2                              0.750000    0.902851   -0.152851 (VIOLATED)
_11646_/B                               0.750000    0.902845   -0.152845 (VIOLATED)
_11666_/B                               0.750000    0.902845   -0.152845 (VIOLATED)
_11791_/A3                              0.750000    0.902845   -0.152845 (VIOLATED)
_11793_/A2                              0.750000    0.902845   -0.152845 (VIOLATED)
_11796_/A3                              0.750000    0.902845   -0.152845 (VIOLATED)
fanout528/X                             0.750000    0.902845   -0.152845 (VIOLATED)
_16011_/A1                              0.750000    0.901762   -0.151762 (VIOLATED)
_12918_/A                               0.750000    0.901760   -0.151760 (VIOLATED)
_12956_/C                               0.750000    0.901759   -0.151760 (VIOLATED)
_11570_/A2_N                            0.750000    0.901756   -0.151756 (VIOLATED)
_17971_/S                               0.750000    0.901733   -0.151733 (VIOLATED)
_12880_/C                               0.750000    0.901728   -0.151728 (VIOLATED)
_17969_/S                               0.750000    0.901714   -0.151714 (VIOLATED)
load_slew1244/A                         0.750000    0.901713   -0.151713 (VIOLATED)
_17957_/S                               0.750000    0.901709   -0.151709 (VIOLATED)
fanout1243/X                            0.750000    0.901709   -0.151709 (VIOLATED)
_12842_/A                               0.750000    0.901699   -0.151699 (VIOLATED)
_12843_/A                               0.750000    0.901681   -0.151681 (VIOLATED)
_12642_/A                               0.750000    0.901670   -0.151670 (VIOLATED)
_12764_/B                               0.750000    0.901670   -0.151670 (VIOLATED)
_12804_/A                               0.750000    0.901670   -0.151670 (VIOLATED)
fanout1149/X                            0.750000    0.901670   -0.151670 (VIOLATED)
_11934_/A                               0.750000    0.901198   -0.151198 (VIOLATED)
_11926_/A                               0.750000    0.901188   -0.151188 (VIOLATED)
_12275_/A                               0.750000    0.901174   -0.151174 (VIOLATED)
_12313_/A1                              0.750000    0.901156   -0.151156 (VIOLATED)
_12301_/A                               0.750000    0.901125   -0.151125 (VIOLATED)
_12264_/A                               0.750000    0.901111   -0.151111 (VIOLATED)
fanout2345/X                            0.750000    0.901111   -0.151111 (VIOLATED)
_09393_/A                               0.750000    0.900434   -0.150434 (VIOLATED)
_09396_/A                               0.750000    0.900433   -0.150433 (VIOLATED)
_09390_/A                               0.750000    0.900398   -0.150398 (VIOLATED)
_10183_/S1                              0.750000    0.900359   -0.150359 (VIOLATED)
fanout2191/X                            0.750000    0.900314   -0.150314 (VIOLATED)
load_slew2192/A                         0.750000    0.900314   -0.150314 (VIOLATED)
_13257_/A1                              0.750000    0.900069   -0.150069 (VIOLATED)
_13185_/A1                              0.750000    0.900065   -0.150065 (VIOLATED)
_13002_/A1                              0.750000    0.900064   -0.150064 (VIOLATED)
_13112_/A1                              0.750000    0.900053   -0.150053 (VIOLATED)
_13076_/A1                              0.750000    0.900051   -0.150051 (VIOLATED)
_13040_/A1                              0.750000    0.900050   -0.150050 (VIOLATED)
_13221_/A1                              0.750000    0.900049   -0.150049 (VIOLATED)
_14320_/A1                              0.750000    0.899969   -0.149969 (VIOLATED)
_14501_/A1                              0.750000    0.899959   -0.149959 (VIOLATED)
_14573_/A1                              0.750000    0.899959   -0.149959 (VIOLATED)
fanout456/X                             0.750000    0.899959   -0.149959 (VIOLATED)
_09733_/B2                              0.750000    0.899794   -0.149794 (VIOLATED)
_09626_/A2                              0.750000    0.899794   -0.149794 (VIOLATED)
_09730_/A2                              0.750000    0.899787   -0.149787 (VIOLATED)
_10355_/A2                              0.750000    0.899783   -0.149783 (VIOLATED)
load_slew1802/A                         0.750000    0.899780   -0.149780 (VIOLATED)
_09688_/A2                              0.750000    0.899779   -0.149779 (VIOLATED)
fanout1801/X                            0.750000    0.899779   -0.149779 (VIOLATED)
fanout1291/A                            0.750000    0.899607   -0.149607 (VIOLATED)
fanout1288/A                            0.750000    0.899587   -0.149587 (VIOLATED)
fanout1296/A                            0.750000    0.899543   -0.149543 (VIOLATED)
ANTENNA_56/DIODE                        0.750000    0.899542   -0.149542 (VIOLATED)
_17680_/Y                               0.750000    0.899448   -0.149448 (VIOLATED)
fanout1293/A                            0.750000    0.899448   -0.149448 (VIOLATED)
fanout196/A                             0.750000    0.899000   -0.149000 (VIOLATED)
_13646_/A1                              0.750000    0.898987   -0.148987 (VIOLATED)
_15000_/A1                              0.750000    0.898935   -0.148935 (VIOLATED)
_13175_/A1                              0.750000    0.898933   -0.148933 (VIOLATED)
_14383_/A1                              0.750000    0.898905   -0.148905 (VIOLATED)
_12749_/A1                              0.750000    0.898897   -0.148897 (VIOLATED)
_14782_/A1                              0.750000    0.898895   -0.148895 (VIOLATED)
_13574_/A1                              0.750000    0.898876   -0.148876 (VIOLATED)
_14963_/A1                              0.750000    0.898853   -0.148853 (VIOLATED)
_13981_/A1                              0.750000    0.898851   -0.148851 (VIOLATED)
fanout197/X                             0.750000    0.898851   -0.148851 (VIOLATED)
ANTENNA_84/DIODE                        0.750000    0.897955   -0.147955 (VIOLATED)
_17320_/S                               0.750000    0.897955   -0.147955 (VIOLATED)
_17317_/S                               0.750000    0.897889   -0.147889 (VIOLATED)
fanout1356/X                            0.750000    0.897868   -0.147868 (VIOLATED)
load_slew1358/A                         0.750000    0.897868   -0.147868 (VIOLATED)
_13438_/A1                              0.750000    0.897747   -0.147747 (VIOLATED)
_13583_/A1                              0.750000    0.897747   -0.147747 (VIOLATED)
_13510_/A1                              0.750000    0.897746   -0.147746 (VIOLATED)
_13474_/A1                              0.750000    0.897746   -0.147746 (VIOLATED)
_13330_/A1                              0.750000    0.897745   -0.147745 (VIOLATED)
_13366_/A1                              0.750000    0.897733   -0.147733 (VIOLATED)
_13619_/A1                              0.750000    0.897733   -0.147733 (VIOLATED)
_13402_/A1                              0.750000    0.897730   -0.147730 (VIOLATED)
fanout459/A                             0.750000    0.897647   -0.147647 (VIOLATED)
fanout460/A                             0.750000    0.897647   -0.147647 (VIOLATED)
fanout461/X                             0.750000    0.897647   -0.147647 (VIOLATED)
_10630_/B1                              0.750000    0.897374   -0.147375 (VIOLATED)
_10627_/B1_N                            0.750000    0.897372   -0.147372 (VIOLATED)
_11034_/B1_N                            0.750000    0.897367   -0.147367 (VIOLATED)
_11033_/C1                              0.750000    0.897365   -0.147365 (VIOLATED)
_10636_/B1_N                            0.750000    0.897352   -0.147352 (VIOLATED)
_10633_/B1                              0.750000    0.897352   -0.147352 (VIOLATED)
_10641_/B1_N                            0.750000    0.897349   -0.147349 (VIOLATED)
_10646_/C1                              0.750000    0.897349   -0.147349 (VIOLATED)
_10648_/S                               0.750000    0.897341   -0.147341 (VIOLATED)
_10649_/S                               0.750000    0.897329   -0.147329 (VIOLATED)
fanout2088/X                            0.750000    0.897324   -0.147324 (VIOLATED)
_12454_/A0                              0.750000    0.895938   -0.145938 (VIOLATED)
_10988_/B2                              0.750000    0.895927   -0.145927 (VIOLATED)
_10956_/B1                              0.750000    0.895926   -0.145926 (VIOLATED)
_12744_/A0                              0.750000    0.895893   -0.145893 (VIOLATED)
_10955_/Y                               0.750000    0.895878   -0.145878 (VIOLATED)
fanout136/A                             0.750000    0.895344   -0.145344 (VIOLATED)
fanout135/A                             0.750000    0.895343   -0.145343 (VIOLATED)
_16871_/B1                              0.750000    0.895338   -0.145338 (VIOLATED)
_16997_/B1                              0.750000    0.895338   -0.145338 (VIOLATED)
_17079_/B1                              0.750000    0.895337   -0.145337 (VIOLATED)
_17182_/B1                              0.750000    0.895336   -0.145336 (VIOLATED)
_16822_/B1                              0.750000    0.895335   -0.145335 (VIOLATED)
_16895_/B1                              0.750000    0.895329   -0.145329 (VIOLATED)
_16560_/B1                              0.750000    0.895325   -0.145325 (VIOLATED)
_16586_/B1                              0.750000    0.895325   -0.145325 (VIOLATED)
fanout137/X                             0.750000    0.895325   -0.145325 (VIOLATED)
_11936_/C1                              0.750000    0.894903   -0.144904 (VIOLATED)
_12126_/S0                              0.750000    0.894899   -0.144899 (VIOLATED)
load_slew2488/A                         0.750000    0.894891   -0.144891 (VIOLATED)
_12332_/S0                              0.750000    0.894888   -0.144888 (VIOLATED)
_12333_/S                               0.750000    0.894887   -0.144887 (VIOLATED)
_12140_/S0                              0.750000    0.894868   -0.144868 (VIOLATED)
fanout2487/X                            0.750000    0.894866   -0.144866 (VIOLATED)
_11099_/A2                              0.750000    0.894769   -0.144769 (VIOLATED)
_11102_/A2                              0.750000    0.894765   -0.144765 (VIOLATED)
_11108_/A2                              0.750000    0.894756   -0.144756 (VIOLATED)
_11105_/A2                              0.750000    0.894742   -0.144742 (VIOLATED)
_11258_/A2                              0.750000    0.894712   -0.144712 (VIOLATED)
_11248_/A2                              0.750000    0.894709   -0.144709 (VIOLATED)
_11251_/A2                              0.750000    0.894707   -0.144707 (VIOLATED)
_11256_/A2                              0.750000    0.894698   -0.144698 (VIOLATED)
_11112_/A2                              0.750000    0.894661   -0.144661 (VIOLATED)
_11115_/A2                              0.750000    0.894651   -0.144651 (VIOLATED)
fanout1932/X                            0.750000    0.894651   -0.144651 (VIOLATED)
_09839_/A1                              0.750000    0.894641   -0.144641 (VIOLATED)
_11088_/A                               0.750000    0.894355   -0.144355 (VIOLATED)
_11085_/A1_N                            0.750000    0.894278   -0.144278 (VIOLATED)
_11084_/B2                              0.750000    0.894269   -0.144269 (VIOLATED)
_11089_/A1                              0.750000    0.894140   -0.144140 (VIOLATED)
_11263_/B1                              0.750000    0.893483   -0.143483 (VIOLATED)
_11121_/B1                              0.750000    0.893471   -0.143471 (VIOLATED)
_11115_/B1                              0.750000    0.893460   -0.143460 (VIOLATED)
_11101_/A2                              0.750000    0.893455   -0.143455 (VIOLATED)
_11255_/A2                              0.750000    0.893454   -0.143454 (VIOLATED)
_11106_/A2                              0.750000    0.893453   -0.143453 (VIOLATED)
fanout1856/X                            0.750000    0.893453   -0.143453 (VIOLATED)
fanout1492/A                            0.750000    0.892976   -0.142976 (VIOLATED)
fanout1489/A                            0.750000    0.892939   -0.142939 (VIOLATED)
fanout1497/A                            0.750000    0.892335   -0.142335 (VIOLATED)
fanout1494/A                            0.750000    0.892325   -0.142325 (VIOLATED)
_17846_/X                               0.750000    0.892278   -0.142278 (VIOLATED)
_09838_/X                               0.750000    0.892212   -0.142212 (VIOLATED)
_18283_/A                               0.750000    0.891181   -0.141181 (VIOLATED)
_11391_/A                               0.750000    0.891154   -0.141154 (VIOLATED)
_18218_/C1                              0.750000    0.891153   -0.141153 (VIOLATED)
_11390_/A                               0.750000    0.891151   -0.141151 (VIOLATED)
_10523_/A                               0.750000    0.891117   -0.141117 (VIOLATED)
_10524_/A                               0.750000    0.891103   -0.141103 (VIOLATED)
_14890_/A1                              0.750000    0.890892   -0.140892 (VIOLATED)
_14854_/A1                              0.750000    0.890885   -0.140885 (VIOLATED)
_14818_/A1                              0.750000    0.890873   -0.140873 (VIOLATED)
_14709_/A1                              0.750000    0.890871   -0.140871 (VIOLATED)
_14673_/A1                              0.750000    0.890841   -0.140841 (VIOLATED)
_14926_/A1                              0.750000    0.890825   -0.140825 (VIOLATED)
_14637_/A1                              0.750000    0.890779   -0.140779 (VIOLATED)
input1/X                                0.750000    0.890760   -0.140760 (VIOLATED)
_14745_/A1                              0.750000    0.890734   -0.140734 (VIOLATED)
_13722_/A1                              0.750000    0.890626   -0.140626 (VIOLATED)
_13685_/A1                              0.750000    0.890560   -0.140560 (VIOLATED)
fanout201/X                             0.750000    0.890558   -0.140558 (VIOLATED)
fanout1015/A                            0.750000    0.889504   -0.139504 (VIOLATED)
fanout1027/A                            0.750000    0.889491   -0.139491 (VIOLATED)
load_slew1035/A                         0.750000    0.889478   -0.139478 (VIOLATED)
fanout1032/A                            0.750000    0.889478   -0.139478 (VIOLATED)
fanout1033/X                            0.750000    0.889478   -0.139478 (VIOLATED)
ANTENNA_1/DIODE                         0.750000    0.888502   -0.138502 (VIOLATED)
_17205_/B                               0.750000    0.888502   -0.138502 (VIOLATED)
_16553_/A1                              0.750000    0.888499   -0.138499 (VIOLATED)
ANTENNA_3/DIODE                         0.750000    0.888498   -0.138498 (VIOLATED)
_16785_/A2                              0.750000    0.888457   -0.138457 (VIOLATED)
ANTENNA_2/DIODE                         0.750000    0.888457   -0.138457 (VIOLATED)
fanout647/A                             0.750000    0.888150   -0.138150 (VIOLATED)
fanout649/A                             0.750000    0.888147   -0.138147 (VIOLATED)
_16213_/B1                              0.750000    0.888137   -0.138137 (VIOLATED)
fanout651/A                             0.750000    0.888056   -0.138056 (VIOLATED)
fanout653/A                             0.750000    0.887993   -0.137993 (VIOLATED)
fanout654/X                             0.750000    0.887991   -0.137991 (VIOLATED)
_16421_/X                               0.750000    0.887942   -0.137942 (VIOLATED)
_11025_/B1_N                            0.750000    0.887555   -0.137555 (VIOLATED)
_11030_/C1                              0.750000    0.887554   -0.137554 (VIOLATED)
_10779_/B1_N                            0.750000    0.887541   -0.137541 (VIOLATED)
_10784_/C1                              0.750000    0.887529   -0.137529 (VIOLATED)
_11044_/C1                              0.750000    0.887514   -0.137514 (VIOLATED)
_11039_/B1_N                            0.750000    0.887511   -0.137511 (VIOLATED)
_10793_/B1_N                            0.750000    0.887502   -0.137502 (VIOLATED)
_10796_/B1                              0.750000    0.887489   -0.137489 (VIOLATED)
_10800_/S                               0.750000    0.887464   -0.137464 (VIOLATED)
_10803_/S                               0.750000    0.887457   -0.137457 (VIOLATED)
fanout2089/X                            0.750000    0.887457   -0.137457 (VIOLATED)
_10038_/B2                              0.750000    0.887188   -0.137188 (VIOLATED)
_10017_/B2                              0.750000    0.887176   -0.137176 (VIOLATED)
_09784_/A2                              0.750000    0.887175   -0.137175 (VIOLATED)
_10132_/A1                              0.750000    0.887154   -0.137154 (VIOLATED)
fanout1786/X                            0.750000    0.887154   -0.137154 (VIOLATED)
load_slew1787/A                         0.750000    0.887154   -0.137154 (VIOLATED)
fanout1332/A                            0.750000    0.886935   -0.136935 (VIOLATED)
_11487_/A2                              0.750000    0.886501   -0.136501 (VIOLATED)
_10046_/A2                              0.750000    0.886490   -0.136490 (VIOLATED)
_10137_/A0                              0.750000    0.886490   -0.136490 (VIOLATED)
_11549_/A2                              0.750000    0.886485   -0.136485 (VIOLATED)
_09874_/A                               0.750000    0.886480   -0.136480 (VIOLATED)
_09875_/A                               0.750000    0.886480   -0.136480 (VIOLATED)
_09892_/A2                              0.750000    0.886480   -0.136480 (VIOLATED)
_09893_/A2                              0.750000    0.886480   -0.136480 (VIOLATED)
_12484_/A                               0.750000    0.886480   -0.136480 (VIOLATED)
_12485_/A1                              0.750000    0.886480   -0.136480 (VIOLATED)
fanout1165/X                            0.750000    0.886480   -0.136480 (VIOLATED)
fanout1329/A                            0.750000    0.886464   -0.136464 (VIOLATED)
fanout1053/A                            0.750000    0.886038   -0.136038 (VIOLATED)
fanout1062/A                            0.750000    0.885857   -0.135857 (VIOLATED)
fanout1333/A                            0.750000    0.885798   -0.135798 (VIOLATED)
fanout1336/A                            0.750000    0.885773   -0.135773 (VIOLATED)
_16190_/B1                              0.750000    0.885767   -0.135767 (VIOLATED)
_16710_/B2                              0.750000    0.885765   -0.135765 (VIOLATED)
_16767_/B1                              0.750000    0.885760   -0.135760 (VIOLATED)
_16620_/B1                              0.750000    0.885755   -0.135755 (VIOLATED)
_16621_/A1                              0.750000    0.885753   -0.135753 (VIOLATED)
_16677_/B1                              0.750000    0.885749   -0.135749 (VIOLATED)
_16651_/B1                              0.750000    0.885749   -0.135749 (VIOLATED)
_16678_/B2                              0.750000    0.885744   -0.135744 (VIOLATED)
_16590_/B1                              0.750000    0.885738   -0.135739 (VIOLATED)
_16591_/A1                              0.750000    0.885738   -0.135739 (VIOLATED)
fanout1597/X                            0.750000    0.885738   -0.135739 (VIOLATED)
_17513_/X                               0.750000    0.885702   -0.135703 (VIOLATED)
_18121_/S                               0.750000    0.885609   -0.135609 (VIOLATED)
_18136_/S                               0.750000    0.885606   -0.135606 (VIOLATED)
_18140_/S                               0.750000    0.885606   -0.135606 (VIOLATED)
_18128_/S                               0.750000    0.885597   -0.135597 (VIOLATED)
fanout1207/X                            0.750000    0.885597   -0.135597 (VIOLATED)
load_slew1208/A                         0.750000    0.885597   -0.135597 (VIOLATED)
_11637_/A                               0.750000    0.884735   -0.134735 (VIOLATED)
_11783_/A2                              0.750000    0.884734   -0.134734 (VIOLATED)
_11664_/B2                              0.750000    0.884733   -0.134733 (VIOLATED)
_11707_/B2                              0.750000    0.884731   -0.134731 (VIOLATED)
_11691_/B1                              0.750000    0.884719   -0.134719 (VIOLATED)
_11636_/Y                               0.750000    0.884719   -0.134719 (VIOLATED)
_11700_/B                               0.750000    0.884719   -0.134719 (VIOLATED)
_11793_/A1                              0.750000    0.884719   -0.134719 (VIOLATED)
_11179_/B2                              0.750000    0.884538   -0.134538 (VIOLATED)
_10867_/B2                              0.750000    0.884523   -0.134523 (VIOLATED)
_11016_/B2                              0.750000    0.884514   -0.134514 (VIOLATED)
_17013_/A2                              0.750000    0.884458   -0.134458 (VIOLATED)
_17070_/A2                              0.750000    0.884452   -0.134452 (VIOLATED)
_10953_/B2                              0.750000    0.884443   -0.134443 (VIOLATED)
_16905_/A2                              0.750000    0.884406   -0.134406 (VIOLATED)
_17116_/B                               0.750000    0.884387   -0.134387 (VIOLATED)
load_slew1963/A                         0.750000    0.884375   -0.134375 (VIOLATED)
_10984_/B2                              0.750000    0.884354   -0.134354 (VIOLATED)
fanout1962/X                            0.750000    0.884354   -0.134354 (VIOLATED)
fanout1160/A                            0.750000    0.884310   -0.134310 (VIOLATED)
_11491_/Y                               0.750000    0.884303   -0.134303 (VIOLATED)
_15216_/B1                              0.750000    0.884033   -0.134033 (VIOLATED)
fanout1098/A                            0.750000    0.884025   -0.134025 (VIOLATED)
_12642_/X                               0.750000    0.884011   -0.134011 (VIOLATED)
_17085_/A1                              0.750000    0.883264   -0.133264 (VIOLATED)
_17079_/Y                               0.750000    0.883242   -0.133242 (VIOLATED)
fanout545/A                             0.750000    0.882245   -0.132245 (VIOLATED)
_14605_/X                               0.750000    0.881703   -0.131703 (VIOLATED)
_10250_/S                               0.750000    0.879434   -0.129434 (VIOLATED)
_10245_/A                               0.750000    0.879426   -0.129426 (VIOLATED)
_09639_/S                               0.750000    0.879415   -0.129415 (VIOLATED)
_09640_/S                               0.750000    0.879411   -0.129411 (VIOLATED)
_09638_/S                               0.750000    0.879409   -0.129409 (VIOLATED)
_09658_/A                               0.750000    0.879374   -0.129374 (VIOLATED)
_09656_/A                               0.750000    0.879348   -0.129348 (VIOLATED)
_09661_/S                               0.750000    0.879324   -0.129324 (VIOLATED)
_09660_/S                               0.750000    0.879308   -0.129308 (VIOLATED)
_10349_/A                               0.750000    0.879282   -0.129282 (VIOLATED)
fanout2246/X                            0.750000    0.879281   -0.129281 (VIOLATED)
_15966_/A2                              0.750000    0.878621   -0.128621 (VIOLATED)
_16514_/B                               0.750000    0.878621   -0.128621 (VIOLATED)
_16177_/B1                              0.750000    0.878611   -0.128611 (VIOLATED)
_15624_/A2                              0.750000    0.878609   -0.128609 (VIOLATED)
_16267_/A2                              0.750000    0.878609   -0.128609 (VIOLATED)
_15670_/A2                              0.750000    0.878589   -0.128589 (VIOLATED)
_15989_/A2                              0.750000    0.878587   -0.128587 (VIOLATED)
_16155_/B1                              0.750000    0.878581   -0.128581 (VIOLATED)
_15204_/A2                              0.750000    0.878579   -0.128579 (VIOLATED)
fanout863/X                             0.750000    0.878579   -0.128579 (VIOLATED)
wire127/A                               0.750000    0.878037   -0.128037 (VIOLATED)
_15640_/Y                               0.750000    0.877994   -0.127994 (VIOLATED)
_14893_/A1                              0.750000    0.877375   -0.127375 (VIOLATED)
_14821_/A1                              0.750000    0.877373   -0.127374 (VIOLATED)
fanout255/A                             0.750000    0.877370   -0.127370 (VIOLATED)
_14530_/A1                              0.750000    0.877330   -0.127330 (VIOLATED)
_14349_/A1                              0.750000    0.877330   -0.127330 (VIOLATED)
_14458_/A1                              0.750000    0.877329   -0.127329 (VIOLATED)
_14313_/A1                              0.750000    0.877319   -0.127319 (VIOLATED)
_14422_/A1                              0.750000    0.877319   -0.127319 (VIOLATED)
_14494_/A1                              0.750000    0.877319   -0.127319 (VIOLATED)
_14566_/A1                              0.750000    0.877319   -0.127319 (VIOLATED)
fanout256/X                             0.750000    0.877319   -0.127319 (VIOLATED)
_17510_/S                               0.750000    0.877217   -0.127217 (VIOLATED)
_17502_/S                               0.750000    0.877208   -0.127208 (VIOLATED)
_17500_/S                               0.750000    0.877167   -0.127168 (VIOLATED)
_17400_/S                               0.750000    0.877151   -0.127151 (VIOLATED)
_17508_/S                               0.750000    0.877123   -0.127123 (VIOLATED)
_17408_/S                               0.750000    0.877110   -0.127110 (VIOLATED)
_11999_/C1                              0.750000    0.877088   -0.127089 (VIOLATED)
_17398_/S                               0.750000    0.877078   -0.127078 (VIOLATED)
_17491_/S                               0.750000    0.877070   -0.127070 (VIOLATED)
fanout1520/X                            0.750000    0.877068   -0.127068 (VIOLATED)
_17406_/S                               0.750000    0.877058   -0.127058 (VIOLATED)
_17410_/S                               0.750000    0.877052   -0.127053 (VIOLATED)
fanout1540/X                            0.750000    0.877052   -0.127053 (VIOLATED)
_11852_/A                               0.750000    0.877046   -0.127046 (VIOLATED)
max_cap2360/A                           0.750000    0.877024   -0.127024 (VIOLATED)
_11853_/A                               0.750000    0.877003   -0.127003 (VIOLATED)
input7/X                                0.750000    0.876949   -0.126949 (VIOLATED)
_10287_/A                               0.750000    0.876385   -0.126385 (VIOLATED)
_10288_/A1                              0.750000    0.876382   -0.126382 (VIOLATED)
_11153_/A1                              0.750000    0.876367   -0.126367 (VIOLATED)
_11337_/A1                              0.750000    0.876365   -0.126365 (VIOLATED)
_10286_/X                               0.750000    0.875874   -0.125874 (VIOLATED)
_16931_/A2                              0.750000    0.874169   -0.124169 (VIOLATED)
_12463_/A2                              0.750000    0.874168   -0.124168 (VIOLATED)
_12457_/A2                              0.750000    0.874162   -0.124162 (VIOLATED)
_12548_/A2                              0.750000    0.874154   -0.124154 (VIOLATED)
_12448_/A2                              0.750000    0.874141   -0.124141 (VIOLATED)
_16826_/A3                              0.750000    0.874131   -0.124131 (VIOLATED)
_12453_/A2                              0.750000    0.874128   -0.124128 (VIOLATED)
_12430_/A1                              0.750000    0.874118   -0.124118 (VIOLATED)
_12431_/A2                              0.750000    0.874089   -0.124089 (VIOLATED)
_11406_/A                               0.750000    0.874035   -0.124035 (VIOLATED)
fanout1966/X                            0.750000    0.874029   -0.124029 (VIOLATED)
_14838_/A1                              0.750000    0.874002   -0.124002 (VIOLATED)
_14910_/A1                              0.750000    0.873998   -0.123998 (VIOLATED)
_14621_/A1                              0.750000    0.873988   -0.123988 (VIOLATED)
_14802_/A1                              0.750000    0.873982   -0.123982 (VIOLATED)
_14874_/A1                              0.750000    0.873979   -0.123979 (VIOLATED)
_14657_/A1                              0.750000    0.873976   -0.123976 (VIOLATED)
_14693_/A1                              0.750000    0.873968   -0.123969 (VIOLATED)
_13086_/A1                              0.750000    0.873899   -0.123899 (VIOLATED)
_13012_/A1                              0.750000    0.873896   -0.123896 (VIOLATED)
_13050_/A1                              0.750000    0.873876   -0.123876 (VIOLATED)
fanout229/X                             0.750000    0.873876   -0.123876 (VIOLATED)
_17014_/A1                              0.750000    0.873664   -0.123664 (VIOLATED)
_17071_/A1                              0.750000    0.873663   -0.123663 (VIOLATED)
_16885_/A                               0.750000    0.873660   -0.123660 (VIOLATED)
_16854_/B2                              0.750000    0.873642   -0.123642 (VIOLATED)
_16839_/A1                              0.750000    0.873640   -0.123640 (VIOLATED)
_09200_/A                               0.750000    0.873637   -0.123637 (VIOLATED)
_10160_/A1                              0.750000    0.873637   -0.123637 (VIOLATED)
_10069_/S1                              0.750000    0.873620   -0.123620 (VIOLATED)
_10178_/S1                              0.750000    0.873619   -0.123619 (VIOLATED)
_10293_/A                               0.750000    0.873618   -0.123618 (VIOLATED)
fanout2193/X                            0.750000    0.873618   -0.123618 (VIOLATED)
_17118_/A1                              0.750000    0.873614   -0.123614 (VIOLATED)
_16904_/B2                              0.750000    0.873614   -0.123614 (VIOLATED)
_16958_/A1_N                            0.750000    0.873611   -0.123611 (VIOLATED)
_16803_/B2                              0.750000    0.873609   -0.123609 (VIOLATED)
_16992_/A1_N                            0.750000    0.873609   -0.123609 (VIOLATED)
fanout1421/X                            0.750000    0.873609   -0.123609 (VIOLATED)
_16019_/A2                              0.750000    0.872745   -0.122745 (VIOLATED)
_16387_/B1                              0.750000    0.872741   -0.122741 (VIOLATED)
fanout689/A                             0.750000    0.872693   -0.122693 (VIOLATED)
fanout691/A                             0.750000    0.872666   -0.122666 (VIOLATED)
fanout693/A                             0.750000    0.872662   -0.122662 (VIOLATED)
fanout694/X                             0.750000    0.872656   -0.122656 (VIOLATED)
fanout729/A                             0.750000    0.872107   -0.122107 (VIOLATED)
fanout731/A                             0.750000    0.872063   -0.122063 (VIOLATED)
_16458_/B1                              0.750000    0.872001   -0.122001 (VIOLATED)
_16296_/B1                              0.750000    0.871960   -0.121960 (VIOLATED)
fanout734/A                             0.750000    0.871945   -0.121945 (VIOLATED)
fanout736/X                             0.750000    0.871944   -0.121944 (VIOLATED)
_14537_/A1                              0.750000    0.870437   -0.120437 (VIOLATED)
_14465_/A1                              0.750000    0.870433   -0.120433 (VIOLATED)
fanout452/A                             0.750000    0.870415   -0.120415 (VIOLATED)
fanout457/A                             0.750000    0.870411   -0.120411 (VIOLATED)
_12120_/C1                              0.750000    0.870074   -0.120074 (VIOLATED)
_12334_/C1                              0.750000    0.870051   -0.120051 (VIOLATED)
fanout455/A                             0.750000    0.870001   -0.120001 (VIOLATED)
fanout458/X                             0.750000    0.869998   -0.119998 (VIOLATED)
_12138_/C1                              0.750000    0.869983   -0.119983 (VIOLATED)
load_slew2366/A                         0.750000    0.869928   -0.119928 (VIOLATED)
_11879_/C1                              0.750000    0.869916   -0.119916 (VIOLATED)
fanout2365/X                            0.750000    0.869916   -0.119916 (VIOLATED)
_17097_/A                               0.750000    0.869822   -0.119822 (VIOLATED)
fanout1421/A                            0.750000    0.869803   -0.119803 (VIOLATED)
_16636_/A                               0.750000    0.869777   -0.119777 (VIOLATED)
fanout1419/A                            0.750000    0.869773   -0.119773 (VIOLATED)
_09880_/Y                               0.750000    0.869763   -0.119763 (VIOLATED)
_17142_/A1                              0.750000    0.869601   -0.119601 (VIOLATED)
_17176_/B2                              0.750000    0.869599   -0.119599 (VIOLATED)
_17129_/A                               0.750000    0.869585   -0.119585 (VIOLATED)
_17123_/Y                               0.750000    0.869548   -0.119548 (VIOLATED)
_11190_/A                               0.750000    0.869261   -0.119261 (VIOLATED)
load_slew2018/A                         0.750000    0.869229   -0.119229 (VIOLATED)
_10799_/C1                              0.750000    0.869214   -0.119215 (VIOLATED)
_10791_/C1                              0.750000    0.869183   -0.119183 (VIOLATED)
_09320_/A1                              0.750000    0.869159   -0.119159 (VIOLATED)
fanout2017/X                            0.750000    0.869159   -0.119159 (VIOLATED)
_12690_/A1                              0.750000    0.868927   -0.118927 (VIOLATED)
_13964_/A1                              0.750000    0.868920   -0.118920 (VIOLATED)
_13158_/A1                              0.750000    0.868919   -0.118919 (VIOLATED)
_14983_/A1                              0.750000    0.868917   -0.118917 (VIOLATED)
_14366_/A1                              0.750000    0.868913   -0.118913 (VIOLATED)
_14946_/A1                              0.750000    0.868903   -0.118903 (VIOLATED)
_13557_/A1                              0.750000    0.868860   -0.118860 (VIOLATED)
_14602_/A1                              0.750000    0.868842   -0.118842 (VIOLATED)
fanout256/A                             0.750000    0.868840   -0.118840 (VIOLATED)
_14765_/A1                              0.750000    0.868823   -0.118823 (VIOLATED)
_13688_/A1                              0.750000    0.868781   -0.118781 (VIOLATED)
_13947_/A1                              0.750000    0.868771   -0.118771 (VIOLATED)
_13762_/A1                              0.750000    0.868769   -0.118769 (VIOLATED)
_13910_/A1                              0.750000    0.868768   -0.118768 (VIOLATED)
_13873_/A1                              0.750000    0.868763   -0.118763 (VIOLATED)
_13725_/A1                              0.750000    0.868761   -0.118761 (VIOLATED)
_13799_/A1                              0.750000    0.868761   -0.118761 (VIOLATED)
_13836_/A1                              0.750000    0.868761   -0.118761 (VIOLATED)
fanout257/X                             0.750000    0.868761   -0.118761 (VIOLATED)
_13705_/A1                              0.750000    0.868680   -0.118681 (VIOLATED)
_13668_/A1                              0.750000    0.868646   -0.118646 (VIOLATED)
fanout376/X                             0.750000    0.868646   -0.118646 (VIOLATED)
_12669_/A                               0.750000    0.868616   -0.118616 (VIOLATED)
_12731_/A1                              0.750000    0.868615   -0.118615 (VIOLATED)
_15453_/C1                              0.750000    0.868547   -0.118547 (VIOLATED)
_15176_/B1                              0.750000    0.868531   -0.118531 (VIOLATED)
fanout615/A                             0.750000    0.868467   -0.118467 (VIOLATED)
_18401_/A2                              0.750000    0.868440   -0.118440 (VIOLATED)
fanout616/X                             0.750000    0.868440   -0.118440 (VIOLATED)
_11485_/A2                              0.750000    0.868268   -0.118269 (VIOLATED)
_11611_/A2                              0.750000    0.868266   -0.118266 (VIOLATED)
_11584_/A1                              0.750000    0.868254   -0.118254 (VIOLATED)
_10013_/A                               0.750000    0.868253   -0.118253 (VIOLATED)
_12480_/B1                              0.750000    0.868247   -0.118247 (VIOLATED)
_10504_/A                               0.750000    0.868242   -0.118242 (VIOLATED)
_12482_/A2                              0.750000    0.867939   -0.117939 (VIOLATED)
_11607_/A2                              0.750000    0.867937   -0.117937 (VIOLATED)
_10012_/X                               0.750000    0.867809   -0.117809 (VIOLATED)
fanout1765/A                            0.750000    0.866969   -0.116969 (VIOLATED)
fanout1768/A                            0.750000    0.866967   -0.116967 (VIOLATED)
fanout1761/A                            0.750000    0.866915   -0.116915 (VIOLATED)
fanout1763/A                            0.750000    0.866878   -0.116878 (VIOLATED)
_09380_/X                               0.750000    0.866847   -0.116847 (VIOLATED)
fanout566/A                             0.750000    0.865865   -0.115865 (VIOLATED)
fanout567/A                             0.750000    0.865861   -0.115861 (VIOLATED)
_11716_/A                               0.750000    0.865701   -0.115701 (VIOLATED)
_11732_/A1                              0.750000    0.865701   -0.115701 (VIOLATED)
_11760_/A1                              0.750000    0.865700   -0.115700 (VIOLATED)
_11736_/A1                              0.750000    0.865699   -0.115699 (VIOLATED)
_11725_/A                               0.750000    0.865693   -0.115693 (VIOLATED)
_11694_/B1                              0.750000    0.865687   -0.115687 (VIOLATED)
_11799_/A1                              0.750000    0.865679   -0.115679 (VIOLATED)
_11722_/A                               0.750000    0.865675   -0.115675 (VIOLATED)
_11766_/A1                              0.750000    0.865675   -0.115675 (VIOLATED)
fanout532/X                             0.750000    0.865675   -0.115675 (VIOLATED)
_15201_/B1                              0.750000    0.865620   -0.115621 (VIOLATED)
_13325_/X                               0.750000    0.865586   -0.115586 (VIOLATED)
_12550_/A0                              0.750000    0.864632   -0.114632 (VIOLATED)
_11335_/A                               0.750000    0.864620   -0.114620 (VIOLATED)
_11781_/A2                              0.750000    0.864504   -0.114504 (VIOLATED)
_11630_/A2                              0.750000    0.864503   -0.114503 (VIOLATED)
_11627_/Y                               0.750000    0.864503   -0.114503 (VIOLATED)
_11672_/A                               0.750000    0.864503   -0.114503 (VIOLATED)
_11675_/A                               0.750000    0.864503   -0.114503 (VIOLATED)
_11765_/A                               0.750000    0.864503   -0.114503 (VIOLATED)
_11791_/A2                              0.750000    0.864503   -0.114503 (VIOLATED)
_11795_/A2                              0.750000    0.864503   -0.114503 (VIOLATED)
_11796_/A1                              0.750000    0.864503   -0.114503 (VIOLATED)
_12750_/A1                              0.750000    0.864323   -0.114324 (VIOLATED)
_12720_/A0                              0.750000    0.864272   -0.114272 (VIOLATED)
_12083_/C1                              0.750000    0.864127   -0.114127 (VIOLATED)
_12102_/C1                              0.750000    0.864110   -0.114110 (VIOLATED)
_12219_/B1                              0.750000    0.864079   -0.114079 (VIOLATED)
_12233_/C1                              0.750000    0.864034   -0.114034 (VIOLATED)
_11334_/X                               0.750000    0.863995   -0.113995 (VIOLATED)
_12249_/B1                              0.750000    0.863988   -0.113988 (VIOLATED)
fanout2330/X                            0.750000    0.863988   -0.113988 (VIOLATED)
fanout2083/A                            0.750000    0.863385   -0.113385 (VIOLATED)
fanout2085/A                            0.750000    0.863348   -0.113348 (VIOLATED)
_12661_/A1                              0.750000    0.863065   -0.113065 (VIOLATED)
_13149_/A1                              0.750000    0.863065   -0.113065 (VIOLATED)
_14756_/A1                              0.750000    0.863065   -0.113065 (VIOLATED)
_14974_/A1                              0.750000    0.863059   -0.113059 (VIOLATED)
_13955_/A1                              0.750000    0.863056   -0.113056 (VIOLATED)
_13548_/A1                              0.750000    0.863051   -0.113051 (VIOLATED)
_14357_/A1                              0.750000    0.863046   -0.113046 (VIOLATED)
_14937_/A1                              0.750000    0.863036   -0.113036 (VIOLATED)
fanout453/A                             0.750000    0.863002   -0.113002 (VIOLATED)
fanout454/A                             0.750000    0.863002   -0.113002 (VIOLATED)
fanout455/X                             0.750000    0.863002   -0.113002 (VIOLATED)
fanout2086/X                            0.750000    0.862866   -0.112866 (VIOLATED)
load_slew2087/A                         0.750000    0.862866   -0.112866 (VIOLATED)
_16527_/A2                              0.750000    0.862045   -0.112045 (VIOLATED)
fanout1036/A                            0.750000    0.862011   -0.112011 (VIOLATED)
_16508_/A2                              0.750000    0.861971   -0.111971 (VIOLATED)
_15648_/A2                              0.750000    0.861941   -0.111941 (VIOLATED)
fanout1038/A                            0.750000    0.861933   -0.111933 (VIOLATED)
_15960_/A2                              0.750000    0.861932   -0.111932 (VIOLATED)
fanout1040/X                            0.750000    0.861932   -0.111932 (VIOLATED)
_13566_/A0                              0.750000    0.861899   -0.111899 (VIOLATED)
_14774_/A0                              0.750000    0.861899   -0.111899 (VIOLATED)
_14955_/A0                              0.750000    0.861894   -0.111894 (VIOLATED)
_13973_/A0                              0.750000    0.861889   -0.111889 (VIOLATED)
_13167_/A0                              0.750000    0.861888   -0.111888 (VIOLATED)
_14992_/A0                              0.750000    0.861885   -0.111885 (VIOLATED)
_15455_/B2                              0.750000    0.861885   -0.111885 (VIOLATED)
_16731_/A1                              0.750000    0.861885   -0.111885 (VIOLATED)
_16785_/A1                              0.750000    0.861884   -0.111885 (VIOLATED)
_16760_/B2                              0.750000    0.861884   -0.111884 (VIOLATED)
_16646_/A1                              0.750000    0.861882   -0.111882 (VIOLATED)
_14375_/A0                              0.750000    0.861882   -0.111882 (VIOLATED)
_16371_/B2                              0.750000    0.861879   -0.111879 (VIOLATED)
_12722_/A0                              0.750000    0.861867   -0.111867 (VIOLATED)
_16672_/B2                              0.750000    0.861866   -0.111866 (VIOLATED)
_15637_/A1                              0.750000    0.861861   -0.111861 (VIOLATED)
_15268_/A2                              0.750000    0.861861   -0.111861 (VIOLATED)
_15822_/B2                              0.750000    0.861861   -0.111861 (VIOLATED)
fanout543/X                             0.750000    0.861861   -0.111861 (VIOLATED)
fanout311/A                             0.750000    0.861830   -0.111830 (VIOLATED)
_13899_/A0                              0.750000    0.861799   -0.111799 (VIOLATED)
fanout312/X                             0.750000    0.861799   -0.111799 (VIOLATED)
_16450_/C1                              0.750000    0.861184   -0.111184 (VIOLATED)
_15837_/A1                              0.750000    0.861128   -0.111128 (VIOLATED)
_15095_/C1                              0.750000    0.861098   -0.111098 (VIOLATED)
_16065_/C1                              0.750000    0.861079   -0.111079 (VIOLATED)
_15321_/C1                              0.750000    0.861059   -0.111059 (VIOLATED)
fanout1116/X                            0.750000    0.861059   -0.111059 (VIOLATED)
load_slew1117/A                         0.750000    0.861059   -0.111059 (VIOLATED)
_14998_/A1                              0.750000    0.860980   -0.110980 (VIOLATED)
_14961_/A1                              0.750000    0.860980   -0.110980 (VIOLATED)
fanout281/A                             0.750000    0.860971   -0.110971 (VIOLATED)
_13905_/A1                              0.750000    0.860921   -0.110921 (VIOLATED)
_13794_/A1                              0.750000    0.860899   -0.110899 (VIOLATED)
_13683_/A1                              0.750000    0.860884   -0.110884 (VIOLATED)
_13720_/A1                              0.750000    0.860884   -0.110884 (VIOLATED)
_13757_/A1                              0.750000    0.860884   -0.110884 (VIOLATED)
_13831_/A1                              0.750000    0.860880   -0.110880 (VIOLATED)
_13868_/A1                              0.750000    0.860878   -0.110878 (VIOLATED)
fanout282/X                             0.750000    0.860876   -0.110876 (VIOLATED)
_10584_/A1                              0.750000    0.860621   -0.110621 (VIOLATED)
_10959_/A2                              0.750000    0.860620   -0.110620 (VIOLATED)
_10966_/B1                              0.750000    0.860613   -0.110613 (VIOLATED)
_10974_/B1                              0.750000    0.860606   -0.110606 (VIOLATED)
_10917_/B1                              0.750000    0.860598   -0.110598 (VIOLATED)
_10923_/B1                              0.750000    0.860598   -0.110598 (VIOLATED)
fanout1859/X                            0.750000    0.860598   -0.110598 (VIOLATED)
_13163_/A0                              0.750000    0.860542   -0.110542 (VIOLATED)
_12710_/A0                              0.750000    0.860532   -0.110532 (VIOLATED)
_13710_/A0                              0.750000    0.860423   -0.110423 (VIOLATED)
_13673_/A0                              0.750000    0.860422   -0.110422 (VIOLATED)
_13747_/A0                              0.750000    0.860421   -0.110422 (VIOLATED)
_13821_/A0                              0.750000    0.860419   -0.110419 (VIOLATED)
_13932_/A0                              0.750000    0.860411   -0.110411 (VIOLATED)
_13858_/A0                              0.750000    0.860394   -0.110394 (VIOLATED)
_13895_/A0                              0.750000    0.860380   -0.110380 (VIOLATED)
_13784_/A0                              0.750000    0.860361   -0.110361 (VIOLATED)
fanout344/X                             0.750000    0.860359   -0.110359 (VIOLATED)
_09697_/A                               0.750000    0.859689   -0.109689 (VIOLATED)
_17163_/A1                              0.750000    0.859689   -0.109689 (VIOLATED)
_09698_/A1                              0.750000    0.859687   -0.109687 (VIOLATED)
_11473_/A1                              0.750000    0.859684   -0.109684 (VIOLATED)
_09635_/A                               0.750000    0.859683   -0.109683 (VIOLATED)
_11475_/S                               0.750000    0.859679   -0.109679 (VIOLATED)
_17008_/S                               0.750000    0.859678   -0.109678 (VIOLATED)
_17112_/A1                              0.750000    0.859671   -0.109671 (VIOLATED)
_11471_/S                               0.750000    0.859667   -0.109667 (VIOLATED)
_17072_/S                               0.750000    0.859667   -0.109667 (VIOLATED)
fanout1437/X                            0.750000    0.859667   -0.109667 (VIOLATED)
_16524_/B1                              0.750000    0.859109   -0.109109 (VIOLATED)
fanout799/A                             0.750000    0.859071   -0.109071 (VIOLATED)
_15367_/A2                              0.750000    0.859022   -0.109022 (VIOLATED)
_15622_/A2                              0.750000    0.859007   -0.109007 (VIOLATED)
load_slew802/A                          0.750000    0.858945   -0.108945 (VIOLATED)
_15647_/B                               0.750000    0.858942   -0.108942 (VIOLATED)
fanout801/X                             0.750000    0.858942   -0.108942 (VIOLATED)
fanout1869/A                            0.750000    0.855961   -0.105961 (VIOLATED)
load_slew1872/A                         0.750000    0.855874   -0.105874 (VIOLATED)
fanout1863/A                            0.750000    0.855864   -0.105864 (VIOLATED)
fanout1871/X                            0.750000    0.855864   -0.105864 (VIOLATED)
fanout1639/A                            0.750000    0.855502   -0.105502 (VIOLATED)
wire1645/A                              0.750000    0.855455   -0.105455 (VIOLATED)
fanout1641/A                            0.750000    0.855447   -0.105447 (VIOLATED)
fanout1644/X                            0.750000    0.855447   -0.105447 (VIOLATED)
_09820_/A                               0.750000    0.855361   -0.105361 (VIOLATED)
_10447_/A                               0.750000    0.855353   -0.105353 (VIOLATED)
_09719_/C1                              0.750000    0.855349   -0.105349 (VIOLATED)
fanout2001/X                            0.750000    0.855343   -0.105343 (VIOLATED)
load_slew2002/A                         0.750000    0.855343   -0.105343 (VIOLATED)
_15820_/A1                              0.750000    0.854926   -0.104926 (VIOLATED)
_16672_/A2                              0.750000    0.854889   -0.104889 (VIOLATED)
fanout1271/A                            0.750000    0.854552   -0.104552 (VIOLATED)
fanout1268/A                            0.750000    0.854536   -0.104536 (VIOLATED)
fanout1276/A                            0.750000    0.854528   -0.104528 (VIOLATED)
fanout1273/A                            0.750000    0.854444   -0.104444 (VIOLATED)
_17779_/X                               0.750000    0.854443   -0.104443 (VIOLATED)
_16709_/A1                              0.750000    0.853764   -0.103764 (VIOLATED)
_16765_/A1                              0.750000    0.853763   -0.103763 (VIOLATED)
_16736_/A1                              0.750000    0.853760   -0.103760 (VIOLATED)
_16790_/A1                              0.750000    0.853754   -0.103754 (VIOLATED)
_16850_/A1                              0.750000    0.853747   -0.103747 (VIOLATED)
_09232_/A                               0.750000    0.853719   -0.103719 (VIOLATED)
_09225_/B                               0.750000    0.853716   -0.103716 (VIOLATED)
_09226_/B                               0.750000    0.853704   -0.103704 (VIOLATED)
_09233_/B                               0.750000    0.853699   -0.103699 (VIOLATED)
_09227_/B                               0.750000    0.853697   -0.103697 (VIOLATED)
fanout2298/X                            0.750000    0.853697   -0.103697 (VIOLATED)
_15280_/B1                              0.750000    0.853443   -0.103443 (VIOLATED)
_15703_/A2                              0.750000    0.853417   -0.103417 (VIOLATED)
load_slew1917/A                         0.750000    0.853406   -0.103406 (VIOLATED)
fanout1915/A                            0.750000    0.853403   -0.103403 (VIOLATED)
fanout1894/A                            0.750000    0.853383   -0.103384 (VIOLATED)
fanout1916/X                            0.750000    0.853383   -0.103384 (VIOLATED)
_15951_/B1                              0.750000    0.853381   -0.103381 (VIOLATED)
load_slew1010/A                         0.750000    0.853327   -0.103327 (VIOLATED)
fanout2361/A                            0.750000    0.853312   -0.103312 (VIOLATED)
max_cap2369/A                           0.750000    0.853298   -0.103298 (VIOLATED)
fanout2363/A                            0.750000    0.853277   -0.103277 (VIOLATED)
fanout1007/A                            0.750000    0.853267   -0.103267 (VIOLATED)
fanout1009/X                            0.750000    0.853267   -0.103267 (VIOLATED)
input6/X                                0.750000    0.853264   -0.103264 (VIOLATED)
_13604_/A0                              0.750000    0.853046   -0.103046 (VIOLATED)
_13531_/A0                              0.750000    0.853044   -0.103044 (VIOLATED)
_13495_/A0                              0.750000    0.853032   -0.103032 (VIOLATED)
fanout300/A                             0.750000    0.852976   -0.102976 (VIOLATED)
fanout298/A                             0.750000    0.852887   -0.102887 (VIOLATED)
fanout301/X                             0.750000    0.852887   -0.102887 (VIOLATED)
_17252_/S                               0.750000    0.852854   -0.102854 (VIOLATED)
load_slew1368/A                         0.750000    0.852387   -0.102387 (VIOLATED)
_17249_/S                               0.750000    0.852340   -0.102340 (VIOLATED)
_16525_/B1                              0.750000    0.852333   -0.102333 (VIOLATED)
_17255_/S                               0.750000    0.852331   -0.102331 (VIOLATED)
fanout1366/X                            0.750000    0.852331   -0.102331 (VIOLATED)
fanout619/A                             0.750000    0.852324   -0.102324 (VIOLATED)
_15363_/B1                              0.750000    0.852307   -0.102307 (VIOLATED)
_15649_/B1                              0.750000    0.852279   -0.102279 (VIOLATED)
fanout621/X                             0.750000    0.852279   -0.102279 (VIOLATED)
load_slew622/A                          0.750000    0.852279   -0.102279 (VIOLATED)
_10470_/B2                              0.750000    0.851818   -0.101818 (VIOLATED)
load_slew2182/A                         0.750000    0.851776   -0.101776 (VIOLATED)
_09537_/S1                              0.750000    0.851743   -0.101743 (VIOLATED)
_09535_/S1                              0.750000    0.851731   -0.101731 (VIOLATED)
_09547_/S1                              0.750000    0.851722   -0.101722 (VIOLATED)
_09546_/S1                              0.750000    0.851716   -0.101716 (VIOLATED)
fanout2181/X                            0.750000    0.851716   -0.101716 (VIOLATED)
_11194_/A2                              0.750000    0.851449   -0.101449 (VIOLATED)
_11193_/A2                              0.750000    0.851446   -0.101446 (VIOLATED)
_11189_/A2                              0.750000    0.851442   -0.101442 (VIOLATED)
_11186_/A2                              0.750000    0.851439   -0.101439 (VIOLATED)
fanout1875/A                            0.750000    0.851389   -0.101389 (VIOLATED)
fanout1877/A                            0.750000    0.851350   -0.101350 (VIOLATED)
fanout1879/X                            0.750000    0.851344   -0.101344 (VIOLATED)
_15686_/X                               0.750000    0.851164   -0.101164 (VIOLATED)
fanout362/A                             0.750000    0.850848   -0.100848 (VIOLATED)
_13013_/A1                              0.750000    0.850835   -0.100835 (VIOLATED)
_13123_/A1                              0.750000    0.850835   -0.100835 (VIOLATED)
_13304_/A1                              0.750000    0.850834   -0.100834 (VIOLATED)
_13051_/A1                              0.750000    0.850831   -0.100831 (VIOLATED)
_13087_/A1                              0.750000    0.850831   -0.100831 (VIOLATED)
_13196_/A1                              0.750000    0.850831   -0.100831 (VIOLATED)
_13232_/A1                              0.750000    0.850831   -0.100831 (VIOLATED)
fanout361/A                             0.750000    0.850831   -0.100831 (VIOLATED)
fanout363/X                             0.750000    0.850831   -0.100831 (VIOLATED)
_16773_/A1                              0.750000    0.849679   -0.099679 (VIOLATED)
_16835_/A1                              0.750000    0.849673   -0.099673 (VIOLATED)
_11507_/S                               0.750000    0.849664   -0.099664 (VIOLATED)
_17200_/A2                              0.750000    0.849663   -0.099663 (VIOLATED)
_11476_/S                               0.750000    0.849658   -0.099658 (VIOLATED)
_11509_/A                               0.750000    0.849642   -0.099642 (VIOLATED)
_16960_/S                               0.750000    0.849636   -0.099636 (VIOLATED)
fanout1437/A                            0.750000    0.849631   -0.099631 (VIOLATED)
fanout1438/X                            0.750000    0.849631   -0.099631 (VIOLATED)
_11793_/A3                              0.750000    0.847692   -0.097692 (VIOLATED)
_11750_/C1                              0.750000    0.847688   -0.097688 (VIOLATED)
_11773_/B2                              0.750000    0.847674   -0.097674 (VIOLATED)
_11746_/A2                              0.750000    0.847666   -0.097666 (VIOLATED)
_11776_/B1                              0.750000    0.847651   -0.097651 (VIOLATED)
_11739_/A2                              0.750000    0.847623   -0.097623 (VIOLATED)
_11732_/A3                              0.750000    0.847620   -0.097620 (VIOLATED)
_11761_/A3                              0.750000    0.847613   -0.097613 (VIOLATED)
_11726_/A1                              0.750000    0.847606   -0.097606 (VIOLATED)
_11767_/A2                              0.750000    0.847602   -0.097602 (VIOLATED)
fanout523/X                             0.750000    0.847602   -0.097602 (VIOLATED)
fanout1779/A                            0.750000    0.847551   -0.097551 (VIOLATED)
wire1785/A                              0.750000    0.847450   -0.097451 (VIOLATED)
fanout1781/A                            0.750000    0.847422   -0.097422 (VIOLATED)
fanout1784/X                            0.750000    0.847421   -0.097421 (VIOLATED)
_12643_/A                               0.750000    0.846321   -0.096321 (VIOLATED)
_13651_/A                               0.750000    0.846260   -0.096260 (VIOLATED)
_12994_/A                               0.750000    0.846227   -0.096227 (VIOLATED)
_16562_/B1                              0.750000    0.846154   -0.096154 (VIOLATED)
_14276_/A                               0.750000    0.845883   -0.095883 (VIOLATED)
_11464_/B1                              0.750000    0.845857   -0.095857 (VIOLATED)
_13303_/A1                              0.750000    0.845684   -0.095684 (VIOLATED)
_13122_/A1                              0.750000    0.845676   -0.095676 (VIOLATED)
_14729_/A1                              0.750000    0.845674   -0.095674 (VIOLATED)
_13231_/A1                              0.750000    0.845669   -0.095669 (VIOLATED)
_13267_/A1                              0.750000    0.845657   -0.095657 (VIOLATED)
_13195_/A1                              0.750000    0.845655   -0.095655 (VIOLATED)
_11449_/X                               0.750000    0.845640   -0.095640 (VIOLATED)
_13521_/A1                              0.750000    0.845545   -0.095545 (VIOLATED)
fanout230/X                             0.750000    0.845543   -0.095543 (VIOLATED)
fanout2327/A                            0.750000    0.844484   -0.094484 (VIOLATED)
fanout2315/A                            0.750000    0.844472   -0.094472 (VIOLATED)
_11801_/Y                               0.750000    0.844467   -0.094467 (VIOLATED)
_17011_/C1                              0.750000    0.843992   -0.093992 (VIOLATED)
_17119_/A1                              0.750000    0.843992   -0.093992 (VIOLATED)
_10052_/Y                               0.750000    0.843989   -0.093989 (VIOLATED)
_12635_/A1                              0.750000    0.843989   -0.093989 (VIOLATED)
_16910_/A1                              0.750000    0.843989   -0.093989 (VIOLATED)
_17202_/B1                              0.750000    0.843989   -0.093989 (VIOLATED)
_17108_/A1                              0.750000    0.843459   -0.093459 (VIOLATED)
_17104_/Y                               0.750000    0.843374   -0.093374 (VIOLATED)
_18056_/S                               0.750000    0.843252   -0.093252 (VIOLATED)
_18048_/S                               0.750000    0.843243   -0.093243 (VIOLATED)
load_slew1222/A                         0.750000    0.843237   -0.093237 (VIOLATED)
fanout1220/X                            0.750000    0.843236   -0.093236 (VIOLATED)
_17691_/S                               0.750000    0.841266   -0.091266 (VIOLATED)
_17683_/S                               0.750000    0.841265   -0.091265 (VIOLATED)
fanout1288/X                            0.750000    0.841224   -0.091224 (VIOLATED)
load_slew1290/A                         0.750000    0.841224   -0.091224 (VIOLATED)
_15063_/A0                              0.750000    0.841014   -0.091014 (VIOLATED)
_12942_/A0                              0.750000    0.841014   -0.091014 (VIOLATED)
_15027_/A0                              0.750000    0.841012   -0.091012 (VIOLATED)
_12866_/A0                              0.750000    0.841010   -0.091010 (VIOLATED)
_12904_/A0                              0.750000    0.841010   -0.091010 (VIOLATED)
_12980_/A0                              0.750000    0.841007   -0.091007 (VIOLATED)
fanout323/A                             0.750000    0.841002   -0.091002 (VIOLATED)
_13601_/A0                              0.750000    0.841001   -0.091001 (VIOLATED)
_13528_/A0                              0.750000    0.841001   -0.091001 (VIOLATED)
_13019_/A0                              0.750000    0.841001   -0.091001 (VIOLATED)
fanout324/X                             0.750000    0.841001   -0.091001 (VIOLATED)
fanout83/A                              0.750000    0.839668   -0.089668 (VIOLATED)
fanout84/A                              0.750000    0.839661   -0.089661 (VIOLATED)
fanout85/A                              0.750000    0.839574   -0.089574 (VIOLATED)
fanout86/A                              0.750000    0.839546   -0.089546 (VIOLATED)
_16738_/X                               0.750000    0.839087   -0.089087 (VIOLATED)
fanout1501/A                            0.750000    0.838574   -0.088574 (VIOLATED)
fanout1498/A                            0.750000    0.838423   -0.088423 (VIOLATED)
_13388_/A0                              0.750000    0.838268   -0.088268 (VIOLATED)
_13424_/A0                              0.750000    0.838268   -0.088268 (VIOLATED)
_13532_/A0                              0.750000    0.838267   -0.088267 (VIOLATED)
_13460_/A0                              0.750000    0.838266   -0.088266 (VIOLATED)
_13605_/A0                              0.750000    0.838266   -0.088266 (VIOLATED)
_13496_/A0                              0.750000    0.838266   -0.088266 (VIOLATED)
_13352_/A0                              0.750000    0.838264   -0.088264 (VIOLATED)
_12984_/A0                              0.750000    0.838260   -0.088260 (VIOLATED)
_13133_/A0                              0.750000    0.838253   -0.088253 (VIOLATED)
_13023_/A0                              0.750000    0.838249   -0.088249 (VIOLATED)
fanout219/X                             0.750000    0.838249   -0.088249 (VIOLATED)
fanout1503/A                            0.750000    0.837873   -0.087873 (VIOLATED)
fanout1506/A                            0.750000    0.837834   -0.087834 (VIOLATED)
_17713_/X                               0.750000    0.837826   -0.087826 (VIOLATED)
_13508_/A1                              0.750000    0.837241   -0.087241 (VIOLATED)
_13364_/A1                              0.750000    0.837240   -0.087240 (VIOLATED)
_13617_/A1                              0.750000    0.837240   -0.087240 (VIOLATED)
_13581_/A1                              0.750000    0.837240   -0.087240 (VIOLATED)
_13472_/A1                              0.750000    0.837236   -0.087236 (VIOLATED)
fanout480/A                             0.750000    0.837232   -0.087232 (VIOLATED)
fanout479/A                             0.750000    0.837229   -0.087229 (VIOLATED)
_13328_/A1                              0.750000    0.837228   -0.087228 (VIOLATED)
_13400_/A1                              0.750000    0.837226   -0.087226 (VIOLATED)
_13436_/A1                              0.750000    0.837223   -0.087223 (VIOLATED)
fanout481/X                             0.750000    0.837222   -0.087222 (VIOLATED)
_16396_/A2                              0.750000    0.837214   -0.087214 (VIOLATED)
_15871_/B1                              0.750000    0.837210   -0.087210 (VIOLATED)
_16339_/A2                              0.750000    0.837204   -0.087204 (VIOLATED)
_16031_/A2                              0.750000    0.837187   -0.087187 (VIOLATED)
_15802_/A2                              0.750000    0.837164   -0.087164 (VIOLATED)
_15904_/A2                              0.750000    0.837150   -0.087150 (VIOLATED)
_16038_/B1                              0.750000    0.837144   -0.087144 (VIOLATED)
fanout871/X                             0.750000    0.837141   -0.087141 (VIOLATED)
_09620_/A1                              0.750000    0.836314   -0.086314 (VIOLATED)
_09910_/A2                              0.750000    0.836264   -0.086264 (VIOLATED)
_10423_/A1                              0.750000    0.836231   -0.086231 (VIOLATED)
load_slew1757/A                         0.750000    0.836184   -0.086184 (VIOLATED)
fanout1756/X                            0.750000    0.836182   -0.086182 (VIOLATED)
_10752_/B1_N                            0.750000    0.835703   -0.085703 (VIOLATED)
_10755_/B1                              0.750000    0.835701   -0.085701 (VIOLATED)
_10651_/S                               0.750000    0.835699   -0.085699 (VIOLATED)
fanout2088/A                            0.750000    0.835681   -0.085681 (VIOLATED)
_11048_/S                               0.750000    0.835654   -0.085654 (VIOLATED)
_11045_/S                               0.750000    0.835636   -0.085636 (VIOLATED)
_11046_/S                               0.750000    0.835630   -0.085630 (VIOLATED)
fanout2089/A                            0.750000    0.835625   -0.085625 (VIOLATED)
fanout2090/X                            0.750000    0.835625   -0.085625 (VIOLATED)
_09421_/A                               0.750000    0.834887   -0.084887 (VIOLATED)
_09566_/A1                              0.750000    0.834887   -0.084887 (VIOLATED)
_09810_/A1                              0.750000    0.834887   -0.084887 (VIOLATED)
_11419_/A1                              0.750000    0.834887   -0.084887 (VIOLATED)
_11433_/A                               0.750000    0.834887   -0.084887 (VIOLATED)
_11434_/A1                              0.750000    0.834887   -0.084887 (VIOLATED)
_11470_/A1                              0.750000    0.834887   -0.084887 (VIOLATED)
_11537_/A1                              0.750000    0.834887   -0.084887 (VIOLATED)
_11574_/A                               0.750000    0.834887   -0.084887 (VIOLATED)
_11575_/A1                              0.750000    0.834887   -0.084887 (VIOLATED)
fanout1470/X                            0.750000    0.834887   -0.084887 (VIOLATED)
_13739_/S                               0.750000    0.834377   -0.084377 (VIOLATED)
max_cap171/A                            0.750000    0.834370   -0.084370 (VIOLATED)
_13744_/S                               0.750000    0.834347   -0.084347 (VIOLATED)
_15794_/A2                              0.750000    0.834244   -0.084244 (VIOLATED)
_15876_/A2                              0.750000    0.834243   -0.084243 (VIOLATED)
_16041_/A2                              0.750000    0.834234   -0.084234 (VIOLATED)
_15463_/A2                              0.750000    0.834234   -0.084234 (VIOLATED)
_16025_/A2                              0.750000    0.834231   -0.084231 (VIOLATED)
_16362_/A2                              0.750000    0.834223   -0.084223 (VIOLATED)
_13737_/Y                               0.750000    0.834214   -0.084214 (VIOLATED)
_15812_/A2                              0.750000    0.834184   -0.084184 (VIOLATED)
_15479_/A2                              0.750000    0.834167   -0.084167 (VIOLATED)
fanout940/X                             0.750000    0.834167   -0.084167 (VIOLATED)
_10118_/A1                              0.750000    0.833225   -0.083225 (VIOLATED)
_10112_/S1                              0.750000    0.833219   -0.083219 (VIOLATED)
_10124_/S1                              0.750000    0.833198   -0.083198 (VIOLATED)
_10321_/S1                              0.750000    0.833190   -0.083190 (VIOLATED)
load_slew2204/A                         0.750000    0.833189   -0.083189 (VIOLATED)
_09553_/S1                              0.750000    0.833178   -0.083178 (VIOLATED)
fanout2203/X                            0.750000    0.833175   -0.083175 (VIOLATED)
_11441_/C1                              0.750000    0.833013   -0.083013 (VIOLATED)
_11552_/A                               0.750000    0.833012   -0.083012 (VIOLATED)
_11428_/C1                              0.750000    0.833012   -0.083012 (VIOLATED)
_11612_/A                               0.750000    0.833012   -0.083012 (VIOLATED)
_11518_/A1                              0.750000    0.833011   -0.083011 (VIOLATED)
_11588_/A1                              0.750000    0.833010   -0.083010 (VIOLATED)
_11559_/S                               0.750000    0.833010   -0.083010 (VIOLATED)
_09948_/A                               0.750000    0.833009   -0.083009 (VIOLATED)
_12632_/A1                              0.750000    0.833008   -0.083008 (VIOLATED)
_12633_/A1                              0.750000    0.833008   -0.083008 (VIOLATED)
fanout1452/X                            0.750000    0.833008   -0.083008 (VIOLATED)
_16230_/A2                              0.750000    0.832131   -0.082131 (VIOLATED)
_11796_/A2                              0.750000    0.832129   -0.082129 (VIOLATED)
_15700_/A2                              0.750000    0.832125   -0.082125 (VIOLATED)
_11790_/A2                              0.750000    0.832123   -0.082123 (VIOLATED)
_11712_/A1                              0.750000    0.832114   -0.082114 (VIOLATED)
_11689_/A1                              0.750000    0.832103   -0.082103 (VIOLATED)
_16490_/A2                              0.750000    0.832096   -0.082096 (VIOLATED)
_11745_/A1                              0.750000    0.832083   -0.082083 (VIOLATED)
_15937_/B1                              0.750000    0.832082   -0.082082 (VIOLATED)
_11630_/A3                              0.750000    0.832062   -0.082062 (VIOLATED)
_11782_/B2                              0.750000    0.832062   -0.082062 (VIOLATED)
_16492_/B1                              0.750000    0.832054   -0.082054 (VIOLATED)
_11706_/B1                              0.750000    0.832054   -0.082054 (VIOLATED)
_11740_/A1                              0.750000    0.832053   -0.082053 (VIOLATED)
_11748_/A2                              0.750000    0.832053   -0.082053 (VIOLATED)
fanout525/X                             0.750000    0.832053   -0.082053 (VIOLATED)
_15307_/B1                              0.750000    0.832052   -0.082052 (VIOLATED)
_15561_/B1                              0.750000    0.832018   -0.082018 (VIOLATED)
_16102_/B1                              0.750000    0.832009   -0.082009 (VIOLATED)
fanout892/X                             0.750000    0.832009   -0.082009 (VIOLATED)
_15570_/B1                              0.750000    0.831927   -0.081927 (VIOLATED)
_16116_/B1                              0.750000    0.831926   -0.081926 (VIOLATED)
_15923_/A2                              0.750000    0.831920   -0.081920 (VIOLATED)
_16110_/A2                              0.750000    0.831896   -0.081896 (VIOLATED)
_11817_/S1                              0.750000    0.831889   -0.081889 (VIOLATED)
_11815_/S1                              0.750000    0.831876   -0.081876 (VIOLATED)
_11835_/S1                              0.750000    0.831834   -0.081834 (VIOLATED)
_16129_/A2                              0.750000    0.831829   -0.081829 (VIOLATED)
_11833_/S1                              0.750000    0.831817   -0.081817 (VIOLATED)
_15944_/A2                              0.750000    0.831791   -0.081791 (VIOLATED)
load_slew2446/A                         0.750000    0.831790   -0.081790 (VIOLATED)
_15585_/A2                              0.750000    0.831782   -0.081782 (VIOLATED)
fanout948/X                             0.750000    0.831782   -0.081782 (VIOLATED)
_11828_/S1                              0.750000    0.831758   -0.081758 (VIOLATED)
_11837_/S1                              0.750000    0.831742   -0.081742 (VIOLATED)
fanout2445/X                            0.750000    0.831742   -0.081742 (VIOLATED)
_11785_/A                               0.750000    0.831674   -0.081674 (VIOLATED)
fanout540/A                             0.750000    0.831671   -0.081671 (VIOLATED)
_11638_/A                               0.750000    0.831669   -0.081670 (VIOLATED)
_11697_/B1                              0.750000    0.831668   -0.081668 (VIOLATED)
_11691_/A1_N                            0.750000    0.831653   -0.081653 (VIOLATED)
_11708_/A1                              0.750000    0.831648   -0.081648 (VIOLATED)
_11663_/A                               0.750000    0.831646   -0.081646 (VIOLATED)
_11664_/A1                              0.750000    0.831646   -0.081646 (VIOLATED)
_11669_/A                               0.750000    0.831646   -0.081646 (VIOLATED)
_11670_/A                               0.750000    0.831646   -0.081646 (VIOLATED)
fanout541/X                             0.750000    0.831646   -0.081646 (VIOLATED)
_16787_/B1                              0.750000    0.831396   -0.081396 (VIOLATED)
_16951_/A                               0.750000    0.831396   -0.081396 (VIOLATED)
_17030_/A                               0.750000    0.831395   -0.081395 (VIOLATED)
_17054_/A                               0.750000    0.831392   -0.081392 (VIOLATED)
_17155_/B1                              0.750000    0.831388   -0.081388 (VIOLATED)
_16974_/B1                              0.750000    0.831387   -0.081387 (VIOLATED)
_16706_/A                               0.750000    0.831378   -0.081378 (VIOLATED)
_16732_/B1                              0.750000    0.831378   -0.081378 (VIOLATED)
_16761_/B1                              0.750000    0.831370   -0.081370 (VIOLATED)
_16618_/B1                              0.750000    0.831367   -0.081367 (VIOLATED)
fanout135/X                             0.750000    0.831367   -0.081367 (VIOLATED)
_18210_/A2                              0.750000    0.831095   -0.081095 (VIOLATED)
_18219_/A3                              0.750000    0.831093   -0.081093 (VIOLATED)
_18221_/C                               0.750000    0.831092   -0.081092 (VIOLATED)
_18220_/A2                              0.750000    0.831086   -0.081086 (VIOLATED)
_18229_/A2                              0.750000    0.831084   -0.081084 (VIOLATED)
_18228_/C                               0.750000    0.831074   -0.081074 (VIOLATED)
_11400_/B                               0.750000    0.831071   -0.081071 (VIOLATED)
_09258_/A                               0.750000    0.831051   -0.081051 (VIOLATED)
_09244_/B                               0.750000    0.831035   -0.081035 (VIOLATED)
_09243_/B                               0.750000    0.831028   -0.081028 (VIOLATED)
fanout1964/X                            0.750000    0.831025   -0.081025 (VIOLATED)
_14837_/A1                              0.750000    0.830889   -0.080889 (VIOLATED)
_14873_/A1                              0.750000    0.830886   -0.080886 (VIOLATED)
_14620_/A1                              0.750000    0.830885   -0.080885 (VIOLATED)
_14692_/A1                              0.750000    0.830872   -0.080872 (VIOLATED)
_14909_/A1                              0.750000    0.830863   -0.080863 (VIOLATED)
_14728_/A1                              0.750000    0.830857   -0.080857 (VIOLATED)
_14801_/A1                              0.750000    0.830857   -0.080857 (VIOLATED)
_14656_/A1                              0.750000    0.830845   -0.080845 (VIOLATED)
_14293_/A1                              0.750000    0.830752   -0.080752 (VIOLATED)
_12782_/A1                              0.750000    0.830735   -0.080735 (VIOLATED)
fanout369/X                             0.750000    0.830733   -0.080733 (VIOLATED)
_10479_/S                               0.750000    0.830325   -0.080325 (VIOLATED)
_10481_/S                               0.750000    0.830324   -0.080324 (VIOLATED)
fanout2264/A                            0.750000    0.830324   -0.080324 (VIOLATED)
fanout2265/A                            0.750000    0.830323   -0.080323 (VIOLATED)
_10482_/S                               0.750000    0.830320   -0.080320 (VIOLATED)
_16790_/A2                              0.750000    0.830309   -0.080309 (VIOLATED)
fanout2267/X                            0.750000    0.830309   -0.080309 (VIOLATED)
_12727_/S                               0.750000    0.830237   -0.080237 (VIOLATED)
_12721_/S                               0.750000    0.830236   -0.080236 (VIOLATED)
_12730_/B1                              0.750000    0.830233   -0.080233 (VIOLATED)
_12718_/S                               0.750000    0.830233   -0.080233 (VIOLATED)
_12712_/S                               0.750000    0.830229   -0.080229 (VIOLATED)
_16555_/C1                              0.750000    0.830221   -0.080221 (VIOLATED)
_16370_/S                               0.750000    0.830218   -0.080218 (VIOLATED)
fanout601/A                             0.750000    0.830207   -0.080207 (VIOLATED)
fanout602/X                             0.750000    0.830203   -0.080204 (VIOLATED)
_14365_/S                               0.750000    0.829443   -0.079443 (VIOLATED)
_14366_/S                               0.750000    0.829441   -0.079441 (VIOLATED)
_14367_/S                               0.750000    0.829429   -0.079429 (VIOLATED)
_14362_/S                               0.750000    0.829410   -0.079410 (VIOLATED)
max_cap150/A                            0.750000    0.829403   -0.079403 (VIOLATED)
_14361_/Y                               0.750000    0.829388   -0.079388 (VIOLATED)
fanout24/A                              0.750000    0.828770   -0.078770 (VIOLATED)
fanout25/A                              0.750000    0.828756   -0.078756 (VIOLATED)
ANTENNA_54/DIODE                        0.750000    0.828755   -0.078755 (VIOLATED)
_18008_/A0                              0.750000    0.828754   -0.078754 (VIOLATED)
fanout26/A                              0.750000    0.828702   -0.078702 (VIOLATED)
_17159_/X                               0.750000    0.828131   -0.078131 (VIOLATED)
_10986_/A                               0.750000    0.827840   -0.077840 (VIOLATED)
_10926_/A                               0.750000    0.827833   -0.077833 (VIOLATED)
_11181_/A                               0.750000    0.827813   -0.077813 (VIOLATED)
_11246_/A                               0.750000    0.827811   -0.077811 (VIOLATED)
_11152_/A                               0.750000    0.827756   -0.077756 (VIOLATED)
fanout1643/X                            0.750000    0.827756   -0.077756 (VIOLATED)
fanout1385/A                            0.750000    0.826357   -0.076357 (VIOLATED)
max_cap1386/A                           0.750000    0.826312   -0.076312 (VIOLATED)
fanout1382/A                            0.750000    0.826304   -0.076304 (VIOLATED)
_17212_/Y                               0.750000    0.826297   -0.076297 (VIOLATED)
_12778_/A1                              0.750000    0.826019   -0.076019 (VIOLATED)
_12816_/A1                              0.750000    0.826018   -0.076018 (VIOLATED)
_12854_/A1                              0.750000    0.826011   -0.076011 (VIOLATED)
_15015_/A1                              0.750000    0.825999   -0.075999 (VIOLATED)
_12968_/A1                              0.750000    0.825983   -0.075983 (VIOLATED)
_15051_/A1                              0.750000    0.825966   -0.075967 (VIOLATED)
_12930_/A1                              0.750000    0.825956   -0.075956 (VIOLATED)
_12892_/A1                              0.750000    0.825946   -0.075946 (VIOLATED)
_14979_/A1                              0.750000    0.825891   -0.075891 (VIOLATED)
fanout409/A                             0.750000    0.825891   -0.075891 (VIOLATED)
fanout410/X                             0.750000    0.825891   -0.075891 (VIOLATED)
_12538_/A2                              0.750000    0.825569   -0.075569 (VIOLATED)
_11305_/B1                              0.750000    0.825531   -0.075531 (VIOLATED)
_11338_/B1                              0.750000    0.825432   -0.075432 (VIOLATED)
_12726_/A0                              0.750000    0.825316   -0.075316 (VIOLATED)
_17607_/S                               0.750000    0.825169   -0.075169 (VIOLATED)
_17605_/S                               0.750000    0.825162   -0.075162 (VIOLATED)
_17609_/S                               0.750000    0.825125   -0.075125 (VIOLATED)
fanout1516/X                            0.750000    0.825080   -0.075080 (VIOLATED)
load_slew1517/A                         0.750000    0.825080   -0.075080 (VIOLATED)
_12757_/A1                              0.750000    0.824666   -0.074667 (VIOLATED)
_17654_/A1                              0.750000    0.824633   -0.074633 (VIOLATED)
fanout107/A                             0.750000    0.824627   -0.074627 (VIOLATED)
_18119_/A1                              0.750000    0.824568   -0.074568 (VIOLATED)
fanout108/A                             0.750000    0.824504   -0.074504 (VIOLATED)
fanout2389/A                            0.750000    0.824282   -0.074282 (VIOLATED)
ANTENNA_46/DIODE                        0.750000    0.824282   -0.074282 (VIOLATED)
fanout2391/A                            0.750000    0.824259   -0.074259 (VIOLATED)
ANTENNA_47/DIODE                        0.750000    0.824258   -0.074258 (VIOLATED)
load_slew2403/A                         0.750000    0.824239   -0.074240 (VIOLATED)
fanout2401/X                            0.750000    0.824238   -0.074238 (VIOLATED)
_16562_/X                               0.750000    0.824029   -0.074029 (VIOLATED)
_11304_/X                               0.750000    0.823918   -0.073918 (VIOLATED)
_09605_/S                               0.750000    0.823852   -0.073852 (VIOLATED)
_09600_/S                               0.750000    0.823852   -0.073852 (VIOLATED)
_09606_/A                               0.750000    0.823848   -0.073848 (VIOLATED)
_09607_/A_N                             0.750000    0.823845   -0.073845 (VIOLATED)
_09603_/A                               0.750000    0.823842   -0.073842 (VIOLATED)
_09602_/A_N                             0.750000    0.823841   -0.073841 (VIOLATED)
_09610_/S                               0.750000    0.823841   -0.073841 (VIOLATED)
_09611_/S                               0.750000    0.823841   -0.073841 (VIOLATED)
_09613_/S                               0.750000    0.823836   -0.073836 (VIOLATED)
_09615_/S                               0.750000    0.823835   -0.073835 (VIOLATED)
fanout2282/X                            0.750000    0.823833   -0.073833 (VIOLATED)
_09623_/B2                              0.750000    0.823007   -0.073007 (VIOLATED)
fanout1700/A                            0.750000    0.822924   -0.072924 (VIOLATED)
fanout1702/X                            0.750000    0.822924   -0.072924 (VIOLATED)
wire1704/A                              0.750000    0.822924   -0.072924 (VIOLATED)
_12814_/A1                              0.750000    0.822902   -0.072902 (VIOLATED)
_12776_/A1                              0.750000    0.822899   -0.072899 (VIOLATED)
_12852_/A1                              0.750000    0.822895   -0.072895 (VIOLATED)
_12670_/A1                              0.750000    0.822860   -0.072860 (VIOLATED)
_13551_/A1                              0.750000    0.822853   -0.072853 (VIOLATED)
_14360_/A1                              0.750000    0.822840   -0.072840 (VIOLATED)
_14940_/A1                              0.750000    0.822835   -0.072835 (VIOLATED)
_13958_/A1                              0.750000    0.822834   -0.072835 (VIOLATED)
_14759_/A1                              0.750000    0.822834   -0.072835 (VIOLATED)
_14977_/A1                              0.750000    0.822834   -0.072835 (VIOLATED)
fanout431/X                             0.750000    0.822834   -0.072835 (VIOLATED)
_15419_/A2                              0.750000    0.822143   -0.072143 (VIOLATED)
_15460_/B1                              0.750000    0.822141   -0.072142 (VIOLATED)
_15479_/B1                              0.750000    0.822130   -0.072130 (VIOLATED)
_16025_/B1                              0.750000    0.822130   -0.072130 (VIOLATED)
_16361_/A2                              0.750000    0.822129   -0.072129 (VIOLATED)
_15812_/B1                              0.750000    0.822122   -0.072122 (VIOLATED)
_15897_/A2                              0.750000    0.822111   -0.072111 (VIOLATED)
_16040_/B1                              0.750000    0.822111   -0.072111 (VIOLATED)
fanout764/X                             0.750000    0.822111   -0.072111 (VIOLATED)
_10402_/A1                              0.750000    0.820444   -0.070444 (VIOLATED)
load_slew1780/A                         0.750000    0.820428   -0.070428 (VIOLATED)
_10443_/B2                              0.750000    0.820420   -0.070420 (VIOLATED)
_09821_/B                               0.750000    0.820404   -0.070404 (VIOLATED)
_09834_/A2                              0.750000    0.820375   -0.070375 (VIOLATED)
_09824_/B                               0.750000    0.820374   -0.070374 (VIOLATED)
fanout1779/X                            0.750000    0.820374   -0.070374 (VIOLATED)
_16108_/A2                              0.750000    0.819985   -0.069985 (VIOLATED)
_16119_/A2                              0.750000    0.819980   -0.069980 (VIOLATED)
_15922_/B1                              0.750000    0.819979   -0.069979 (VIOLATED)
_15583_/A2                              0.750000    0.819965   -0.069965 (VIOLATED)
_16127_/A2                              0.750000    0.819959   -0.069959 (VIOLATED)
_15942_/B1                              0.750000    0.819953   -0.069953 (VIOLATED)
_16313_/B1                              0.750000    0.819946   -0.069946 (VIOLATED)
fanout829/X                             0.750000    0.819946   -0.069946 (VIOLATED)
_15822_/A1                              0.750000    0.819456   -0.069456 (VIOLATED)
_15268_/B1                              0.750000    0.819454   -0.069454 (VIOLATED)
_15637_/B2                              0.750000    0.819448   -0.069448 (VIOLATED)
_16672_/A1                              0.750000    0.819442   -0.069442 (VIOLATED)
_15455_/A1                              0.750000    0.819434   -0.069434 (VIOLATED)
_16731_/B2                              0.750000    0.819427   -0.069427 (VIOLATED)
_16188_/B2                              0.750000    0.819426   -0.069426 (VIOLATED)
_16617_/A1_N                            0.750000    0.819424   -0.069424 (VIOLATED)
_16646_/B2                              0.750000    0.819422   -0.069422 (VIOLATED)
_16760_/A1                              0.750000    0.819422   -0.069422 (VIOLATED)
fanout542/X                             0.750000    0.819422   -0.069422 (VIOLATED)
fanout55/A                              0.750000    0.819342   -0.069342 (VIOLATED)
_17668_/A1                              0.750000    0.819337   -0.069337 (VIOLATED)
_18199_/A0                              0.750000    0.819329   -0.069329 (VIOLATED)
fanout56/A                              0.750000    0.819308   -0.069308 (VIOLATED)
_17839_/S                               0.750000    0.819167   -0.069167 (VIOLATED)
load_slew1263/A                         0.750000    0.819121   -0.069121 (VIOLATED)
_17824_/S                               0.750000    0.819104   -0.069104 (VIOLATED)
_17825_/S                               0.750000    0.819061   -0.069061 (VIOLATED)
fanout1262/X                            0.750000    0.819061   -0.069061 (VIOLATED)
wire1571/A                              0.750000    0.818948   -0.068948 (VIOLATED)
_10253_/Y                               0.750000    0.818925   -0.068925 (VIOLATED)
_16955_/X                               0.750000    0.818695   -0.068695 (VIOLATED)
_12419_/D1                              0.750000    0.818146   -0.068146 (VIOLATED)
_11367_/A                               0.750000    0.818143   -0.068143 (VIOLATED)
_09254_/A                               0.750000    0.818140   -0.068140 (VIOLATED)
_09259_/B2                              0.750000    0.818134   -0.068134 (VIOLATED)
_09231_/A                               0.750000    0.818129   -0.068129 (VIOLATED)
_09226_/C                               0.750000    0.818103   -0.068103 (VIOLATED)
_09234_/C_N                             0.750000    0.818083   -0.068083 (VIOLATED)
_09235_/A                               0.750000    0.818082   -0.068082 (VIOLATED)
_09227_/C                               0.750000    0.818079   -0.068079 (VIOLATED)
_09230_/A                               0.750000    0.818079   -0.068079 (VIOLATED)
fanout2016/X                            0.750000    0.818079   -0.068079 (VIOLATED)
_12625_/A1                              0.750000    0.818061   -0.068061 (VIOLATED)
fanout1428/A                            0.750000    0.818048   -0.068048 (VIOLATED)
_12605_/A1                              0.750000    0.818041   -0.068041 (VIOLATED)
_10512_/S                               0.750000    0.818038   -0.068038 (VIOLATED)
_16574_/A1                              0.750000    0.818034   -0.068034 (VIOLATED)
_11497_/A                               0.750000    0.818021   -0.068021 (VIOLATED)
_11501_/S                               0.750000    0.818021   -0.068021 (VIOLATED)
fanout1430/X                            0.750000    0.818021   -0.068021 (VIOLATED)
fanout2278/A                            0.750000    0.817742   -0.067742 (VIOLATED)
fanout721/A                             0.750000    0.817735   -0.067735 (VIOLATED)
fanout2261/A                            0.750000    0.817724   -0.067724 (VIOLATED)
load_slew738/A                          0.750000    0.817723   -0.067723 (VIOLATED)
fanout736/A                             0.750000    0.817711   -0.067711 (VIOLATED)
fanout737/X                             0.750000    0.817711   -0.067711 (VIOLATED)
_10411_/S                               0.750000    0.817689   -0.067690 (VIOLATED)
fanout2267/A                            0.750000    0.817674   -0.067674 (VIOLATED)
fanout2286/X                            0.750000    0.817674   -0.067674 (VIOLATED)
load_slew2287/A                         0.750000    0.817674   -0.067674 (VIOLATED)
_12567_/A1                              0.750000    0.817672   -0.067672 (VIOLATED)
fanout2185/X                            0.750000    0.817664   -0.067664 (VIOLATED)
load_slew2186/A                         0.750000    0.817664   -0.067664 (VIOLATED)
_15264_/B                               0.750000    0.817492   -0.067492 (VIOLATED)
_15821_/S                               0.750000    0.817487   -0.067487 (VIOLATED)
_15263_/B2                              0.750000    0.817482   -0.067482 (VIOLATED)
_16006_/A1_N                            0.750000    0.817480   -0.067480 (VIOLATED)
_15636_/S                               0.750000    0.817479   -0.067479 (VIOLATED)
_15451_/A                               0.750000    0.817473   -0.067473 (VIOLATED)
_16186_/S                               0.750000    0.817472   -0.067472 (VIOLATED)
_12703_/C                               0.750000    0.817459   -0.067459 (VIOLATED)
_12715_/S                               0.750000    0.817459   -0.067459 (VIOLATED)
_12724_/S                               0.750000    0.817459   -0.067459 (VIOLATED)
fanout601/X                             0.750000    0.817459   -0.067459 (VIOLATED)
fanout572/A                             0.750000    0.817147   -0.067147 (VIOLATED)
fanout571/A                             0.750000    0.816946   -0.066946 (VIOLATED)
_12158_/S                               0.750000    0.816820   -0.066820 (VIOLATED)
_12401_/C1                              0.750000    0.816803   -0.066803 (VIOLATED)
fanout1777/A                            0.750000    0.816780   -0.066780 (VIOLATED)
fanout1774/A                            0.750000    0.816751   -0.066751 (VIOLATED)
load_slew2353/A                         0.750000    0.816741   -0.066741 (VIOLATED)
_13151_/A1                              0.750000    0.816740   -0.066740 (VIOLATED)
_12667_/A1                              0.750000    0.816740   -0.066740 (VIOLATED)
_09376_/Y                               0.750000    0.816738   -0.066738 (VIOLATED)
_12195_/S                               0.750000    0.816726   -0.066726 (VIOLATED)
fanout2352/X                            0.750000    0.816726   -0.066726 (VIOLATED)
load_slew2354/A                         0.750000    0.816726   -0.066726 (VIOLATED)
_13809_/A1                              0.750000    0.816692   -0.066692 (VIOLATED)
_13735_/A1                              0.750000    0.816683   -0.066683 (VIOLATED)
_13661_/A1                              0.750000    0.816682   -0.066682 (VIOLATED)
_13883_/A1                              0.750000    0.816682   -0.066682 (VIOLATED)
_13920_/A1                              0.750000    0.816681   -0.066681 (VIOLATED)
_13772_/A1                              0.750000    0.816680   -0.066680 (VIOLATED)
_13698_/A1                              0.750000    0.816680   -0.066680 (VIOLATED)
_13846_/A1                              0.750000    0.816680   -0.066680 (VIOLATED)
fanout438/X                             0.750000    0.816680   -0.066680 (VIOLATED)
_12739_/A2                              0.750000    0.816464   -0.066464 (VIOLATED)
_12737_/X                               0.750000    0.816394   -0.066394 (VIOLATED)
fanout1718/A                            0.750000    0.815906   -0.065906 (VIOLATED)
load_slew1726/A                         0.750000    0.815761   -0.065761 (VIOLATED)
fanout1723/A                            0.750000    0.815722   -0.065722 (VIOLATED)
fanout1725/X                            0.750000    0.815718   -0.065718 (VIOLATED)
_15192_/B1                              0.750000    0.815520   -0.065520 (VIOLATED)
_12996_/X                               0.750000    0.815490   -0.065490 (VIOLATED)
fanout1810/A                            0.750000    0.815332   -0.065332 (VIOLATED)
_11199_/B1                              0.750000    0.815321   -0.065321 (VIOLATED)
_10668_/B1                              0.750000    0.815312   -0.065312 (VIOLATED)
load_slew1813/A                         0.750000    0.815304   -0.065304 (VIOLATED)
_10661_/B1                              0.750000    0.815304   -0.065304 (VIOLATED)
_10679_/B2                              0.750000    0.815304   -0.065304 (VIOLATED)
fanout1812/X                            0.750000    0.815304   -0.065304 (VIOLATED)
_11599_/A                               0.750000    0.815213   -0.065213 (VIOLATED)
_11424_/A1                              0.750000    0.815213   -0.065213 (VIOLATED)
_17095_/A                               0.750000    0.815212   -0.065212 (VIOLATED)
_17096_/A1                              0.750000    0.815212   -0.065212 (VIOLATED)
_17045_/A                               0.750000    0.815207   -0.065207 (VIOLATED)
_17149_/A1                              0.750000    0.815204   -0.065204 (VIOLATED)
_17046_/A1                              0.750000    0.815194   -0.065194 (VIOLATED)
_17114_/C1                              0.750000    0.815194   -0.065194 (VIOLATED)
_17115_/A                               0.750000    0.815194   -0.065194 (VIOLATED)
_17165_/A1                              0.750000    0.815194   -0.065194 (VIOLATED)
fanout1469/X                            0.750000    0.815194   -0.065194 (VIOLATED)
_11529_/S                               0.750000    0.814919   -0.064919 (VIOLATED)
_11397_/S                               0.750000    0.814917   -0.064917 (VIOLATED)
_11569_/S                               0.750000    0.814912   -0.064912 (VIOLATED)
_11620_/S                               0.750000    0.814902   -0.064902 (VIOLATED)
_11595_/S                               0.750000    0.814898   -0.064898 (VIOLATED)
_11463_/S                               0.750000    0.814891   -0.064891 (VIOLATED)
_18216_/S                               0.750000    0.814891   -0.064891 (VIOLATED)
_18400_/S                               0.750000    0.814891   -0.064891 (VIOLATED)
fanout606/X                             0.750000    0.814891   -0.064891 (VIOLATED)
fanout1223/A                            0.750000    0.814244   -0.064244 (VIOLATED)
_10499_/S                               0.750000    0.814184   -0.064184 (VIOLATED)
_16603_/A1                              0.750000    0.814184   -0.064184 (VIOLATED)
_16602_/A                               0.750000    0.814182   -0.064182 (VIOLATED)
_16689_/A                               0.750000    0.814179   -0.064179 (VIOLATED)
_11604_/A1                              0.750000    0.814178   -0.064178 (VIOLATED)
_12622_/S                               0.750000    0.814178   -0.064178 (VIOLATED)
_12614_/S                               0.750000    0.814178   -0.064178 (VIOLATED)
_16578_/A                               0.750000    0.814177   -0.064177 (VIOLATED)
_11603_/A1                              0.750000    0.814176   -0.064176 (VIOLATED)
_11576_/S                               0.750000    0.814176   -0.064176 (VIOLATED)
fanout1173/X                            0.750000    0.814176   -0.064176 (VIOLATED)
_17756_/S                               0.750000    0.814164   -0.064164 (VIOLATED)
ANTENNA_81/DIODE                        0.750000    0.814163   -0.064163 (VIOLATED)
_17763_/S                               0.750000    0.814115   -0.064115 (VIOLATED)
fanout1286/X                            0.750000    0.814115   -0.064115 (VIOLATED)
load_slew1287/A                         0.750000    0.814115   -0.064115 (VIOLATED)
ANTENNA_7/DIODE                         0.750000    0.814040   -0.064040 (VIOLATED)
fanout1220/A                            0.750000    0.814039   -0.064039 (VIOLATED)
fanout1228/A                            0.750000    0.813619   -0.063619 (VIOLATED)
wire1603/A                              0.750000    0.813585   -0.063585 (VIOLATED)
_12705_/B1_N                            0.750000    0.813582   -0.063583 (VIOLATED)
_12419_/Y                               0.750000    0.813577   -0.063577 (VIOLATED)
fanout1225/A                            0.750000    0.813505   -0.063505 (VIOLATED)
_18045_/X                               0.750000    0.813419   -0.063419 (VIOLATED)
_12919_/A                               0.750000    0.813280   -0.063280 (VIOLATED)
_12957_/C_N                             0.750000    0.813272   -0.063272 (VIOLATED)
fanout1149/A                            0.750000    0.813271   -0.063271 (VIOLATED)
_13033_/A                               0.750000    0.813258   -0.063258 (VIOLATED)
_12881_/C_N                             0.750000    0.813256   -0.063256 (VIOLATED)
_11565_/Y                               0.750000    0.813142   -0.063142 (VIOLATED)
fanout2445/A                            0.750000    0.812805   -0.062805 (VIOLATED)
_12031_/S1                              0.750000    0.812788   -0.062788 (VIOLATED)
_12028_/S1                              0.750000    0.812711   -0.062711 (VIOLATED)
load_slew2448/A                         0.750000    0.812697   -0.062697 (VIOLATED)
fanout2441/A                            0.750000    0.812663   -0.062663 (VIOLATED)
fanout2447/X                            0.750000    0.812663   -0.062663 (VIOLATED)
_16511_/A2                              0.750000    0.812580   -0.062580 (VIOLATED)
_15651_/A2                              0.750000    0.812577   -0.062577 (VIOLATED)
fanout975/A                             0.750000    0.812575   -0.062575 (VIOLATED)
fanout977/A                             0.750000    0.812572   -0.062572 (VIOLATED)
fanout979/A                             0.750000    0.812569   -0.062570 (VIOLATED)
fanout981/X                             0.750000    0.812569   -0.062570 (VIOLATED)
_16901_/A1                              0.750000    0.812398   -0.062398 (VIOLATED)
_16895_/Y                               0.750000    0.812177   -0.062177 (VIOLATED)
_16383_/B                               0.750000    0.811745   -0.061745 (VIOLATED)
_16022_/A2                              0.750000    0.811735   -0.061735 (VIOLATED)
fanout809/A                             0.750000    0.811727   -0.061727 (VIOLATED)
fanout813/A                             0.750000    0.811671   -0.061671 (VIOLATED)
fanout811/A                             0.750000    0.811666   -0.061666 (VIOLATED)
fanout814/X                             0.750000    0.811666   -0.061666 (VIOLATED)
_09417_/B1                              0.750000    0.811504   -0.061504 (VIOLATED)
_10464_/A                               0.750000    0.811504   -0.061504 (VIOLATED)
_10493_/B1                              0.750000    0.811503   -0.061503 (VIOLATED)
_09558_/B                               0.750000    0.811483   -0.061483 (VIOLATED)
fanout1582/A                            0.750000    0.811474   -0.061474 (VIOLATED)
fanout1583/X                            0.750000    0.811474   -0.061474 (VIOLATED)
fanout1475/A                            0.750000    0.811470   -0.061470 (VIOLATED)
ANTENNA_57/DIODE                        0.750000    0.811252   -0.061252 (VIOLATED)
fanout1473/A                            0.750000    0.811223   -0.061223 (VIOLATED)
fanout1479/A                            0.750000    0.810771   -0.060771 (VIOLATED)
fanout1477/A                            0.750000    0.810761   -0.060761 (VIOLATED)
_17978_/X                               0.750000    0.810696   -0.060696 (VIOLATED)
_10914_/A2                              0.750000    0.810694   -0.060694 (VIOLATED)
_10900_/A2                              0.750000    0.810691   -0.060691 (VIOLATED)
_10903_/A2                              0.750000    0.810687   -0.060687 (VIOLATED)
fanout1932/A                            0.750000    0.810676   -0.060676 (VIOLATED)
_11121_/A2                              0.750000    0.810668   -0.060668 (VIOLATED)
_10905_/A2                              0.750000    0.810668   -0.060668 (VIOLATED)
_10910_/A2                              0.750000    0.810668   -0.060668 (VIOLATED)
fanout1933/X                            0.750000    0.810668   -0.060668 (VIOLATED)
_17214_/S                               0.750000    0.810503   -0.060503 (VIOLATED)
_17230_/S                               0.750000    0.810486   -0.060486 (VIOLATED)
_17243_/S                               0.750000    0.810460   -0.060460 (VIOLATED)
_17227_/S                               0.750000    0.810440   -0.060440 (VIOLATED)
fanout1382/X                            0.750000    0.810438   -0.060438 (VIOLATED)
load_slew1384/A                         0.750000    0.810438   -0.060438 (VIOLATED)
_13859_/A0                              0.750000    0.810124   -0.060124 (VIOLATED)
_13822_/A0                              0.750000    0.810122   -0.060122 (VIOLATED)
_13674_/A0                              0.750000    0.810121   -0.060122 (VIOLATED)
_13785_/A0                              0.750000    0.810116   -0.060116 (VIOLATED)
_13933_/A0                              0.750000    0.810112   -0.060112 (VIOLATED)
_13711_/A0                              0.750000    0.810110   -0.060110 (VIOLATED)
_13896_/A0                              0.750000    0.810108   -0.060108 (VIOLATED)
_13748_/A0                              0.750000    0.810107   -0.060107 (VIOLATED)
_13272_/A0                              0.750000    0.810089   -0.060089 (VIOLATED)
_14152_/A0                              0.750000    0.810083   -0.060083 (VIOLATED)
fanout336/X                             0.750000    0.810083   -0.060083 (VIOLATED)
_09461_/S                               0.750000    0.808853   -0.058853 (VIOLATED)
_11156_/C1                              0.750000    0.808850   -0.058850 (VIOLATED)
_11157_/B1_N                            0.750000    0.808846   -0.058846 (VIOLATED)
_09484_/S                               0.750000    0.808828   -0.058828 (VIOLATED)
_09486_/B                               0.750000    0.808819   -0.058819 (VIOLATED)
_09487_/A1                              0.750000    0.808819   -0.058819 (VIOLATED)
fanout2148/A                            0.750000    0.808811   -0.058811 (VIOLATED)
fanout2030/A                            0.750000    0.808811   -0.058811 (VIOLATED)
fanout2150/X                            0.750000    0.808809   -0.058809 (VIOLATED)
_10742_/A1                              0.750000    0.808793   -0.058793 (VIOLATED)
_10612_/B1                              0.750000    0.808788   -0.058788 (VIOLATED)
_10614_/A1                              0.750000    0.808788   -0.058788 (VIOLATED)
fanout2032/X                            0.750000    0.808788   -0.058788 (VIOLATED)
load_slew2033/A                         0.750000    0.808788   -0.058788 (VIOLATED)
_12526_/B                               0.750000    0.807311   -0.057311 (VIOLATED)
_12527_/B1                              0.750000    0.807310   -0.057310 (VIOLATED)
_09369_/A1                              0.750000    0.807278   -0.057278 (VIOLATED)
_09237_/Y                               0.750000    0.807273   -0.057273 (VIOLATED)
fanout351/A                             0.750000    0.806356   -0.056356 (VIOLATED)
fanout349/A                             0.750000    0.806205   -0.056205 (VIOLATED)
fanout350/A                             0.750000    0.806053   -0.056053 (VIOLATED)
_09851_/B1_N                            0.750000    0.805504   -0.055504 (VIOLATED)
_09847_/B1                              0.750000    0.805502   -0.055502 (VIOLATED)
_09844_/B1_N                            0.750000    0.805502   -0.055502 (VIOLATED)
_10746_/B1_N                            0.750000    0.805489   -0.055489 (VIOLATED)
_10749_/B1                              0.750000    0.805486   -0.055486 (VIOLATED)
_10763_/B1_N                            0.750000    0.805483   -0.055483 (VIOLATED)
_10760_/B1                              0.750000    0.805483   -0.055483 (VIOLATED)
_10766_/S                               0.750000    0.805477   -0.055477 (VIOLATED)
_10767_/S                               0.750000    0.805477   -0.055477 (VIOLATED)
_10769_/S                               0.750000    0.805477   -0.055477 (VIOLATED)
fanout2091/X                            0.750000    0.805477   -0.055477 (VIOLATED)
wire1573/A                              0.750000    0.805097   -0.055097 (VIOLATED)
ANTENNA_20/DIODE                        0.750000    0.804912   -0.054912 (VIOLATED)
_16626_/A                               0.750000    0.804821   -0.054821 (VIOLATED)
_09399_/Y                               0.750000    0.804820   -0.054820 (VIOLATED)
_16625_/A                               0.750000    0.804816   -0.054816 (VIOLATED)
_12493_/A_N                             0.750000    0.804799   -0.054799 (VIOLATED)
max_cap1403/A                           0.750000    0.804788   -0.054789 (VIOLATED)
_16635_/C_N                             0.750000    0.804778   -0.054778 (VIOLATED)
fanout346/A                             0.750000    0.804773   -0.054773 (VIOLATED)
_12500_/A1                              0.750000    0.804421   -0.054421 (VIOLATED)
_10255_/Y                               0.750000    0.804413   -0.054413 (VIOLATED)
fanout714/A                             0.750000    0.804040   -0.054040 (VIOLATED)
_16440_/B1                              0.750000    0.804038   -0.054038 (VIOLATED)
fanout718/A                             0.750000    0.804037   -0.054037 (VIOLATED)
_15834_/B1                              0.750000    0.804035   -0.054035 (VIOLATED)
_16317_/B1                              0.750000    0.804035   -0.054035 (VIOLATED)
fanout720/X                             0.750000    0.804035   -0.054035 (VIOLATED)
_14161_/A1                              0.750000    0.803642   -0.053642 (VIOLATED)
_14053_/A1                              0.750000    0.803641   -0.053642 (VIOLATED)
_14125_/A1                              0.750000    0.803640   -0.053640 (VIOLATED)
_14017_/A1                              0.750000    0.803639   -0.053639 (VIOLATED)
_14233_/A1                              0.750000    0.803631   -0.053631 (VIOLATED)
_14269_/A1                              0.750000    0.803624   -0.053624 (VIOLATED)
_14089_/A1                              0.750000    0.803617   -0.053617 (VIOLATED)
_14197_/A1                              0.750000    0.803614   -0.053614 (VIOLATED)
_14743_/A1                              0.750000    0.803594   -0.053594 (VIOLATED)
_14816_/A1                              0.750000    0.803594   -0.053594 (VIOLATED)
fanout279/X                             0.750000    0.803594   -0.053594 (VIOLATED)
_12709_/X                               0.750000    0.803395   -0.053395 (VIOLATED)
_12164_/S                               0.750000    0.802525   -0.052525 (VIOLATED)
_12163_/S0                              0.750000    0.802519   -0.052519 (VIOLATED)
wire2465/A                              0.750000    0.802499   -0.052499 (VIOLATED)
fanout2462/A                            0.750000    0.802487   -0.052487 (VIOLATED)
fanout2464/X                            0.750000    0.802487   -0.052487 (VIOLATED)
_17223_/A1                              0.750000    0.802195   -0.052195 (VIOLATED)
_17325_/A1                              0.750000    0.802163   -0.052163 (VIOLATED)
fanout97/A                              0.750000    0.802150   -0.052150 (VIOLATED)
_10700_/A                               0.750000    0.802073   -0.052073 (VIOLATED)
_11068_/A                               0.750000    0.802048   -0.052048 (VIOLATED)
_11061_/A                               0.750000    0.802013   -0.052013 (VIOLATED)
_10827_/A1                              0.750000    0.801984   -0.051984 (VIOLATED)
_10810_/A1                              0.750000    0.801939   -0.051939 (VIOLATED)
fanout2057/X                            0.750000    0.801939   -0.051939 (VIOLATED)
fanout96/A                              0.750000    0.801808   -0.051809 (VIOLATED)
_13157_/S                               0.750000    0.801456   -0.051456 (VIOLATED)
_13158_/S                               0.750000    0.801449   -0.051449 (VIOLATED)
_13159_/S                               0.750000    0.801445   -0.051445 (VIOLATED)
max_cap183/A                            0.750000    0.801423   -0.051423 (VIOLATED)
_13153_/Y                               0.750000    0.801405   -0.051405 (VIOLATED)
_12438_/A2                              0.750000    0.801354   -0.051354 (VIOLATED)
_10898_/B1                              0.750000    0.801255   -0.051256 (VIOLATED)
_10990_/B1                              0.750000    0.801228   -0.051228 (VIOLATED)
_12753_/A0                              0.750000    0.800862   -0.050862 (VIOLATED)
_10417_/B1                              0.750000    0.800797   -0.050797 (VIOLATED)
_09920_/B1                              0.750000    0.800795   -0.050796 (VIOLATED)
_09663_/B1                              0.750000    0.800477   -0.050477 (VIOLATED)
ANTENNA_88/DIODE                        0.750000    0.800474   -0.050474 (VIOLATED)
_09778_/A1                              0.750000    0.800411   -0.050411 (VIOLATED)
load_slew1686/A                         0.750000    0.800411   -0.050411 (VIOLATED)
_10284_/B1                              0.750000    0.800409   -0.050409 (VIOLATED)
fanout1684/X                            0.750000    0.800409   -0.050409 (VIOLATED)
_10897_/X                               0.750000    0.800245   -0.050245 (VIOLATED)
_16652_/X                               0.750000    0.800141   -0.050141 (VIOLATED)
fanout1627/A                            0.750000    0.800040   -0.050040 (VIOLATED)
_15454_/B1                              0.750000    0.799075   -0.049076 (VIOLATED)
_16187_/A                               0.750000    0.799074   -0.049074 (VIOLATED)
_15823_/A1                              0.750000    0.799072   -0.049072 (VIOLATED)
_15269_/A1                              0.750000    0.799068   -0.049068 (VIOLATED)
_15638_/A1                              0.750000    0.799067   -0.049067 (VIOLATED)
_16008_/B2                              0.750000    0.799066   -0.049066 (VIOLATED)
_16372_/A1                              0.750000    0.799053   -0.049053 (VIOLATED)
_16557_/A2                              0.750000    0.799050   -0.049050 (VIOLATED)
_16376_/B                               0.750000    0.799050   -0.049050 (VIOLATED)
_15086_/Y                               0.750000    0.799046   -0.049046 (VIOLATED)
_14972_/A1                              0.750000    0.798996   -0.048996 (VIOLATED)
_14836_/A1                              0.750000    0.798989   -0.048989 (VIOLATED)
_14691_/A1                              0.750000    0.798988   -0.048988 (VIOLATED)
_14908_/A1                              0.750000    0.798987   -0.048987 (VIOLATED)
_14935_/A1                              0.750000    0.798987   -0.048987 (VIOLATED)
_14800_/A1                              0.750000    0.798981   -0.048981 (VIOLATED)
fanout472/A                             0.750000    0.798978   -0.048978 (VIOLATED)
_14655_/A1                              0.750000    0.798976   -0.048976 (VIOLATED)
_14872_/A1                              0.750000    0.798975   -0.048975 (VIOLATED)
_14619_/A1                              0.750000    0.798971   -0.048971 (VIOLATED)
_12243_/B1                              0.750000    0.798957   -0.048957 (VIOLATED)
_14727_/A1                              0.750000    0.798956   -0.048956 (VIOLATED)
_13805_/A1                              0.750000    0.798924   -0.048924 (VIOLATED)
_13879_/A1                              0.750000    0.798920   -0.048920 (VIOLATED)
_13842_/A1                              0.750000    0.798900   -0.048900 (VIOLATED)
_14328_/A1                              0.750000    0.798873   -0.048874 (VIOLATED)
_14401_/A1                              0.750000    0.798873   -0.048874 (VIOLATED)
fanout381/X                             0.750000    0.798873   -0.048874 (VIOLATED)
_13694_/A1                              0.750000    0.798864   -0.048864 (VIOLATED)
_13768_/A1                              0.750000    0.798860   -0.048860 (VIOLATED)
_13731_/A1                              0.750000    0.798832   -0.048832 (VIOLATED)
_13657_/A1                              0.750000    0.798816   -0.048816 (VIOLATED)
fanout473/X                             0.750000    0.798814   -0.048814 (VIOLATED)
_12092_/B1                              0.750000    0.798796   -0.048796 (VIOLATED)
_12018_/A                               0.750000    0.798588   -0.048588 (VIOLATED)
fanout1628/A                            0.750000    0.798564   -0.048564 (VIOLATED)
_09379_/X                               0.750000    0.798522   -0.048522 (VIOLATED)
_17933_/A1                              0.750000    0.798415   -0.048415 (VIOLATED)
fanout57/A                              0.750000    0.798409   -0.048409 (VIOLATED)
_17534_/A0                              0.750000    0.798404   -0.048404 (VIOLATED)
_17435_/A0                              0.750000    0.798367   -0.048367 (VIOLATED)
_17900_/A0                              0.750000    0.798334   -0.048334 (VIOLATED)
_17999_/A0                              0.750000    0.798333   -0.048333 (VIOLATED)
_18099_/A0                              0.750000    0.798293   -0.048293 (VIOLATED)
_18066_/A0                              0.750000    0.798275   -0.048275 (VIOLATED)
_18132_/A1                              0.750000    0.798275   -0.048275 (VIOLATED)
_18033_/A0                              0.750000    0.798245   -0.048245 (VIOLATED)
fanout58/X                              0.750000    0.798235   -0.048235 (VIOLATED)
max_cap2304/A                           0.750000    0.798212   -0.048212 (VIOLATED)
_11862_/B1                              0.750000    0.798187   -0.048187 (VIOLATED)
_11852_/X                               0.750000    0.797859   -0.047859 (VIOLATED)
_09594_/B2                              0.750000    0.797576   -0.047576 (VIOLATED)
load_slew1623/A                         0.750000    0.797547   -0.047547 (VIOLATED)
_13902_/A0                              0.750000    0.797529   -0.047529 (VIOLATED)
_13680_/A0                              0.750000    0.797527   -0.047527 (VIOLATED)
_13717_/A0                              0.750000    0.797522   -0.047522 (VIOLATED)
_13865_/A0                              0.750000    0.797521   -0.047521 (VIOLATED)
_09502_/C1                              0.750000    0.797515   -0.047515 (VIOLATED)
fanout1621/X                            0.750000    0.797515   -0.047515 (VIOLATED)
load_slew1622/A                         0.750000    0.797515   -0.047515 (VIOLATED)
_13791_/A0                              0.750000    0.797506   -0.047506 (VIOLATED)
_13754_/A0                              0.750000    0.797503   -0.047503 (VIOLATED)
_13939_/A0                              0.750000    0.797488   -0.047488 (VIOLATED)
_13828_/A0                              0.750000    0.797442   -0.047442 (VIOLATED)
_14266_/A0                              0.750000    0.797402   -0.047402 (VIOLATED)
fanout214/A                             0.750000    0.797400   -0.047400 (VIOLATED)
fanout215/X                             0.750000    0.797399   -0.047399 (VIOLATED)
_12938_/B                               0.750000    0.796165   -0.046165 (VIOLATED)
_15023_/C                               0.750000    0.796165   -0.046165 (VIOLATED)
_12824_/B                               0.750000    0.796165   -0.046165 (VIOLATED)
_12862_/B                               0.750000    0.796154   -0.046154 (VIOLATED)
_12786_/C                               0.750000    0.796153   -0.046154 (VIOLATED)
_12900_/B                               0.750000    0.796152   -0.046152 (VIOLATED)
_12976_/B                               0.750000    0.796151   -0.046151 (VIOLATED)
_15301_/B1                              0.750000    0.796137   -0.046137 (VIOLATED)
_15005_/C                               0.750000    0.796131   -0.046131 (VIOLATED)
_16141_/B1                              0.750000    0.796131   -0.046131 (VIOLATED)
fanout576/X                             0.750000    0.796131   -0.046131 (VIOLATED)
_16131_/B1                              0.750000    0.795936   -0.045936 (VIOLATED)
_15718_/B1                              0.750000    0.795935   -0.045935 (VIOLATED)
_15586_/B1                              0.750000    0.795934   -0.045934 (VIOLATED)
_15946_/B1                              0.750000    0.795889   -0.045889 (VIOLATED)
_16206_/B1                              0.750000    0.795844   -0.045844 (VIOLATED)
_15848_/B1                              0.750000    0.795823   -0.045823 (VIOLATED)
fanout564/X                             0.750000    0.795823   -0.045823 (VIOLATED)
fanout1341/A                            0.750000    0.794798   -0.044798 (VIOLATED)
fanout1344/A                            0.750000    0.794642   -0.044642 (VIOLATED)
fanout1338/A                            0.750000    0.794639   -0.044639 (VIOLATED)
fanout1342/A                            0.750000    0.794613   -0.044613 (VIOLATED)
_16731_/B1                              0.750000    0.794516   -0.044516 (VIOLATED)
_16185_/A1                              0.750000    0.794498   -0.044498 (VIOLATED)
_17414_/X                               0.750000    0.794474   -0.044474 (VIOLATED)
_11921_/C1                              0.750000    0.794325   -0.044325 (VIOLATED)
_12006_/C1                              0.750000    0.794252   -0.044252 (VIOLATED)
load_slew2368/A                         0.750000    0.794161   -0.044161 (VIOLATED)
_11949_/C1                              0.750000    0.794117   -0.044117 (VIOLATED)
fanout2367/X                            0.750000    0.794117   -0.044117 (VIOLATED)
_16184_/X                               0.750000    0.793966   -0.043966 (VIOLATED)
fanout1438/A                            0.750000    0.793807   -0.043807 (VIOLATED)
_16797_/A1                              0.750000    0.793738   -0.043738 (VIOLATED)
_16680_/A1                              0.750000    0.793694   -0.043694 (VIOLATED)
_09247_/A                               0.750000    0.793643   -0.043643 (VIOLATED)
_12425_/A                               0.750000    0.793627   -0.043627 (VIOLATED)
_09891_/A                               0.750000    0.793618   -0.043618 (VIOLATED)
_11491_/A                               0.750000    0.793564   -0.043564 (VIOLATED)
_09893_/A1                              0.750000    0.793529   -0.043529 (VIOLATED)
_09892_/A1                              0.750000    0.793525   -0.043525 (VIOLATED)
_17048_/A1                              0.750000    0.793474   -0.043474 (VIOLATED)
_11498_/A                               0.750000    0.793405   -0.043405 (VIOLATED)
fanout1436/A                            0.750000    0.793347   -0.043347 (VIOLATED)
fanout1439/X                            0.750000    0.793347   -0.043347 (VIOLATED)
_14272_/A1                              0.750000    0.793123   -0.043123 (VIOLATED)
fanout258/A                             0.750000    0.793122   -0.043122 (VIOLATED)
_09207_/Y                               0.750000    0.793121   -0.043121 (VIOLATED)
_14128_/A1                              0.750000    0.793114   -0.043114 (VIOLATED)
_13144_/A                               0.750000    0.793100   -0.043100 (VIOLATED)
_12646_/A                               0.750000    0.793100   -0.043100 (VIOLATED)
fanout1983/A                            0.750000    0.793086   -0.043086 (VIOLATED)
_11260_/A                               0.750000    0.793074   -0.043074 (VIOLATED)
_14927_/A1                              0.750000    0.793073   -0.043073 (VIOLATED)
_13728_/A                               0.750000    0.793068   -0.043068 (VIOLATED)
_13765_/A                               0.750000    0.793068   -0.043068 (VIOLATED)
_13839_/A                               0.750000    0.793068   -0.043068 (VIOLATED)
fanout493/X                             0.750000    0.793068   -0.043068 (VIOLATED)
load_slew494/A                          0.750000    0.793068   -0.043068 (VIOLATED)
_10911_/C1                              0.750000    0.793062   -0.043062 (VIOLATED)
load_slew1992/A                         0.750000    0.793062   -0.043062 (VIOLATED)
_11103_/A                               0.750000    0.793057   -0.043057 (VIOLATED)
fanout1991/X                            0.750000    0.793057   -0.043057 (VIOLATED)
_15001_/A1                              0.750000    0.793048   -0.043048 (VIOLATED)
fanout261/A                             0.750000    0.793048   -0.043048 (VIOLATED)
fanout263/X                             0.750000    0.793048   -0.043048 (VIOLATED)
fanout47/A                              0.750000    0.792810   -0.042810 (VIOLATED)
fanout46/A                              0.750000    0.792788   -0.042788 (VIOLATED)
fanout48/A                              0.750000    0.792699   -0.042699 (VIOLATED)
fanout49/A                              0.750000    0.792687   -0.042687 (VIOLATED)
_11368_/B1                              0.750000    0.791899   -0.041899 (VIOLATED)
_12497_/A3                              0.750000    0.791898   -0.041898 (VIOLATED)
_09251_/B                               0.750000    0.791898   -0.041898 (VIOLATED)
_09257_/A                               0.750000    0.791898   -0.041898 (VIOLATED)
_09259_/A2                              0.750000    0.791898   -0.041898 (VIOLATED)
_15274_/A2                              0.750000    0.791898   -0.041898 (VIOLATED)
_15457_/A2                              0.750000    0.791898   -0.041898 (VIOLATED)
_15639_/A2                              0.750000    0.791898   -0.041898 (VIOLATED)
_16373_/A1                              0.750000    0.791898   -0.041898 (VIOLATED)
_16850_/B2                              0.750000    0.791898   -0.041898 (VIOLATED)
fanout1976/X                            0.750000    0.791898   -0.041898 (VIOLATED)
_16665_/A2                              0.750000    0.791861   -0.041861 (VIOLATED)
_12519_/B                               0.750000    0.791859   -0.041859 (VIOLATED)
_12499_/A_N                             0.750000    0.791832   -0.041832 (VIOLATED)
_12517_/B                               0.750000    0.791818   -0.041818 (VIOLATED)
_16654_/B                               0.750000    0.791812   -0.041812 (VIOLATED)
_12498_/X                               0.750000    0.791738   -0.041738 (VIOLATED)
_16452_/A2                              0.750000    0.791710   -0.041710 (VIOLATED)
_16455_/A2                              0.750000    0.791685   -0.041685 (VIOLATED)
fanout1023/A                            0.750000    0.791637   -0.041637 (VIOLATED)
fanout1025/A                            0.750000    0.791565   -0.041565 (VIOLATED)
_16062_/B1                              0.750000    0.791527   -0.041527 (VIOLATED)
fanout1027/X                            0.750000    0.791527   -0.041527 (VIOLATED)
_14283_/A1                              0.750000    0.791424   -0.041424 (VIOLATED)
_14392_/A1                              0.750000    0.791424   -0.041424 (VIOLATED)
_14572_/A1                              0.750000    0.791423   -0.041423 (VIOLATED)
_14464_/A1                              0.750000    0.791421   -0.041421 (VIOLATED)
_14428_/A1                              0.750000    0.791417   -0.041417 (VIOLATED)
_14319_/A1                              0.750000    0.791417   -0.041417 (VIOLATED)
_14500_/A1                              0.750000    0.791411   -0.041411 (VIOLATED)
fanout464/A                             0.750000    0.791410   -0.041410 (VIOLATED)
fanout463/A                             0.750000    0.791409   -0.041409 (VIOLATED)
_14536_/A1                              0.750000    0.791408   -0.041408 (VIOLATED)
fanout465/X                             0.750000    0.791408   -0.041408 (VIOLATED)
fanout1281/A                            0.750000    0.791049   -0.041049 (VIOLATED)
fanout1278/A                            0.750000    0.791028   -0.041028 (VIOLATED)
fanout1286/A                            0.750000    0.791025   -0.041025 (VIOLATED)
_17003_/X                               0.750000    0.790903   -0.040903 (VIOLATED)
_17746_/Y                               0.750000    0.790894   -0.040894 (VIOLATED)
fanout1283/A                            0.750000    0.790894   -0.040894 (VIOLATED)
_13227_/A1                              0.750000    0.790843   -0.040843 (VIOLATED)
_13046_/A1                              0.750000    0.790841   -0.040841 (VIOLATED)
_13191_/A1                              0.750000    0.790840   -0.040840 (VIOLATED)
_14906_/A1                              0.750000    0.790832   -0.040832 (VIOLATED)
_14834_/A1                              0.750000    0.790831   -0.040831 (VIOLATED)
_13263_/A1                              0.750000    0.790831   -0.040831 (VIOLATED)
_14870_/A1                              0.750000    0.790827   -0.040827 (VIOLATED)
_14653_/A1                              0.750000    0.790825   -0.040825 (VIOLATED)
_14798_/A1                              0.750000    0.790825   -0.040825 (VIOLATED)
_14543_/A1                              0.750000    0.790786   -0.040786 (VIOLATED)
fanout396/X                             0.750000    0.790781   -0.040782 (VIOLATED)
fanout1374/A                            0.750000    0.790407   -0.040407 (VIOLATED)
fanout1371/A                            0.750000    0.790355   -0.040355 (VIOLATED)
max_cap1376/A                           0.750000    0.790347   -0.040347 (VIOLATED)
_17246_/Y                               0.750000    0.790333   -0.040333 (VIOLATED)
_16344_/A                               0.750000    0.790086   -0.040086 (VIOLATED)
_15881_/A                               0.750000    0.790083   -0.040083 (VIOLATED)
_15795_/A                               0.750000    0.790044   -0.040044 (VIOLATED)
_15426_/A                               0.750000    0.790021   -0.040021 (VIOLATED)
_15469_/B1                              0.750000    0.790009   -0.040009 (VIOLATED)
_16033_/B1                              0.750000    0.789993   -0.039993 (VIOLATED)
_16398_/B1                              0.750000    0.789990   -0.039990 (VIOLATED)
fanout587/X                             0.750000    0.789990   -0.039990 (VIOLATED)
_12144_/S0                              0.750000    0.789983   -0.039983 (VIOLATED)
_15918_/B1                              0.750000    0.789981   -0.039981 (VIOLATED)
_16502_/B1                              0.750000    0.789979   -0.039979 (VIOLATED)
_12137_/S                               0.750000    0.789974   -0.039974 (VIOLATED)
_15929_/B1                              0.750000    0.789973   -0.039973 (VIOLATED)
_16113_/B1                              0.750000    0.789957   -0.039957 (VIOLATED)
_16207_/B1                              0.750000    0.789956   -0.039956 (VIOLATED)
_16214_/B1                              0.750000    0.789955   -0.039955 (VIOLATED)
_12136_/S0                              0.750000    0.789952   -0.039952 (VIOLATED)
_16132_/B1                              0.750000    0.789950   -0.039950 (VIOLATED)
fanout707/X                             0.750000    0.789950   -0.039950 (VIOLATED)
wire2492/A                              0.750000    0.789932   -0.039932 (VIOLATED)
_12287_/S                               0.750000    0.789913   -0.039913 (VIOLATED)
_11878_/S                               0.750000    0.789910   -0.039910 (VIOLATED)
fanout2491/X                            0.750000    0.789910   -0.039910 (VIOLATED)
_13786_/A0                              0.750000    0.789430   -0.039430 (VIOLATED)
_13675_/A0                              0.750000    0.789429   -0.039429 (VIOLATED)
_13712_/A0                              0.750000    0.789429   -0.039429 (VIOLATED)
_13860_/A0                              0.750000    0.789423   -0.039423 (VIOLATED)
_13749_/A0                              0.750000    0.789408   -0.039408 (VIOLATED)
_13897_/A0                              0.750000    0.789406   -0.039406 (VIOLATED)
_14117_/A0                              0.750000    0.789379   -0.039379 (VIOLATED)
_14045_/A0                              0.750000    0.789377   -0.039377 (VIOLATED)
_14009_/A0                              0.750000    0.789376   -0.039376 (VIOLATED)
_14081_/A0                              0.750000    0.789359   -0.039359 (VIOLATED)
fanout327/X                             0.750000    0.789359   -0.039359 (VIOLATED)
fanout1483/A                            0.750000    0.789265   -0.039265 (VIOLATED)
fanout1481/A                            0.750000    0.789233   -0.039233 (VIOLATED)
fanout1262/A                            0.750000    0.789139   -0.039139 (VIOLATED)
fanout1259/A                            0.750000    0.789119   -0.039119 (VIOLATED)
fanout1485/A                            0.750000    0.789112   -0.039112 (VIOLATED)
fanout1487/A                            0.750000    0.789083   -0.039083 (VIOLATED)
fanout1267/A                            0.750000    0.789077   -0.039077 (VIOLATED)
fanout1264/A                            0.750000    0.789063   -0.039063 (VIOLATED)
_17879_/X                               0.750000    0.789012   -0.039012 (VIOLATED)
_17813_/X                               0.750000    0.788742   -0.038742 (VIOLATED)
_17227_/A1                              0.750000    0.785890   -0.035890 (VIOLATED)
_16768_/A0                              0.750000    0.785890   -0.035890 (VIOLATED)
_17329_/A1                              0.750000    0.785881   -0.035881 (VIOLATED)
_17927_/A1                              0.750000    0.785873   -0.035873 (VIOLATED)
_17960_/A1                              0.750000    0.785870   -0.035871 (VIOLATED)
_17828_/A1                              0.750000    0.785869   -0.035869 (VIOLATED)
_17296_/A1                              0.750000    0.785869   -0.035869 (VIOLATED)
_17861_/A1                              0.750000    0.785867   -0.035867 (VIOLATED)
_17261_/A1                              0.750000    0.785864   -0.035864 (VIOLATED)
_17362_/A1                              0.750000    0.785863   -0.035863 (VIOLATED)
fanout82/X                              0.750000    0.785863   -0.035863 (VIOLATED)
_13345_/A0                              0.750000    0.785800   -0.035800 (VIOLATED)
_13381_/A0                              0.750000    0.785797   -0.035797 (VIOLATED)
_13199_/A0                              0.750000    0.785786   -0.035786 (VIOLATED)
_13016_/A0                              0.750000    0.785786   -0.035786 (VIOLATED)
_13126_/A0                              0.750000    0.785783   -0.035783 (VIOLATED)
_13271_/A0                              0.750000    0.785780   -0.035780 (VIOLATED)
_13307_/A0                              0.750000    0.785776   -0.035776 (VIOLATED)
_13090_/A0                              0.750000    0.785775   -0.035775 (VIOLATED)
_13054_/A0                              0.750000    0.785775   -0.035775 (VIOLATED)
_13235_/A0                              0.750000    0.785773   -0.035773 (VIOLATED)
fanout350/X                             0.750000    0.785771   -0.035771 (VIOLATED)
_09305_/A2                              0.750000    0.784479   -0.034479 (VIOLATED)
_09304_/A2                              0.750000    0.784472   -0.034472 (VIOLATED)
fanout325/A                             0.750000    0.784221   -0.034221 (VIOLATED)
_13637_/A0                              0.750000    0.784214   -0.034214 (VIOLATED)
fanout322/A                             0.750000    0.784212   -0.034212 (VIOLATED)
fanout324/A                             0.750000    0.784206   -0.034206 (VIOLATED)
fanout321/A                             0.750000    0.784185   -0.034185 (VIOLATED)
fanout326/X                             0.750000    0.784185   -0.034185 (VIOLATED)
_11085_/B2                              0.750000    0.784117   -0.034117 (VIOLATED)
_11084_/A1_N                            0.750000    0.783923   -0.033923 (VIOLATED)
_11083_/B2                              0.750000    0.783807   -0.033807 (VIOLATED)
_10904_/A2                              0.750000    0.783763   -0.033763 (VIOLATED)
_11273_/B1                              0.750000    0.783747   -0.033747 (VIOLATED)
_10885_/A2                              0.750000    0.783713   -0.033713 (VIOLATED)
load_slew1855/A                         0.750000    0.783675   -0.033675 (VIOLATED)
_09861_/A2                              0.750000    0.783665   -0.033665 (VIOLATED)
_10552_/A1                              0.750000    0.783665   -0.033665 (VIOLATED)
fanout1854/X                            0.750000    0.783665   -0.033665 (VIOLATED)
_12659_/B                               0.750000    0.783601   -0.033601 (VIOLATED)
_12688_/A1                              0.750000    0.783264   -0.033264 (VIOLATED)
_09303_/X                               0.750000    0.783223   -0.033223 (VIOLATED)
_15526_/B1                              0.750000    0.782965   -0.032965 (VIOLATED)
_16082_/A2                              0.750000    0.782961   -0.032961 (VIOLATED)
fanout785/A                             0.750000    0.782959   -0.032959 (VIOLATED)
_15340_/B1                              0.750000    0.782953   -0.032953 (VIOLATED)
_15535_/A2                              0.750000    0.782947   -0.032947 (VIOLATED)
_16084_/B1                              0.750000    0.782932   -0.032932 (VIOLATED)
fanout787/X                             0.750000    0.782932   -0.032932 (VIOLATED)
fanout128/A                             0.750000    0.782202   -0.032202 (VIOLATED)
_17980_/A0                              0.750000    0.782198   -0.032198 (VIOLATED)
_18014_/A0                              0.750000    0.782176   -0.032176 (VIOLATED)
_18047_/A0                              0.750000    0.782161   -0.032161 (VIOLATED)
fanout129/A                             0.750000    0.782151   -0.032151 (VIOLATED)
_15459_/A0                              0.750000    0.782140   -0.032141 (VIOLATED)
_17214_/A1                              0.750000    0.782125   -0.032125 (VIOLATED)
_17316_/A1                              0.750000    0.782090   -0.032090 (VIOLATED)
_17248_/A1                              0.750000    0.782074   -0.032074 (VIOLATED)
_17283_/A1                              0.750000    0.782070   -0.032070 (VIOLATED)
fanout130/X                             0.750000    0.782070   -0.032070 (VIOLATED)
_17606_/S                               0.750000    0.782023   -0.032023 (VIOLATED)
_17599_/S                               0.750000    0.782022   -0.032022 (VIOLATED)
_17591_/S                               0.750000    0.782012   -0.032012 (VIOLATED)
_17592_/S                               0.750000    0.781951   -0.031951 (VIOLATED)
fanout1511/X                            0.750000    0.781951   -0.031951 (VIOLATED)
wire1512/A                              0.750000    0.781951   -0.031951 (VIOLATED)
_09597_/A2                              0.750000    0.781653   -0.031653 (VIOLATED)
_09598_/A2                              0.750000    0.781649   -0.031649 (VIOLATED)
_10957_/A                               0.750000    0.781502   -0.031502 (VIOLATED)
_17714_/S                               0.750000    0.781482   -0.031482 (VIOLATED)
_17728_/S                               0.750000    0.781475   -0.031475 (VIOLATED)
_10956_/A1_N                            0.750000    0.781472   -0.031472 (VIOLATED)
_17731_/S                               0.750000    0.781470   -0.031470 (VIOLATED)
_17744_/S                               0.750000    0.781462   -0.031462 (VIOLATED)
fanout1503/X                            0.750000    0.781462   -0.031462 (VIOLATED)
load_slew1505/A                         0.750000    0.781462   -0.031462 (VIOLATED)
_09595_/X                               0.750000    0.781076   -0.031077 (VIOLATED)
fanout1364/A                            0.750000    0.780990   -0.030990 (VIOLATED)
fanout1361/A                            0.750000    0.780949   -0.030949 (VIOLATED)
max_cap1365/A                           0.750000    0.780937   -0.030937 (VIOLATED)
_17314_/Y                               0.750000    0.780931   -0.030931 (VIOLATED)
fanout907/A                             0.750000    0.780746   -0.030746 (VIOLATED)
_16289_/A2                              0.750000    0.780743   -0.030743 (VIOLATED)
fanout908/A                             0.750000    0.780739   -0.030740 (VIOLATED)
_16298_/A2                              0.750000    0.780739   -0.030739 (VIOLATED)
fanout910/A                             0.750000    0.780739   -0.030739 (VIOLATED)
fanout912/X                             0.750000    0.780739   -0.030739 (VIOLATED)
_15905_/A2                              0.750000    0.780275   -0.030275 (VIOLATED)
fanout1068/A                            0.750000    0.780246   -0.030246 (VIOLATED)
_15942_/A2                              0.750000    0.780231   -0.030231 (VIOLATED)
_16312_/A2                              0.750000    0.780215   -0.030215 (VIOLATED)
fanout1070/X                            0.750000    0.780215   -0.030215 (VIOLATED)
load_slew1071/A                         0.750000    0.780215   -0.030215 (VIOLATED)
_17845_/A1                              0.750000    0.780010   -0.030010 (VIOLATED)
fanout18/A                              0.750000    0.780009   -0.030009 (VIOLATED)
_18010_/A0                              0.750000    0.779685   -0.029685 (VIOLATED)
fanout19/A                              0.750000    0.779668   -0.029668 (VIOLATED)
_17209_/X                               0.750000    0.779471   -0.029471 (VIOLATED)
wire1982/A                              0.750000    0.779204   -0.029204 (VIOLATED)
_10758_/C1                              0.750000    0.779204   -0.029204 (VIOLATED)
_11197_/A1                              0.750000    0.779203   -0.029203 (VIOLATED)
_09857_/A1                              0.750000    0.779182   -0.029182 (VIOLATED)
fanout1981/X                            0.750000    0.779182   -0.029182 (VIOLATED)
fanout60/A                              0.750000    0.778503   -0.028503 (VIOLATED)
fanout63/A                              0.750000    0.778503   -0.028503 (VIOLATED)
fanout61/A                              0.750000    0.778502   -0.028502 (VIOLATED)
fanout62/A                              0.750000    0.778496   -0.028496 (VIOLATED)
_11263_/A2                              0.750000    0.778325   -0.028325 (VIOLATED)
_11266_/A2                              0.750000    0.778319   -0.028319 (VIOLATED)
_16901_/X                               0.750000    0.778308   -0.028308 (VIOLATED)
fanout1930/A                            0.750000    0.778306   -0.028306 (VIOLATED)
_11273_/A2                              0.750000    0.778297   -0.028297 (VIOLATED)
fanout1933/A                            0.750000    0.778216   -0.028216 (VIOLATED)
fanout1934/X                            0.750000    0.778213   -0.028213 (VIOLATED)
_09840_/B                               0.750000    0.777065   -0.027065 (VIOLATED)
_12419_/A2                              0.750000    0.777044   -0.027044 (VIOLATED)
_12512_/A1                              0.750000    0.777040   -0.027040 (VIOLATED)
ANTENNA_18/DIODE                        0.750000    0.777000   -0.027000 (VIOLATED)
_12696_/B                               0.750000    0.776998   -0.026998 (VIOLATED)
_16736_/A2                              0.750000    0.776911   -0.026911 (VIOLATED)
ANTENNA_19/DIODE                        0.750000    0.776848   -0.026848 (VIOLATED)
_12758_/A0                              0.750000    0.776830   -0.026831 (VIOLATED)
_12695_/X                               0.750000    0.776662   -0.026662 (VIOLATED)
_12638_/A                               0.750000    0.776446   -0.026446 (VIOLATED)
_12703_/A                               0.750000    0.776442   -0.026442 (VIOLATED)
_14204_/A                               0.750000    0.776414   -0.026414 (VIOLATED)
_14132_/A                               0.750000    0.776412   -0.026412 (VIOLATED)
fanout499/A                             0.750000    0.776407   -0.026407 (VIOLATED)
_14240_/A                               0.750000    0.776405   -0.026405 (VIOLATED)
_14168_/A                               0.750000    0.776404   -0.026404 (VIOLATED)
_09208_/A                               0.750000    0.776362   -0.026362 (VIOLATED)
_13506_/A                               0.750000    0.776297   -0.026297 (VIOLATED)
_13434_/A                               0.750000    0.776284   -0.026284 (VIOLATED)
_13362_/A                               0.750000    0.776267   -0.026267 (VIOLATED)
_13470_/A                               0.750000    0.776252   -0.026253 (VIOLATED)
_13398_/A                               0.750000    0.776252   -0.026252 (VIOLATED)
fanout500/X                             0.750000    0.776249   -0.026249 (VIOLATED)
_09882_/A                               0.750000    0.776228   -0.026228 (VIOLATED)
_09247_/B                               0.750000    0.776222   -0.026222 (VIOLATED)
_09879_/B                               0.750000    0.776173   -0.026173 (VIOLATED)
_20460_/Q                               0.750000    0.776143   -0.026143 (VIOLATED)
_11995_/A1                              0.750000    0.776071   -0.026071 (VIOLATED)
_11989_/A1                              0.750000    0.776054   -0.026054 (VIOLATED)
load_slew1674/A                         0.750000    0.775976   -0.025976 (VIOLATED)
fanout1671/A                            0.750000    0.775968   -0.025968 (VIOLATED)
fanout1673/X                            0.750000    0.775968   -0.025968 (VIOLATED)
_14094_/A1                              0.750000    0.775541   -0.025541 (VIOLATED)
_14202_/A1                              0.750000    0.775538   -0.025538 (VIOLATED)
_14166_/A1                              0.750000    0.775537   -0.025537 (VIOLATED)
_14238_/A1                              0.750000    0.775534   -0.025534 (VIOLATED)
_14274_/A1                              0.750000    0.775527   -0.025527 (VIOLATED)
_14022_/A1                              0.750000    0.775518   -0.025518 (VIOLATED)
_14130_/A1                              0.750000    0.775516   -0.025516 (VIOLATED)
_14058_/A1                              0.750000    0.775513   -0.025513 (VIOLATED)
_14640_/A1                              0.750000    0.775493   -0.025493 (VIOLATED)
_14676_/A1                              0.750000    0.775493   -0.025493 (VIOLATED)
fanout255/X                             0.750000    0.775493   -0.025493 (VIOLATED)
_14763_/S                               0.750000    0.775413   -0.025413 (VIOLATED)
_14767_/S                               0.750000    0.775410   -0.025410 (VIOLATED)
_14762_/S                               0.750000    0.775410   -0.025410 (VIOLATED)
max_cap146/A                            0.750000    0.775401   -0.025401 (VIOLATED)
_14761_/S                               0.750000    0.775399   -0.025399 (VIOLATED)
_14760_/Y                               0.750000    0.775374   -0.025374 (VIOLATED)
_16779_/A2                              0.750000    0.774736   -0.024736 (VIOLATED)
_16780_/A3                              0.750000    0.774736   -0.024736 (VIOLATED)
_12504_/B                               0.750000    0.774728   -0.024728 (VIOLATED)
_16769_/B                               0.750000    0.774723   -0.024723 (VIOLATED)
_12503_/A                               0.750000    0.774689   -0.024689 (VIOLATED)
_12502_/X                               0.750000    0.774610   -0.024610 (VIOLATED)
fanout2079/A                            0.750000    0.774447   -0.024447 (VIOLATED)
_10689_/B                               0.750000    0.774431   -0.024431 (VIOLATED)
wire2082/A                              0.750000    0.774426   -0.024426 (VIOLATED)
_09422_/A                               0.750000    0.774349   -0.024349 (VIOLATED)
fanout2081/X                            0.750000    0.774345   -0.024345 (VIOLATED)
_13475_/A1                              0.750000    0.773383   -0.023383 (VIOLATED)
_13584_/A1                              0.750000    0.773381   -0.023381 (VIOLATED)
_13331_/A1                              0.750000    0.773375   -0.023375 (VIOLATED)
_13367_/A1                              0.750000    0.773372   -0.023372 (VIOLATED)
_13511_/A1                              0.750000    0.773365   -0.023365 (VIOLATED)
_13439_/A1                              0.750000    0.773358   -0.023358 (VIOLATED)
_13403_/A1                              0.750000    0.773357   -0.023357 (VIOLATED)
_14429_/A1                              0.750000    0.773301   -0.023301 (VIOLATED)
_14393_/A1                              0.750000    0.773262   -0.023262 (VIOLATED)
_14284_/A1                              0.750000    0.773252   -0.023252 (VIOLATED)
fanout451/X                             0.750000    0.773250   -0.023250 (VIOLATED)
_12990_/A1                              0.750000    0.773136   -0.023136 (VIOLATED)
_12800_/A1                              0.750000    0.773134   -0.023134 (VIOLATED)
_15073_/A1                              0.750000    0.773133   -0.023133 (VIOLATED)
_12914_/A1                              0.750000    0.773128   -0.023128 (VIOLATED)
_15037_/A1                              0.750000    0.773124   -0.023124 (VIOLATED)
_12952_/A1                              0.750000    0.773100   -0.023100 (VIOLATED)
_12905_/A0                              0.750000    0.773066   -0.023066 (VIOLATED)
_12981_/A0                              0.750000    0.773066   -0.023066 (VIOLATED)
_15064_/A0                              0.750000    0.773065   -0.023065 (VIOLATED)
_12791_/A0                              0.750000    0.773064   -0.023064 (VIOLATED)
_12943_/A0                              0.750000    0.773062   -0.023062 (VIOLATED)
fanout313/A                             0.750000    0.773060   -0.023060 (VIOLATED)
_12876_/A1                              0.750000    0.773058   -0.023058 (VIOLATED)
_15028_/A0                              0.750000    0.773058   -0.023058 (VIOLATED)
fanout314/A                             0.750000    0.773057   -0.023057 (VIOLATED)
_12829_/A0                              0.750000    0.773055   -0.023055 (VIOLATED)
_12867_/A0                              0.750000    0.773055   -0.023055 (VIOLATED)
fanout315/X                             0.750000    0.773055   -0.023055 (VIOLATED)
_12838_/A1                              0.750000    0.773026   -0.023026 (VIOLATED)
_14020_/A1                              0.750000    0.772949   -0.022949 (VIOLATED)
_14056_/A1                              0.750000    0.772945   -0.022945 (VIOLATED)
fanout258/X                             0.750000    0.772945   -0.022945 (VIOLATED)
_11794_/A1                              0.750000    0.771633   -0.021633 (VIOLATED)
_15079_/A                               0.750000    0.771621   -0.021621 (VIOLATED)
_11630_/B2                              0.750000    0.771619   -0.021619 (VIOLATED)
_11780_/A1                              0.750000    0.771608   -0.021608 (VIOLATED)
_11756_/B1                              0.750000    0.771339   -0.021339 (VIOLATED)
_11534_/Y                               0.750000    0.771335   -0.021335 (VIOLATED)
_11687_/A1                              0.750000    0.771335   -0.021335 (VIOLATED)
_17923_/S                               0.750000    0.771084   -0.021084 (VIOLATED)
_17915_/S                               0.750000    0.771065   -0.021065 (VIOLATED)
load_slew1250/A                         0.750000    0.770983   -0.020983 (VIOLATED)
fanout1249/X                            0.750000    0.770955   -0.020955 (VIOLATED)
load_slew1251/A                         0.750000    0.770955   -0.020955 (VIOLATED)
_13746_/A                               0.750000    0.770758   -0.020758 (VIOLATED)
_13672_/A                               0.750000    0.770757   -0.020757 (VIOLATED)
_13820_/A                               0.750000    0.770757   -0.020757 (VIOLATED)
_13709_/A                               0.750000    0.770751   -0.020751 (VIOLATED)
_13783_/A                               0.750000    0.770751   -0.020751 (VIOLATED)
_13857_/A                               0.750000    0.770746   -0.020746 (VIOLATED)
_14114_/A                               0.750000    0.770687   -0.020687 (VIOLATED)
_14078_/A                               0.750000    0.770668   -0.020668 (VIOLATED)
_14042_/A                               0.750000    0.770644   -0.020644 (VIOLATED)
_14006_/B                               0.750000    0.770642   -0.020642 (VIOLATED)
fanout221/X                             0.750000    0.770642   -0.020642 (VIOLATED)
_12818_/A1                              0.750000    0.770607   -0.020607 (VIOLATED)
_15017_/A1                              0.750000    0.770606   -0.020606 (VIOLATED)
_12780_/A1                              0.750000    0.770604   -0.020604 (VIOLATED)
_12970_/A1                              0.750000    0.770604   -0.020604 (VIOLATED)
_12856_/A1                              0.750000    0.770601   -0.020601 (VIOLATED)
_12894_/A1                              0.750000    0.770600   -0.020600 (VIOLATED)
_15053_/A1                              0.750000    0.770597   -0.020597 (VIOLATED)
_12932_/A1                              0.750000    0.770592   -0.020592 (VIOLATED)
_13555_/A1                              0.750000    0.770524   -0.020524 (VIOLATED)
_12683_/A1                              0.750000    0.770520   -0.020520 (VIOLATED)
fanout392/X                             0.750000    0.770520   -0.020520 (VIOLATED)
_13607_/A1                              0.750000    0.770111   -0.020111 (VIOLATED)
fanout206/A                             0.750000    0.770103   -0.020103 (VIOLATED)
_13643_/A1                              0.750000    0.770083   -0.020083 (VIOLATED)
_13172_/A1                              0.750000    0.770032   -0.020032 (VIOLATED)
_14779_/A1                              0.750000    0.769998   -0.019998 (VIOLATED)
_13571_/A1                              0.750000    0.769969   -0.019969 (VIOLATED)
_12740_/A1                              0.750000    0.769948   -0.019948 (VIOLATED)
_14380_/A1                              0.750000    0.769936   -0.019936 (VIOLATED)
_14960_/A1                              0.750000    0.769925   -0.019925 (VIOLATED)
_13978_/A1                              0.750000    0.769916   -0.019917 (VIOLATED)
fanout207/X                             0.750000    0.769915   -0.019915 (VIOLATED)
_09230_/B                               0.750000    0.769518   -0.019518 (VIOLATED)
_09234_/A                               0.750000    0.769513   -0.019513 (VIOLATED)
_09240_/A                               0.750000    0.769505   -0.019505 (VIOLATED)
_09235_/D_N                             0.750000    0.769503   -0.019503 (VIOLATED)
_09231_/B                               0.750000    0.769503   -0.019503 (VIOLATED)
_09239_/A                               0.750000    0.769491   -0.019491 (VIOLATED)
_09229_/A                               0.750000    0.769484   -0.019484 (VIOLATED)
_09228_/A                               0.750000    0.769481   -0.019481 (VIOLATED)
_09242_/B                               0.750000    0.769460   -0.019460 (VIOLATED)
_09241_/B_N                             0.750000    0.769446   -0.019446 (VIOLATED)
fanout2014/X                            0.750000    0.769445   -0.019445 (VIOLATED)
_09804_/A                               0.750000    0.767911   -0.017911 (VIOLATED)
_09806_/A1                              0.750000    0.767894   -0.017894 (VIOLATED)
_11305_/B2                              0.750000    0.767853   -0.017853 (VIOLATED)
_11338_/B2                              0.750000    0.767830   -0.017830 (VIOLATED)
fanout253/A                             0.750000    0.767627   -0.017627 (VIOLATED)
_13649_/A1                              0.750000    0.767624   -0.017624 (VIOLATED)
_15003_/A1                              0.750000    0.767575   -0.017575 (VIOLATED)
_14785_/A1                              0.750000    0.767567   -0.017567 (VIOLATED)
_14386_/A1                              0.750000    0.767553   -0.017553 (VIOLATED)
_12759_/A1                              0.750000    0.767543   -0.017543 (VIOLATED)
_13577_/A1                              0.750000    0.767528   -0.017528 (VIOLATED)
_13178_/A1                              0.750000    0.767513   -0.017513 (VIOLATED)
_14966_/A1                              0.750000    0.767510   -0.017510 (VIOLATED)
_13984_/A1                              0.750000    0.767495   -0.017495 (VIOLATED)
fanout254/X                             0.750000    0.767495   -0.017495 (VIOLATED)
_14707_/A1                              0.750000    0.767483   -0.017483 (VIOLATED)
_14924_/A1                              0.750000    0.767483   -0.017483 (VIOLATED)
_14635_/A1                              0.750000    0.767480   -0.017480 (VIOLATED)
_14671_/A1                              0.750000    0.767474   -0.017474 (VIOLATED)
_12743_/A1                              0.750000    0.767443   -0.017443 (VIOLATED)
_14780_/A1                              0.750000    0.767435   -0.017435 (VIOLATED)
_14381_/A1                              0.750000    0.767427   -0.017427 (VIOLATED)
_13173_/A1                              0.750000    0.767423   -0.017423 (VIOLATED)
_13572_/A1                              0.750000    0.767423   -0.017423 (VIOLATED)
_13979_/A1                              0.750000    0.767423   -0.017423 (VIOLATED)
fanout281/X                             0.750000    0.767423   -0.017423 (VIOLATED)
_15029_/A0                              0.750000    0.767191   -0.017191 (VIOLATED)
_12944_/A0                              0.750000    0.767191   -0.017191 (VIOLATED)
fanout305/A                             0.750000    0.767190   -0.017190 (VIOLATED)
_15065_/A0                              0.750000    0.767189   -0.017189 (VIOLATED)
_12792_/A0                              0.750000    0.767189   -0.017189 (VIOLATED)
fanout306/A                             0.750000    0.767188   -0.017188 (VIOLATED)
_12830_/A0                              0.750000    0.767187   -0.017187 (VIOLATED)
_12982_/A0                              0.750000    0.767183   -0.017183 (VIOLATED)
_12868_/A0                              0.750000    0.767182   -0.017182 (VIOLATED)
_12906_/A0                              0.750000    0.767180   -0.017180 (VIOLATED)
fanout307/X                             0.750000    0.767180   -0.017180 (VIOLATED)
_17145_/B1                              0.750000    0.767025   -0.017025 (VIOLATED)
_17194_/B1                              0.750000    0.767023   -0.017023 (VIOLATED)
_16995_/B2                              0.750000    0.767022   -0.017022 (VIOLATED)
_16957_/B1_N                            0.750000    0.767015   -0.017015 (VIOLATED)
_16794_/B1_N                            0.750000    0.767011   -0.017011 (VIOLATED)
_16841_/B1_N                            0.750000    0.767007   -0.017007 (VIOLATED)
_16853_/B1_N                            0.750000    0.767007   -0.017007 (VIOLATED)
_16884_/B1                              0.750000    0.767007   -0.017007 (VIOLATED)
_16903_/B1_N                            0.750000    0.767007   -0.017007 (VIOLATED)
_16947_/B1                              0.750000    0.767007   -0.017007 (VIOLATED)
fanout1152/X                            0.750000    0.767007   -0.017007 (VIOLATED)
_12344_/S                               0.750000    0.766898   -0.016898 (VIOLATED)
load_slew2451/A                         0.750000    0.766893   -0.016893 (VIOLATED)
_12343_/S0                              0.750000    0.766890   -0.016890 (VIOLATED)
_12347_/S0                              0.750000    0.766890   -0.016890 (VIOLATED)
_12200_/S0                              0.750000    0.766877   -0.016877 (VIOLATED)
_12198_/S0                              0.750000    0.766860   -0.016860 (VIOLATED)
fanout2450/X                            0.750000    0.766859   -0.016859 (VIOLATED)
_16369_/A1                              0.750000    0.766449   -0.016449 (VIOLATED)
_16760_/A2                              0.750000    0.766447   -0.016447 (VIOLATED)
_17688_/A0                              0.750000    0.766329   -0.016329 (VIOLATED)
_17821_/A1                              0.750000    0.766328   -0.016328 (VIOLATED)
_17721_/A1                              0.750000    0.766327   -0.016327 (VIOLATED)
_17953_/A1                              0.750000    0.766322   -0.016322 (VIOLATED)
_17920_/A1                              0.750000    0.766312   -0.016312 (VIOLATED)
_17787_/A1                              0.750000    0.766306   -0.016306 (VIOLATED)
_17854_/A1                              0.750000    0.766296   -0.016296 (VIOLATED)
_17754_/A0                              0.750000    0.766284   -0.016284 (VIOLATED)
_18185_/A0                              0.750000    0.766264   -0.016264 (VIOLATED)
fanout106/A                             0.750000    0.766225   -0.016225 (VIOLATED)
fanout107/X                             0.750000    0.766225   -0.016225 (VIOLATED)
_16277_/X                               0.750000    0.766165   -0.016165 (VIOLATED)
_10317_/A2                              0.750000    0.766031   -0.016031 (VIOLATED)
_10316_/A2                              0.750000    0.766019   -0.016019 (VIOLATED)
_09803_/X                               0.750000    0.765937   -0.015937 (VIOLATED)
_11339_/A2_N                            0.750000    0.765721   -0.015721 (VIOLATED)
_11336_/A                               0.750000    0.765671   -0.015671 (VIOLATED)
_14701_/A0                              0.750000    0.765610   -0.015610 (VIOLATED)
_14882_/A0                              0.750000    0.765610   -0.015610 (VIOLATED)
_14918_/A0                              0.750000    0.765608   -0.015608 (VIOLATED)
_14737_/A0                              0.750000    0.765607   -0.015607 (VIOLATED)
_14665_/A0                              0.750000    0.765604   -0.015604 (VIOLATED)
_14629_/A0                              0.750000    0.765604   -0.015604 (VIOLATED)
_14846_/A0                              0.750000    0.765590   -0.015590 (VIOLATED)
_14302_/A0                              0.750000    0.765524   -0.015524 (VIOLATED)
_14338_/A0                              0.750000    0.765524   -0.015524 (VIOLATED)
_14411_/A0                              0.750000    0.765524   -0.015524 (VIOLATED)
fanout313/X                             0.750000    0.765524   -0.015524 (VIOLATED)
_14409_/A0                              0.750000    0.765307   -0.015307 (VIOLATED)
ANTENNA_71/DIODE                        0.750000    0.765300   -0.015300 (VIOLATED)
_14481_/A0                              0.750000    0.765299   -0.015300 (VIOLATED)
_14445_/A0                              0.750000    0.765298   -0.015298 (VIOLATED)
_15776_/C1                              0.750000    0.765279   -0.015279 (VIOLATED)
_15884_/C1                              0.750000    0.765274   -0.015274 (VIOLATED)
_15413_/C1                              0.750000    0.765273   -0.015273 (VIOLATED)
_13491_/A0                              0.750000    0.765253   -0.015253 (VIOLATED)
_13600_/A0                              0.750000    0.765246   -0.015246 (VIOLATED)
_13419_/A0                              0.750000    0.765245   -0.015245 (VIOLATED)
_13455_/A0                              0.750000    0.765245   -0.015245 (VIOLATED)
_13527_/A0                              0.750000    0.765245   -0.015245 (VIOLATED)
_15144_/C1                              0.750000    0.765244   -0.015244 (VIOLATED)
_13383_/A0                              0.750000    0.765236   -0.015236 (VIOLATED)
_13347_/A0                              0.750000    0.765232   -0.015232 (VIOLATED)
fanout332/X                             0.750000    0.765232   -0.015232 (VIOLATED)
load_slew1106/A                         0.750000    0.765211   -0.015211 (VIOLATED)
_15803_/C1                              0.750000    0.765170   -0.015170 (VIOLATED)
fanout1105/X                            0.750000    0.765170   -0.015170 (VIOLATED)
_10314_/X                               0.750000    0.764372   -0.014372 (VIOLATED)
_11440_/A1                              0.750000    0.764277   -0.014277 (VIOLATED)
_11494_/A1                              0.750000    0.764257   -0.014257 (VIOLATED)
_16582_/A1                              0.750000    0.764183   -0.014183 (VIOLATED)
_16606_/A1_N                            0.750000    0.764173   -0.014173 (VIOLATED)
_12634_/A                               0.750000    0.764011   -0.014011 (VIOLATED)
_16585_/A1_N                            0.750000    0.763920   -0.013920 (VIOLATED)
_15262_/A1                              0.750000    0.763909   -0.013909 (VIOLATED)
_16388_/B1                              0.750000    0.763900   -0.013900 (VIOLATED)
_15784_/A                               0.750000    0.763890   -0.013890 (VIOLATED)
_15892_/A                               0.750000    0.763887   -0.013887 (VIOLATED)
_16333_/A                               0.750000    0.763884   -0.013884 (VIOLATED)
_15152_/A                               0.750000    0.763874   -0.013874 (VIOLATED)
_15502_/A1                              0.750000    0.763864   -0.013864 (VIOLATED)
_16023_/C1                              0.750000    0.763864   -0.013864 (VIOLATED)
fanout593/X                             0.750000    0.763864   -0.013864 (VIOLATED)
_17151_/A1                              0.750000    0.763861   -0.013862 (VIOLATED)
_16163_/A2                              0.750000    0.763811   -0.013811 (VIOLATED)
_16246_/A2                              0.750000    0.763788   -0.013788 (VIOLATED)
fanout1041/A                            0.750000    0.763747   -0.013747 (VIOLATED)
_15673_/A2                              0.750000    0.763712   -0.013712 (VIOLATED)
_17049_/A1                              0.750000    0.763667   -0.013668 (VIOLATED)
fanout1043/X                            0.750000    0.763653   -0.013653 (VIOLATED)
load_slew1044/A                         0.750000    0.763653   -0.013653 (VIOLATED)
_16945_/A1                              0.750000    0.763628   -0.013628 (VIOLATED)
_17168_/A1                              0.750000    0.763615   -0.013615 (VIOLATED)
_17197_/B2                              0.750000    0.763505   -0.013505 (VIOLATED)
_15219_/X                               0.750000    0.763395   -0.013395 (VIOLATED)
_14176_/A1                              0.750000    0.763288   -0.013288 (VIOLATED)
_14248_/A1                              0.750000    0.763287   -0.013287 (VIOLATED)
_14140_/A1                              0.750000    0.763284   -0.013284 (VIOLATED)
_13996_/A1                              0.750000    0.763282   -0.013282 (VIOLATED)
_14032_/A1                              0.750000    0.763281   -0.013281 (VIOLATED)
_14104_/A1                              0.750000    0.763275   -0.013275 (VIOLATED)
_14068_/A1                              0.750000    0.763273   -0.013273 (VIOLATED)
_14212_/A1                              0.750000    0.763267   -0.013267 (VIOLATED)
_13810_/A1                              0.750000    0.763247   -0.013247 (VIOLATED)
ANTENNA_72/DIODE                        0.750000    0.763146   -0.013146 (VIOLATED)
_13662_/A1                              0.750000    0.763136   -0.013136 (VIOLATED)
fanout426/X                             0.750000    0.763132   -0.013132 (VIOLATED)
_09881_/X                               0.750000    0.763071   -0.013071 (VIOLATED)
_16822_/A2                              0.750000    0.762876   -0.012876 (VIOLATED)
_16871_/A1                              0.750000    0.762875   -0.012875 (VIOLATED)
_12687_/A1                              0.750000    0.762875   -0.012875 (VIOLATED)
_16846_/A1                              0.750000    0.762871   -0.012871 (VIOLATED)
_14945_/A1                              0.750000    0.762870   -0.012870 (VIOLATED)
_17131_/B1                              0.750000    0.762868   -0.012868 (VIOLATED)
_16924_/B1                              0.750000    0.762868   -0.012868 (VIOLATED)
_16974_/A1                              0.750000    0.762864   -0.012864 (VIOLATED)
_16950_/B1                              0.750000    0.762862   -0.012862 (VIOLATED)
_17029_/B1                              0.750000    0.762862   -0.012862 (VIOLATED)
_17053_/B1                              0.750000    0.762862   -0.012862 (VIOLATED)
_17155_/A1                              0.750000    0.762862   -0.012862 (VIOLATED)
fanout241/X                             0.750000    0.762862   -0.012862 (VIOLATED)
_14764_/A1                              0.750000    0.762860   -0.012860 (VIOLATED)
_13815_/A1                              0.750000    0.762845   -0.012845 (VIOLATED)
_13704_/A1                              0.750000    0.762840   -0.012840 (VIOLATED)
_13667_/A1                              0.750000    0.762839   -0.012840 (VIOLATED)
_13741_/A1                              0.750000    0.762839   -0.012840 (VIOLATED)
_13778_/A1                              0.750000    0.762839   -0.012840 (VIOLATED)
_13852_/A1                              0.750000    0.762839   -0.012840 (VIOLATED)
_13889_/A1                              0.750000    0.762839   -0.012840 (VIOLATED)
fanout385/X                             0.750000    0.762839   -0.012840 (VIOLATED)
_10392_/S                               0.750000    0.762026   -0.012026 (VIOLATED)
_10397_/A                               0.750000    0.762016   -0.012016 (VIOLATED)
_10396_/S                               0.750000    0.762008   -0.012008 (VIOLATED)
fanout2213/A                            0.750000    0.761991   -0.011991 (VIOLATED)
_09401_/A                               0.750000    0.761933   -0.011933 (VIOLATED)
load_slew2216/A                         0.750000    0.761932   -0.011932 (VIOLATED)
fanout2215/X                            0.750000    0.761928   -0.011928 (VIOLATED)
_14905_/A1                              0.750000    0.761821   -0.011821 (VIOLATED)
_14797_/A1                              0.750000    0.761818   -0.011818 (VIOLATED)
_14833_/A1                              0.750000    0.761810   -0.011810 (VIOLATED)
_14869_/A1                              0.750000    0.761810   -0.011810 (VIOLATED)
_14724_/A1                              0.750000    0.761789   -0.011789 (VIOLATED)
_14688_/A1                              0.750000    0.761775   -0.011775 (VIOLATED)
_14652_/A1                              0.750000    0.761770   -0.011770 (VIOLATED)
_14616_/A1                              0.750000    0.761768   -0.011768 (VIOLATED)
_13045_/A1                              0.750000    0.761687   -0.011687 (VIOLATED)
_13007_/A1                              0.750000    0.761673   -0.011673 (VIOLATED)
fanout405/X                             0.750000    0.761671   -0.011671 (VIOLATED)
_17234_/S                               0.750000    0.761039   -0.011039 (VIOLATED)
load_slew1381/A                         0.750000    0.761037   -0.011038 (VIOLATED)
_17242_/S                               0.750000    0.761020   -0.011020 (VIOLATED)
_17224_/S                               0.750000    0.761009   -0.011009 (VIOLATED)
fanout1380/X                            0.750000    0.761009   -0.011009 (VIOLATED)
_10896_/A1                              0.750000    0.760719   -0.010719 (VIOLATED)
_10553_/B1                              0.750000    0.760680   -0.010681 (VIOLATED)
load_slew2031/A                         0.750000    0.760672   -0.010672 (VIOLATED)
_09352_/B1                              0.750000    0.760670   -0.010670 (VIOLATED)
_10532_/B1                              0.750000    0.760641   -0.010641 (VIOLATED)
fanout2030/X                            0.750000    0.760639   -0.010639 (VIOLATED)
_16374_/A0                              0.750000    0.760602   -0.010602 (VIOLATED)
_12241_/C1                              0.750000    0.760506   -0.010506 (VIOLATED)
_12212_/C1                              0.750000    0.760482   -0.010482 (VIOLATED)
_13610_/A1                              0.750000    0.760471   -0.010471 (VIOLATED)
_13465_/A1                              0.750000    0.760471   -0.010471 (VIOLATED)
_13501_/A1                              0.750000    0.760470   -0.010470 (VIOLATED)
_13393_/A1                              0.750000    0.760464   -0.010464 (VIOLATED)
_13357_/A1                              0.750000    0.760458   -0.010458 (VIOLATED)
_11802_/B                               0.750000    0.760452   -0.010452 (VIOLATED)
_13429_/A1                              0.750000    0.760440   -0.010440 (VIOLATED)
_13537_/A1                              0.750000    0.760431   -0.010431 (VIOLATED)
_13102_/A1                              0.750000    0.760414   -0.010414 (VIOLATED)
_13211_/A1                              0.750000    0.760414   -0.010414 (VIOLATED)
_13283_/A1                              0.750000    0.760414   -0.010414 (VIOLATED)
fanout196/X                             0.750000    0.760414   -0.010414 (VIOLATED)
load_slew2364/A                         0.750000    0.760408   -0.010408 (VIOLATED)
_12110_/C1                              0.750000    0.760398   -0.010398 (VIOLATED)
fanout2363/X                            0.750000    0.760398   -0.010398 (VIOLATED)
_11530_/A2                              0.750000    0.760329   -0.010329 (VIOLATED)
max_cap618/A                            0.750000    0.760310   -0.010310 (VIOLATED)
_11524_/Y                               0.750000    0.760307   -0.010307 (VIOLATED)
_17379_/A1                              0.750000    0.759825   -0.009825 (VIOLATED)
_17278_/A1                              0.750000    0.759820   -0.009820 (VIOLATED)
_17346_/A1                              0.750000    0.759817   -0.009817 (VIOLATED)
_17210_/A0                              0.750000    0.759816   -0.009816 (VIOLATED)
_17244_/A1                              0.750000    0.759808   -0.009808 (VIOLATED)
_12300_/S1                              0.750000    0.759805   -0.009805 (VIOLATED)
_18209_/A0                              0.750000    0.759803   -0.009803 (VIOLATED)
_12302_/S1                              0.750000    0.759798   -0.009798 (VIOLATED)
_18176_/A0                              0.750000    0.759797   -0.009797 (VIOLATED)
_12314_/S1                              0.750000    0.759783   -0.009783 (VIOLATED)
_17313_/A1                              0.750000    0.759773   -0.009774 (VIOLATED)
_12277_/S1                              0.750000    0.759770   -0.009770 (VIOLATED)
load_slew2437/A                         0.750000    0.759756   -0.009756 (VIOLATED)
_12267_/S1                              0.750000    0.759755   -0.009755 (VIOLATED)
fanout2436/X                            0.750000    0.759751   -0.009751 (VIOLATED)
_17645_/A1                              0.750000    0.759749   -0.009749 (VIOLATED)
_17138_/A1                              0.750000    0.759728   -0.009728 (VIOLATED)
_15058_/A1                              0.750000    0.759713   -0.009713 (VIOLATED)
_12975_/A1                              0.750000    0.759712   -0.009712 (VIOLATED)
_17132_/Y                               0.750000    0.759706   -0.009706 (VIOLATED)
_15022_/A1                              0.750000    0.759702   -0.009702 (VIOLATED)
_12785_/A1                              0.750000    0.759694   -0.009694 (VIOLATED)
_12823_/A1                              0.750000    0.759688   -0.009688 (VIOLATED)
fanout17/A                              0.750000    0.759687   -0.009687 (VIOLATED)
fanout18/X                              0.750000    0.759686   -0.009686 (VIOLATED)
_14113_/A1                              0.750000    0.759660   -0.009660 (VIOLATED)
_14077_/A1                              0.750000    0.759659   -0.009659 (VIOLATED)
_14005_/A1                              0.750000    0.759649   -0.009649 (VIOLATED)
_14041_/A1                              0.750000    0.759642   -0.009642 (VIOLATED)
_14257_/A1                              0.750000    0.759642   -0.009642 (VIOLATED)
fanout359/X                             0.750000    0.759642   -0.009642 (VIOLATED)
_13887_/S                               0.750000    0.759057   -0.009057 (VIOLATED)
max_cap161/A                            0.750000    0.759056   -0.009056 (VIOLATED)
_13892_/S                               0.750000    0.759055   -0.009055 (VIOLATED)
_13885_/Y                               0.750000    0.759048   -0.009048 (VIOLATED)
_16844_/B                               0.750000    0.758665   -0.008665 (VIOLATED)
_18290_/A2                              0.750000    0.758623   -0.008623 (VIOLATED)
_16843_/Y                               0.750000    0.758596   -0.008596 (VIOLATED)
_11291_/B1                              0.750000    0.758486   -0.008486 (VIOLATED)
_11276_/A2                              0.750000    0.758484   -0.008484 (VIOLATED)
_10788_/A2                              0.750000    0.758482   -0.008482 (VIOLATED)
_10802_/A1                              0.750000    0.758482   -0.008482 (VIOLATED)
fanout1850/X                            0.750000    0.758482   -0.008482 (VIOLATED)
load_slew1851/A                         0.750000    0.758482   -0.008482 (VIOLATED)
_09752_/S                               0.750000    0.758034   -0.008034 (VIOLATED)
_09751_/S                               0.750000    0.758033   -0.008033 (VIOLATED)
_09666_/B                               0.750000    0.758027   -0.008027 (VIOLATED)
_09694_/B                               0.750000    0.758024   -0.008024 (VIOLATED)
_09696_/A1                              0.750000    0.758022   -0.008022 (VIOLATED)
_10041_/B2                              0.750000    0.758020   -0.008020 (VIOLATED)
_09695_/A1                              0.750000    0.758016   -0.008016 (VIOLATED)
_10288_/S                               0.750000    0.758010   -0.008010 (VIOLATED)
_10289_/S                               0.750000    0.758009   -0.008009 (VIOLATED)
_10017_/A1                              0.750000    0.758005   -0.008005 (VIOLATED)
_10315_/B                               0.750000    0.757999   -0.007999 (VIOLATED)
fanout1581/X                            0.750000    0.757999   -0.007999 (VIOLATED)
_09784_/B1                              0.750000    0.757985   -0.007985 (VIOLATED)
_10129_/A1                              0.750000    0.757957   -0.007957 (VIOLATED)
fanout1727/X                            0.750000    0.757957   -0.007957 (VIOLATED)
load_slew1728/A                         0.750000    0.757957   -0.007957 (VIOLATED)
_10263_/S                               0.750000    0.757900   -0.007900 (VIOLATED)
_10264_/S                               0.750000    0.757899   -0.007899 (VIOLATED)
_10260_/S                               0.750000    0.757898   -0.007898 (VIOLATED)
_10261_/S                               0.750000    0.757898   -0.007898 (VIOLATED)
_10269_/S                               0.750000    0.757897   -0.007897 (VIOLATED)
_10271_/S                               0.750000    0.757897   -0.007897 (VIOLATED)
_10272_/S                               0.750000    0.757897   -0.007897 (VIOLATED)
_10273_/S                               0.750000    0.757897   -0.007897 (VIOLATED)
fanout2239/X                            0.750000    0.757897   -0.007897 (VIOLATED)
_17938_/S                               0.750000    0.757088   -0.007088 (VIOLATED)
load_slew1253/A                         0.750000    0.757016   -0.007016 (VIOLATED)
_17924_/S                               0.750000    0.756980   -0.006980 (VIOLATED)
fanout1252/X                            0.750000    0.756980   -0.006980 (VIOLATED)
_18312_/C                               0.750000    0.756872   -0.006872 (VIOLATED)
_18311_/A2                              0.750000    0.756872   -0.006872 (VIOLATED)
_18344_/A1                              0.750000    0.756870   -0.006870 (VIOLATED)
_18310_/Y                               0.750000    0.756866   -0.006866 (VIOLATED)
fanout2337/A                            0.750000    0.756698   -0.006698 (VIOLATED)
fanout2339/A                            0.750000    0.756672   -0.006672 (VIOLATED)
fanout2349/X                            0.750000    0.756672   -0.006672 (VIOLATED)
load_slew2351/A                         0.750000    0.756672   -0.006672 (VIOLATED)
wire2040/A                              0.750000    0.756011   -0.006011 (VIOLATED)
_12529_/A                               0.750000    0.756009   -0.006009 (VIOLATED)
_16346_/B1                              0.750000    0.755618   -0.005619 (VIOLATED)
fanout2036/A                            0.750000    0.755608   -0.005608 (VIOLATED)
fanout2039/X                            0.750000    0.755607   -0.005607 (VIOLATED)
_16051_/B1                              0.750000    0.755596   -0.005596 (VIOLATED)
_16416_/B1                              0.750000    0.755584   -0.005584 (VIOLATED)
load_slew690/A                          0.750000    0.755536   -0.005536 (VIOLATED)
fanout687/A                             0.750000    0.755472   -0.005472 (VIOLATED)
fanout689/X                             0.750000    0.755472   -0.005472 (VIOLATED)
_12477_/A                               0.750000    0.755392   -0.005392 (VIOLATED)
_11586_/A                               0.750000    0.755384   -0.005384 (VIOLATED)
_12601_/A1                              0.750000    0.755382   -0.005382 (VIOLATED)
_11585_/A1                              0.750000    0.755370   -0.005370 (VIOLATED)
_12599_/A1                              0.750000    0.755369   -0.005369 (VIOLATED)
_11553_/A                               0.750000    0.755360   -0.005360 (VIOLATED)
_11551_/A1                              0.750000    0.755360   -0.005360 (VIOLATED)
_11505_/A1                              0.750000    0.755349   -0.005349 (VIOLATED)
_11504_/A                               0.750000    0.755346   -0.005346 (VIOLATED)
_11542_/A                               0.750000    0.755342   -0.005342 (VIOLATED)
fanout1453/X                            0.750000    0.755342   -0.005342 (VIOLATED)
_17859_/A1                              0.750000    0.755066   -0.005067 (VIOLATED)
_17826_/A1                              0.750000    0.755064   -0.005064 (VIOLATED)
_17759_/A0                              0.750000    0.755064   -0.005064 (VIOLATED)
_17792_/A1                              0.750000    0.755062   -0.005062 (VIOLATED)
_17726_/A1                              0.750000    0.755053   -0.005053 (VIOLATED)
_17693_/A0                              0.750000    0.755047   -0.005047 (VIOLATED)
_17493_/A0                              0.750000    0.755039   -0.005039 (VIOLATED)
_17526_/A0                              0.750000    0.755037   -0.005037 (VIOLATED)
_17892_/A0                              0.750000    0.755036   -0.005036 (VIOLATED)
_17991_/A0                              0.750000    0.755035   -0.005035 (VIOLATED)
fanout89/X                              0.750000    0.755035   -0.005035 (VIOLATED)
_09836_/S                               0.750000    0.753720   -0.003720 (VIOLATED)
_09829_/S0                              0.750000    0.753715   -0.003715 (VIOLATED)
_09827_/A1                              0.750000    0.753704   -0.003704 (VIOLATED)
_10458_/S                               0.750000    0.753700   -0.003700 (VIOLATED)
fanout2217/A                            0.750000    0.753700   -0.003700 (VIOLATED)
fanout2219/X                            0.750000    0.753700   -0.003700 (VIOLATED)
_16261_/A2                              0.750000    0.753649   -0.003649 (VIOLATED)
_16508_/B1                              0.750000    0.753627   -0.003627 (VIOLATED)
fanout859/A                             0.750000    0.753581   -0.003581 (VIOLATED)
fanout861/A                             0.750000    0.753556   -0.003556 (VIOLATED)
fanout863/A                             0.750000    0.753546   -0.003546 (VIOLATED)
fanout864/X                             0.750000    0.753546   -0.003546 (VIOLATED)
_15853_/B1                              0.750000    0.752912   -0.002912 (VIOLATED)
_15059_/B                               0.750000    0.752907   -0.002907 (VIOLATED)
fanout576/A                             0.750000    0.752886   -0.002886 (VIOLATED)
_15587_/A1                              0.750000    0.752873   -0.002873 (VIOLATED)
_15957_/A1                              0.750000    0.752873   -0.002873 (VIOLATED)
fanout577/X                             0.750000    0.752873   -0.002873 (VIOLATED)
_14662_/A0                              0.750000    0.752179   -0.002179 (VIOLATED)
_14626_/A0                              0.750000    0.752178   -0.002178 (VIOLATED)
_15025_/A0                              0.750000    0.752135   -0.002135 (VIOLATED)
_12788_/A0                              0.750000    0.752133   -0.002133 (VIOLATED)
_15061_/A0                              0.750000    0.752111   -0.002111 (VIOLATED)
_12978_/A0                              0.750000    0.752109   -0.002109 (VIOLATED)
_12864_/A0                              0.750000    0.752105   -0.002105 (VIOLATED)
_12902_/A0                              0.750000    0.752071   -0.002071 (VIOLATED)
_12940_/A0                              0.750000    0.752066   -0.002066 (VIOLATED)
_12826_/A0                              0.750000    0.752052   -0.002052 (VIOLATED)
fanout338/X                             0.750000    0.752050   -0.002050 (VIOLATED)
_14752_/A1                              0.750000    0.752031   -0.002031 (VIOLATED)
_13951_/A1                              0.750000    0.752024   -0.002024 (VIOLATED)
_14970_/A1                              0.750000    0.752019   -0.002019 (VIOLATED)
fanout487/A                             0.750000    0.751913   -0.001913 (VIOLATED)
fanout486/A                             0.750000    0.751911   -0.001911 (VIOLATED)
fanout488/X                             0.750000    0.751911   -0.001911 (VIOLATED)
_10997_/C1                              0.750000    0.751574   -0.001574 (VIOLATED)
_10848_/A                               0.750000    0.751562   -0.001562 (VIOLATED)
_10934_/B1                              0.750000    0.751491   -0.001491 (VIOLATED)
load_slew1990/A                         0.750000    0.751468   -0.001468 (VIOLATED)
_11131_/C1                              0.750000    0.751463   -0.001463 (VIOLATED)
fanout1988/X                            0.750000    0.751463   -0.001463 (VIOLATED)
fanout1867/A                            0.750000    0.751222   -0.001222 (VIOLATED)
_11149_/B1                              0.750000    0.751206   -0.001206 (VIOLATED)
load_slew1870/A                         0.750000    0.751206   -0.001206 (VIOLATED)
fanout1865/A                            0.750000    0.751196   -0.001196 (VIOLATED)
fanout1869/X                            0.750000    0.751196   -0.001196 (VIOLATED)
_12050_/S0                              0.750000    0.750443   -0.000443 (VIOLATED)
_12048_/S0                              0.750000    0.750436   -0.000436 (VIOLATED)
_12240_/S                               0.750000    0.750434   -0.000434 (VIOLATED)
_12229_/S0                              0.750000    0.750410   -0.000410 (VIOLATED)
_12218_/S0                              0.750000    0.750383   -0.000383 (VIOLATED)
fanout2469/X                            0.750000    0.750382   -0.000382 (VIOLATED)
_16635_/B                               0.750000    0.750167   -0.000167 (VIOLATED)
_16623_/B                               0.750000    0.750167   -0.000167 (VIOLATED)
_12494_/A_N                             0.750000    0.750166   -0.000166 (VIOLATED)
_12493_/B                               0.750000    0.750166   -0.000166 (VIOLATED)
_12492_/Y                               0.750000    0.750160   -0.000160 (VIOLATED)
_12500_/A2                              0.750000    0.750160   -0.000160 (VIOLATED)

max fanout

Pin                                   Limit Fanout  Slack
---------------------------------------------------------
clkbuf_2_0_0_clk/X                       10     16     -6 (VIOLATED)
clkbuf_2_1_0_clk/X                       10     16     -6 (VIOLATED)
clkbuf_2_2_0_clk/X                       10     16     -6 (VIOLATED)
clkbuf_2_3_0_clk/X                       10     16     -6 (VIOLATED)
clkbuf_leaf_23_clk/X                     10     12     -2 (VIOLATED)
clkbuf_leaf_278_clk/X                    10     12     -2 (VIOLATED)
clkbuf_leaf_287_clk/X                    10     12     -2 (VIOLATED)
clkbuf_leaf_288_clk/X                    10     12     -2 (VIOLATED)
clkbuf_leaf_6_clk/X                      10     12     -2 (VIOLATED)
clkbuf_leaf_72_clk/X                     10     12     -2 (VIOLATED)
fanout914/X                              10     12     -2 (VIOLATED)
clkbuf_leaf_100_clk/X                    10     11        (VIOLATED)
clkbuf_leaf_110_clk/X                    10     11        (VIOLATED)
clkbuf_leaf_115_clk/X                    10     11        (VIOLATED)
clkbuf_leaf_117_clk/X                    10     11        (VIOLATED)
clkbuf_leaf_118_clk/X                    10     11        (VIOLATED)
clkbuf_leaf_123_clk/X                    10     11        (VIOLATED)
clkbuf_leaf_124_clk/X                    10     11        (VIOLATED)
clkbuf_leaf_128_clk/X                    10     11        (VIOLATED)
clkbuf_leaf_129_clk/X                    10     11        (VIOLATED)
clkbuf_leaf_132_clk/X                    10     11        (VIOLATED)
clkbuf_leaf_134_clk/X                    10     11        (VIOLATED)
clkbuf_leaf_142_clk/X                    10     11        (VIOLATED)
clkbuf_leaf_167_clk/X                    10     11        (VIOLATED)
clkbuf_leaf_171_clk/X                    10     11        (VIOLATED)
clkbuf_leaf_176_clk/X                    10     11        (VIOLATED)
clkbuf_leaf_186_clk/X                    10     11        (VIOLATED)
clkbuf_leaf_188_clk/X                    10     11        (VIOLATED)
clkbuf_leaf_197_clk/X                    10     11        (VIOLATED)
clkbuf_leaf_199_clk/X                    10     11        (VIOLATED)
clkbuf_leaf_1_clk/X                      10     11        (VIOLATED)
clkbuf_leaf_224_clk/X                    10     11        (VIOLATED)
clkbuf_leaf_228_clk/X                    10     11        (VIOLATED)
clkbuf_leaf_243_clk/X                    10     11        (VIOLATED)
clkbuf_leaf_250_clk/X                    10     11        (VIOLATED)
clkbuf_leaf_25_clk/X                     10     11        (VIOLATED)
clkbuf_leaf_27_clk/X                     10     11        (VIOLATED)
clkbuf_leaf_281_clk/X                    10     11        (VIOLATED)
clkbuf_leaf_290_clk/X                    10     11        (VIOLATED)
clkbuf_leaf_312_clk/X                    10     11        (VIOLATED)
clkbuf_leaf_317_clk/X                    10     11        (VIOLATED)
clkbuf_leaf_319_clk/X                    10     11        (VIOLATED)
clkbuf_leaf_322_clk/X                    10     11        (VIOLATED)
clkbuf_leaf_37_clk/X                     10     11        (VIOLATED)
clkbuf_leaf_38_clk/X                     10     11        (VIOLATED)
clkbuf_leaf_39_clk/X                     10     11        (VIOLATED)
clkbuf_leaf_40_clk/X                     10     11        (VIOLATED)
clkbuf_leaf_65_clk/X                     10     11        (VIOLATED)
clkbuf_leaf_68_clk/X                     10     11        (VIOLATED)
clkbuf_leaf_69_clk/X                     10     11        (VIOLATED)
clkbuf_leaf_76_clk/X                     10     11        (VIOLATED)
clkbuf_leaf_78_clk/X                     10     11        (VIOLATED)
clkbuf_leaf_79_clk/X                     10     11        (VIOLATED)
clkbuf_leaf_7_clk/X                      10     11        (VIOLATED)
clkbuf_leaf_82_clk/X                     10     11        (VIOLATED)
clkbuf_leaf_85_clk/X                     10     11        (VIOLATED)
clkbuf_leaf_89_clk/X                     10     11        (VIOLATED)
clkbuf_leaf_90_clk/X                     10     11        (VIOLATED)
fanout232/X                              10     11        (VIOLATED)
fanout265/X                              10     11        (VIOLATED)
fanout332/X                              10     11        (VIOLATED)
fanout426/X                              10     11        (VIOLATED)
fanout457/X                              10     11        (VIOLATED)
fanout474/X                              10     11        (VIOLATED)
fanout588/X                              10     11        (VIOLATED)
fanout856/X                              10     11        (VIOLATED)

max capacitance

Pin                                        Limit         Cap       Slack
------------------------------------------------------------------------
fanout1773/X                            0.094309    0.159070   -0.064761 (VIOLATED)
fanout1999/X                            0.094309    0.157077   -0.062768 (VIOLATED)
fanout1634/X                            0.094309    0.156552   -0.062243 (VIOLATED)
fanout2062/X                            0.094309    0.156294   -0.061985 (VIOLATED)
fanout2449/X                            0.094309    0.153238   -0.058929 (VIOLATED)
fanout2000/X                            0.094309    0.150696   -0.056387 (VIOLATED)
fanout599/X                             0.094309    0.150091   -0.055782 (VIOLATED)
fanout612/X                             0.094309    0.143313   -0.049004 (VIOLATED)
clkbuf_2_1_0_clk/X                      0.200000    0.247735   -0.047735 (VIOLATED)
fanout588/X                             0.094309    0.141894   -0.047585 (VIOLATED)
fanout1959/X                            0.094309    0.140282   -0.045973 (VIOLATED)
fanout551/X                             0.094309    0.137056   -0.042747 (VIOLATED)
fanout578/X                             0.094309    0.136887   -0.042578 (VIOLATED)
fanout1627/X                            0.094309    0.136600   -0.042291 (VIOLATED)
fanout609/X                             0.094309    0.136444   -0.042135 (VIOLATED)
fanout913/X                             0.094309    0.134926   -0.040617 (VIOLATED)
fanout972/X                             0.094309    0.133927   -0.039618 (VIOLATED)
fanout677/X                             0.094309    0.133867   -0.039558 (VIOLATED)
fanout855/X                             0.094309    0.132957   -0.038648 (VIOLATED)
fanout614/X                             0.094309    0.130084   -0.035775 (VIOLATED)
fanout914/X                             0.094309    0.129558   -0.035249 (VIOLATED)
fanout739/X                             0.094309    0.128557   -0.034248 (VIOLATED)
fanout740/X                             0.094309    0.125434   -0.031125 (VIOLATED)
fanout915/X                             0.094309    0.125407   -0.031098 (VIOLATED)
fanout856/X                             0.094309    0.124362   -0.030053 (VIOLATED)
fanout566/X                             0.094309    0.124277   -0.029968 (VIOLATED)
fanout545/X                             0.094309    0.123843   -0.029534 (VIOLATED)
fanout2202/X                            0.094309    0.123463   -0.029154 (VIOLATED)
fanout611/X                             0.094309    0.123122   -0.028813 (VIOLATED)
fanout797/X                             0.094309    0.122628   -0.028319 (VIOLATED)
fanout581/X                             0.094309    0.121424   -0.027115 (VIOLATED)
fanout798/X                             0.094309    0.121343   -0.027034 (VIOLATED)
clkbuf_2_3_0_clk/X                      0.200000    0.226774   -0.026774 (VIOLATED)
fanout610/X                             0.094309    0.119608   -0.025299 (VIOLATED)
fanout617/X                             0.094309    0.118845   -0.024536 (VIOLATED)
fanout590/X                             0.094309    0.117035   -0.022726 (VIOLATED)
fanout571/X                             0.094309    0.116717   -0.022408 (VIOLATED)
fanout1977/X                            0.094309    0.115638   -0.021329 (VIOLATED)
fanout583/X                             0.094309    0.115021   -0.020712 (VIOLATED)
fanout613/X                             0.094309    0.114307   -0.019998 (VIOLATED)
fanout1860/X                            0.094309    0.111889   -0.017580 (VIOLATED)
clkbuf_2_0_0_clk/X                      0.200000    0.214123   -0.014123 (VIOLATED)
fanout586/X                             0.094309    0.107116   -0.012807 (VIOLATED)
fanout558/X                             0.094309    0.106836   -0.012527 (VIOLATED)
fanout549/X                             0.094309    0.106079   -0.011770 (VIOLATED)
clkbuf_2_2_0_clk/X                      0.200000    0.210524   -0.010524 (VIOLATED)
fanout2251/X                            0.094309    0.104673   -0.010364 (VIOLATED)
fanout2291/X                            0.094309    0.102836   -0.008527 (VIOLATED)
fanout1681/X                            0.094309    0.099924   -0.005615 (VIOLATED)
fanout433/X                             0.094309    0.099465   -0.005156 (VIOLATED)
fanout378/X                             0.094309    0.099415   -0.005106 (VIOLATED)
fanout565/X                             0.094309    0.098097   -0.003788 (VIOLATED)
fanout2288/X                            0.094309    0.096378   -0.002069 (VIOLATED)
fanout1846/X                            0.094309    0.096365   -0.002056 (VIOLATED)
fanout1402/X                            0.094309    0.094411   -0.000102 (VIOLATED)



===========================================================================
report_parasitic_annotation -report_unannotated
============================================================================
Found 230 unannotated drivers.
 ena
 ui_in[7]
 uio_in[0]
 uio_in[1]
 uio_in[2]
 uio_in[3]
 uio_in[4]
 uio_in[5]
 uio_in[6]
 uio_in[7]
 clkload0/X
 clkload1/X
 clkload10/X
 clkload100/Y
 clkload101/X
 clkload102/X
 clkload103/X
 clkload104/X
 clkload105/Y
 clkload106/X
 clkload107/Y
 clkload108/X
 clkload109/X
 clkload11/X
 clkload110/X
 clkload111/X
 clkload112/X
 clkload113/X
 clkload114/X
 clkload115/X
 clkload116/X
 clkload117/X
 clkload118/X
 clkload119/X
 clkload12/X
 clkload120/X
 clkload121/Y
 clkload122/X
 clkload123/Y
 clkload124/X
 clkload125/X
 clkload126/X
 clkload127/X
 clkload128/Y
 clkload129/Y
 clkload13/X
 clkload130/X
 clkload131/X
 clkload132/X
 clkload133/X
 clkload134/X
 clkload135/Y
 clkload136/X
 clkload137/X
 clkload138/X
 clkload139/X
 clkload14/X
 clkload140/X
 clkload141/X
 clkload142/X
 clkload143/X
 clkload144/Y
 clkload145/X
 clkload146/X
 clkload147/X
 clkload148/X
 clkload149/X
 clkload15/X
 clkload150/X
 clkload151/X
 clkload152/X
 clkload153/X
 clkload154/X
 clkload155/X
 clkload156/X
 clkload157/X
 clkload158/X
 clkload159/Y
 clkload16/X
 clkload160/X
 clkload161/X
 clkload162/X
 clkload163/X
 clkload164/X
 clkload165/Y
 clkload166/Y
 clkload167/Y
 clkload168/Y
 clkload169/X
 clkload17/X
 clkload170/X
 clkload171/X
 clkload172/X
 clkload173/X
 clkload174/X
 clkload175/X
 clkload176/Y
 clkload177/X
 clkload178/X
 clkload179/Y
 clkload18/X
 clkload180/X
 clkload181/X
 clkload182/X
 clkload183/Y
 clkload184/X
 clkload185/X
 clkload186/X
 clkload187/X
 clkload188/X
 clkload189/X
 clkload19/X
 clkload190/X
 clkload191/X
 clkload192/X
 clkload193/X
 clkload194/X
 clkload195/Y
 clkload196/X
 clkload197/X
 clkload198/X
 clkload199/X
 clkload2/X
 clkload20/X
 clkload200/Y
 clkload201/X
 clkload202/X
 clkload203/Y
 clkload21/X
 clkload22/X
 clkload23/X
 clkload24/X
 clkload25/X
 clkload26/X
 clkload27/X
 clkload28/X
 clkload29/X
 clkload3/X
 clkload30/X
 clkload31/X
 clkload32/X
 clkload33/X
 clkload34/X
 clkload35/X
 clkload36/X
 clkload37/X
 clkload38/X
 clkload39/X
 clkload4/X
 clkload40/X
 clkload41/X
 clkload42/X
 clkload43/X
 clkload44/X
 clkload45/X
 clkload46/X
 clkload47/X
 clkload48/X
 clkload49/X
 clkload5/X
 clkload50/X
 clkload51/X
 clkload52/X
 clkload53/X
 clkload54/X
 clkload55/X
 clkload56/X
 clkload57/X
 clkload58/X
 clkload59/Y
 clkload6/X
 clkload60/Y
 clkload61/X
 clkload62/X
 clkload63/X
 clkload64/X
 clkload65/X
 clkload66/X
 clkload67/X
 clkload68/X
 clkload69/X
 clkload7/X
 clkload70/X
 clkload71/X
 clkload72/X
 clkload73/X
 clkload74/X
 clkload75/X
 clkload76/X
 clkload77/X
 clkload78/X
 clkload79/X
 clkload8/X
 clkload80/Y
 clkload81/Y
 clkload82/Y
 clkload83/Y
 clkload84/Y
 clkload85/Y
 clkload86/Y
 clkload87/X
 clkload88/X
 clkload89/X
 clkload9/X
 clkload90/X
 clkload91/X
 clkload92/X
 clkload93/Y
 clkload94/Y
 clkload95/X
 clkload96/X
 clkload97/X
 clkload98/X
 clkload99/X
 tt_um_cleave/HI
 tt_um_cleave_2523/HI
 tt_um_cleave_2524/HI
 tt_um_cleave_2525/HI
 tt_um_cleave_2526/HI
 tt_um_cleave_2527/HI
 tt_um_cleave_2528/HI
 tt_um_cleave_2529/HI
 tt_um_cleave_2530/HI
 tt_um_cleave_2531/HI
 tt_um_cleave_2532/HI
 tt_um_cleave_2533/HI
 tt_um_cleave_2534/HI
 tt_um_cleave_2535/HI
 tt_um_cleave_2536/HI
 tt_um_cleave_2537/HI
Found 0 partially unannotated drivers.

===========================================================================
max slew violation count 5342
max fanout violation count 66
max cap violation count 55
============================================================================

===========================================================================
check_setup -verbose -unconstrained_endpoints -multiple_clock -no_clock -no_input_delay -loops -generated_clocks
===========================================================================
