
===========================================================================
report_checks -unconstrained
===========================================================================
======================= nom_ss_100C_1v60 Corner ===================================

Startpoint: _20469_ (rising edge-triggered flip-flop clocked by clk)
Endpoint: _20653_ (rising edge-triggered flip-flop clocked by clk)
Path Group: clk
Path Type: max

Fanout         Cap        Slew       Delay        Time   Description
---------------------------------------------------------------------------------------------
                                  0.000000    0.000000   clock clk (rise edge)
                                  0.000000    0.000000   clock source latency
     2    0.086264    0.622335    0.466258    0.466258 ^ clk (in)
                                                         clk (net)
                      0.624391    0.000000    0.466258 ^ clkbuf_0_clk/A (sky130_fd_sc_hd__clkbuf_16)
     4    0.140195    0.237553    0.618809    1.085068 ^ clkbuf_0_clk/X (sky130_fd_sc_hd__clkbuf_16)
                                                         clknet_0_clk (net)
                      0.237943    0.009049    1.094116 ^ clkbuf_2_3_0_clk/A (sky130_fd_sc_hd__clkbuf_8)
    16    0.212030    0.556636    0.695641    1.789757 ^ clkbuf_2_3_0_clk/X (sky130_fd_sc_hd__clkbuf_8)
                                                         clknet_2_3_0_clk (net)
                      0.556972    0.011985    1.801741 ^ clkbuf_6_61_0_clk/A (sky130_fd_sc_hd__clkbuf_8)
     6    0.043748    0.143383    0.519833    2.321574 ^ clkbuf_6_61_0_clk/X (sky130_fd_sc_hd__clkbuf_8)
                                                         clknet_6_61_0_clk (net)
                      0.143383    0.000795    2.322369 ^ clkbuf_leaf_165_clk/A (sky130_fd_sc_hd__clkbuf_8)
    10    0.025654    0.096921    0.296274    2.618643 ^ clkbuf_leaf_165_clk/X (sky130_fd_sc_hd__clkbuf_8)
                                                         clknet_leaf_165_clk (net)
                      0.096921    0.000407    2.619050 ^ _20469_/CLK (sky130_fd_sc_hd__dfxtp_2)
     1    0.005995    0.074226    0.703190    3.322239 ^ _20469_/Q (sky130_fd_sc_hd__dfxtp_2)
                                                         u_core.instr[22] (net)
                      0.074226    0.000256    3.322495 ^ fanout2062/A (sky130_fd_sc_hd__clkdlybuf4s25_1)
     7    0.147313    2.312313    2.154049    5.476545 ^ fanout2062/X (sky130_fd_sc_hd__clkdlybuf4s25_1)
                                                         net2062 (net)
                      2.312553    0.020959    5.497504 ^ fanout2051/A (sky130_fd_sc_hd__clkdlybuf4s25_1)
    10    0.066892    1.061271    1.815313    7.312817 ^ fanout2051/X (sky130_fd_sc_hd__clkdlybuf4s25_1)
                                                         net2051 (net)
                      1.061275    0.004308    7.317125 ^ fanout2049/A (sky130_fd_sc_hd__clkdlybuf4s25_1)
     5    0.031107    0.504603    1.143922    8.461047 ^ fanout2049/X (sky130_fd_sc_hd__clkdlybuf4s25_1)
                                                         net2049 (net)
                      0.504603    0.000949    8.461997 ^ load_slew2050/A (sky130_fd_sc_hd__clkbuf_2)
     6    0.046917    0.398182    0.631427    9.093423 ^ load_slew2050/X (sky130_fd_sc_hd__clkbuf_2)
                                                         net2050 (net)
                      0.398218    0.004182    9.097605 ^ _09269_/A_N (sky130_fd_sc_hd__and2b_2)
     1    0.005805    0.085097    0.605563    9.703167 v _09269_/X (sky130_fd_sc_hd__and2b_2)
                                                         _05741_ (net)
                      0.085097    0.000247    9.703414 v fanout1916/A (sky130_fd_sc_hd__clkdlybuf4s25_1)
     3    0.052027    0.692594    0.989273   10.692687 v fanout1916/X (sky130_fd_sc_hd__clkdlybuf4s25_1)
                                                         net1916 (net)
                      0.692596    0.002594   10.695281 v fanout1915/A (sky130_fd_sc_hd__clkdlybuf4s25_1)
     7    0.069088    0.915540    1.381984   12.077266 v fanout1915/X (sky130_fd_sc_hd__clkdlybuf4s25_1)
                                                         net1915 (net)
                      0.915610    0.008664   12.085930 v fanout1913/A (sky130_fd_sc_hd__clkdlybuf4s25_1)
     3    0.017588    0.253127    0.918630   13.004560 v fanout1913/X (sky130_fd_sc_hd__clkdlybuf4s25_1)
                                                         net1913 (net)
                      0.253127    0.000446   13.005006 v load_slew1914/A (sky130_fd_sc_hd__clkbuf_4)
     8    0.053638    0.200604    0.480445   13.485451 v load_slew1914/X (sky130_fd_sc_hd__clkbuf_4)
                                                         net1914 (net)
                      0.200864    0.006745   13.492195 v _09483_/B2 (sky130_fd_sc_hd__a32o_2)
     1    0.004007    0.072028    0.497081   13.989276 v _09483_/X (sky130_fd_sc_hd__a32o_2)
                                                         _05955_ (net)
                      0.072028    0.000153   13.989429 v _09488_/A (sky130_fd_sc_hd__or3_2)
     1    0.003848    0.168710    1.161244   15.150672 v _09488_/X (sky130_fd_sc_hd__or3_2)
                                                         _05960_ (net)
                      0.168710    0.000135   15.150807 v _09490_/A2 (sky130_fd_sc_hd__a32o_2)
     3    0.035503    0.198193    0.694559   15.845366 v _09490_/X (sky130_fd_sc_hd__a32o_2)
                                                         _05962_ (net)
                      0.198283    0.004135   15.849502 v _09493_/A2 (sky130_fd_sc_hd__a21o_2)
     4    0.020266    0.130548    0.545859   16.395361 v _09493_/X (sky130_fd_sc_hd__a21o_2)
                                                         _05965_ (net)
                      0.130548    0.000622   16.395983 v _09496_/A (sky130_fd_sc_hd__nand2_2)
     1    0.014353    0.145669    0.180879   16.576860 ^ _09496_/Y (sky130_fd_sc_hd__nand2_2)
                                                         _05968_ (net)
                      0.145674    0.001071   16.577932 ^ fanout1439/A (sky130_fd_sc_hd__clkdlybuf4s25_1)
     5    0.046540    0.745289    1.027674   17.605606 ^ fanout1439/X (sky130_fd_sc_hd__clkdlybuf4s25_1)
                                                         net1439 (net)
                      0.745322    0.005844   17.611450 ^ fanout1438/A (sky130_fd_sc_hd__clkdlybuf4s25_1)
     8    0.050834    0.812760    1.295549   18.907000 ^ fanout1438/X (sky130_fd_sc_hd__clkdlybuf4s25_1)
                                                         net1438 (net)
                      0.812760    0.000849   18.907848 ^ fanout1437/A (sky130_fd_sc_hd__clkdlybuf4s25_1)
    10    0.052403    0.836887    1.331028   20.238876 ^ fanout1437/X (sky130_fd_sc_hd__clkdlybuf4s25_1)
                                                         net1437 (net)
                      0.836887    0.000901   20.239777 ^ _11471_/S (sky130_fd_sc_hd__mux2_1)
     2    0.012166    0.200841    1.066443   21.306219 v _11471_/X (sky130_fd_sc_hd__mux2_1)
                                                         _07941_ (net)
                      0.200842    0.000753   21.306973 v _11474_/A0 (sky130_fd_sc_hd__mux2_1)
     2    0.007255    0.152114    0.776987   22.083960 v _11474_/X (sky130_fd_sc_hd__mux2_1)
                                                         _07944_ (net)
                      0.152114    0.000179   22.084139 v _11574_/B (sky130_fd_sc_hd__nor2_2)
     1    0.005015    0.181959    0.188971   22.273109 ^ _11574_/Y (sky130_fd_sc_hd__nor2_2)
                                                         _08042_ (net)
                      0.181959    0.000153   22.273262 ^ _11575_/B1 (sky130_fd_sc_hd__a21oi_2)
     2    0.013308    0.232578    0.143684   22.416946 v _11575_/Y (sky130_fd_sc_hd__a21oi_2)
                                                         _08043_ (net)
                      0.232579    0.000641   22.417589 v _11576_/A1 (sky130_fd_sc_hd__mux2_1)
     2    0.016399    0.227690    0.913088   23.330677 v _11576_/X (sky130_fd_sc_hd__mux2_1)
                                                         _08044_ (net)
                      0.227690    0.000611   23.331287 v _11593_/A2 (sky130_fd_sc_hd__o21a_2)
     1    0.027370    0.162261    0.566654   23.897942 v _11593_/X (sky130_fd_sc_hd__o21a_2)
                                                         _08061_ (net)
                      0.162304    0.002684   23.900625 v fanout1148/A (sky130_fd_sc_hd__clkdlybuf4s25_1)
     5    0.066317    0.880618    1.163716   25.064342 v fanout1148/X (sky130_fd_sc_hd__clkdlybuf4s25_1)
                                                         net1148 (net)
                      0.880618    0.001428   25.065771 v fanout1147/A (sky130_fd_sc_hd__clkdlybuf4s25_1)
    10    0.036603    0.494308    1.101654   26.167425 v fanout1147/X (sky130_fd_sc_hd__clkdlybuf4s25_1)
                                                         net1147 (net)
                      0.494308    0.000425   26.167849 v _12804_/B (sky130_fd_sc_hd__or3_2)
     4    0.075382    0.483866    1.744954   27.912804 v _12804_/X (sky130_fd_sc_hd__or3_2)
                                                         _09169_ (net)
                      0.484404    0.015046   27.927849 v fanout941/A (sky130_fd_sc_hd__clkdlybuf4s25_1)
     5    0.068027    0.902124    1.307242   29.235092 v fanout941/X (sky130_fd_sc_hd__clkdlybuf4s25_1)
                                                         net941 (net)
                      0.902124    0.001661   29.236753 v fanout933/A (sky130_fd_sc_hd__clkdlybuf4s25_1)
     6    0.067496    0.893984    1.411003   30.647755 v fanout933/X (sky130_fd_sc_hd__clkdlybuf4s25_1)
                                                         net933 (net)
                      0.894008    0.005681   30.653437 v fanout924/A (sky130_fd_sc_hd__clkdlybuf4s25_1)
     6    0.055500    0.739061    1.289532   31.942968 v fanout924/X (sky130_fd_sc_hd__clkdlybuf4s25_1)
                                                         net924 (net)
                      0.739061    0.000981   31.943949 v fanout922/A (sky130_fd_sc_hd__clkdlybuf4s25_1)
     4    0.024721    0.343808    0.953023   32.896973 v fanout922/X (sky130_fd_sc_hd__clkdlybuf4s25_1)
                                                         net922 (net)
                      0.343808    0.000743   32.897713 v load_slew923/A (sky130_fd_sc_hd__buf_4)
     7    0.061093    0.156666    0.502144   33.399857 v load_slew923/X (sky130_fd_sc_hd__buf_4)
                                                         net923 (net)
                      0.156840    0.004892   33.404751 v fanout920/A (sky130_fd_sc_hd__clkdlybuf4s25_1)
     4    0.024254    0.336968    0.747509   34.152260 v fanout920/X (sky130_fd_sc_hd__clkdlybuf4s25_1)
                                                         net920 (net)
                      0.336968    0.000554   34.152813 v load_slew921/A (sky130_fd_sc_hd__buf_4)
     7    0.038920    0.112792    0.459579   34.612392 v load_slew921/X (sky130_fd_sc_hd__buf_4)
                                                         net921 (net)
                      0.112886    0.003077   34.615467 v _16520_/A2 (sky130_fd_sc_hd__o221a_2)
     1    0.004259    0.088141    0.541117   35.156586 v _16520_/X (sky130_fd_sc_hd__o221a_2)
                                                         _04797_ (net)
                      0.088141    0.000160   35.156746 v _16529_/A1 (sky130_fd_sc_hd__a211o_2)
     1    0.029611    0.204296    0.751818   35.908566 v _16529_/X (sky130_fd_sc_hd__a211o_2)
                                                         _04806_ (net)
                      0.204359    0.003610   35.912174 v _16552_/B (sky130_fd_sc_hd__and4_2)
     3    0.139976    0.589676    1.014978   36.927151 v _16552_/X (sky130_fd_sc_hd__and4_2)
                                                         _04829_ (net)
                      0.590193    0.016477   36.943630 v _16554_/B1 (sky130_fd_sc_hd__a211o_2)
     1    0.028702    0.195225    0.968484   37.912113 v _16554_/X (sky130_fd_sc_hd__a211o_2)
                                                         _04831_ (net)
                      0.195259    0.002721   37.914837 v _16555_/B1 (sky130_fd_sc_hd__o211a_2)
     1    0.005668    0.084831    0.331152   38.245987 v _16555_/X (sky130_fd_sc_hd__o211a_2)
                                                         _04832_ (net)
                      0.084831    0.000199   38.246185 v _16556_/B1 (sky130_fd_sc_hd__a21oi_2)
     2    0.006615    0.240203    0.221547   38.467731 ^ _16556_/Y (sky130_fd_sc_hd__a21oi_2)
                                                         _04833_ (net)
                      0.240203    0.000245   38.467979 ^ _16557_/A3 (sky130_fd_sc_hd__a31o_2)
     2    0.006938    0.105926    0.433062   38.901039 ^ _16557_/X (sky130_fd_sc_hd__a31o_2)
                                                         _04834_ (net)
                      0.105926    0.000131   38.901173 ^ fanout137/A (sky130_fd_sc_hd__clkdlybuf4s25_1)
    10    0.054471    0.867509    1.102521   40.003693 ^ fanout137/X (sky130_fd_sc_hd__clkdlybuf4s25_1)
                                                         net137 (net)
                      0.867509    0.002540   40.006233 ^ fanout135/A (sky130_fd_sc_hd__clkdlybuf4s25_1)
    10    0.050666    0.809736    1.324000   41.330235 ^ fanout135/X (sky130_fd_sc_hd__clkdlybuf4s25_1)
                                                         net135 (net)
                      0.809736    0.001943   41.332176 ^ _16706_/A (sky130_fd_sc_hd__nor2_2)
     1    0.010946    0.173448    0.339451   41.671627 v _16706_/Y (sky130_fd_sc_hd__nor2_2)
                                                         _04978_ (net)
                      0.173448    0.000377   41.672005 v _16710_/A1 (sky130_fd_sc_hd__o32a_2)
     1    0.068272    0.376220    1.153609   42.825611 v _16710_/X (sky130_fd_sc_hd__o32a_2)
                                                         _04982_ (net)
                      0.376431    0.008686   42.834301 v fanout90/A (sky130_fd_sc_hd__clkdlybuf4s25_1)
     6    0.031219    0.425765    0.903917   43.738216 v fanout90/X (sky130_fd_sc_hd__clkdlybuf4s25_1)
                                                         net90 (net)
                      0.425769    0.002011   43.740227 v fanout88/A (sky130_fd_sc_hd__clkdlybuf4s25_1)
     8    0.035274    0.477644    0.961737   44.701965 v fanout88/X (sky130_fd_sc_hd__clkdlybuf4s25_1)
                                                         net88 (net)
                      0.477654    0.002817   44.704781 v fanout87/A (sky130_fd_sc_hd__clkdlybuf4s25_1)
    10    0.038708    0.521349    1.014804   45.719585 v fanout87/X (sky130_fd_sc_hd__clkdlybuf4s25_1)
                                                         net87 (net)
                      0.521354    0.002533   45.722118 v _17360_/A1 (sky130_fd_sc_hd__mux2_1)
     1    0.002695    0.109013    0.881645   46.603764 v _17360_/X (sky130_fd_sc_hd__mux2_1)
                                                         _02251_ (net)
                      0.109013    0.000089   46.603851 v _20653_/D (sky130_fd_sc_hd__dfxtp_2)
                                             46.603851   data arrival time

                                 40.000000   40.000000   clock clk (rise edge)
                                  0.000000   40.000000   clock source latency
     2    0.086264    0.622335    0.421853   40.421852 ^ clk (in)
                                                         clk (net)
                      0.624391    0.000000   40.421852 ^ clkbuf_0_clk/A (sky130_fd_sc_hd__clkbuf_16)
     4    0.140195    0.237553    0.559876   40.981728 ^ clkbuf_0_clk/X (sky130_fd_sc_hd__clkbuf_16)
                                                         clknet_0_clk (net)
                      0.238241    0.010555   40.992283 ^ clkbuf_2_1_0_clk/A (sky130_fd_sc_hd__clkbuf_8)
    16    0.228093    0.596341    0.658886   41.651173 ^ clkbuf_2_1_0_clk/X (sky130_fd_sc_hd__clkbuf_8)
                                                         clknet_2_1_0_clk (net)
                      0.596644    0.007326   41.658497 ^ clkbuf_6_18_0_clk/A (sky130_fd_sc_hd__clkbuf_8)
     6    0.055443    0.171652    0.505928   42.164425 ^ clkbuf_6_18_0_clk/X (sky130_fd_sc_hd__clkbuf_8)
                                                         clknet_6_18_0_clk (net)
                      0.171727    0.003201   42.167625 ^ clkbuf_leaf_260_clk/A (sky130_fd_sc_hd__clkbuf_8)
    10    0.032602    0.112026    0.295000   42.462624 ^ clkbuf_leaf_260_clk/X (sky130_fd_sc_hd__clkbuf_8)
                                                         clknet_leaf_260_clk (net)
                      0.112027    0.000604   42.463230 ^ _20653_/CLK (sky130_fd_sc_hd__dfxtp_2)
                                 -0.250000   42.213226   clock uncertainty
                                  0.103340   42.316570   clock reconvergence pessimism
                                 -0.279211   42.037357   library setup time
                                             42.037357   data required time
---------------------------------------------------------------------------------------------
                                             42.037357   data required time
                                            -46.603851   data arrival time
---------------------------------------------------------------------------------------------
                                             -4.566495   slack (VIOLATED)




===========================================================================
report_checks --slack_max -0.01
============================================================================
======================= nom_ss_100C_1v60 Corner ===================================

Startpoint: _20469_ (rising edge-triggered flip-flop clocked by clk)
Endpoint: _20653_ (rising edge-triggered flip-flop clocked by clk)
Path Group: clk
Path Type: max

Fanout         Cap        Slew       Delay        Time   Description
---------------------------------------------------------------------------------------------
                                  0.000000    0.000000   clock clk (rise edge)
                                  0.000000    0.000000   clock source latency
     2    0.086264    0.622335    0.466258    0.466258 ^ clk (in)
                                                         clk (net)
                      0.624391    0.000000    0.466258 ^ clkbuf_0_clk/A (sky130_fd_sc_hd__clkbuf_16)
     4    0.140195    0.237553    0.618809    1.085068 ^ clkbuf_0_clk/X (sky130_fd_sc_hd__clkbuf_16)
                                                         clknet_0_clk (net)
                      0.237943    0.009049    1.094116 ^ clkbuf_2_3_0_clk/A (sky130_fd_sc_hd__clkbuf_8)
    16    0.212030    0.556636    0.695641    1.789757 ^ clkbuf_2_3_0_clk/X (sky130_fd_sc_hd__clkbuf_8)
                                                         clknet_2_3_0_clk (net)
                      0.556972    0.011985    1.801741 ^ clkbuf_6_61_0_clk/A (sky130_fd_sc_hd__clkbuf_8)
     6    0.043748    0.143383    0.519833    2.321574 ^ clkbuf_6_61_0_clk/X (sky130_fd_sc_hd__clkbuf_8)
                                                         clknet_6_61_0_clk (net)
                      0.143383    0.000795    2.322369 ^ clkbuf_leaf_165_clk/A (sky130_fd_sc_hd__clkbuf_8)
    10    0.025654    0.096921    0.296274    2.618643 ^ clkbuf_leaf_165_clk/X (sky130_fd_sc_hd__clkbuf_8)
                                                         clknet_leaf_165_clk (net)
                      0.096921    0.000407    2.619050 ^ _20469_/CLK (sky130_fd_sc_hd__dfxtp_2)
     1    0.005995    0.074226    0.703190    3.322239 ^ _20469_/Q (sky130_fd_sc_hd__dfxtp_2)
                                                         u_core.instr[22] (net)
                      0.074226    0.000256    3.322495 ^ fanout2062/A (sky130_fd_sc_hd__clkdlybuf4s25_1)
     7    0.147313    2.312313    2.154049    5.476545 ^ fanout2062/X (sky130_fd_sc_hd__clkdlybuf4s25_1)
                                                         net2062 (net)
                      2.312553    0.020959    5.497504 ^ fanout2051/A (sky130_fd_sc_hd__clkdlybuf4s25_1)
    10    0.066892    1.061271    1.815313    7.312817 ^ fanout2051/X (sky130_fd_sc_hd__clkdlybuf4s25_1)
                                                         net2051 (net)
                      1.061275    0.004308    7.317125 ^ fanout2049/A (sky130_fd_sc_hd__clkdlybuf4s25_1)
     5    0.031107    0.504603    1.143922    8.461047 ^ fanout2049/X (sky130_fd_sc_hd__clkdlybuf4s25_1)
                                                         net2049 (net)
                      0.504603    0.000949    8.461997 ^ load_slew2050/A (sky130_fd_sc_hd__clkbuf_2)
     6    0.046917    0.398182    0.631427    9.093423 ^ load_slew2050/X (sky130_fd_sc_hd__clkbuf_2)
                                                         net2050 (net)
                      0.398218    0.004182    9.097605 ^ _09269_/A_N (sky130_fd_sc_hd__and2b_2)
     1    0.005805    0.085097    0.605563    9.703167 v _09269_/X (sky130_fd_sc_hd__and2b_2)
                                                         _05741_ (net)
                      0.085097    0.000247    9.703414 v fanout1916/A (sky130_fd_sc_hd__clkdlybuf4s25_1)
     3    0.052027    0.692594    0.989273   10.692687 v fanout1916/X (sky130_fd_sc_hd__clkdlybuf4s25_1)
                                                         net1916 (net)
                      0.692596    0.002594   10.695281 v fanout1915/A (sky130_fd_sc_hd__clkdlybuf4s25_1)
     7    0.069088    0.915540    1.381984   12.077266 v fanout1915/X (sky130_fd_sc_hd__clkdlybuf4s25_1)
                                                         net1915 (net)
                      0.915610    0.008664   12.085930 v fanout1913/A (sky130_fd_sc_hd__clkdlybuf4s25_1)
     3    0.017588    0.253127    0.918630   13.004560 v fanout1913/X (sky130_fd_sc_hd__clkdlybuf4s25_1)
                                                         net1913 (net)
                      0.253127    0.000446   13.005006 v load_slew1914/A (sky130_fd_sc_hd__clkbuf_4)
     8    0.053638    0.200604    0.480445   13.485451 v load_slew1914/X (sky130_fd_sc_hd__clkbuf_4)
                                                         net1914 (net)
                      0.200864    0.006745   13.492195 v _09483_/B2 (sky130_fd_sc_hd__a32o_2)
     1    0.004007    0.072028    0.497081   13.989276 v _09483_/X (sky130_fd_sc_hd__a32o_2)
                                                         _05955_ (net)
                      0.072028    0.000153   13.989429 v _09488_/A (sky130_fd_sc_hd__or3_2)
     1    0.003848    0.168710    1.161244   15.150672 v _09488_/X (sky130_fd_sc_hd__or3_2)
                                                         _05960_ (net)
                      0.168710    0.000135   15.150807 v _09490_/A2 (sky130_fd_sc_hd__a32o_2)
     3    0.035503    0.198193    0.694559   15.845366 v _09490_/X (sky130_fd_sc_hd__a32o_2)
                                                         _05962_ (net)
                      0.198283    0.004135   15.849502 v _09493_/A2 (sky130_fd_sc_hd__a21o_2)
     4    0.020266    0.130548    0.545859   16.395361 v _09493_/X (sky130_fd_sc_hd__a21o_2)
                                                         _05965_ (net)
                      0.130548    0.000622   16.395983 v _09496_/A (sky130_fd_sc_hd__nand2_2)
     1    0.014353    0.145669    0.180879   16.576860 ^ _09496_/Y (sky130_fd_sc_hd__nand2_2)
                                                         _05968_ (net)
                      0.145674    0.001071   16.577932 ^ fanout1439/A (sky130_fd_sc_hd__clkdlybuf4s25_1)
     5    0.046540    0.745289    1.027674   17.605606 ^ fanout1439/X (sky130_fd_sc_hd__clkdlybuf4s25_1)
                                                         net1439 (net)
                      0.745322    0.005844   17.611450 ^ fanout1438/A (sky130_fd_sc_hd__clkdlybuf4s25_1)
     8    0.050834    0.812760    1.295549   18.907000 ^ fanout1438/X (sky130_fd_sc_hd__clkdlybuf4s25_1)
                                                         net1438 (net)
                      0.812760    0.000849   18.907848 ^ fanout1437/A (sky130_fd_sc_hd__clkdlybuf4s25_1)
    10    0.052403    0.836887    1.331028   20.238876 ^ fanout1437/X (sky130_fd_sc_hd__clkdlybuf4s25_1)
                                                         net1437 (net)
                      0.836887    0.000901   20.239777 ^ _11471_/S (sky130_fd_sc_hd__mux2_1)
     2    0.012166    0.200841    1.066443   21.306219 v _11471_/X (sky130_fd_sc_hd__mux2_1)
                                                         _07941_ (net)
                      0.200842    0.000753   21.306973 v _11474_/A0 (sky130_fd_sc_hd__mux2_1)
     2    0.007255    0.152114    0.776987   22.083960 v _11474_/X (sky130_fd_sc_hd__mux2_1)
                                                         _07944_ (net)
                      0.152114    0.000179   22.084139 v _11574_/B (sky130_fd_sc_hd__nor2_2)
     1    0.005015    0.181959    0.188971   22.273109 ^ _11574_/Y (sky130_fd_sc_hd__nor2_2)
                                                         _08042_ (net)
                      0.181959    0.000153   22.273262 ^ _11575_/B1 (sky130_fd_sc_hd__a21oi_2)
     2    0.013308    0.232578    0.143684   22.416946 v _11575_/Y (sky130_fd_sc_hd__a21oi_2)
                                                         _08043_ (net)
                      0.232579    0.000641   22.417589 v _11576_/A1 (sky130_fd_sc_hd__mux2_1)
     2    0.016399    0.227690    0.913088   23.330677 v _11576_/X (sky130_fd_sc_hd__mux2_1)
                                                         _08044_ (net)
                      0.227690    0.000611   23.331287 v _11593_/A2 (sky130_fd_sc_hd__o21a_2)
     1    0.027370    0.162261    0.566654   23.897942 v _11593_/X (sky130_fd_sc_hd__o21a_2)
                                                         _08061_ (net)
                      0.162304    0.002684   23.900625 v fanout1148/A (sky130_fd_sc_hd__clkdlybuf4s25_1)
     5    0.066317    0.880618    1.163716   25.064342 v fanout1148/X (sky130_fd_sc_hd__clkdlybuf4s25_1)
                                                         net1148 (net)
                      0.880618    0.001428   25.065771 v fanout1147/A (sky130_fd_sc_hd__clkdlybuf4s25_1)
    10    0.036603    0.494308    1.101654   26.167425 v fanout1147/X (sky130_fd_sc_hd__clkdlybuf4s25_1)
                                                         net1147 (net)
                      0.494308    0.000425   26.167849 v _12804_/B (sky130_fd_sc_hd__or3_2)
     4    0.075382    0.483866    1.744954   27.912804 v _12804_/X (sky130_fd_sc_hd__or3_2)
                                                         _09169_ (net)
                      0.484404    0.015046   27.927849 v fanout941/A (sky130_fd_sc_hd__clkdlybuf4s25_1)
     5    0.068027    0.902124    1.307242   29.235092 v fanout941/X (sky130_fd_sc_hd__clkdlybuf4s25_1)
                                                         net941 (net)
                      0.902124    0.001661   29.236753 v fanout933/A (sky130_fd_sc_hd__clkdlybuf4s25_1)
     6    0.067496    0.893984    1.411003   30.647755 v fanout933/X (sky130_fd_sc_hd__clkdlybuf4s25_1)
                                                         net933 (net)
                      0.894008    0.005681   30.653437 v fanout924/A (sky130_fd_sc_hd__clkdlybuf4s25_1)
     6    0.055500    0.739061    1.289532   31.942968 v fanout924/X (sky130_fd_sc_hd__clkdlybuf4s25_1)
                                                         net924 (net)
                      0.739061    0.000981   31.943949 v fanout922/A (sky130_fd_sc_hd__clkdlybuf4s25_1)
     4    0.024721    0.343808    0.953023   32.896973 v fanout922/X (sky130_fd_sc_hd__clkdlybuf4s25_1)
                                                         net922 (net)
                      0.343808    0.000743   32.897713 v load_slew923/A (sky130_fd_sc_hd__buf_4)
     7    0.061093    0.156666    0.502144   33.399857 v load_slew923/X (sky130_fd_sc_hd__buf_4)
                                                         net923 (net)
                      0.156840    0.004892   33.404751 v fanout920/A (sky130_fd_sc_hd__clkdlybuf4s25_1)
     4    0.024254    0.336968    0.747509   34.152260 v fanout920/X (sky130_fd_sc_hd__clkdlybuf4s25_1)
                                                         net920 (net)
                      0.336968    0.000554   34.152813 v load_slew921/A (sky130_fd_sc_hd__buf_4)
     7    0.038920    0.112792    0.459579   34.612392 v load_slew921/X (sky130_fd_sc_hd__buf_4)
                                                         net921 (net)
                      0.112886    0.003077   34.615467 v _16520_/A2 (sky130_fd_sc_hd__o221a_2)
     1    0.004259    0.088141    0.541117   35.156586 v _16520_/X (sky130_fd_sc_hd__o221a_2)
                                                         _04797_ (net)
                      0.088141    0.000160   35.156746 v _16529_/A1 (sky130_fd_sc_hd__a211o_2)
     1    0.029611    0.204296    0.751818   35.908566 v _16529_/X (sky130_fd_sc_hd__a211o_2)
                                                         _04806_ (net)
                      0.204359    0.003610   35.912174 v _16552_/B (sky130_fd_sc_hd__and4_2)
     3    0.139976    0.589676    1.014978   36.927151 v _16552_/X (sky130_fd_sc_hd__and4_2)
                                                         _04829_ (net)
                      0.590193    0.016477   36.943630 v _16554_/B1 (sky130_fd_sc_hd__a211o_2)
     1    0.028702    0.195225    0.968484   37.912113 v _16554_/X (sky130_fd_sc_hd__a211o_2)
                                                         _04831_ (net)
                      0.195259    0.002721   37.914837 v _16555_/B1 (sky130_fd_sc_hd__o211a_2)
     1    0.005668    0.084831    0.331152   38.245987 v _16555_/X (sky130_fd_sc_hd__o211a_2)
                                                         _04832_ (net)
                      0.084831    0.000199   38.246185 v _16556_/B1 (sky130_fd_sc_hd__a21oi_2)
     2    0.006615    0.240203    0.221547   38.467731 ^ _16556_/Y (sky130_fd_sc_hd__a21oi_2)
                                                         _04833_ (net)
                      0.240203    0.000245   38.467979 ^ _16557_/A3 (sky130_fd_sc_hd__a31o_2)
     2    0.006938    0.105926    0.433062   38.901039 ^ _16557_/X (sky130_fd_sc_hd__a31o_2)
                                                         _04834_ (net)
                      0.105926    0.000131   38.901173 ^ fanout137/A (sky130_fd_sc_hd__clkdlybuf4s25_1)
    10    0.054471    0.867509    1.102521   40.003693 ^ fanout137/X (sky130_fd_sc_hd__clkdlybuf4s25_1)
                                                         net137 (net)
                      0.867509    0.002540   40.006233 ^ fanout135/A (sky130_fd_sc_hd__clkdlybuf4s25_1)
    10    0.050666    0.809736    1.324000   41.330235 ^ fanout135/X (sky130_fd_sc_hd__clkdlybuf4s25_1)
                                                         net135 (net)
                      0.809736    0.001943   41.332176 ^ _16706_/A (sky130_fd_sc_hd__nor2_2)
     1    0.010946    0.173448    0.339451   41.671627 v _16706_/Y (sky130_fd_sc_hd__nor2_2)
                                                         _04978_ (net)
                      0.173448    0.000377   41.672005 v _16710_/A1 (sky130_fd_sc_hd__o32a_2)
     1    0.068272    0.376220    1.153609   42.825611 v _16710_/X (sky130_fd_sc_hd__o32a_2)
                                                         _04982_ (net)
                      0.376431    0.008686   42.834301 v fanout90/A (sky130_fd_sc_hd__clkdlybuf4s25_1)
     6    0.031219    0.425765    0.903917   43.738216 v fanout90/X (sky130_fd_sc_hd__clkdlybuf4s25_1)
                                                         net90 (net)
                      0.425769    0.002011   43.740227 v fanout88/A (sky130_fd_sc_hd__clkdlybuf4s25_1)
     8    0.035274    0.477644    0.961737   44.701965 v fanout88/X (sky130_fd_sc_hd__clkdlybuf4s25_1)
                                                         net88 (net)
                      0.477654    0.002817   44.704781 v fanout87/A (sky130_fd_sc_hd__clkdlybuf4s25_1)
    10    0.038708    0.521349    1.014804   45.719585 v fanout87/X (sky130_fd_sc_hd__clkdlybuf4s25_1)
                                                         net87 (net)
                      0.521354    0.002533   45.722118 v _17360_/A1 (sky130_fd_sc_hd__mux2_1)
     1    0.002695    0.109013    0.881645   46.603764 v _17360_/X (sky130_fd_sc_hd__mux2_1)
                                                         _02251_ (net)
                      0.109013    0.000089   46.603851 v _20653_/D (sky130_fd_sc_hd__dfxtp_2)
                                             46.603851   data arrival time

                                 40.000000   40.000000   clock clk (rise edge)
                                  0.000000   40.000000   clock source latency
     2    0.086264    0.622335    0.421853   40.421852 ^ clk (in)
                                                         clk (net)
                      0.624391    0.000000   40.421852 ^ clkbuf_0_clk/A (sky130_fd_sc_hd__clkbuf_16)
     4    0.140195    0.237553    0.559876   40.981728 ^ clkbuf_0_clk/X (sky130_fd_sc_hd__clkbuf_16)
                                                         clknet_0_clk (net)
                      0.238241    0.010555   40.992283 ^ clkbuf_2_1_0_clk/A (sky130_fd_sc_hd__clkbuf_8)
    16    0.228093    0.596341    0.658886   41.651173 ^ clkbuf_2_1_0_clk/X (sky130_fd_sc_hd__clkbuf_8)
                                                         clknet_2_1_0_clk (net)
                      0.596644    0.007326   41.658497 ^ clkbuf_6_18_0_clk/A (sky130_fd_sc_hd__clkbuf_8)
     6    0.055443    0.171652    0.505928   42.164425 ^ clkbuf_6_18_0_clk/X (sky130_fd_sc_hd__clkbuf_8)
                                                         clknet_6_18_0_clk (net)
                      0.171727    0.003201   42.167625 ^ clkbuf_leaf_260_clk/A (sky130_fd_sc_hd__clkbuf_8)
    10    0.032602    0.112026    0.295000   42.462624 ^ clkbuf_leaf_260_clk/X (sky130_fd_sc_hd__clkbuf_8)
                                                         clknet_leaf_260_clk (net)
                      0.112027    0.000604   42.463230 ^ _20653_/CLK (sky130_fd_sc_hd__dfxtp_2)
                                 -0.250000   42.213226   clock uncertainty
                                  0.103340   42.316570   clock reconvergence pessimism
                                 -0.279211   42.037357   library setup time
                                             42.037357   data required time
---------------------------------------------------------------------------------------------
                                             42.037357   data required time
                                            -46.603851   data arrival time
---------------------------------------------------------------------------------------------
                                             -4.566495   slack (VIOLATED)




===========================================================================
 report_check_types -max_slew -max_cap -max_fanout -violators
============================================================================
======================= nom_ss_100C_1v60 Corner ===================================

max slew

Pin                                        Limit        Slew       Slack
------------------------------------------------------------------------
fanout2051/A                            0.750000    2.312553   -1.562553 (VIOLATED)
fanout2048/A                            0.750000    2.312544   -1.562544 (VIOLATED)
fanout2054/A                            0.750000    2.312536   -1.562536 (VIOLATED)
fanout2052/A                            0.750000    2.312525   -1.562525 (VIOLATED)
fanout2059/A                            0.750000    2.312454   -1.562454 (VIOLATED)
fanout2061/A                            0.750000    2.312361   -1.562361 (VIOLATED)
fanout2058/A                            0.750000    2.312317   -1.562317 (VIOLATED)
fanout2062/X                            0.750000    2.312313   -1.562313 (VIOLATED)
_10332_/S                               0.750000    2.270106   -1.520106 (VIOLATED)
_10327_/B2                              0.750000    2.270102   -1.520102 (VIOLATED)
_09928_/A1                              0.750000    2.270092   -1.520092 (VIOLATED)
_10026_/B1                              0.750000    2.270085   -1.520085 (VIOLATED)
_10322_/B2                              0.750000    2.270084   -1.520084 (VIOLATED)
_09555_/A1                              0.750000    2.270079   -1.520079 (VIOLATED)
_09741_/B2                              0.750000    2.270068   -1.520068 (VIOLATED)
_09746_/B2                              0.750000    2.270068   -1.520068 (VIOLATED)
_10125_/B2                              0.750000    2.270068   -1.520068 (VIOLATED)
_10489_/B2                              0.750000    2.270068   -1.520068 (VIOLATED)
fanout1999/X                            0.750000    2.270068   -1.520068 (VIOLATED)
_10413_/C1                              0.750000    2.269256   -1.519256 (VIOLATED)
fanout1770/A                            0.750000    2.269240   -1.519240 (VIOLATED)
_10098_/A                               0.750000    2.269222   -1.519222 (VIOLATED)
_09706_/C1                              0.750000    2.269202   -1.519202 (VIOLATED)
_09837_/A1_N                            0.750000    2.269197   -1.519198 (VIOLATED)
_10151_/B2                              0.750000    2.269194   -1.519194 (VIOLATED)
_09379_/C                               0.750000    2.269188   -1.519189 (VIOLATED)
_09758_/B1                              0.750000    2.269180   -1.519180 (VIOLATED)
fanout1773/X                            0.750000    2.269175   -1.519175 (VIOLATED)
fanout2438/A                            0.750000    2.246071   -1.496071 (VIOLATED)
fanout2432/A                            0.750000    2.246032   -1.496032 (VIOLATED)
fanout2447/A                            0.750000    2.245868   -1.495868 (VIOLATED)
fanout2426/A                            0.750000    2.245822   -1.495822 (VIOLATED)
fanout2420/A                            0.750000    2.245696   -1.495696 (VIOLATED)
fanout2414/A                            0.750000    2.245694   -1.495694 (VIOLATED)
fanout2449/X                            0.750000    2.245687   -1.495687 (VIOLATED)
ANTENNA_86/DIODE                        0.750000    2.234745   -1.484745 (VIOLATED)
_10464_/B                               0.750000    2.234745   -1.484745 (VIOLATED)
fanout1631/A                            0.750000    2.234623   -1.484623 (VIOLATED)
ANTENNA_87/DIODE                        0.750000    2.234615   -1.484615 (VIOLATED)
_10406_/B1                              0.750000    2.234558   -1.484558 (VIOLATED)
_09779_/A                               0.750000    2.234519   -1.484519 (VIOLATED)
_10286_/B1                              0.750000    2.234519   -1.484519 (VIOLATED)
fanout1634/X                            0.750000    2.234519   -1.484519 (VIOLATED)
fanout1999/A                            0.750000    2.168473   -1.418473 (VIOLATED)
_10060_/B2                              0.750000    2.168410   -1.418410 (VIOLATED)
_10065_/B2                              0.750000    2.168379   -1.418379 (VIOLATED)
_09992_/A1                              0.750000    2.168374   -1.418374 (VIOLATED)
_10179_/B2                              0.750000    2.168355   -1.418355 (VIOLATED)
_10184_/B2                              0.750000    2.168322   -1.418322 (VIOLATED)
_10070_/S                               0.750000    2.168317   -1.418317 (VIOLATED)
_10163_/A                               0.750000    2.168181   -1.418181 (VIOLATED)
_09953_/A                               0.750000    2.167977   -1.417977 (VIOLATED)
_09763_/A1                              0.750000    2.167793   -1.417793 (VIOLATED)
fanout2000/X                            0.750000    2.167782   -1.417782 (VIOLATED)
_16540_/C1                              0.750000    2.139855   -1.389855 (VIOLATED)
_12766_/B                               0.750000    2.139853   -1.389853 (VIOLATED)
_15674_/A                               0.750000    2.139848   -1.389849 (VIOLATED)
_15992_/A                               0.750000    2.139822   -1.389822 (VIOLATED)
_15218_/A1                              0.750000    2.139721   -1.389721 (VIOLATED)
_15806_/A                               0.750000    2.139507   -1.389507 (VIOLATED)
_15173_/A1                              0.750000    2.139504   -1.389504 (VIOLATED)
_16355_/A                               0.750000    2.139488   -1.389488 (VIOLATED)
_15914_/A                               0.750000    2.139478   -1.389478 (VIOLATED)
fanout598/A                             0.750000    2.138771   -1.388771 (VIOLATED)
fanout599/X                             0.750000    2.138768   -1.388768 (VIOLATED)
_12806_/C                               0.750000    2.054943   -1.304943 (VIOLATED)
_13107_/B                               0.750000    2.054923   -1.304923 (VIOLATED)
_14424_/B                               0.750000    2.054853   -1.304853 (VIOLATED)
_13434_/B                               0.750000    2.054671   -1.304671 (VIOLATED)
_14096_/B                               0.750000    2.054549   -1.304549 (VIOLATED)
_14714_/B                               0.750000    2.054484   -1.304484 (VIOLATED)
_13461_/B                               0.750000    2.054392   -1.304392 (VIOLATED)
_14741_/B                               0.750000    2.053968   -1.303968 (VIOLATED)
fanout611/A                             0.750000    2.053574   -1.303574 (VIOLATED)
fanout612/X                             0.750000    2.053574   -1.303574 (VIOLATED)
fanout586/A                             0.750000    2.029983   -1.279982 (VIOLATED)
fanout587/A                             0.750000    2.029947   -1.279947 (VIOLATED)
_14278_/B                               0.750000    2.029666   -1.279666 (VIOLATED)
_14605_/B                               0.750000    2.029665   -1.279665 (VIOLATED)
ANTENNA_76/DIODE                        0.750000    2.029610   -1.279610 (VIOLATED)
_15837_/B1                              0.750000    2.029609   -1.279609 (VIOLATED)
_15097_/A                               0.750000    2.029564   -1.279564 (VIOLATED)
_16066_/B1                              0.750000    2.029528   -1.279528 (VIOLATED)
_15329_/A                               0.750000    2.029503   -1.279503 (VIOLATED)
_15514_/A                               0.750000    2.029502   -1.279502 (VIOLATED)
_16288_/A                               0.750000    2.029502   -1.279502 (VIOLATED)
fanout588/X                             0.750000    2.029497   -1.279497 (VIOLATED)
_14033_/B                               0.750000    2.018494   -1.268494 (VIOLATED)
_15050_/C                               0.750000    2.018492   -1.268492 (VIOLATED)
_13044_/C                               0.750000    2.018489   -1.268489 (VIOLATED)
_13062_/C                               0.750000    2.018489   -1.268489 (VIOLATED)
_13371_/B                               0.750000    2.018489   -1.268489 (VIOLATED)
_14051_/B                               0.750000    2.018489   -1.268489 (VIOLATED)
_14324_/B                               0.750000    2.018490   -1.268490 (VIOLATED)
_14342_/B                               0.750000    2.018489   -1.268489 (VIOLATED)
_14651_/B                               0.750000    2.018489   -1.268489 (VIOLATED)
_14669_/B                               0.750000    2.018489   -1.268489 (VIOLATED)
fanout609/X                             0.750000    2.018489   -1.268489 (VIOLATED)
ANTENNA_42/DIODE                        0.750000    2.001919   -1.251918 (VIOLATED)
fanout1948/A                            0.750000    2.001920   -1.251920 (VIOLATED)
ANTENNA_41/DIODE                        0.750000    2.001873   -1.251873 (VIOLATED)
fanout1944/A                            0.750000    2.001873   -1.251873 (VIOLATED)
ANTENNA_40/DIODE                        0.750000    2.001816   -1.251816 (VIOLATED)
fanout1928/A                            0.750000    2.001816   -1.251816 (VIOLATED)
fanout1958/A                            0.750000    2.001734   -1.251734 (VIOLATED)
fanout1939/A                            0.750000    2.001568   -1.251568 (VIOLATED)
fanout1959/X                            0.750000    2.001564   -1.251564 (VIOLATED)
_09531_/A                               0.750000    1.990348   -1.240348 (VIOLATED)
_09557_/A                               0.750000    1.990346   -1.240346 (VIOLATED)
_09559_/B                               0.750000    1.990347   -1.240347 (VIOLATED)
_10196_/B                               0.750000    1.990338   -1.240338 (VIOLATED)
_09944_/C1                              0.750000    1.990330   -1.240330 (VIOLATED)
_10195_/A                               0.750000    1.990328   -1.240328 (VIOLATED)
_10463_/A                               0.750000    1.990326   -1.240326 (VIOLATED)
_10485_/C1                              0.750000    1.990316   -1.240316 (VIOLATED)
_09692_/B1                              0.750000    1.990253   -1.240253 (VIOLATED)
_10121_/C1                              0.750000    1.990243   -1.240243 (VIOLATED)
fanout1627/X                            0.750000    1.990243   -1.240243 (VIOLATED)
_16250_/B1                              0.750000    1.967090   -1.217091 (VIOLATED)
_15403_/B2                              0.750000    1.967079   -1.217079 (VIOLATED)
_15606_/B1                              0.750000    1.967079   -1.217079 (VIOLATED)
_16167_/B2                              0.750000    1.966997   -1.216997 (VIOLATED)
_16053_/B1                              0.750000    1.966889   -1.216889 (VIOLATED)
_16420_/B1                              0.750000    1.966882   -1.216882 (VIOLATED)
_15486_/B2                              0.750000    1.966569   -1.216569 (VIOLATED)
fanout577/A                             0.750000    1.966051   -1.216051 (VIOLATED)
fanout578/X                             0.750000    1.966048   -1.216048 (VIOLATED)
_13071_/B                               0.750000    1.959679   -1.209679 (VIOLATED)
_12768_/B                               0.750000    1.959677   -1.209677 (VIOLATED)
_14388_/B                               0.750000    1.959671   -1.209671 (VIOLATED)
_13398_/B                               0.750000    1.959662   -1.209663 (VIOLATED)
_14678_/B                               0.750000    1.959585   -1.209585 (VIOLATED)
_13425_/B                               0.750000    1.959519   -1.209519 (VIOLATED)
_14060_/B                               0.750000    1.959458   -1.209458 (VIOLATED)
_14705_/B                               0.750000    1.959325   -1.209325 (VIOLATED)
fanout613/A                             0.750000    1.959136   -1.209136 (VIOLATED)
fanout614/X                             0.750000    1.959136   -1.209136 (VIOLATED)
_15217_/A1                              0.750000    1.956439   -1.206439 (VIOLATED)
_15728_/A1                              0.750000    1.956215   -1.206215 (VIOLATED)
_15589_/B2                              0.750000    1.956156   -1.206156 (VIOLATED)
fanout550/A                             0.750000    1.956123   -1.206123 (VIOLATED)
fanout549/A                             0.750000    1.956107   -1.206107 (VIOLATED)
fanout551/X                             0.750000    1.956107   -1.206107 (VIOLATED)
fanout872/A                             0.750000    1.942665   -1.192665 (VIOLATED)
fanout880/A                             0.750000    1.942600   -1.192600 (VIOLATED)
fanout901/A                             0.750000    1.942268   -1.192268 (VIOLATED)
fanout897/A                             0.750000    1.942180   -1.192180 (VIOLATED)
fanout912/A                             0.750000    1.942112   -1.192112 (VIOLATED)
fanout913/X                             0.750000    1.942108   -1.192108 (VIOLATED)
_12891_/C                               0.750000    1.934445   -1.184445 (VIOLATED)
_14505_/B                               0.750000    1.934428   -1.184428 (VIOLATED)
_14832_/B                               0.750000    1.934422   -1.184422 (VIOLATED)
_13225_/B                               0.750000    1.934400   -1.184401 (VIOLATED)
_13515_/B                               0.750000    1.934373   -1.184373 (VIOLATED)
_13243_/B                               0.750000    1.934334   -1.184334 (VIOLATED)
_12909_/C                               0.750000    1.934281   -1.184281 (VIOLATED)
_14195_/B                               0.750000    1.934155   -1.184155 (VIOLATED)
_14177_/B                               0.750000    1.934029   -1.184029 (VIOLATED)
_14523_/B                               0.750000    1.933425   -1.183425 (VIOLATED)
fanout855/X                             0.750000    1.933425   -1.183425 (VIOLATED)
fanout944/A                             0.750000    1.926100   -1.176100 (VIOLATED)
fanout946/A                             0.750000    1.926077   -1.176077 (VIOLATED)
fanout948/A                             0.750000    1.926073   -1.176073 (VIOLATED)
fanout957/A                             0.750000    1.925831   -1.175831 (VIOLATED)
fanout963/A                             0.750000    1.925764   -1.175764 (VIOLATED)
fanout965/A                             0.750000    1.925667   -1.175668 (VIOLATED)
fanout962/A                             0.750000    1.925604   -1.175604 (VIOLATED)
fanout971/A                             0.750000    1.925549   -1.175549 (VIOLATED)
fanout972/X                             0.750000    1.925545   -1.175545 (VIOLATED)
fanout655/A                             0.750000    1.915624   -1.165624 (VIOLATED)
fanout657/A                             0.750000    1.915599   -1.165599 (VIOLATED)
fanout654/A                             0.750000    1.915569   -1.165569 (VIOLATED)
fanout662/A                             0.750000    1.915513   -1.165513 (VIOLATED)
fanout666/A                             0.750000    1.915311   -1.165311 (VIOLATED)
fanout676/A                             0.750000    1.915234   -1.165234 (VIOLATED)
fanout677/X                             0.750000    1.915231   -1.165231 (VIOLATED)
_14249_/B                               0.750000    1.891910   -1.141910 (VIOLATED)
_12967_/C                               0.750000    1.891880   -1.141880 (VIOLATED)
_14577_/B                               0.750000    1.891842   -1.141842 (VIOLATED)
_14904_/B                               0.750000    1.891828   -1.141828 (VIOLATED)
_13297_/B                               0.750000    1.891784   -1.141784 (VIOLATED)
_13624_/B                               0.750000    1.891755   -1.141755 (VIOLATED)
_13315_/B                               0.750000    1.891662   -1.141662 (VIOLATED)
_12985_/C                               0.750000    1.891637   -1.141637 (VIOLATED)
_14267_/B                               0.750000    1.891496   -1.141496 (VIOLATED)
_14595_/B                               0.750000    1.890873   -1.140873 (VIOLATED)
fanout739/X                             0.750000    1.890873   -1.140873 (VIOLATED)
_14141_/B                               0.750000    1.872658   -1.122659 (VIOLATED)
_12853_/C                               0.750000    1.872636   -1.122636 (VIOLATED)
_14796_/B                               0.750000    1.872630   -1.122630 (VIOLATED)
_14469_/B                               0.750000    1.872620   -1.122620 (VIOLATED)
_13479_/B                               0.750000    1.872444   -1.122444 (VIOLATED)
_13189_/B                               0.750000    1.872370   -1.122370 (VIOLATED)
_13207_/B                               0.750000    1.872317   -1.122317 (VIOLATED)
ANTENNA_77/DIODE                        0.750000    1.872314   -1.122314 (VIOLATED)
_12871_/C                               0.750000    1.872223   -1.122223 (VIOLATED)
ANTENNA_78/DIODE                        0.750000    1.872053   -1.122053 (VIOLATED)
_14159_/B                               0.750000    1.872029   -1.122030 (VIOLATED)
_14487_/B                               0.750000    1.871342   -1.121343 (VIOLATED)
fanout914/X                             0.750000    1.871342   -1.121343 (VIOLATED)
_13134_/B                               0.750000    1.838660   -1.088660 (VIOLATED)
_12833_/C                               0.750000    1.838655   -1.088655 (VIOLATED)
_14451_/B                               0.750000    1.838650   -1.088650 (VIOLATED)
_13116_/B                               0.750000    1.838649   -1.088649 (VIOLATED)
_13443_/B                               0.750000    1.838649   -1.088649 (VIOLATED)
_14123_/B                               0.750000    1.838646   -1.088646 (VIOLATED)
_14723_/B                               0.750000    1.838645   -1.088645 (VIOLATED)
_12815_/C                               0.750000    1.838644   -1.088644 (VIOLATED)
_14105_/B                               0.750000    1.838644   -1.088644 (VIOLATED)
_14433_/B                               0.750000    1.838644   -1.088644 (VIOLATED)
fanout611/X                             0.750000    1.838644   -1.088644 (VIOLATED)
_15281_/B1                              0.750000    1.822598   -1.072598 (VIOLATED)
_15956_/A1                              0.750000    1.822588   -1.072588 (VIOLATED)
_16506_/B2                              0.750000    1.822581   -1.072581 (VIOLATED)
_15581_/B1                              0.750000    1.822560   -1.072560 (VIOLATED)
_16216_/B1                              0.750000    1.822546   -1.072546 (VIOLATED)
_16136_/B1                              0.750000    1.822530   -1.072530 (VIOLATED)
_13326_/C                               0.750000    1.822487   -1.072487 (VIOLATED)
_15259_/B1                              0.750000    1.822417   -1.072417 (VIOLATED)
_13380_/C                               0.750000    1.821856   -1.071856 (VIOLATED)
_13344_/C                               0.750000    1.821850   -1.071850 (VIOLATED)
fanout566/X                             0.750000    1.821850   -1.071850 (VIOLATED)
_15713_/B1                              0.750000    1.821552   -1.071552 (VIOLATED)
_15317_/A1                              0.750000    1.821550   -1.071550 (VIOLATED)
_14606_/C                               0.750000    1.821531   -1.071531 (VIOLATED)
_16115_/B1                              0.750000    1.821525   -1.071525 (VIOLATED)
_16211_/B1                              0.750000    1.821500   -1.071500 (VIOLATED)
_15921_/B1                              0.750000    1.821446   -1.071446 (VIOLATED)
_16506_/A1                              0.750000    1.821367   -1.071367 (VIOLATED)
_15589_/A1                              0.750000    1.821321   -1.071321 (VIOLATED)
fanout544/A                             0.750000    1.820939   -1.070939 (VIOLATED)
_16447_/A1                              0.750000    1.820937   -1.070937 (VIOLATED)
fanout545/X                             0.750000    1.820933   -1.070933 (VIOLATED)
fanout855/A                             0.750000    1.817981   -1.067981 (VIOLATED)
ANTENNA_28/DIODE                        0.750000    1.817979   -1.067979 (VIOLATED)
ANTENNA_27/DIODE                        0.750000    1.817963   -1.067963 (VIOLATED)
_14850_/B                               0.750000    1.817964   -1.067964 (VIOLATED)
_13533_/B                               0.750000    1.817822   -1.067822 (VIOLATED)
_14823_/B                               0.750000    1.817760   -1.067760 (VIOLATED)
_14168_/B                               0.750000    1.817757   -1.067757 (VIOLATED)
_13506_/B                               0.750000    1.817679   -1.067679 (VIOLATED)
_14496_/B                               0.750000    1.817483   -1.067483 (VIOLATED)
_13216_/B                               0.750000    1.817422   -1.067422 (VIOLATED)
_12882_/C                               0.750000    1.817400   -1.067400 (VIOLATED)
fanout856/X                             0.750000    1.817400   -1.067400 (VIOLATED)
fanout739/A                             0.750000    1.810961   -1.060961 (VIOLATED)
_14922_/B                               0.750000    1.810890   -1.060890 (VIOLATED)
_13642_/B                               0.750000    1.810766   -1.060766 (VIOLATED)
_14895_/B                               0.750000    1.810722   -1.060722 (VIOLATED)
_14240_/B                               0.750000    1.810690   -1.060690 (VIOLATED)
_13615_/B                               0.750000    1.810591   -1.060591 (VIOLATED)
_12958_/C                               0.750000    1.810556   -1.060556 (VIOLATED)
_13288_/B                               0.750000    1.810555   -1.060555 (VIOLATED)
_14568_/B                               0.750000    1.810554   -1.060554 (VIOLATED)
fanout740/X                             0.750000    1.810551   -1.060551 (VIOLATED)
fanout914/A                             0.750000    1.802212   -1.052212 (VIOLATED)
_14814_/B                               0.750000    1.802178   -1.052178 (VIOLATED)
_13497_/B                               0.750000    1.802010   -1.052010 (VIOLATED)
_14787_/B                               0.750000    1.801937   -1.051937 (VIOLATED)
_14132_/B                               0.750000    1.801900   -1.051900 (VIOLATED)
ANTENNA_79/DIODE                        0.750000    1.801710   -1.051710 (VIOLATED)
_13470_/B                               0.750000    1.801698   -1.051698 (VIOLATED)
_14460_/B                               0.750000    1.801549   -1.051549 (VIOLATED)
_13180_/B                               0.750000    1.801527   -1.051527 (VIOLATED)
_12844_/C                               0.750000    1.801520   -1.051520 (VIOLATED)
fanout915/X                             0.750000    1.801520   -1.051520 (VIOLATED)
_12676_/A                               0.750000    1.791219   -1.041219 (VIOLATED)
_12699_/A                               0.750000    1.791218   -1.041218 (VIOLATED)
_12693_/A                               0.750000    1.791217   -1.041217 (VIOLATED)
_12686_/A                               0.750000    1.791216   -1.041216 (VIOLATED)
_12761_/B1                              0.750000    1.791187   -1.041187 (VIOLATED)
fanout616/A                             0.750000    1.791030   -1.041030 (VIOLATED)
fanout617/X                             0.750000    1.791023   -1.041023 (VIOLATED)
fanout2200/A                            0.750000    1.780454   -1.030454 (VIOLATED)
fanout2196/A                            0.750000    1.780441   -1.030441 (VIOLATED)
ANTENNA_45/DIODE                        0.750000    1.780440   -1.030440 (VIOLATED)
fanout2187/A                            0.750000    1.780392   -1.030392 (VIOLATED)
fanout2189/A                            0.750000    1.780379   -1.030379 (VIOLATED)
fanout2198/A                            0.750000    1.780295   -1.030295 (VIOLATED)
fanout2193/A                            0.750000    1.780293   -1.030293 (VIOLATED)
fanout2191/A                            0.750000    1.780261   -1.030261 (VIOLATED)
fanout2202/X                            0.750000    1.780261   -1.030261 (VIOLATED)
_14541_/B                               0.750000    1.779228   -1.029228 (VIOLATED)
_14868_/B                               0.750000    1.779228   -1.029228 (VIOLATED)
_12929_/C                               0.750000    1.779208   -1.029208 (VIOLATED)
_13261_/B                               0.750000    1.779202   -1.029202 (VIOLATED)
_13279_/B                               0.750000    1.779201   -1.029201 (VIOLATED)
_13588_/B                               0.750000    1.779201   -1.029201 (VIOLATED)
_12947_/C                               0.750000    1.779195   -1.029195 (VIOLATED)
_14213_/B                               0.750000    1.779191   -1.029191 (VIOLATED)
_14231_/B                               0.750000    1.779183   -1.029183 (VIOLATED)
_14559_/B                               0.750000    1.779175   -1.029175 (VIOLATED)
fanout797/X                             0.750000    1.779175   -1.029175 (VIOLATED)
fanout797/A                             0.750000    1.745526   -0.995526 (VIOLATED)
_14886_/B                               0.750000    1.745433   -0.995433 (VIOLATED)
_13606_/B                               0.750000    1.745292   -0.995292 (VIOLATED)
_14204_/B                               0.750000    1.745254   -0.995254 (VIOLATED)
_14859_/B                               0.750000    1.745224   -0.995224 (VIOLATED)
_13579_/B                               0.750000    1.745114   -0.995114 (VIOLATED)
_14532_/B                               0.750000    1.745076   -0.995076 (VIOLATED)
_12920_/C                               0.750000    1.745073   -0.995073 (VIOLATED)
_13252_/B                               0.750000    1.745073   -0.995073 (VIOLATED)
fanout798/X                             0.750000    1.745070   -0.995071 (VIOLATED)
_15174_/A1                              0.750000    1.727250   -0.977250 (VIOLATED)
_15448_/A                               0.750000    1.727237   -0.977237 (VIOLATED)
_16484_/B1                              0.750000    1.727190   -0.977190 (VIOLATED)
_15229_/B1                              0.750000    1.727145   -0.977145 (VIOLATED)
_15739_/B1                              0.750000    1.726901   -0.976901 (VIOLATED)
_15536_/A                               0.750000    1.726859   -0.976859 (VIOLATED)
_15362_/A1                              0.750000    1.726823   -0.976823 (VIOLATED)
_16099_/A1                              0.750000    1.726821   -0.976821 (VIOLATED)
_16100_/A1                              0.750000    1.726822   -0.976822 (VIOLATED)
_15130_/A1                              0.750000    1.726807   -0.976807 (VIOLATED)
fanout590/X                             0.750000    1.726803   -0.976803 (VIOLATED)
_12958_/B                               0.750000    1.721152   -0.971152 (VIOLATED)
_15041_/B                               0.750000    1.721150   -0.971150 (VIOLATED)
_12806_/B                               0.750000    1.721147   -0.971147 (VIOLATED)
_12844_/B                               0.750000    1.721148   -0.971148 (VIOLATED)
_12882_/B                               0.750000    1.721142   -0.971142 (VIOLATED)
_12920_/B                               0.750000    1.721142   -0.971142 (VIOLATED)
_12768_/C                               0.750000    1.721120   -0.971120 (VIOLATED)
_13015_/C                               0.750000    1.720576   -0.970576 (VIOLATED)
_13053_/B                               0.750000    1.720575   -0.970575 (VIOLATED)
_16106_/B1                              0.750000    1.720530   -0.970530 (VIOLATED)
_16231_/B1                              0.750000    1.720531   -0.970531 (VIOLATED)
_15235_/B1                              0.750000    1.720525   -0.970525 (VIOLATED)
_12997_/C                               0.750000    1.720506   -0.970506 (VIOLATED)
_15291_/B1                              0.750000    1.720450   -0.970450 (VIOLATED)
_15563_/B1                              0.750000    1.720447   -0.970447 (VIOLATED)
_16496_/A1                              0.750000    1.720435   -0.970435 (VIOLATED)
ANTENNA_75/DIODE                        0.750000    1.720305   -0.970305 (VIOLATED)
fanout580/A                             0.750000    1.720288   -0.970288 (VIOLATED)
fanout579/A                             0.750000    1.719996   -0.969996 (VIOLATED)
fanout581/X                             0.750000    1.719993   -0.969994 (VIOLATED)
_15956_/B2                              0.750000    1.719934   -0.969934 (VIOLATED)
fanout571/X                             0.750000    1.719934   -0.969934 (VIOLATED)
_15041_/C                               0.750000    1.703218   -0.953218 (VIOLATED)
_13035_/C                               0.750000    1.703201   -0.953201 (VIOLATED)
_14315_/B                               0.750000    1.703160   -0.953160 (VIOLATED)
_13362_/B                               0.750000    1.703067   -0.953067 (VIOLATED)
_14024_/B                               0.750000    1.702957   -0.952957 (VIOLATED)
_14642_/B                               0.750000    1.702920   -0.952920 (VIOLATED)
_13389_/B                               0.750000    1.702851   -0.952851 (VIOLATED)
_15068_/C                               0.750000    1.702586   -0.952586 (VIOLATED)
fanout609/A                             0.750000    1.702537   -0.952537 (VIOLATED)
fanout610/X                             0.750000    1.702537   -0.952537 (VIOLATED)
_15632_/B1                              0.750000    1.699195   -0.949195 (VIOLATED)
_16260_/B1                              0.750000    1.699192   -0.949192 (VIOLATED)
_15394_/A1                              0.750000    1.699187   -0.949187 (VIOLATED)
_16158_/B2                              0.750000    1.699173   -0.949173 (VIOLATED)
_12645_/B                               0.750000    1.699117   -0.949117 (VIOLATED)
_14750_/A                               0.750000    1.699118   -0.949118 (VIOLATED)
_14931_/A                               0.750000    1.699117   -0.949117 (VIOLATED)
_13949_/A                               0.750000    1.699110   -0.949110 (VIOLATED)
_16039_/B1                              0.750000    1.699055   -0.949055 (VIOLATED)
fanout582/A                             0.750000    1.699028   -0.949028 (VIOLATED)
fanout583/X                             0.750000    1.699025   -0.949025 (VIOLATED)
_09466_/B1                              0.750000    1.689025   -0.939025 (VIOLATED)
_10698_/B1                              0.750000    1.689023   -0.939023 (VIOLATED)
_10822_/B1                              0.750000    1.688994   -0.938994 (VIOLATED)
_11226_/B1                              0.750000    1.688958   -0.938958 (VIOLATED)
_09446_/C1                              0.750000    1.688922   -0.938922 (VIOLATED)
_09437_/B1                              0.750000    1.688920   -0.938920 (VIOLATED)
_09298_/C1                              0.750000    1.688916   -0.938916 (VIOLATED)
_09292_/A1                              0.750000    1.688886   -0.938886 (VIOLATED)
_11289_/B1                              0.750000    1.688872   -0.938872 (VIOLATED)
_11318_/B1                              0.750000    1.688823   -0.938823 (VIOLATED)
fanout1977/X                            0.750000    1.688413   -0.938413 (VIOLATED)
_14415_/B                               0.750000    1.687114   -0.937114 (VIOLATED)
_14087_/B                               0.750000    1.687099   -0.937100 (VIOLATED)
_13098_/B                               0.750000    1.687071   -0.937071 (VIOLATED)
_12795_/B                               0.750000    1.687061   -0.937061 (VIOLATED)
_13080_/B                               0.750000    1.687041   -0.937041 (VIOLATED)
_13407_/B                               0.750000    1.687038   -0.937038 (VIOLATED)
_12777_/B                               0.750000    1.687033   -0.937033 (VIOLATED)
_14069_/B                               0.750000    1.687033   -0.937033 (VIOLATED)
_14397_/B                               0.750000    1.687033   -0.937033 (VIOLATED)
_14687_/B                               0.750000    1.687033   -0.937033 (VIOLATED)
fanout613/X                             0.750000    1.687033   -0.937033 (VIOLATED)
fanout1859/A                            0.750000    1.655937   -0.905937 (VIOLATED)
fanout1857/A                            0.750000    1.655913   -0.905913 (VIOLATED)
ANTENNA_39/DIODE                        0.750000    1.655909   -0.905909 (VIOLATED)
fanout1854/A                            0.750000    1.655884   -0.905884 (VIOLATED)
ANTENNA_38/DIODE                        0.750000    1.655883   -0.905883 (VIOLATED)
fanout1856/A                            0.750000    1.655880   -0.905880 (VIOLATED)
fanout1852/A                            0.750000    1.655462   -0.905462 (VIOLATED)
fanout1860/X                            0.750000    1.655462   -0.905462 (VIOLATED)
_15600_/B1                              0.750000    1.574211   -0.824211 (VIOLATED)
_16244_/B1                              0.750000    1.574206   -0.824206 (VIOLATED)
_16529_/C1                              0.750000    1.574194   -0.824194 (VIOLATED)
_15981_/A                               0.750000    1.574172   -0.824172 (VIOLATED)
_15663_/A                               0.750000    1.574169   -0.824169 (VIOLATED)
_15383_/B1                              0.750000    1.574142   -0.824142 (VIOLATED)
_14604_/B                               0.750000    1.574139   -0.824139 (VIOLATED)
_16153_/B1                              0.750000    1.574131   -0.824131 (VIOLATED)
_14277_/B                               0.750000    1.574102   -0.824102 (VIOLATED)
_15141_/B1                              0.750000    1.574020   -0.824020 (VIOLATED)
fanout586/X                             0.750000    1.574020   -0.824020 (VIOLATED)
_14186_/C                               0.750000    1.557577   -0.807577 (VIOLATED)
_15868_/A1                              0.750000    1.557578   -0.807578 (VIOLATED)
_14222_/C                               0.750000    1.557576   -0.807576 (VIOLATED)
_14258_/C                               0.750000    1.557576   -0.807576 (VIOLATED)
fanout557/A                             0.750000    1.557570   -0.807570 (VIOLATED)
_14297_/C                               0.750000    1.557543   -0.807543 (VIOLATED)
_14333_/C                               0.750000    1.557543   -0.807543 (VIOLATED)
_14406_/C                               0.750000    1.557543   -0.807543 (VIOLATED)
_14279_/C                               0.750000    1.557536   -0.807536 (VIOLATED)
_15244_/B2                              0.750000    1.557536   -0.807536 (VIOLATED)
_15310_/B1                              0.750000    1.557536   -0.807536 (VIOLATED)
_15955_/B1                              0.750000    1.557536   -0.807536 (VIOLATED)
_16126_/B1                              0.750000    1.557536   -0.807536 (VIOLATED)
_16197_/B1                              0.750000    1.557536   -0.807536 (VIOLATED)
_16496_/B2                              0.750000    1.557536   -0.807536 (VIOLATED)
fanout549/X                             0.750000    1.557536   -0.807536 (VIOLATED)
_13988_/C                               0.750000    1.557498   -0.807498 (VIOLATED)
_15296_/B1                              0.750000    1.557498   -0.807498 (VIOLATED)
_16054_/A1                              0.750000    1.557498   -0.807498 (VIOLATED)
fanout558/X                             0.750000    1.557498   -0.807498 (VIOLATED)
fanout2240/A                            0.750000    1.525820   -0.775820 (VIOLATED)
fanout2235/A                            0.750000    1.525401   -0.775401 (VIOLATED)
fanout2250/A                            0.750000    1.525388   -0.775388 (VIOLATED)
fanout2220/A                            0.750000    1.525370   -0.775370 (VIOLATED)
fanout2226/A                            0.750000    1.525370   -0.775370 (VIOLATED)
fanout2231/A                            0.750000    1.525370   -0.775370 (VIOLATED)
fanout2251/X                            0.750000    1.525370   -0.775370 (VIOLATED)
fanout2290/A                            0.750000    1.515639   -0.765639 (VIOLATED)
_16943_/B1                              0.750000    1.515635   -0.765636 (VIOLATED)
_16991_/A1                              0.750000    1.515634   -0.765634 (VIOLATED)
_17196_/A1                              0.750000    1.515619   -0.765619 (VIOLATED)
_11492_/A                               0.750000    1.515609   -0.765609 (VIOLATED)
_09207_/A                               0.750000    1.515568   -0.765568 (VIOLATED)
_11582_/A1                              0.750000    1.515563   -0.765563 (VIOLATED)
_11439_/A1                              0.750000    1.515552   -0.765552 (VIOLATED)
_11548_/A1                              0.750000    1.515552   -0.765552 (VIOLATED)
_09890_/A                               0.750000    1.515549   -0.765549 (VIOLATED)
fanout2291/X                            0.750000    1.515547   -0.765547 (VIOLATED)
fanout429/A                             0.750000    1.451925   -0.701925 (VIOLATED)
fanout430/A                             0.750000    1.451918   -0.701918 (VIOLATED)
fanout432/A                             0.750000    1.451799   -0.701799 (VIOLATED)
ANTENNA_26/DIODE                        0.750000    1.451797   -0.701797 (VIOLATED)
fanout431/A                             0.750000    1.451638   -0.701638 (VIOLATED)
ANTENNA_25/DIODE                        0.750000    1.451618   -0.701618 (VIOLATED)
fanout428/A                             0.750000    1.451394   -0.701394 (VIOLATED)
fanout433/X                             0.750000    1.451394   -0.701394 (VIOLATED)
fanout369/A                             0.750000    1.448559   -0.698559 (VIOLATED)
fanout370/A                             0.750000    1.448551   -0.698551 (VIOLATED)
fanout372/A                             0.750000    1.448515   -0.698515 (VIOLATED)
fanout371/A                             0.750000    1.448513   -0.698513 (VIOLATED)
fanout373/A                             0.750000    1.448446   -0.698446 (VIOLATED)
fanout375/A                             0.750000    1.448446   -0.698446 (VIOLATED)
fanout376/A                             0.750000    1.448443   -0.698443 (VIOLATED)
fanout377/A                             0.750000    1.448443   -0.698443 (VIOLATED)
fanout378/X                             0.750000    1.448443   -0.698443 (VIOLATED)
fanout1675/A                            0.750000    1.443723   -0.693723 (VIOLATED)
fanout1677/A                            0.750000    1.443712   -0.693712 (VIOLATED)
fanout1680/A                            0.750000    1.443584   -0.693584 (VIOLATED)
fanout1678/A                            0.750000    1.443344   -0.693344 (VIOLATED)
fanout1673/A                            0.750000    1.443154   -0.693154 (VIOLATED)
fanout1681/X                            0.750000    1.443150   -0.693150 (VIOLATED)
_09840_/C                               0.750000    1.438893   -0.688893 (VIOLATED)
_12638_/B                               0.750000    1.438880   -0.688880 (VIOLATED)
_12703_/B                               0.750000    1.438879   -0.688879 (VIOLATED)
_12704_/A1                              0.750000    1.438878   -0.688878 (VIOLATED)
_09886_/A                               0.750000    1.438870   -0.688870 (VIOLATED)
_12419_/B1                              0.750000    1.438869   -0.688869 (VIOLATED)
_16821_/A2                              0.750000    1.438854   -0.688854 (VIOLATED)
_09885_/B                               0.750000    1.438846   -0.688846 (VIOLATED)
_09249_/A                               0.750000    1.438815   -0.688815 (VIOLATED)
_09879_/C_N                             0.750000    1.438810   -0.688810 (VIOLATED)
fanout2288/X                            0.750000    1.438459   -0.688459 (VIOLATED)
_10408_/B                               0.750000    1.412005   -0.662005 (VIOLATED)
_10435_/A0                              0.750000    1.411996   -0.661996 (VIOLATED)
_11516_/A2                              0.750000    1.411982   -0.661982 (VIOLATED)
_16780_/A1                              0.750000    1.411934   -0.661934 (VIOLATED)
_16779_/A1                              0.750000    1.411930   -0.661930 (VIOLATED)
_12504_/A                               0.750000    1.411922   -0.661922 (VIOLATED)
_16770_/A                               0.750000    1.411913   -0.661913 (VIOLATED)
_16810_/A1                              0.750000    1.411911   -0.661911 (VIOLATED)
_12522_/A1                              0.750000    1.411910   -0.661910 (VIOLATED)
_16811_/A1                              0.750000    1.411910   -0.661910 (VIOLATED)
fanout1402/X                            0.750000    1.411910   -0.661910 (VIOLATED)
fanout564/A                             0.750000    1.403217   -0.653217 (VIOLATED)
fanout563/A                             0.750000    1.403194   -0.653194 (VIOLATED)
_15486_/A1                              0.750000    1.403193   -0.653193 (VIOLATED)
_13690_/B                               0.750000    1.403182   -0.653182 (VIOLATED)
_16167_/A1                              0.750000    1.403126   -0.653126 (VIOLATED)
_15394_/B2                              0.750000    1.403122   -0.653122 (VIOLATED)
_16255_/B1                              0.750000    1.403122   -0.653122 (VIOLATED)
fanout565/X                             0.750000    1.403122   -0.653122 (VIOLATED)
_13035_/B                               0.750000    1.383838   -0.633838 (VIOLATED)
_13252_/C                               0.750000    1.383837   -0.633837 (VIOLATED)
_13288_/C                               0.750000    1.383837   -0.633837 (VIOLATED)
_13107_/C                               0.750000    1.383835   -0.633835 (VIOLATED)
_13180_/C                               0.750000    1.383835   -0.633835 (VIOLATED)
_13216_/C                               0.750000    1.383836   -0.633836 (VIOLATED)
_13071_/C                               0.750000    1.383833   -0.633833 (VIOLATED)
fanout574/A                             0.750000    1.383793   -0.633793 (VIOLATED)
fanout573/A                             0.750000    1.383394   -0.633394 (VIOLATED)
fanout575/X                             0.750000    1.383394   -0.633394 (VIOLATED)
fanout1831/A                            0.750000    1.372831   -0.622831 (VIOLATED)
fanout1834/A                            0.750000    1.372780   -0.622780 (VIOLATED)
fanout1844/A                            0.750000    1.372286   -0.622286 (VIOLATED)
fanout1841/A                            0.750000    1.372251   -0.622251 (VIOLATED)
fanout1839/A                            0.750000    1.372212   -0.622212 (VIOLATED)
fanout1846/X                            0.750000    1.372212   -0.622212 (VIOLATED)
_14760_/A                               0.750000    1.370414   -0.620414 (VIOLATED)
_13959_/A                               0.750000    1.370413   -0.620413 (VIOLATED)
_12674_/B                               0.750000    1.370412   -0.620412 (VIOLATED)
_14978_/A                               0.750000    1.370413   -0.620413 (VIOLATED)
_14361_/A                               0.750000    1.370410   -0.620411 (VIOLATED)
_14941_/A                               0.750000    1.370409   -0.620409 (VIOLATED)
_13153_/A                               0.750000    1.370399   -0.620399 (VIOLATED)
_13552_/A                               0.750000    1.370386   -0.620386 (VIOLATED)
_13700_/A                               0.750000    1.370286   -0.620286 (VIOLATED)
_13663_/A                               0.750000    1.370217   -0.620217 (VIOLATED)
fanout415/X                             0.750000    1.370213   -0.620213 (VIOLATED)
fanout2317/A                            0.750000    1.363106   -0.613106 (VIOLATED)
fanout2319/A                            0.750000    1.363100   -0.613100 (VIOLATED)
fanout2320/A                            0.750000    1.363095   -0.613095 (VIOLATED)
fanout2322/A                            0.750000    1.363095   -0.613095 (VIOLATED)
fanout2325/A                            0.750000    1.363095   -0.613095 (VIOLATED)
fanout2327/X                            0.750000    1.363095   -0.613095 (VIOLATED)
_14168_/C                               0.750000    1.349482   -0.599482 (VIOLATED)
_14024_/C                               0.750000    1.349481   -0.599481 (VIOLATED)
_14240_/C                               0.750000    1.349479   -0.599479 (VIOLATED)
_14132_/C                               0.750000    1.349478   -0.599478 (VIOLATED)
_14096_/C                               0.750000    1.349473   -0.599473 (VIOLATED)
_14204_/C                               0.750000    1.349463   -0.599463 (VIOLATED)
_14060_/C                               0.750000    1.349462   -0.599462 (VIOLATED)
fanout561/A                             0.750000    1.349409   -0.599409 (VIOLATED)
fanout560/A                             0.750000    1.349182   -0.599182 (VIOLATED)
fanout562/X                             0.750000    1.349178   -0.599178 (VIOLATED)
_09532_/A1                              0.750000    1.339694   -0.589694 (VIOLATED)
_09498_/B                               0.750000    1.339693   -0.589693 (VIOLATED)
_09418_/B                               0.750000    1.339686   -0.589686 (VIOLATED)
_10197_/A2                              0.750000    1.339682   -0.589682 (VIOLATED)
_10198_/A2                              0.750000    1.339682   -0.589682 (VIOLATED)
_10436_/B                               0.750000    1.339681   -0.589681 (VIOLATED)
_09923_/B                               0.750000    1.339677   -0.589677 (VIOLATED)
_09946_/A1                              0.750000    1.339677   -0.589677 (VIOLATED)
_10229_/B                               0.750000    1.339677   -0.589677 (VIOLATED)
_10255_/A1                              0.750000    1.339677   -0.589677 (VIOLATED)
fanout1582/X                            0.750000    1.339677   -0.589677 (VIOLATED)
_12537_/A                               0.750000    1.339438   -0.589438 (VIOLATED)
_12545_/A                               0.750000    1.339438   -0.589438 (VIOLATED)
_12443_/A                               0.750000    1.339425   -0.589425 (VIOLATED)
_09494_/A                               0.750000    1.339411   -0.589411 (VIOLATED)
_12437_/A                               0.750000    1.339409   -0.589409 (VIOLATED)
_09495_/A                               0.750000    1.339042   -0.589042 (VIOLATED)
_09453_/A                               0.750000    1.339024   -0.589024 (VIOLATED)
_12474_/A1                              0.750000    1.339024   -0.589024 (VIOLATED)
_12492_/A1                              0.750000    1.339024   -0.589024 (VIOLATED)
fanout1585/A                            0.750000    1.339024   -0.589024 (VIOLATED)
fanout1586/X                            0.750000    1.339024   -0.589024 (VIOLATED)
_17083_/A                               0.750000    1.333370   -0.583370 (VIOLATED)
_17032_/A                               0.750000    1.333368   -0.583368 (VIOLATED)
_17058_/B2                              0.750000    1.333366   -0.583366 (VIOLATED)
_16953_/A                               0.750000    1.333362   -0.583362 (VIOLATED)
_16899_/A                               0.750000    1.333361   -0.583361 (VIOLATED)
_16874_/A                               0.750000    1.333359   -0.583359 (VIOLATED)
_16930_/A                               0.750000    1.333357   -0.583357 (VIOLATED)
_16978_/A                               0.750000    1.333357   -0.583357 (VIOLATED)
_17001_/A                               0.750000    1.333357   -0.583357 (VIOLATED)
_17157_/A                               0.750000    1.333357   -0.583357 (VIOLATED)
fanout1973/X                            0.750000    1.333357   -0.583357 (VIOLATED)
fanout2452/A                            0.750000    1.319563   -0.569563 (VIOLATED)
fanout2464/A                            0.750000    1.319561   -0.569562 (VIOLATED)
fanout2457/A                            0.750000    1.319559   -0.569559 (VIOLATED)
fanout2454/A                            0.750000    1.319557   -0.569557 (VIOLATED)
fanout2485/A                            0.750000    1.319555   -0.569555 (VIOLATED)
fanout2486/X                            0.750000    1.319555   -0.569555 (VIOLATED)
fanout547/A                             0.750000    1.314338   -0.564338 (VIOLATED)
fanout546/A                             0.750000    1.314306   -0.564306 (VIOLATED)
_14615_/C                               0.750000    1.313868   -0.563868 (VIOLATED)
_14651_/C                               0.750000    1.313868   -0.563868 (VIOLATED)
_14687_/C                               0.750000    1.313868   -0.563868 (VIOLATED)
_14723_/C                               0.750000    1.313868   -0.563868 (VIOLATED)
_14796_/C                               0.750000    1.313868   -0.563868 (VIOLATED)
_14832_/C                               0.750000    1.313868   -0.563868 (VIOLATED)
_14868_/C                               0.750000    1.313868   -0.563868 (VIOLATED)
_14904_/C                               0.750000    1.313868   -0.563868 (VIOLATED)
fanout548/X                             0.750000    1.313868   -0.563868 (VIOLATED)
fanout787/A                             0.750000    1.299694   -0.549694 (VIOLATED)
fanout782/A                             0.750000    1.299693   -0.549693 (VIOLATED)
fanout792/A                             0.750000    1.299687   -0.549687 (VIOLATED)
fanout793/A                             0.750000    1.299684   -0.549684 (VIOLATED)
fanout795/A                             0.750000    1.299684   -0.549684 (VIOLATED)
fanout796/X                             0.750000    1.299684   -0.549684 (VIOLATED)
_13986_/B                               0.750000    1.295923   -0.545923 (VIOLATED)
_15685_/A                               0.750000    1.295916   -0.545916 (VIOLATED)
_15186_/B1                              0.750000    1.295907   -0.545907 (VIOLATED)
_13987_/B                               0.750000    1.295897   -0.545897 (VIOLATED)
_16551_/B1                              0.750000    1.295893   -0.545893 (VIOLATED)
_16003_/A                               0.750000    1.295868   -0.545868 (VIOLATED)
_15617_/A                               0.750000    1.295855   -0.545855 (VIOLATED)
_13652_/B                               0.750000    1.295814   -0.545814 (VIOLATED)
_15817_/A                               0.750000    1.295764   -0.545764 (VIOLATED)
_15903_/A                               0.750000    1.295764   -0.545764 (VIOLATED)
fanout589/X                             0.750000    1.295764   -0.545764 (VIOLATED)
_18225_/B1                              0.750000    1.279624   -0.529624 (VIOLATED)
_12415_/A2                              0.750000    1.279620   -0.529620 (VIOLATED)
_18244_/A1                              0.750000    1.279612   -0.529612 (VIOLATED)
_18256_/B1                              0.750000    1.279603   -0.529603 (VIOLATED)
_18265_/A                               0.750000    1.279595   -0.529595 (VIOLATED)
_18266_/A1                              0.750000    1.279587   -0.529587 (VIOLATED)
_18289_/S                               0.750000    1.279574   -0.529574 (VIOLATED)
_18391_/B1                              0.750000    1.279574   -0.529574 (VIOLATED)
_18386_/S                               0.750000    1.279570   -0.529571 (VIOLATED)
_18328_/A                               0.750000    1.279563   -0.529563 (VIOLATED)
fanout584/X                             0.750000    1.279563   -0.529563 (VIOLATED)
_15373_/B1                              0.750000    1.274745   -0.524745 (VIOLATED)
_12996_/B                               0.750000    1.274737   -0.524737 (VIOLATED)
_12995_/B                               0.750000    1.274728   -0.524728 (VIOLATED)
_13324_/B                               0.750000    1.274724   -0.524724 (VIOLATED)
_15652_/B1                              0.750000    1.274705   -0.524705 (VIOLATED)
_16276_/A1                              0.750000    1.274705   -0.524705 (VIOLATED)
_15633_/A1                              0.750000    1.274704   -0.524704 (VIOLATED)
_16518_/B1                              0.750000    1.274701   -0.524701 (VIOLATED)
_15970_/A                               0.750000    1.274698   -0.524698 (VIOLATED)
_16178_/B1                              0.750000    1.274696   -0.524696 (VIOLATED)
fanout592/X                             0.750000    1.274696   -0.524696 (VIOLATED)
fanout381/A                             0.750000    1.252655   -0.502655 (VIOLATED)
fanout384/A                             0.750000    1.252638   -0.502638 (VIOLATED)
fanout379/A                             0.750000    1.252635   -0.502635 (VIOLATED)
fanout380/A                             0.750000    1.252635   -0.502635 (VIOLATED)
fanout386/A                             0.750000    1.252635   -0.502635 (VIOLATED)
fanout387/X                             0.750000    1.252635   -0.502635 (VIOLATED)
_15260_/A1                              0.750000    1.242108   -0.492108 (VIOLATED)
_15697_/A                               0.750000    1.242108   -0.492108 (VIOLATED)
_12644_/B                               0.750000    1.242106   -0.492106 (VIOLATED)
_16232_/A1                              0.750000    1.242104   -0.492104 (VIOLATED)
_16486_/A1                              0.750000    1.242101   -0.492101 (VIOLATED)
_15360_/B1                              0.750000    1.242082   -0.492082 (VIOLATED)
_15547_/A                               0.750000    1.242063   -0.492063 (VIOLATED)
_15129_/A1                              0.750000    1.242060   -0.492060 (VIOLATED)
_15772_/A1                              0.750000    1.242060   -0.492060 (VIOLATED)
_16098_/A1                              0.750000    1.242060   -0.492060 (VIOLATED)
fanout597/X                             0.750000    1.242060   -0.492060 (VIOLATED)
_13082_/A1                              0.750000    1.240907   -0.490907 (VIOLATED)
_13118_/A1                              0.750000    1.240906   -0.490906 (VIOLATED)
_13008_/A1                              0.750000    1.240905   -0.490905 (VIOLATED)
fanout399/A                             0.750000    1.240898   -0.490898 (VIOLATED)
fanout400/A                             0.750000    1.240890   -0.490890 (VIOLATED)
fanout401/A                             0.750000    1.240888   -0.490888 (VIOLATED)
fanout403/A                             0.750000    1.240784   -0.490784 (VIOLATED)
fanout404/X                             0.750000    1.240474   -0.490474 (VIOLATED)
_16887_/A1                              0.750000    1.239806   -0.489806 (VIOLATED)
_17047_/B1                              0.750000    1.239804   -0.489804 (VIOLATED)
_16838_/A1_N                            0.750000    1.239801   -0.489801 (VIOLATED)
_16945_/B2                              0.750000    1.239799   -0.489800 (VIOLATED)
_16992_/B2                              0.750000    1.239799   -0.489799 (VIOLATED)
_09890_/B                               0.750000    1.239790   -0.489790 (VIOLATED)
_09894_/B1                              0.750000    1.239790   -0.489790 (VIOLATED)
_11439_/C1                              0.750000    1.239790   -0.489790 (VIOLATED)
_16726_/A1_N                            0.750000    1.239790   -0.489790 (VIOLATED)
_17196_/B1                              0.750000    1.239791   -0.489791 (VIOLATED)
fanout1418/X                            0.750000    1.239790   -0.489790 (VIOLATED)
fanout1657/A                            0.750000    1.237157   -0.487157 (VIOLATED)
fanout1659/A                            0.750000    1.237139   -0.487139 (VIOLATED)
fanout1662/A                            0.750000    1.237125   -0.487125 (VIOLATED)
fanout1665/A                            0.750000    1.237119   -0.487119 (VIOLATED)
fanout1660/A                            0.750000    1.237117   -0.487117 (VIOLATED)
fanout1667/X                            0.750000    1.237117   -0.487117 (VIOLATED)
_17999_/S                               0.750000    1.236300   -0.486300 (VIOLATED)
_17987_/S                               0.750000    1.236294   -0.486294 (VIOLATED)
_17985_/S                               0.750000    1.236288   -0.486288 (VIOLATED)
_17979_/S                               0.750000    1.236278   -0.486278 (VIOLATED)
fanout1477/X                            0.750000    1.236278   -0.486278 (VIOLATED)
load_slew1478/A                         0.750000    1.236278   -0.486278 (VIOLATED)
_12510_/S                               0.750000    1.233489   -0.483489 (VIOLATED)
_12513_/S                               0.750000    1.233489   -0.483489 (VIOLATED)
_09304_/A1                              0.750000    1.233488   -0.483488 (VIOLATED)
_09305_/A1                              0.750000    1.233488   -0.483488 (VIOLATED)
_11401_/S                               0.750000    1.233488   -0.483488 (VIOLATED)
_12423_/B                               0.750000    1.233488   -0.483488 (VIOLATED)
_12424_/A1                              0.750000    1.233488   -0.483488 (VIOLATED)
_12498_/S                               0.750000    1.233488   -0.483488 (VIOLATED)
_12502_/S                               0.750000    1.233488   -0.483488 (VIOLATED)
_12506_/S                               0.750000    1.233488   -0.483488 (VIOLATED)
fanout1587/X                            0.750000    1.233488   -0.483488 (VIOLATED)
fanout589/A                             0.750000    1.230795   -0.480795 (VIOLATED)
_16366_/A                               0.750000    1.230792   -0.480792 (VIOLATED)
_16431_/B1                              0.750000    1.230607   -0.480607 (VIOLATED)
_16310_/A                               0.750000    1.230572   -0.480572 (VIOLATED)
fanout590/A                             0.750000    1.230560   -0.480560 (VIOLATED)
fanout591/X                             0.750000    1.230557   -0.480557 (VIOLATED)
_18275_/A1                              0.750000    1.230434   -0.480434 (VIOLATED)
_18330_/A1                              0.750000    1.230429   -0.480429 (VIOLATED)
_18315_/B2                              0.750000    1.230425   -0.480425 (VIOLATED)
_18297_/B2                              0.750000    1.230421   -0.480421 (VIOLATED)
_18290_/B2                              0.750000    1.230418   -0.480418 (VIOLATED)
_18393_/A1                              0.750000    1.230406   -0.480406 (VIOLATED)
_11398_/B1                              0.750000    1.230389   -0.480389 (VIOLATED)
_11530_/B2                              0.750000    1.230389   -0.480389 (VIOLATED)
_18227_/A1                              0.750000    1.230389   -0.480389 (VIOLATED)
_18401_/B2                              0.750000    1.230389   -0.480389 (VIOLATED)
fanout1611/X                            0.750000    1.230389   -0.480389 (VIOLATED)
_11365_/A                               0.750000    1.228524   -0.478524 (VIOLATED)
_11364_/B1                              0.750000    1.228521   -0.478521 (VIOLATED)
_09840_/A                               0.750000    1.228520   -0.478520 (VIOLATED)
_12509_/A1                              0.750000    1.228505   -0.478505 (VIOLATED)
_16709_/A2                              0.750000    1.228480   -0.478480 (VIOLATED)
_12419_/A1                              0.750000    1.228468   -0.478468 (VIOLATED)
_09248_/A                               0.750000    1.228458   -0.478458 (VIOLATED)
_12418_/A                               0.750000    1.228457   -0.478457 (VIOLATED)
_12417_/A                               0.750000    1.228451   -0.478451 (VIOLATED)
_09879_/A                               0.750000    1.228445   -0.478445 (VIOLATED)
fanout2290/X                            0.750000    1.228445   -0.478445 (VIOLATED)
_16803_/A1                              0.750000    1.223551   -0.473551 (VIOLATED)
_17069_/B1                              0.750000    1.223548   -0.473548 (VIOLATED)
_16904_/A1                              0.750000    1.223546   -0.473546 (VIOLATED)
_17012_/B1                              0.750000    1.223546   -0.473546 (VIOLATED)
_16854_/A1                              0.750000    1.223544   -0.473544 (VIOLATED)
_16838_/B2                              0.750000    1.223542   -0.473542 (VIOLATED)
_16886_/B1                              0.750000    1.223519   -0.473519 (VIOLATED)
_12632_/B1                              0.750000    1.223476   -0.473476 (VIOLATED)
_16604_/B1                              0.750000    1.223435   -0.473435 (VIOLATED)
fanout1163/A                            0.750000    1.223434   -0.473434 (VIOLATED)
fanout1164/X                            0.750000    1.223434   -0.473434 (VIOLATED)
_10501_/A                               0.750000    1.203624   -0.453624 (VIOLATED)
_12483_/A                               0.750000    1.203615   -0.453615 (VIOLATED)
_12481_/A                               0.750000    1.203612   -0.453612 (VIOLATED)
_16947_/A1                              0.750000    1.203285   -0.453285 (VIOLATED)
_10056_/B                               0.750000    1.203280   -0.453280 (VIOLATED)
_10050_/A                               0.750000    1.203279   -0.453279 (VIOLATED)
_10051_/A                               0.750000    1.203279   -0.453279 (VIOLATED)
_10055_/B                               0.750000    1.203279   -0.453279 (VIOLATED)
fanout1178/A                            0.750000    1.203279   -0.453279 (VIOLATED)
fanout1179/X                            0.750000    1.203279   -0.453279 (VIOLATED)
_18275_/B2                              0.750000    1.202227   -0.452227 (VIOLATED)
_18250_/B2                              0.750000    1.202226   -0.452226 (VIOLATED)
_18267_/B2                              0.750000    1.202224   -0.452224 (VIOLATED)
_18258_/B2                              0.750000    1.202223   -0.452223 (VIOLATED)
_18245_/B2                              0.750000    1.202218   -0.452218 (VIOLATED)
_18235_/B2                              0.750000    1.202211   -0.452211 (VIOLATED)
_18393_/B2                              0.750000    1.202208   -0.452208 (VIOLATED)
_18227_/B2                              0.750000    1.202204   -0.452204 (VIOLATED)
_11398_/A2                              0.750000    1.202202   -0.452202 (VIOLATED)
_11464_/B2                              0.750000    1.202202   -0.452202 (VIOLATED)
fanout1612/X                            0.750000    1.202202   -0.452202 (VIOLATED)
_09453_/Y                               0.750000    1.198864   -0.448864 (VIOLATED)
wire1568/A                              0.750000    1.198864   -0.448864 (VIOLATED)
fanout558/A                             0.750000    1.198568   -0.448568 (VIOLATED)
_15501_/B1                              0.750000    1.198551   -0.448551 (VIOLATED)
_16415_/B1                              0.750000    1.198550   -0.448550 (VIOLATED)
_16183_/B2                              0.750000    1.198472   -0.448472 (VIOLATED)
_16275_/A1                              0.750000    1.198429   -0.448429 (VIOLATED)
_15403_/A1                              0.750000    1.198096   -0.448096 (VIOLATED)
fanout559/X                             0.750000    1.198096   -0.448096 (VIOLATED)
_10435_/A1                              0.750000    1.190558   -0.440558 (VIOLATED)
_11514_/A2                              0.750000    1.190555   -0.440555 (VIOLATED)
_11512_/B                               0.750000    1.190549   -0.440549 (VIOLATED)
_16814_/A                               0.750000    1.190549   -0.440549 (VIOLATED)
_16833_/A1                              0.750000    1.190549   -0.440549 (VIOLATED)
_16866_/A1                              0.750000    1.190549   -0.440549 (VIOLATED)
_12574_/A                               0.750000    1.190548   -0.440548 (VIOLATED)
_12575_/A                               0.750000    1.190548   -0.440548 (VIOLATED)
_12580_/C_N                             0.750000    1.190548   -0.440548 (VIOLATED)
_16804_/A1                              0.750000    1.190548   -0.440548 (VIOLATED)
fanout1401/X                            0.750000    1.190548   -0.440548 (VIOLATED)
_15474_/B1                              0.750000    1.183130   -0.433130 (VIOLATED)
_16410_/A1                              0.750000    1.183125   -0.433125 (VIOLATED)
_14351_/A                               0.750000    1.183117   -0.433117 (VIOLATED)
_13143_/A                               0.750000    1.183113   -0.433113 (VIOLATED)
_14968_/A                               0.750000    1.183112   -0.433112 (VIOLATED)
_13542_/A                               0.750000    1.183111   -0.433111 (VIOLATED)
_15286_/B1                              0.750000    1.183080   -0.433080 (VIOLATED)
_15843_/B1                              0.750000    1.183077   -0.433077 (VIOLATED)
_15587_/B2                              0.750000    1.183076   -0.433076 (VIOLATED)
_15936_/B1                              0.750000    1.183076   -0.433076 (VIOLATED)
fanout582/X                             0.750000    1.183076   -0.433076 (VIOLATED)
_10240_/S1                              0.750000    1.180778   -0.430778 (VIOLATED)
fanout2178/A                            0.750000    1.180719   -0.430719 (VIOLATED)
_10293_/B                               0.750000    1.180249   -0.430249 (VIOLATED)
_10296_/B                               0.750000    1.180249   -0.430249 (VIOLATED)
fanout2172/A                            0.750000    1.180249   -0.430249 (VIOLATED)
fanout2180/X                            0.750000    1.180249   -0.430249 (VIOLATED)
_10407_/A1                              0.750000    1.177043   -0.427044 (VIOLATED)
_10656_/A                               0.750000    1.176985   -0.426985 (VIOLATED)
_10715_/A1_N                            0.750000    1.176956   -0.426956 (VIOLATED)
_16855_/A2                              0.750000    1.176910   -0.426910 (VIOLATED)
_16804_/A2                              0.750000    1.176908   -0.426908 (VIOLATED)
_17167_/A2                              0.750000    1.176898   -0.426898 (VIOLATED)
_16686_/A2                              0.750000    1.176896   -0.426896 (VIOLATED)
_16755_/A2                              0.750000    1.176896   -0.426896 (VIOLATED)
_16780_/A2                              0.750000    1.176880   -0.426880 (VIOLATED)
_12605_/A3                              0.750000    1.176875   -0.426875 (VIOLATED)
_12633_/A3                              0.750000    1.176875   -0.426875 (VIOLATED)
_16581_/A2                              0.750000    1.176875   -0.426875 (VIOLATED)
_16605_/A2                              0.750000    1.176875   -0.426875 (VIOLATED)
fanout1160/X                            0.750000    1.176875   -0.426875 (VIOLATED)
_10406_/Y                               0.750000    1.175889   -0.425889 (VIOLATED)
load_slew2025/A                         0.750000    1.173288   -0.423288 (VIOLATED)
_10823_/A1                              0.750000    1.173285   -0.423285 (VIOLATED)
_09450_/B1                              0.750000    1.173283   -0.423283 (VIOLATED)
_11226_/A1                              0.750000    1.173272   -0.423272 (VIOLATED)
_09262_/A1                              0.750000    1.173269   -0.423269 (VIOLATED)
fanout2024/X                            0.750000    1.173269   -0.423269 (VIOLATED)
fanout750/A                             0.750000    1.166784   -0.416784 (VIOLATED)
fanout749/A                             0.750000    1.166779   -0.416779 (VIOLATED)
fanout752/A                             0.750000    1.166778   -0.416779 (VIOLATED)
fanout754/A                             0.750000    1.166774   -0.416774 (VIOLATED)
fanout756/A                             0.750000    1.166772   -0.416772 (VIOLATED)
fanout758/X                             0.750000    1.166772   -0.416772 (VIOLATED)
fanout584/A                             0.750000    1.166165   -0.416165 (VIOLATED)
_18334_/S                               0.750000    1.166164   -0.416164 (VIOLATED)
_18397_/S                               0.750000    1.166162   -0.416162 (VIOLATED)
_18314_/S                               0.750000    1.166160   -0.416160 (VIOLATED)
_18296_/S                               0.750000    1.166148   -0.416148 (VIOLATED)
_18303_/S                               0.750000    1.166137   -0.416137 (VIOLATED)
_18346_/A                               0.750000    1.165827   -0.415827 (VIOLATED)
_18356_/S                               0.750000    1.165827   -0.415827 (VIOLATED)
_18361_/B1                              0.750000    1.165827   -0.415827 (VIOLATED)
_18367_/S                               0.750000    1.165827   -0.415827 (VIOLATED)
fanout585/X                             0.750000    1.165827   -0.415827 (VIOLATED)
_12708_/B1                              0.750000    1.156143   -0.406143 (VIOLATED)
_12648_/A                               0.750000    1.156142   -0.406142 (VIOLATED)
_12709_/A1_N                            0.750000    1.156142   -0.406142 (VIOLATED)
_12701_/B                               0.750000    1.156115   -0.406115 (VIOLATED)
_12638_/C                               0.750000    1.156105   -0.406105 (VIOLATED)
_12637_/A                               0.750000    1.156104   -0.406104 (VIOLATED)
_15458_/A1                              0.750000    1.156090   -0.406090 (VIOLATED)
_16005_/B1                              0.750000    1.156077   -0.406077 (VIOLATED)
_15265_/B                               0.750000    1.156061   -0.406061 (VIOLATED)
_16556_/A1                              0.750000    1.156061   -0.406061 (VIOLATED)
fanout615/X                             0.750000    1.156061   -0.406061 (VIOLATED)
_11895_/C1                              0.750000    1.152414   -0.402414 (VIOLATED)
_11939_/B1                              0.750000    1.152408   -0.402408 (VIOLATED)
_12127_/B1                              0.750000    1.152400   -0.402401 (VIOLATED)
_12145_/B1                              0.750000    1.152400   -0.402401 (VIOLATED)
_12324_/B1                              0.750000    1.152400   -0.402401 (VIOLATED)
fanout2331/X                            0.750000    1.152400   -0.402401 (VIOLATED)
load_slew2332/A                         0.750000    1.152400   -0.402401 (VIOLATED)
_17900_/S                               0.750000    1.152273   -0.402273 (VIOLATED)
_17888_/S                               0.750000    1.152271   -0.402271 (VIOLATED)
_17880_/S                               0.750000    1.152266   -0.402266 (VIOLATED)
_17886_/S                               0.750000    1.152266   -0.402266 (VIOLATED)
fanout1485/X                            0.750000    1.152266   -0.402266 (VIOLATED)
load_slew1486/A                         0.750000    1.152266   -0.402266 (VIOLATED)
_09597_/A1                              0.750000    1.145006   -0.395006 (VIOLATED)
_09598_/A1                              0.750000    1.145005   -0.395005 (VIOLATED)
_09668_/A1                              0.750000    1.145005   -0.395005 (VIOLATED)
_09667_/A1                              0.750000    1.145003   -0.395003 (VIOLATED)
_10316_/A1                              0.750000    1.144993   -0.394993 (VIOLATED)
_10317_/A1                              0.750000    1.144988   -0.394988 (VIOLATED)
_09723_/A1                              0.750000    1.144984   -0.394984 (VIOLATED)
_09724_/A1                              0.750000    1.144983   -0.394983 (VIOLATED)
_10377_/B                               0.750000    1.144963   -0.394963 (VIOLATED)
fanout1583/A                            0.750000    1.144623   -0.394623 (VIOLATED)
fanout1584/X                            0.750000    1.144623   -0.394623 (VIOLATED)
_09963_/B2                              0.750000    1.144393   -0.394393 (VIOLATED)
load_slew1689/A                         0.750000    1.144389   -0.394389 (VIOLATED)
_09644_/B1                              0.750000    1.144389   -0.394389 (VIOLATED)
_09778_/B2                              0.750000    1.144355   -0.394355 (VIOLATED)
_10285_/A1                              0.750000    1.144355   -0.394355 (VIOLATED)
fanout1687/X                            0.750000    1.144355   -0.394355 (VIOLATED)
wire1688/A                              0.750000    1.144355   -0.394355 (VIOLATED)
_16554_/B1                              0.750000    1.141814   -0.391814 (VIOLATED)
_16784_/B                               0.750000    1.141717   -0.391717 (VIOLATED)
_16785_/B1                              0.750000    1.141692   -0.391692 (VIOLATED)
_16552_/X                               0.750000    1.141183   -0.391183 (VIOLATED)
_11591_/A1                              0.750000    1.139805   -0.389805 (VIOLATED)
_11607_/B1                              0.750000    1.139804   -0.389805 (VIOLATED)
_12603_/A1                              0.750000    1.139800   -0.389800 (VIOLATED)
_11561_/B2                              0.750000    1.139793   -0.389793 (VIOLATED)
_16579_/A1                              0.750000    1.139791   -0.389791 (VIOLATED)
_11555_/B1                              0.750000    1.139787   -0.389787 (VIOLATED)
_11520_/S                               0.750000    1.139768   -0.389768 (VIOLATED)
_16718_/A                               0.750000    1.139754   -0.389754 (VIOLATED)
_16722_/A1                              0.750000    1.139747   -0.389747 (VIOLATED)
_16795_/A                               0.750000    1.139746   -0.389746 (VIOLATED)
fanout1176/X                            0.750000    1.139746   -0.389746 (VIOLATED)
_09984_/B1                              0.750000    1.134585   -0.384585 (VIOLATED)
_10192_/B2                              0.750000    1.134578   -0.384578 (VIOLATED)
_09702_/B1                              0.750000    1.134568   -0.384568 (VIOLATED)
_10171_/B2                              0.750000    1.134568   -0.384568 (VIOLATED)
_10453_/B2                              0.750000    1.134568   -0.384568 (VIOLATED)
fanout1737/A                            0.750000    1.134568   -0.384568 (VIOLATED)
fanout1739/X                            0.750000    1.134568   -0.384568 (VIOLATED)
_09675_/C1                              0.750000    1.130294   -0.380294 (VIOLATED)
_09604_/B1                              0.750000    1.130288   -0.380288 (VIOLATED)
_09895_/B1                              0.750000    1.130288   -0.380288 (VIOLATED)
_09904_/C1                              0.750000    1.130288   -0.380288 (VIOLATED)
_10204_/C1                              0.750000    1.130288   -0.380288 (VIOLATED)
_10424_/C1                              0.750000    1.130288   -0.380288 (VIOLATED)
fanout2165/X                            0.750000    1.130288   -0.380288 (VIOLATED)
load_slew2166/A                         0.750000    1.130288   -0.380288 (VIOLATED)
_12738_/A                               0.750000    1.127250   -0.377250 (VIOLATED)
_12739_/A1                              0.750000    1.127250   -0.377250 (VIOLATED)
_12742_/S                               0.750000    1.127251   -0.377251 (VIOLATED)
_12651_/A                               0.750000    1.127245   -0.377245 (VIOLATED)
_12654_/A                               0.750000    1.127245   -0.377245 (VIOLATED)
_12657_/A                               0.750000    1.127245   -0.377245 (VIOLATED)
_12660_/A                               0.750000    1.127245   -0.377245 (VIOLATED)
_12663_/A                               0.750000    1.127245   -0.377245 (VIOLATED)
_12666_/A                               0.750000    1.127245   -0.377245 (VIOLATED)
fanout602/A                             0.750000    1.127245   -0.377245 (VIOLATED)
fanout603/X                             0.750000    1.127245   -0.377245 (VIOLATED)
_12688_/S                               0.750000    1.125491   -0.375491 (VIOLATED)
_12757_/S                               0.750000    1.125485   -0.375485 (VIOLATED)
wire510/A                               0.750000    1.125460   -0.375460 (VIOLATED)
_12744_/S                               0.750000    1.125426   -0.375426 (VIOLATED)
fanout509/X                             0.750000    1.125426   -0.375426 (VIOLATED)
_10135_/A1                              0.750000    1.123684   -0.373684 (VIOLATED)
_11090_/A                               0.750000    1.123671   -0.373671 (VIOLATED)
_11082_/B2                              0.750000    1.123667   -0.373667 (VIOLATED)
_10134_/Y                               0.750000    1.123618   -0.373618 (VIOLATED)
fanout1913/A                            0.750000    1.119771   -0.369771 (VIOLATED)
_10947_/A2                              0.750000    1.119765   -0.369765 (VIOLATED)
_10944_/A2                              0.750000    1.119762   -0.369762 (VIOLATED)
fanout1912/A                            0.750000    1.119760   -0.369760 (VIOLATED)
fanout1910/A                            0.750000    1.119755   -0.369755 (VIOLATED)
_10940_/A2                              0.750000    1.119749   -0.369749 (VIOLATED)
fanout1908/A                            0.750000    1.119720   -0.369720 (VIOLATED)
fanout1915/X                            0.750000    1.119720   -0.369720 (VIOLATED)
fanout759/A                             0.750000    1.118594   -0.368594 (VIOLATED)
fanout761/A                             0.750000    1.118576   -0.368576 (VIOLATED)
fanout762/A                             0.750000    1.118548   -0.368548 (VIOLATED)
fanout758/A                             0.750000    1.118538   -0.368538 (VIOLATED)
fanout764/A                             0.750000    1.118538   -0.368538 (VIOLATED)
fanout765/X                             0.750000    1.118538   -0.368538 (VIOLATED)
_12308_/A1                              0.750000    1.117654   -0.367654 (VIOLATED)
_12317_/A1                              0.750000    1.117652   -0.367652 (VIOLATED)
_12280_/A1                              0.750000    1.117650   -0.367650 (VIOLATED)
_12271_/A1                              0.750000    1.117647   -0.367647 (VIOLATED)
_12121_/A1                              0.750000    1.117646   -0.367646 (VIOLATED)
_12298_/A1                              0.750000    1.117646   -0.367646 (VIOLATED)
fanout1677/X                            0.750000    1.117646   -0.367646 (VIOLATED)
_12676_/B                               0.750000    1.117055   -0.367055 (VIOLATED)
_12738_/B                               0.750000    1.117038   -0.367038 (VIOLATED)
_12675_/X                               0.750000    1.117000   -0.367000 (VIOLATED)
_18363_/B2                              0.750000    1.114921   -0.364921 (VIOLATED)
_18368_/B2                              0.750000    1.114920   -0.364920 (VIOLATED)
_18379_/B2                              0.750000    1.114917   -0.364917 (VIOLATED)
fanout1613/A                            0.750000    1.114887   -0.364887 (VIOLATED)
_18398_/B2                              0.750000    1.114874   -0.364874 (VIOLATED)
_11530_/A1                              0.750000    1.114850   -0.364850 (VIOLATED)
_11570_/A1_N                            0.750000    1.114850   -0.364850 (VIOLATED)
_18401_/A1                              0.750000    1.114850   -0.364850 (VIOLATED)
_12112_/A                               0.750000    1.114790   -0.364790 (VIOLATED)
_12223_/C1                              0.750000    1.114788   -0.364788 (VIOLATED)
_12411_/B1                              0.750000    1.114789   -0.364789 (VIOLATED)
_12336_/C1                              0.750000    1.114777   -0.364777 (VIOLATED)
_11832_/X                               0.750000    1.114771   -0.364771 (VIOLATED)
_11882_/A2                              0.750000    1.114771   -0.364771 (VIOLATED)
fanout1612/A                            0.750000    1.114560   -0.364561 (VIOLATED)
fanout1614/X                            0.750000    1.114560   -0.364561 (VIOLATED)
_17070_/B1                              0.750000    1.113833   -0.363833 (VIOLATED)
_17013_/B1                              0.750000    1.113831   -0.363831 (VIOLATED)
_16817_/B1                              0.750000    1.113830   -0.363830 (VIOLATED)
_12633_/C1                              0.750000    1.113822   -0.363822 (VIOLATED)
_16854_/C1                              0.750000    1.113821   -0.363821 (VIOLATED)
_16995_/A1                              0.750000    1.113819   -0.363819 (VIOLATED)
_16904_/C1                              0.750000    1.113814   -0.363814 (VIOLATED)
_17117_/C1                              0.750000    1.113811   -0.363811 (VIOLATED)
_16803_/C1                              0.750000    1.113806   -0.363806 (VIOLATED)
fanout1416/A                            0.750000    1.113792   -0.363792 (VIOLATED)
fanout1417/X                            0.750000    1.113792   -0.363792 (VIOLATED)
_15081_/A                               0.750000    1.113621   -0.363621 (VIOLATED)
_17279_/A1                              0.750000    1.113621   -0.363621 (VIOLATED)
_12509_/A2                              0.750000    1.113619   -0.363619 (VIOLATED)
_12512_/A2                              0.750000    1.113617   -0.363617 (VIOLATED)
_12505_/A2                              0.750000    1.113615   -0.363615 (VIOLATED)
_12429_/B                               0.750000    1.113613   -0.363613 (VIOLATED)
_12501_/A2                              0.750000    1.113613   -0.363613 (VIOLATED)
_12556_/A2                              0.750000    1.113613   -0.363613 (VIOLATED)
_12561_/A2                              0.750000    1.113613   -0.363613 (VIOLATED)
_12567_/A2                              0.750000    1.113613   -0.363613 (VIOLATED)
fanout1615/X                            0.750000    1.113613   -0.363613 (VIOLATED)
fanout291/A                             0.750000    1.110101   -0.360101 (VIOLATED)
fanout289/A                             0.750000    1.110081   -0.360081 (VIOLATED)
_14306_/B                               0.750000    1.110070   -0.360070 (VIOLATED)
_14342_/A                               0.750000    1.110070   -0.360070 (VIOLATED)
_14415_/A                               0.750000    1.110070   -0.360070 (VIOLATED)
_14451_/A                               0.750000    1.110070   -0.360070 (VIOLATED)
_14487_/A                               0.750000    1.110070   -0.360070 (VIOLATED)
_14523_/A                               0.750000    1.110070   -0.360070 (VIOLATED)
_14559_/A                               0.750000    1.110070   -0.360070 (VIOLATED)
_14595_/A                               0.750000    1.110070   -0.360070 (VIOLATED)
fanout292/X                             0.750000    1.110070   -0.360070 (VIOLATED)
_16263_/B1                              0.750000    1.108910   -0.358910 (VIOLATED)
_16510_/B1                              0.750000    1.108908   -0.358908 (VIOLATED)
fanout621/A                             0.750000    1.108897   -0.358897 (VIOLATED)
fanout623/A                             0.750000    1.108890   -0.358890 (VIOLATED)
fanout625/A                             0.750000    1.108890   -0.358890 (VIOLATED)
fanout627/X                             0.750000    1.108890   -0.358890 (VIOLATED)
_12312_/S1                              0.750000    1.107961   -0.357961 (VIOLATED)
_11933_/S1                              0.750000    1.107956   -0.357956 (VIOLATED)
_11932_/S1                              0.750000    1.107955   -0.357955 (VIOLATED)
fanout2434/A                            0.750000    1.107954   -0.357954 (VIOLATED)
fanout2436/A                            0.750000    1.107954   -0.357954 (VIOLATED)
fanout2438/X                            0.750000    1.107954   -0.357954 (VIOLATED)
wire1961/A                              0.750000    1.103887   -0.353887 (VIOLATED)
_09364_/B2                              0.750000    1.103886   -0.353886 (VIOLATED)
_10895_/B2                              0.750000    1.103885   -0.353885 (VIOLATED)
_10924_/B2                              0.750000    1.103881   -0.353881 (VIOLATED)
_11122_/B2                              0.750000    1.103880   -0.353880 (VIOLATED)
_11274_/B2                              0.750000    1.103881   -0.353881 (VIOLATED)
fanout1960/X                            0.750000    1.103880   -0.353880 (VIOLATED)
_10741_/A1                              0.750000    1.103108   -0.353108 (VIOLATED)
_09364_/A1                              0.750000    1.103104   -0.353104 (VIOLATED)
_10924_/A1                              0.750000    1.103102   -0.353102 (VIOLATED)
_11122_/A1                              0.750000    1.103102   -0.353102 (VIOLATED)
_11268_/A                               0.750000    1.103102   -0.353102 (VIOLATED)
fanout1635/X                            0.750000    1.103102   -0.353102 (VIOLATED)
load_slew1636/A                         0.750000    1.103102   -0.353102 (VIOLATED)
_18368_/A1_N                            0.750000    1.101609   -0.351609 (VIOLATED)
_18304_/A1_N                            0.750000    1.101607   -0.351607 (VIOLATED)
_18357_/A1_N                            0.750000    1.101605   -0.351605 (VIOLATED)
_18323_/A1_N                            0.750000    1.101588   -0.351588 (VIOLATED)
_18335_/A1_N                            0.750000    1.101551   -0.351551 (VIOLATED)
_18387_/A1_N                            0.750000    1.101527   -0.351527 (VIOLATED)
_18398_/A1_N                            0.750000    1.101458   -0.351458 (VIOLATED)
fanout1609/A                            0.750000    1.101103   -0.351103 (VIOLATED)
fanout1610/X                            0.750000    1.101103   -0.351103 (VIOLATED)
_16641_/A1                              0.750000    1.099779   -0.349779 (VIOLATED)
_11551_/C1                              0.750000    1.099778   -0.349778 (VIOLATED)
_11555_/A1                              0.750000    1.099778   -0.349778 (VIOLATED)
_11589_/A1                              0.750000    1.099778   -0.349778 (VIOLATED)
_12598_/S                               0.750000    1.099777   -0.349777 (VIOLATED)
_11580_/A                               0.750000    1.099776   -0.349776 (VIOLATED)
_11605_/A                               0.750000    1.099777   -0.349777 (VIOLATED)
_11585_/C1                              0.750000    1.099766   -0.349767 (VIOLATED)
_10505_/A                               0.750000    1.099764   -0.349764 (VIOLATED)
_11581_/A1                              0.750000    1.099764   -0.349764 (VIOLATED)
fanout1468/X                            0.750000    1.099764   -0.349764 (VIOLATED)
_17367_/S                               0.750000    1.099585   -0.349585 (VIOLATED)
_17369_/S                               0.750000    1.099576   -0.349576 (VIOLATED)
_17377_/S                               0.750000    1.099562   -0.349562 (VIOLATED)
_17359_/S                               0.750000    1.099525   -0.349525 (VIOLATED)
fanout1349/X                            0.750000    1.099525   -0.349525 (VIOLATED)
load_slew1350/A                         0.750000    1.099525   -0.349525 (VIOLATED)
_11210_/A1                              0.750000    1.095840   -0.345840 (VIOLATED)
_10683_/A1                              0.750000    1.095831   -0.345831 (VIOLATED)
load_slew2029/A                         0.750000    1.095816   -0.345816 (VIOLATED)
_09331_/B1                              0.750000    1.095813   -0.345813 (VIOLATED)
_09283_/C1                              0.750000    1.095774   -0.345774 (VIOLATED)
_09299_/C1                              0.750000    1.095774   -0.345774 (VIOLATED)
fanout2028/X                            0.750000    1.095774   -0.345774 (VIOLATED)
fanout934/A                             0.750000    1.095373   -0.345373 (VIOLATED)
fanout936/A                             0.750000    1.095351   -0.345351 (VIOLATED)
fanout933/A                             0.750000    1.095321   -0.345321 (VIOLATED)
fanout938/A                             0.750000    1.095321   -0.345321 (VIOLATED)
fanout940/A                             0.750000    1.095321   -0.345321 (VIOLATED)
fanout941/X                             0.750000    1.095321   -0.345321 (VIOLATED)
wire505/A                               0.750000    1.092206   -0.342206 (VIOLATED)
_16004_/Y                               0.750000    1.092183   -0.342183 (VIOLATED)
fanout339/A                             0.750000    1.090986   -0.340986 (VIOLATED)
fanout338/A                             0.750000    1.090951   -0.340951 (VIOLATED)
_15274_/B2                              0.750000    1.090870   -0.340870 (VIOLATED)
_15457_/B1                              0.750000    1.090870   -0.340870 (VIOLATED)
_15639_/C1                              0.750000    1.090870   -0.340870 (VIOLATED)
_15640_/A2                              0.750000    1.090870   -0.340870 (VIOLATED)
_16709_/B1                              0.750000    1.090870   -0.340870 (VIOLATED)
_16736_/B1                              0.750000    1.090870   -0.340870 (VIOLATED)
_16765_/B1                              0.750000    1.090870   -0.340870 (VIOLATED)
_16790_/B1                              0.750000    1.090870   -0.340870 (VIOLATED)
_16819_/A                               0.750000    1.090870   -0.340870 (VIOLATED)
_16851_/A1                              0.750000    1.090870   -0.340870 (VIOLATED)
fanout1591/X                            0.750000    1.090870   -0.340870 (VIOLATED)
_13308_/A0                              0.750000    1.090863   -0.340863 (VIOLATED)
fanout342/A                             0.750000    1.090544   -0.340544 (VIOLATED)
fanout337/A                             0.750000    1.090540   -0.340540 (VIOLATED)
fanout343/X                             0.750000    1.090540   -0.340540 (VIOLATED)
_11532_/A                               0.750000    1.089337   -0.339337 (VIOLATED)
_11685_/A                               0.750000    1.089338   -0.339338 (VIOLATED)
_11465_/A                               0.750000    1.089336   -0.339336 (VIOLATED)
_11655_/A                               0.750000    1.089332   -0.339332 (VIOLATED)
_11699_/A1                              0.750000    1.089327   -0.339327 (VIOLATED)
_11751_/D                               0.750000    1.089321   -0.339321 (VIOLATED)
_11708_/B1                              0.750000    1.089314   -0.339314 (VIOLATED)
_11628_/A                               0.750000    1.089313   -0.339313 (VIOLATED)
_11671_/B1                              0.750000    1.089311   -0.339311 (VIOLATED)
_21478_/D                               0.750000    1.089308   -0.339308 (VIOLATED)
fanout539/X                             0.750000    1.089308   -0.339308 (VIOLATED)
ANTENNA_80/DIODE                        0.750000    1.087651   -0.337651 (VIOLATED)
fanout924/A                             0.750000    1.087651   -0.337651 (VIOLATED)
_16018_/B1                              0.750000    1.087650   -0.337650 (VIOLATED)
fanout927/A                             0.750000    1.087648   -0.337648 (VIOLATED)
_16350_/A2                              0.750000    1.087641   -0.337641 (VIOLATED)
fanout931/A                             0.750000    1.087636   -0.337636 (VIOLATED)
fanout933/X                             0.750000    1.087636   -0.337636 (VIOLATED)
_10309_/S                               0.750000    1.084279   -0.334279 (VIOLATED)
fanout2255/A                            0.750000    1.084270   -0.334270 (VIOLATED)
fanout2257/A                            0.750000    1.084268   -0.334268 (VIOLATED)
_10472_/A                               0.750000    1.084265   -0.334265 (VIOLATED)
fanout2252/A                            0.750000    1.084265   -0.334265 (VIOLATED)
fanout2254/A                            0.750000    1.084265   -0.334265 (VIOLATED)
fanout2259/A                            0.750000    1.084265   -0.334265 (VIOLATED)
fanout2261/X                            0.750000    1.084265   -0.334265 (VIOLATED)
_09872_/A1                              0.750000    1.084066   -0.334066 (VIOLATED)
_15727_/B1                              0.750000    1.083939   -0.333939 (VIOLATED)
_15572_/B1                              0.750000    1.083937   -0.333937 (VIOLATED)
_16233_/A1                              0.750000    1.083936   -0.333936 (VIOLATED)
_15926_/B1                              0.750000    1.083934   -0.333934 (VIOLATED)
_11085_/A2_N                            0.750000    1.083931   -0.333931 (VIOLATED)
_16120_/B1                              0.750000    1.083932   -0.333932 (VIOLATED)
_11084_/B1                              0.750000    1.083928   -0.333928 (VIOLATED)
_14006_/C                               0.750000    1.083927   -0.333927 (VIOLATED)
_14042_/C                               0.750000    1.083927   -0.333927 (VIOLATED)
_14078_/C                               0.750000    1.083927   -0.333927 (VIOLATED)
_14114_/C                               0.750000    1.083927   -0.333927 (VIOLATED)
_14150_/C                               0.750000    1.083927   -0.333927 (VIOLATED)
fanout557/X                             0.750000    1.083927   -0.333927 (VIOLATED)
_11088_/B                               0.750000    1.083918   -0.333918 (VIOLATED)
_11089_/A2                              0.750000    1.083875   -0.333876 (VIOLATED)
_12662_/A                               0.750000    1.083836   -0.333836 (VIOLATED)
_12691_/A                               0.750000    1.082756   -0.332756 (VIOLATED)
_09871_/Y                               0.750000    1.082579   -0.332580 (VIOLATED)
fanout705/A                             0.750000    1.077381   -0.327381 (VIOLATED)
fanout707/A                             0.750000    1.077380   -0.327380 (VIOLATED)
_16201_/B1                              0.750000    1.077377   -0.327377 (VIOLATED)
fanout710/A                             0.750000    1.077374   -0.327374 (VIOLATED)
fanout720/A                             0.750000    1.077373   -0.327373 (VIOLATED)
fanout721/X                             0.750000    1.077373   -0.327373 (VIOLATED)
_11629_/B                               0.750000    1.076781   -0.326781 (VIOLATED)
_11677_/B                               0.750000    1.076780   -0.326780 (VIOLATED)
_11661_/B1                              0.750000    1.076780   -0.326780 (VIOLATED)
_11532_/B                               0.750000    1.076775   -0.326775 (VIOLATED)
_11653_/A                               0.750000    1.076773   -0.326773 (VIOLATED)
_11690_/A                               0.750000    1.076772   -0.326773 (VIOLATED)
_11654_/C1                              0.750000    1.076771   -0.326771 (VIOLATED)
_11531_/A                               0.750000    1.076768   -0.326768 (VIOLATED)
_11791_/A1                              0.750000    1.076768   -0.326768 (VIOLATED)
_21477_/D                               0.750000    1.076768   -0.326768 (VIOLATED)
fanout538/X                             0.750000    1.076768   -0.326768 (VIOLATED)
_17300_/S                               0.750000    1.076413   -0.326413 (VIOLATED)
_17308_/S                               0.750000    1.076405   -0.326405 (VIOLATED)
_17298_/S                               0.750000    1.076399   -0.326399 (VIOLATED)
_17306_/S                               0.750000    1.076399   -0.326399 (VIOLATED)
_17310_/S                               0.750000    1.076399   -0.326399 (VIOLATED)
fanout1549/X                            0.750000    1.076399   -0.326399 (VIOLATED)
_10817_/A2                              0.750000    1.073138   -0.323138 (VIOLATED)
_10819_/A2                              0.750000    1.073135   -0.323135 (VIOLATED)
_11219_/A2                              0.750000    1.073127   -0.323127 (VIOLATED)
_11214_/A2                              0.750000    1.073125   -0.323125 (VIOLATED)
_11222_/A2                              0.750000    1.073120   -0.323120 (VIOLATED)
_11223_/A2                              0.750000    1.073120   -0.323120 (VIOLATED)
_11239_/A2                              0.750000    1.073096   -0.323096 (VIOLATED)
fanout1946/A                            0.750000    1.073068   -0.323068 (VIOLATED)
fanout1948/X                            0.750000    1.073068   -0.323068 (VIOLATED)
fanout424/A                             0.750000    1.073002   -0.323002 (VIOLATED)
fanout425/A                             0.750000    1.072998   -0.322998 (VIOLATED)
_13152_/A1                              0.750000    1.072952   -0.322952 (VIOLATED)
fanout426/A                             0.750000    1.072883   -0.322883 (VIOLATED)
fanout427/A                             0.750000    1.072883   -0.322883 (VIOLATED)
fanout428/X                             0.750000    1.072883   -0.322883 (VIOLATED)
_15640_/A1                              0.750000    1.072453   -0.322453 (VIOLATED)
_11596_/A2                              0.750000    1.072062   -0.322062 (VIOLATED)
_12918_/B                               0.750000    1.072035   -0.322035 (VIOLATED)
_12956_/A_N                             0.750000    1.072035   -0.322035 (VIOLATED)
fanout1147/A                            0.750000    1.072010   -0.322010 (VIOLATED)
fanout1148/X                            0.750000    1.072010   -0.322010 (VIOLATED)
fanout344/A                             0.750000    1.071110   -0.321110 (VIOLATED)
fanout345/A                             0.750000    1.071109   -0.321109 (VIOLATED)
_14115_/A0                              0.750000    1.071073   -0.321073 (VIOLATED)
_14151_/A0                              0.750000    1.071070   -0.321070 (VIOLATED)
_14043_/A0                              0.750000    1.071068   -0.321068 (VIOLATED)
_14223_/A0                              0.750000    1.071069   -0.321069 (VIOLATED)
_14187_/A0                              0.750000    1.071063   -0.321063 (VIOLATED)
_14259_/A0                              0.750000    1.071063   -0.321063 (VIOLATED)
_14007_/A0                              0.750000    1.071062   -0.321062 (VIOLATED)
_14079_/A0                              0.750000    1.071062   -0.321062 (VIOLATED)
fanout346/X                             0.750000    1.071062   -0.321062 (VIOLATED)
fanout269/A                             0.750000    1.069121   -0.319121 (VIOLATED)
fanout267/A                             0.750000    1.069108   -0.319108 (VIOLATED)
fanout270/A                             0.750000    1.069084   -0.319084 (VIOLATED)
fanout268/A                             0.750000    1.069071   -0.319071 (VIOLATED)
fanout272/A                             0.750000    1.068950   -0.318950 (VIOLATED)
fanout569/A                             0.750000    1.068883   -0.318883 (VIOLATED)
fanout274/A                             0.750000    1.068880   -0.318880 (VIOLATED)
fanout275/X                             0.750000    1.068875   -0.318875 (VIOLATED)
fanout568/A                             0.750000    1.068848   -0.318848 (VIOLATED)
_13335_/C                               0.750000    1.068501   -0.318501 (VIOLATED)
_13371_/C                               0.750000    1.068501   -0.318501 (VIOLATED)
_13407_/C                               0.750000    1.068501   -0.318501 (VIOLATED)
_13443_/C                               0.750000    1.068501   -0.318501 (VIOLATED)
_13479_/C                               0.750000    1.068501   -0.318501 (VIOLATED)
_13515_/C                               0.750000    1.068501   -0.318501 (VIOLATED)
_13588_/C                               0.750000    1.068501   -0.318501 (VIOLATED)
_13624_/C                               0.750000    1.068501   -0.318501 (VIOLATED)
fanout570/X                             0.750000    1.068501   -0.318501 (VIOLATED)
fanout864/A                             0.750000    1.066149   -0.316149 (VIOLATED)
_16020_/B1                              0.750000    1.066149   -0.316149 (VIOLATED)
fanout867/A                             0.750000    1.066149   -0.316149 (VIOLATED)
fanout869/A                             0.750000    1.066149   -0.316149 (VIOLATED)
fanout871/A                             0.750000    1.066149   -0.316149 (VIOLATED)
fanout872/X                             0.750000    1.066149   -0.316149 (VIOLATED)
_10892_/B2                              0.750000    1.065441   -0.315441 (VIOLATED)
_11266_/B1                              0.750000    1.065432   -0.315432 (VIOLATED)
_11271_/A1                              0.750000    1.065429   -0.315429 (VIOLATED)
fanout1884/A                            0.750000    1.065423   -0.315423 (VIOLATED)
fanout1888/A                            0.750000    1.065392   -0.315392 (VIOLATED)
fanout1886/A                            0.750000    1.065388   -0.315389 (VIOLATED)
fanout1889/X                            0.750000    1.065388   -0.315389 (VIOLATED)
_17033_/A2                              0.750000    1.063502   -0.313502 (VIOLATED)
_17084_/A2                              0.750000    1.063500   -0.313500 (VIOLATED)
_17107_/A2                              0.750000    1.063499   -0.313499 (VIOLATED)
_17137_/A2                              0.750000    1.063493   -0.313493 (VIOLATED)
fanout1968/A                            0.750000    1.063169   -0.313169 (VIOLATED)
_12436_/A2                              0.750000    1.063155   -0.313155 (VIOLATED)
fanout1967/A                            0.750000    1.063150   -0.313150 (VIOLATED)
fanout1969/X                            0.750000    1.063150   -0.313150 (VIOLATED)
_09854_/A1                              0.750000    1.061283   -0.311283 (VIOLATED)
_10877_/A                               0.750000    1.061282   -0.311282 (VIOLATED)
_10880_/A                               0.750000    1.061282   -0.311282 (VIOLATED)
fanout2049/A                            0.750000    1.061275   -0.311275 (VIOLATED)
_10913_/A                               0.750000    1.061275   -0.311275 (VIOLATED)
_11265_/A                               0.750000    1.061273   -0.311273 (VIOLATED)
_10887_/A                               0.750000    1.061272   -0.311272 (VIOLATED)
_09346_/A_N                             0.750000    1.061271   -0.311271 (VIOLATED)
_09348_/A2                              0.750000    1.061271   -0.311271 (VIOLATED)
_09349_/A_N                             0.750000    1.061271   -0.311271 (VIOLATED)
fanout2051/X                            0.750000    1.061271   -0.311271 (VIOLATED)
_11212_/A                               0.750000    1.056846   -0.306846 (VIOLATED)
_11213_/B                               0.750000    1.056842   -0.306842 (VIOLATED)
_11338_/A2_N                            0.750000    1.056837   -0.306837 (VIOLATED)
_12730_/A1                              0.750000    1.056710   -0.306710 (VIOLATED)
_12761_/A1                              0.750000    1.056587   -0.306588 (VIOLATED)
_11211_/Y                               0.750000    1.056532   -0.306532 (VIOLATED)
_12063_/A1                              0.750000    1.055063   -0.305063 (VIOLATED)
_12072_/A1                              0.750000    1.055061   -0.305061 (VIOLATED)
_12366_/A1                              0.750000    1.055059   -0.305059 (VIOLATED)
_12155_/A1                              0.750000    1.055058   -0.305058 (VIOLATED)
_12166_/A1                              0.750000    1.055056   -0.305056 (VIOLATED)
_12402_/A1                              0.750000    1.055049   -0.305049 (VIOLATED)
_12408_/A                               0.750000    1.055047   -0.305047 (VIOLATED)
fanout1670/X                            0.750000    1.055047   -0.305047 (VIOLATED)
load_slew1642/A                         0.750000    1.050215   -0.300216 (VIOLATED)
_09452_/A                               0.750000    1.050215   -0.300215 (VIOLATED)
_10713_/B1                              0.750000    1.050210   -0.300210 (VIOLATED)
_09303_/B1                              0.750000    1.050209   -0.300209 (VIOLATED)
_10837_/B1                              0.750000    1.050209   -0.300209 (VIOLATED)
_11241_/B1                              0.750000    1.050209   -0.300209 (VIOLATED)
fanout1641/X                            0.750000    1.050209   -0.300209 (VIOLATED)
fanout482/A                             0.750000    1.045591   -0.295591 (VIOLATED)
fanout475/A                             0.750000    1.045585   -0.295585 (VIOLATED)
fanout476/A                             0.750000    1.045585   -0.295585 (VIOLATED)
fanout477/A                             0.750000    1.045257   -0.295257 (VIOLATED)
fanout478/A                             0.750000    1.045257   -0.295257 (VIOLATED)
fanout483/X                             0.750000    1.045257   -0.295257 (VIOLATED)
_15316_/A1                              0.750000    1.043825   -0.293825 (VIOLATED)
_13727_/B                               0.750000    1.043806   -0.293806 (VIOLATED)
_13764_/B                               0.750000    1.043806   -0.293806 (VIOLATED)
_13875_/B                               0.750000    1.043806   -0.293806 (VIOLATED)
_13801_/B                               0.750000    1.043805   -0.293805 (VIOLATED)
_13838_/B                               0.750000    1.043805   -0.293806 (VIOLATED)
_13912_/B                               0.750000    1.043805   -0.293805 (VIOLATED)
_16410_/B2                              0.750000    1.043805   -0.293805 (VIOLATED)
_13653_/B                               0.750000    1.043804   -0.293804 (VIOLATED)
_16044_/B1                              0.750000    1.043803   -0.293803 (VIOLATED)
fanout563/X                             0.750000    1.043803   -0.293803 (VIOLATED)
fanout1956/A                            0.750000    1.043461   -0.293461 (VIOLATED)
_10946_/A2                              0.750000    1.043460   -0.293460 (VIOLATED)
_10943_/A2                              0.750000    1.043457   -0.293457 (VIOLATED)
fanout1953/A                            0.750000    1.043453   -0.293453 (VIOLATED)
_10952_/A2                              0.750000    1.043451   -0.293451 (VIOLATED)
fanout1951/A                            0.750000    1.043434   -0.293434 (VIOLATED)
fanout1958/X                            0.750000    1.043434   -0.293434 (VIOLATED)
_11026_/A2                              0.750000    1.042575   -0.292575 (VIOLATED)
_11029_/A2                              0.750000    1.042574   -0.292574 (VIOLATED)
_10780_/A2                              0.750000    1.042572   -0.292572 (VIOLATED)
_10783_/A2                              0.750000    1.042572   -0.292572 (VIOLATED)
_11039_/A2                              0.750000    1.042568   -0.292568 (VIOLATED)
_10757_/A2                              0.750000    1.042567   -0.292567 (VIOLATED)
_11043_/A2                              0.750000    1.042567   -0.292567 (VIOLATED)
_11049_/A2                              0.750000    1.042567   -0.292567 (VIOLATED)
fanout1918/A                            0.750000    1.042567   -0.292567 (VIOLATED)
fanout1920/X                            0.750000    1.042567   -0.292567 (VIOLATED)
_17423_/S                               0.750000    1.041194   -0.291194 (VIOLATED)
_17415_/S                               0.750000    1.041173   -0.291173 (VIOLATED)
_17421_/S                               0.750000    1.041172   -0.291172 (VIOLATED)
_17429_/S                               0.750000    1.041172   -0.291172 (VIOLATED)
_17445_/S                               0.750000    1.041166   -0.291166 (VIOLATED)
fanout1342/X                            0.750000    1.041166   -0.291166 (VIOLATED)
wire1343/A                              0.750000    1.041166   -0.291166 (VIOLATED)
_17832_/S                               0.750000    1.040894   -0.290894 (VIOLATED)
_17840_/S                               0.750000    1.040880   -0.290880 (VIOLATED)
_17838_/S                               0.750000    1.040854   -0.290854 (VIOLATED)
_17830_/S                               0.750000    1.040854   -0.290854 (VIOLATED)
_17842_/S                               0.750000    1.040854   -0.290854 (VIOLATED)
fanout1267/X                            0.750000    1.040854   -0.290854 (VIOLATED)
_16192_/S                               0.750000    1.040088   -0.290088 (VIOLATED)
_15641_/S                               0.750000    1.040082   -0.290082 (VIOLATED)
_16592_/S                               0.750000    1.040082   -0.290082 (VIOLATED)
fanout1387/X                            0.750000    1.040082   -0.290082 (VIOLATED)
wire1389/A                              0.750000    1.040082   -0.290082 (VIOLATED)
_16766_/A1                              0.750000    1.036214   -0.286214 (VIOLATED)
_16708_/A                               0.750000    1.036213   -0.286213 (VIOLATED)
_16190_/A1                              0.750000    1.036212   -0.286212 (VIOLATED)
_16737_/A1                              0.750000    1.036211   -0.286211 (VIOLATED)
_16789_/A                               0.750000    1.036210   -0.286210 (VIOLATED)
_15272_/A                               0.750000    1.036209   -0.286209 (VIOLATED)
_09228_/B                               0.750000    1.036208   -0.286208 (VIOLATED)
_09229_/B                               0.750000    1.036208   -0.286208 (VIOLATED)
_15825_/A1                              0.750000    1.036208   -0.286208 (VIOLATED)
_16009_/A1                              0.750000    1.036208   -0.286208 (VIOLATED)
fanout1971/X                            0.750000    1.036208   -0.286208 (VIOLATED)
_18267_/A1_N                            0.750000    1.035213   -0.285213 (VIOLATED)
_18258_/A1_N                            0.750000    1.035211   -0.285211 (VIOLATED)
_18250_/A1_N                            0.750000    1.035208   -0.285208 (VIOLATED)
_18245_/A1_N                            0.750000    1.035207   -0.285207 (VIOLATED)
_18235_/A1_N                            0.750000    1.035206   -0.285206 (VIOLATED)
_12416_/A                               0.750000    1.035202   -0.285202 (VIOLATED)
_11464_/A1_N                            0.750000    1.035200   -0.285200 (VIOLATED)
_11570_/B2                              0.750000    1.035200   -0.285200 (VIOLATED)
_11596_/B2                              0.750000    1.035200   -0.285200 (VIOLATED)
_11621_/B2                              0.750000    1.035200   -0.285200 (VIOLATED)
fanout1609/X                            0.750000    1.035200   -0.285200 (VIOLATED)
_09797_/B1                              0.750000    1.034679   -0.284679 (VIOLATED)
_10291_/A2                              0.750000    1.034677   -0.284677 (VIOLATED)
_10295_/A2                              0.750000    1.034676   -0.284676 (VIOLATED)
_10297_/A2                              0.750000    1.034674   -0.284674 (VIOLATED)
load_slew1800/A                         0.750000    1.034672   -0.284672 (VIOLATED)
_10312_/A2                              0.750000    1.034671   -0.284671 (VIOLATED)
_10120_/A2                              0.750000    1.034671   -0.284671 (VIOLATED)
fanout1799/X                            0.750000    1.034671   -0.284671 (VIOLATED)
_12449_/S                               0.750000    1.034378   -0.284378 (VIOLATED)
_12454_/S                               0.750000    1.034378   -0.284378 (VIOLATED)
_12459_/S                               0.750000    1.034378   -0.284378 (VIOLATED)
_12538_/A1                              0.750000    1.034377   -0.284377 (VIOLATED)
_12546_/A1                              0.750000    1.034377   -0.284377 (VIOLATED)
_12531_/S                               0.750000    1.034376   -0.284376 (VIOLATED)
_12550_/S                               0.750000    1.034376   -0.284376 (VIOLATED)
_12562_/S                               0.750000    1.034376   -0.284376 (VIOLATED)
_12568_/S                               0.750000    1.034376   -0.284376 (VIOLATED)
_12573_/S                               0.750000    1.034376   -0.284376 (VIOLATED)
fanout1589/X                            0.750000    1.034376   -0.284376 (VIOLATED)
fanout307/A                             0.750000    1.034245   -0.284245 (VIOLATED)
ANTENNA_63/DIODE                        0.750000    1.034235   -0.284235 (VIOLATED)
fanout309/A                             0.750000    1.034235   -0.284235 (VIOLATED)
_12724_/X                               0.750000    1.034202   -0.284202 (VIOLATED)
fanout303/A                             0.750000    1.034202   -0.284202 (VIOLATED)
fanout304/A                             0.750000    1.034202   -0.284202 (VIOLATED)
_11230_/A2                              0.750000    1.034122   -0.284122 (VIOLATED)
_11232_/B1                              0.750000    1.034122   -0.284122 (VIOLATED)
_11308_/A2                              0.750000    1.034117   -0.284117 (VIOLATED)
fanout1827/A                            0.750000    1.034115   -0.284116 (VIOLATED)
_11311_/A2                              0.750000    1.034111   -0.284111 (VIOLATED)
_11073_/A2                              0.750000    1.034097   -0.284097 (VIOLATED)
fanout1829/A                            0.750000    1.034097   -0.284097 (VIOLATED)
fanout1831/X                            0.750000    1.034097   -0.284097 (VIOLATED)
fanout1812/A                            0.750000    1.031403   -0.281403 (VIOLATED)
_11206_/B2                              0.750000    1.031402   -0.281402 (VIOLATED)
_11202_/B1                              0.750000    1.031399   -0.281399 (VIOLATED)
fanout1809/A                            0.750000    1.031396   -0.281396 (VIOLATED)
fanout1806/A                            0.750000    1.031394   -0.281394 (VIOLATED)
fanout1807/A                            0.750000    1.031390   -0.281390 (VIOLATED)
fanout1814/X                            0.750000    1.031390   -0.281390 (VIOLATED)
_12767_/B                               0.750000    1.029919   -0.279919 (VIOLATED)
_15437_/A                               0.750000    1.029912   -0.279912 (VIOLATED)
_16321_/A                               0.750000    1.029866   -0.279866 (VIOLATED)
_16463_/A1                              0.750000    1.029866   -0.279866 (VIOLATED)
fanout597/A                             0.750000    1.029866   -0.279866 (VIOLATED)
fanout598/X                             0.750000    1.029866   -0.279866 (VIOLATED)
_13164_/A0                              0.750000    1.027751   -0.277752 (VIOLATED)
_13970_/A0                              0.750000    1.027751   -0.277751 (VIOLATED)
_14372_/A0                              0.750000    1.027751   -0.277751 (VIOLATED)
_14989_/A0                              0.750000    1.027749   -0.277749 (VIOLATED)
_13563_/A0                              0.750000    1.027747   -0.277747 (VIOLATED)
_14952_/A0                              0.750000    1.027744   -0.277744 (VIOLATED)
_14771_/A0                              0.750000    1.027743   -0.277743 (VIOLATED)
_12713_/A0                              0.750000    1.027741   -0.277741 (VIOLATED)
fanout335/A                             0.750000    1.027669   -0.277669 (VIOLATED)
fanout336/A                             0.750000    1.027669   -0.277669 (VIOLATED)
fanout337/X                             0.750000    1.027669   -0.277669 (VIOLATED)
_17084_/A1                              0.750000    1.024271   -0.274271 (VIOLATED)
_16900_/A1                              0.750000    1.024271   -0.274271 (VIOLATED)
_16875_/A1                              0.750000    1.024268   -0.274268 (VIOLATED)
_17033_/A1                              0.750000    1.024264   -0.274264 (VIOLATED)
_09252_/A                               0.750000    1.024263   -0.274263 (VIOLATED)
_16954_/A1                              0.750000    1.024258   -0.274258 (VIOLATED)
_16931_/A1                              0.750000    1.024255   -0.274255 (VIOLATED)
_16979_/A1                              0.750000    1.024255   -0.274255 (VIOLATED)
_17002_/A1                              0.750000    1.024255   -0.274255 (VIOLATED)
_17158_/A1                              0.750000    1.024255   -0.274255 (VIOLATED)
fanout2300/X                            0.750000    1.024255   -0.274255 (VIOLATED)
_10239_/C1                              0.750000    1.023592   -0.273592 (VIOLATED)
_10270_/A                               0.750000    1.023585   -0.273585 (VIOLATED)
fanout1621/A                            0.750000    1.023585   -0.273585 (VIOLATED)
fanout1624/X                            0.750000    1.023585   -0.273585 (VIOLATED)
wire1626/A                              0.750000    1.023585   -0.273585 (VIOLATED)
_12165_/B1                              0.750000    1.021950   -0.271950 (VIOLATED)
fanout1650/A                            0.750000    1.021936   -0.271936 (VIOLATED)
fanout1647/A                            0.750000    1.021930   -0.271930 (VIOLATED)
fanout1649/A                            0.750000    1.021930   -0.271930 (VIOLATED)
fanout1654/A                            0.750000    1.021930   -0.271930 (VIOLATED)
fanout1656/X                            0.750000    1.021930   -0.271930 (VIOLATED)
_17085_/B2                              0.750000    1.019273   -0.269273 (VIOLATED)
_17108_/B2                              0.750000    1.019273   -0.269273 (VIOLATED)
_17138_/B2                              0.750000    1.019270   -0.269270 (VIOLATED)
fanout1599/A                            0.750000    1.019266   -0.269266 (VIOLATED)
_16265_/A2                              0.750000    1.019264   -0.269264 (VIOLATED)
_16509_/A2                              0.750000    1.019261   -0.269261 (VIOLATED)
fanout1598/A                            0.750000    1.019256   -0.269256 (VIOLATED)
fanout1600/X                            0.750000    1.019256   -0.269256 (VIOLATED)
fanout801/A                             0.750000    1.019253   -0.269253 (VIOLATED)
fanout803/A                             0.750000    1.019241   -0.269241 (VIOLATED)
fanout805/A                             0.750000    1.019241   -0.269241 (VIOLATED)
fanout806/X                             0.750000    1.019241   -0.269241 (VIOLATED)
_17524_/S                               0.750000    1.018653   -0.268653 (VIOLATED)
_17541_/S                               0.750000    1.018631   -0.268631 (VIOLATED)
_17533_/S                               0.750000    1.018618   -0.268618 (VIOLATED)
_17535_/S                               0.750000    1.018594   -0.268594 (VIOLATED)
_17543_/S                               0.750000    1.018589   -0.268589 (VIOLATED)
fanout1332/X                            0.750000    1.018589   -0.268589 (VIOLATED)
fanout2055/A                            0.750000    1.016538   -0.266538 (VIOLATED)
fanout2057/A                            0.750000    1.016537   -0.266537 (VIOLATED)
_10689_/A                               0.750000    1.016526   -0.266525 (VIOLATED)
_11217_/A                               0.750000    1.016521   -0.266521 (VIOLATED)
_10816_/A                               0.750000    1.016518   -0.266518 (VIOLATED)
_09336_/A1                              0.750000    1.016487   -0.266487 (VIOLATED)
_09337_/A1                              0.750000    1.016487   -0.266487 (VIOLATED)
fanout2058/X                            0.750000    1.016487   -0.266487 (VIOLATED)
_16535_/B1                              0.750000    1.014928   -0.264928 (VIOLATED)
_16548_/B1                              0.750000    1.014918   -0.264918 (VIOLATED)
fanout875/A                             0.750000    1.014883   -0.264883 (VIOLATED)
fanout877/A                             0.750000    1.014829   -0.264829 (VIOLATED)
_15476_/A2                              0.750000    1.014816   -0.264816 (VIOLATED)
fanout879/A                             0.750000    1.014816   -0.264816 (VIOLATED)
fanout880/X                             0.750000    1.014816   -0.264816 (VIOLATED)
fanout198/A                             0.750000    1.012115   -0.262115 (VIOLATED)
_15244_/A1                              0.750000    1.011940   -0.261940 (VIOLATED)
_14624_/C                               0.750000    1.011936   -0.261936 (VIOLATED)
_14660_/C                               0.750000    1.011936   -0.261936 (VIOLATED)
_14696_/C                               0.750000    1.011936   -0.261936 (VIOLATED)
_14732_/C                               0.750000    1.011936   -0.261936 (VIOLATED)
_14805_/C                               0.750000    1.011936   -0.261936 (VIOLATED)
_14841_/C                               0.750000    1.011936   -0.261936 (VIOLATED)
_14877_/C                               0.750000    1.011936   -0.261936 (VIOLATED)
_14913_/C                               0.750000    1.011936   -0.261936 (VIOLATED)
_15770_/B1                              0.750000    1.011936   -0.261936 (VIOLATED)
fanout544/X                             0.750000    1.011936   -0.261936 (VIOLATED)
fanout201/A                             0.750000    1.011802   -0.261802 (VIOLATED)
fanout199/A                             0.750000    1.011797   -0.261797 (VIOLATED)
fanout200/A                             0.750000    1.011797   -0.261797 (VIOLATED)
fanout202/A                             0.750000    1.011797   -0.261797 (VIOLATED)
fanout203/X                             0.750000    1.011797   -0.261797 (VIOLATED)
fanout317/A                             0.750000    1.010567   -0.260567 (VIOLATED)
fanout316/A                             0.750000    1.010559   -0.260559 (VIOLATED)
fanout315/A                             0.750000    1.010549   -0.260549 (VIOLATED)
fanout310/A                             0.750000    1.010529   -0.260529 (VIOLATED)
fanout312/A                             0.750000    1.010529   -0.260529 (VIOLATED)
fanout318/X                             0.750000    1.010529   -0.260529 (VIOLATED)
_12716_/A0                              0.750000    1.010287   -0.260287 (VIOLATED)
_14772_/A0                              0.750000    1.010286   -0.260286 (VIOLATED)
_14953_/A0                              0.750000    1.010286   -0.260286 (VIOLATED)
_13971_/A0                              0.750000    1.010285   -0.260285 (VIOLATED)
_14990_/A0                              0.750000    1.010282   -0.260282 (VIOLATED)
_13823_/A0                              0.750000    1.010272   -0.260272 (VIOLATED)
_13934_/A0                              0.750000    1.010272   -0.260272 (VIOLATED)
_14261_/A0                              0.750000    1.010253   -0.260253 (VIOLATED)
_14225_/A0                              0.750000    1.010250   -0.260250 (VIOLATED)
fanout327/A                             0.750000    1.010250   -0.260250 (VIOLATED)
fanout328/X                             0.750000    1.010250   -0.260250 (VIOLATED)
_17366_/S                               0.750000    1.009541   -0.259541 (VIOLATED)
_17374_/S                               0.750000    1.009536   -0.259536 (VIOLATED)
_17376_/S                               0.750000    1.009526   -0.259526 (VIOLATED)
_17364_/S                               0.750000    1.009523   -0.259523 (VIOLATED)
_17372_/S                               0.750000    1.009523   -0.259523 (VIOLATED)
fanout1354/X                            0.750000    1.009523   -0.259523 (VIOLATED)
_10822_/A1                              0.750000    1.009273   -0.259273 (VIOLATED)
_10699_/A1                              0.750000    1.009250   -0.259250 (VIOLATED)
_10712_/A1                              0.750000    1.009209   -0.259209 (VIOLATED)
_11067_/A1                              0.750000    1.008830   -0.258830 (VIOLATED)
fanout1986/X                            0.750000    1.008815   -0.258815 (VIOLATED)
load_slew1987/A                         0.750000    1.008815   -0.258815 (VIOLATED)
_17107_/A1                              0.750000    1.007735   -0.257735 (VIOLATED)
_17137_/A1                              0.750000    1.007731   -0.257731 (VIOLATED)
fanout2300/A                            0.750000    1.007693   -0.257693 (VIOLATED)
_16826_/A1                              0.750000    1.007671   -0.257671 (VIOLATED)
_17187_/A1                              0.750000    1.007649   -0.257649 (VIOLATED)
fanout2298/A                            0.750000    1.007334   -0.257334 (VIOLATED)
fanout2299/A                            0.750000    1.007334   -0.257334 (VIOLATED)
fanout2301/X                            0.750000    1.007334   -0.257334 (VIOLATED)
_11920_/S                               0.750000    1.007128   -0.257128 (VIOLATED)
_11919_/S0                              0.750000    1.007127   -0.257127 (VIOLATED)
fanout2504/A                            0.750000    1.007115   -0.257115 (VIOLATED)
fanout2510/A                            0.750000    1.007096   -0.257096 (VIOLATED)
fanout2507/A                            0.750000    1.007080   -0.257080 (VIOLATED)
fanout2512/X                            0.750000    1.007080   -0.257080 (VIOLATED)
_12923_/A1                              0.750000    1.006217   -0.256218 (VIOLATED)
_15044_/A1                              0.750000    1.006215   -0.256215 (VIOLATED)
_15008_/A1                              0.750000    1.006214   -0.256214 (VIOLATED)
_12961_/A1                              0.750000    1.006211   -0.256211 (VIOLATED)
_12885_/A1                              0.750000    1.006203   -0.256203 (VIOLATED)
_12809_/A1                              0.750000    1.006202   -0.256202 (VIOLATED)
_12847_/A1                              0.750000    1.006195   -0.256195 (VIOLATED)
_12771_/A1                              0.750000    1.006190   -0.256190 (VIOLATED)
_13916_/A1                              0.750000    1.006087   -0.256087 (VIOLATED)
ANTENNA_74/DIODE                        0.750000    1.006083   -0.256083 (VIOLATED)
fanout473/A                             0.750000    1.006081   -0.256081 (VIOLATED)
fanout474/X                             0.750000    1.006081   -0.256081 (VIOLATED)
_13171_/A                               0.750000    1.004912   -0.254912 (VIOLATED)
_13570_/A                               0.750000    1.004912   -0.254912 (VIOLATED)
_13977_/A                               0.750000    1.004912   -0.254912 (VIOLATED)
_14379_/A                               0.750000    1.004912   -0.254912 (VIOLATED)
_14959_/A                               0.750000    1.004911   -0.254911 (VIOLATED)
_12736_/B                               0.750000    1.004910   -0.254910 (VIOLATED)
_14996_/A                               0.750000    1.004910   -0.254910 (VIOLATED)
_14778_/A                               0.750000    1.004909   -0.254909 (VIOLATED)
_13681_/A                               0.750000    1.004895   -0.254895 (VIOLATED)
_13718_/A                               0.750000    1.004895   -0.254895 (VIOLATED)
fanout285/X                             0.750000    1.004895   -0.254895 (VIOLATED)
_17444_/S                               0.750000    1.003615   -0.253615 (VIOLATED)
_17425_/S                               0.750000    1.003614   -0.253614 (VIOLATED)
_17434_/S                               0.750000    1.003614   -0.253614 (VIOLATED)
_17436_/S                               0.750000    1.003614   -0.253614 (VIOLATED)
_17442_/S                               0.750000    1.003614   -0.253614 (VIOLATED)
fanout1341/X                            0.750000    1.003614   -0.253614 (VIOLATED)
_10209_/B2                              0.750000    1.002214   -0.252214 (VIOLATED)
_10357_/A                               0.750000    1.002170   -0.252171 (VIOLATED)
load_slew1715/A                         0.750000    1.002156   -0.252156 (VIOLATED)
fanout1709/A                            0.750000    1.001771   -0.251771 (VIOLATED)
fanout1714/X                            0.750000    1.001771   -0.251771 (VIOLATED)
_17557_/S                               0.750000    1.000723   -0.250723 (VIOLATED)
_17556_/S                               0.750000    1.000721   -0.250721 (VIOLATED)
_17554_/S                               0.750000    1.000698   -0.250698 (VIOLATED)
load_slew1326/A                         0.750000    1.000691   -0.250691 (VIOLATED)
_17562_/S                               0.750000    1.000683   -0.250683 (VIOLATED)
_17548_/S                               0.750000    1.000677   -0.250677 (VIOLATED)
fanout1325/X                            0.750000    1.000677   -0.250677 (VIOLATED)
_16263_/A2                              0.750000    0.999846   -0.249846 (VIOLATED)
_16512_/A2                              0.750000    0.999836   -0.249836 (VIOLATED)
fanout680/A                             0.750000    0.999831   -0.249831 (VIOLATED)
fanout682/A                             0.750000    0.999823   -0.249823 (VIOLATED)
fanout684/A                             0.750000    0.999821   -0.249821 (VIOLATED)
fanout686/X                             0.750000    0.999821   -0.249821 (VIOLATED)
_17781_/S                               0.750000    0.999809   -0.249809 (VIOLATED)
_17780_/S                               0.750000    0.999801   -0.249801 (VIOLATED)
_17794_/S                               0.750000    0.999801   -0.249801 (VIOLATED)
_17797_/S                               0.750000    0.999801   -0.249801 (VIOLATED)
fanout1273/X                            0.750000    0.999801   -0.249801 (VIOLATED)
load_slew1275/A                         0.750000    0.999801   -0.249801 (VIOLATED)
_16900_/A3                              0.750000    0.998823   -0.248823 (VIOLATED)
_09252_/B                               0.750000    0.998822   -0.248822 (VIOLATED)
_16875_/A3                              0.750000    0.998822   -0.248822 (VIOLATED)
_16954_/A2                              0.750000    0.998820   -0.248821 (VIOLATED)
_12529_/B                               0.750000    0.998820   -0.248820 (VIOLATED)
_12535_/B                               0.750000    0.998820   -0.248820 (VIOLATED)
_12543_/B                               0.750000    0.998820   -0.248820 (VIOLATED)
_16979_/A2                              0.750000    0.998820   -0.248820 (VIOLATED)
_17002_/A2                              0.750000    0.998820   -0.248820 (VIOLATED)
_17158_/A2                              0.750000    0.998820   -0.248820 (VIOLATED)
fanout1968/X                            0.750000    0.998820   -0.248820 (VIOLATED)
_16490_/B1                              0.750000    0.998037   -0.248037 (VIOLATED)
_16228_/A2                              0.750000    0.998030   -0.248030 (VIOLATED)
fanout776/A                             0.750000    0.998026   -0.248026 (VIOLATED)
fanout773/A                             0.750000    0.998022   -0.248022 (VIOLATED)
fanout780/A                             0.750000    0.998022   -0.248022 (VIOLATED)
fanout782/X                             0.750000    0.998022   -0.248022 (VIOLATED)
_11908_/A                               0.750000    0.996297   -0.246297 (VIOLATED)
_11876_/A1                              0.750000    0.996294   -0.246294 (VIOLATED)
_11864_/A                               0.750000    0.996290   -0.246290 (VIOLATED)
_12001_/A                               0.750000    0.996282   -0.246282 (VIOLATED)
_12011_/A1                              0.750000    0.996282   -0.246282 (VIOLATED)
fanout2398/X                            0.750000    0.996282   -0.246282 (VIOLATED)
load_slew2399/A                         0.750000    0.996282   -0.246282 (VIOLATED)
_16726_/B2                              0.750000    0.995882   -0.245882 (VIOLATED)
_16687_/B1                              0.750000    0.995882   -0.245882 (VIOLATED)
_16754_/B1                              0.750000    0.995881   -0.245881 (VIOLATED)
_17166_/B1                              0.750000    0.995880   -0.245880 (VIOLATED)
_11581_/A2                              0.750000    0.995878   -0.245878 (VIOLATED)
_11607_/A1                              0.750000    0.995878   -0.245878 (VIOLATED)
_12606_/A1                              0.750000    0.995878   -0.245878 (VIOLATED)
_16580_/B1                              0.750000    0.995878   -0.245878 (VIOLATED)
_16665_/B2                              0.750000    0.995878   -0.245878 (VIOLATED)
_16779_/B1                              0.750000    0.995878   -0.245878 (VIOLATED)
fanout1163/X                            0.750000    0.995878   -0.245878 (VIOLATED)
_11861_/A1                              0.750000    0.995292   -0.245292 (VIOLATED)
_12184_/A1                              0.750000    0.995291   -0.245291 (VIOLATED)
_12176_/A1                              0.750000    0.995289   -0.245289 (VIOLATED)
_11848_/A1                              0.750000    0.995284   -0.245284 (VIOLATED)
_11831_/A1                              0.750000    0.995281   -0.245281 (VIOLATED)
_11841_/A1                              0.750000    0.995281   -0.245281 (VIOLATED)
_11922_/A1                              0.750000    0.995278   -0.245278 (VIOLATED)
_12034_/A1                              0.750000    0.995278   -0.245278 (VIOLATED)
fanout1680/X                            0.750000    0.995278   -0.245278 (VIOLATED)
wire595/A                               0.750000    0.994197   -0.244197 (VIOLATED)
wire596/A                               0.750000    0.994197   -0.244197 (VIOLATED)
_15869_/A1                              0.750000    0.993894   -0.243894 (VIOLATED)
_15361_/A1                              0.750000    0.993878   -0.243878 (VIOLATED)
_16077_/B1                              0.750000    0.993866   -0.243866 (VIOLATED)
_15108_/A                               0.750000    0.993865   -0.243865 (VIOLATED)
_15525_/A                               0.750000    0.993864   -0.243864 (VIOLATED)
fanout594/X                             0.750000    0.993864   -0.243864 (VIOLATED)
_12723_/A0                              0.750000    0.993572   -0.243572 (VIOLATED)
ANTENNA_96/DIODE                        0.750000    0.993570   -0.243570 (VIOLATED)
_12546_/A2                              0.750000    0.993557   -0.243557 (VIOLATED)
_11305_/A2                              0.750000    0.993554   -0.243554 (VIOLATED)
_11339_/B2                              0.750000    0.993554   -0.243554 (VIOLATED)
ANTENNA_61/DIODE                        0.750000    0.993454   -0.243454 (VIOLATED)
_12753_/A1                              0.750000    0.993442   -0.243442 (VIOLATED)
_11275_/X                               0.750000    0.993375   -0.243375 (VIOLATED)
fanout881/A                             0.750000    0.988722   -0.238722 (VIOLATED)
_16117_/A2                              0.750000    0.988711   -0.238711 (VIOLATED)
_16129_/B1                              0.750000    0.988701   -0.238701 (VIOLATED)
_16313_/A2                              0.750000    0.988699   -0.238699 (VIOLATED)
fanout883/A                             0.750000    0.988699   -0.238699 (VIOLATED)
fanout887/A                             0.750000    0.988699   -0.238699 (VIOLATED)
fanout889/X                             0.750000    0.988699   -0.238699 (VIOLATED)
fanout765/A                             0.750000    0.987867   -0.237867 (VIOLATED)
_12919_/Y                               0.750000    0.987602   -0.237602 (VIOLATED)
fanout796/A                             0.750000    0.987602   -0.237602 (VIOLATED)
_17390_/S                               0.750000    0.987070   -0.237070 (VIOLATED)
_17391_/S                               0.750000    0.987069   -0.237069 (VIOLATED)
_17382_/S                               0.750000    0.987046   -0.237046 (VIOLATED)
_17388_/S                               0.750000    0.987045   -0.237045 (VIOLATED)
_17396_/S                               0.750000    0.987045   -0.237045 (VIOLATED)
fanout1538/X                            0.750000    0.987045   -0.237045 (VIOLATED)
load_slew1539/A                         0.750000    0.987045   -0.237045 (VIOLATED)
_17494_/S                               0.750000    0.983142   -0.233142 (VIOLATED)
_17486_/S                               0.750000    0.983127   -0.233127 (VIOLATED)
_17483_/S                               0.750000    0.983120   -0.233120 (VIOLATED)
_17492_/S                               0.750000    0.983096   -0.233096 (VIOLATED)
fanout1518/X                            0.750000    0.983079   -0.233079 (VIOLATED)
wire1519/A                              0.750000    0.983079   -0.233079 (VIOLATED)
_17849_/S                               0.750000    0.981757   -0.231757 (VIOLATED)
_17857_/S                               0.750000    0.981756   -0.231756 (VIOLATED)
_17855_/S                               0.750000    0.981753   -0.231754 (VIOLATED)
fanout1489/X                            0.750000    0.981741   -0.231741 (VIOLATED)
load_slew1490/A                         0.750000    0.981741   -0.231741 (VIOLATED)
load_slew1491/A                         0.750000    0.981741   -0.231741 (VIOLATED)
_17333_/S                               0.750000    0.981129   -0.231129 (VIOLATED)
_17341_/S                               0.750000    0.981124   -0.231124 (VIOLATED)
fanout2147/A                            0.750000    0.981104   -0.231104 (VIOLATED)
fanout2145/A                            0.750000    0.981097   -0.231097 (VIOLATED)
_11163_/C1                              0.750000    0.981084   -0.231084 (VIOLATED)
_17331_/S                               0.750000    0.981083   -0.231083 (VIOLATED)
_17339_/S                               0.750000    0.981083   -0.231083 (VIOLATED)
_17343_/S                               0.750000    0.981083   -0.231083 (VIOLATED)
fanout1364/X                            0.750000    0.981083   -0.231083 (VIOLATED)
_11164_/B1_N                            0.750000    0.981076   -0.231076 (VIOLATED)
fanout2142/A                            0.750000    0.981045   -0.231045 (VIOLATED)
fanout2151/A                            0.750000    0.981026   -0.231026 (VIOLATED)
fanout2153/X                            0.750000    0.981026   -0.231026 (VIOLATED)
_10258_/A1                              0.750000    0.980746   -0.230746 (VIOLATED)
_11426_/A                               0.750000    0.980745   -0.230745 (VIOLATED)
_11432_/A1                              0.750000    0.980742   -0.230742 (VIOLATED)
_11474_/S                               0.750000    0.980732   -0.230732 (VIOLATED)
_11535_/A                               0.750000    0.980732   -0.230732 (VIOLATED)
_11536_/A                               0.750000    0.980729   -0.230729 (VIOLATED)
_11417_/B                               0.750000    0.980729   -0.230729 (VIOLATED)
_11420_/C1                              0.750000    0.980727   -0.230727 (VIOLATED)
_16908_/A1                              0.750000    0.980727   -0.230727 (VIOLATED)
_17162_/A                               0.750000    0.980727   -0.230727 (VIOLATED)
fanout1455/X                            0.750000    0.980727   -0.230727 (VIOLATED)
_17301_/S                               0.750000    0.980638   -0.230638 (VIOLATED)
_17303_/S                               0.750000    0.980630   -0.230630 (VIOLATED)
_17311_/S                               0.750000    0.980615   -0.230615 (VIOLATED)
_17293_/S                               0.750000    0.980570   -0.230570 (VIOLATED)
fanout1544/X                            0.750000    0.980570   -0.230570 (VIOLATED)
load_slew1545/A                         0.750000    0.980570   -0.230570 (VIOLATED)
_11571_/A                               0.750000    0.980175   -0.230175 (VIOLATED)
_11622_/A                               0.750000    0.980175   -0.230175 (VIOLATED)
_11623_/A                               0.750000    0.980175   -0.230175 (VIOLATED)
_11627_/B                               0.750000    0.980175   -0.230175 (VIOLATED)
_11639_/A                               0.750000    0.980175   -0.230175 (VIOLATED)
_11640_/A                               0.750000    0.980175   -0.230175 (VIOLATED)
_11648_/A                               0.750000    0.980175   -0.230175 (VIOLATED)
_11649_/B                               0.750000    0.980175   -0.230175 (VIOLATED)
_11656_/A                               0.750000    0.980175   -0.230175 (VIOLATED)
_11683_/A                               0.750000    0.980175   -0.230175 (VIOLATED)
fanout536/X                             0.750000    0.980175   -0.230175 (VIOLATED)
_09367_/A2                              0.750000    0.978800   -0.228800 (VIOLATED)
_09366_/A2                              0.750000    0.978799   -0.228799 (VIOLATED)
_12653_/B                               0.750000    0.978794   -0.228794 (VIOLATED)
_11350_/A                               0.750000    0.978780   -0.228780 (VIOLATED)
_11087_/A                               0.750000    0.978773   -0.228773 (VIOLATED)
_10910_/B1                              0.750000    0.978595   -0.228595 (VIOLATED)
_11116_/A2                              0.750000    0.978595   -0.228595 (VIOLATED)
_11119_/B2                              0.750000    0.978595   -0.228595 (VIOLATED)
fanout1815/A                            0.750000    0.978595   -0.228595 (VIOLATED)
fanout1817/A                            0.750000    0.978595   -0.228595 (VIOLATED)
fanout1818/A                            0.750000    0.978595   -0.228595 (VIOLATED)
fanout1820/X                            0.750000    0.978595   -0.228595 (VIOLATED)
fanout205/A                             0.750000    0.978535   -0.228535 (VIOLATED)
_14997_/A1                              0.750000    0.978520   -0.228520 (VIOLATED)
fanout207/A                             0.750000    0.978517   -0.228517 (VIOLATED)
_13941_/A1                              0.750000    0.978504   -0.228504 (VIOLATED)
_13904_/A1                              0.750000    0.978493   -0.228493 (VIOLATED)
fanout210/A                             0.750000    0.978493   -0.228493 (VIOLATED)
fanout211/X                             0.750000    0.978493   -0.228493 (VIOLATED)
_12681_/A1                              0.750000    0.978320   -0.228320 (VIOLATED)
_09365_/X                               0.750000    0.978134   -0.228134 (VIOLATED)
_11889_/C1                              0.750000    0.974492   -0.224492 (VIOLATED)
_11891_/A2                              0.750000    0.974491   -0.224491 (VIOLATED)
_11937_/C1                              0.750000    0.974486   -0.224486 (VIOLATED)
_12130_/S                               0.750000    0.974472   -0.224472 (VIOLATED)
_12327_/S                               0.750000    0.974460   -0.224460 (VIOLATED)
_12148_/S                               0.750000    0.974456   -0.224456 (VIOLATED)
fanout2356/X                            0.750000    0.974456   -0.224456 (VIOLATED)
load_slew2357/A                         0.750000    0.974456   -0.224456 (VIOLATED)
_15790_/A2                              0.750000    0.973625   -0.223625 (VIOLATED)
_16024_/A2                              0.750000    0.973622   -0.223622 (VIOLATED)
_16042_/A2                              0.750000    0.973617   -0.223617 (VIOLATED)
_16364_/A2                              0.750000    0.973616   -0.223616 (VIOLATED)
_15879_/A2                              0.750000    0.973608   -0.223608 (VIOLATED)
_15461_/A2                              0.750000    0.973606   -0.223606 (VIOLATED)
_15477_/A2                              0.750000    0.973605   -0.223605 (VIOLATED)
_15813_/A2                              0.750000    0.973605   -0.223605 (VIOLATED)
fanout1061/X                            0.750000    0.973605   -0.223605 (VIOLATED)
_14092_/A1                              0.750000    0.971873   -0.221873 (VIOLATED)
_14200_/A1                              0.750000    0.971873   -0.221873 (VIOLATED)
_14164_/A1                              0.750000    0.971872   -0.221872 (VIOLATED)
_14236_/A1                              0.750000    0.971870   -0.221870 (VIOLATED)
_14347_/A1                              0.750000    0.971835   -0.221835 (VIOLATED)
_14456_/A1                              0.750000    0.971835   -0.221835 (VIOLATED)
_14492_/A1                              0.750000    0.971833   -0.221833 (VIOLATED)
_14311_/A1                              0.750000    0.971831   -0.221831 (VIOLATED)
_14420_/A1                              0.750000    0.971831   -0.221831 (VIOLATED)
_14528_/A1                              0.750000    0.971831   -0.221831 (VIOLATED)
fanout264/X                             0.750000    0.971831   -0.221831 (VIOLATED)
_18348_/B2                              0.750000    0.967642   -0.217642 (VIOLATED)
_18357_/B2                              0.750000    0.967642   -0.217642 (VIOLATED)
_18323_/B2                              0.750000    0.967640   -0.217640 (VIOLATED)
_18290_/A1                              0.750000    0.967638   -0.217638 (VIOLATED)
_18297_/A1                              0.750000    0.967638   -0.217638 (VIOLATED)
_18304_/B2                              0.750000    0.967638   -0.217638 (VIOLATED)
_18315_/A1                              0.750000    0.967638   -0.217638 (VIOLATED)
_18330_/B2                              0.750000    0.967638   -0.217638 (VIOLATED)
_18335_/B2                              0.750000    0.967638   -0.217638 (VIOLATED)
_18387_/B2                              0.750000    0.967638   -0.217638 (VIOLATED)
fanout1613/X                            0.750000    0.967638   -0.217638 (VIOLATED)
_17033_/B1                              0.750000    0.967236   -0.217236 (VIOLATED)
_17107_/B1                              0.750000    0.967234   -0.217234 (VIOLATED)
_17084_/B1                              0.750000    0.967233   -0.217233 (VIOLATED)
_16900_/B1                              0.750000    0.967226   -0.217226 (VIOLATED)
_16875_/B1                              0.750000    0.967220   -0.217220 (VIOLATED)
_16954_/B1                              0.750000    0.967213   -0.217213 (VIOLATED)
_16979_/B1                              0.750000    0.967205   -0.217205 (VIOLATED)
_17002_/B1                              0.750000    0.967205   -0.217205 (VIOLATED)
_16931_/B1                              0.750000    0.967203   -0.217203 (VIOLATED)
_17158_/B1                              0.750000    0.967203   -0.217203 (VIOLATED)
fanout1592/X                            0.750000    0.967203   -0.217203 (VIOLATED)
_16536_/A2                              0.750000    0.966974   -0.216974 (VIOLATED)
_16549_/A2                              0.750000    0.966961   -0.216961 (VIOLATED)
fanout816/A                             0.750000    0.966935   -0.216935 (VIOLATED)
fanout818/A                             0.750000    0.966906   -0.216906 (VIOLATED)
fanout820/A                             0.750000    0.966883   -0.216883 (VIOLATED)
fanout822/X                             0.750000    0.966883   -0.216883 (VIOLATED)
_13543_/A                               0.750000    0.966448   -0.216448 (VIOLATED)
fanout495/A                             0.750000    0.966445   -0.216445 (VIOLATED)
_13988_/A                               0.750000    0.966443   -0.216443 (VIOLATED)
load_slew498/A                          0.750000    0.966441   -0.216441 (VIOLATED)
fanout493/A                             0.750000    0.966408   -0.216408 (VIOLATED)
fanout496/X                             0.750000    0.966408   -0.216408 (VIOLATED)
_12605_/B1                              0.750000    0.965305   -0.215305 (VIOLATED)
_16607_/A                               0.750000    0.965305   -0.215305 (VIOLATED)
_16782_/B2                              0.750000    0.965303   -0.215303 (VIOLATED)
fanout1415/A                            0.750000    0.965303   -0.215303 (VIOLATED)
_16686_/B1                              0.750000    0.965302   -0.215302 (VIOLATED)
_16730_/A1                              0.750000    0.965302   -0.215302 (VIOLATED)
_16757_/A                               0.750000    0.965302   -0.215302 (VIOLATED)
_17167_/C1                              0.750000    0.965302   -0.215302 (VIOLATED)
_17204_/A1                              0.750000    0.965302   -0.215302 (VIOLATED)
fanout1416/X                            0.750000    0.965302   -0.215302 (VIOLATED)
fanout1882/A                            0.750000    0.965139   -0.215139 (VIOLATED)
fanout1879/A                            0.750000    0.965134   -0.215134 (VIOLATED)
fanout1889/A                            0.750000    0.965134   -0.215134 (VIOLATED)
fanout1894/X                            0.750000    0.965134   -0.215134 (VIOLATED)
load_slew1895/A                         0.750000    0.965134   -0.215134 (VIOLATED)
_09259_/C1                              0.750000    0.962197   -0.212197 (VIOLATED)
_12442_/A2                              0.750000    0.962197   -0.212197 (VIOLATED)
_16709_/A3                              0.750000    0.962197   -0.212197 (VIOLATED)
_16736_/A3                              0.750000    0.962197   -0.212197 (VIOLATED)
_16765_/A3                              0.750000    0.962197   -0.212197 (VIOLATED)
_16790_/A3                              0.750000    0.962197   -0.212197 (VIOLATED)
_16850_/A3                              0.750000    0.962197   -0.212197 (VIOLATED)
_17187_/A2                              0.750000    0.962197   -0.212197 (VIOLATED)
_18211_/B                               0.750000    0.962197   -0.212197 (VIOLATED)
fanout1966/A                            0.750000    0.962197   -0.212197 (VIOLATED)
fanout1967/X                            0.750000    0.962197   -0.212197 (VIOLATED)
_09736_/A1                              0.750000    0.961097   -0.211097 (VIOLATED)
_09630_/A1                              0.750000    0.961096   -0.211096 (VIOLATED)
_09691_/A1                              0.750000    0.961094   -0.211094 (VIOLATED)
_09726_/B1                              0.750000    0.961094   -0.211094 (VIOLATED)
_10359_/A1                              0.750000    0.961094   -0.211094 (VIOLATED)
fanout1744/X                            0.750000    0.961094   -0.211094 (VIOLATED)
wire1745/A                              0.750000    0.961094   -0.211094 (VIOLATED)
fanout949/A                             0.750000    0.959885   -0.209885 (VIOLATED)
fanout955/A                             0.750000    0.959877   -0.209877 (VIOLATED)
_16440_/A2                              0.750000    0.959876   -0.209876 (VIOLATED)
fanout951/A                             0.750000    0.959876   -0.209876 (VIOLATED)
fanout953/A                             0.750000    0.959876   -0.209876 (VIOLATED)
fanout957/X                             0.750000    0.959876   -0.209876 (VIOLATED)
_17456_/S                               0.750000    0.959871   -0.209871 (VIOLATED)
_17448_/S                               0.750000    0.959865   -0.209865 (VIOLATED)
_17457_/S                               0.750000    0.959865   -0.209865 (VIOLATED)
_17454_/S                               0.750000    0.959842   -0.209842 (VIOLATED)
_17478_/S                               0.750000    0.959835   -0.209835 (VIOLATED)
fanout1530/X                            0.750000    0.959835   -0.209835 (VIOLATED)
load_slew1531/A                         0.750000    0.959835   -0.209835 (VIOLATED)
_16806_/B2                              0.750000    0.959050   -0.209050 (VIOLATED)
_16963_/B2                              0.750000    0.959050   -0.209050 (VIOLATED)
_10054_/A2                              0.750000    0.959049   -0.209049 (VIOLATED)
_11447_/A1                              0.750000    0.959049   -0.209049 (VIOLATED)
_11522_/A1                              0.750000    0.959049   -0.209049 (VIOLATED)
_11563_/B1                              0.750000    0.959049   -0.209049 (VIOLATED)
_11583_/A1                              0.750000    0.959049   -0.209049 (VIOLATED)
_11609_/A1                              0.750000    0.959049   -0.209049 (VIOLATED)
_16993_/B2                              0.750000    0.959049   -0.209049 (VIOLATED)
_17152_/B2                              0.750000    0.959049   -0.209049 (VIOLATED)
fanout1154/X                            0.750000    0.959049   -0.209049 (VIOLATED)
_12963_/A1                              0.750000    0.958098   -0.208098 (VIOLATED)
_12773_/A1                              0.750000    0.958098   -0.208098 (VIOLATED)
_12811_/A1                              0.750000    0.958098   -0.208098 (VIOLATED)
_12887_/A1                              0.750000    0.958098   -0.208098 (VIOLATED)
_15046_/A1                              0.750000    0.958096   -0.208096 (VIOLATED)
_12849_/A1                              0.750000    0.958095   -0.208095 (VIOLATED)
_12925_/A1                              0.750000    0.958092   -0.208092 (VIOLATED)
ANTENNA_73/DIODE                        0.750000    0.958090   -0.208090 (VIOLATED)
_13293_/A1                              0.750000    0.958090   -0.208090 (VIOLATED)
_15010_/A1                              0.750000    0.958088   -0.208088 (VIOLATED)
fanout456/A                             0.750000    0.958077   -0.208077 (VIOLATED)
fanout457/X                             0.750000    0.958077   -0.208077 (VIOLATED)
_11054_/B1                              0.750000    0.956585   -0.206585 (VIOLATED)
_11057_/B1_N                            0.750000    0.956585   -0.206585 (VIOLATED)
_11063_/C1                              0.750000    0.956585   -0.206585 (VIOLATED)
_11064_/B1_N                            0.750000    0.956585   -0.206585 (VIOLATED)
_11070_/C1                              0.750000    0.956585   -0.206585 (VIOLATED)
_11074_/S                               0.750000    0.956585   -0.206585 (VIOLATED)
_11306_/B1_N                            0.750000    0.956585   -0.206585 (VIOLATED)
_11309_/B1                              0.750000    0.956585   -0.206585 (VIOLATED)
_11314_/C1                              0.750000    0.956585   -0.206585 (VIOLATED)
_11315_/B1_N                            0.750000    0.956585   -0.206585 (VIOLATED)
fanout2130/X                            0.750000    0.956585   -0.206585 (VIOLATED)
_16828_/S                               0.750000    0.956371   -0.206371 (VIOLATED)
_16877_/S                               0.750000    0.956371   -0.206371 (VIOLATED)
_17035_/S                               0.750000    0.956371   -0.206371 (VIOLATED)
_17086_/S                               0.750000    0.956371   -0.206371 (VIOLATED)
_17139_/S                               0.750000    0.956371   -0.206371 (VIOLATED)
fanout1395/X                            0.750000    0.956371   -0.206371 (VIOLATED)
_16019_/B1                              0.750000    0.954852   -0.204852 (VIOLATED)
_16386_/B1                              0.750000    0.954849   -0.204849 (VIOLATED)
fanout630/A                             0.750000    0.954836   -0.204836 (VIOLATED)
fanout632/A                             0.750000    0.954822   -0.204822 (VIOLATED)
fanout634/A                             0.750000    0.954822   -0.204822 (VIOLATED)
fanout636/X                             0.750000    0.954822   -0.204822 (VIOLATED)
_09728_/S                               0.750000    0.953453   -0.203453 (VIOLATED)
fanout2276/A                            0.750000    0.953449   -0.203449 (VIOLATED)
_09744_/S                               0.750000    0.953448   -0.203448 (VIOLATED)
_09743_/S                               0.750000    0.953445   -0.203445 (VIOLATED)
_09745_/S0                              0.750000    0.953445   -0.203445 (VIOLATED)
fanout2272/A                            0.750000    0.953421   -0.203421 (VIOLATED)
fanout2278/X                            0.750000    0.953421   -0.203421 (VIOLATED)
_15006_/A1                              0.750000    0.951686   -0.201686 (VIOLATED)
fanout491/A                             0.750000    0.951668   -0.201668 (VIOLATED)
fanout484/A                             0.750000    0.951661   -0.201661 (VIOLATED)
fanout485/A                             0.750000    0.951659   -0.201659 (VIOLATED)
fanout488/A                             0.750000    0.951604   -0.201604 (VIOLATED)
fanout492/X                             0.750000    0.951604   -0.201604 (VIOLATED)
_18196_/S                               0.750000    0.950986   -0.200986 (VIOLATED)
_18204_/S                               0.750000    0.950985   -0.200985 (VIOLATED)
_18194_/S                               0.750000    0.950971   -0.200971 (VIOLATED)
_18202_/S                               0.750000    0.950971   -0.200971 (VIOLATED)
_18206_/S                               0.750000    0.950971   -0.200971 (VIOLATED)
fanout1188/X                            0.750000    0.950971   -0.200971 (VIOLATED)
_15506_/B1                              0.750000    0.950894   -0.200895 (VIOLATED)
_16279_/B1                              0.750000    0.950895   -0.200895 (VIOLATED)
_15831_/B1                              0.750000    0.950894   -0.200894 (VIOLATED)
_14841_/B                               0.750000    0.950893   -0.200893 (VIOLATED)
_16060_/A2                              0.750000    0.950890   -0.200890 (VIOLATED)
_15087_/B1                              0.750000    0.950885   -0.200885 (VIOLATED)
_14514_/B                               0.750000    0.950882   -0.200883 (VIOLATED)
_15096_/A2                              0.750000    0.950882   -0.200883 (VIOLATED)
_15511_/A2                              0.750000    0.950882   -0.200883 (VIOLATED)
_16445_/A2                              0.750000    0.950882   -0.200883 (VIOLATED)
fanout844/X                             0.750000    0.950882   -0.200883 (VIOLATED)
_15669_/B1                              0.750000    0.950387   -0.200387 (VIOLATED)
_15680_/B1                              0.750000    0.950387   -0.200387 (VIOLATED)
_16547_/B1                              0.750000    0.950386   -0.200386 (VIOLATED)
_16536_/B1                              0.750000    0.950385   -0.200385 (VIOLATED)
_15630_/B1                              0.750000    0.950383   -0.200383 (VIOLATED)
_15182_/A2                              0.750000    0.950382   -0.200382 (VIOLATED)
_16162_/A2                              0.750000    0.950380   -0.200380 (VIOLATED)
_15999_/B1                              0.750000    0.950379   -0.200379 (VIOLATED)
_15611_/B1                              0.750000    0.950376   -0.200376 (VIOLATED)
fanout761/X                             0.750000    0.950376   -0.200376 (VIOLATED)
fanout2469/A                            0.750000    0.947524   -0.197524 (VIOLATED)
fanout2466/A                            0.750000    0.947516   -0.197516 (VIOLATED)
fanout2470/A                            0.750000    0.947510   -0.197510 (VIOLATED)
fanout2473/A                            0.750000    0.947510   -0.197510 (VIOLATED)
fanout2483/A                            0.750000    0.947510   -0.197510 (VIOLATED)
fanout2485/X                            0.750000    0.947510   -0.197510 (VIOLATED)
fanout217/A                             0.750000    0.946265   -0.196265 (VIOLATED)
fanout218/A                             0.750000    0.946264   -0.196264 (VIOLATED)
_13641_/A0                              0.750000    0.946257   -0.196257 (VIOLATED)
_12794_/A0                              0.750000    0.946255   -0.196255 (VIOLATED)
_12870_/A0                              0.750000    0.946255   -0.196255 (VIOLATED)
fanout219/A                             0.750000    0.946255   -0.196255 (VIOLATED)
fanout220/X                             0.750000    0.946255   -0.196255 (VIOLATED)
_11320_/B1_N                            0.750000    0.945893   -0.195893 (VIOLATED)
_11325_/C1                              0.750000    0.945893   -0.195893 (VIOLATED)
_11327_/S                               0.750000    0.945893   -0.195893 (VIOLATED)
_11328_/S                               0.750000    0.945893   -0.195893 (VIOLATED)
_11330_/S                               0.750000    0.945893   -0.195893 (VIOLATED)
fanout2094/A                            0.750000    0.945893   -0.195893 (VIOLATED)
fanout2096/A                            0.750000    0.945893   -0.195893 (VIOLATED)
fanout2099/A                            0.750000    0.945893   -0.195893 (VIOLATED)
fanout2101/X                            0.750000    0.945893   -0.195893 (VIOLATED)
_11146_/S                               0.750000    0.944392   -0.194392 (VIOLATED)
_11145_/S                               0.750000    0.944391   -0.194391 (VIOLATED)
_11132_/B1_N                            0.750000    0.944388   -0.194388 (VIOLATED)
_10931_/B1                              0.750000    0.944388   -0.194388 (VIOLATED)
_10928_/B1_N                            0.750000    0.944387   -0.194387 (VIOLATED)
_10935_/B1_N                            0.750000    0.944386   -0.194386 (VIOLATED)
_10951_/S                               0.750000    0.944385   -0.194385 (VIOLATED)
_10938_/B1                              0.750000    0.944385   -0.194385 (VIOLATED)
_10944_/C1                              0.750000    0.944384   -0.194384 (VIOLATED)
_10945_/B1_N                            0.750000    0.944384   -0.194384 (VIOLATED)
fanout2144/X                            0.750000    0.944384   -0.194384 (VIOLATED)
_11723_/A                               0.750000    0.942473   -0.192473 (VIOLATED)
_11724_/A1                              0.750000    0.942473   -0.192473 (VIOLATED)
_11763_/A1                              0.750000    0.942473   -0.192473 (VIOLATED)
_11658_/B                               0.750000    0.942470   -0.192470 (VIOLATED)
_11756_/A1                              0.750000    0.942470   -0.192470 (VIOLATED)
_11687_/A2                              0.750000    0.942469   -0.192469 (VIOLATED)
_11794_/A2                              0.750000    0.942456   -0.192456 (VIOLATED)
_11657_/A                               0.750000    0.942455   -0.192455 (VIOLATED)
_11669_/C                               0.750000    0.942455   -0.192455 (VIOLATED)
_11708_/A3                              0.750000    0.942455   -0.192455 (VIOLATED)
fanout524/X                             0.750000    0.942455   -0.192455 (VIOLATED)
_15528_/B1                              0.750000    0.942451   -0.192451 (VIOLATED)
_16081_/A2                              0.750000    0.942448   -0.192448 (VIOLATED)
_15344_/A2                              0.750000    0.942444   -0.192444 (VIOLATED)
fanout665/A                             0.750000    0.942436   -0.192436 (VIOLATED)
fanout663/A                             0.750000    0.942426   -0.192426 (VIOLATED)
_15533_/B1                              0.750000    0.942418   -0.192418 (VIOLATED)
_16086_/A2                              0.750000    0.942418   -0.192418 (VIOLATED)
_16425_/B1                              0.750000    0.942418   -0.192418 (VIOLATED)
fanout666/X                             0.750000    0.942418   -0.192418 (VIOLATED)
_10500_/A                               0.750000    0.942208   -0.192208 (VIOLATED)
_16603_/C1                              0.750000    0.942208   -0.192208 (VIOLATED)
_11437_/C1                              0.750000    0.942207   -0.192207 (VIOLATED)
_12629_/C1                              0.750000    0.942206   -0.192206 (VIOLATED)
_16667_/C1                              0.750000    0.942204   -0.192204 (VIOLATED)
_11521_/A2_N                            0.750000    0.942195   -0.192195 (VIOLATED)
_11563_/A2_N                            0.750000    0.942193   -0.192193 (VIOLATED)
_16579_/C1                              0.750000    0.942192   -0.192192 (VIOLATED)
_11591_/B1                              0.750000    0.942188   -0.192188 (VIOLATED)
_16783_/A1                              0.750000    0.942188   -0.192188 (VIOLATED)
fanout1158/X                            0.750000    0.942188   -0.192188 (VIOLATED)
_16133_/B1                              0.750000    0.941184   -0.191184 (VIOLATED)
fanout825/A                             0.750000    0.941175   -0.191175 (VIOLATED)
fanout827/A                             0.750000    0.941140   -0.191140 (VIOLATED)
fanout829/A                             0.750000    0.941139   -0.191139 (VIOLATED)
fanout837/A                             0.750000    0.941071   -0.191071 (VIOLATED)
fanout838/X                             0.750000    0.941071   -0.191071 (VIOLATED)
_10654_/A                               0.750000    0.940646   -0.190646 (VIOLATED)
_11052_/A                               0.750000    0.940642   -0.190642 (VIOLATED)
_10806_/A                               0.750000    0.940628   -0.190628 (VIOLATED)
wire1640/A                              0.750000    0.940608   -0.190608 (VIOLATED)
_11303_/B1                              0.750000    0.940588   -0.190588 (VIOLATED)
_11333_/B1                              0.750000    0.940588   -0.190588 (VIOLATED)
fanout1639/X                            0.750000    0.940588   -0.190588 (VIOLATED)
fanout1786/A                            0.750000    0.940479   -0.190479 (VIOLATED)
wire1793/A                              0.750000    0.940424   -0.190424 (VIOLATED)
fanout1790/A                            0.750000    0.940410   -0.190410 (VIOLATED)
fanout1792/X                            0.750000    0.940410   -0.190410 (VIOLATED)
_17110_/A1                              0.750000    0.940384   -0.190384 (VIOLATED)
_17051_/A1                              0.750000    0.940382   -0.190382 (VIOLATED)
_17068_/A1                              0.750000    0.940382   -0.190382 (VIOLATED)
_17005_/A1                              0.750000    0.940382   -0.190382 (VIOLATED)
_17100_/A1                              0.750000    0.940381   -0.190381 (VIOLATED)
_16884_/A1                              0.750000    0.940377   -0.190377 (VIOLATED)
_17161_/A1                              0.750000    0.940367   -0.190367 (VIOLATED)
_16986_/A                               0.750000    0.940354   -0.190354 (VIOLATED)
_17145_/A1                              0.750000    0.940350   -0.190351 (VIOLATED)
_17194_/A1                              0.750000    0.940350   -0.190351 (VIOLATED)
fanout1178/X                            0.750000    0.940350   -0.190351 (VIOLATED)
fanout766/A                             0.750000    0.939150   -0.189150 (VIOLATED)
fanout768/A                             0.750000    0.939136   -0.189136 (VIOLATED)
_16127_/B1                              0.750000    0.939116   -0.189116 (VIOLATED)
_16314_/A2                              0.750000    0.939116   -0.189116 (VIOLATED)
fanout771/A                             0.750000    0.939116   -0.189116 (VIOLATED)
fanout773/X                             0.750000    0.939116   -0.189116 (VIOLATED)
_15969_/A2                              0.750000    0.936720   -0.186720 (VIOLATED)
_16174_/B                               0.750000    0.936718   -0.186718 (VIOLATED)
_16515_/A2                              0.750000    0.936717   -0.186717 (VIOLATED)
_15625_/B1                              0.750000    0.936713   -0.186713 (VIOLATED)
_16266_/A2                              0.750000    0.936704   -0.186704 (VIOLATED)
_15988_/B1                              0.750000    0.936697   -0.186697 (VIOLATED)
_15199_/B1                              0.750000    0.936696   -0.186696 (VIOLATED)
_15203_/A2                              0.750000    0.936696   -0.186696 (VIOLATED)
_16154_/A2                              0.750000    0.936696   -0.186696 (VIOLATED)
fanout805/X                             0.750000    0.936696   -0.186696 (VIOLATED)
_11719_/A                               0.750000    0.935642   -0.185643 (VIOLATED)
_11649_/A                               0.750000    0.935640   -0.185640 (VIOLATED)
_11748_/A1                              0.750000    0.935640   -0.185640 (VIOLATED)
_10973_/A2                              0.750000    0.935637   -0.185637 (VIOLATED)
_10977_/A2                              0.750000    0.935635   -0.185635 (VIOLATED)
_11702_/A                               0.750000    0.935635   -0.185635 (VIOLATED)
_11636_/A                               0.750000    0.935630   -0.185630 (VIOLATED)
fanout1937/A                            0.750000    0.935628   -0.185628 (VIOLATED)
_21476_/D                               0.750000    0.935627   -0.185627 (VIOLATED)
_11790_/A1                              0.750000    0.935626   -0.185626 (VIOLATED)
_11627_/A                               0.750000    0.935625   -0.185625 (VIOLATED)
_11651_/B1                              0.750000    0.935625   -0.185625 (VIOLATED)
_11680_/A                               0.750000    0.935625   -0.185625 (VIOLATED)
fanout531/X                             0.750000    0.935625   -0.185625 (VIOLATED)
fanout1935/A                            0.750000    0.935619   -0.185619 (VIOLATED)
fanout1934/A                            0.750000    0.935614   -0.185614 (VIOLATED)
fanout1939/X                            0.750000    0.935614   -0.185614 (VIOLATED)
_09333_/B                               0.750000    0.935253   -0.185253 (VIOLATED)
_11083_/A1_N                            0.750000    0.935050   -0.185050 (VIOLATED)
_11086_/A                               0.750000    0.935035   -0.185035 (VIOLATED)
_12656_/A                               0.750000    0.934843   -0.184843 (VIOLATED)
_12684_/A1                              0.750000    0.934313   -0.184313 (VIOLATED)
_09332_/X                               0.750000    0.934288   -0.184288 (VIOLATED)
_11873_/S1                              0.750000    0.933362   -0.183362 (VIOLATED)
_12163_/S1                              0.750000    0.933358   -0.183358 (VIOLATED)
_12150_/S1                              0.750000    0.933354   -0.183354 (VIOLATED)
_12152_/S1                              0.750000    0.933353   -0.183353 (VIOLATED)
_12399_/S1                              0.750000    0.933353   -0.183353 (VIOLATED)
fanout2410/A                            0.750000    0.933353   -0.183353 (VIOLATED)
fanout2412/X                            0.750000    0.933353   -0.183353 (VIOLATED)
load_slew2413/A                         0.750000    0.933353   -0.183353 (VIOLATED)
_16488_/A2                              0.750000    0.933112   -0.183112 (VIOLATED)
_15940_/A2                              0.750000    0.933109   -0.183109 (VIOLATED)
_15290_/A2                              0.750000    0.933104   -0.183104 (VIOLATED)
_15562_/B1                              0.750000    0.933099   -0.183099 (VIOLATED)
_16105_/B1                              0.750000    0.933087   -0.183087 (VIOLATED)
_15232_/A2                              0.750000    0.933081   -0.183081 (VIOLATED)
_16229_/B1                              0.750000    0.933074   -0.183074 (VIOLATED)
_15698_/A2                              0.750000    0.933068   -0.183068 (VIOLATED)
_15689_/B1                              0.750000    0.933067   -0.183067 (VIOLATED)
fanout832/X                             0.750000    0.933067   -0.183067 (VIOLATED)
_10534_/A                               0.750000    0.932394   -0.182394 (VIOLATED)
_10535_/B                               0.750000    0.932394   -0.182394 (VIOLATED)
_10533_/S                               0.750000    0.932393   -0.182393 (VIOLATED)
_10531_/S                               0.750000    0.932392   -0.182392 (VIOLATED)
_10657_/B1_N                            0.750000    0.932391   -0.182391 (VIOLATED)
_10660_/B1                              0.750000    0.932386   -0.182386 (VIOLATED)
_11198_/B1_N                            0.750000    0.932384   -0.182384 (VIOLATED)
_10663_/B1                              0.750000    0.932383   -0.182383 (VIOLATED)
_10666_/B1_N                            0.750000    0.932383   -0.182383 (VIOLATED)
_10671_/B1                              0.750000    0.932383   -0.182383 (VIOLATED)
fanout2098/X                            0.750000    0.932383   -0.182383 (VIOLATED)
_13631_/A1                              0.750000    0.930670   -0.180670 (VIOLATED)
fanout364/A                             0.750000    0.930669   -0.180669 (VIOLATED)
_14004_/A1                              0.750000    0.930659   -0.180659 (VIOLATED)
_14040_/A1                              0.750000    0.930659   -0.180659 (VIOLATED)
_14076_/A1                              0.750000    0.930659   -0.180659 (VIOLATED)
_14112_/A1                              0.750000    0.930659   -0.180659 (VIOLATED)
_14148_/A1                              0.750000    0.930659   -0.180659 (VIOLATED)
_14184_/A1                              0.750000    0.930659   -0.180659 (VIOLATED)
_14220_/A1                              0.750000    0.930659   -0.180659 (VIOLATED)
_14256_/A1                              0.750000    0.930659   -0.180659 (VIOLATED)
fanout365/X                             0.750000    0.930659   -0.180659 (VIOLATED)
_11709_/B1                              0.750000    0.930601   -0.180601 (VIOLATED)
_11705_/A                               0.750000    0.930600   -0.180600 (VIOLATED)
_11731_/A1                              0.750000    0.930599   -0.180599 (VIOLATED)
_11727_/A1                              0.750000    0.930599   -0.180599 (VIOLATED)
_11783_/A3                              0.750000    0.930598   -0.180598 (VIOLATED)
_11747_/A1                              0.750000    0.930596   -0.180596 (VIOLATED)
_11752_/A1                              0.750000    0.930594   -0.180594 (VIOLATED)
_11688_/A3                              0.750000    0.930592   -0.180592 (VIOLATED)
_11698_/B1                              0.750000    0.930592   -0.180592 (VIOLATED)
_11713_/A1                              0.750000    0.930592   -0.180592 (VIOLATED)
fanout526/X                             0.750000    0.930592   -0.180592 (VIOLATED)
_18008_/S                               0.750000    0.930417   -0.180417 (VIOLATED)
_17984_/S                               0.750000    0.930416   -0.180416 (VIOLATED)
_17990_/S                               0.750000    0.930403   -0.180403 (VIOLATED)
_18002_/S                               0.750000    0.930396   -0.180396 (VIOLATED)
_17991_/S                               0.750000    0.930386   -0.180386 (VIOLATED)
fanout1473/X                            0.750000    0.930386   -0.180386 (VIOLATED)
load_slew1474/A                         0.750000    0.930386   -0.180386 (VIOLATED)
_14647_/A1                              0.750000    0.927924   -0.177924 (VIOLATED)
_14719_/A1                              0.750000    0.927923   -0.177923 (VIOLATED)
_14828_/A1                              0.750000    0.927922   -0.177922 (VIOLATED)
_14792_/A1                              0.750000    0.927921   -0.177921 (VIOLATED)
_14900_/A1                              0.750000    0.927910   -0.177910 (VIOLATED)
_14683_/A1                              0.750000    0.927905   -0.177905 (VIOLATED)
_14864_/A1                              0.750000    0.927901   -0.177901 (VIOLATED)
_14611_/A1                              0.750000    0.927899   -0.177900 (VIOLATED)
_13620_/A1                              0.750000    0.927881   -0.177881 (VIOLATED)
fanout451/A                             0.750000    0.927837   -0.177837 (VIOLATED)
fanout452/X                             0.750000    0.927837   -0.177837 (VIOLATED)
_17477_/S                               0.750000    0.926454   -0.176454 (VIOLATED)
_17469_/S                               0.750000    0.926445   -0.176445 (VIOLATED)
_17467_/S                               0.750000    0.926441   -0.176441 (VIOLATED)
_17475_/S                               0.750000    0.926431   -0.176431 (VIOLATED)
_17458_/S                               0.750000    0.926399   -0.176399 (VIOLATED)
_17473_/S                               0.750000    0.926399   -0.176399 (VIOLATED)
fanout1529/X                            0.750000    0.926399   -0.176399 (VIOLATED)
_12921_/A1                              0.750000    0.926047   -0.176047 (VIOLATED)
fanout489/A                             0.750000    0.926044   -0.176044 (VIOLATED)
_14280_/A1                              0.750000    0.926037   -0.176037 (VIOLATED)
_14316_/A1                              0.750000    0.926037   -0.176037 (VIOLATED)
_14389_/A1                              0.750000    0.926037   -0.176037 (VIOLATED)
_14425_/A1                              0.750000    0.926037   -0.176037 (VIOLATED)
_14461_/A1                              0.750000    0.926037   -0.176037 (VIOLATED)
_14497_/A1                              0.750000    0.926037   -0.176037 (VIOLATED)
_14533_/A1                              0.750000    0.926037   -0.176037 (VIOLATED)
_14569_/A1                              0.750000    0.926037   -0.176037 (VIOLATED)
fanout490/X                             0.750000    0.926037   -0.176037 (VIOLATED)
_12696_/A                               0.750000    0.923606   -0.173606 (VIOLATED)
_12682_/A                               0.750000    0.923603   -0.173603 (VIOLATED)
_12754_/A                               0.750000    0.923603   -0.173603 (VIOLATED)
_12755_/A1                              0.750000    0.923601   -0.173601 (VIOLATED)
_12679_/A                               0.750000    0.923601   -0.173601 (VIOLATED)
_12689_/A                               0.750000    0.923601   -0.173601 (VIOLATED)
_12748_/S                               0.750000    0.923596   -0.173596 (VIOLATED)
_12745_/S                               0.750000    0.923580   -0.173580 (VIOLATED)
_12751_/S                               0.750000    0.923580   -0.173580 (VIOLATED)
_12758_/S                               0.750000    0.923580   -0.173580 (VIOLATED)
fanout600/X                             0.750000    0.923580   -0.173580 (VIOLATED)
_12357_/A                               0.750000    0.923089   -0.173089 (VIOLATED)
_12224_/A1                              0.750000    0.923065   -0.173065 (VIOLATED)
_12075_/A1                              0.750000    0.923026   -0.173026 (VIOLATED)
_12167_/C1                              0.750000    0.922994   -0.172994 (VIOLATED)
_12281_/A                               0.750000    0.922934   -0.172934 (VIOLATED)
_11881_/B1                              0.750000    0.922923   -0.172923 (VIOLATED)
_11872_/X                               0.750000    0.922908   -0.172908 (VIOLATED)
_17096_/C1                              0.750000    0.922450   -0.172450 (VIOLATED)
_17164_/B1                              0.750000    0.922450   -0.172450 (VIOLATED)
_17046_/C1                              0.750000    0.922447   -0.172447 (VIOLATED)
_16891_/B2                              0.750000    0.922440   -0.172440 (VIOLATED)
_16860_/B2                              0.750000    0.922438   -0.172438 (VIOLATED)
_16840_/B2                              0.750000    0.922428   -0.172428 (VIOLATED)
_16946_/B2                              0.750000    0.922421   -0.172421 (VIOLATED)
_12609_/A1                              0.750000    0.922400   -0.172400 (VIOLATED)
fanout1154/A                            0.750000    0.922400   -0.172400 (VIOLATED)
fanout1155/X                            0.750000    0.922400   -0.172400 (VIOLATED)
fanout186/A                             0.750000    0.922295   -0.172295 (VIOLATED)
fanout187/A                             0.750000    0.922292   -0.172292 (VIOLATED)
fanout190/A                             0.750000    0.922292   -0.172292 (VIOLATED)
fanout191/A                             0.750000    0.922292   -0.172292 (VIOLATED)
fanout193/A                             0.750000    0.922292   -0.172292 (VIOLATED)
fanout194/X                             0.750000    0.922292   -0.172292 (VIOLATED)
_10604_/B2                              0.750000    0.922151   -0.172151 (VIOLATED)
_10740_/A2                              0.750000    0.922146   -0.172147 (VIOLATED)
_10731_/A2                              0.750000    0.922136   -0.172136 (VIOLATED)
_10734_/A2                              0.750000    0.922135   -0.172135 (VIOLATED)
load_slew1952/A                         0.750000    0.922113   -0.172113 (VIOLATED)
_11143_/A2                              0.750000    0.922096   -0.172096 (VIOLATED)
fanout1949/A                            0.750000    0.922073   -0.172073 (VIOLATED)
fanout1951/X                            0.750000    0.922073   -0.172073 (VIOLATED)
_18203_/S                               0.750000    0.920776   -0.170776 (VIOLATED)
_18188_/S                               0.750000    0.920765   -0.170765 (VIOLATED)
_18205_/S                               0.750000    0.920754   -0.170754 (VIOLATED)
fanout1183/X                            0.750000    0.920730   -0.170730 (VIOLATED)
load_slew1184/A                         0.750000    0.920730   -0.170730 (VIOLATED)
fanout2489/A                            0.750000    0.917694   -0.167694 (VIOLATED)
fanout2487/A                            0.750000    0.917688   -0.167688 (VIOLATED)
fanout2501/A                            0.750000    0.917684   -0.167684 (VIOLATED)
fanout2493/A                            0.750000    0.917681   -0.167681 (VIOLATED)
fanout2491/A                            0.750000    0.917679   -0.167679 (VIOLATED)
fanout2503/X                            0.750000    0.917679   -0.167679 (VIOLATED)
_17909_/S                               0.750000    0.917323   -0.167323 (VIOLATED)
_17885_/S                               0.750000    0.917320   -0.167320 (VIOLATED)
_17891_/S                               0.750000    0.917296   -0.167296 (VIOLATED)
_17903_/S                               0.750000    0.917281   -0.167281 (VIOLATED)
_17892_/S                               0.750000    0.917260   -0.167260 (VIOLATED)
fanout1481/X                            0.750000    0.917260   -0.167260 (VIOLATED)
load_slew1482/A                         0.750000    0.917260   -0.167260 (VIOLATED)
_14730_/A1                              0.750000    0.915938   -0.165938 (VIOLATED)
_14911_/A1                              0.750000    0.915938   -0.165938 (VIOLATED)
_14658_/A1                              0.750000    0.915937   -0.165937 (VIOLATED)
_14875_/A1                              0.750000    0.915936   -0.165936 (VIOLATED)
_14839_/A1                              0.750000    0.915935   -0.165935 (VIOLATED)
_14622_/A1                              0.750000    0.915935   -0.165935 (VIOLATED)
_14694_/A1                              0.750000    0.915934   -0.165934 (VIOLATED)
_14295_/A1                              0.750000    0.915926   -0.165926 (VIOLATED)
_14331_/A1                              0.750000    0.915926   -0.165926 (VIOLATED)
_13268_/A1                              0.750000    0.915917   -0.165917 (VIOLATED)
fanout361/X                             0.750000    0.915917   -0.165917 (VIOLATED)
fanout248/A                             0.750000    0.915460   -0.165460 (VIOLATED)
fanout249/A                             0.750000    0.915458   -0.165458 (VIOLATED)
_14495_/A1                              0.750000    0.915424   -0.165424 (VIOLATED)
_14314_/A1                              0.750000    0.915421   -0.165421 (VIOLATED)
_14567_/A1                              0.750000    0.915421   -0.165421 (VIOLATED)
_14350_/A1                              0.750000    0.915420   -0.165420 (VIOLATED)
_14423_/A1                              0.750000    0.915415   -0.165415 (VIOLATED)
_14459_/A1                              0.750000    0.915415   -0.165415 (VIOLATED)
_14531_/A1                              0.750000    0.915415   -0.165415 (VIOLATED)
_14603_/A1                              0.750000    0.915415   -0.165415 (VIOLATED)
fanout250/X                             0.750000    0.915415   -0.165415 (VIOLATED)
_11282_/B1                              0.750000    0.915257   -0.165257 (VIOLATED)
_11296_/A                               0.750000    0.915254   -0.165254 (VIOLATED)
_09329_/B1                              0.750000    0.915249   -0.165249 (VIOLATED)
_10670_/A1                              0.750000    0.915245   -0.165245 (VIOLATED)
_11326_/A                               0.750000    0.915234   -0.165234 (VIOLATED)
_11318_/A1                              0.750000    0.915233   -0.165233 (VIOLATED)
fanout2019/X                            0.750000    0.915233   -0.165233 (VIOLATED)
fanout331/A                             0.750000    0.915182   -0.165182 (VIOLATED)
fanout333/A                             0.750000    0.915171   -0.165171 (VIOLATED)
_14153_/A0                              0.750000    0.915167   -0.165167 (VIOLATED)
_14189_/A0                              0.750000    0.915167   -0.165167 (VIOLATED)
fanout328/A                             0.750000    0.915167   -0.165167 (VIOLATED)
fanout334/X                             0.750000    0.915167   -0.165167 (VIOLATED)
_17964_/S                               0.750000    0.913057   -0.163057 (VIOLATED)
_17972_/S                               0.750000    0.913039   -0.163039 (VIOLATED)
_17970_/S                               0.750000    0.913016   -0.163017 (VIOLATED)
_17974_/S                               0.750000    0.913007   -0.163007 (VIOLATED)
_17962_/S                               0.750000    0.912995   -0.162995 (VIOLATED)
fanout1248/X                            0.750000    0.912995   -0.162995 (VIOLATED)
_11918_/A1                              0.750000    0.912511   -0.162511 (VIOLATED)
_11834_/A                               0.750000    0.912500   -0.162500 (VIOLATED)
_11844_/A                               0.750000    0.912494   -0.162494 (VIOLATED)
_11857_/A1                              0.750000    0.912494   -0.162494 (VIOLATED)
_12170_/A                               0.750000    0.912494   -0.162494 (VIOLATED)
_12178_/A                               0.750000    0.912494   -0.162494 (VIOLATED)
fanout2400/X                            0.750000    0.912494   -0.162494 (VIOLATED)
_18084_/A0                              0.750000    0.912221   -0.162221 (VIOLATED)
fanout114/A                             0.750000    0.912219   -0.162219 (VIOLATED)
fanout115/A                             0.750000    0.912215   -0.162215 (VIOLATED)
_17984_/A0                              0.750000    0.912207   -0.162207 (VIOLATED)
_16191_/X                               0.750000    0.912104   -0.162104 (VIOLATED)
_15530_/A2                              0.750000    0.911614   -0.161614 (VIOLATED)
_16079_/A2                              0.750000    0.911611   -0.161611 (VIOLATED)
_15342_/B1                              0.750000    0.911606   -0.161606 (VIOLATED)
_16301_/A2                              0.750000    0.911600   -0.161600 (VIOLATED)
fanout960/A                             0.750000    0.911598   -0.161598 (VIOLATED)
fanout958/A                             0.750000    0.911597   -0.161597 (VIOLATED)
_15349_/A2                              0.750000    0.911595   -0.161595 (VIOLATED)
_15533_/A2                              0.750000    0.911595   -0.161595 (VIOLATED)
_16085_/A2                              0.750000    0.911595   -0.161595 (VIOLATED)
fanout962/X                             0.750000    0.911595   -0.161595 (VIOLATED)
_17787_/S                               0.750000    0.911478   -0.161478 (VIOLATED)
_17783_/S                               0.750000    0.911474   -0.161474 (VIOLATED)
_17811_/S                               0.750000    0.911474   -0.161474 (VIOLATED)
fanout1268/X                            0.750000    0.911474   -0.161474 (VIOLATED)
load_slew1270/A                         0.750000    0.911474   -0.161474 (VIOLATED)
_12492_/A2                              0.750000    0.911243   -0.161243 (VIOLATED)
_12714_/A1                              0.750000    0.911234   -0.161234 (VIOLATED)
_10592_/B                               0.750000    0.911223   -0.161223 (VIOLATED)
_10593_/B                               0.750000    0.911218   -0.161218 (VIOLATED)
_11355_/A3                              0.750000    0.911216   -0.161216 (VIOLATED)
_12681_/A0                              0.750000    0.911136   -0.161136 (VIOLATED)
_10591_/X                               0.750000    0.911047   -0.161047 (VIOLATED)
_17385_/S                               0.750000    0.910795   -0.160795 (VIOLATED)
_17393_/S                               0.750000    0.910795   -0.160795 (VIOLATED)
_17394_/S                               0.750000    0.910795   -0.160795 (VIOLATED)
_17404_/S                               0.750000    0.910795   -0.160795 (VIOLATED)
fanout1534/X                            0.750000    0.910795   -0.160795 (VIOLATED)
wire1535/A                              0.750000    0.910795   -0.160795 (VIOLATED)
_16393_/A2                              0.750000    0.910599   -0.160599 (VIOLATED)
_15791_/A2                              0.750000    0.910598   -0.160598 (VIOLATED)
_15875_/A2                              0.750000    0.910598   -0.160598 (VIOLATED)
_16031_/B1                              0.750000    0.910594   -0.160594 (VIOLATED)
_15472_/B1                              0.750000    0.910592   -0.160592 (VIOLATED)
_15804_/A2                              0.750000    0.910592   -0.160592 (VIOLATED)
_15904_/B1                              0.750000    0.910592   -0.160592 (VIOLATED)
_16037_/A2                              0.750000    0.910592   -0.160592 (VIOLATED)
fanout813/X                             0.750000    0.910592   -0.160592 (VIOLATED)
_11191_/A                               0.750000    0.910545   -0.160545 (VIOLATED)
_11201_/A                               0.750000    0.910536   -0.160536 (VIOLATED)
fanout2043/A                            0.750000    0.910528   -0.160528 (VIOLATED)
fanout2045/A                            0.750000    0.910486   -0.160486 (VIOLATED)
fanout2047/A                            0.750000    0.910482   -0.160482 (VIOLATED)
fanout2048/X                            0.750000    0.910482   -0.160482 (VIOLATED)
_10150_/A2                              0.750000    0.910402   -0.160402 (VIOLATED)
_09973_/A2                              0.750000    0.910400   -0.160400 (VIOLATED)
_09970_/B                               0.750000    0.910398   -0.160398 (VIOLATED)
_10157_/B2                              0.750000    0.910397   -0.160397 (VIOLATED)
_09954_/A1                              0.750000    0.910392   -0.160392 (VIOLATED)
_10243_/A2                              0.750000    0.910379   -0.160379 (VIOLATED)
_10235_/A2                              0.750000    0.910376   -0.160376 (VIOLATED)
fanout1783/X                            0.750000    0.910376   -0.160376 (VIOLATED)
_17231_/S                               0.750000    0.908415   -0.158415 (VIOLATED)
_17239_/S                               0.750000    0.908415   -0.158415 (VIOLATED)
_17229_/S                               0.750000    0.908413   -0.158413 (VIOLATED)
_17237_/S                               0.750000    0.908413   -0.158413 (VIOLATED)
_17241_/S                               0.750000    0.908413   -0.158413 (VIOLATED)
fanout1385/X                            0.750000    0.908413   -0.158413 (VIOLATED)
_15964_/A2                              0.750000    0.908142   -0.158142 (VIOLATED)
fanout918/A                             0.750000    0.908138   -0.158138 (VIOLATED)
_16510_/A2                              0.750000    0.908137   -0.158137 (VIOLATED)
_16513_/A2                              0.750000    0.908129   -0.158129 (VIOLATED)
_16270_/A2                              0.750000    0.908123   -0.158123 (VIOLATED)
fanout922/A                             0.750000    0.908109   -0.158110 (VIOLATED)
fanout924/X                             0.750000    0.908109   -0.158110 (VIOLATED)
_14015_/C                               0.750000    0.907429   -0.157429 (VIOLATED)
_14051_/C                               0.750000    0.907428   -0.157428 (VIOLATED)
_13997_/C                               0.750000    0.907409   -0.157409 (VIOLATED)
_14033_/C                               0.750000    0.907409   -0.157409 (VIOLATED)
_14069_/C                               0.750000    0.907409   -0.157409 (VIOLATED)
_14105_/C                               0.750000    0.907409   -0.157409 (VIOLATED)
_14141_/C                               0.750000    0.907409   -0.157409 (VIOLATED)
_14177_/C                               0.750000    0.907409   -0.157409 (VIOLATED)
_14213_/C                               0.750000    0.907409   -0.157409 (VIOLATED)
_14249_/C                               0.750000    0.907409   -0.157409 (VIOLATED)
fanout560/X                             0.750000    0.907409   -0.157409 (VIOLATED)
fanout231/A                             0.750000    0.906658   -0.156658 (VIOLATED)
_14583_/A1                              0.750000    0.906657   -0.156657 (VIOLATED)
_12783_/A1                              0.750000    0.906653   -0.156653 (VIOLATED)
_12897_/A1                              0.750000    0.906653   -0.156653 (VIOLATED)
ANTENNA_67/DIODE                        0.750000    0.906651   -0.156651 (VIOLATED)
_14003_/A1                              0.750000    0.906651   -0.156651 (VIOLATED)
_14039_/A1                              0.750000    0.906651   -0.156651 (VIOLATED)
_14075_/A1                              0.750000    0.906651   -0.156651 (VIOLATED)
_14111_/A1                              0.750000    0.906651   -0.156651 (VIOLATED)
_14147_/A1                              0.750000    0.906651   -0.156651 (VIOLATED)
_14183_/A1                              0.750000    0.906651   -0.156651 (VIOLATED)
fanout232/X                             0.750000    0.906651   -0.156651 (VIOLATED)
_12807_/A1                              0.750000    0.906455   -0.156455 (VIOLATED)
_12959_/A1                              0.750000    0.906455   -0.156455 (VIOLATED)
_12845_/A1                              0.750000    0.906452   -0.156452 (VIOLATED)
_12883_/A1                              0.750000    0.906451   -0.156451 (VIOLATED)
_12649_/A1                              0.750000    0.906448   -0.156448 (VIOLATED)
_13145_/A1                              0.750000    0.906448   -0.156448 (VIOLATED)
_13544_/A1                              0.750000    0.906448   -0.156448 (VIOLATED)
_14353_/A1                              0.750000    0.906448   -0.156448 (VIOLATED)
_14933_/A1                              0.750000    0.906448   -0.156448 (VIOLATED)
fanout490/A                             0.750000    0.906448   -0.156448 (VIOLATED)
fanout491/X                             0.750000    0.906448   -0.156448 (VIOLATED)
_15930_/B1                              0.750000    0.906350   -0.156350 (VIOLATED)
_15577_/B1                              0.750000    0.906348   -0.156348 (VIOLATED)
_16504_/B1                              0.750000    0.906345   -0.156345 (VIOLATED)
_15918_/A2                              0.750000    0.906341   -0.156341 (VIOLATED)
_15567_/B1                              0.750000    0.906336   -0.156336 (VIOLATED)
_16208_/B1                              0.750000    0.906327   -0.156327 (VIOLATED)
_16114_/B1                              0.750000    0.906321   -0.156321 (VIOLATED)
_16135_/A2                              0.750000    0.906312   -0.156312 (VIOLATED)
_16214_/A2                              0.750000    0.906312   -0.156312 (VIOLATED)
fanout768/X                             0.750000    0.906312   -0.156312 (VIOLATED)
fanout209/A                             0.750000    0.904665   -0.154665 (VIOLATED)
_14815_/A1                              0.750000    0.904665   -0.154665 (VIOLATED)
_14742_/A1                              0.750000    0.904662   -0.154663 (VIOLATED)
fanout208/A                             0.750000    0.904657   -0.154657 (VIOLATED)
_13793_/A1                              0.750000    0.904636   -0.154636 (VIOLATED)
_13867_/A1                              0.750000    0.904635   -0.154635 (VIOLATED)
_13682_/A1                              0.750000    0.904634   -0.154634 (VIOLATED)
_13719_/A1                              0.750000    0.904628   -0.154628 (VIOLATED)
_13756_/A1                              0.750000    0.904625   -0.154625 (VIOLATED)
_13830_/A1                              0.750000    0.904625   -0.154625 (VIOLATED)
fanout210/X                             0.750000    0.904625   -0.154625 (VIOLATED)
fanout481/A                             0.750000    0.903778   -0.153778 (VIOLATED)
_12770_/A1                              0.750000    0.903766   -0.153766 (VIOLATED)
_12808_/A1                              0.750000    0.903766   -0.153766 (VIOLATED)
_12846_/A1                              0.750000    0.903766   -0.153766 (VIOLATED)
_12884_/A1                              0.750000    0.903766   -0.153766 (VIOLATED)
_12922_/A1                              0.750000    0.903766   -0.153766 (VIOLATED)
_12960_/A1                              0.750000    0.903766   -0.153766 (VIOLATED)
_15007_/A1                              0.750000    0.903766   -0.153766 (VIOLATED)
_15043_/A1                              0.750000    0.903766   -0.153766 (VIOLATED)
fanout482/X                             0.750000    0.903766   -0.153766 (VIOLATED)
_17872_/S                               0.750000    0.903223   -0.153223 (VIOLATED)
_17858_/S                               0.750000    0.903180   -0.153180 (VIOLATED)
_17870_/S                               0.750000    0.903180   -0.153180 (VIOLATED)
fanout1492/X                            0.750000    0.903180   -0.153180 (VIOLATED)
load_slew1493/A                         0.750000    0.903180   -0.153180 (VIOLATED)
_16901_/B2                              0.750000    0.902047   -0.152047 (VIOLATED)
_17059_/B2                              0.750000    0.902047   -0.152047 (VIOLATED)
_17034_/B2                              0.750000    0.902047   -0.152047 (VIOLATED)
_17058_/C1                              0.750000    0.902047   -0.152047 (VIOLATED)
_16876_/B2                              0.750000    0.902046   -0.152046 (VIOLATED)
_16955_/B2                              0.750000    0.902046   -0.152046 (VIOLATED)
_16932_/B2                              0.750000    0.902042   -0.152042 (VIOLATED)
_16980_/B2                              0.750000    0.902042   -0.152042 (VIOLATED)
_17003_/B2                              0.750000    0.902042   -0.152042 (VIOLATED)
_17159_/B2                              0.750000    0.902042   -0.152042 (VIOLATED)
fanout1599/X                            0.750000    0.902042   -0.152042 (VIOLATED)
wire1319/A                              0.750000    0.901976   -0.151976 (VIOLATED)
fanout1317/A                            0.750000    0.901972   -0.151972 (VIOLATED)
fanout1314/A                            0.750000    0.901971   -0.151971 (VIOLATED)
_17613_/Y                               0.750000    0.901969   -0.151969 (VIOLATED)
_11968_/B1                              0.750000    0.901616   -0.151616 (VIOLATED)
_11995_/B1                              0.750000    0.901616   -0.151616 (VIOLATED)
_12046_/C1                              0.750000    0.901616   -0.151616 (VIOLATED)
_12155_/B1                              0.750000    0.901616   -0.151616 (VIOLATED)
fanout2328/X                            0.750000    0.901616   -0.151616 (VIOLATED)
wire2329/A                              0.750000    0.901616   -0.151616 (VIOLATED)
_13816_/S                               0.750000    0.900228   -0.150228 (VIOLATED)
_13814_/S                               0.750000    0.899999   -0.149999 (VIOLATED)
_13811_/Y                               0.750000    0.899997   -0.149997 (VIOLATED)
_13813_/S                               0.750000    0.899997   -0.149997 (VIOLATED)
_13818_/S                               0.750000    0.899997   -0.149997 (VIOLATED)
max_cap166/A                            0.750000    0.899997   -0.149997 (VIOLATED)
ANTENNA_12/DIODE                        0.750000    0.899654   -0.149654 (VIOLATED)
fanout1183/A                            0.750000    0.899654   -0.149654 (VIOLATED)
ANTENNA_11/DIODE                        0.750000    0.899552   -0.149552 (VIOLATED)
fanout1180/A                            0.750000    0.899551   -0.149551 (VIOLATED)
fanout1188/A                            0.750000    0.899457   -0.149457 (VIOLATED)
ANTENNA_13/DIODE                        0.750000    0.899455   -0.149455 (VIOLATED)
fanout1185/A                            0.750000    0.899420   -0.149420 (VIOLATED)
_18177_/X                               0.750000    0.899391   -0.149391 (VIOLATED)
_10107_/A1                              0.750000    0.899055   -0.149055 (VIOLATED)
_11092_/A                               0.750000    0.899024   -0.149024 (VIOLATED)
_11082_/A1_N                            0.750000    0.899018   -0.149018 (VIOLATED)
_10106_/X                               0.750000    0.898906   -0.148906 (VIOLATED)
_17724_/S                               0.750000    0.898504   -0.148504 (VIOLATED)
_17716_/S                               0.750000    0.898498   -0.148498 (VIOLATED)
_17737_/S                               0.750000    0.898476   -0.148476 (VIOLATED)
fanout1498/X                            0.750000    0.898475   -0.148475 (VIOLATED)
load_slew1499/A                         0.750000    0.898475   -0.148475 (VIOLATED)
load_slew1500/A                         0.750000    0.898475   -0.148475 (VIOLATED)
_13782_/S                               0.750000    0.897917   -0.147917 (VIOLATED)
_13778_/S                               0.750000    0.897916   -0.147916 (VIOLATED)
_13775_/S                               0.750000    0.897900   -0.147900 (VIOLATED)
_10738_/A1                              0.750000    0.897858   -0.147858 (VIOLATED)
_11316_/A2                              0.750000    0.897839   -0.147839 (VIOLATED)
_11287_/A2                              0.750000    0.897829   -0.147829 (VIOLATED)
_11301_/B1                              0.750000    0.897829   -0.147829 (VIOLATED)
fanout1861/X                            0.750000    0.897829   -0.147829 (VIOLATED)
load_slew1862/A                         0.750000    0.897829   -0.147829 (VIOLATED)
_13779_/S                               0.750000    0.897828   -0.147828 (VIOLATED)
_13777_/S                               0.750000    0.897764   -0.147764 (VIOLATED)
_13781_/S                               0.750000    0.897754   -0.147754 (VIOLATED)
_13780_/S                               0.750000    0.897748   -0.147748 (VIOLATED)
_13776_/S                               0.750000    0.897644   -0.147644 (VIOLATED)
_11742_/B1                              0.750000    0.897363   -0.147363 (VIOLATED)
_11741_/A                               0.750000    0.897362   -0.147362 (VIOLATED)
_11763_/B1                              0.750000    0.897361   -0.147361 (VIOLATED)
_11399_/A                               0.750000    0.897360   -0.147360 (VIOLATED)
_11534_/A                               0.750000    0.897360   -0.147360 (VIOLATED)
_11635_/A                               0.750000    0.897360   -0.147360 (VIOLATED)
_11641_/A                               0.750000    0.897360   -0.147360 (VIOLATED)
_11667_/A                               0.750000    0.897360   -0.147360 (VIOLATED)
_11769_/B2                              0.750000    0.897360   -0.147360 (VIOLATED)
_11784_/A                               0.750000    0.897360   -0.147360 (VIOLATED)
fanout540/X                             0.750000    0.897360   -0.147360 (VIOLATED)
fanout2133/A                            0.750000    0.897346   -0.147346 (VIOLATED)
_10819_/B1_N                            0.750000    0.897337   -0.147337 (VIOLATED)
_13774_/Y                               0.750000    0.897319   -0.147319 (VIOLATED)
_12497_/A2                              0.750000    0.897315   -0.147315 (VIOLATED)
fanout2153/A                            0.750000    0.897315   -0.147315 (VIOLATED)
fanout2136/A                            0.750000    0.897313   -0.147313 (VIOLATED)
fanout2154/X                            0.750000    0.897313   -0.147313 (VIOLATED)
_13849_/S                               0.750000    0.897308   -0.147308 (VIOLATED)
_13852_/S                               0.750000    0.897305   -0.147305 (VIOLATED)
_13856_/S                               0.750000    0.897303   -0.147303 (VIOLATED)
_13853_/S                               0.750000    0.897298   -0.147298 (VIOLATED)
_13854_/S                               0.750000    0.897296   -0.147296 (VIOLATED)
_13851_/S                               0.750000    0.897294   -0.147294 (VIOLATED)
_13855_/S                               0.750000    0.897279   -0.147279 (VIOLATED)
_13850_/S                               0.750000    0.897277   -0.147277 (VIOLATED)
_13848_/Y                               0.750000    0.897247   -0.147247 (VIOLATED)
_11616_/B2                              0.750000    0.896645   -0.146645 (VIOLATED)
_10521_/B2                              0.750000    0.896644   -0.146644 (VIOLATED)
_11617_/B2                              0.750000    0.896644   -0.146644 (VIOLATED)
_11565_/B2                              0.750000    0.896643   -0.146643 (VIOLATED)
_10522_/B2                              0.750000    0.896643   -0.146643 (VIOLATED)
_11449_/A1                              0.750000    0.896640   -0.146640 (VIOLATED)
_11524_/A1                              0.750000    0.896640   -0.146640 (VIOLATED)
_11525_/A1                              0.750000    0.896640   -0.146640 (VIOLATED)
_16583_/A                               0.750000    0.896640   -0.146640 (VIOLATED)
_16659_/B1                              0.750000    0.896640   -0.146640 (VIOLATED)
fanout1415/X                            0.750000    0.896640   -0.146640 (VIOLATED)
wire1797/A                              0.750000    0.896293   -0.146293 (VIOLATED)
_09378_/B                               0.750000    0.896291   -0.146291 (VIOLATED)
_09586_/A2                              0.750000    0.896288   -0.146288 (VIOLATED)
_09589_/B2                              0.750000    0.896288   -0.146288 (VIOLATED)
_09659_/B1                              0.750000    0.896288   -0.146288 (VIOLATED)
fanout1796/X                            0.750000    0.896288   -0.146288 (VIOLATED)
_17865_/S                               0.750000    0.896081   -0.146081 (VIOLATED)
_17873_/S                               0.750000    0.896065   -0.146065 (VIOLATED)
_17871_/S                               0.750000    0.896045   -0.146045 (VIOLATED)
_17875_/S                               0.750000    0.896036   -0.146036 (VIOLATED)
_17863_/S                               0.750000    0.896029   -0.146029 (VIOLATED)
fanout1497/X                            0.750000    0.896029   -0.146029 (VIOLATED)
_16395_/A2                              0.750000    0.893777   -0.143777 (VIOLATED)
_15900_/A2                              0.750000    0.893776   -0.143776 (VIOLATED)
_14015_/A_N                             0.750000    0.893775   -0.143775 (VIOLATED)
_15498_/A2                              0.750000    0.893774   -0.143774 (VIOLATED)
_16413_/A2                              0.750000    0.893773   -0.143773 (VIOLATED)
_16048_/A2                              0.750000    0.893769   -0.143769 (VIOLATED)
_15160_/A2                              0.750000    0.893765   -0.143765 (VIOLATED)
_12645_/A                               0.750000    0.893765   -0.143765 (VIOLATED)
_15445_/A2                              0.750000    0.893765   -0.143765 (VIOLATED)
_15807_/A2                              0.750000    0.893765   -0.143765 (VIOLATED)
fanout1049/X                            0.750000    0.893765   -0.143765 (VIOLATED)
_17657_/S                               0.750000    0.893641   -0.143641 (VIOLATED)
_17649_/S                               0.750000    0.893632   -0.143632 (VIOLATED)
_17659_/S                               0.750000    0.893596   -0.143596 (VIOLATED)
fanout1298/X                            0.750000    0.893596   -0.143596 (VIOLATED)
load_slew1300/A                         0.750000    0.893596   -0.143596 (VIOLATED)
fanout419/A                             0.750000    0.892939   -0.142939 (VIOLATED)
fanout420/A                             0.750000    0.892938   -0.142938 (VIOLATED)
fanout418/A                             0.750000    0.892884   -0.142884 (VIOLATED)
fanout421/A                             0.750000    0.892854   -0.142854 (VIOLATED)
fanout422/A                             0.750000    0.892854   -0.142854 (VIOLATED)
fanout423/X                             0.750000    0.892854   -0.142854 (VIOLATED)
_11873_/S0                              0.750000    0.891536   -0.141536 (VIOLATED)
_12053_/S                               0.750000    0.891534   -0.141534 (VIOLATED)
_12399_/S0                              0.750000    0.891534   -0.141534 (VIOLATED)
_12400_/C1                              0.750000    0.891534   -0.141534 (VIOLATED)
_12409_/S                               0.750000    0.891534   -0.141534 (VIOLATED)
fanout2462/X                            0.750000    0.891534   -0.141534 (VIOLATED)
load_slew2463/A                         0.750000    0.891534   -0.141534 (VIOLATED)
_09665_/B1                              0.750000    0.891453   -0.141453 (VIOLATED)
_09595_/B1                              0.750000    0.891446   -0.141446 (VIOLATED)
fanout1628/X                            0.750000    0.891440   -0.141440 (VIOLATED)
load_slew1630/A                         0.750000    0.891440   -0.141440 (VIOLATED)
_16307_/C1                              0.750000    0.891183   -0.141183 (VIOLATED)
_15116_/C1                              0.750000    0.891168   -0.141168 (VIOLATED)
wire1141/A                              0.750000    0.891138   -0.141138 (VIOLATED)
_11398_/A1                              0.750000    0.891124   -0.141124 (VIOLATED)
fanout1140/X                            0.750000    0.891124   -0.141124 (VIOLATED)
fanout1233/A                            0.750000    0.890162   -0.140162 (VIOLATED)
fanout1230/A                            0.750000    0.890102   -0.140102 (VIOLATED)
fanout1238/A                            0.750000    0.889900   -0.139900 (VIOLATED)
fanout1235/A                            0.750000    0.889896   -0.139896 (VIOLATED)
_18012_/X                               0.750000    0.889880   -0.139880 (VIOLATED)
_17186_/A                               0.750000    0.889736   -0.139736 (VIOLATED)
_17208_/B2                              0.750000    0.889734   -0.139734 (VIOLATED)
_16620_/A1                              0.750000    0.889724   -0.139724 (VIOLATED)
_16651_/A1                              0.750000    0.889721   -0.139721 (VIOLATED)
_16677_/A1                              0.750000    0.889714   -0.139714 (VIOLATED)
_16590_/A1                              0.750000    0.889696   -0.139696 (VIOLATED)
_16561_/A1                              0.750000    0.889690   -0.139690 (VIOLATED)
fanout1971/A                            0.750000    0.889690   -0.139690 (VIOLATED)
fanout1972/X                            0.750000    0.889690   -0.139690 (VIOLATED)
_11622_/B                               0.750000    0.888959   -0.138959 (VIOLATED)
_11725_/B                               0.750000    0.888958   -0.138958 (VIOLATED)
_11694_/A2                              0.750000    0.888957   -0.138957 (VIOLATED)
_11625_/B                               0.750000    0.888953   -0.138953 (VIOLATED)
_11631_/B                               0.750000    0.888953   -0.138953 (VIOLATED)
_11632_/B                               0.750000    0.888953   -0.138953 (VIOLATED)
_11643_/B                               0.750000    0.888953   -0.138953 (VIOLATED)
_11645_/A_N                             0.750000    0.888953   -0.138953 (VIOLATED)
_11683_/C                               0.750000    0.888953   -0.138953 (VIOLATED)
_21474_/D                               0.750000    0.888953   -0.138953 (VIOLATED)
fanout533/X                             0.750000    0.888953   -0.138953 (VIOLATED)
_11633_/B                               0.750000    0.888806   -0.138806 (VIOLATED)
_11646_/A                               0.750000    0.888806   -0.138806 (VIOLATED)
_11647_/A                               0.750000    0.888806   -0.138806 (VIOLATED)
_11704_/A1_N                            0.750000    0.888806   -0.138806 (VIOLATED)
_11709_/A1                              0.750000    0.888806   -0.138806 (VIOLATED)
_11711_/A                               0.750000    0.888806   -0.138806 (VIOLATED)
_11721_/A1                              0.750000    0.888806   -0.138806 (VIOLATED)
_11737_/A                               0.750000    0.888806   -0.138806 (VIOLATED)
_11738_/A1                              0.750000    0.888806   -0.138806 (VIOLATED)
_11761_/A1                              0.750000    0.888806   -0.138806 (VIOLATED)
fanout530/X                             0.750000    0.888806   -0.138806 (VIOLATED)
fanout356/A                             0.750000    0.888629   -0.138629 (VIOLATED)
_14986_/A1                              0.750000    0.888625   -0.138625 (VIOLATED)
fanout357/A                             0.750000    0.888622   -0.138622 (VIOLATED)
_13930_/A1                              0.750000    0.888618   -0.138618 (VIOLATED)
fanout358/A                             0.750000    0.888618   -0.138618 (VIOLATED)
fanout359/A                             0.750000    0.888618   -0.138618 (VIOLATED)
fanout360/X                             0.750000    0.888618   -0.138618 (VIOLATED)
_16261_/B1                              0.750000    0.888566   -0.138566 (VIOLATED)
_16509_/B1                              0.750000    0.888565   -0.138565 (VIOLATED)
fanout743/A                             0.750000    0.888562   -0.138562 (VIOLATED)
fanout745/A                             0.750000    0.888562   -0.138562 (VIOLATED)
fanout747/A                             0.750000    0.888562   -0.138562 (VIOLATED)
fanout749/X                             0.750000    0.888562   -0.138562 (VIOLATED)
_15890_/C1                              0.750000    0.887956   -0.137956 (VIOLATED)
_16331_/C1                              0.750000    0.887952   -0.137952 (VIOLATED)
_16017_/C1                              0.750000    0.887935   -0.137935 (VIOLATED)
fanout1127/A                            0.750000    0.887922   -0.137923 (VIOLATED)
_16034_/A1                              0.750000    0.887908   -0.137908 (VIOLATED)
fanout1129/A                            0.750000    0.887907   -0.137907 (VIOLATED)
fanout1131/X                            0.750000    0.887907   -0.137907 (VIOLATED)
_12833_/B                               0.750000    0.887783   -0.137784 (VIOLATED)
_12795_/C                               0.750000    0.887783   -0.137783 (VIOLATED)
_12777_/C                               0.750000    0.887754   -0.137754 (VIOLATED)
_12815_/B                               0.750000    0.887754   -0.137754 (VIOLATED)
_12853_/B                               0.750000    0.887754   -0.137754 (VIOLATED)
_12891_/B                               0.750000    0.887754   -0.137754 (VIOLATED)
_12929_/B                               0.750000    0.887754   -0.137754 (VIOLATED)
_12967_/B                               0.750000    0.887754   -0.137754 (VIOLATED)
_15014_/C                               0.750000    0.887754   -0.137754 (VIOLATED)
_15050_/B                               0.750000    0.887754   -0.137754 (VIOLATED)
fanout579/X                             0.750000    0.887754   -0.137754 (VIOLATED)
_16842_/A2                              0.750000    0.887714   -0.137714 (VIOLATED)
_16994_/A2                              0.750000    0.887714   -0.137714 (VIOLATED)
_16860_/A2                              0.750000    0.887712   -0.137712 (VIOLATED)
_16796_/A                               0.750000    0.887711   -0.137711 (VIOLATED)
_16911_/A2                              0.750000    0.887711   -0.137711 (VIOLATED)
_16806_/A2                              0.750000    0.887706   -0.137706 (VIOLATED)
_16963_/A2                              0.750000    0.887701   -0.137701 (VIOLATED)
_17151_/B1                              0.750000    0.887696   -0.137696 (VIOLATED)
_17169_/A1                              0.750000    0.887695   -0.137695 (VIOLATED)
_17198_/A1                              0.750000    0.887694   -0.137694 (VIOLATED)
fanout1150/X                            0.750000    0.887694   -0.137694 (VIOLATED)
_12652_/A1                              0.750000    0.886778   -0.136778 (VIOLATED)
_13545_/A1                              0.750000    0.886779   -0.136779 (VIOLATED)
_13146_/A1                              0.750000    0.886778   -0.136778 (VIOLATED)
_13656_/A1                              0.750000    0.886778   -0.136778 (VIOLATED)
_13693_/A1                              0.750000    0.886778   -0.136778 (VIOLATED)
_13730_/A1                              0.750000    0.886778   -0.136778 (VIOLATED)
_13767_/A1                              0.750000    0.886778   -0.136778 (VIOLATED)
_13804_/A1                              0.750000    0.886778   -0.136778 (VIOLATED)
_13841_/A1                              0.750000    0.886778   -0.136778 (VIOLATED)
_13915_/A1                              0.750000    0.886778   -0.136778 (VIOLATED)
fanout477/X                             0.750000    0.886778   -0.136778 (VIOLATED)
_11401_/A0                              0.750000    0.886562   -0.136562 (VIOLATED)
_11092_/B                               0.750000    0.886530   -0.136530 (VIOLATED)
_11082_/A2_N                            0.750000    0.886529   -0.136529 (VIOLATED)
_12668_/A                               0.750000    0.886344   -0.136344 (VIOLATED)
_12698_/A1                              0.750000    0.886210   -0.136210 (VIOLATED)
_10280_/B1                              0.750000    0.886169   -0.136169 (VIOLATED)
_09758_/A2                              0.750000    0.886162   -0.136162 (VIOLATED)
_09962_/A1                              0.750000    0.886142   -0.136142 (VIOLATED)
_09969_/A2                              0.750000    0.886141   -0.136141 (VIOLATED)
_10251_/A1                              0.750000    0.886141   -0.136141 (VIOLATED)
fanout1798/X                            0.750000    0.886141   -0.136141 (VIOLATED)
_11053_/Y                               0.750000    0.886005   -0.136005 (VIOLATED)
_10654_/Y                               0.750000    0.885579   -0.135579 (VIOLATED)
_12698_/A0                              0.750000    0.885579   -0.135579 (VIOLATED)
wire1400/A                              0.750000    0.885579   -0.135579 (VIOLATED)
_11998_/S                               0.750000    0.885310   -0.135310 (VIOLATED)
_12082_/C1                              0.750000    0.885303   -0.135303 (VIOLATED)
_12101_/S                               0.750000    0.885296   -0.135296 (VIOLATED)
_12222_/S                               0.750000    0.885296   -0.135296 (VIOLATED)
_12232_/S                               0.750000    0.885296   -0.135296 (VIOLATED)
fanout2355/X                            0.750000    0.885296   -0.135296 (VIOLATED)
_14824_/A1                              0.750000    0.883755   -0.133755 (VIOLATED)
_14788_/A1                              0.750000    0.883755   -0.133755 (VIOLATED)
_14679_/A1                              0.750000    0.883754   -0.133754 (VIOLATED)
_14643_/A1                              0.750000    0.883752   -0.133752 (VIOLATED)
_14860_/A1                              0.750000    0.883749   -0.133750 (VIOLATED)
_14896_/A1                              0.750000    0.883747   -0.133747 (VIOLATED)
_14715_/A1                              0.750000    0.883741   -0.133741 (VIOLATED)
_14607_/A1                              0.750000    0.883737   -0.133737 (VIOLATED)
_13327_/A1                              0.750000    0.883695   -0.133695 (VIOLATED)
_13363_/A1                              0.750000    0.883695   -0.133695 (VIOLATED)
fanout484/X                             0.750000    0.883695   -0.133695 (VIOLATED)
_15744_/B1                              0.750000    0.882377   -0.132377 (VIOLATED)
_16460_/B1                              0.750000    0.882373   -0.132373 (VIOLATED)
_15860_/B1                              0.750000    0.882371   -0.132371 (VIOLATED)
_15321_/A2                              0.750000    0.882367   -0.132367 (VIOLATED)
_15335_/B1                              0.750000    0.882367   -0.132367 (VIOLATED)
_16074_/B1                              0.750000    0.882348   -0.132348 (VIOLATED)
_15521_/B1                              0.750000    0.882345   -0.132345 (VIOLATED)
_16295_/A2                              0.750000    0.882345   -0.132345 (VIOLATED)
fanout795/X                             0.750000    0.882345   -0.132345 (VIOLATED)
_12648_/Y                               0.750000    0.882196   -0.132196 (VIOLATED)
fanout492/A                             0.750000    0.882196   -0.132196 (VIOLATED)
_09281_/S0                              0.750000    0.881667   -0.131668 (VIOLATED)
_09280_/S                               0.750000    0.881666   -0.131666 (VIOLATED)
_09279_/S                               0.750000    0.881659   -0.131659 (VIOLATED)
fanout2124/A                            0.750000    0.881651   -0.131651 (VIOLATED)
_09276_/S                               0.750000    0.881650   -0.131650 (VIOLATED)
fanout2126/A                            0.750000    0.881638   -0.131638 (VIOLATED)
fanout2128/A                            0.750000    0.881631   -0.131631 (VIOLATED)
fanout2129/X                            0.750000    0.881631   -0.131631 (VIOLATED)
_12424_/A2                              0.750000    0.881589   -0.131589 (VIOLATED)
_10808_/B                               0.750000    0.881576   -0.131576 (VIOLATED)
_10809_/B                               0.750000    0.881573   -0.131573 (VIOLATED)
ANTENNA_59/DIODE                        0.750000    0.881572   -0.131572 (VIOLATED)
ANTENNA_60/DIODE                        0.750000    0.881572   -0.131572 (VIOLATED)
ANTENNA_93/DIODE                        0.750000    0.881479   -0.131479 (VIOLATED)
_12760_/A                               0.750000    0.881479   -0.131479 (VIOLATED)
_10807_/X                               0.750000    0.881457   -0.131457 (VIOLATED)
_14374_/A0                              0.750000    0.880790   -0.130790 (VIOLATED)
_14773_/A0                              0.750000    0.880790   -0.130790 (VIOLATED)
_14954_/A0                              0.750000    0.880790   -0.130790 (VIOLATED)
_13972_/A0                              0.750000    0.880789   -0.130789 (VIOLATED)
_12719_/A0                              0.750000    0.880788   -0.130788 (VIOLATED)
ANTENNA_70/DIODE                        0.750000    0.880785   -0.130785 (VIOLATED)
_13166_/A0                              0.750000    0.880785   -0.130785 (VIOLATED)
_13898_/A0                              0.750000    0.880784   -0.130784 (VIOLATED)
_13935_/A0                              0.750000    0.880784   -0.130784 (VIOLATED)
fanout320/A                             0.750000    0.880784   -0.130784 (VIOLATED)
fanout321/X                             0.750000    0.880784   -0.130784 (VIOLATED)
_15925_/B1                              0.750000    0.879127   -0.129127 (VIOLATED)
_16118_/B1                              0.750000    0.879125   -0.129125 (VIOLATED)
_16109_/B1                              0.750000    0.879121   -0.129121 (VIOLATED)
_15556_/B1                              0.750000    0.879120   -0.129120 (VIOLATED)
_15585_/B1                              0.750000    0.879115   -0.129115 (VIOLATED)
_15945_/B1                              0.750000    0.879115   -0.129115 (VIOLATED)
_16312_/B1                              0.750000    0.879115   -0.129115 (VIOLATED)
fanout653/X                             0.750000    0.879115   -0.129115 (VIOLATED)
_10905_/B1                              0.750000    0.878670   -0.128670 (VIOLATED)
_10908_/B1_N                            0.750000    0.878669   -0.128669 (VIOLATED)
_10568_/S                               0.750000    0.878669   -0.128669 (VIOLATED)
_10569_/A                               0.750000    0.878669   -0.128669 (VIOLATED)
_10570_/B                               0.750000    0.878669   -0.128669 (VIOLATED)
_10899_/B1                              0.750000    0.878669   -0.128669 (VIOLATED)
_10902_/B1_N                            0.750000    0.878669   -0.128669 (VIOLATED)
_10915_/C1                              0.750000    0.878669   -0.128669 (VIOLATED)
_10916_/B1_N                            0.750000    0.878669   -0.128669 (VIOLATED)
_11262_/B1_N                            0.750000    0.878669   -0.128669 (VIOLATED)
fanout2110/X                            0.750000    0.878669   -0.128669 (VIOLATED)
_09351_/C1                              0.750000    0.876928   -0.126928 (VIOLATED)
wire2021/A                              0.750000    0.876927   -0.126927 (VIOLATED)
_10545_/C1                              0.750000    0.876926   -0.126926 (VIOLATED)
_16531_/B1                              0.750000    0.876926   -0.126926 (VIOLATED)
_15668_/A2                              0.750000    0.876926   -0.126926 (VIOLATED)
_10580_/C1                              0.750000    0.876925   -0.126925 (VIOLATED)
_15402_/B1                              0.750000    0.876923   -0.126923 (VIOLATED)
_15676_/B1                              0.750000    0.876922   -0.126922 (VIOLATED)
_16182_/A2                              0.750000    0.876921   -0.126921 (VIOLATED)
_15395_/A2                              0.750000    0.876921   -0.126921 (VIOLATED)
_10722_/B1                              0.750000    0.876918   -0.126918 (VIOLATED)
fanout2020/X                            0.750000    0.876918   -0.126918 (VIOLATED)
_15180_/B1                              0.750000    0.876916   -0.126916 (VIOLATED)
_16274_/B1                              0.750000    0.876913   -0.126913 (VIOLATED)
_15609_/A2                              0.750000    0.876913   -0.126913 (VIOLATED)
_15993_/B1                              0.750000    0.876913   -0.126913 (VIOLATED)
fanout815/X                             0.750000    0.876913   -0.126913 (VIOLATED)
_14642_/C                               0.750000    0.876300   -0.126300 (VIOLATED)
_14678_/C                               0.750000    0.876299   -0.126299 (VIOLATED)
_14633_/C                               0.750000    0.876268   -0.126268 (VIOLATED)
_14669_/C                               0.750000    0.876267   -0.126267 (VIOLATED)
_14705_/C                               0.750000    0.876267   -0.126267 (VIOLATED)
_14922_/C                               0.750000    0.876266   -0.126266 (VIOLATED)
_14741_/C                               0.750000    0.876262   -0.126262 (VIOLATED)
_14814_/C                               0.750000    0.876262   -0.126262 (VIOLATED)
_14850_/C                               0.750000    0.876262   -0.126262 (VIOLATED)
_14886_/C                               0.750000    0.876262   -0.126262 (VIOLATED)
fanout546/X                             0.750000    0.876262   -0.126262 (VIOLATED)
_15002_/A1                              0.750000    0.875345   -0.125345 (VIOLATED)
_14747_/A1                              0.750000    0.875344   -0.125344 (VIOLATED)
_13983_/A1                              0.750000    0.875343   -0.125343 (VIOLATED)
_14385_/A1                              0.750000    0.875341   -0.125341 (VIOLATED)
_14965_/A1                              0.750000    0.875340   -0.125340 (VIOLATED)
_13576_/A1                              0.750000    0.875339   -0.125339 (VIOLATED)
_14784_/A1                              0.750000    0.875339   -0.125339 (VIOLATED)
_12756_/A1                              0.750000    0.875337   -0.125337 (VIOLATED)
_13177_/A1                              0.750000    0.875335   -0.125335 (VIOLATED)
fanout192/A                             0.750000    0.875321   -0.125321 (VIOLATED)
fanout193/X                             0.750000    0.875321   -0.125321 (VIOLATED)
_15559_/B1                              0.750000    0.874908   -0.124908 (VIOLATED)
_16487_/B1                              0.750000    0.874907   -0.124908 (VIOLATED)
_15290_/B1                              0.750000    0.874906   -0.124906 (VIOLATED)
_15939_/B1                              0.750000    0.874904   -0.124904 (VIOLATED)
_15234_/B1                              0.750000    0.874897   -0.124897 (VIOLATED)
_15253_/A2                              0.750000    0.874892   -0.124892 (VIOLATED)
_15702_/A2                              0.750000    0.874892   -0.124892 (VIOLATED)
_16104_/B1                              0.750000    0.874892   -0.124892 (VIOLATED)
_16228_/B1                              0.750000    0.874892   -0.124892 (VIOLATED)
fanout657/X                             0.750000    0.874892   -0.124892 (VIOLATED)
_10560_/S                               0.750000    0.873698   -0.123698 (VIOLATED)
_10566_/S                               0.750000    0.873698   -0.123698 (VIOLATED)
_10573_/S                               0.750000    0.873698   -0.123698 (VIOLATED)
_10574_/S                               0.750000    0.873698   -0.123698 (VIOLATED)
_10575_/S                               0.750000    0.873698   -0.123698 (VIOLATED)
_10576_/S                               0.750000    0.873698   -0.123698 (VIOLATED)
_10968_/B1                              0.750000    0.873698   -0.123698 (VIOLATED)
fanout2117/A                            0.750000    0.873698   -0.123698 (VIOLATED)
fanout2119/X                            0.750000    0.873698   -0.123698 (VIOLATED)
_15748_/A2                              0.750000    0.873168   -0.123168 (VIOLATED)
fanout845/A                             0.750000    0.873168   -0.123168 (VIOLATED)
_16061_/B                               0.750000    0.873168   -0.123168 (VIOLATED)
_15861_/A2                              0.750000    0.873156   -0.123156 (VIOLATED)
fanout849/A                             0.750000    0.873156   -0.123156 (VIOLATED)
_16073_/A2                              0.750000    0.873155   -0.123155 (VIOLATED)
_16296_/A2                              0.750000    0.873154   -0.123154 (VIOLATED)
fanout847/A                             0.750000    0.873154   -0.123154 (VIOLATED)
fanout851/X                             0.750000    0.873154   -0.123154 (VIOLATED)
_11406_/B                               0.750000    0.872721   -0.122721 (VIOLATED)
_12471_/A1                              0.750000    0.872721   -0.122721 (VIOLATED)
_11407_/A1                              0.750000    0.872721   -0.122721 (VIOLATED)
_09263_/A                               0.750000    0.872720   -0.122720 (VIOLATED)
_09335_/A1                              0.750000    0.872720   -0.122720 (VIOLATED)
_09334_/A1                              0.750000    0.872720   -0.122720 (VIOLATED)
_09333_/A                               0.750000    0.872720   -0.122720 (VIOLATED)
_09872_/S                               0.750000    0.872718   -0.122718 (VIOLATED)
_09337_/C1                              0.750000    0.872716   -0.122716 (VIOLATED)
_09454_/B1                              0.750000    0.872716   -0.122716 (VIOLATED)
fanout1585/X                            0.750000    0.872716   -0.122716 (VIOLATED)
_09922_/A                               0.750000    0.872602   -0.122602 (VIOLATED)
_09981_/A                               0.750000    0.872602   -0.122602 (VIOLATED)
_10014_/A1                              0.750000    0.872602   -0.122602 (VIOLATED)
_11480_/S                               0.750000    0.872602   -0.122602 (VIOLATED)
_11481_/A                               0.750000    0.872602   -0.122602 (VIOLATED)
_11482_/B                               0.750000    0.872602   -0.122602 (VIOLATED)
_11486_/A                               0.750000    0.872602   -0.122602 (VIOLATED)
_11487_/A1                              0.750000    0.872602   -0.122602 (VIOLATED)
_11502_/A                               0.750000    0.872602   -0.122602 (VIOLATED)
_16595_/S                               0.750000    0.872602   -0.122602 (VIOLATED)
fanout1434/X                            0.750000    0.872602   -0.122602 (VIOLATED)
fanout2248/A                            0.750000    0.871918   -0.121918 (VIOLATED)
fanout2246/A                            0.750000    0.871916   -0.121916 (VIOLATED)
_10351_/A                               0.750000    0.871912   -0.121912 (VIOLATED)
_10064_/S0                              0.750000    0.871911   -0.121911 (VIOLATED)
_10068_/S0                              0.750000    0.871911   -0.121911 (VIOLATED)
_10347_/A                               0.750000    0.871911   -0.121911 (VIOLATED)
fanout2244/A                            0.750000    0.871911   -0.121911 (VIOLATED)
fanout2250/X                            0.750000    0.871911   -0.121911 (VIOLATED)
_18122_/S                               0.750000    0.871097   -0.121097 (VIOLATED)
_18114_/S                               0.750000    0.871072   -0.121072 (VIOLATED)
fanout1199/X                            0.750000    0.871064   -0.121064 (VIOLATED)
load_slew1201/A                         0.750000    0.871064   -0.121064 (VIOLATED)
_09868_/B1                              0.750000    0.869828   -0.119828 (VIOLATED)
_10747_/B1                              0.750000    0.869828   -0.119828 (VIOLATED)
_10763_/A2                              0.750000    0.869828   -0.119828 (VIOLATED)
_10768_/A1                              0.750000    0.869828   -0.119828 (VIOLATED)
_11188_/B1                              0.750000    0.869828   -0.119828 (VIOLATED)
_11195_/A2                              0.750000    0.869828   -0.119828 (VIOLATED)
fanout1849/X                            0.750000    0.869828   -0.119828 (VIOLATED)
_13671_/S                               0.750000    0.869632   -0.119632 (VIOLATED)
_13664_/S                               0.750000    0.869627   -0.119627 (VIOLATED)
_13667_/S                               0.750000    0.869619   -0.119619 (VIOLATED)
_13669_/S                               0.750000    0.869594   -0.119594 (VIOLATED)
_13668_/S                               0.750000    0.869562   -0.119562 (VIOLATED)
fanout1066/A                            0.750000    0.869553   -0.119553 (VIOLATED)
_16215_/A2                              0.750000    0.869545   -0.119545 (VIOLATED)
_16132_/A2                              0.750000    0.869542   -0.119542 (VIOLATED)
fanout1064/A                            0.750000    0.869541   -0.119541 (VIOLATED)
fanout1070/A                            0.750000    0.869541   -0.119541 (VIOLATED)
fanout1072/X                            0.750000    0.869541   -0.119541 (VIOLATED)
_13666_/S                               0.750000    0.869480   -0.119480 (VIOLATED)
_13665_/S                               0.750000    0.869417   -0.119417 (VIOLATED)
_13670_/S                               0.750000    0.869320   -0.119320 (VIOLATED)
_13663_/Y                               0.750000    0.869056   -0.119056 (VIOLATED)
_13982_/A1                              0.750000    0.868566   -0.118566 (VIOLATED)
_14783_/A1                              0.750000    0.868565   -0.118565 (VIOLATED)
_14384_/A1                              0.750000    0.868565   -0.118565 (VIOLATED)
_14964_/A1                              0.750000    0.868562   -0.118562 (VIOLATED)
ANTENNA_69/DIODE                        0.750000    0.868558   -0.118558 (VIOLATED)
_12752_/A1                              0.750000    0.868558   -0.118558 (VIOLATED)
_13575_/A1                              0.750000    0.868558   -0.118558 (VIOLATED)
_13686_/A1                              0.750000    0.868538   -0.118538 (VIOLATED)
_13723_/A1                              0.750000    0.868538   -0.118538 (VIOLATED)
_13760_/A1                              0.750000    0.868538   -0.118538 (VIOLATED)
_13797_/A1                              0.750000    0.868538   -0.118538 (VIOLATED)
fanout265/X                             0.750000    0.868538   -0.118538 (VIOLATED)
_10109_/A2                              0.750000    0.867882   -0.117882 (VIOLATED)
_16574_/A2                              0.750000    0.867881   -0.117881 (VIOLATED)
_16581_/A1                              0.750000    0.867874   -0.117874 (VIOLATED)
_16580_/A1                              0.750000    0.867873   -0.117873 (VIOLATED)
_12476_/A                               0.750000    0.867869   -0.117869 (VIOLATED)
_16565_/A                               0.750000    0.867830   -0.117830 (VIOLATED)
_16566_/A                               0.750000    0.867830   -0.117830 (VIOLATED)
_10081_/X                               0.750000    0.867782   -0.117782 (VIOLATED)
_16560_/B1                              0.750000    0.867509   -0.117509 (VIOLATED)
_16586_/B1                              0.750000    0.867509   -0.117509 (VIOLATED)
_16822_/B1                              0.750000    0.867509   -0.117509 (VIOLATED)
_16871_/B1                              0.750000    0.867509   -0.117509 (VIOLATED)
_16895_/B1                              0.750000    0.867509   -0.117509 (VIOLATED)
_16997_/B1                              0.750000    0.867509   -0.117509 (VIOLATED)
_17079_/B1                              0.750000    0.867509   -0.117509 (VIOLATED)
_17182_/B1                              0.750000    0.867509   -0.117509 (VIOLATED)
fanout135/A                             0.750000    0.867509   -0.117509 (VIOLATED)
fanout136/A                             0.750000    0.867509   -0.117509 (VIOLATED)
fanout137/X                             0.750000    0.867509   -0.117509 (VIOLATED)
_13469_/A1                              0.750000    0.865898   -0.115898 (VIOLATED)
_13541_/A1                              0.750000    0.865897   -0.115897 (VIOLATED)
_13433_/A1                              0.750000    0.865894   -0.115894 (VIOLATED)
_13397_/A1                              0.750000    0.865891   -0.115891 (VIOLATED)
_13505_/A1                              0.750000    0.865888   -0.115888 (VIOLATED)
_13361_/A1                              0.750000    0.865886   -0.115886 (VIOLATED)
_13614_/A1                              0.750000    0.865885   -0.115885 (VIOLATED)
_13650_/A1                              0.750000    0.865884   -0.115884 (VIOLATED)
fanout246/A                             0.750000    0.865843   -0.115843 (VIOLATED)
fanout247/X                             0.750000    0.865843   -0.115843 (VIOLATED)
_10667_/A                               0.750000    0.865219   -0.115219 (VIOLATED)
fanout1354/A                            0.750000    0.865218   -0.115219 (VIOLATED)
_10660_/A1                              0.750000    0.865215   -0.115215 (VIOLATED)
fanout1351/A                            0.750000    0.865210   -0.115210 (VIOLATED)
_10671_/A1                              0.750000    0.865206   -0.115206 (VIOLATED)
max_cap1355/A                           0.750000    0.865206   -0.115206 (VIOLATED)
_17347_/Y                               0.750000    0.865200   -0.115200 (VIOLATED)
_11054_/A1                              0.750000    0.865186   -0.115186 (VIOLATED)
_11058_/A                               0.750000    0.865185   -0.115185 (VIOLATED)
_11309_/A1                              0.750000    0.865180   -0.115180 (VIOLATED)
fanout2047/X                            0.750000    0.865180   -0.115180 (VIOLATED)
_16331_/A2                              0.750000    0.864683   -0.114683 (VIOLATED)
fanout1047/A                            0.750000    0.864678   -0.114678 (VIOLATED)
_16016_/A2                              0.750000    0.864675   -0.114675 (VIOLATED)
_16018_/A2                              0.750000    0.864664   -0.114664 (VIOLATED)
_16038_/A2                              0.750000    0.864643   -0.114643 (VIOLATED)
fanout1050/A                            0.750000    0.864643   -0.114643 (VIOLATED)
fanout1052/X                            0.750000    0.864643   -0.114643 (VIOLATED)
_17509_/S                               0.750000    0.864608   -0.114608 (VIOLATED)
fanout1521/A                            0.750000    0.864601   -0.114601 (VIOLATED)
_17511_/S                               0.750000    0.864599   -0.114599 (VIOLATED)
fanout1524/X                            0.750000    0.864599   -0.114599 (VIOLATED)
load_slew1525/A                         0.750000    0.864599   -0.114599 (VIOLATED)
_09528_/B2                              0.750000    0.863342   -0.113342 (VIOLATED)
_09757_/B2                              0.750000    0.863334   -0.113334 (VIOLATED)
_10283_/B2                              0.750000    0.863330   -0.113330 (VIOLATED)
_09592_/B2                              0.750000    0.863301   -0.113301 (VIOLATED)
_09583_/B1                              0.750000    0.863297   -0.113297 (VIOLATED)
fanout1709/X                            0.750000    0.863297   -0.113297 (VIOLATED)
wire1710/A                              0.750000    0.863297   -0.113297 (VIOLATED)
_13247_/A1                              0.750000    0.861902   -0.111902 (VIOLATED)
fanout195/A                             0.750000    0.861901   -0.111901 (VIOLATED)
_13319_/A1                              0.750000    0.861901   -0.111901 (VIOLATED)
_13138_/A1                              0.750000    0.861895   -0.111895 (VIOLATED)
fanout197/A                             0.750000    0.861842   -0.111842 (VIOLATED)
fanout198/X                             0.750000    0.861842   -0.111842 (VIOLATED)
_11476_/A0                              0.750000    0.861662   -0.111662 (VIOLATED)
_16987_/A0                              0.750000    0.861662   -0.111662 (VIOLATED)
_17008_/A0                              0.750000    0.861661   -0.111661 (VIOLATED)
_16983_/A                               0.750000    0.861657   -0.111657 (VIOLATED)
_09723_/Y                               0.750000    0.861657   -0.111657 (VIOLATED)
_12588_/A1                              0.750000    0.861657   -0.111657 (VIOLATED)
_13450_/A1                              0.750000    0.861180   -0.111180 (VIOLATED)
_13414_/A1                              0.750000    0.861179   -0.111179 (VIOLATED)
_13342_/A1                              0.750000    0.861177   -0.111177 (VIOLATED)
_13522_/A1                              0.750000    0.861176   -0.111176 (VIOLATED)
_13595_/A1                              0.750000    0.861173   -0.111173 (VIOLATED)
fanout366/A                             0.750000    0.861116   -0.111116 (VIOLATED)
fanout367/A                             0.750000    0.861116   -0.111116 (VIOLATED)
fanout368/X                             0.750000    0.861116   -0.111116 (VIOLATED)
_12051_/A1                              0.750000    0.860924   -0.110924 (VIOLATED)
_12087_/A1                              0.750000    0.860913   -0.110913 (VIOLATED)
_12078_/A                               0.750000    0.860912   -0.110912 (VIOLATED)
_11807_/A                               0.750000    0.860908   -0.110908 (VIOLATED)
fanout2339/X                            0.750000    0.860908   -0.110908 (VIOLATED)
load_slew2340/A                         0.750000    0.860908   -0.110908 (VIOLATED)
_11935_/C1                              0.750000    0.859485   -0.109485 (VIOLATED)
_11927_/C1                              0.750000    0.859479   -0.109479 (VIOLATED)
_12313_/C1                              0.750000    0.859470   -0.109470 (VIOLATED)
_12276_/C1                              0.750000    0.859469   -0.109469 (VIOLATED)
_12309_/A1                              0.750000    0.859442   -0.109442 (VIOLATED)
_12272_/A1                              0.750000    0.859437   -0.109437 (VIOLATED)
fanout2380/X                            0.750000    0.859437   -0.109437 (VIOLATED)
fanout110/A                             0.750000    0.859259   -0.109259 (VIOLATED)
fanout109/A                             0.750000    0.859233   -0.109233 (VIOLATED)
fanout111/A                             0.750000    0.859219   -0.109219 (VIOLATED)
fanout112/A                             0.750000    0.859215   -0.109215 (VIOLATED)
_15701_/C1                              0.750000    0.859142   -0.109142 (VIOLATED)
_15694_/C1                              0.750000    0.859111   -0.109111 (VIOLATED)
_15359_/C1                              0.750000    0.859109   -0.109109 (VIOLATED)
_16224_/C1                              0.750000    0.859109   -0.109109 (VIOLATED)
_16472_/C1                              0.750000    0.859109   -0.109109 (VIOLATED)
fanout1113/X                            0.750000    0.859109   -0.109109 (VIOLATED)
_11941_/A1                              0.750000    0.858858   -0.108858 (VIOLATED)
_16374_/X                               0.750000    0.858821   -0.108821 (VIOLATED)
_12149_/C1                              0.750000    0.858760   -0.108760 (VIOLATED)
_11872_/A_N                             0.750000    0.858577   -0.108577 (VIOLATED)
fanout1536/A                            0.750000    0.858463   -0.108463 (VIOLATED)
_11814_/B                               0.750000    0.858456   -0.108456 (VIOLATED)
fanout1540/A                            0.750000    0.858386   -0.108386 (VIOLATED)
fanout1534/A                            0.750000    0.858359   -0.108359 (VIOLATED)
fanout1538/A                            0.750000    0.858353   -0.108353 (VIOLATED)
_17381_/X                               0.750000    0.858334   -0.108334 (VIOLATED)
_12017_/B1                              0.750000    0.858274   -0.108274 (VIOLATED)
_09830_/B2                              0.750000    0.858209   -0.108209 (VIOLATED)
_09814_/B                               0.750000    0.858208   -0.108208 (VIOLATED)
_10450_/A                               0.750000    0.858207   -0.108207 (VIOLATED)
_09817_/B                               0.750000    0.858205   -0.108205 (VIOLATED)
_09712_/S1                              0.750000    0.858193   -0.108193 (VIOLATED)
_09713_/S1                              0.750000    0.858187   -0.108187 (VIOLATED)
_09700_/S1                              0.750000    0.858181   -0.108181 (VIOLATED)
fanout2171/X                            0.750000    0.858181   -0.108181 (VIOLATED)
_11852_/B                               0.750000    0.858138   -0.108138 (VIOLATED)
_11832_/B                               0.750000    0.858090   -0.108090 (VIOLATED)
_11853_/B                               0.750000    0.858001   -0.108001 (VIOLATED)
input8/X                                0.750000    0.857941   -0.107941 (VIOLATED)
wire2010/A                              0.750000    0.857688   -0.107688 (VIOLATED)
_10303_/A                               0.750000    0.857687   -0.107688 (VIOLATED)
_10300_/B2                              0.750000    0.857684   -0.107684 (VIOLATED)
_09794_/S                               0.750000    0.857683   -0.107683 (VIOLATED)
_09797_/A1                              0.750000    0.857683   -0.107683 (VIOLATED)
_10295_/C1                              0.750000    0.857683   -0.107683 (VIOLATED)
fanout2009/X                            0.750000    0.857683   -0.107683 (VIOLATED)
_17624_/S                               0.750000    0.857358   -0.107358 (VIOLATED)
_17616_/S                               0.750000    0.857356   -0.107356 (VIOLATED)
fanout1309/X                            0.750000    0.857341   -0.107341 (VIOLATED)
load_slew1310/A                         0.750000    0.857341   -0.107341 (VIOLATED)
load_slew1311/A                         0.750000    0.857341   -0.107341 (VIOLATED)
fanout2092/A                            0.750000    0.856954   -0.106954 (VIOLATED)
_11204_/S                               0.750000    0.856954   -0.106954 (VIOLATED)
_11203_/C1                              0.750000    0.856951   -0.106951 (VIOLATED)
fanout2090/A                            0.750000    0.856948   -0.106948 (VIOLATED)
fanout2101/A                            0.750000    0.856924   -0.106924 (VIOLATED)
fanout2102/X                            0.750000    0.856924   -0.106924 (VIOLATED)
fanout1390/A                            0.750000    0.856711   -0.106711 (VIOLATED)
_17137_/B1                              0.750000    0.856686   -0.106686 (VIOLATED)
fanout1592/A                            0.750000    0.856679   -0.106679 (VIOLATED)
_16827_/A1                              0.750000    0.856667   -0.106667 (VIOLATED)
_17187_/B1                              0.750000    0.856659   -0.106659 (VIOLATED)
fanout1591/A                            0.750000    0.856657   -0.106657 (VIOLATED)
fanout1593/X                            0.750000    0.856657   -0.106657 (VIOLATED)
fanout1387/A                            0.750000    0.856595   -0.106595 (VIOLATED)
fanout1395/A                            0.750000    0.856380   -0.106380 (VIOLATED)
fanout1392/A                            0.750000    0.856352   -0.106352 (VIOLATED)
_15085_/X                               0.750000    0.856330   -0.106330 (VIOLATED)
_11827_/C1                              0.750000    0.856140   -0.106140 (VIOLATED)
_12030_/C1                              0.750000    0.856116   -0.106116 (VIOLATED)
_12003_/C1                              0.750000    0.856113   -0.106113 (VIOLATED)
_12022_/C1                              0.750000    0.856113   -0.106113 (VIOLATED)
fanout2381/X                            0.750000    0.856113   -0.106113 (VIOLATED)
wire2382/A                              0.750000    0.856113   -0.106113 (VIOLATED)
_10718_/A2                              0.750000    0.854981   -0.104981 (VIOLATED)
_10721_/B1                              0.750000    0.854978   -0.104978 (VIOLATED)
_09361_/A1                              0.750000    0.854969   -0.104969 (VIOLATED)
load_slew1893/A                         0.750000    0.854955   -0.104955 (VIOLATED)
fanout1890/A                            0.750000    0.854923   -0.104923 (VIOLATED)
fanout1892/X                            0.750000    0.854923   -0.104923 (VIOLATED)
fanout890/A                             0.750000    0.854889   -0.104889 (VIOLATED)
fanout892/A                             0.750000    0.854888   -0.104888 (VIOLATED)
fanout889/A                             0.750000    0.854887   -0.104887 (VIOLATED)
fanout893/A                             0.750000    0.854887   -0.104887 (VIOLATED)
fanout895/A                             0.750000    0.854887   -0.104887 (VIOLATED)
fanout897/X                             0.750000    0.854887   -0.104887 (VIOLATED)
_17087_/A                               0.750000    0.854536   -0.104536 (VIOLATED)
fanout1556/A                            0.750000    0.854489   -0.104489 (VIOLATED)
_09842_/Y                               0.750000    0.854484   -0.104484 (VIOLATED)
_12393_/C1                              0.750000    0.853580   -0.103580 (VIOLATED)
_12345_/C1                              0.750000    0.853575   -0.103575 (VIOLATED)
_12204_/C1                              0.750000    0.853568   -0.103568 (VIOLATED)
_12259_/C1                              0.750000    0.853545   -0.103545 (VIOLATED)
_09224_/A                               0.750000    0.853541   -0.103541 (VIOLATED)
fanout2361/X                            0.750000    0.853541   -0.103541 (VIOLATED)
load_slew2362/A                         0.750000    0.853541   -0.103541 (VIOLATED)
_14108_/A1                              0.750000    0.852606   -0.102606 (VIOLATED)
_14000_/A1                              0.750000    0.852606   -0.102606 (VIOLATED)
_14036_/A1                              0.750000    0.852605   -0.102605 (VIOLATED)
_14216_/A1                              0.750000    0.852601   -0.102601 (VIOLATED)
_14072_/A1                              0.750000    0.852599   -0.102599 (VIOLATED)
_14144_/A1                              0.750000    0.852599   -0.102599 (VIOLATED)
_14180_/A1                              0.750000    0.852594   -0.102594 (VIOLATED)
_14252_/A1                              0.750000    0.852589   -0.102589 (VIOLATED)
_13925_/A1                              0.750000    0.852554   -0.102554 (VIOLATED)
fanout393/A                             0.750000    0.852554   -0.102554 (VIOLATED)
fanout394/X                             0.750000    0.852554   -0.102554 (VIOLATED)
fanout2209/A                            0.750000    0.852355   -0.102355 (VIOLATED)
_11644_/B                               0.750000    0.852355   -0.102355 (VIOLATED)
_11646_/B                               0.750000    0.852355   -0.102355 (VIOLATED)
_11647_/B                               0.750000    0.852355   -0.102355 (VIOLATED)
_11666_/B                               0.750000    0.852355   -0.102355 (VIOLATED)
_11706_/A1                              0.750000    0.852355   -0.102355 (VIOLATED)
_11710_/B                               0.750000    0.852355   -0.102355 (VIOLATED)
_11750_/A2                              0.750000    0.852355   -0.102355 (VIOLATED)
_11791_/A3                              0.750000    0.852355   -0.102355 (VIOLATED)
_11793_/A2                              0.750000    0.852355   -0.102355 (VIOLATED)
_11796_/A3                              0.750000    0.852355   -0.102355 (VIOLATED)
fanout528/X                             0.750000    0.852355   -0.102355 (VIOLATED)
_09902_/A                               0.750000    0.852351   -0.102351 (VIOLATED)
_09896_/A                               0.750000    0.852349   -0.102349 (VIOLATED)
_09911_/S0                              0.750000    0.852344   -0.102344 (VIOLATED)
load_slew2212/A                         0.750000    0.852342   -0.102342 (VIOLATED)
_12572_/A1                              0.750000    0.852342   -0.102342 (VIOLATED)
_16826_/A2                              0.750000    0.852342   -0.102342 (VIOLATED)
fanout2211/X                            0.750000    0.852342   -0.102342 (VIOLATED)
fanout2072/A                            0.750000    0.851273   -0.101273 (VIOLATED)
fanout2076/A                            0.750000    0.851257   -0.101257 (VIOLATED)
fanout2074/A                            0.750000    0.851230   -0.101230 (VIOLATED)
fanout2077/X                            0.750000    0.851218   -0.101218 (VIOLATED)
load_slew2078/A                         0.750000    0.851218   -0.101218 (VIOLATED)
_16448_/A2                              0.750000    0.850335   -0.100336 (VIOLATED)
_16455_/B1                              0.750000    0.850333   -0.100333 (VIOLATED)
fanout903/A                             0.750000    0.850327   -0.100327 (VIOLATED)
fanout905/A                             0.750000    0.850322   -0.100322 (VIOLATED)
_15830_/A2                              0.750000    0.850322   -0.100322 (VIOLATED)
_16064_/A2                              0.750000    0.850322   -0.100322 (VIOLATED)
_16285_/A2                              0.750000    0.850322   -0.100322 (VIOLATED)
fanout907/X                             0.750000    0.850322   -0.100322 (VIOLATED)
_17202_/A1                              0.750000    0.849885   -0.099885 (VIOLATED)
fanout1469/A                            0.750000    0.849884   -0.099884 (VIOLATED)
fanout1471/A                            0.750000    0.849873   -0.099873 (VIOLATED)
_12601_/C1                              0.750000    0.849863   -0.099863 (VIOLATED)
_12608_/A                               0.750000    0.849863   -0.099863 (VIOLATED)
fanout1468/A                            0.750000    0.849863   -0.099863 (VIOLATED)
fanout1472/X                            0.750000    0.849863   -0.099863 (VIOLATED)
_16449_/A2                              0.750000    0.849354   -0.099354 (VIOLATED)
_16453_/A2                              0.750000    0.849352   -0.099352 (VIOLATED)
_16095_/A2                              0.750000    0.849350   -0.099350 (VIOLATED)
_15747_/B1                              0.750000    0.849348   -0.099348 (VIOLATED)
_16064_/B1                              0.750000    0.849348   -0.099348 (VIOLATED)
_16284_/A2                              0.750000    0.849348   -0.099348 (VIOLATED)
fanout788/A                             0.750000    0.849348   -0.099348 (VIOLATED)
fanout790/A                             0.750000    0.849348   -0.099348 (VIOLATED)
fanout792/X                             0.750000    0.849348   -0.099348 (VIOLATED)
_11935_/A1                              0.750000    0.849276   -0.099276 (VIOLATED)
_11927_/A1                              0.750000    0.849272   -0.099272 (VIOLATED)
_12303_/A                               0.750000    0.849271   -0.099271 (VIOLATED)
_12311_/A                               0.750000    0.849266   -0.099266 (VIOLATED)
_12276_/A1                              0.750000    0.849256   -0.099256 (VIOLATED)
_12266_/A                               0.750000    0.849250   -0.099250 (VIOLATED)
fanout2397/X                            0.750000    0.849250   -0.099250 (VIOLATED)
_12742_/A1                              0.750000    0.849125   -0.099125 (VIOLATED)
_13962_/S                               0.750000    0.849095   -0.099095 (VIOLATED)
_13966_/S                               0.750000    0.849094   -0.099094 (VIOLATED)
max_cap155/A                            0.750000    0.849090   -0.099090 (VIOLATED)
_13959_/Y                               0.750000    0.849089   -0.099089 (VIOLATED)
_13960_/S                               0.750000    0.849089   -0.099089 (VIOLATED)
_13961_/S                               0.750000    0.849089   -0.099089 (VIOLATED)
_12741_/X                               0.750000    0.848890   -0.098890 (VIOLATED)
_09523_/B1                              0.750000    0.847598   -0.097598 (VIOLATED)
_09759_/A1                              0.750000    0.847591   -0.097591 (VIOLATED)
_10278_/B1                              0.750000    0.847582   -0.097582 (VIOLATED)
_09585_/B2                              0.750000    0.847571   -0.097571 (VIOLATED)
_09592_/A1                              0.750000    0.847571   -0.097571 (VIOLATED)
fanout1740/X                            0.750000    0.847571   -0.097571 (VIOLATED)
load_slew1741/A                         0.750000    0.847571   -0.097571 (VIOLATED)
_11487_/A2                              0.750000    0.847498   -0.097498 (VIOLATED)
_09874_/A                               0.750000    0.847496   -0.097496 (VIOLATED)
_09875_/A                               0.750000    0.847496   -0.097496 (VIOLATED)
_09892_/A2                              0.750000    0.847496   -0.097496 (VIOLATED)
_09893_/A2                              0.750000    0.847496   -0.097496 (VIOLATED)
_10046_/A2                              0.750000    0.847496   -0.097496 (VIOLATED)
_10137_/A0                              0.750000    0.847496   -0.097496 (VIOLATED)
_11549_/A2                              0.750000    0.847496   -0.097496 (VIOLATED)
_12484_/A                               0.750000    0.847496   -0.097496 (VIOLATED)
_12485_/A1                              0.750000    0.847496   -0.097496 (VIOLATED)
fanout1165/X                            0.750000    0.847496   -0.097496 (VIOLATED)
_14340_/A0                              0.750000    0.846903   -0.096903 (VIOLATED)
_14593_/A0                              0.750000    0.846903   -0.096903 (VIOLATED)
_14557_/A0                              0.750000    0.846901   -0.096901 (VIOLATED)
_14485_/A0                              0.750000    0.846901   -0.096901 (VIOLATED)
_14521_/A0                              0.750000    0.846897   -0.096897 (VIOLATED)
_14449_/A0                              0.750000    0.846892   -0.096892 (VIOLATED)
_14304_/A0                              0.750000    0.846890   -0.096890 (VIOLATED)
_14413_/A0                              0.750000    0.846886   -0.096886 (VIOLATED)
_13640_/A0                              0.750000    0.846859   -0.096859 (VIOLATED)
fanout299/A                             0.750000    0.846847   -0.096847 (VIOLATED)
fanout300/X                             0.750000    0.846847   -0.096847 (VIOLATED)
_10630_/B1                              0.750000    0.845987   -0.095987 (VIOLATED)
_10627_/B1_N                            0.750000    0.845986   -0.095986 (VIOLATED)
_11034_/B1_N                            0.750000    0.845985   -0.095985 (VIOLATED)
_11033_/C1                              0.750000    0.845985   -0.095985 (VIOLATED)
_10636_/B1_N                            0.750000    0.845983   -0.095983 (VIOLATED)
_10633_/B1                              0.750000    0.845983   -0.095983 (VIOLATED)
_10641_/B1_N                            0.750000    0.845982   -0.095982 (VIOLATED)
_10646_/C1                              0.750000    0.845982   -0.095982 (VIOLATED)
_10648_/S                               0.750000    0.845982   -0.095982 (VIOLATED)
_10649_/S                               0.750000    0.845982   -0.095982 (VIOLATED)
fanout2088/X                            0.750000    0.845982   -0.095982 (VIOLATED)
_18283_/A                               0.750000    0.845773   -0.095773 (VIOLATED)
_11391_/A                               0.750000    0.845763   -0.095763 (VIOLATED)
_18218_/C1                              0.750000    0.845762   -0.095763 (VIOLATED)
_11390_/A                               0.750000    0.845762   -0.095762 (VIOLATED)
_10523_/A                               0.750000    0.845753   -0.095753 (VIOLATED)
_10524_/A                               0.750000    0.845750   -0.095750 (VIOLATED)
input1/X                                0.750000    0.845731   -0.095731 (VIOLATED)
_17741_/S                               0.750000    0.845629   -0.095629 (VIOLATED)
_17739_/S                               0.750000    0.845625   -0.095625 (VIOLATED)
_17725_/S                               0.750000    0.845605   -0.095605 (VIOLATED)
fanout1501/X                            0.750000    0.845605   -0.095605 (VIOLATED)
load_slew1502/A                         0.750000    0.845605   -0.095605 (VIOLATED)
_13257_/A1                              0.750000    0.844539   -0.094539 (VIOLATED)
_13185_/A1                              0.750000    0.844537   -0.094537 (VIOLATED)
_13002_/A1                              0.750000    0.844537   -0.094537 (VIOLATED)
_13112_/A1                              0.750000    0.844534   -0.094534 (VIOLATED)
_13040_/A1                              0.750000    0.844534   -0.094534 (VIOLATED)
_13221_/A1                              0.750000    0.844533   -0.094533 (VIOLATED)
_13076_/A1                              0.750000    0.844533   -0.094533 (VIOLATED)
_14320_/A1                              0.750000    0.844506   -0.094506 (VIOLATED)
_14501_/A1                              0.750000    0.844506   -0.094506 (VIOLATED)
_14573_/A1                              0.750000    0.844506   -0.094506 (VIOLATED)
fanout456/X                             0.750000    0.844506   -0.094506 (VIOLATED)
fanout1291/A                            0.750000    0.844189   -0.094189 (VIOLATED)
fanout1288/A                            0.750000    0.844181   -0.094181 (VIOLATED)
fanout1296/A                            0.750000    0.844160   -0.094160 (VIOLATED)
ANTENNA_56/DIODE                        0.750000    0.844160   -0.094160 (VIOLATED)
_17680_/Y                               0.750000    0.844137   -0.094137 (VIOLATED)
fanout1293/A                            0.750000    0.844137   -0.094137 (VIOLATED)
_11936_/C1                              0.750000    0.843170   -0.093170 (VIOLATED)
_12126_/S0                              0.750000    0.843169   -0.093169 (VIOLATED)
_12140_/S0                              0.750000    0.843169   -0.093169 (VIOLATED)
_12332_/S0                              0.750000    0.843169   -0.093169 (VIOLATED)
_12333_/S                               0.750000    0.843169   -0.093169 (VIOLATED)
fanout2487/X                            0.750000    0.843169   -0.093169 (VIOLATED)
load_slew2488/A                         0.750000    0.843169   -0.093169 (VIOLATED)
_11099_/A2                              0.750000    0.842799   -0.092799 (VIOLATED)
_11102_/A2                              0.750000    0.842798   -0.092798 (VIOLATED)
_11108_/A2                              0.750000    0.842795   -0.092795 (VIOLATED)
_11105_/A2                              0.750000    0.842792   -0.092792 (VIOLATED)
_11258_/A2                              0.750000    0.842785   -0.092785 (VIOLATED)
_11248_/A2                              0.750000    0.842784   -0.092784 (VIOLATED)
_11251_/A2                              0.750000    0.842784   -0.092784 (VIOLATED)
_11256_/A2                              0.750000    0.842781   -0.092781 (VIOLATED)
_11112_/A2                              0.750000    0.842775   -0.092775 (VIOLATED)
_11115_/A2                              0.750000    0.842775   -0.092775 (VIOLATED)
fanout1932/X                            0.750000    0.842775   -0.092775 (VIOLATED)
fanout196/A                             0.750000    0.842470   -0.092470 (VIOLATED)
_13646_/A1                              0.750000    0.842464   -0.092464 (VIOLATED)
_15000_/A1                              0.750000    0.842449   -0.092449 (VIOLATED)
_13175_/A1                              0.750000    0.842449   -0.092449 (VIOLATED)
_14383_/A1                              0.750000    0.842445   -0.092445 (VIOLATED)
_12749_/A1                              0.750000    0.842444   -0.092444 (VIOLATED)
_14782_/A1                              0.750000    0.842444   -0.092444 (VIOLATED)
_13574_/A1                              0.750000    0.842442   -0.092442 (VIOLATED)
_13981_/A1                              0.750000    0.842442   -0.092442 (VIOLATED)
_14963_/A1                              0.750000    0.842442   -0.092442 (VIOLATED)
fanout197/X                             0.750000    0.842442   -0.092442 (VIOLATED)
_10287_/A                               0.750000    0.842105   -0.092105 (VIOLATED)
_10288_/A1                              0.750000    0.842104   -0.092104 (VIOLATED)
_11153_/A1                              0.750000    0.842099   -0.092099 (VIOLATED)
_11337_/A1                              0.750000    0.842099   -0.092099 (VIOLATED)
_10286_/X                               0.750000    0.841913   -0.091913 (VIOLATED)
_11025_/A2                              0.750000    0.841264   -0.091264 (VIOLATED)
_11030_/A2                              0.750000    0.841264   -0.091264 (VIOLATED)
_11043_/B1                              0.750000    0.841257   -0.091257 (VIOLATED)
_11040_/B1                              0.750000    0.841253   -0.091253 (VIOLATED)
_11049_/B1                              0.750000    0.841242   -0.091242 (VIOLATED)
_10755_/A2                              0.750000    0.841202   -0.091202 (VIOLATED)
fanout1804/A                            0.750000    0.841202   -0.091202 (VIOLATED)
fanout1806/X                            0.750000    0.841202   -0.091202 (VIOLATED)
_16190_/B1                              0.750000    0.841008   -0.091008 (VIOLATED)
_16710_/B2                              0.750000    0.841008   -0.091008 (VIOLATED)
_16590_/B1                              0.750000    0.841007   -0.091007 (VIOLATED)
_16591_/A1                              0.750000    0.841007   -0.091007 (VIOLATED)
_16620_/B1                              0.750000    0.841007   -0.091007 (VIOLATED)
_16621_/A1                              0.750000    0.841007   -0.091007 (VIOLATED)
_16651_/B1                              0.750000    0.841007   -0.091007 (VIOLATED)
_16677_/B1                              0.750000    0.841007   -0.091007 (VIOLATED)
_16678_/B2                              0.750000    0.841007   -0.091007 (VIOLATED)
_16767_/B1                              0.750000    0.841007   -0.091007 (VIOLATED)
fanout1597/X                            0.750000    0.841007   -0.091007 (VIOLATED)
fanout554/A                             0.750000    0.840479   -0.090479 (VIOLATED)
wire556/A                               0.750000    0.840477   -0.090477 (VIOLATED)
fanout552/A                             0.750000    0.840447   -0.090447 (VIOLATED)
fanout555/X                             0.750000    0.840447   -0.090447 (VIOLATED)
fanout1544/A                            0.750000    0.839795   -0.089795 (VIOLATED)
ANTENNA_55/DIODE                        0.750000    0.839743   -0.089743 (VIOLATED)
fanout1541/A                            0.750000    0.839728   -0.089728 (VIOLATED)
ANTENNA_1/DIODE                         0.750000    0.839679   -0.089679 (VIOLATED)
_17205_/B                               0.750000    0.839679   -0.089679 (VIOLATED)
_16553_/A1                              0.750000    0.839678   -0.089678 (VIOLATED)
ANTENNA_3/DIODE                         0.750000    0.839678   -0.089678 (VIOLATED)
_16785_/A2                              0.750000    0.839661   -0.089661 (VIOLATED)
ANTENNA_2/DIODE                         0.750000    0.839661   -0.089661 (VIOLATED)
_13438_/A1                              0.750000    0.839562   -0.089562 (VIOLATED)
_13583_/A1                              0.750000    0.839562   -0.089562 (VIOLATED)
_13474_/A1                              0.750000    0.839561   -0.089561 (VIOLATED)
_13510_/A1                              0.750000    0.839561   -0.089561 (VIOLATED)
_13330_/A1                              0.750000    0.839561   -0.089561 (VIOLATED)
_13366_/A1                              0.750000    0.839557   -0.089557 (VIOLATED)
_13619_/A1                              0.750000    0.839556   -0.089556 (VIOLATED)
_13402_/A1                              0.750000    0.839555   -0.089555 (VIOLATED)
fanout1549/A                            0.750000    0.839544   -0.089544 (VIOLATED)
fanout459/A                             0.750000    0.839529   -0.089529 (VIOLATED)
fanout460/A                             0.750000    0.839529   -0.089529 (VIOLATED)
fanout461/X                             0.750000    0.839529   -0.089529 (VIOLATED)
fanout1546/A                            0.750000    0.839518   -0.089518 (VIOLATED)
_17281_/X                               0.750000    0.839516   -0.089516 (VIOLATED)
_16421_/X                               0.750000    0.839460   -0.089460 (VIOLATED)
_13923_/S                               0.750000    0.838991   -0.088991 (VIOLATED)
_13926_/S                               0.750000    0.838990   -0.088990 (VIOLATED)
_13928_/S                               0.750000    0.838981   -0.088981 (VIOLATED)
max_cap158/A                            0.750000    0.838970   -0.088970 (VIOLATED)
_13922_/Y                               0.750000    0.838699   -0.088699 (VIOLATED)
fanout566/A                             0.750000    0.838601   -0.088601 (VIOLATED)
fanout567/A                             0.750000    0.838599   -0.088599 (VIOLATED)
_15201_/B1                              0.750000    0.838487   -0.088487 (VIOLATED)
_13325_/X                               0.750000    0.838475   -0.088475 (VIOLATED)
_17085_/A1                              0.750000    0.838332   -0.088332 (VIOLATED)
_17079_/Y                               0.750000    0.838327   -0.088327 (VIOLATED)
fanout1894/A                            0.750000    0.838003   -0.088003 (VIOLATED)
fanout1915/A                            0.750000    0.838003   -0.088003 (VIOLATED)
fanout1916/X                            0.750000    0.838003   -0.088003 (VIOLATED)
load_slew1917/A                         0.750000    0.838003   -0.088003 (VIOLATED)
_10250_/S                               0.750000    0.837781   -0.087781 (VIOLATED)
_10245_/A                               0.750000    0.837779   -0.087779 (VIOLATED)
_09639_/S                               0.750000    0.837774   -0.087774 (VIOLATED)
_09640_/S                               0.750000    0.837774   -0.087774 (VIOLATED)
_09638_/S                               0.750000    0.837773   -0.087773 (VIOLATED)
_09658_/A                               0.750000    0.837765   -0.087765 (VIOLATED)
_09656_/A                               0.750000    0.837762   -0.087762 (VIOLATED)
_09661_/S                               0.750000    0.837756   -0.087756 (VIOLATED)
_09660_/S                               0.750000    0.837754   -0.087754 (VIOLATED)
_10349_/A                               0.750000    0.837754   -0.087754 (VIOLATED)
fanout2246/X                            0.750000    0.837754   -0.087754 (VIOLATED)
_17142_/A1                              0.750000    0.837514   -0.087514 (VIOLATED)
_17176_/B2                              0.750000    0.837513   -0.087513 (VIOLATED)
_17129_/A                               0.750000    0.837506   -0.087506 (VIOLATED)
_17123_/Y                               0.750000    0.837493   -0.087493 (VIOLATED)
fanout1015/A                            0.750000    0.837337   -0.087337 (VIOLATED)
fanout1027/A                            0.750000    0.837335   -0.087335 (VIOLATED)
fanout1032/A                            0.750000    0.837335   -0.087335 (VIOLATED)
fanout1033/X                            0.750000    0.837335   -0.087335 (VIOLATED)
load_slew1035/A                         0.750000    0.837335   -0.087335 (VIOLATED)
_16011_/A1                              0.750000    0.836936   -0.086936 (VIOLATED)
_12918_/A                               0.750000    0.836936   -0.086936 (VIOLATED)
_12956_/C                               0.750000    0.836936   -0.086936 (VIOLATED)
_11570_/A2_N                            0.750000    0.836934   -0.086934 (VIOLATED)
_12880_/C                               0.750000    0.836927   -0.086927 (VIOLATED)
_12842_/A                               0.750000    0.836922   -0.086922 (VIOLATED)
_12642_/A                               0.750000    0.836920   -0.086920 (VIOLATED)
_12764_/B                               0.750000    0.836920   -0.086920 (VIOLATED)
_12804_/A                               0.750000    0.836920   -0.086920 (VIOLATED)
_12843_/A                               0.750000    0.836920   -0.086920 (VIOLATED)
fanout1149/X                            0.750000    0.836920   -0.086920 (VIOLATED)
_09635_/A                               0.750000    0.836887   -0.086887 (VIOLATED)
_09697_/A                               0.750000    0.836887   -0.086887 (VIOLATED)
_09698_/A1                              0.750000    0.836887   -0.086887 (VIOLATED)
_11471_/S                               0.750000    0.836887   -0.086887 (VIOLATED)
_11473_/A1                              0.750000    0.836887   -0.086887 (VIOLATED)
_11475_/S                               0.750000    0.836887   -0.086887 (VIOLATED)
_17008_/S                               0.750000    0.836887   -0.086887 (VIOLATED)
_17072_/S                               0.750000    0.836887   -0.086887 (VIOLATED)
_17112_/A1                              0.750000    0.836887   -0.086887 (VIOLATED)
_17163_/A1                              0.750000    0.836887   -0.086887 (VIOLATED)
fanout1437/X                            0.750000    0.836887   -0.086887 (VIOLATED)
_14890_/A1                              0.750000    0.836750   -0.086750 (VIOLATED)
_14854_/A1                              0.750000    0.836747   -0.086747 (VIOLATED)
_14818_/A1                              0.750000    0.836744   -0.086744 (VIOLATED)
_14709_/A1                              0.750000    0.836743   -0.086744 (VIOLATED)
_14673_/A1                              0.750000    0.836736   -0.086736 (VIOLATED)
_14926_/A1                              0.750000    0.836732   -0.086732 (VIOLATED)
_14637_/A1                              0.750000    0.836722   -0.086722 (VIOLATED)
_14745_/A1                              0.750000    0.836711   -0.086711 (VIOLATED)
_13722_/A1                              0.750000    0.836677   -0.086677 (VIOLATED)
_13685_/A1                              0.750000    0.836668   -0.086668 (VIOLATED)
fanout201/X                             0.750000    0.836668   -0.086668 (VIOLATED)
_11636_/Y                               0.750000    0.836434   -0.086434 (VIOLATED)
_11637_/A                               0.750000    0.836434   -0.086434 (VIOLATED)
_11664_/B2                              0.750000    0.836434   -0.086434 (VIOLATED)
_11691_/B1                              0.750000    0.836434   -0.086434 (VIOLATED)
_11700_/B                               0.750000    0.836434   -0.086434 (VIOLATED)
_11707_/B2                              0.750000    0.836434   -0.086434 (VIOLATED)
_11783_/A2                              0.750000    0.836434   -0.086434 (VIOLATED)
_11793_/A1                              0.750000    0.836434   -0.086434 (VIOLATED)
_10038_/B2                              0.750000    0.836200   -0.086200 (VIOLATED)
_09784_/A2                              0.750000    0.836199   -0.086199 (VIOLATED)
_10017_/B2                              0.750000    0.836199   -0.086199 (VIOLATED)
_10132_/A1                              0.750000    0.836199   -0.086199 (VIOLATED)
fanout1786/X                            0.750000    0.836199   -0.086199 (VIOLATED)
load_slew1787/A                         0.750000    0.836199   -0.086199 (VIOLATED)
_17566_/S                               0.750000    0.835991   -0.085991 (VIOLATED)
_17574_/S                               0.750000    0.835985   -0.085985 (VIOLATED)
_17572_/S                               0.750000    0.835973   -0.085973 (VIOLATED)
_17564_/S                               0.750000    0.835972   -0.085973 (VIOLATED)
_17576_/S                               0.750000    0.835972   -0.085973 (VIOLATED)
fanout1327/X                            0.750000    0.835972   -0.085973 (VIOLATED)
_09733_/B2                              0.750000    0.835186   -0.085186 (VIOLATED)
_09626_/A2                              0.750000    0.835186   -0.085186 (VIOLATED)
_09688_/A2                              0.750000    0.835186   -0.085186 (VIOLATED)
_09730_/A2                              0.750000    0.835186   -0.085186 (VIOLATED)
_10355_/A2                              0.750000    0.835186   -0.085186 (VIOLATED)
fanout1801/X                            0.750000    0.835186   -0.085186 (VIOLATED)
load_slew1802/A                         0.750000    0.835186   -0.085186 (VIOLATED)
_11025_/B1_N                            0.750000    0.834915   -0.084915 (VIOLATED)
_11030_/C1                              0.750000    0.834915   -0.084915 (VIOLATED)
_10779_/B1_N                            0.750000    0.834911   -0.084911 (VIOLATED)
_10784_/C1                              0.750000    0.834909   -0.084909 (VIOLATED)
_11044_/C1                              0.750000    0.834905   -0.084905 (VIOLATED)
_11039_/B1_N                            0.750000    0.834904   -0.084904 (VIOLATED)
_10793_/B1_N                            0.750000    0.834901   -0.084901 (VIOLATED)
_10796_/B1                              0.750000    0.834899   -0.084899 (VIOLATED)
_10800_/S                               0.750000    0.834898   -0.084898 (VIOLATED)
_10803_/S                               0.750000    0.834898   -0.084898 (VIOLATED)
fanout2089/X                            0.750000    0.834898   -0.084898 (VIOLATED)
_11078_/B1                              0.750000    0.834863   -0.084863 (VIOLATED)
_11329_/A1                              0.750000    0.834862   -0.084862 (VIOLATED)
_11306_/A2                              0.750000    0.834849   -0.084849 (VIOLATED)
load_slew1864/A                         0.750000    0.834849   -0.084849 (VIOLATED)
fanout1861/A                            0.750000    0.834832   -0.084832 (VIOLATED)
fanout1863/X                            0.750000    0.834832   -0.084832 (VIOLATED)
_11826_/A                               0.750000    0.834463   -0.084463 (VIOLATED)
_12029_/A                               0.750000    0.834440   -0.084440 (VIOLATED)
_12003_/A1                              0.750000    0.834436   -0.084436 (VIOLATED)
_12021_/A                               0.750000    0.834436   -0.084436 (VIOLATED)
fanout2346/X                            0.750000    0.834436   -0.084436 (VIOLATED)
wire2347/A                              0.750000    0.834436   -0.084436 (VIOLATED)
_10660_/A2                              0.750000    0.833233   -0.083233 (VIOLATED)
_10667_/B                               0.750000    0.833233   -0.083233 (VIOLATED)
_10671_/A2                              0.750000    0.833225   -0.083225 (VIOLATED)
_11323_/B                               0.750000    0.833213   -0.083213 (VIOLATED)
_11054_/A2                              0.750000    0.833211   -0.083211 (VIOLATED)
_11058_/B                               0.750000    0.833211   -0.083211 (VIOLATED)
fanout2067/A                            0.750000    0.833211   -0.083211 (VIOLATED)
fanout2069/X                            0.750000    0.833211   -0.083211 (VIOLATED)
_17971_/S                               0.750000    0.832302   -0.082302 (VIOLATED)
_17957_/S                               0.750000    0.832300   -0.082300 (VIOLATED)
_17969_/S                               0.750000    0.832300   -0.082300 (VIOLATED)
fanout1243/X                            0.750000    0.832300   -0.082300 (VIOLATED)
load_slew1244/A                         0.750000    0.832300   -0.082300 (VIOLATED)
_16931_/A2                              0.750000    0.832101   -0.082101 (VIOLATED)
_12463_/A2                              0.750000    0.832101   -0.082101 (VIOLATED)
_12457_/A2                              0.750000    0.832099   -0.082099 (VIOLATED)
_12548_/A2                              0.750000    0.832098   -0.082098 (VIOLATED)
_12448_/A2                              0.750000    0.832095   -0.082095 (VIOLATED)
_16826_/A3                              0.750000    0.832094   -0.082094 (VIOLATED)
_12453_/A2                              0.750000    0.832093   -0.082093 (VIOLATED)
_12430_/A1                              0.750000    0.832091   -0.082091 (VIOLATED)
_12431_/A2                              0.750000    0.832085   -0.082085 (VIOLATED)
_11406_/A                               0.750000    0.832080   -0.082080 (VIOLATED)
fanout1966/X                            0.750000    0.832080   -0.082080 (VIOLATED)
_11263_/B1                              0.750000    0.831628   -0.081628 (VIOLATED)
_11121_/B1                              0.750000    0.831624   -0.081624 (VIOLATED)
_11101_/A2                              0.750000    0.831624   -0.081624 (VIOLATED)
_11106_/A2                              0.750000    0.831624   -0.081624 (VIOLATED)
_11115_/B1                              0.750000    0.831624   -0.081624 (VIOLATED)
_11255_/A2                              0.750000    0.831624   -0.081624 (VIOLATED)
fanout1856/X                            0.750000    0.831624   -0.081624 (VIOLATED)
_12454_/A0                              0.750000    0.830798   -0.080798 (VIOLATED)
_10988_/B2                              0.750000    0.830793   -0.080794 (VIOLATED)
_10956_/B1                              0.750000    0.830793   -0.080793 (VIOLATED)
_12744_/A0                              0.750000    0.830780   -0.080780 (VIOLATED)
_10955_/Y                               0.750000    0.830777   -0.080777 (VIOLATED)
_17013_/A2                              0.750000    0.830095   -0.080095 (VIOLATED)
_17070_/A2                              0.750000    0.830093   -0.080093 (VIOLATED)
_16905_/A2                              0.750000    0.830078   -0.080078 (VIOLATED)
_17116_/B                               0.750000    0.830072   -0.080072 (VIOLATED)
_11491_/Y                               0.750000    0.829832   -0.079832 (VIOLATED)
fanout1160/A                            0.750000    0.829832   -0.079832 (VIOLATED)
_11934_/A                               0.750000    0.828785   -0.078785 (VIOLATED)
_11926_/A                               0.750000    0.828781   -0.078781 (VIOLATED)
_12275_/A                               0.750000    0.828777   -0.078777 (VIOLATED)
_12313_/A1                              0.750000    0.828771   -0.078771 (VIOLATED)
_12301_/A                               0.750000    0.828759   -0.078759 (VIOLATED)
_12264_/A                               0.750000    0.828757   -0.078758 (VIOLATED)
fanout2345/X                            0.750000    0.828757   -0.078758 (VIOLATED)
_15455_/B2                              0.750000    0.827151   -0.077151 (VIOLATED)
_16731_/A1                              0.750000    0.827151   -0.077151 (VIOLATED)
_16785_/A1                              0.750000    0.827150   -0.077151 (VIOLATED)
_16760_/B2                              0.750000    0.827150   -0.077150 (VIOLATED)
_15268_/A2                              0.750000    0.827149   -0.077149 (VIOLATED)
_15637_/A1                              0.750000    0.827149   -0.077149 (VIOLATED)
_15822_/B2                              0.750000    0.827149   -0.077149 (VIOLATED)
_16371_/B2                              0.750000    0.827149   -0.077149 (VIOLATED)
_16646_/A1                              0.750000    0.827149   -0.077149 (VIOLATED)
_16672_/B2                              0.750000    0.827149   -0.077149 (VIOLATED)
fanout543/X                             0.750000    0.827149   -0.077149 (VIOLATED)
fanout649/A                             0.750000    0.826798   -0.076798 (VIOLATED)
fanout647/A                             0.750000    0.826798   -0.076798 (VIOLATED)
_16213_/B1                              0.750000    0.826794   -0.076794 (VIOLATED)
fanout651/A                             0.750000    0.826762   -0.076762 (VIOLATED)
fanout653/A                             0.750000    0.826751   -0.076751 (VIOLATED)
fanout654/X                             0.750000    0.826751   -0.076751 (VIOLATED)
_15966_/A2                              0.750000    0.826498   -0.076498 (VIOLATED)
_16514_/B                               0.750000    0.826498   -0.076498 (VIOLATED)
_16177_/B1                              0.750000    0.826495   -0.076495 (VIOLATED)
_15624_/A2                              0.750000    0.826495   -0.076495 (VIOLATED)
_16267_/A2                              0.750000    0.826495   -0.076495 (VIOLATED)
_15204_/A2                              0.750000    0.826491   -0.076491 (VIOLATED)
_15670_/A2                              0.750000    0.826491   -0.076491 (VIOLATED)
_15989_/A2                              0.750000    0.826491   -0.076491 (VIOLATED)
_16155_/B1                              0.750000    0.826491   -0.076491 (VIOLATED)
fanout863/X                             0.750000    0.826491   -0.076491 (VIOLATED)
_17097_/A                               0.750000    0.826399   -0.076399 (VIOLATED)
fanout1421/A                            0.750000    0.826393   -0.076393 (VIOLATED)
_16636_/A                               0.750000    0.826385   -0.076385 (VIOLATED)
fanout1419/A                            0.750000    0.826384   -0.076384 (VIOLATED)
_09880_/Y                               0.750000    0.826382   -0.076382 (VIOLATED)
_14893_/A1                              0.750000    0.826115   -0.076115 (VIOLATED)
_14821_/A1                              0.750000    0.826115   -0.076115 (VIOLATED)
fanout255/A                             0.750000    0.826114   -0.076114 (VIOLATED)
_14313_/A1                              0.750000    0.826105   -0.076105 (VIOLATED)
_14349_/A1                              0.750000    0.826105   -0.076105 (VIOLATED)
_14422_/A1                              0.750000    0.826105   -0.076105 (VIOLATED)
_14458_/A1                              0.750000    0.826105   -0.076105 (VIOLATED)
_14494_/A1                              0.750000    0.826105   -0.076105 (VIOLATED)
_14530_/A1                              0.750000    0.826105   -0.076105 (VIOLATED)
_14566_/A1                              0.750000    0.826105   -0.076105 (VIOLATED)
fanout256/X                             0.750000    0.826105   -0.076105 (VIOLATED)
_17014_/A1                              0.750000    0.825891   -0.075891 (VIOLATED)
_16885_/A                               0.750000    0.825891   -0.075891 (VIOLATED)
_17071_/A1                              0.750000    0.825890   -0.075891 (VIOLATED)
_16803_/B2                              0.750000    0.825887   -0.075887 (VIOLATED)
_16839_/A1                              0.750000    0.825887   -0.075887 (VIOLATED)
_16854_/B2                              0.750000    0.825887   -0.075887 (VIOLATED)
_16904_/B2                              0.750000    0.825887   -0.075887 (VIOLATED)
_16958_/A1_N                            0.750000    0.825887   -0.075887 (VIOLATED)
_16992_/A1_N                            0.750000    0.825887   -0.075887 (VIOLATED)
_17118_/A1                              0.750000    0.825887   -0.075887 (VIOLATED)
fanout1421/X                            0.750000    0.825887   -0.075887 (VIOLATED)
fanout1492/A                            0.750000    0.825170   -0.075170 (VIOLATED)
fanout1489/A                            0.750000    0.825148   -0.075148 (VIOLATED)
_18121_/S                               0.750000    0.824891   -0.074891 (VIOLATED)
_18128_/S                               0.750000    0.824891   -0.074891 (VIOLATED)
_18136_/S                               0.750000    0.824891   -0.074891 (VIOLATED)
_18140_/S                               0.750000    0.824891   -0.074891 (VIOLATED)
fanout1207/X                            0.750000    0.824891   -0.074891 (VIOLATED)
load_slew1208/A                         0.750000    0.824891   -0.074891 (VIOLATED)
_17846_/X                               0.750000    0.824587   -0.074587 (VIOLATED)
fanout1494/A                            0.750000    0.824587   -0.074587 (VIOLATED)
fanout1497/A                            0.750000    0.824587   -0.074587 (VIOLATED)
_09393_/A                               0.750000    0.823816   -0.073816 (VIOLATED)
_09396_/A                               0.750000    0.823815   -0.073815 (VIOLATED)
_09390_/A                               0.750000    0.823805   -0.073805 (VIOLATED)
_10183_/S1                              0.750000    0.823791   -0.073791 (VIOLATED)
fanout2191/X                            0.750000    0.823779   -0.073779 (VIOLATED)
load_slew2192/A                         0.750000    0.823779   -0.073779 (VIOLATED)
_11485_/A2                              0.750000    0.823059   -0.073059 (VIOLATED)
_11611_/A2                              0.750000    0.823058   -0.073058 (VIOLATED)
_11584_/A1                              0.750000    0.823055   -0.073055 (VIOLATED)
_10013_/A                               0.750000    0.823053   -0.073053 (VIOLATED)
_12480_/B1                              0.750000    0.823052   -0.073052 (VIOLATED)
_10504_/A                               0.750000    0.823050   -0.073050 (VIOLATED)
_12482_/A2                              0.750000    0.823046   -0.073046 (VIOLATED)
_11607_/A2                              0.750000    0.823045   -0.073046 (VIOLATED)
_10012_/X                               0.750000    0.822993   -0.072993 (VIOLATED)
_14838_/A1                              0.750000    0.821701   -0.071701 (VIOLATED)
_14910_/A1                              0.750000    0.821700   -0.071700 (VIOLATED)
_14621_/A1                              0.750000    0.821698   -0.071698 (VIOLATED)
_14802_/A1                              0.750000    0.821696   -0.071696 (VIOLATED)
_14874_/A1                              0.750000    0.821695   -0.071695 (VIOLATED)
_14657_/A1                              0.750000    0.821695   -0.071695 (VIOLATED)
_14693_/A1                              0.750000    0.821693   -0.071693 (VIOLATED)
_13012_/A1                              0.750000    0.821674   -0.071674 (VIOLATED)
_13050_/A1                              0.750000    0.821674   -0.071674 (VIOLATED)
_13086_/A1                              0.750000    0.821674   -0.071674 (VIOLATED)
fanout229/X                             0.750000    0.821674   -0.071674 (VIOLATED)
_11732_/A1                              0.750000    0.821276   -0.071276 (VIOLATED)
_11716_/A                               0.750000    0.821276   -0.071276 (VIOLATED)
_11760_/A1                              0.750000    0.821276   -0.071276 (VIOLATED)
_11736_/A1                              0.750000    0.821275   -0.071275 (VIOLATED)
_11725_/A                               0.750000    0.821273   -0.071273 (VIOLATED)
_11694_/B1                              0.750000    0.821273   -0.071273 (VIOLATED)
_11722_/A                               0.750000    0.821273   -0.071273 (VIOLATED)
_11766_/A1                              0.750000    0.821273   -0.071273 (VIOLATED)
_11799_/A1                              0.750000    0.821273   -0.071273 (VIOLATED)
fanout532/X                             0.750000    0.821273   -0.071273 (VIOLATED)
fanout1192/A                            0.750000    0.820876   -0.070876 (VIOLATED)
ANTENNA_10/DIODE                        0.750000    0.820875   -0.070875 (VIOLATED)
fanout1189/A                            0.750000    0.820741   -0.070741 (VIOLATED)
fanout1197/A                            0.750000    0.820587   -0.070587 (VIOLATED)
fanout1194/A                            0.750000    0.820571   -0.070571 (VIOLATED)
_18144_/X                               0.750000    0.820560   -0.070560 (VIOLATED)
ANTENNA_84/DIODE                        0.750000    0.820071   -0.070071 (VIOLATED)
_17320_/S                               0.750000    0.820071   -0.070071 (VIOLATED)
_17317_/S                               0.750000    0.820049   -0.070049 (VIOLATED)
fanout1356/X                            0.750000    0.820049   -0.070049 (VIOLATED)
load_slew1358/A                         0.750000    0.820049   -0.070049 (VIOLATED)
_12690_/A1                              0.750000    0.819337   -0.069337 (VIOLATED)
_13158_/A1                              0.750000    0.819335   -0.069335 (VIOLATED)
_13964_/A1                              0.750000    0.819335   -0.069335 (VIOLATED)
_14983_/A1                              0.750000    0.819334   -0.069334 (VIOLATED)
_14366_/A1                              0.750000    0.819333   -0.069333 (VIOLATED)
_14946_/A1                              0.750000    0.819331   -0.069331 (VIOLATED)
_13557_/A1                              0.750000    0.819323   -0.069323 (VIOLATED)
_14765_/A1                              0.750000    0.819317   -0.069317 (VIOLATED)
_13705_/A1                              0.750000    0.819282   -0.069283 (VIOLATED)
_13668_/A1                              0.750000    0.819282   -0.069282 (VIOLATED)
fanout376/X                             0.750000    0.819282   -0.069282 (VIOLATED)
_17510_/S                               0.750000    0.818486   -0.068486 (VIOLATED)
_17502_/S                               0.750000    0.818482   -0.068482 (VIOLATED)
_17500_/S                               0.750000    0.818470   -0.068470 (VIOLATED)
_17508_/S                               0.750000    0.818457   -0.068457 (VIOLATED)
_17491_/S                               0.750000    0.818448   -0.068448 (VIOLATED)
fanout1520/X                            0.750000    0.818448   -0.068448 (VIOLATED)
_10160_/A1                              0.750000    0.817947   -0.067947 (VIOLATED)
_09200_/A                               0.750000    0.817947   -0.067947 (VIOLATED)
_10069_/S1                              0.750000    0.817946   -0.067946 (VIOLATED)
_10178_/S1                              0.750000    0.817946   -0.067946 (VIOLATED)
_10293_/A                               0.750000    0.817946   -0.067946 (VIOLATED)
fanout2193/X                            0.750000    0.817946   -0.067946 (VIOLATED)
_14537_/A1                              0.750000    0.817801   -0.067801 (VIOLATED)
_14465_/A1                              0.750000    0.817800   -0.067800 (VIOLATED)
fanout457/A                             0.750000    0.817795   -0.067795 (VIOLATED)
fanout452/A                             0.750000    0.817795   -0.067795 (VIOLATED)
_09421_/A                               0.750000    0.817759   -0.067759 (VIOLATED)
_09566_/A1                              0.750000    0.817759   -0.067759 (VIOLATED)
_09810_/A1                              0.750000    0.817759   -0.067759 (VIOLATED)
_11419_/A1                              0.750000    0.817759   -0.067759 (VIOLATED)
_11433_/A                               0.750000    0.817759   -0.067759 (VIOLATED)
_11434_/A1                              0.750000    0.817759   -0.067759 (VIOLATED)
_11470_/A1                              0.750000    0.817759   -0.067759 (VIOLATED)
_11537_/A1                              0.750000    0.817759   -0.067759 (VIOLATED)
_11574_/A                               0.750000    0.817759   -0.067759 (VIOLATED)
_11575_/A1                              0.750000    0.817759   -0.067759 (VIOLATED)
fanout1470/X                            0.750000    0.817759   -0.067759 (VIOLATED)
fanout455/A                             0.750000    0.817752   -0.067752 (VIOLATED)
fanout458/X                             0.750000    0.817752   -0.067752 (VIOLATED)
_11627_/Y                               0.750000    0.817579   -0.067579 (VIOLATED)
_11630_/A2                              0.750000    0.817579   -0.067579 (VIOLATED)
_11672_/A                               0.750000    0.817579   -0.067579 (VIOLATED)
_11675_/A                               0.750000    0.817579   -0.067579 (VIOLATED)
_11765_/A                               0.750000    0.817579   -0.067579 (VIOLATED)
_11781_/A2                              0.750000    0.817579   -0.067579 (VIOLATED)
_11791_/A2                              0.750000    0.817579   -0.067579 (VIOLATED)
_11795_/A2                              0.750000    0.817579   -0.067579 (VIOLATED)
_11796_/A1                              0.750000    0.817579   -0.067579 (VIOLATED)
_12669_/A                               0.750000    0.814557   -0.064558 (VIOLATED)
_12731_/A1                              0.750000    0.814557   -0.064557 (VIOLATED)
_15453_/C1                              0.750000    0.814534   -0.064534 (VIOLATED)
_15176_/B1                              0.750000    0.814527   -0.064527 (VIOLATED)
fanout615/A                             0.750000    0.814509   -0.064509 (VIOLATED)
_18401_/A2                              0.750000    0.814505   -0.064505 (VIOLATED)
fanout616/X                             0.750000    0.814505   -0.064505 (VIOLATED)
_14998_/A1                              0.750000    0.814288   -0.064288 (VIOLATED)
_14961_/A1                              0.750000    0.814287   -0.064287 (VIOLATED)
fanout281/A                             0.750000    0.814286   -0.064286 (VIOLATED)
_13905_/A1                              0.750000    0.814273   -0.064273 (VIOLATED)
_13683_/A1                              0.750000    0.814270   -0.064270 (VIOLATED)
_13720_/A1                              0.750000    0.814270   -0.064270 (VIOLATED)
_13757_/A1                              0.750000    0.814270   -0.064270 (VIOLATED)
_13794_/A1                              0.750000    0.814270   -0.064270 (VIOLATED)
_13831_/A1                              0.750000    0.814270   -0.064270 (VIOLATED)
_13868_/A1                              0.750000    0.814270   -0.064270 (VIOLATED)
fanout282/X                             0.750000    0.814270   -0.064270 (VIOLATED)
_10052_/Y                               0.750000    0.813946   -0.063946 (VIOLATED)
_12635_/A1                              0.750000    0.813946   -0.063946 (VIOLATED)
_16910_/A1                              0.750000    0.813946   -0.063946 (VIOLATED)
_17011_/C1                              0.750000    0.813946   -0.063946 (VIOLATED)
_17119_/A1                              0.750000    0.813946   -0.063946 (VIOLATED)
_17202_/B1                              0.750000    0.813946   -0.063946 (VIOLATED)
_16525_/B1                              0.750000    0.813930   -0.063930 (VIOLATED)
fanout619/A                             0.750000    0.813926   -0.063926 (VIOLATED)
_15363_/B1                              0.750000    0.813919   -0.063919 (VIOLATED)
_15649_/B1                              0.750000    0.813916   -0.063916 (VIOLATED)
fanout621/X                             0.750000    0.813916   -0.063916 (VIOLATED)
load_slew622/A                          0.750000    0.813916   -0.063916 (VIOLATED)
_16773_/A1                              0.750000    0.812768   -0.062768 (VIOLATED)
_16835_/A1                              0.750000    0.812766   -0.062766 (VIOLATED)
_17200_/A2                              0.750000    0.812765   -0.062765 (VIOLATED)
_11507_/S                               0.750000    0.812765   -0.062765 (VIOLATED)
_11476_/S                               0.750000    0.812763   -0.062763 (VIOLATED)
_11509_/A                               0.750000    0.812760   -0.062760 (VIOLATED)
_16960_/S                               0.750000    0.812760   -0.062760 (VIOLATED)
fanout1437/A                            0.750000    0.812760   -0.062760 (VIOLATED)
fanout1438/X                            0.750000    0.812760   -0.062760 (VIOLATED)
_16787_/B1                              0.750000    0.809736   -0.059736 (VIOLATED)
_16951_/A                               0.750000    0.809736   -0.059736 (VIOLATED)
_16618_/B1                              0.750000    0.809736   -0.059736 (VIOLATED)
_16706_/A                               0.750000    0.809736   -0.059736 (VIOLATED)
_16732_/B1                              0.750000    0.809736   -0.059736 (VIOLATED)
_16761_/B1                              0.750000    0.809736   -0.059736 (VIOLATED)
_16974_/B1                              0.750000    0.809736   -0.059736 (VIOLATED)
_17030_/A                               0.750000    0.809736   -0.059736 (VIOLATED)
_17054_/A                               0.750000    0.809736   -0.059736 (VIOLATED)
_17155_/B1                              0.750000    0.809736   -0.059736 (VIOLATED)
fanout135/X                             0.750000    0.809736   -0.059736 (VIOLATED)
_11179_/B2                              0.750000    0.809222   -0.059222 (VIOLATED)
_10867_/B2                              0.750000    0.809217   -0.059217 (VIOLATED)
_11016_/B2                              0.750000    0.809213   -0.059213 (VIOLATED)
_10953_/B2                              0.750000    0.809193   -0.059193 (VIOLATED)
_10984_/B2                              0.750000    0.809178   -0.059178 (VIOLATED)
fanout1962/X                            0.750000    0.809178   -0.059178 (VIOLATED)
load_slew1963/A                         0.750000    0.809178   -0.059178 (VIOLATED)
fanout729/A                             0.750000    0.809101   -0.059101 (VIOLATED)
fanout731/A                             0.750000    0.809088   -0.059088 (VIOLATED)
_16458_/B1                              0.750000    0.809072   -0.059072 (VIOLATED)
_16296_/B1                              0.750000    0.809065   -0.059065 (VIOLATED)
fanout734/A                             0.750000    0.809065   -0.059065 (VIOLATED)
fanout736/X                             0.750000    0.809065   -0.059065 (VIOLATED)
_12661_/A1                              0.750000    0.808942   -0.058942 (VIOLATED)
_13149_/A1                              0.750000    0.808942   -0.058942 (VIOLATED)
_14756_/A1                              0.750000    0.808942   -0.058942 (VIOLATED)
_14974_/A1                              0.750000    0.808941   -0.058941 (VIOLATED)
_13955_/A1                              0.750000    0.808939   -0.058939 (VIOLATED)
_13548_/A1                              0.750000    0.808937   -0.058938 (VIOLATED)
_14357_/A1                              0.750000    0.808936   -0.058936 (VIOLATED)
_14937_/A1                              0.750000    0.808933   -0.058933 (VIOLATED)
fanout453/A                             0.750000    0.808923   -0.058923 (VIOLATED)
fanout454/A                             0.750000    0.808923   -0.058923 (VIOLATED)
fanout455/X                             0.750000    0.808923   -0.058923 (VIOLATED)
_16709_/A1                              0.750000    0.808487   -0.058487 (VIOLATED)
_16765_/A1                              0.750000    0.808486   -0.058486 (VIOLATED)
_16736_/A1                              0.750000    0.808485   -0.058485 (VIOLATED)
_16790_/A1                              0.750000    0.808484   -0.058484 (VIOLATED)
_16850_/A1                              0.750000    0.808482   -0.058482 (VIOLATED)
_09225_/B                               0.750000    0.808478   -0.058478 (VIOLATED)
_09226_/B                               0.750000    0.808478   -0.058478 (VIOLATED)
_09227_/B                               0.750000    0.808478   -0.058478 (VIOLATED)
_09232_/A                               0.750000    0.808478   -0.058478 (VIOLATED)
_09233_/B                               0.750000    0.808478   -0.058478 (VIOLATED)
fanout2298/X                            0.750000    0.808478   -0.058478 (VIOLATED)
_12083_/C1                              0.750000    0.808448   -0.058448 (VIOLATED)
_12102_/C1                              0.750000    0.808441   -0.058441 (VIOLATED)
_12219_/B1                              0.750000    0.808430   -0.058430 (VIOLATED)
_12233_/C1                              0.750000    0.808418   -0.058418 (VIOLATED)
_12249_/B1                              0.750000    0.808411   -0.058411 (VIOLATED)
fanout2330/X                            0.750000    0.808411   -0.058411 (VIOLATED)
_14602_/A1                              0.750000    0.808301   -0.058301 (VIOLATED)
fanout256/A                             0.750000    0.808301   -0.058301 (VIOLATED)
_13688_/A1                              0.750000    0.808285   -0.058285 (VIOLATED)
_13725_/A1                              0.750000    0.808285   -0.058285 (VIOLATED)
_13762_/A1                              0.750000    0.808285   -0.058285 (VIOLATED)
_13799_/A1                              0.750000    0.808285   -0.058285 (VIOLATED)
_13836_/A1                              0.750000    0.808285   -0.058285 (VIOLATED)
_13873_/A1                              0.750000    0.808285   -0.058285 (VIOLATED)
_13910_/A1                              0.750000    0.808285   -0.058285 (VIOLATED)
_13947_/A1                              0.750000    0.808285   -0.058285 (VIOLATED)
fanout257/X                             0.750000    0.808285   -0.058285 (VIOLATED)
_13566_/A0                              0.750000    0.807774   -0.057774 (VIOLATED)
_14774_/A0                              0.750000    0.807774   -0.057774 (VIOLATED)
_14955_/A0                              0.750000    0.807773   -0.057773 (VIOLATED)
_13973_/A0                              0.750000    0.807772   -0.057772 (VIOLATED)
_13167_/A0                              0.750000    0.807772   -0.057772 (VIOLATED)
_14992_/A0                              0.750000    0.807771   -0.057771 (VIOLATED)
_14375_/A0                              0.750000    0.807770   -0.057770 (VIOLATED)
_12722_/A0                              0.750000    0.807766   -0.057766 (VIOLATED)
fanout311/A                             0.750000    0.807757   -0.057757 (VIOLATED)
_13899_/A0                              0.750000    0.807748   -0.057748 (VIOLATED)
fanout312/X                             0.750000    0.807748   -0.057748 (VIOLATED)
_16019_/A2                              0.750000    0.807548   -0.057548 (VIOLATED)
_16387_/B1                              0.750000    0.807546   -0.057546 (VIOLATED)
fanout689/A                             0.750000    0.807532   -0.057532 (VIOLATED)
fanout691/A                             0.750000    0.807529   -0.057529 (VIOLATED)
fanout693/A                             0.750000    0.807529   -0.057529 (VIOLATED)
fanout694/X                             0.750000    0.807529   -0.057529 (VIOLATED)
_16450_/C1                              0.750000    0.807256   -0.057256 (VIOLATED)
_15837_/A1                              0.750000    0.807240   -0.057240 (VIOLATED)
_15095_/C1                              0.750000    0.807233   -0.057233 (VIOLATED)
_15321_/C1                              0.750000    0.807231   -0.057231 (VIOLATED)
_16065_/C1                              0.750000    0.807231   -0.057231 (VIOLATED)
fanout1116/X                            0.750000    0.807231   -0.057231 (VIOLATED)
load_slew1117/A                         0.750000    0.807231   -0.057231 (VIOLATED)
_15216_/B1                              0.750000    0.806863   -0.056863 (VIOLATED)
fanout545/A                             0.750000    0.805528   -0.055528 (VIOLATED)
_14605_/X                               0.750000    0.805520   -0.055520 (VIOLATED)
fanout1332/A                            0.750000    0.804212   -0.054212 (VIOLATED)
fanout1329/A                            0.750000    0.804030   -0.054030 (VIOLATED)
_11190_/A                               0.750000    0.803891   -0.053891 (VIOLATED)
load_slew2018/A                         0.750000    0.803878   -0.053878 (VIOLATED)
_10799_/C1                              0.750000    0.803871   -0.053871 (VIOLATED)
_10791_/C1                              0.750000    0.803861   -0.053861 (VIOLATED)
_09320_/A1                              0.750000    0.803857   -0.053857 (VIOLATED)
fanout2017/X                            0.750000    0.803857   -0.053857 (VIOLATED)
fanout1333/A                            0.750000    0.803782   -0.053782 (VIOLATED)
fanout1336/A                            0.750000    0.803775   -0.053775 (VIOLATED)
_17513_/X                               0.750000    0.803761   -0.053761 (VIOLATED)
_09948_/A                               0.750000    0.803713   -0.053713 (VIOLATED)
_11428_/C1                              0.750000    0.803713   -0.053713 (VIOLATED)
_11441_/C1                              0.750000    0.803713   -0.053713 (VIOLATED)
_11518_/A1                              0.750000    0.803713   -0.053713 (VIOLATED)
_11552_/A                               0.750000    0.803713   -0.053713 (VIOLATED)
_11559_/S                               0.750000    0.803713   -0.053713 (VIOLATED)
_11588_/A1                              0.750000    0.803713   -0.053713 (VIOLATED)
_11612_/A                               0.750000    0.803713   -0.053713 (VIOLATED)
_12632_/A1                              0.750000    0.803713   -0.053713 (VIOLATED)
_12633_/A1                              0.750000    0.803713   -0.053713 (VIOLATED)
fanout1452/X                            0.750000    0.803713   -0.053713 (VIOLATED)
_17400_/S                               0.750000    0.802789   -0.052789 (VIOLATED)
_17408_/S                               0.750000    0.802777   -0.052777 (VIOLATED)
_17398_/S                               0.750000    0.802769   -0.052769 (VIOLATED)
_17406_/S                               0.750000    0.802768   -0.052768 (VIOLATED)
_17410_/S                               0.750000    0.802768   -0.052768 (VIOLATED)
fanout1540/X                            0.750000    0.802768   -0.052768 (VIOLATED)
_11793_/A3                              0.750000    0.801316   -0.051316 (VIOLATED)
_11750_/C1                              0.750000    0.801315   -0.051315 (VIOLATED)
_11773_/B2                              0.750000    0.801311   -0.051311 (VIOLATED)
_11746_/A2                              0.750000    0.801309   -0.051309 (VIOLATED)
_11776_/B1                              0.750000    0.801307   -0.051307 (VIOLATED)
_11739_/A2                              0.750000    0.801302   -0.051302 (VIOLATED)
_11726_/A1                              0.750000    0.801302   -0.051302 (VIOLATED)
_11732_/A3                              0.750000    0.801302   -0.051302 (VIOLATED)
_11761_/A3                              0.750000    0.801302   -0.051302 (VIOLATED)
_11767_/A2                              0.750000    0.801302   -0.051302 (VIOLATED)
fanout523/X                             0.750000    0.801302   -0.051302 (VIOLATED)
fanout2389/A                            0.750000    0.801206   -0.051206 (VIOLATED)
ANTENNA_46/DIODE                        0.750000    0.801206   -0.051206 (VIOLATED)
ANTENNA_47/DIODE                        0.750000    0.801199   -0.051199 (VIOLATED)
fanout2391/A                            0.750000    0.801199   -0.051199 (VIOLATED)
fanout2401/X                            0.750000    0.801199   -0.051199 (VIOLATED)
load_slew2403/A                         0.750000    0.801199   -0.051199 (VIOLATED)
_11999_/C1                              0.750000    0.801144   -0.051144 (VIOLATED)
_11852_/A                               0.750000    0.801126   -0.051126 (VIOLATED)
max_cap2360/A                           0.750000    0.801118   -0.051118 (VIOLATED)
_11853_/A                               0.750000    0.801109   -0.051109 (VIOLATED)
input7/X                                0.750000    0.801096   -0.051096 (VIOLATED)
_12120_/C1                              0.750000    0.800601   -0.050601 (VIOLATED)
_12334_/C1                              0.750000    0.800591   -0.050591 (VIOLATED)
_12138_/C1                              0.750000    0.800569   -0.050569 (VIOLATED)
_11879_/C1                              0.750000    0.800558   -0.050558 (VIOLATED)
fanout2365/X                            0.750000    0.800558   -0.050558 (VIOLATED)
load_slew2366/A                         0.750000    0.800558   -0.050558 (VIOLATED)
fanout1271/A                            0.750000    0.799235   -0.049235 (VIOLATED)
fanout1268/A                            0.750000    0.799229   -0.049229 (VIOLATED)
fanout1276/A                            0.750000    0.799219   -0.049219 (VIOLATED)
_17779_/X                               0.750000    0.799209   -0.049209 (VIOLATED)
fanout1273/A                            0.750000    0.799209   -0.049209 (VIOLATED)
_18056_/S                               0.750000    0.799101   -0.049101 (VIOLATED)
_18048_/S                               0.750000    0.799101   -0.049101 (VIOLATED)
fanout1220/X                            0.750000    0.799101   -0.049101 (VIOLATED)
load_slew1222/A                         0.750000    0.799101   -0.049101 (VIOLATED)
fanout362/A                             0.750000    0.798648   -0.048648 (VIOLATED)
_13013_/A1                              0.750000    0.798647   -0.048647 (VIOLATED)
_13051_/A1                              0.750000    0.798647   -0.048647 (VIOLATED)
_13087_/A1                              0.750000    0.798647   -0.048647 (VIOLATED)
_13123_/A1                              0.750000    0.798647   -0.048647 (VIOLATED)
_13196_/A1                              0.750000    0.798647   -0.048647 (VIOLATED)
_13232_/A1                              0.750000    0.798647   -0.048647 (VIOLATED)
_13304_/A1                              0.750000    0.798647   -0.048647 (VIOLATED)
fanout361/A                             0.750000    0.798647   -0.048647 (VIOLATED)
fanout363/X                             0.750000    0.798647   -0.048647 (VIOLATED)
fanout1869/A                            0.750000    0.796768   -0.046768 (VIOLATED)
fanout1863/A                            0.750000    0.796737   -0.046737 (VIOLATED)
fanout1871/X                            0.750000    0.796737   -0.046737 (VIOLATED)
load_slew1872/A                         0.750000    0.796737   -0.046737 (VIOLATED)
_12643_/A                               0.750000    0.796510   -0.046510 (VIOLATED)
_13651_/A                               0.750000    0.796485   -0.046485 (VIOLATED)
_12994_/A                               0.750000    0.796477   -0.046477 (VIOLATED)
_16562_/B1                              0.750000    0.796451   -0.046451 (VIOLATED)
_11464_/B1                              0.750000    0.796359   -0.046359 (VIOLATED)
_14276_/A                               0.750000    0.796350   -0.046350 (VIOLATED)
_11449_/X                               0.750000    0.796305   -0.046305 (VIOLATED)
fanout1053/A                            0.750000    0.795725   -0.045725 (VIOLATED)
fanout1062/A                            0.750000    0.795646   -0.045646 (VIOLATED)
_16527_/A2                              0.750000    0.795544   -0.045544 (VIOLATED)
fanout1036/A                            0.750000    0.795534   -0.045534 (VIOLATED)
_16508_/A2                              0.750000    0.795525   -0.045525 (VIOLATED)
_15648_/A2                              0.750000    0.795524   -0.045525 (VIOLATED)
_15960_/A2                              0.750000    0.795524   -0.045525 (VIOLATED)
fanout1038/A                            0.750000    0.795524   -0.045525 (VIOLATED)
fanout1040/X                            0.750000    0.795524   -0.045525 (VIOLATED)
_10584_/A1                              0.750000    0.795054   -0.045054 (VIOLATED)
_10959_/A2                              0.750000    0.795053   -0.045053 (VIOLATED)
_10917_/B1                              0.750000    0.795052   -0.045052 (VIOLATED)
_10923_/B1                              0.750000    0.795052   -0.045052 (VIOLATED)
_10966_/B1                              0.750000    0.795052   -0.045052 (VIOLATED)
_10974_/B1                              0.750000    0.795052   -0.045052 (VIOLATED)
fanout1859/X                            0.750000    0.795052   -0.045052 (VIOLATED)
_14837_/A1                              0.750000    0.794874   -0.044874 (VIOLATED)
_14620_/A1                              0.750000    0.794873   -0.044873 (VIOLATED)
_14873_/A1                              0.750000    0.794872   -0.044872 (VIOLATED)
_14692_/A1                              0.750000    0.794869   -0.044869 (VIOLATED)
_14909_/A1                              0.750000    0.794866   -0.044866 (VIOLATED)
_14728_/A1                              0.750000    0.794865   -0.044865 (VIOLATED)
_14801_/A1                              0.750000    0.794865   -0.044865 (VIOLATED)
_14656_/A1                              0.750000    0.794861   -0.044861 (VIOLATED)
_12782_/A1                              0.750000    0.794834   -0.044834 (VIOLATED)
_14293_/A1                              0.750000    0.794834   -0.044834 (VIOLATED)
fanout369/X                             0.750000    0.794834   -0.044834 (VIOLATED)
fanout1098/A                            0.750000    0.794803   -0.044803 (VIOLATED)
_12642_/X                               0.750000    0.794801   -0.044801 (VIOLATED)
wire127/A                               0.750000    0.794585   -0.044585 (VIOLATED)
_15640_/Y                               0.750000    0.794571   -0.044571 (VIOLATED)
_17108_/A1                              0.750000    0.793652   -0.043652 (VIOLATED)
_17104_/Y                               0.750000    0.793619   -0.043619 (VIOLATED)
_13163_/A0                              0.750000    0.793503   -0.043503 (VIOLATED)
_12710_/A0                              0.750000    0.793500   -0.043500 (VIOLATED)
_13673_/A0                              0.750000    0.793473   -0.043473 (VIOLATED)
_13710_/A0                              0.750000    0.793473   -0.043473 (VIOLATED)
_13747_/A0                              0.750000    0.793472   -0.043473 (VIOLATED)
_13821_/A0                              0.750000    0.793472   -0.043472 (VIOLATED)
_13932_/A0                              0.750000    0.793470   -0.043470 (VIOLATED)
_13784_/A0                              0.750000    0.793469   -0.043469 (VIOLATED)
_13858_/A0                              0.750000    0.793469   -0.043469 (VIOLATED)
_13895_/A0                              0.750000    0.793469   -0.043469 (VIOLATED)
fanout344/X                             0.750000    0.793469   -0.043469 (VIOLATED)
fanout83/A                              0.750000    0.793385   -0.043385 (VIOLATED)
fanout84/A                              0.750000    0.793383   -0.043383 (VIOLATED)
fanout85/A                              0.750000    0.793355   -0.043355 (VIOLATED)
fanout86/A                              0.750000    0.793349   -0.043349 (VIOLATED)
_16738_/X                               0.750000    0.793307   -0.043307 (VIOLATED)
fanout1768/A                            0.750000    0.792905   -0.042905 (VIOLATED)
fanout1765/A                            0.750000    0.792896   -0.042896 (VIOLATED)
fanout1761/A                            0.750000    0.792884   -0.042884 (VIOLATED)
_09380_/X                               0.750000    0.792878   -0.042878 (VIOLATED)
fanout1763/A                            0.750000    0.792878   -0.042878 (VIOLATED)
_18210_/A2                              0.750000    0.792494   -0.042494 (VIOLATED)
_18219_/A3                              0.750000    0.792493   -0.042493 (VIOLATED)
_18221_/C                               0.750000    0.792493   -0.042493 (VIOLATED)
_18220_/A2                              0.750000    0.792492   -0.042492 (VIOLATED)
_18229_/A2                              0.750000    0.792491   -0.042492 (VIOLATED)
_18228_/C                               0.750000    0.792490   -0.042490 (VIOLATED)
_11400_/B                               0.750000    0.792489   -0.042489 (VIOLATED)
_09243_/B                               0.750000    0.792487   -0.042487 (VIOLATED)
_09244_/B                               0.750000    0.792487   -0.042487 (VIOLATED)
_09258_/A                               0.750000    0.792487   -0.042487 (VIOLATED)
fanout1964/X                            0.750000    0.792487   -0.042487 (VIOLATED)
_10499_/S                               0.750000    0.792330   -0.042330 (VIOLATED)
_11576_/S                               0.750000    0.792330   -0.042330 (VIOLATED)
_11603_/A1                              0.750000    0.792330   -0.042330 (VIOLATED)
_11604_/A1                              0.750000    0.792330   -0.042330 (VIOLATED)
_12614_/S                               0.750000    0.792330   -0.042330 (VIOLATED)
_12622_/S                               0.750000    0.792330   -0.042330 (VIOLATED)
_16578_/A                               0.750000    0.792330   -0.042330 (VIOLATED)
_16602_/A                               0.750000    0.792330   -0.042330 (VIOLATED)
_16603_/A1                              0.750000    0.792330   -0.042330 (VIOLATED)
_16689_/A                               0.750000    0.792330   -0.042330 (VIOLATED)
fanout1173/X                            0.750000    0.792330   -0.042330 (VIOLATED)
_12550_/A0                              0.750000    0.791805   -0.041805 (VIOLATED)
_11335_/A                               0.750000    0.791793   -0.041794 (VIOLATED)
_11194_/A2                              0.750000    0.791785   -0.041785 (VIOLATED)
_11193_/A2                              0.750000    0.791784   -0.041784 (VIOLATED)
_11189_/A2                              0.750000    0.791783   -0.041783 (VIOLATED)
_11186_/A2                              0.750000    0.791782   -0.041782 (VIOLATED)
fanout1875/A                            0.750000    0.791766   -0.041766 (VIOLATED)
fanout1877/A                            0.750000    0.791762   -0.041762 (VIOLATED)
fanout1879/X                            0.750000    0.791762   -0.041762 (VIOLATED)
_12750_/A1                              0.750000    0.791667   -0.041667 (VIOLATED)
_12720_/A0                              0.750000    0.791644   -0.041644 (VIOLATED)
_11334_/X                               0.750000    0.791528   -0.041529 (VIOLATED)
_16396_/A2                              0.750000    0.790995   -0.040995 (VIOLATED)
_15871_/B1                              0.750000    0.790994   -0.040994 (VIOLATED)
_16339_/A2                              0.750000    0.790993   -0.040993 (VIOLATED)
_16031_/A2                              0.750000    0.790987   -0.040987 (VIOLATED)
_15802_/A2                              0.750000    0.790983   -0.040983 (VIOLATED)
_15904_/A2                              0.750000    0.790983   -0.040983 (VIOLATED)
_16038_/B1                              0.750000    0.790983   -0.040983 (VIOLATED)
fanout871/X                             0.750000    0.790983   -0.040983 (VIOLATED)
_16230_/A2                              0.750000    0.790086   -0.040086 (VIOLATED)
_15700_/A2                              0.750000    0.790084   -0.040084 (VIOLATED)
_16490_/A2                              0.750000    0.790077   -0.040077 (VIOLATED)
_15937_/B1                              0.750000    0.790073   -0.040073 (VIOLATED)
_16492_/B1                              0.750000    0.790064   -0.040064 (VIOLATED)
_15307_/B1                              0.750000    0.790064   -0.040064 (VIOLATED)
_15561_/B1                              0.750000    0.790059   -0.040059 (VIOLATED)
_16102_/B1                              0.750000    0.790059   -0.040059 (VIOLATED)
fanout892/X                             0.750000    0.790059   -0.040059 (VIOLATED)
_11785_/A                               0.750000    0.789599   -0.039599 (VIOLATED)
fanout540/A                             0.750000    0.789598   -0.039598 (VIOLATED)
_11638_/A                               0.750000    0.789598   -0.039598 (VIOLATED)
_11663_/A                               0.750000    0.789598   -0.039598 (VIOLATED)
_11664_/A1                              0.750000    0.789598   -0.039598 (VIOLATED)
_11669_/A                               0.750000    0.789598   -0.039598 (VIOLATED)
_11670_/A                               0.750000    0.789598   -0.039598 (VIOLATED)
_11691_/A1_N                            0.750000    0.789598   -0.039598 (VIOLATED)
_11697_/B1                              0.750000    0.789598   -0.039598 (VIOLATED)
_11708_/A1                              0.750000    0.789598   -0.039598 (VIOLATED)
fanout541/X                             0.750000    0.789598   -0.039598 (VIOLATED)
_11796_/A2                              0.750000    0.789219   -0.039219 (VIOLATED)
_11790_/A2                              0.750000    0.789217   -0.039217 (VIOLATED)
_11712_/A1                              0.750000    0.789215   -0.039215 (VIOLATED)
_11689_/A1                              0.750000    0.789213   -0.039213 (VIOLATED)
_11630_/A3                              0.750000    0.789210   -0.039210 (VIOLATED)
_11706_/B1                              0.750000    0.789210   -0.039210 (VIOLATED)
_11740_/A1                              0.750000    0.789210   -0.039210 (VIOLATED)
_11745_/A1                              0.750000    0.789210   -0.039210 (VIOLATED)
_11748_/A2                              0.750000    0.789210   -0.039210 (VIOLATED)
_11782_/B2                              0.750000    0.789210   -0.039210 (VIOLATED)
fanout525/X                             0.750000    0.789210   -0.039210 (VIOLATED)
fanout2361/A                            0.750000    0.788714   -0.038714 (VIOLATED)
max_cap2369/A                           0.750000    0.788708   -0.038708 (VIOLATED)
fanout2363/A                            0.750000    0.788701   -0.038701 (VIOLATED)
input6/X                                0.750000    0.788697   -0.038697 (VIOLATED)
_11424_/A1                              0.750000    0.788399   -0.038399 (VIOLATED)
_11599_/A                               0.750000    0.788399   -0.038399 (VIOLATED)
_17045_/A                               0.750000    0.788399   -0.038399 (VIOLATED)
_17046_/A1                              0.750000    0.788399   -0.038399 (VIOLATED)
_17095_/A                               0.750000    0.788399   -0.038399 (VIOLATED)
_17096_/A1                              0.750000    0.788399   -0.038399 (VIOLATED)
_17114_/C1                              0.750000    0.788399   -0.038399 (VIOLATED)
_17115_/A                               0.750000    0.788399   -0.038399 (VIOLATED)
_17149_/A1                              0.750000    0.788399   -0.038399 (VIOLATED)
_17165_/A1                              0.750000    0.788399   -0.038399 (VIOLATED)
fanout1469/X                            0.750000    0.788399   -0.038399 (VIOLATED)
_09839_/A1                              0.750000    0.788370   -0.038370 (VIOLATED)
_11088_/A                               0.750000    0.788200   -0.038200 (VIOLATED)
_11085_/A1_N                            0.750000    0.788180   -0.038180 (VIOLATED)
_11084_/B2                              0.750000    0.788177   -0.038177 (VIOLATED)
_11089_/A1                              0.750000    0.788125   -0.038125 (VIOLATED)
_15822_/A1                              0.750000    0.787555   -0.037555 (VIOLATED)
_15268_/B1                              0.750000    0.787555   -0.037555 (VIOLATED)
_15455_/A1                              0.750000    0.787554   -0.037554 (VIOLATED)
_15637_/B2                              0.750000    0.787554   -0.037554 (VIOLATED)
_16188_/B2                              0.750000    0.787554   -0.037554 (VIOLATED)
_16617_/A1_N                            0.750000    0.787554   -0.037554 (VIOLATED)
_16646_/B2                              0.750000    0.787554   -0.037554 (VIOLATED)
_16672_/A1                              0.750000    0.787554   -0.037554 (VIOLATED)
_16731_/B2                              0.750000    0.787554   -0.037554 (VIOLATED)
_16760_/A1                              0.750000    0.787554   -0.037554 (VIOLATED)
fanout542/X                             0.750000    0.787554   -0.037554 (VIOLATED)
_13303_/A1                              0.750000    0.787362   -0.037362 (VIOLATED)
_13122_/A1                              0.750000    0.787361   -0.037361 (VIOLATED)
_14729_/A1                              0.750000    0.787359   -0.037359 (VIOLATED)
_13231_/A1                              0.750000    0.787359   -0.037359 (VIOLATED)
_13267_/A1                              0.750000    0.787356   -0.037356 (VIOLATED)
_13195_/A1                              0.750000    0.787355   -0.037355 (VIOLATED)
_13521_/A1                              0.750000    0.787331   -0.037331 (VIOLATED)
fanout230/X                             0.750000    0.787331   -0.037331 (VIOLATED)
_09838_/X                               0.750000    0.787138   -0.037138 (VIOLATED)
_12419_/D1                              0.750000    0.787036   -0.037036 (VIOLATED)
_11367_/A                               0.750000    0.787035   -0.037035 (VIOLATED)
_09254_/A                               0.750000    0.787034   -0.037034 (VIOLATED)
_09259_/B2                              0.750000    0.787033   -0.037033 (VIOLATED)
_09231_/A                               0.750000    0.787032   -0.037032 (VIOLATED)
_09226_/C                               0.750000    0.787029   -0.037029 (VIOLATED)
_09227_/C                               0.750000    0.787029   -0.037029 (VIOLATED)
_09230_/A                               0.750000    0.787029   -0.037029 (VIOLATED)
_09234_/C_N                             0.750000    0.787029   -0.037029 (VIOLATED)
_09235_/A                               0.750000    0.787029   -0.037029 (VIOLATED)
fanout2016/X                            0.750000    0.787029   -0.037029 (VIOLATED)
_09600_/S                               0.750000    0.786983   -0.036983 (VIOLATED)
_09605_/S                               0.750000    0.786983   -0.036983 (VIOLATED)
_09602_/A_N                             0.750000    0.786983   -0.036983 (VIOLATED)
_09603_/A                               0.750000    0.786983   -0.036983 (VIOLATED)
_09606_/A                               0.750000    0.786983   -0.036983 (VIOLATED)
_09607_/A_N                             0.750000    0.786983   -0.036983 (VIOLATED)
_09610_/S                               0.750000    0.786983   -0.036983 (VIOLATED)
_09611_/S                               0.750000    0.786983   -0.036983 (VIOLATED)
_09613_/S                               0.750000    0.786983   -0.036983 (VIOLATED)
_09615_/S                               0.750000    0.786983   -0.036983 (VIOLATED)
fanout2282/X                            0.750000    0.786983   -0.036983 (VIOLATED)
_10470_/B2                              0.750000    0.786938   -0.036938 (VIOLATED)
load_slew2182/A                         0.750000    0.786925   -0.036925 (VIOLATED)
_09537_/S1                              0.750000    0.786915   -0.036915 (VIOLATED)
_09535_/S1                              0.750000    0.786913   -0.036913 (VIOLATED)
_09546_/S1                              0.750000    0.786913   -0.036913 (VIOLATED)
_09547_/S1                              0.750000    0.786913   -0.036913 (VIOLATED)
fanout2181/X                            0.750000    0.786913   -0.036913 (VIOLATED)
_12727_/S                               0.750000    0.785703   -0.035703 (VIOLATED)
_12721_/S                               0.750000    0.785702   -0.035702 (VIOLATED)
_12718_/S                               0.750000    0.785702   -0.035702 (VIOLATED)
_12730_/B1                              0.750000    0.785702   -0.035702 (VIOLATED)
_12712_/S                               0.750000    0.785701   -0.035701 (VIOLATED)
_16370_/S                               0.750000    0.785700   -0.035700 (VIOLATED)
_16555_/C1                              0.750000    0.785700   -0.035700 (VIOLATED)
fanout601/A                             0.750000    0.785700   -0.035700 (VIOLATED)
fanout602/X                             0.750000    0.785700   -0.035700 (VIOLATED)
fanout24/A                              0.750000    0.785681   -0.035681 (VIOLATED)
fanout25/A                              0.750000    0.785676   -0.035676 (VIOLATED)
ANTENNA_54/DIODE                        0.750000    0.785675   -0.035675 (VIOLATED)
_18008_/A0                              0.750000    0.785675   -0.035675 (VIOLATED)
fanout26/A                              0.750000    0.785663   -0.035663 (VIOLATED)
_17159_/X                               0.750000    0.785602   -0.035602 (VIOLATED)
fanout721/A                             0.750000    0.785210   -0.035210 (VIOLATED)
fanout736/A                             0.750000    0.785206   -0.035206 (VIOLATED)
fanout737/X                             0.750000    0.785206   -0.035206 (VIOLATED)
load_slew738/A                          0.750000    0.785206   -0.035206 (VIOLATED)
fanout1779/A                            0.750000    0.784923   -0.034923 (VIOLATED)
wire1785/A                              0.750000    0.784891   -0.034891 (VIOLATED)
fanout1781/A                            0.750000    0.784890   -0.034890 (VIOLATED)
fanout1784/X                            0.750000    0.784890   -0.034890 (VIOLATED)
_16524_/B1                              0.750000    0.784751   -0.034751 (VIOLATED)
fanout799/A                             0.750000    0.784739   -0.034739 (VIOLATED)
_15367_/A2                              0.750000    0.784727   -0.034727 (VIOLATED)
_15622_/A2                              0.750000    0.784723   -0.034723 (VIOLATED)
_15647_/B                               0.750000    0.784711   -0.034711 (VIOLATED)
fanout801/X                             0.750000    0.784711   -0.034711 (VIOLATED)
load_slew802/A                          0.750000    0.784711   -0.034711 (VIOLATED)
_15794_/A2                              0.750000    0.784419   -0.034419 (VIOLATED)
_15876_/A2                              0.750000    0.784419   -0.034419 (VIOLATED)
_15463_/A2                              0.750000    0.784417   -0.034417 (VIOLATED)
_16041_/A2                              0.750000    0.784417   -0.034417 (VIOLATED)
_16025_/A2                              0.750000    0.784416   -0.034416 (VIOLATED)
_16362_/A2                              0.750000    0.784414   -0.034414 (VIOLATED)
_15479_/A2                              0.750000    0.784407   -0.034407 (VIOLATED)
_15812_/A2                              0.750000    0.784407   -0.034407 (VIOLATED)
fanout940/X                             0.750000    0.784407   -0.034407 (VIOLATED)
_15280_/B1                              0.750000    0.784324   -0.034324 (VIOLATED)
_15703_/A2                              0.750000    0.784316   -0.034316 (VIOLATED)
_15951_/B1                              0.750000    0.784303   -0.034303 (VIOLATED)
load_slew1010/A                         0.750000    0.784285   -0.034285 (VIOLATED)
fanout1007/A                            0.750000    0.784272   -0.034272 (VIOLATED)
fanout1009/X                            0.750000    0.784272   -0.034272 (VIOLATED)
fanout2083/A                            0.750000    0.784257   -0.034257 (VIOLATED)
fanout2085/A                            0.750000    0.784244   -0.034244 (VIOLATED)
fanout2086/X                            0.750000    0.784198   -0.034198 (VIOLATED)
load_slew2087/A                         0.750000    0.784198   -0.034198 (VIOLATED)
_12866_/A0                              0.750000    0.783428   -0.033428 (VIOLATED)
_12904_/A0                              0.750000    0.783428   -0.033428 (VIOLATED)
_12942_/A0                              0.750000    0.783428   -0.033428 (VIOLATED)
_12980_/A0                              0.750000    0.783428   -0.033428 (VIOLATED)
_13019_/A0                              0.750000    0.783428   -0.033428 (VIOLATED)
_13528_/A0                              0.750000    0.783428   -0.033428 (VIOLATED)
_13601_/A0                              0.750000    0.783428   -0.033428 (VIOLATED)
_15027_/A0                              0.750000    0.783428   -0.033428 (VIOLATED)
_15063_/A0                              0.750000    0.783428   -0.033428 (VIOLATED)
fanout323/A                             0.750000    0.783428   -0.033428 (VIOLATED)
fanout324/X                             0.750000    0.783428   -0.033428 (VIOLATED)
_14365_/S                               0.750000    0.782843   -0.032843 (VIOLATED)
_14366_/S                               0.750000    0.782842   -0.032842 (VIOLATED)
_14367_/S                               0.750000    0.782839   -0.032839 (VIOLATED)
_14362_/S                               0.750000    0.782834   -0.032834 (VIOLATED)
max_cap150/A                            0.750000    0.782832   -0.032832 (VIOLATED)
_14361_/Y                               0.750000    0.782830   -0.032830 (VIOLATED)
_15570_/B1                              0.750000    0.781512   -0.031512 (VIOLATED)
_16116_/B1                              0.750000    0.781512   -0.031512 (VIOLATED)
_15923_/A2                              0.750000    0.781509   -0.031509 (VIOLATED)
_16110_/A2                              0.750000    0.781503   -0.031503 (VIOLATED)
_16129_/A2                              0.750000    0.781488   -0.031488 (VIOLATED)
_15585_/A2                              0.750000    0.781486   -0.031486 (VIOLATED)
_15944_/A2                              0.750000    0.781486   -0.031486 (VIOLATED)
fanout948/X                             0.750000    0.781486   -0.031486 (VIOLATED)
_17691_/S                               0.750000    0.781151   -0.031151 (VIOLATED)
_17683_/S                               0.750000    0.781151   -0.031151 (VIOLATED)
fanout1288/X                            0.750000    0.781146   -0.031146 (VIOLATED)
load_slew1290/A                         0.750000    0.781146   -0.031146 (VIOLATED)
_15264_/B                               0.750000    0.780803   -0.030803 (VIOLATED)
_15821_/S                               0.750000    0.780802   -0.030802 (VIOLATED)
_15263_/B2                              0.750000    0.780801   -0.030801 (VIOLATED)
_16006_/A1_N                            0.750000    0.780800   -0.030800 (VIOLATED)
_15636_/S                               0.750000    0.780799   -0.030799 (VIOLATED)
_12703_/C                               0.750000    0.780799   -0.030799 (VIOLATED)
_12715_/S                               0.750000    0.780799   -0.030799 (VIOLATED)
_12724_/S                               0.750000    0.780799   -0.030799 (VIOLATED)
_15451_/A                               0.750000    0.780799   -0.030799 (VIOLATED)
_16186_/S                               0.750000    0.780799   -0.030799 (VIOLATED)
fanout601/X                             0.750000    0.780799   -0.030799 (VIOLATED)
_13328_/A1                              0.750000    0.780495   -0.030495 (VIOLATED)
_13364_/A1                              0.750000    0.780495   -0.030495 (VIOLATED)
_13400_/A1                              0.750000    0.780495   -0.030495 (VIOLATED)
_13436_/A1                              0.750000    0.780495   -0.030495 (VIOLATED)
_13472_/A1                              0.750000    0.780495   -0.030495 (VIOLATED)
_13508_/A1                              0.750000    0.780495   -0.030495 (VIOLATED)
_13581_/A1                              0.750000    0.780495   -0.030495 (VIOLATED)
_13617_/A1                              0.750000    0.780495   -0.030495 (VIOLATED)
fanout479/A                             0.750000    0.780495   -0.030495 (VIOLATED)
fanout480/A                             0.750000    0.780495   -0.030495 (VIOLATED)
fanout481/X                             0.750000    0.780495   -0.030495 (VIOLATED)
_10752_/B1_N                            0.750000    0.780136   -0.030136 (VIOLATED)
_10755_/B1                              0.750000    0.780135   -0.030135 (VIOLATED)
_10651_/S                               0.750000    0.780135   -0.030135 (VIOLATED)
fanout2088/A                            0.750000    0.780130   -0.030130 (VIOLATED)
_11048_/S                               0.750000    0.780124   -0.030124 (VIOLATED)
_11045_/S                               0.750000    0.780122   -0.030122 (VIOLATED)
_11046_/S                               0.750000    0.780122   -0.030122 (VIOLATED)
fanout2089/A                            0.750000    0.780122   -0.030122 (VIOLATED)
fanout2090/X                            0.750000    0.780122   -0.030122 (VIOLATED)
_12919_/A                               0.750000    0.779517   -0.029517 (VIOLATED)
_12957_/C_N                             0.750000    0.779515   -0.029515 (VIOLATED)
fanout1149/A                            0.750000    0.779514   -0.029515 (VIOLATED)
_13033_/A                               0.750000    0.779512   -0.029512 (VIOLATED)
_12881_/C_N                             0.750000    0.779511   -0.029511 (VIOLATED)
_11565_/Y                               0.750000    0.779477   -0.029477 (VIOLATED)
_11817_/S1                              0.750000    0.779255   -0.029255 (VIOLATED)
_11815_/S1                              0.750000    0.779252   -0.029252 (VIOLATED)
_11835_/S1                              0.750000    0.779242   -0.029242 (VIOLATED)
_11833_/S1                              0.750000    0.779239   -0.029239 (VIOLATED)
load_slew2446/A                         0.750000    0.779234   -0.029234 (VIOLATED)
_11828_/S1                              0.750000    0.779228   -0.029228 (VIOLATED)
_11837_/S1                              0.750000    0.779228   -0.029228 (VIOLATED)
fanout2445/X                            0.750000    0.779228   -0.029228 (VIOLATED)
fanout1639/A                            0.750000    0.778928   -0.028928 (VIOLATED)
fanout1641/A                            0.750000    0.778919   -0.028919 (VIOLATED)
fanout1644/X                            0.750000    0.778919   -0.028919 (VIOLATED)
wire1645/A                              0.750000    0.778919   -0.028919 (VIOLATED)
_13604_/A0                              0.750000    0.778016   -0.028016 (VIOLATED)
_13531_/A0                              0.750000    0.778015   -0.028015 (VIOLATED)
_13495_/A0                              0.750000    0.778011   -0.028011 (VIOLATED)
_12419_/Y                               0.750000    0.778004   -0.028004 (VIOLATED)
_12705_/B1_N                            0.750000    0.778004   -0.028004 (VIOLATED)
wire1603/A                              0.750000    0.778004   -0.028004 (VIOLATED)
fanout300/A                             0.750000    0.777992   -0.027992 (VIOLATED)
fanout298/A                             0.750000    0.777966   -0.027966 (VIOLATED)
fanout301/X                             0.750000    0.777966   -0.027966 (VIOLATED)
_09820_/A                               0.750000    0.777627   -0.027627 (VIOLATED)
_09719_/C1                              0.750000    0.777627   -0.027627 (VIOLATED)
_10447_/A                               0.750000    0.777627   -0.027627 (VIOLATED)
fanout2001/X                            0.750000    0.777627   -0.027627 (VIOLATED)
load_slew2002/A                         0.750000    0.777627   -0.027627 (VIOLATED)
_17654_/A1                              0.750000    0.777558   -0.027558 (VIOLATED)
fanout107/A                             0.750000    0.777556   -0.027556 (VIOLATED)
_18119_/A1                              0.750000    0.777535   -0.027535 (VIOLATED)
fanout108/A                             0.750000    0.777513   -0.027513 (VIOLATED)
_13388_/A0                              0.750000    0.777202   -0.027202 (VIOLATED)
_13424_/A0                              0.750000    0.777202   -0.027202 (VIOLATED)
_13532_/A0                              0.750000    0.777202   -0.027202 (VIOLATED)
_13460_/A0                              0.750000    0.777201   -0.027201 (VIOLATED)
_13496_/A0                              0.750000    0.777201   -0.027201 (VIOLATED)
_13605_/A0                              0.750000    0.777201   -0.027201 (VIOLATED)
_13352_/A0                              0.750000    0.777201   -0.027201 (VIOLATED)
_12984_/A0                              0.750000    0.777199   -0.027199 (VIOLATED)
_13023_/A0                              0.750000    0.777199   -0.027199 (VIOLATED)
_13133_/A0                              0.750000    0.777199   -0.027199 (VIOLATED)
fanout219/X                             0.750000    0.777199   -0.027199 (VIOLATED)
_16562_/X                               0.750000    0.777080   -0.027080 (VIOLATED)
_09620_/A1                              0.750000    0.775753   -0.025753 (VIOLATED)
_16901_/A1                              0.750000    0.775743   -0.025743 (VIOLATED)
_09910_/A2                              0.750000    0.775736   -0.025736 (VIOLATED)
_10423_/A1                              0.750000    0.775727   -0.025727 (VIOLATED)
fanout1756/X                            0.750000    0.775720   -0.025720 (VIOLATED)
load_slew1757/A                         0.750000    0.775720   -0.025720 (VIOLATED)
_16895_/Y                               0.750000    0.775541   -0.025541 (VIOLATED)
fanout2264/A                            0.750000    0.775014   -0.025014 (VIOLATED)
_10479_/S                               0.750000    0.775013   -0.025013 (VIOLATED)
_10481_/S                               0.750000    0.775012   -0.025012 (VIOLATED)
fanout2265/A                            0.750000    0.775012   -0.025012 (VIOLATED)
_10482_/S                               0.750000    0.775012   -0.025012 (VIOLATED)
_16790_/A2                              0.750000    0.775012   -0.025012 (VIOLATED)
fanout2267/X                            0.750000    0.775012   -0.025012 (VIOLATED)
_11529_/S                               0.750000    0.774729   -0.024729 (VIOLATED)
_11397_/S                               0.750000    0.774728   -0.024728 (VIOLATED)
_11463_/S                               0.750000    0.774728   -0.024728 (VIOLATED)
_11569_/S                               0.750000    0.774728   -0.024728 (VIOLATED)
_11595_/S                               0.750000    0.774728   -0.024728 (VIOLATED)
_11620_/S                               0.750000    0.774728   -0.024728 (VIOLATED)
_18216_/S                               0.750000    0.774728   -0.024728 (VIOLATED)
_18400_/S                               0.750000    0.774728   -0.024728 (VIOLATED)
fanout606/X                             0.750000    0.774728   -0.024728 (VIOLATED)
_12625_/A1                              0.750000    0.773549   -0.023549 (VIOLATED)
fanout1428/A                            0.750000    0.773546   -0.023546 (VIOLATED)
_10512_/S                               0.750000    0.773545   -0.023545 (VIOLATED)
_11497_/A                               0.750000    0.773545   -0.023545 (VIOLATED)
_11501_/S                               0.750000    0.773545   -0.023545 (VIOLATED)
_12605_/A1                              0.750000    0.773545   -0.023545 (VIOLATED)
_16574_/A1                              0.750000    0.773545   -0.023545 (VIOLATED)
fanout1430/X                            0.750000    0.773545   -0.023545 (VIOLATED)
_12778_/A1                              0.750000    0.772933   -0.022933 (VIOLATED)
_12816_/A1                              0.750000    0.772933   -0.022933 (VIOLATED)
_12854_/A1                              0.750000    0.772932   -0.022932 (VIOLATED)
_15015_/A1                              0.750000    0.772929   -0.022929 (VIOLATED)
_12968_/A1                              0.750000    0.772925   -0.022925 (VIOLATED)
_15051_/A1                              0.750000    0.772919   -0.022919 (VIOLATED)
_12930_/A1                              0.750000    0.772917   -0.022917 (VIOLATED)
_12892_/A1                              0.750000    0.772915   -0.022915 (VIOLATED)
_14979_/A1                              0.750000    0.772901   -0.022901 (VIOLATED)
fanout409/A                             0.750000    0.772901   -0.022901 (VIOLATED)
fanout410/X                             0.750000    0.772901   -0.022901 (VIOLATED)
_09399_/Y                               0.750000    0.772801   -0.022801 (VIOLATED)
wire1573/A                              0.750000    0.772801   -0.022801 (VIOLATED)
_10402_/A1                              0.750000    0.772617   -0.022617 (VIOLATED)
load_slew1780/A                         0.750000    0.772611   -0.022611 (VIOLATED)
_10443_/B2                              0.750000    0.772609   -0.022609 (VIOLATED)
_09821_/B                               0.750000    0.772606   -0.022606 (VIOLATED)
_09824_/B                               0.750000    0.772605   -0.022605 (VIOLATED)
_09834_/A2                              0.750000    0.772605   -0.022605 (VIOLATED)
fanout1779/X                            0.750000    0.772605   -0.022605 (VIOLATED)
_17252_/S                               0.750000    0.772087   -0.022087 (VIOLATED)
load_slew1368/A                         0.750000    0.772047   -0.022047 (VIOLATED)
_17249_/S                               0.750000    0.772041   -0.022041 (VIOLATED)
_17255_/S                               0.750000    0.772041   -0.022041 (VIOLATED)
fanout1366/X                            0.750000    0.772041   -0.022041 (VIOLATED)
_15419_/A2                              0.750000    0.771057   -0.021057 (VIOLATED)
_15460_/B1                              0.750000    0.771057   -0.021057 (VIOLATED)
_15479_/B1                              0.750000    0.771055   -0.021055 (VIOLATED)
_15812_/B1                              0.750000    0.771055   -0.021055 (VIOLATED)
_15897_/A2                              0.750000    0.771055   -0.021055 (VIOLATED)
_16025_/B1                              0.750000    0.771055   -0.021055 (VIOLATED)
_16040_/B1                              0.750000    0.771055   -0.021055 (VIOLATED)
_16361_/A2                              0.750000    0.771055   -0.021055 (VIOLATED)
fanout764/X                             0.750000    0.771055   -0.021055 (VIOLATED)
_15820_/A1                              0.750000    0.770846   -0.020846 (VIOLATED)
_16672_/A2                              0.750000    0.770825   -0.020825 (VIOLATED)
fanout55/A                              0.750000    0.769843   -0.019843 (VIOLATED)
_18199_/A0                              0.750000    0.769839   -0.019839 (VIOLATED)
_17668_/A1                              0.750000    0.769839   -0.019839 (VIOLATED)
fanout56/A                              0.750000    0.769831   -0.019831 (VIOLATED)
_16955_/X                               0.750000    0.769734   -0.019734 (VIOLATED)
_12526_/B                               0.750000    0.769138   -0.019138 (VIOLATED)
_12527_/B1                              0.750000    0.769138   -0.019138 (VIOLATED)
_09237_/Y                               0.750000    0.769128   -0.019128 (VIOLATED)
_09369_/A1                              0.750000    0.769128   -0.019128 (VIOLATED)
_15686_/X                               0.750000    0.769125   -0.019125 (VIOLATED)
_10118_/A1                              0.750000    0.767909   -0.017909 (VIOLATED)
_10112_/S1                              0.750000    0.767907   -0.017907 (VIOLATED)
_09553_/S1                              0.750000    0.767903   -0.017903 (VIOLATED)
_10124_/S1                              0.750000    0.767903   -0.017903 (VIOLATED)
_10321_/S1                              0.750000    0.767903   -0.017903 (VIOLATED)
fanout2203/X                            0.750000    0.767903   -0.017903 (VIOLATED)
load_slew2204/A                         0.750000    0.767903   -0.017903 (VIOLATED)
fanout2327/A                            0.750000    0.767760   -0.017760 (VIOLATED)
_11801_/Y                               0.750000    0.767754   -0.017754 (VIOLATED)
fanout2315/A                            0.750000    0.767754   -0.017754 (VIOLATED)
_13151_/A1                              0.750000    0.767735   -0.017735 (VIOLATED)
_12667_/A1                              0.750000    0.767735   -0.017735 (VIOLATED)
_13661_/A1                              0.750000    0.767727   -0.017727 (VIOLATED)
_13698_/A1                              0.750000    0.767727   -0.017727 (VIOLATED)
_13735_/A1                              0.750000    0.767727   -0.017727 (VIOLATED)
_13772_/A1                              0.750000    0.767727   -0.017727 (VIOLATED)
_13809_/A1                              0.750000    0.767727   -0.017727 (VIOLATED)
_13846_/A1                              0.750000    0.767727   -0.017727 (VIOLATED)
_13883_/A1                              0.750000    0.767727   -0.017727 (VIOLATED)
_13920_/A1                              0.750000    0.767727   -0.017727 (VIOLATED)
fanout438/X                             0.750000    0.767727   -0.017727 (VIOLATED)
_09851_/B1_N                            0.750000    0.767586   -0.017586 (VIOLATED)
_09844_/B1_N                            0.750000    0.767585   -0.017585 (VIOLATED)
_09847_/B1                              0.750000    0.767585   -0.017585 (VIOLATED)
_10746_/B1_N                            0.750000    0.767585   -0.017585 (VIOLATED)
_10749_/B1                              0.750000    0.767585   -0.017585 (VIOLATED)
_10760_/B1                              0.750000    0.767585   -0.017585 (VIOLATED)
_10763_/B1_N                            0.750000    0.767585   -0.017585 (VIOLATED)
_10766_/S                               0.750000    0.767585   -0.017585 (VIOLATED)
_10767_/S                               0.750000    0.767585   -0.017585 (VIOLATED)
_10769_/S                               0.750000    0.767585   -0.017585 (VIOLATED)
fanout2091/X                            0.750000    0.767585   -0.017585 (VIOLATED)
_10986_/A                               0.750000    0.767477   -0.017477 (VIOLATED)
_10926_/A                               0.750000    0.767473   -0.017473 (VIOLATED)
_12814_/A1                              0.750000    0.767466   -0.017466 (VIOLATED)
_12776_/A1                              0.750000    0.767465   -0.017465 (VIOLATED)
_11181_/A                               0.750000    0.767465   -0.017465 (VIOLATED)
_12852_/A1                              0.750000    0.767464   -0.017464 (VIOLATED)
_11246_/A                               0.750000    0.767464   -0.017464 (VIOLATED)
_12670_/A1                              0.750000    0.767453   -0.017453 (VIOLATED)
_13551_/A1                              0.750000    0.767453   -0.017453 (VIOLATED)
_13958_/A1                              0.750000    0.767453   -0.017453 (VIOLATED)
_14360_/A1                              0.750000    0.767453   -0.017453 (VIOLATED)
_14759_/A1                              0.750000    0.767453   -0.017453 (VIOLATED)
_14940_/A1                              0.750000    0.767453   -0.017453 (VIOLATED)
_14977_/A1                              0.750000    0.767453   -0.017453 (VIOLATED)
fanout431/X                             0.750000    0.767453   -0.017453 (VIOLATED)
_11152_/A                               0.750000    0.767445   -0.017445 (VIOLATED)
fanout1643/X                            0.750000    0.767445   -0.017445 (VIOLATED)
_16731_/B1                              0.750000    0.766489   -0.016489 (VIOLATED)
_16185_/A1                              0.750000    0.766483   -0.016483 (VIOLATED)
_16184_/X                               0.750000    0.766163   -0.016163 (VIOLATED)
_14836_/A1                              0.750000    0.764811   -0.014811 (VIOLATED)
_14691_/A1                              0.750000    0.764811   -0.014811 (VIOLATED)
_14908_/A1                              0.750000    0.764811   -0.014811 (VIOLATED)
_14800_/A1                              0.750000    0.764809   -0.014809 (VIOLATED)
_14655_/A1                              0.750000    0.764807   -0.014807 (VIOLATED)
_14872_/A1                              0.750000    0.764806   -0.014806 (VIOLATED)
_14619_/A1                              0.750000    0.764805   -0.014805 (VIOLATED)
_14727_/A1                              0.750000    0.764801   -0.014801 (VIOLATED)
_14328_/A1                              0.750000    0.764782   -0.014782 (VIOLATED)
_14401_/A1                              0.750000    0.764782   -0.014782 (VIOLATED)
fanout381/X                             0.750000    0.764782   -0.014782 (VIOLATED)
fanout1777/A                            0.750000    0.763408   -0.013408 (VIOLATED)
fanout1774/A                            0.750000    0.763398   -0.013398 (VIOLATED)
_09376_/Y                               0.750000    0.763395   -0.013395 (VIOLATED)
_12938_/B                               0.750000    0.763273   -0.013273 (VIOLATED)
_15023_/C                               0.750000    0.763273   -0.013273 (VIOLATED)
_12824_/B                               0.750000    0.763273   -0.013273 (VIOLATED)
_12862_/B                               0.750000    0.763270   -0.013270 (VIOLATED)
_12786_/C                               0.750000    0.763270   -0.013270 (VIOLATED)
_12900_/B                               0.750000    0.763270   -0.013270 (VIOLATED)
_12976_/B                               0.750000    0.763270   -0.013270 (VIOLATED)
_15005_/C                               0.750000    0.763269   -0.013269 (VIOLATED)
_15301_/B1                              0.750000    0.763269   -0.013269 (VIOLATED)
_16141_/B1                              0.750000    0.763269   -0.013269 (VIOLATED)
fanout576/X                             0.750000    0.763269   -0.013269 (VIOLATED)
_17839_/S                               0.750000    0.762974   -0.012974 (VIOLATED)
load_slew1263/A                         0.750000    0.762958   -0.012958 (VIOLATED)
_17824_/S                               0.750000    0.762953   -0.012953 (VIOLATED)
_17825_/S                               0.750000    0.762946   -0.012946 (VIOLATED)
fanout1262/X                            0.750000    0.762946   -0.012946 (VIOLATED)
_17607_/S                               0.750000    0.762763   -0.012763 (VIOLATED)
_17605_/S                               0.750000    0.762760   -0.012760 (VIOLATED)
_17609_/S                               0.750000    0.762749   -0.012749 (VIOLATED)
fanout1516/X                            0.750000    0.762742   -0.012742 (VIOLATED)
load_slew1517/A                         0.750000    0.762742   -0.012742 (VIOLATED)
_16108_/A2                              0.750000    0.762614   -0.012615 (VIOLATED)
_16119_/A2                              0.750000    0.762612   -0.012612 (VIOLATED)
_15922_/B1                              0.750000    0.762612   -0.012612 (VIOLATED)
_15583_/A2                              0.750000    0.762607   -0.012607 (VIOLATED)
_15942_/B1                              0.750000    0.762606   -0.012606 (VIOLATED)
_16127_/A2                              0.750000    0.762606   -0.012606 (VIOLATED)
_16313_/B1                              0.750000    0.762606   -0.012606 (VIOLATED)
fanout829/X                             0.750000    0.762606   -0.012606 (VIOLATED)
_12538_/A2                              0.750000    0.762606   -0.012606 (VIOLATED)
_11305_/B1                              0.750000    0.762592   -0.012592 (VIOLATED)
_10411_/S                               0.750000    0.762573   -0.012573 (VIOLATED)
_12567_/A1                              0.750000    0.762570   -0.012570 (VIOLATED)
fanout2185/X                            0.750000    0.762570   -0.012570 (VIOLATED)
load_slew2186/A                         0.750000    0.762570   -0.012570 (VIOLATED)
_11338_/B1                              0.750000    0.762564   -0.012564 (VIOLATED)
_12726_/A0                              0.750000    0.762495   -0.012495 (VIOLATED)
fanout1385/A                            0.750000    0.762187   -0.012187 (VIOLATED)
max_cap1386/A                           0.750000    0.762170   -0.012170 (VIOLATED)
fanout1382/A                            0.750000    0.762168   -0.012168 (VIOLATED)
_17212_/Y                               0.750000    0.762166   -0.012166 (VIOLATED)
_12757_/A1                              0.750000    0.762134   -0.012134 (VIOLATED)
_11304_/X                               0.750000    0.761803   -0.011803 (VIOLATED)
_13739_/S                               0.750000    0.760268   -0.010268 (VIOLATED)
max_cap171/A                            0.750000    0.760265   -0.010266 (VIOLATED)
_13744_/S                               0.750000    0.760255   -0.010255 (VIOLATED)
_13737_/Y                               0.750000    0.759999   -0.009999 (VIOLATED)
fanout1501/A                            0.750000    0.759889   -0.009889 (VIOLATED)
_17214_/S                               0.750000    0.759827   -0.009827 (VIOLATED)
fanout1498/A                            0.750000    0.759823   -0.009823 (VIOLATED)
_17230_/S                               0.750000    0.759821   -0.009821 (VIOLATED)
_17227_/S                               0.750000    0.759817   -0.009817 (VIOLATED)
_17243_/S                               0.750000    0.759817   -0.009817 (VIOLATED)
fanout1382/X                            0.750000    0.759817   -0.009817 (VIOLATED)
load_slew1384/A                         0.750000    0.759817   -0.009817 (VIOLATED)
fanout1503/A                            0.750000    0.759442   -0.009442 (VIOLATED)
fanout1506/A                            0.750000    0.759429   -0.009429 (VIOLATED)
_17713_/X                               0.750000    0.759427   -0.009427 (VIOLATED)
fanout1810/A                            0.750000    0.758725   -0.008725 (VIOLATED)
_10661_/B1                              0.750000    0.758724   -0.008724 (VIOLATED)
_10668_/B1                              0.750000    0.758724   -0.008724 (VIOLATED)
_10679_/B2                              0.750000    0.758724   -0.008724 (VIOLATED)
_11199_/B1                              0.750000    0.758724   -0.008724 (VIOLATED)
fanout1812/X                            0.750000    0.758724   -0.008724 (VIOLATED)
load_slew1813/A                         0.750000    0.758724   -0.008724 (VIOLATED)
_15454_/B1                              0.750000    0.758556   -0.008556 (VIOLATED)
_16187_/A                               0.750000    0.758556   -0.008556 (VIOLATED)
_15823_/A1                              0.750000    0.758555   -0.008555 (VIOLATED)
_15638_/A1                              0.750000    0.758554   -0.008554 (VIOLATED)
_15269_/A1                              0.750000    0.758554   -0.008554 (VIOLATED)
_16008_/B2                              0.750000    0.758554   -0.008554 (VIOLATED)
_16372_/A1                              0.750000    0.758551   -0.008551 (VIOLATED)
_15086_/Y                               0.750000    0.758549   -0.008549 (VIOLATED)
_16376_/B                               0.750000    0.758549   -0.008549 (VIOLATED)
_16557_/A2                              0.750000    0.758549   -0.008549 (VIOLATED)
_09461_/S                               0.750000    0.758373   -0.008373 (VIOLATED)
_11156_/C1                              0.750000    0.758372   -0.008372 (VIOLATED)
_11157_/B1_N                            0.750000    0.758371   -0.008371 (VIOLATED)
_09484_/S                               0.750000    0.758366   -0.008366 (VIOLATED)
_09486_/B                               0.750000    0.758366   -0.008366 (VIOLATED)
_09487_/A1                              0.750000    0.758366   -0.008366 (VIOLATED)
fanout2148/A                            0.750000    0.758366   -0.008366 (VIOLATED)
fanout2150/X                            0.750000    0.758366   -0.008366 (VIOLATED)
_09251_/B                               0.750000    0.757128   -0.007128 (VIOLATED)
_09257_/A                               0.750000    0.757128   -0.007128 (VIOLATED)
_09259_/A2                              0.750000    0.757128   -0.007128 (VIOLATED)
_11368_/B1                              0.750000    0.757128   -0.007128 (VIOLATED)
_12497_/A3                              0.750000    0.757128   -0.007128 (VIOLATED)
_15274_/A2                              0.750000    0.757128   -0.007128 (VIOLATED)
_15457_/A2                              0.750000    0.757128   -0.007128 (VIOLATED)
_15639_/A2                              0.750000    0.757128   -0.007128 (VIOLATED)
_16373_/A1                              0.750000    0.757128   -0.007128 (VIOLATED)
_16850_/B2                              0.750000    0.757128   -0.007128 (VIOLATED)
fanout1976/X                            0.750000    0.757128   -0.007128 (VIOLATED)
_15834_/B1                              0.750000    0.757084   -0.007084 (VIOLATED)
_16317_/B1                              0.750000    0.757084   -0.007084 (VIOLATED)
_16440_/B1                              0.750000    0.757084   -0.007084 (VIOLATED)
fanout714/A                             0.750000    0.757084   -0.007084 (VIOLATED)
fanout718/A                             0.750000    0.757084   -0.007084 (VIOLATED)
fanout720/X                             0.750000    0.757084   -0.007084 (VIOLATED)
_13144_/A                               0.750000    0.757061   -0.007061 (VIOLATED)
_12646_/A                               0.750000    0.757060   -0.007061 (VIOLATED)
_13728_/A                               0.750000    0.757054   -0.007054 (VIOLATED)
_13765_/A                               0.750000    0.757054   -0.007054 (VIOLATED)
_13839_/A                               0.750000    0.757054   -0.007054 (VIOLATED)
fanout493/X                             0.750000    0.757054   -0.007054 (VIOLATED)
load_slew494/A                          0.750000    0.757054   -0.007054 (VIOLATED)
fanout1718/A                            0.750000    0.756702   -0.006702 (VIOLATED)
load_slew1726/A                         0.750000    0.756651   -0.006651 (VIOLATED)
fanout1723/A                            0.750000    0.756646   -0.006646 (VIOLATED)
fanout1725/X                            0.750000    0.756646   -0.006646 (VIOLATED)
_15651_/A2                              0.750000    0.755760   -0.005760 (VIOLATED)
_16511_/A2                              0.750000    0.755760   -0.005760 (VIOLATED)
fanout975/A                             0.750000    0.755760   -0.005760 (VIOLATED)
fanout977/A                             0.750000    0.755760   -0.005760 (VIOLATED)
fanout979/A                             0.750000    0.755760   -0.005760 (VIOLATED)
fanout981/X                             0.750000    0.755760   -0.005760 (VIOLATED)
_13859_/A0                              0.750000    0.755699   -0.005699 (VIOLATED)
_13822_/A0                              0.750000    0.755698   -0.005698 (VIOLATED)
_13674_/A0                              0.750000    0.755698   -0.005698 (VIOLATED)
_13785_/A0                              0.750000    0.755697   -0.005697 (VIOLATED)
_13933_/A0                              0.750000    0.755696   -0.005696 (VIOLATED)
_13711_/A0                              0.750000    0.755695   -0.005695 (VIOLATED)
_13896_/A0                              0.750000    0.755695   -0.005695 (VIOLATED)
_13748_/A0                              0.750000    0.755694   -0.005695 (VIOLATED)
_13272_/A0                              0.750000    0.755692   -0.005692 (VIOLATED)
_14152_/A0                              0.750000    0.755692   -0.005692 (VIOLATED)
fanout336/X                             0.750000    0.755692   -0.005692 (VIOLATED)
_14161_/A1                              0.750000    0.754792   -0.004792 (VIOLATED)
_14053_/A1                              0.750000    0.754792   -0.004792 (VIOLATED)
_14125_/A1                              0.750000    0.754792   -0.004792 (VIOLATED)
_14017_/A1                              0.750000    0.754791   -0.004791 (VIOLATED)
_14233_/A1                              0.750000    0.754789   -0.004790 (VIOLATED)
_14269_/A1                              0.750000    0.754788   -0.004788 (VIOLATED)
_14089_/A1                              0.750000    0.754786   -0.004786 (VIOLATED)
_14197_/A1                              0.750000    0.754784   -0.004785 (VIOLATED)
_14743_/A1                              0.750000    0.754780   -0.004781 (VIOLATED)
_14816_/A1                              0.750000    0.754780   -0.004781 (VIOLATED)
fanout279/X                             0.750000    0.754780   -0.004781 (VIOLATED)
_12158_/S                               0.750000    0.754455   -0.004455 (VIOLATED)
_12401_/C1                              0.750000    0.754449   -0.004449 (VIOLATED)
_12195_/S                               0.750000    0.754437   -0.004437 (VIOLATED)
fanout2352/X                            0.750000    0.754437   -0.004437 (VIOLATED)
load_slew2353/A                         0.750000    0.754437   -0.004437 (VIOLATED)
load_slew2354/A                         0.750000    0.754437   -0.004437 (VIOLATED)
_13885_/Y                               0.750000    0.754293   -0.004293 (VIOLATED)
_13887_/S                               0.750000    0.754293   -0.004293 (VIOLATED)
_13892_/S                               0.750000    0.754293   -0.004293 (VIOLATED)
max_cap161/A                            0.750000    0.754293   -0.004293 (VIOLATED)
_14972_/A1                              0.750000    0.753006   -0.003006 (VIOLATED)
_14935_/A1                              0.750000    0.753004   -0.003004 (VIOLATED)
fanout472/A                             0.750000    0.753002   -0.003002 (VIOLATED)
_13805_/A1                              0.750000    0.752988   -0.002988 (VIOLATED)
_13879_/A1                              0.750000    0.752987   -0.002987 (VIOLATED)
_13842_/A1                              0.750000    0.752984   -0.002984 (VIOLATED)
_13694_/A1                              0.750000    0.752978   -0.002978 (VIOLATED)
_13768_/A1                              0.750000    0.752977   -0.002977 (VIOLATED)
_13657_/A1                              0.750000    0.752976   -0.002976 (VIOLATED)
_13731_/A1                              0.750000    0.752976   -0.002976 (VIOLATED)
fanout473/X                             0.750000    0.752976   -0.002976 (VIOLATED)
_10914_/A2                              0.750000    0.752208   -0.002208 (VIOLATED)
_10900_/A2                              0.750000    0.752207   -0.002207 (VIOLATED)
_10903_/A2                              0.750000    0.752207   -0.002207 (VIOLATED)
_10905_/A2                              0.750000    0.752207   -0.002207 (VIOLATED)
_10910_/A2                              0.750000    0.752207   -0.002207 (VIOLATED)
_11121_/A2                              0.750000    0.752207   -0.002207 (VIOLATED)
fanout1932/A                            0.750000    0.752207   -0.002207 (VIOLATED)
fanout1933/X                            0.750000    0.752207   -0.002207 (VIOLATED)
_16383_/B                               0.750000    0.751937   -0.001937 (VIOLATED)
_16022_/A2                              0.750000    0.751934   -0.001934 (VIOLATED)
fanout809/A                             0.750000    0.751932   -0.001932 (VIOLATED)
fanout811/A                             0.750000    0.751922   -0.001922 (VIOLATED)
fanout813/A                             0.750000    0.751922   -0.001922 (VIOLATED)
fanout814/X                             0.750000    0.751922   -0.001922 (VIOLATED)
_16626_/A                               0.750000    0.751498   -0.001498 (VIOLATED)
_16625_/A                               0.750000    0.751498   -0.001498 (VIOLATED)
_12493_/A_N                             0.750000    0.751495   -0.001495 (VIOLATED)
max_cap1403/A                           0.750000    0.751493   -0.001493 (VIOLATED)
_16635_/C_N                             0.750000    0.751492   -0.001492 (VIOLATED)
_10255_/Y                               0.750000    0.751488   -0.001488 (VIOLATED)
_12500_/A1                              0.750000    0.751488   -0.001488 (VIOLATED)
_17845_/A1                              0.750000    0.751361   -0.001361 (VIOLATED)
fanout18/A                              0.750000    0.751360   -0.001360 (VIOLATED)
_18010_/A0                              0.750000    0.751346   -0.001346 (VIOLATED)
fanout19/A                              0.750000    0.751341   -0.001341 (VIOLATED)
_17209_/X                               0.750000    0.751278   -0.001278 (VIOLATED)
fanout2445/A                            0.750000    0.751174   -0.001174 (VIOLATED)
_12031_/S1                              0.750000    0.751168   -0.001168 (VIOLATED)
_12028_/S1                              0.750000    0.751150   -0.001150 (VIOLATED)
load_slew2448/A                         0.750000    0.751145   -0.001145 (VIOLATED)
fanout2441/A                            0.750000    0.751139   -0.001139 (VIOLATED)
fanout2447/X                            0.750000    0.751139   -0.001139 (VIOLATED)
_12739_/A2                              0.750000    0.751129   -0.001129 (VIOLATED)
_12737_/X                               0.750000    0.750913   -0.000913 (VIOLATED)

max fanout

Pin                                   Limit Fanout  Slack
---------------------------------------------------------
clkbuf_2_0_0_clk/X                       10     16     -6 (VIOLATED)
clkbuf_2_1_0_clk/X                       10     16     -6 (VIOLATED)
clkbuf_2_2_0_clk/X                       10     16     -6 (VIOLATED)
clkbuf_2_3_0_clk/X                       10     16     -6 (VIOLATED)
clkbuf_leaf_23_clk/X                     10     12     -2 (VIOLATED)
clkbuf_leaf_278_clk/X                    10     12     -2 (VIOLATED)
clkbuf_leaf_287_clk/X                    10     12     -2 (VIOLATED)
clkbuf_leaf_288_clk/X                    10     12     -2 (VIOLATED)
clkbuf_leaf_6_clk/X                      10     12     -2 (VIOLATED)
clkbuf_leaf_72_clk/X                     10     12     -2 (VIOLATED)
fanout914/X                              10     12     -2 (VIOLATED)
clkbuf_leaf_100_clk/X                    10     11        (VIOLATED)
clkbuf_leaf_110_clk/X                    10     11        (VIOLATED)
clkbuf_leaf_115_clk/X                    10     11        (VIOLATED)
clkbuf_leaf_117_clk/X                    10     11        (VIOLATED)
clkbuf_leaf_118_clk/X                    10     11        (VIOLATED)
clkbuf_leaf_123_clk/X                    10     11        (VIOLATED)
clkbuf_leaf_124_clk/X                    10     11        (VIOLATED)
clkbuf_leaf_128_clk/X                    10     11        (VIOLATED)
clkbuf_leaf_129_clk/X                    10     11        (VIOLATED)
clkbuf_leaf_132_clk/X                    10     11        (VIOLATED)
clkbuf_leaf_134_clk/X                    10     11        (VIOLATED)
clkbuf_leaf_142_clk/X                    10     11        (VIOLATED)
clkbuf_leaf_167_clk/X                    10     11        (VIOLATED)
clkbuf_leaf_171_clk/X                    10     11        (VIOLATED)
clkbuf_leaf_176_clk/X                    10     11        (VIOLATED)
clkbuf_leaf_186_clk/X                    10     11        (VIOLATED)
clkbuf_leaf_188_clk/X                    10     11        (VIOLATED)
clkbuf_leaf_197_clk/X                    10     11        (VIOLATED)
clkbuf_leaf_199_clk/X                    10     11        (VIOLATED)
clkbuf_leaf_1_clk/X                      10     11        (VIOLATED)
clkbuf_leaf_224_clk/X                    10     11        (VIOLATED)
clkbuf_leaf_228_clk/X                    10     11        (VIOLATED)
clkbuf_leaf_243_clk/X                    10     11        (VIOLATED)
clkbuf_leaf_250_clk/X                    10     11        (VIOLATED)
clkbuf_leaf_25_clk/X                     10     11        (VIOLATED)
clkbuf_leaf_27_clk/X                     10     11        (VIOLATED)
clkbuf_leaf_281_clk/X                    10     11        (VIOLATED)
clkbuf_leaf_290_clk/X                    10     11        (VIOLATED)
clkbuf_leaf_312_clk/X                    10     11        (VIOLATED)
clkbuf_leaf_317_clk/X                    10     11        (VIOLATED)
clkbuf_leaf_319_clk/X                    10     11        (VIOLATED)
clkbuf_leaf_322_clk/X                    10     11        (VIOLATED)
clkbuf_leaf_37_clk/X                     10     11        (VIOLATED)
clkbuf_leaf_38_clk/X                     10     11        (VIOLATED)
clkbuf_leaf_39_clk/X                     10     11        (VIOLATED)
clkbuf_leaf_40_clk/X                     10     11        (VIOLATED)
clkbuf_leaf_65_clk/X                     10     11        (VIOLATED)
clkbuf_leaf_68_clk/X                     10     11        (VIOLATED)
clkbuf_leaf_69_clk/X                     10     11        (VIOLATED)
clkbuf_leaf_76_clk/X                     10     11        (VIOLATED)
clkbuf_leaf_78_clk/X                     10     11        (VIOLATED)
clkbuf_leaf_79_clk/X                     10     11        (VIOLATED)
clkbuf_leaf_7_clk/X                      10     11        (VIOLATED)
clkbuf_leaf_82_clk/X                     10     11        (VIOLATED)
clkbuf_leaf_85_clk/X                     10     11        (VIOLATED)
clkbuf_leaf_89_clk/X                     10     11        (VIOLATED)
clkbuf_leaf_90_clk/X                     10     11        (VIOLATED)
fanout232/X                              10     11        (VIOLATED)
fanout265/X                              10     11        (VIOLATED)
fanout332/X                              10     11        (VIOLATED)
fanout426/X                              10     11        (VIOLATED)
fanout457/X                              10     11        (VIOLATED)
fanout474/X                              10     11        (VIOLATED)
fanout588/X                              10     11        (VIOLATED)
fanout856/X                              10     11        (VIOLATED)

max capacitance

Pin                                        Limit         Cap       Slack
------------------------------------------------------------------------
fanout2062/X                            0.094309    0.147313   -0.053004 (VIOLATED)
fanout1999/X                            0.094309    0.144928   -0.050619 (VIOLATED)
fanout1773/X                            0.094309    0.144665   -0.050356 (VIOLATED)
fanout2449/X                            0.094309    0.143077   -0.048768 (VIOLATED)
fanout1634/X                            0.094309    0.142419   -0.048110 (VIOLATED)
fanout2000/X                            0.094309    0.137997   -0.043688 (VIOLATED)
fanout599/X                             0.094309    0.135957   -0.041648 (VIOLATED)
fanout612/X                             0.094309    0.130453   -0.036144 (VIOLATED)
fanout588/X                             0.094309    0.129078   -0.034769 (VIOLATED)
fanout609/X                             0.094309    0.128629   -0.034320 (VIOLATED)
fanout1959/X                            0.094309    0.127322   -0.033013 (VIOLATED)
fanout1627/X                            0.094309    0.126725   -0.032416 (VIOLATED)
fanout578/X                             0.094309    0.124935   -0.030626 (VIOLATED)
fanout614/X                             0.094309    0.124484   -0.030175 (VIOLATED)
fanout551/X                             0.094309    0.124432   -0.030123 (VIOLATED)
fanout913/X                             0.094309    0.123471   -0.029162 (VIOLATED)
fanout855/X                             0.094309    0.122962   -0.028653 (VIOLATED)
fanout972/X                             0.094309    0.122502   -0.028193 (VIOLATED)
clkbuf_2_1_0_clk/X                      0.200000    0.228093   -0.028093 (VIOLATED)
fanout677/X                             0.094309    0.121852   -0.027543 (VIOLATED)
fanout739/X                             0.094309    0.120198   -0.025889 (VIOLATED)
fanout914/X                             0.094309    0.118880   -0.024571 (VIOLATED)
fanout611/X                             0.094309    0.116940   -0.022631 (VIOLATED)
fanout566/X                             0.094309    0.115713   -0.021404 (VIOLATED)
fanout545/X                             0.094309    0.115705   -0.021396 (VIOLATED)
fanout856/X                             0.094309    0.115394   -0.021085 (VIOLATED)
fanout740/X                             0.094309    0.115021   -0.020712 (VIOLATED)
fanout915/X                             0.094309    0.114463   -0.020154 (VIOLATED)
fanout617/X                             0.094309    0.113786   -0.019477 (VIOLATED)
fanout2202/X                            0.094309    0.113171   -0.018862 (VIOLATED)
fanout797/X                             0.094309    0.113027   -0.018718 (VIOLATED)
fanout798/X                             0.094309    0.110862   -0.016553 (VIOLATED)
fanout590/X                             0.094309    0.109630   -0.015321 (VIOLATED)
fanout571/X                             0.094309    0.109222   -0.014913 (VIOLATED)
fanout581/X                             0.094309    0.108983   -0.014674 (VIOLATED)
fanout610/X                             0.094309    0.107940   -0.013631 (VIOLATED)
fanout583/X                             0.094309    0.107723   -0.013414 (VIOLATED)
fanout613/X                             0.094309    0.106996   -0.012687 (VIOLATED)
fanout1977/X                            0.094309    0.106819   -0.012510 (VIOLATED)
clkbuf_2_3_0_clk/X                      0.200000    0.212030   -0.012030 (VIOLATED)
fanout1860/X                            0.094309    0.104789   -0.010480 (VIOLATED)
fanout586/X                             0.094309    0.099663   -0.005354 (VIOLATED)
fanout549/X                             0.094309    0.098733   -0.004424 (VIOLATED)
fanout558/X                             0.094309    0.098591   -0.004282 (VIOLATED)
fanout2251/X                            0.094309    0.096509   -0.002200 (VIOLATED)
fanout2291/X                            0.094309    0.096001   -0.001692 (VIOLATED)
clkbuf_2_0_0_clk/X                      0.200000    0.200199   -0.000200 (VIOLATED)



===========================================================================
report_parasitic_annotation -report_unannotated
============================================================================
Found 230 unannotated drivers.
 ena
 ui_in[7]
 uio_in[0]
 uio_in[1]
 uio_in[2]
 uio_in[3]
 uio_in[4]
 uio_in[5]
 uio_in[6]
 uio_in[7]
 clkload0/X
 clkload1/X
 clkload10/X
 clkload100/Y
 clkload101/X
 clkload102/X
 clkload103/X
 clkload104/X
 clkload105/Y
 clkload106/X
 clkload107/Y
 clkload108/X
 clkload109/X
 clkload11/X
 clkload110/X
 clkload111/X
 clkload112/X
 clkload113/X
 clkload114/X
 clkload115/X
 clkload116/X
 clkload117/X
 clkload118/X
 clkload119/X
 clkload12/X
 clkload120/X
 clkload121/Y
 clkload122/X
 clkload123/Y
 clkload124/X
 clkload125/X
 clkload126/X
 clkload127/X
 clkload128/Y
 clkload129/Y
 clkload13/X
 clkload130/X
 clkload131/X
 clkload132/X
 clkload133/X
 clkload134/X
 clkload135/Y
 clkload136/X
 clkload137/X
 clkload138/X
 clkload139/X
 clkload14/X
 clkload140/X
 clkload141/X
 clkload142/X
 clkload143/X
 clkload144/Y
 clkload145/X
 clkload146/X
 clkload147/X
 clkload148/X
 clkload149/X
 clkload15/X
 clkload150/X
 clkload151/X
 clkload152/X
 clkload153/X
 clkload154/X
 clkload155/X
 clkload156/X
 clkload157/X
 clkload158/X
 clkload159/Y
 clkload16/X
 clkload160/X
 clkload161/X
 clkload162/X
 clkload163/X
 clkload164/X
 clkload165/Y
 clkload166/Y
 clkload167/Y
 clkload168/Y
 clkload169/X
 clkload17/X
 clkload170/X
 clkload171/X
 clkload172/X
 clkload173/X
 clkload174/X
 clkload175/X
 clkload176/Y
 clkload177/X
 clkload178/X
 clkload179/Y
 clkload18/X
 clkload180/X
 clkload181/X
 clkload182/X
 clkload183/Y
 clkload184/X
 clkload185/X
 clkload186/X
 clkload187/X
 clkload188/X
 clkload189/X
 clkload19/X
 clkload190/X
 clkload191/X
 clkload192/X
 clkload193/X
 clkload194/X
 clkload195/Y
 clkload196/X
 clkload197/X
 clkload198/X
 clkload199/X
 clkload2/X
 clkload20/X
 clkload200/Y
 clkload201/X
 clkload202/X
 clkload203/Y
 clkload21/X
 clkload22/X
 clkload23/X
 clkload24/X
 clkload25/X
 clkload26/X
 clkload27/X
 clkload28/X
 clkload29/X
 clkload3/X
 clkload30/X
 clkload31/X
 clkload32/X
 clkload33/X
 clkload34/X
 clkload35/X
 clkload36/X
 clkload37/X
 clkload38/X
 clkload39/X
 clkload4/X
 clkload40/X
 clkload41/X
 clkload42/X
 clkload43/X
 clkload44/X
 clkload45/X
 clkload46/X
 clkload47/X
 clkload48/X
 clkload49/X
 clkload5/X
 clkload50/X
 clkload51/X
 clkload52/X
 clkload53/X
 clkload54/X
 clkload55/X
 clkload56/X
 clkload57/X
 clkload58/X
 clkload59/Y
 clkload6/X
 clkload60/Y
 clkload61/X
 clkload62/X
 clkload63/X
 clkload64/X
 clkload65/X
 clkload66/X
 clkload67/X
 clkload68/X
 clkload69/X
 clkload7/X
 clkload70/X
 clkload71/X
 clkload72/X
 clkload73/X
 clkload74/X
 clkload75/X
 clkload76/X
 clkload77/X
 clkload78/X
 clkload79/X
 clkload8/X
 clkload80/Y
 clkload81/Y
 clkload82/Y
 clkload83/Y
 clkload84/Y
 clkload85/Y
 clkload86/Y
 clkload87/X
 clkload88/X
 clkload89/X
 clkload9/X
 clkload90/X
 clkload91/X
 clkload92/X
 clkload93/Y
 clkload94/Y
 clkload95/X
 clkload96/X
 clkload97/X
 clkload98/X
 clkload99/X
 tt_um_cleave/HI
 tt_um_cleave_2523/HI
 tt_um_cleave_2524/HI
 tt_um_cleave_2525/HI
 tt_um_cleave_2526/HI
 tt_um_cleave_2527/HI
 tt_um_cleave_2528/HI
 tt_um_cleave_2529/HI
 tt_um_cleave_2530/HI
 tt_um_cleave_2531/HI
 tt_um_cleave_2532/HI
 tt_um_cleave_2533/HI
 tt_um_cleave_2534/HI
 tt_um_cleave_2535/HI
 tt_um_cleave_2536/HI
 tt_um_cleave_2537/HI
Found 0 partially unannotated drivers.

===========================================================================
max slew violation count 4443
max fanout violation count 66
max cap violation count 47
============================================================================

===========================================================================
check_setup -verbose -unconstrained_endpoints -multiple_clock -no_clock -no_input_delay -loops -generated_clocks
===========================================================================
