Qflow route logfile created on Tue Sep 1 15:46:16 +03 2026
qrouter -nog  -s tt_um_cleave.cfg
Qrouter detail maze router version 1.4.90.T
Reading LEF data from file /home/nitro/work/open_pdks/open_pdks/root/volare/sky130/build/c6d73a35f524070e85faff4a6a9eef49553ebc2b/sky130A/libs.ref/sky130_fd_sc_hd/techlef/sky130_fd_sc_hd__nom.tlef.
LEF file:  Defines site unithd (ignored)
LEF file:  Defines site unithddbl (ignored)
LEF Read, Line 83: Unknown keyword "ANTENNADIFFSIDEAREARATIO" in LEF file; ignoring.
LEF Read, Line 116: Unknown keyword "MINENCLOSEDAREA" in LEF file; ignoring.
LEF Read, Line 119: Unknown keyword "ANTENNADIFFSIDEAREARATIO" in LEF file; ignoring.
LEF Read, Line 125: Unknown keyword "MAXIMUMDENSITY" in LEF file; ignoring.
LEF Read, Line 126: Unknown keyword "DENSITYCHECKWINDOW" in LEF file; ignoring.
LEF Read, Line 127: Unknown keyword "DENSITYCHECKSTEP" in LEF file; ignoring.
LEF Read, Line 160: Unknown keyword "MINENCLOSEDAREA" in LEF file; ignoring.
LEF Read, Line 169: Unknown keyword "ANTENNADIFFSIDEAREARATIO" in LEF file; ignoring.
LEF Read, Line 171: Unknown keyword "MAXIMUMDENSITY" in LEF file; ignoring.
LEF Read, Line 172: Unknown keyword "DENSITYCHECKWINDOW" in LEF file; ignoring.
LEF Read, Line 173: Unknown keyword "DENSITYCHECKSTEP" in LEF file; ignoring.
LEF Read, Line 211: Unknown keyword "ANTENNADIFFSIDEAREARATIO" in LEF file; ignoring.
LEF Read, Line 213: Unknown keyword "MAXIMUMDENSITY" in LEF file; ignoring.
LEF Read, Line 214: Unknown keyword "DENSITYCHECKWINDOW" in LEF file; ignoring.
LEF Read, Line 215: Unknown keyword "DENSITYCHECKSTEP" in LEF file; ignoring.
LEF Read, Line 253: Unknown keyword "ANTENNADIFFSIDEAREARATIO" in LEF file; ignoring.
LEF Read, Line 255: Unknown keyword "MAXIMUMDENSITY" in LEF file; ignoring.
LEF Read, Line 256: Unknown keyword "DENSITYCHECKWINDOW" in LEF file; ignoring.
LEF Read, Line 257: Unknown keyword "DENSITYCHECKSTEP" in LEF file; ignoring.
LEF Read, Line 295: Unknown keyword "ANTENNADIFFSIDEAREARATIO" in LEF file; ignoring.
LEF read: Processed 801 lines.
LEF Read: encountered 0 errors and 20 warnings total.
Horizontal route layer at non-minimum pitch 0.68.  Using smaller pitch 0.34, will route on 1-of-2 tracks for layer met3.
Vertical route layer at non-minimum pitch 0.92.  Using smaller pitch 0.46, will route on 1-of-2 tracks for layer met4.
Horizontal route layer at non-minimum pitch 0.68.  Using smaller pitch 0.34, will route on 1-of-2 tracks for layer met4.
Vertical route layer at non-minimum pitch 0.92.  Using smaller pitch 0.46, will route on 1-of-2 tracks for layer met5.
Horizontal route layer at non-minimum pitch 3.4.  Using smaller pitch 0.34, will route on 1-of-10 tracks for layer met5.
Reading LEF data from file /home/nitro/work/open_pdks/open_pdks/root/volare/sky130/build/c6d73a35f524070e85faff4a6a9eef49553ebc2b/sky130A/libs.ref/sky130_fd_sc_hd/lef/sky130_fd_sc_hd.lef.
LEF Read, Line 863: Don't know how to parse layer "pwell"
LEF Read, Line 873: Don't know how to parse layer "nwell"
LEF Read, Line 988: Don't know how to parse layer "pwell"
LEF Read, Line 998: Don't know how to parse layer "nwell"
LEF Read, Line 1120: Don't know how to parse layer "pwell"
LEF Read, Line 1129: Don't know how to parse layer "nwell"
LEF Read, Line 1274: Don't know how to parse layer "pwell"
LEF Read, Line 1283: Don't know how to parse layer "nwell"
LEF Read, Line 1389: Don't know how to parse layer "pwell"
LEF Read, Line 1398: Don't know how to parse layer "nwell"
LEF Read, Line 1521: Don't know how to parse layer "pwell"
LEF Read, Line 1530: Don't know how to parse layer "nwell"
LEF Read, Line 1664: Don't know how to parse layer "pwell"
LEF Read, Line 1672: Don't know how to parse layer "nwell"
LEF Read, Line 1695: Don't know how to parse layer "pwell"
LEF Read, Line 1772: Don't know how to parse layer "pwell"
LEF Read, Line 1781: Don't know how to parse layer "nwell"
LEF Read, Line 1891: Don't know how to parse layer "pwell"
LEF Read, Line 1900: Don't know how to parse layer "nwell"
LEF Read, Line 2014: Don't know how to parse layer "pwell"
LEF Read, Line 2023: Don't know how to parse layer "nwell"
LEF Read, Line 2115: Don't know how to parse layer "pwell"
LEF Read, Line 2126: Don't know how to parse layer "nwell"
LEF Read, Line 2223: Don't know how to parse layer "pwell"
LEF Read, Line 2234: Don't know how to parse layer "nwell"
LEF Read, Line 2335: Don't know how to parse layer "pwell"
LEF Read, Line 2344: Don't know how to parse layer "nwell"
LEF Read, Line 2460: Don't know how to parse layer "pwell"
LEF Read, Line 2469: Don't know how to parse layer "nwell"
LEF Read, Line 2559: Don't know how to parse layer "pwell"
LEF Read, Line 2569: Don't know how to parse layer "nwell"
LEF Read, Line 2668: Don't know how to parse layer "pwell"
LEF Read, Line 2677: Don't know how to parse layer "nwell"
LEF Read, Line 2786: Don't know how to parse layer "pwell"
LEF Read, Line 2795: Don't know how to parse layer "nwell"
LEF Read, Line 2887: Don't know how to parse layer "pwell"
LEF Read, Line 2896: Don't know how to parse layer "nwell"
LEF Read, Line 2992: Don't know how to parse layer "pwell"
LEF Read, Line 3001: Don't know how to parse layer "nwell"
LEF Read, Line 3120: Don't know how to parse layer "pwell"
LEF Read, Line 3129: Don't know how to parse layer "nwell"
LEF Read, Line 3242: Don't know how to parse layer "pwell"
LEF Read, Line 3251: Don't know how to parse layer "nwell"
LEF Read, Line 3362: Don't know how to parse layer "pwell"
LEF Read, Line 3371: Don't know how to parse layer "nwell"
LEF Read, Line 3496: Don't know how to parse layer "pwell"
LEF Read, Line 3505: Don't know how to parse layer "nwell"
LEF Read, Line 3610: Don't know how to parse layer "pwell"
LEF Read, Line 3619: Don't know how to parse layer "nwell"
LEF Read, Line 3730: Don't know how to parse layer "pwell"
LEF Read, Line 3739: Don't know how to parse layer "nwell"
LEF Read, Line 3862: Don't know how to parse layer "pwell"
LEF Read, Line 3871: Don't know how to parse layer "nwell"
LEF Read, Line 3981: Don't know how to parse layer "pwell"
LEF Read, Line 3990: Don't know how to parse layer "nwell"
LEF Read, Line 4105: Don't know how to parse layer "pwell"
LEF Read, Line 4114: Don't know how to parse layer "nwell"
LEF Read, Line 4234: Don't know how to parse layer "pwell"
LEF Read, Line 4243: Don't know how to parse layer "nwell"
LEF Read, Line 4343: Don't know how to parse layer "pwell"
LEF Read, Line 4352: Don't know how to parse layer "nwell"
LEF Read, Line 4458: Don't know how to parse layer "pwell"
LEF Read, Line 4467: Don't know how to parse layer "nwell"
LEF Read, Line 4594: Don't know how to parse layer "pwell"
LEF Read, Line 4603: Don't know how to parse layer "nwell"
LEF Read, Line 4724: Don't know how to parse layer "pwell"
LEF Read, Line 4733: Don't know how to parse layer "nwell"
LEF Read, Line 4852: Don't know how to parse layer "pwell"
LEF Read, Line 4861: Don't know how to parse layer "nwell"
LEF Read, Line 5002: Don't know how to parse layer "pwell"
LEF Read, Line 5011: Don't know how to parse layer "nwell"
LEF Read, Line 5122: Don't know how to parse layer "pwell"
LEF Read, Line 5131: Don't know how to parse layer "nwell"
LEF Read, Line 5260: Don't know how to parse layer "pwell"
LEF Read, Line 5269: Don't know how to parse layer "nwell"
LEF Read, Line 5404: Don't know how to parse layer "pwell"
LEF Read, Line 5413: Don't know how to parse layer "nwell"
LEF Read, Line 5529: Don't know how to parse layer "pwell"
LEF Read, Line 5538: Don't know how to parse layer "nwell"
LEF Read, Line 5653: Don't know how to parse layer "pwell"
LEF Read, Line 5662: Don't know how to parse layer "nwell"
LEF Read, Line 5798: Don't know how to parse layer "pwell"
LEF Read, Line 5808: Don't know how to parse layer "nwell"
LEF Read, Line 5917: Don't know how to parse layer "pwell"
LEF Read, Line 5926: Don't know how to parse layer "nwell"
LEF Read, Line 6048: Don't know how to parse layer "pwell"
LEF Read, Line 6057: Don't know how to parse layer "nwell"
LEF Read, Line 6187: Don't know how to parse layer "pwell"
LEF Read, Line 6196: Don't know how to parse layer "nwell"
LEF Read, Line 6297: Don't know how to parse layer "pwell"
LEF Read, Line 6306: Don't know how to parse layer "nwell"
LEF Read, Line 6415: Don't know how to parse layer "pwell"
LEF Read, Line 6423: Don't know how to parse layer "nwell"
LEF Read, Line 6453: Don't know how to parse layer "pwell"
LEF Read, Line 6548: Don't know how to parse layer "pwell"
LEF Read, Line 6557: Don't know how to parse layer "nwell"
LEF Read, Line 6656: Don't know how to parse layer "pwell"
LEF Read, Line 6665: Don't know how to parse layer "nwell"
LEF Read, Line 6785: Don't know how to parse layer "pwell"
LEF Read, Line 6794: Don't know how to parse layer "nwell"
LEF Read:  Further errors/warnings will not be reported.
LEF read: Processed 57337 lines.
LEF Read: encountered 910 errors and 0 warnings total.
Warning: Via name L1M1_PR_1 has already been defined!
Warning: Via name L1M1_PR_R_1 has already been defined!
Warning: Via name L1M1_PR_M_1 has already been defined!
Warning: Via name L1M1_PR_MR_1 has already been defined!
Warning: Via name M1M2_PR_1 has already been defined!
Warning: Via name M1M2_PR_1 has already been defined!
Warning: Via name M1M2_PR_1 has already been defined!
Warning: Via name M1M2_PR_R_1 has already been defined!
Warning: Via name M1M2_PR_R_1 has already been defined!
Warning: Via name M1M2_PR_R_1 has already been defined!
Warning: Via name M1M2_PR_M_1 has already been defined!
Warning: Via name M1M2_PR_M_1 has already been defined!
Warning: Via name M1M2_PR_M_1 has already been defined!
Warning: Via name M1M2_PR_MR_1 has already been defined!
Warning: Via name M1M2_PR_MR_1 has already been defined!
Warning: Via name M1M2_PR_MR_1 has already been defined!
Warning: Via name M2M3_PR_1 has already been defined!
Warning: Via name M2M3_PR_R_1 has already been defined!
Warning: Via name M2M3_PR_M_1 has already been defined!
Warning: Via name M2M3_PR_MR_1 has already been defined!
Warning: Via name M3M4_PR_1 has already been defined!
Warning: Via name M3M4_PR_R_1 has already been defined!
Warning: Via name M3M4_PR_M_1 has already been defined!
Warning: Via name M3M4_PR_MR_1 has already been defined!
Warning: Via name M3M4_PR_MR_1 has already been defined!
Warning: Via name M3M4_PR_M_1 has already been defined!
Warning: Via name M3M4_PR_R_1 has already been defined!
Warning: Via name M3M4_PR_1 has already been defined!
Warning: Via name M2M3_PR_MR_1 has already been defined!
Warning: Via name M2M3_PR_M_1 has already been defined!
Warning: Via name M2M3_PR_R_1 has already been defined!
Warning: Via name M2M3_PR_1 has already been defined!
Warning: Via name M1M2_PR_MR_1 has already been defined!
Warning: Via name M1M2_PR_M_1 has already been defined!
Warning: Via name M1M2_PR_R_1 has already been defined!
Warning: Via name M1M2_PR_1 has already been defined!
Warning: Via name L1M1_PR_MR_1 has already been defined!
Warning: Via name L1M1_PR_M_1 has already been defined!
Warning: Via name L1M1_PR_R_1 has already been defined!
Warning: Via name L1M1_PR_1 has already been defined!
Horizontal route layer at non-minimum pitch 0.68.  Using smaller pitch 0.34, will route on 1-of-2 tracks for layer met3.
Vertical route layer at non-minimum pitch 0.92.  Using smaller pitch 0.46, will route on 1-of-2 tracks for layer met4.
Horizontal route layer at non-minimum pitch 0.68.  Using smaller pitch 0.34, will route on 1-of-2 tracks for layer met4.
Vertical route layer at non-minimum pitch 0.92.  Using smaller pitch 0.46, will route on 1-of-2 tracks for layer met5.
Horizontal route layer at non-minimum pitch 3.4.  Using smaller pitch 0.34, will route on 1-of-10 tracks for layer met5.
Reading DEF data from file tt_um_cleave.def.
Diagnostic: Design name: "tt_um_cleave"
  Processed 3 vias total.
  Processed 153023 subcell instances total.
  Processed 45 pins total.
  Processed 22650 nets total (0 fixed).
  Processed 2 special nets total (4 fixed).
DEF read: Processed 258086 lines.
Output scale = microns / 200, precision 1
There are 22652 nets in this design.
*** Running stage1 routing with defaults
Finished routing net clk_hier0_bF$buf13
Nets remaining: 22651
Finished routing net _4802__bF$buf9
Nets remaining: 22650
Finished routing net _4802__bF$buf10
Nets remaining: 22649
Finished routing net _4802__bF$buf11
Nets remaining: 22648
Finished routing net _4802__bF$buf12
Nets remaining: 22647
Finished routing net _4802__bF$buf13
Nets remaining: 22646
Finished routing net _4802__bF$buf14
Nets remaining: 22645
Finished routing net _10450__bF$buf0
Nets remaining: 22644
Finished routing net _10450__bF$buf1
Nets remaining: 22643
Finished routing net _10450__bF$buf2
Nets remaining: 22642
Finished routing net _10450__bF$buf3
Nets remaining: 22641
Finished routing net _10450__bF$buf4
Nets remaining: 22640
Finished routing net _10450__bF$buf5
Nets remaining: 22639
Finished routing net _10450__bF$buf6
Nets remaining: 22638
Finished routing net _10450__bF$buf7
Nets remaining: 22637
Finished routing net _10450__bF$buf8
Nets remaining: 22636
Finished routing net _10450__bF$buf9
Nets remaining: 22635
Finished routing net _10450__bF$buf10
Nets remaining: 22634
Finished routing net _10450__bF$buf11
Nets remaining: 22633
Finished routing net _10450__bF$buf12
Nets remaining: 22632
Finished routing net _10450__bF$buf13
Nets remaining: 22631
Finished routing net _4807__bF$buf8
Nets remaining: 22630
Finished routing net _4807__bF$buf9
Nets remaining: 22629
Finished routing net _4807__bF$buf10
Nets remaining: 22628
Finished routing net _4807__bF$buf11
Nets remaining: 22627
Finished routing net _4807__bF$buf12
Nets remaining: 22626
Finished routing net _4807__bF$buf13
Nets remaining: 22625
Finished routing net _4807__bF$buf14
Nets remaining: 22624
Finished routing net _4792__bF$buf8
Nets remaining: 22623
Finished routing net _4792__bF$buf9
Nets remaining: 22622
Finished routing net _4792__bF$buf10
Nets remaining: 22621
Finished routing net _4792__bF$buf11
Nets remaining: 22620
Finished routing net _4792__bF$buf12
Nets remaining: 22619
Finished routing net _4792__bF$buf13
Nets remaining: 22618
Finished routing net _4792__bF$buf14
Nets remaining: 22617
Finished routing net _14173__bF$buf0
Nets remaining: 22616
Finished routing net _14173__bF$buf1
Nets remaining: 22615
Finished routing net _14173__bF$buf2
Nets remaining: 22614
Finished routing net _14173__bF$buf3
Nets remaining: 22613
Finished routing net _14173__bF$buf4
Nets remaining: 22612
Finished routing net _14173__bF$buf5
Nets remaining: 22611
Finished routing net _14173__bF$buf6
Nets remaining: 22610
Finished routing net _14173__bF$buf7
Nets remaining: 22609
Finished routing net _14173__bF$buf8
Nets remaining: 22608
Finished routing net _14173__bF$buf9
Nets remaining: 22607
Finished routing net _14173__bF$buf10
Nets remaining: 22606
Finished routing net _14173__bF$buf11
Nets remaining: 22605
Finished routing net _14173__bF$buf12
Nets remaining: 22604
Finished routing net _14173__bF$buf13
Nets remaining: 22603
Failed to route net \u_core.alu_res_2_bF$buf13\
Finished routing net _12471__bF$buf0
Nets remaining: 22602
Finished routing net _12471__bF$buf1
Nets remaining: 22601
Finished routing net _12471__bF$buf2
Nets remaining: 22600
Finished routing net _12471__bF$buf3
Nets remaining: 22599
Finished routing net _12471__bF$buf4
Nets remaining: 22598
Finished routing net _12471__bF$buf5
Nets remaining: 22597
Finished routing net _12471__bF$buf6
Nets remaining: 22596
Finished routing net _12471__bF$buf7
Nets remaining: 22595
Finished routing net _12471__bF$buf8
Nets remaining: 22594
Finished routing net _12471__bF$buf9
Nets remaining: 22593
Finished routing net _12471__bF$buf10
Nets remaining: 22592
Finished routing net _12471__bF$buf11
Nets remaining: 22591
Finished routing net _12471__bF$buf12
Nets remaining: 22590
Finished routing net _12471__bF$buf13
Nets remaining: 22589
Failed to route net \u_core.pc\[3]
Finished routing net _322_
Nets remaining: 22588
Finished routing net _6765_
Nets remaining: 22587
Finished routing net _6848_
Nets remaining: 22586
Finished routing net _6922_
Nets remaining: 22585
Finished routing net _6934_
Nets remaining: 22584
Finished routing net _6947_
Nets remaining: 22583
Finished routing net _6965_
Nets remaining: 22582
Finished routing net _6975_
Nets remaining: 22581
Finished routing net _6990_
Nets remaining: 22580
Finished routing net _6991_
Nets remaining: 22579
Finished routing net _7062_
Nets remaining: 22578
Finished routing net _7074_
Nets remaining: 22577
Finished routing net _7109_
Nets remaining: 22576
Finished routing net _7138_
Nets remaining: 22575
Finished routing net _7193_
Nets remaining: 22574
Finished routing net _7229_
Nets remaining: 22573
Finished routing net _7257_
Nets remaining: 22572
Finished routing net _7266_
Nets remaining: 22571
Finished routing net _7293_
Nets remaining: 22570
Finished routing net _7319_
Nets remaining: 22569
Finished routing net _7331_
Nets remaining: 22568
Finished routing net _7357_
Nets remaining: 22567
Finished routing net _7368_
Nets remaining: 22566
Finished routing net _7396_
Nets remaining: 22565
Finished routing net _7412_
Nets remaining: 22564
Finished routing net _7438_
Nets remaining: 22563
Finished routing net _7456_
Nets remaining: 22562
Finished routing net _7484_
Nets remaining: 22561
Finished routing net _7512_
Nets remaining: 22560
Finished routing net _7528_
Nets remaining: 22559
Finished routing net _7555_
Nets remaining: 22558
Finished routing net _7564_
Nets remaining: 22557
Finished routing net _7591_
Nets remaining: 22556
Finished routing net _7600_
Nets remaining: 22555
Finished routing net _7626_
Nets remaining: 22554
Finished routing net _7635_
Nets remaining: 22553
Finished routing net _7662_
Nets remaining: 22552
Finished routing net _7671_
Nets remaining: 22551
Finished routing net _7698_
Nets remaining: 22550
Finished routing net _7708_
Nets remaining: 22549
Finished routing net _7735_
Nets remaining: 22548
Finished routing net _7745_
Nets remaining: 22547
Finished routing net _7772_
Nets remaining: 22546
Finished routing net _7782_
Nets remaining: 22545
Finished routing net _7809_
Nets remaining: 22544
Finished routing net _7819_
Nets remaining: 22543
Finished routing net _7846_
Nets remaining: 22542
Finished routing net _7859_
Nets remaining: 22541
Finished routing net _7893_
Nets remaining: 22540
Finished routing net _7920_
Nets remaining: 22539
Finished routing net _7930_
Nets remaining: 22538
Finished routing net _7956_
Nets remaining: 22537
Finished routing net _7966_
Nets remaining: 22536
Finished routing net _7993_
Nets remaining: 22535
Finished routing net _8004_
Nets remaining: 22534
Finished routing net _8031_
Nets remaining: 22533
Finished routing net _8042_
Nets remaining: 22532
Finished routing net _8070_
Nets remaining: 22531
Finished routing net _8087_
Nets remaining: 22530
Finished routing net _8114_
Nets remaining: 22529
Finished routing net _8124_
Nets remaining: 22528
Finished routing net _8152_
Nets remaining: 22527
Finished routing net _8169_
Nets remaining: 22526
Finished routing net _8196_
Nets remaining: 22525
Finished routing net _8206_
Nets remaining: 22524
Finished routing net _8233_
Nets remaining: 22523
Finished routing net _8243_
Nets remaining: 22522
Finished routing net _8269_
Nets remaining: 22521
Finished routing net _8280_
Nets remaining: 22520
Finished routing net _8307_
Nets remaining: 22519
Finished routing net _8334_
Nets remaining: 22518
Finished routing net _8344_
Nets remaining: 22517
Finished routing net _8371_
Nets remaining: 22516
Finished routing net _8381_
Nets remaining: 22515
Finished routing net _8408_
Nets remaining: 22514
Finished routing net _8418_
Nets remaining: 22513
Finished routing net _8445_
Nets remaining: 22512
Finished routing net _8455_
Nets remaining: 22511
Finished routing net _8482_
Nets remaining: 22510
Finished routing net _8492_
Nets remaining: 22509
Finished routing net _8519_
Nets remaining: 22508
Finished routing net _8529_
Nets remaining: 22507
Finished routing net _8556_
Nets remaining: 22506
Finished routing net _8566_
Nets remaining: 22505
Finished routing net _8592_
Nets remaining: 22504
Finished routing net _8602_
Nets remaining: 22503
Finished routing net _8629_
Nets remaining: 22502
Finished routing net _8639_
Nets remaining: 22501
Finished routing net _8666_
Nets remaining: 22500
Finished routing net _8679_
Nets remaining: 22499
Finished routing net _8713_
Nets remaining: 22498
Finished routing net _8740_
Nets remaining: 22497
Finished routing net _8750_
Nets remaining: 22496
Finished routing net _8777_
Nets remaining: 22495
Finished routing net _8787_
Nets remaining: 22494
Finished routing net _8814_
Nets remaining: 22493
Finished routing net _8824_
Nets remaining: 22492
Finished routing net _8851_
Nets remaining: 22491
Finished routing net _8861_
Nets remaining: 22490
Finished routing net _8888_
Nets remaining: 22489
Finished routing net _8898_
Nets remaining: 22488
Finished routing net _8924_
Nets remaining: 22487
Finished routing net _8934_
Nets remaining: 22486
Finished routing net _8943_
Nets remaining: 22485
Finished routing net _8969_
Nets remaining: 22484
Finished routing net _8979_
Nets remaining: 22483
Finished routing net _9006_
Nets remaining: 22482
Finished routing net _9016_
Nets remaining: 22481
Finished routing net _9043_
Nets remaining: 22480
Finished routing net _9052_
Nets remaining: 22479
Finished routing net _9078_
Nets remaining: 22478
Finished routing net _9089_
Nets remaining: 22477
Finished routing net _9115_
Nets remaining: 22476
Finished routing net _4373_
Nets remaining: 22475
Finished routing net _4382_
Nets remaining: 22474
Finished routing net _4408_
Nets remaining: 22473
Finished routing net _4418_
Nets remaining: 22472
Finished routing net _4445_
Nets remaining: 22471
Finished routing net _4455_
Nets remaining: 22470
Finished routing net _4481_
Nets remaining: 22469
Finished routing net _4492_
Nets remaining: 22468
Finished routing net _4520_
Nets remaining: 22467
Finished routing net _4554_
Nets remaining: 22466
Finished routing net _4589_
Nets remaining: 22465
Finished routing net _4615_
Nets remaining: 22464
Finished routing net _4639_
Nets remaining: 22463
Finished routing net _4671_
Nets remaining: 22462
Finished routing net _4702_
Nets remaining: 22461
Finished routing net _4733_
Nets remaining: 22460
Finished routing net _4757_
Nets remaining: 22459
Finished routing net _4766_
Nets remaining: 22458
Finished routing net _4778_
Nets remaining: 22457
Finished routing net clk
Nets remaining: 22456
Finished routing net clk_hier0_bF$buf0
Nets remaining: 22455
Finished routing net clk_hier0_bF$buf1
Nets remaining: 22454
Finished routing net clk_hier0_bF$buf2
Nets remaining: 22453
Finished routing net clk_hier0_bF$buf3
Nets remaining: 22452
Finished routing net clk_hier0_bF$buf4
Nets remaining: 22451
Finished routing net clk_hier0_bF$buf5
Nets remaining: 22450
Finished routing net clk_hier0_bF$buf6
Nets remaining: 22449
Finished routing net clk_hier0_bF$buf7
Nets remaining: 22448
Finished routing net clk_hier0_bF$buf8
Nets remaining: 22447
Finished routing net clk_hier0_bF$buf9
Nets remaining: 22446
Finished routing net clk_hier0_bF$buf10
Nets remaining: 22445
Finished routing net clk_hier0_bF$buf11
Nets remaining: 22444
Finished routing net clk_hier0_bF$buf12
Nets remaining: 22443
Finished routing net _4802_
Nets remaining: 22442
Finished routing net _4802__bF$buf0
Nets remaining: 22441
Finished routing net _4802__bF$buf1
Nets remaining: 22440
Finished routing net _4802__bF$buf2
Nets remaining: 22439
Finished routing net _4802__bF$buf3
Nets remaining: 22438
Finished routing net _4802__bF$buf4
Nets remaining: 22437
Finished routing net _4802__bF$buf5
Nets remaining: 22436
Finished routing net _4802__bF$buf6
Nets remaining: 22435
Finished routing net _4802__bF$buf7
Nets remaining: 22434
Finished routing net _4802__bF$buf8
Nets remaining: 22433
Finished routing net _4806__bF$buf11
Nets remaining: 22432
Finished routing net _4806__bF$buf12
Nets remaining: 22431
Finished routing net _14178__bF$buf3
Nets remaining: 22430
Finished routing net _14178__bF$buf4
Nets remaining: 22429
Finished routing net _14178__bF$buf5
Nets remaining: 22428
Finished routing net _14178__bF$buf6
Nets remaining: 22427
Finished routing net _14178__bF$buf7
Nets remaining: 22426
Finished routing net _14178__bF$buf8
Nets remaining: 22425
Finished routing net _14178__bF$buf9
Nets remaining: 22424
Finished routing net _14178__bF$buf10
Nets remaining: 22423
Finished routing net _14178__bF$buf11
Nets remaining: 22422
Finished routing net _14178__bF$buf12
Nets remaining: 22421
Finished routing net _12476__bF$buf3
Nets remaining: 22420
Finished routing net _12476__bF$buf4
Nets remaining: 22419
Finished routing net _12476__bF$buf5
Nets remaining: 22418
Finished routing net _12476__bF$buf6
Nets remaining: 22417
Finished routing net _12476__bF$buf7
Nets remaining: 22416
Finished routing net _12476__bF$buf8
Nets remaining: 22415
Finished routing net _12476__bF$buf9
Nets remaining: 22414
Finished routing net _12476__bF$buf10
Nets remaining: 22413
Finished routing net _12476__bF$buf11
Nets remaining: 22412
Finished routing net _12476__bF$buf12
Nets remaining: 22411
Finished routing net _4804__bF$buf6
Nets remaining: 22410
Finished routing net _4804__bF$buf7
Nets remaining: 22409
Finished routing net _4804__bF$buf8
Nets remaining: 22408
Finished routing net _4804__bF$buf9
Nets remaining: 22407
Finished routing net _4804__bF$buf10
Nets remaining: 22406
Finished routing net _4804__bF$buf11
Nets remaining: 22405
Finished routing net _4804__bF$buf12
Nets remaining: 22404
Finished routing net _4807_
Nets remaining: 22403
Finished routing net _4807__bF$buf0
Nets remaining: 22402
Finished routing net _4807__bF$buf1
Nets remaining: 22401
Finished routing net _4807__bF$buf2
Nets remaining: 22400
Finished routing net _4807__bF$buf3
Nets remaining: 22399
Finished routing net _4807__bF$buf4
Nets remaining: 22398
Finished routing net _4807__bF$buf5
Nets remaining: 22397
Finished routing net _4807__bF$buf6
Nets remaining: 22396
Finished routing net _4807__bF$buf7
Nets remaining: 22395
Finished routing net _4792_
Nets remaining: 22394
Finished routing net _4792__bF$buf0
Nets remaining: 22393
Finished routing net _4792__bF$buf1
Nets remaining: 22392
Finished routing net _4792__bF$buf2
Nets remaining: 22391
Finished routing net _4792__bF$buf3
Nets remaining: 22390
Finished routing net _4792__bF$buf4
Nets remaining: 22389
Finished routing net _4792__bF$buf5
Nets remaining: 22388
Finished routing net _4792__bF$buf6
Nets remaining: 22387
Finished routing net _4792__bF$buf7
Nets remaining: 22386
Finished routing net _10457__bF$buf3
Nets remaining: 22385
Finished routing net _10457__bF$buf4
Nets remaining: 22384
Finished routing net _10457__bF$buf5
Nets remaining: 22383
Finished routing net _10457__bF$buf6
Nets remaining: 22382
Finished routing net _10457__bF$buf7
Nets remaining: 22381
Finished routing net _10457__bF$buf8
Nets remaining: 22380
Finished routing net _10457__bF$buf9
Nets remaining: 22379
Finished routing net _10457__bF$buf10
Nets remaining: 22378
Finished routing net _10457__bF$buf11
Nets remaining: 22377
Finished routing net _10457__bF$buf12
Nets remaining: 22376
Finished routing net _4798__bF$buf7
Nets remaining: 22375
Finished routing net _4798__bF$buf8
Nets remaining: 22374
Finished routing net _4798__bF$buf9
Nets remaining: 22373
Failed to route net _4798__bF$buf10
Finished routing net _4798__bF$buf11
Nets remaining: 22372
Finished routing net _4798__bF$buf12
Nets remaining: 22371
Finished routing net clk_bF$buf93
Nets remaining: 22370
Finished routing net clk_bF$buf94
Nets remaining: 22369
Finished routing net clk_bF$buf95
Nets remaining: 22368
Finished routing net clk_bF$buf96
Nets remaining: 22367
Finished routing net clk_bF$buf97
Nets remaining: 22366
Finished routing net clk_bF$buf98
Nets remaining: 22365
Finished routing net clk_bF$buf99
Nets remaining: 22364
Finished routing net clk_bF$buf100
Nets remaining: 22363
Finished routing net clk_bF$buf101
Nets remaining: 22362
Finished routing net clk_bF$buf102
Nets remaining: 22361
Finished routing net clk_bF$buf103
Nets remaining: 22360
Finished routing net clk_bF$buf104
Nets remaining: 22359
Finished routing net clk_bF$buf105
Nets remaining: 22358
Finished routing net clk_bF$buf106
Nets remaining: 22357
Finished routing net clk_bF$buf107
Nets remaining: 22356
Finished routing net clk_bF$buf108
Nets remaining: 22355
Finished routing net clk_bF$buf109
Nets remaining: 22354
Finished routing net clk_bF$buf110
Nets remaining: 22353
Finished routing net clk_bF$buf111
Nets remaining: 22352
Finished routing net clk_bF$buf112
Nets remaining: 22351
Finished routing net clk_bF$buf113
Nets remaining: 22350
Finished routing net clk_bF$buf114
Nets remaining: 22349
Finished routing net clk_bF$buf115
Nets remaining: 22348
Finished routing net clk_bF$buf116
Nets remaining: 22347
Finished routing net clk_bF$buf117
Nets remaining: 22346
Finished routing net clk_bF$buf118
Nets remaining: 22345
Finished routing net clk_bF$buf119
Nets remaining: 22344
Finished routing net clk_bF$buf120
Nets remaining: 22343
Finished routing net clk_bF$buf121
Nets remaining: 22342
Finished routing net clk_bF$buf122
Nets remaining: 22341
Finished routing net clk_bF$buf123
Nets remaining: 22340
Finished routing net clk_bF$buf124
Nets remaining: 22339
Finished routing net clk_bF$buf125
Nets remaining: 22338
Finished routing net clk_bF$buf126
Nets remaining: 22337
Finished routing net clk_bF$buf127
Nets remaining: 22336
Finished routing net clk_bF$buf128
Nets remaining: 22335
Finished routing net clk_bF$buf129
Nets remaining: 22334
Finished routing net clk_bF$buf130
Nets remaining: 22333
Finished routing net clk_bF$buf131
Nets remaining: 22332
Finished routing net clk_bF$buf132
Nets remaining: 22331
Finished routing net clk_bF$buf133
Nets remaining: 22330
Finished routing net clk_bF$buf134
Nets remaining: 22329
Finished routing net clk_bF$buf135
Nets remaining: 22328
Finished routing net clk_bF$buf136
Nets remaining: 22327
Finished routing net clk_bF$buf137
Nets remaining: 22326
Finished routing net clk_bF$buf138
Nets remaining: 22325
Finished routing net clk_bF$buf139
Nets remaining: 22324
Finished routing net clk_bF$buf140
Nets remaining: 22323
Finished routing net clk_bF$buf141
Nets remaining: 22322
Finished routing net clk_bF$buf142
Nets remaining: 22321
Finished routing net clk_bF$buf143
Nets remaining: 22320
Finished routing net clk_bF$buf144
Nets remaining: 22319
Finished routing net clk_bF$buf145
Nets remaining: 22318
Finished routing net clk_bF$buf146
Nets remaining: 22317
Finished routing net clk_bF$buf147
Nets remaining: 22316
Finished routing net clk_bF$buf148
Nets remaining: 22315
Finished routing net clk_bF$buf149
Nets remaining: 22314
Finished routing net clk_bF$buf150
Nets remaining: 22313
Finished routing net clk_bF$buf151
Nets remaining: 22312
Finished routing net clk_bF$buf152
Nets remaining: 22311
Finished routing net clk_bF$buf153
Nets remaining: 22310
Finished routing net clk_bF$buf154
Nets remaining: 22309
Finished routing net clk_bF$buf155
Nets remaining: 22308
Finished routing net clk_bF$buf156
Nets remaining: 22307
Finished routing net clk_bF$buf157
Nets remaining: 22306
Finished routing net clk_bF$buf158
Nets remaining: 22305
Finished routing net clk_bF$buf159
Nets remaining: 22304
Finished routing net clk_bF$buf160
Nets remaining: 22303
Finished routing net clk_bF$buf161
Nets remaining: 22302
Finished routing net clk_bF$buf162
Nets remaining: 22301
Finished routing net clk_bF$buf163
Nets remaining: 22300
Finished routing net clk_bF$buf164
Nets remaining: 22299
Finished routing net clk_bF$buf165
Nets remaining: 22298
Finished routing net clk_bF$buf166
Nets remaining: 22297
Finished routing net clk_bF$buf167
Nets remaining: 22296
Finished routing net clk_bF$buf168
Nets remaining: 22295
Finished routing net clk_bF$buf169
Nets remaining: 22294
Finished routing net clk_bF$buf170
Nets remaining: 22293
Finished routing net clk_bF$buf171
Nets remaining: 22292
Finished routing net clk_bF$buf172
Nets remaining: 22291
Finished routing net clk_bF$buf173
Nets remaining: 22290
Finished routing net clk_bF$buf174
Nets remaining: 22289
Finished routing net clk_bF$buf175
Nets remaining: 22288
Finished routing net clk_bF$buf176
Nets remaining: 22287
Finished routing net clk_bF$buf177
Nets remaining: 22286
Finished routing net clk_bF$buf178
Nets remaining: 22285
Finished routing net clk_bF$buf179
Nets remaining: 22284
Finished routing net clk_bF$buf180
Nets remaining: 22283
Finished routing net clk_bF$buf181
Nets remaining: 22282
Finished routing net clk_bF$buf182
Nets remaining: 22281
Finished routing net clk_bF$buf183
Nets remaining: 22280
Finished routing net clk_bF$buf184
Nets remaining: 22279
Finished routing net clk_bF$buf185
Nets remaining: 22278
Finished routing net clk_bF$buf186
Nets remaining: 22277
Finished routing net clk_bF$buf187
Nets remaining: 22276
Finished routing net clk_bF$buf188
Nets remaining: 22275
Finished routing net clk_bF$buf189
Nets remaining: 22274
Finished routing net clk_bF$buf190
Nets remaining: 22273
Finished routing net clk_bF$buf191
Nets remaining: 22272
Finished routing net clk_bF$buf192
Nets remaining: 22271
Finished routing net clk_bF$buf193
Nets remaining: 22270
Finished routing net clk_bF$buf194
Nets remaining: 22269
Finished routing net clk_bF$buf195
Nets remaining: 22268
Finished routing net clk_bF$buf196
Nets remaining: 22267
Finished routing net clk_bF$buf197
Nets remaining: 22266
Finished routing net clk_bF$buf198
Nets remaining: 22265
Finished routing net clk_bF$buf199
Nets remaining: 22264
Finished routing net clk_bF$buf200
Nets remaining: 22263
Finished routing net clk_bF$buf201
Nets remaining: 22262
Finished routing net clk_bF$buf202
Nets remaining: 22261
Finished routing net clk_bF$buf203
Nets remaining: 22260
Finished routing net clk_bF$buf204
Nets remaining: 22259
Finished routing net clk_bF$buf205
Nets remaining: 22258
Finished routing net clk_bF$buf206
Nets remaining: 22257
Finished routing net clk_bF$buf207
Nets remaining: 22256
Finished routing net clk_bF$buf208
Nets remaining: 22255
Finished routing net clk_bF$buf209
Nets remaining: 22254
Finished routing net clk_bF$buf210
Nets remaining: 22253
Failed to route net \u_core.alu_res_2_bF$buf0\
Failed to route net \u_core.alu_res_2_bF$buf1\
Failed to route net \u_core.alu_res_2_bF$buf2\
Failed to route net \u_core.alu_res_2_bF$buf3\
Failed to route net \u_core.alu_res_2_bF$buf4\
Failed to route net \u_core.alu_res_2_bF$buf5\
Failed to route net \u_core.alu_res_2_bF$buf6\
Failed to route net \u_core.alu_res_2_bF$buf7\
Failed to route net \u_core.alu_res_2_bF$buf8\
Failed to route net \u_core.alu_res_2_bF$buf9\
Failed to route net \u_core.alu_res_2_bF$buf10\
Failed to route net \u_core.alu_res_2_bF$buf11\
Failed to route net \u_core.alu_res_2_bF$buf12\
Finished routing net _7221_
Nets remaining: 22252
Finished routing net _4546_
Nets remaining: 22251
Finished routing net _4581_
Nets remaining: 22250
Finished routing net _4605_
Nets remaining: 22249
Finished routing net _4624_
Nets remaining: 22248
Finished routing net _4687_
Nets remaining: 22247
Finished routing net _9283_
Nets remaining: 22246
Finished routing net _10450_
Nets remaining: 22245
Finished routing net _4806__bF$buf0
Nets remaining: 22244
Finished routing net _4806__bF$buf1
Nets remaining: 22243
Finished routing net _4806__bF$buf2
Nets remaining: 22242
Finished routing net _4806__bF$buf3
Nets remaining: 22241
Finished routing net _4806__bF$buf4
Nets remaining: 22240
Finished routing net _4806__bF$buf5
Nets remaining: 22239
Finished routing net _4806__bF$buf6
Nets remaining: 22238
Finished routing net _4806__bF$buf7
Nets remaining: 22237
Finished routing net _4806__bF$buf8
Nets remaining: 22236
Finished routing net _4806__bF$buf9
Nets remaining: 22235
Finished routing net _4806__bF$buf10
Nets remaining: 22234
Finished routing net _4794__bF$buf3
Nets remaining: 22233
Finished routing net _4794__bF$buf4
Nets remaining: 22232
Finished routing net _4794__bF$buf5
Nets remaining: 22231
Failed to route net _4794__bF$buf6
Finished routing net _4794__bF$buf7
Nets remaining: 22230
Failed to route net _4794__bF$buf8
Finished routing net _4794__bF$buf9
Nets remaining: 22229
Failed to route net _4794__bF$buf10
Finished routing net _4794__bF$buf11
Nets remaining: 22228
Finished routing net _14178__bF$buf0
Nets remaining: 22227
Finished routing net _14178__bF$buf1
Nets remaining: 22226
Finished routing net _14178__bF$buf2
Nets remaining: 22225
Finished routing net _12476__bF$buf0
Nets remaining: 22224
Finished routing net _12476__bF$buf1
Nets remaining: 22223
Finished routing net _12476__bF$buf2
Nets remaining: 22222
Finished routing net _4804__bF$buf0
Nets remaining: 22221
Finished routing net _4804__bF$buf1
Nets remaining: 22220
Finished routing net _4804__bF$buf2
Nets remaining: 22219
Finished routing net _4804__bF$buf3
Nets remaining: 22218
Finished routing net _4804__bF$buf4
Nets remaining: 22217
Finished routing net _4804__bF$buf5
Nets remaining: 22216
Finished routing net _4789__bF$buf8
Nets remaining: 22215
Finished routing net _4789__bF$buf9
Nets remaining: 22214
Finished routing net _4789__bF$buf10
Nets remaining: 22213
Finished routing net _4789__bF$buf11
Nets remaining: 22212
Finished routing net _10457__bF$buf0
Nets remaining: 22211
Finished routing net _10457__bF$buf1
Nets remaining: 22210
Finished routing net _10457__bF$buf2
Nets remaining: 22209
Finished routing net _4798__bF$buf0
Nets remaining: 22208
Finished routing net _4798__bF$buf1
Nets remaining: 22207
Finished routing net _4798__bF$buf2
Nets remaining: 22206
Finished routing net _4798__bF$buf3
Nets remaining: 22205
Finished routing net _4798__bF$buf4
Nets remaining: 22204
Finished routing net _4798__bF$buf5
Nets remaining: 22203
Finished routing net _4798__bF$buf6
Nets remaining: 22202
Finished routing net clk_bF$buf0
Nets remaining: 22201
Finished routing net clk_bF$buf1
Nets remaining: 22200
Finished routing net clk_bF$buf2
Nets remaining: 22199
Finished routing net clk_bF$buf3
Nets remaining: 22198
Finished routing net clk_bF$buf4
Nets remaining: 22197
Finished routing net clk_bF$buf5
Nets remaining: 22196
Finished routing net clk_bF$buf6
Nets remaining: 22195
Finished routing net clk_bF$buf7
Nets remaining: 22194
Finished routing net clk_bF$buf8
Nets remaining: 22193
Finished routing net clk_bF$buf9
Nets remaining: 22192
Finished routing net clk_bF$buf10
Nets remaining: 22191
Finished routing net clk_bF$buf11
Nets remaining: 22190
Finished routing net clk_bF$buf12
Nets remaining: 22189
Finished routing net clk_bF$buf13
Nets remaining: 22188
Finished routing net clk_bF$buf14
Nets remaining: 22187
Finished routing net clk_bF$buf15
Nets remaining: 22186
Finished routing net clk_bF$buf16
Nets remaining: 22185
Finished routing net clk_bF$buf17
Nets remaining: 22184
Finished routing net clk_bF$buf18
Nets remaining: 22183
Finished routing net clk_bF$buf19
Nets remaining: 22182
Finished routing net clk_bF$buf20
Nets remaining: 22181
Finished routing net clk_bF$buf21
Nets remaining: 22180
Finished routing net clk_bF$buf22
Nets remaining: 22179
Finished routing net clk_bF$buf23
Nets remaining: 22178
Finished routing net clk_bF$buf24
Nets remaining: 22177
Finished routing net clk_bF$buf25
Nets remaining: 22176
Finished routing net clk_bF$buf26
Nets remaining: 22175
Finished routing net clk_bF$buf27
Nets remaining: 22174
Finished routing net clk_bF$buf28
Nets remaining: 22173
Finished routing net clk_bF$buf29
Nets remaining: 22172
Finished routing net clk_bF$buf30
Nets remaining: 22171
Finished routing net clk_bF$buf31
Nets remaining: 22170
Finished routing net clk_bF$buf32
Nets remaining: 22169
Finished routing net clk_bF$buf33
Nets remaining: 22168
Finished routing net clk_bF$buf34
Nets remaining: 22167
Finished routing net clk_bF$buf35
Nets remaining: 22166
Finished routing net clk_bF$buf36
Nets remaining: 22165
Finished routing net clk_bF$buf37
Nets remaining: 22164
Finished routing net clk_bF$buf38
Nets remaining: 22163
Finished routing net clk_bF$buf39
Nets remaining: 22162
Finished routing net clk_bF$buf40
Nets remaining: 22161
Finished routing net clk_bF$buf41
Nets remaining: 22160
Finished routing net clk_bF$buf42
Nets remaining: 22159
Finished routing net clk_bF$buf43
Nets remaining: 22158
Finished routing net clk_bF$buf44
Nets remaining: 22157
Finished routing net clk_bF$buf45
Nets remaining: 22156
Finished routing net clk_bF$buf46
Nets remaining: 22155
Finished routing net clk_bF$buf47
Nets remaining: 22154
Finished routing net clk_bF$buf48
Nets remaining: 22153
Finished routing net clk_bF$buf49
Nets remaining: 22152
Finished routing net clk_bF$buf50
Nets remaining: 22151
Finished routing net clk_bF$buf51
Nets remaining: 22150
Finished routing net clk_bF$buf52
Nets remaining: 22149
Finished routing net clk_bF$buf53
Nets remaining: 22148
Finished routing net clk_bF$buf54
Nets remaining: 22147
Finished routing net clk_bF$buf55
Nets remaining: 22146
Finished routing net clk_bF$buf56
Nets remaining: 22145
Finished routing net clk_bF$buf57
Nets remaining: 22144
Finished routing net clk_bF$buf58
Nets remaining: 22143
Finished routing net clk_bF$buf59
Nets remaining: 22142
Finished routing net clk_bF$buf60
Nets remaining: 22141
Finished routing net clk_bF$buf61
Nets remaining: 22140
Finished routing net clk_bF$buf62
Nets remaining: 22139
Finished routing net clk_bF$buf63
Nets remaining: 22138
Finished routing net clk_bF$buf64
Nets remaining: 22137
Finished routing net clk_bF$buf65
Nets remaining: 22136
Finished routing net clk_bF$buf66
Nets remaining: 22135
Finished routing net clk_bF$buf67
Nets remaining: 22134
Finished routing net clk_bF$buf68
Nets remaining: 22133
Finished routing net clk_bF$buf69
Nets remaining: 22132
Finished routing net clk_bF$buf70
Nets remaining: 22131
Finished routing net clk_bF$buf71
Nets remaining: 22130
Finished routing net clk_bF$buf72
Nets remaining: 22129
Finished routing net clk_bF$buf73
Nets remaining: 22128
Finished routing net clk_bF$buf74
Nets remaining: 22127
Finished routing net clk_bF$buf75
Nets remaining: 22126
Finished routing net clk_bF$buf76
Nets remaining: 22125
Finished routing net clk_bF$buf77
Nets remaining: 22124
Finished routing net clk_bF$buf78
Nets remaining: 22123
Finished routing net clk_bF$buf79
Nets remaining: 22122
Finished routing net clk_bF$buf80
Nets remaining: 22121
Finished routing net clk_bF$buf81
Nets remaining: 22120
Finished routing net clk_bF$buf82
Nets remaining: 22119
Finished routing net clk_bF$buf83
Nets remaining: 22118
Finished routing net clk_bF$buf84
Nets remaining: 22117
Finished routing net clk_bF$buf85
Nets remaining: 22116
Finished routing net clk_bF$buf86
Nets remaining: 22115
Finished routing net clk_bF$buf87
Nets remaining: 22114
Finished routing net clk_bF$buf88
Nets remaining: 22113
Finished routing net clk_bF$buf89
Nets remaining: 22112
Finished routing net clk_bF$buf90
Nets remaining: 22111
Finished routing net clk_bF$buf91
Nets remaining: 22110
Finished routing net clk_bF$buf92
Nets remaining: 22109
Finished routing net _14173_
Nets remaining: 22108
Finished routing net \u_core.alu_res\[2]
Nets remaining: 22107
Finished routing net _12471_
Nets remaining: 22106
Finished routing net _6957_
Nets remaining: 22105
Finished routing net _7448_
Nets remaining: 22104
Finished routing net _4657_
Nets remaining: 22103
Finished routing net _4664_
Nets remaining: 22102
Finished routing net _4695_
Nets remaining: 22101
Finished routing net _4714_
Nets remaining: 22100
Finished routing net _4721_
Nets remaining: 22099
Finished routing net _4743_
Nets remaining: 22098
Finished routing net _4750_
Nets remaining: 22097
Finished routing net _4806_
Nets remaining: 22096
Finished routing net _4794__bF$buf0
Nets remaining: 22095
Failed to route net _4794__bF$buf1
Failed to route net _4794__bF$buf2
Finished routing net _14178_
Nets remaining: 22094
Finished routing net _12476_
Nets remaining: 22093
Finished routing net _4804_
Nets remaining: 22092
Finished routing net _4789__bF$buf0
Nets remaining: 22091
Finished routing net _4789__bF$buf1
Nets remaining: 22090
Finished routing net _4789__bF$buf2
Nets remaining: 22089
Finished routing net _4789__bF$buf3
Nets remaining: 22088
Finished routing net _4789__bF$buf4
Nets remaining: 22087
Finished routing net _4789__bF$buf5
Nets remaining: 22086
Finished routing net _4789__bF$buf6
Nets remaining: 22085
Finished routing net _4789__bF$buf7
Nets remaining: 22084
Finished routing net _10457_
Nets remaining: 22083
Finished routing net _4798_
Nets remaining: 22082
Finished routing net _1481_
Nets remaining: 22081
Finished routing net _1483_
Nets remaining: 22080
Finished routing net _4822_
Nets remaining: 22079
Failed to route net _9387_
Finished routing net _4794_
Nets remaining: 22078
Finished routing net _4789_
Nets remaining: 22077
Finished routing net ui_in[5]
Nets remaining: 22076
Finished routing net _1474_
Nets remaining: 22075
Finished routing net _8933_
Nets remaining: 22074
Finished routing net ui_in_2_bF$buf1
Nets remaining: 22073
Finished routing net ui_in_2_bF$buf2
Nets remaining: 22072
Finished routing net ui_in_2_bF$buf3
Nets remaining: 22071
Finished routing net ui_in_2_bF$buf4
Nets remaining: 22070
Finished routing net ui_in_2_bF$buf5
Nets remaining: 22069
Finished routing net ui_in_2_bF$buf6
Nets remaining: 22068
Finished routing net ui_in_2_bF$buf7
Nets remaining: 22067
Finished routing net ui_in_2_bF$buf8
Nets remaining: 22066
Failed to route net _4796__bF$buf7
Finished routing net _4796__bF$buf8
Nets remaining: 22065
Failed to route net \u_core.alu_res_3_bF$buf8\
Failed to route net \u_core.alu_res_3_bF$buf9\
Finished routing net _4812__bF$buf2
Nets remaining: 22064
Finished routing net _4812__bF$buf3
Nets remaining: 22063
Finished routing net _4812__bF$buf4
Nets remaining: 22062
Finished routing net _4812__bF$buf5
Nets remaining: 22061
Finished routing net _4812__bF$buf6
Nets remaining: 22060
Finished routing net _4812__bF$buf7
Nets remaining: 22059
Finished routing net _4812__bF$buf8
Nets remaining: 22058
Finished routing net _4812__bF$buf9
Nets remaining: 22057
Finished routing net _14166__bF$buf3
Nets remaining: 22056
Failed to route net _14166__bF$buf4
Failed to route net _14166__bF$buf5
Failed to route net _14166__bF$buf6
Failed to route net _14166__bF$buf7
Finished routing net _14166__bF$buf8
Nets remaining: 22055
Failed to route net _12464__bF$buf3
Failed to route net _12464__bF$buf4
Failed to route net _12464__bF$buf5
Failed to route net _12464__bF$buf6
Failed to route net _12464__bF$buf7
Failed to route net _12464__bF$buf8
Finished routing net \u_core.alu_res_4_bF$buf6\
Nets remaining: 22054
Finished routing net \u_core.alu_res_4_bF$buf7\
Nets remaining: 22053
Finished routing net \u_core.alu_res_4_bF$buf8\
Nets remaining: 22052
Finished routing net \u_core.alu_res_4_bF$buf9\
Nets remaining: 22051
Failed to route net _10442__bF$buf3
Failed to route net _10442__bF$buf4
Failed to route net _10442__bF$buf5
Failed to route net _10442__bF$buf6
Failed to route net _10442__bF$buf7
Failed to route net _10442__bF$buf8
Finished routing net ui_in_1_bF$buf1
Nets remaining: 22050
Finished routing net ui_in_1_bF$buf2
Nets remaining: 22049
Finished routing net ui_in_1_bF$buf3
Nets remaining: 22048
Finished routing net ui_in_1_bF$buf4
Nets remaining: 22047
Finished routing net ui_in_1_bF$buf5
Nets remaining: 22046
Finished routing net ui_in_1_bF$buf6
Nets remaining: 22045
Finished routing net ui_in_1_bF$buf7
Nets remaining: 22044
Finished routing net ui_in_1_bF$buf8
Nets remaining: 22043
Finished routing net \u_core.alu_b_0_bF$buf8\
Nets remaining: 22042
Finished routing net \u_core.alu_b_0_bF$buf9\
Nets remaining: 22041
Failed to route net _4795__bF$buf2
Finished routing net _4795__bF$buf3
Nets remaining: 22040
Finished routing net _4795__bF$buf4
Nets remaining: 22039
Finished routing net _4795__bF$buf5
Nets remaining: 22038
Finished routing net _4795__bF$buf6
Nets remaining: 22037
Finished routing net _4795__bF$buf7
Nets remaining: 22036
Finished routing net _4795__bF$buf8
Nets remaining: 22035
Finished routing net _4795__bF$buf9
Nets remaining: 22034
Finished routing net _1438_
Nets remaining: 22033
Finished routing net _4872_
Nets remaining: 22032
Finished routing net _6822_
Nets remaining: 22031
Finished routing net _6841_
Nets remaining: 22030
Finished routing net _6933_
Nets remaining: 22029
Finished routing net _6944_
Nets remaining: 22028
Finished routing net _6956_
Nets remaining: 22027
Finished routing net _6985_
Nets remaining: 22026
Finished routing net _7107_
Nets remaining: 22025
Finished routing net _7172_
Nets remaining: 22024
Finished routing net _7220_
Nets remaining: 22023
Finished routing net _7291_
Nets remaining: 22022
Finished routing net _7329_
Nets remaining: 22021
Finished routing net _7447_
Nets remaining: 22020
Finished routing net _7537_
Nets remaining: 22019
Finished routing net _7573_
Nets remaining: 22018
Finished routing net _7644_
Nets remaining: 22017
Finished routing net _7680_
Nets remaining: 22016
Finished routing net _7717_
Nets remaining: 22015
Finished routing net _7754_
Nets remaining: 22014
Finished routing net _7791_
Nets remaining: 22013
Finished routing net _7828_
Nets remaining: 22012
Finished routing net _7902_
Nets remaining: 22011
Finished routing net _8096_
Nets remaining: 22010
Finished routing net _8178_
Nets remaining: 22009
Finished routing net _8215_
Nets remaining: 22008
Finished routing net _8278_
Nets remaining: 22007
Finished routing net _8316_
Nets remaining: 22006
Finished routing net _8353_
Nets remaining: 22005
Finished routing net _8390_
Nets remaining: 22004
Finished routing net _8427_
Nets remaining: 22003
Finished routing net _8464_
Nets remaining: 22002
Finished routing net _8501_
Nets remaining: 22001
Finished routing net _8538_
Nets remaining: 22000
Finished routing net _8611_
Nets remaining: 21999
Finished routing net _8648_
Nets remaining: 21998
Finished routing net _8722_
Nets remaining: 21997
Finished routing net _8759_
Nets remaining: 21996
Finished routing net _8796_
Nets remaining: 21995
Finished routing net _8833_
Nets remaining: 21994
Finished routing net _8870_
Nets remaining: 21993
Finished routing net _8988_
Nets remaining: 21992
Finished routing net _9025_
Nets remaining: 21991
Finished routing net _9087_
Nets remaining: 21990
Finished routing net _4427_
Nets remaining: 21989
Finished routing net _4490_
Nets remaining: 21988
Finished routing net _9372_
Nets remaining: 21987
Finished routing net _15876_
Nets remaining: 21986
Finished routing net ui_in[2]
Nets remaining: 21985
Finished routing net ui_in_2_bF$buf0
Nets remaining: 21984
Finished routing net _4796__bF$buf0
Nets remaining: 21983
Finished routing net _4796__bF$buf1
Nets remaining: 21982
Finished routing net _4796__bF$buf2
Nets remaining: 21981
Finished routing net _4796__bF$buf3
Nets remaining: 21980
Finished routing net _4796__bF$buf4
Nets remaining: 21979
Finished routing net _4796__bF$buf5
Nets remaining: 21978
Finished routing net _4796__bF$buf6
Nets remaining: 21977
Finished routing net \u_core.instr\[21]
Nets remaining: 21976
Finished routing net \u_core.instr_21_bF$buf0\
Nets remaining: 21975
Finished routing net \u_core.instr_21_bF$buf1\
Nets remaining: 21974
Finished routing net \u_core.instr_21_bF$buf2\
Nets remaining: 21973
Finished routing net \u_core.instr_21_bF$buf3\
Nets remaining: 21972
Finished routing net \u_core.instr_21_bF$buf4\
Nets remaining: 21971
Finished routing net \u_core.instr_21_bF$buf5\
Nets remaining: 21970
Finished routing net \u_core.instr_21_bF$buf6\
Nets remaining: 21969
Finished routing net \u_core.instr_21_bF$buf7\
Nets remaining: 21968
Finished routing net \u_core.instr_21_bF$buf8\
Nets remaining: 21967
Finished routing net \u_core.instr_21_bF$buf9\
Nets remaining: 21966
Finished routing net \u_core.alu_res\[3]
Nets remaining: 21965
Failed to route net \u_core.alu_res_3_bF$buf0\
Finished routing net \u_core.alu_res_3_bF$buf1\
Nets remaining: 21964
Failed to route net \u_core.alu_res_3_bF$buf2\
Failed to route net \u_core.alu_res_3_bF$buf3\
Failed to route net \u_core.alu_res_3_bF$buf4\
Finished routing net \u_core.alu_res_3_bF$buf5\
Nets remaining: 21963
Failed to route net \u_core.alu_res_3_bF$buf6\
Failed to route net \u_core.alu_res_3_bF$buf7\
Finished routing net _4812_
Nets remaining: 21962
Finished routing net _4812__bF$buf0
Nets remaining: 21961
Finished routing net _4812__bF$buf1
Nets remaining: 21960
Finished routing net \u_core.instr\[16]
Nets remaining: 21959
Finished routing net \u_core.instr_16_bF$buf0\
Nets remaining: 21958
Finished routing net \u_core.instr_16_bF$buf1\
Nets remaining: 21957
Finished routing net \u_core.instr_16_bF$buf2\
Nets remaining: 21956
Finished routing net \u_core.instr_16_bF$buf3\
Nets remaining: 21955
Finished routing net \u_core.instr_16_bF$buf4\
Nets remaining: 21954
Finished routing net \u_core.instr_16_bF$buf5\
Nets remaining: 21953
Finished routing net \u_core.instr_16_bF$buf6\
Nets remaining: 21952
Finished routing net \u_core.instr_16_bF$buf7\
Nets remaining: 21951
Finished routing net \u_core.instr_16_bF$buf8\
Nets remaining: 21950
Finished routing net \u_core.instr_16_bF$buf9\
Nets remaining: 21949
Finished routing net _4797__bF$buf2
Nets remaining: 21948
Finished routing net _4797__bF$buf3
Nets remaining: 21947
Finished routing net _4797__bF$buf4
Nets remaining: 21946
Finished routing net _4797__bF$buf5
Nets remaining: 21945
Finished routing net _4797__bF$buf6
Nets remaining: 21944
Finished routing net _4797__bF$buf7
Nets remaining: 21943
Finished routing net \u_core.instr\[22]
Nets remaining: 21942
Finished routing net \u_core.instr_22_bF$buf0\
Nets remaining: 21941
Finished routing net \u_core.instr_22_bF$buf1\
Nets remaining: 21940
Finished routing net \u_core.instr_22_bF$buf2\
Nets remaining: 21939
Finished routing net \u_core.instr_22_bF$buf3\
Nets remaining: 21938
Finished routing net \u_core.instr_22_bF$buf4\
Nets remaining: 21937
Finished routing net \u_core.instr_22_bF$buf5\
Nets remaining: 21936
Finished routing net \u_core.instr_22_bF$buf6\
Nets remaining: 21935
Finished routing net \u_core.instr_22_bF$buf7\
Nets remaining: 21934
Finished routing net \u_core.instr_22_bF$buf8\
Nets remaining: 21933
Finished routing net \u_core.instr_22_bF$buf9\
Nets remaining: 21932
Failed to route net _14166__bF$buf0
Failed to route net _14166__bF$buf1
Failed to route net _14166__bF$buf2
Failed to route net _12464__bF$buf0
Failed to route net _12464__bF$buf1
Failed to route net _12464__bF$buf2
Finished routing net \u_core.alu_res\[4]
Nets remaining: 21931
Finished routing net \u_core.alu_res_4_bF$buf0\
Nets remaining: 21930
Finished routing net \u_core.alu_res_4_bF$buf1\
Nets remaining: 21929
Finished routing net \u_core.alu_res_4_bF$buf2\
Nets remaining: 21928
Finished routing net \u_core.alu_res_4_bF$buf3\
Nets remaining: 21927
Finished routing net \u_core.alu_res_4_bF$buf4\
Nets remaining: 21926
Finished routing net \u_core.alu_res_4_bF$buf5\
Nets remaining: 21925
Failed to route net _10442__bF$buf0
Failed to route net _10442__bF$buf1
Failed to route net _10442__bF$buf2
Finished routing net ui_in[1]
Nets remaining: 21924
Finished routing net ui_in_1_bF$buf0
Nets remaining: 21923
Finished routing net \u_core.alu_b\[0]
Nets remaining: 21922
Finished routing net \u_core.alu_b_0_bF$buf0\
Nets remaining: 21921
Finished routing net \u_core.alu_b_0_bF$buf1\
Nets remaining: 21920
Finished routing net \u_core.alu_b_0_bF$buf2\
Nets remaining: 21919
Finished routing net \u_core.alu_b_0_bF$buf3\
Nets remaining: 21918
Finished routing net \u_core.alu_b_0_bF$buf4\
Nets remaining: 21917
Finished routing net \u_core.alu_b_0_bF$buf5\
Nets remaining: 21916
Finished routing net \u_core.alu_b_0_bF$buf6\
Nets remaining: 21915
Finished routing net \u_core.alu_b_0_bF$buf7\
Nets remaining: 21914
Finished routing net _4795_
Nets remaining: 21913
Finished routing net _4795__bF$buf0
Nets remaining: 21912
Failed to route net _4795__bF$buf1
Finished routing net \u_core.instr\[17]
Nets remaining: 21911
Finished routing net \u_core.instr_17_bF$buf0\
Nets remaining: 21910
Finished routing net \u_core.instr_17_bF$buf1\
Nets remaining: 21909
Finished routing net \u_core.instr_17_bF$buf2\
Nets remaining: 21908
Finished routing net \u_core.instr_17_bF$buf3\
Nets remaining: 21907
Finished routing net \u_core.instr_17_bF$buf4\
Nets remaining: 21906
Finished routing net \u_core.instr_17_bF$buf5\
Nets remaining: 21905
Finished routing net \u_core.instr_17_bF$buf6\
Nets remaining: 21904
Finished routing net \u_core.instr_17_bF$buf7\
Nets remaining: 21903
Finished routing net \u_core.instr_17_bF$buf8\
Nets remaining: 21902
Finished routing net \u_core.instr_17_bF$buf9\
Nets remaining: 21901
Finished routing net _72_
Nets remaining: 21900
Finished routing net _101_
Nets remaining: 21899
Finished routing net \u_core.result_src\[0]
Nets remaining: 21898
Finished routing net _1489_
Nets remaining: 21897
Finished routing net _1659_
Nets remaining: 21896
Finished routing net \u_core.funct3\[2]
Nets remaining: 21895
Finished routing net \u_core.funct3\[0]
Nets remaining: 21894
Finished routing net \u_core.imm_sel\[1]
Nets remaining: 21893
Finished routing net _7071_
Nets remaining: 21892
Finished routing net _7135_
Nets remaining: 21891
Finished routing net _7175_
Nets remaining: 21890
Finished routing net _7256_
Nets remaining: 21889
Finished routing net _7377_
Nets remaining: 21888
Finished routing net _7493_
Nets remaining: 21887
Finished routing net _7609_
Nets remaining: 21886
Finished routing net _7856_
Nets remaining: 21885
Finished routing net _7939_
Nets remaining: 21884
Finished routing net _7975_
Nets remaining: 21883
Finished routing net _8013_
Nets remaining: 21882
Finished routing net _8051_
Nets remaining: 21881
Finished routing net _8133_
Nets remaining: 21880
Finished routing net _8252_
Nets remaining: 21879
Finished routing net _8575_
Nets remaining: 21878
Finished routing net _8676_
Nets remaining: 21877
Finished routing net _8907_
Nets remaining: 21876
Finished routing net _4464_
Nets remaining: 21875
Finished routing net _4545_
Nets remaining: 21874
Finished routing net _4775_
Nets remaining: 21873
Finished routing net \u_core.instr_15_hier0_bF$buf0\
Nets remaining: 21872
Finished routing net \u_core.instr_15_hier0_bF$buf1\
Nets remaining: 21871
Finished routing net \u_core.instr_15_hier0_bF$buf2\
Nets remaining: 21870
Finished routing net \u_core.instr_15_hier0_bF$buf3\
Nets remaining: 21869
Finished routing net \u_core.instr_15_hier0_bF$buf4\
Nets remaining: 21868
Finished routing net \u_core.instr_15_hier0_bF$buf5\
Nets remaining: 21867
Finished routing net \u_core.instr_15_hier0_bF$buf6\
Nets remaining: 21866
Finished routing net \u_core.instr_15_hier0_bF$buf7\
Nets remaining: 21865
Finished routing net ui_in[0]
Nets remaining: 21864
Finished routing net ui_in_0_hier0_bF$buf1
Nets remaining: 21863
Finished routing net ui_in_0_hier0_bF$buf2
Nets remaining: 21862
Finished routing net ui_in_0_hier0_bF$buf3
Nets remaining: 21861
Finished routing net ui_in_0_hier0_bF$buf4
Nets remaining: 21860
Finished routing net ui_in_0_hier0_bF$buf5
Nets remaining: 21859
Finished routing net ui_in_0_hier0_bF$buf6
Nets remaining: 21858
Finished routing net ui_in_0_hier0_bF$buf7
Nets remaining: 21857
Finished routing net _7012__hier0_bF$buf4
Nets remaining: 21856
Finished routing net _7012__hier0_bF$buf5
Nets remaining: 21855
Finished routing net _7012__hier0_bF$buf6
Nets remaining: 21854
Finished routing net _7012__hier0_bF$buf7
Nets remaining: 21853
Finished routing net \u_core.instr_20_hier0_bF$buf0\
Nets remaining: 21852
Finished routing net \u_core.instr_20_hier0_bF$buf1\
Nets remaining: 21851
Finished routing net \u_core.instr_20_hier0_bF$buf2\
Nets remaining: 21850
Finished routing net \u_core.instr_20_hier0_bF$buf3\
Nets remaining: 21849
Finished routing net \u_core.instr_20_hier0_bF$buf4\
Nets remaining: 21848
Finished routing net \u_core.instr_20_hier0_bF$buf5\
Nets remaining: 21847
Finished routing net \u_core.instr_20_hier0_bF$buf6\
Nets remaining: 21846
Finished routing net \u_core.instr_20_hier0_bF$buf7\
Nets remaining: 21845
Finished routing net _6874__bF$buf1
Nets remaining: 21844
Finished routing net _6874__bF$buf2
Nets remaining: 21843
Finished routing net _6874__bF$buf3
Nets remaining: 21842
Finished routing net _6874__bF$buf4
Nets remaining: 21841
Finished routing net _6874__bF$buf5
Nets remaining: 21840
Finished routing net _6874__bF$buf6
Nets remaining: 21839
Finished routing net _1322__bF$buf6
Nets remaining: 21838
Finished routing net _1322__bF$buf7
Nets remaining: 21837
Finished routing net _6901__bF$buf1
Nets remaining: 21836
Finished routing net _6901__bF$buf2
Nets remaining: 21835
Finished routing net _6901__bF$buf3
Nets remaining: 21834
Finished routing net _6901__bF$buf4
Nets remaining: 21833
Finished routing net _6901__bF$buf5
Nets remaining: 21832
Finished routing net _6901__bF$buf6
Nets remaining: 21831
Finished routing net \u_core.instr_15_bF$buf37\
Nets remaining: 21830
Finished routing net \u_core.instr_15_bF$buf38\
Nets remaining: 21829
Finished routing net \u_core.instr_15_bF$buf39\
Nets remaining: 21828
Finished routing net \u_core.instr_15_bF$buf40\
Nets remaining: 21827
Finished routing net \u_core.instr_15_bF$buf41\
Nets remaining: 21826
Finished routing net \u_core.instr_15_bF$buf42\
Nets remaining: 21825
Finished routing net \u_core.instr_15_bF$buf43\
Nets remaining: 21824
Finished routing net \u_core.instr_15_bF$buf44\
Nets remaining: 21823
Finished routing net \u_core.instr_15_bF$buf45\
Nets remaining: 21822
Finished routing net \u_core.instr_15_bF$buf46\
Nets remaining: 21821
Finished routing net \u_core.instr_15_bF$buf47\
Nets remaining: 21820
Finished routing net \u_core.instr_15_bF$buf48\
Nets remaining: 21819
Finished routing net \u_core.instr_15_bF$buf49\
Nets remaining: 21818
Finished routing net \u_core.instr_15_bF$buf50\
Nets remaining: 21817
Finished routing net \u_core.instr_15_bF$buf51\
Nets remaining: 21816
Finished routing net \u_core.instr_15_bF$buf52\
Nets remaining: 21815
Finished routing net \u_core.instr_15_bF$buf53\
Nets remaining: 21814
Finished routing net \u_core.instr_15_bF$buf54\
Nets remaining: 21813
Finished routing net \u_core.instr_15_bF$buf55\
Nets remaining: 21812
Finished routing net \u_core.instr_15_bF$buf56\
Nets remaining: 21811
Finished routing net \u_core.instr_15_bF$buf57\
Nets remaining: 21810
Finished routing net \u_core.instr_15_bF$buf58\
Nets remaining: 21809
Finished routing net \u_core.instr_15_bF$buf59\
Nets remaining: 21808
Finished routing net \u_core.instr_15_bF$buf60\
Nets remaining: 21807
Finished routing net \u_core.instr_15_bF$buf61\
Nets remaining: 21806
Finished routing net \u_core.instr_15_bF$buf62\
Nets remaining: 21805
Finished routing net \u_core.instr_15_bF$buf63\
Nets remaining: 21804
Finished routing net \u_core.instr_15_bF$buf64\
Nets remaining: 21803
Finished routing net \u_core.instr_15_bF$buf65\
Nets remaining: 21802
Finished routing net \u_core.instr_15_bF$buf66\
Nets remaining: 21801
Finished routing net \u_core.instr_15_bF$buf67\
Nets remaining: 21800
Finished routing net \u_core.instr_15_bF$buf68\
Nets remaining: 21799
Finished routing net \u_core.instr_15_bF$buf69\
Nets remaining: 21798
Finished routing net \u_core.instr_15_bF$buf70\
Nets remaining: 21797
Finished routing net \u_core.instr_15_bF$buf71\
Nets remaining: 21796
Finished routing net \u_core.alu_b_1_bF$buf2\
Nets remaining: 21795
Finished routing net \u_core.alu_b_1_bF$buf3\
Nets remaining: 21794
Finished routing net \u_core.alu_b_1_bF$buf4\
Nets remaining: 21793
Finished routing net \u_core.alu_b_1_bF$buf5\
Nets remaining: 21792
Finished routing net \u_core.alu_b_1_bF$buf6\
Nets remaining: 21791
Finished routing net _6883__bF$buf1
Nets remaining: 21790
Finished routing net _6883__bF$buf2
Nets remaining: 21789
Finished routing net _6883__bF$buf3
Nets remaining: 21788
Finished routing net _6883__bF$buf4
Nets remaining: 21787
Finished routing net _6883__bF$buf5
Nets remaining: 21786
Finished routing net _6883__bF$buf6
Nets remaining: 21785
Finished routing net _4796_
Nets remaining: 21784
Finished routing net _6910__bF$buf1
Nets remaining: 21783
Finished routing net _6910__bF$buf2
Nets remaining: 21782
Finished routing net _6910__bF$buf3
Nets remaining: 21781
Finished routing net _6910__bF$buf4
Nets remaining: 21780
Finished routing net _6910__bF$buf5
Nets remaining: 21779
Finished routing net _6910__bF$buf6
Nets remaining: 21778
Finished routing net _6892__bF$buf1
Nets remaining: 21777
Finished routing net _6892__bF$buf2
Nets remaining: 21776
Finished routing net _6892__bF$buf3
Nets remaining: 21775
Failed to route net _6892__bF$buf4
Finished routing net _6892__bF$buf5
Nets remaining: 21774
Finished routing net _6892__bF$buf6
Nets remaining: 21773
Failed to route net _4800__bF$buf6
Failed to route net _4800__bF$buf7
Finished routing net _1326__bF$buf0
Nets remaining: 21772
Finished routing net _1326__bF$buf1
Nets remaining: 21771
Finished routing net _1326__bF$buf2
Nets remaining: 21770
Finished routing net _1326__bF$buf3
Nets remaining: 21769
Finished routing net _1326__bF$buf4
Nets remaining: 21768
Finished routing net _1326__bF$buf5
Nets remaining: 21767
Finished routing net _1326__bF$buf6
Nets remaining: 21766
Finished routing net ui_in_0_bF$buf30
Nets remaining: 21765
Finished routing net ui_in_0_bF$buf31
Nets remaining: 21764
Finished routing net ui_in_0_bF$buf32
Nets remaining: 21763
Finished routing net ui_in_0_bF$buf33
Nets remaining: 21762
Finished routing net ui_in_0_bF$buf34
Nets remaining: 21761
Finished routing net ui_in_0_bF$buf35
Nets remaining: 21760
Finished routing net ui_in_0_bF$buf36
Nets remaining: 21759
Finished routing net ui_in_0_bF$buf37
Nets remaining: 21758
Finished routing net ui_in_0_bF$buf38
Nets remaining: 21757
Finished routing net ui_in_0_bF$buf39
Nets remaining: 21756
Finished routing net ui_in_0_bF$buf40
Nets remaining: 21755
Finished routing net ui_in_0_bF$buf41
Nets remaining: 21754
Finished routing net ui_in_0_bF$buf42
Nets remaining: 21753
Finished routing net ui_in_0_bF$buf43
Nets remaining: 21752
Finished routing net ui_in_0_bF$buf44
Nets remaining: 21751
Finished routing net ui_in_0_bF$buf45
Nets remaining: 21750
Finished routing net ui_in_0_bF$buf46
Nets remaining: 21749
Finished routing net ui_in_0_bF$buf47
Nets remaining: 21748
Finished routing net ui_in_0_bF$buf48
Nets remaining: 21747
Finished routing net ui_in_0_bF$buf49
Nets remaining: 21746
Finished routing net ui_in_0_bF$buf50
Nets remaining: 21745
Finished routing net ui_in_0_bF$buf51
Nets remaining: 21744
Finished routing net ui_in_0_bF$buf52
Nets remaining: 21743
Finished routing net ui_in_0_bF$buf53
Nets remaining: 21742
Finished routing net ui_in_0_bF$buf54
Nets remaining: 21741
Finished routing net ui_in_0_bF$buf55
Nets remaining: 21740
Finished routing net ui_in_0_bF$buf56
Nets remaining: 21739
Finished routing net ui_in_0_bF$buf57
Nets remaining: 21738
Finished routing net ui_in_0_bF$buf58
Nets remaining: 21737
Finished routing net ui_in_0_bF$buf59
Nets remaining: 21736
Finished routing net ui_in_0_bF$buf60
Nets remaining: 21735
Finished routing net ui_in_0_bF$buf61
Nets remaining: 21734
Finished routing net ui_in_0_bF$buf62
Nets remaining: 21733
Finished routing net ui_in_0_bF$buf63
Nets remaining: 21732
Finished routing net ui_in_0_bF$buf64
Nets remaining: 21731
Finished routing net ui_in_0_bF$buf65
Nets remaining: 21730
Finished routing net ui_in_0_bF$buf66
Nets remaining: 21729
Finished routing net ui_in_0_bF$buf67
Nets remaining: 21728
Finished routing net ui_in_0_bF$buf68
Nets remaining: 21727
Finished routing net ui_in_0_bF$buf69
Nets remaining: 21726
Finished routing net ui_in_0_bF$buf70
Nets remaining: 21725
Finished routing net \u_core.alu_b_2_bF$buf7\
Nets remaining: 21724
Finished routing net _6846__bF$buf0
Nets remaining: 21723
Finished routing net _6846__bF$buf1
Nets remaining: 21722
Finished routing net _6846__bF$buf2
Nets remaining: 21721
Finished routing net _6846__bF$buf3
Nets remaining: 21720
Finished routing net _6846__bF$buf4
Nets remaining: 21719
Failed to route net _6846__bF$buf5
Finished routing net _6846__bF$buf6
Nets remaining: 21718
Finished routing net _4797__bF$buf0
Nets remaining: 21717
Finished routing net _4797__bF$buf1
Nets remaining: 21716
Finished routing net _14166_
Nets remaining: 21715
Finished routing net _12464_
Nets remaining: 21714
Finished routing net _10442_
Nets remaining: 21713
Finished routing net _7012__bF$buf44
Nets remaining: 21712
Finished routing net _7012__bF$buf45
Nets remaining: 21711
Finished routing net _7012__bF$buf46
Nets remaining: 21710
Finished routing net _7012__bF$buf47
Nets remaining: 21709
Finished routing net _7012__bF$buf48
Nets remaining: 21708
Failed to route net _7012__bF$buf49
Finished routing net _7012__bF$buf50
Nets remaining: 21707
Finished routing net _7012__bF$buf51
Nets remaining: 21706
Finished routing net _7012__bF$buf52
Nets remaining: 21705
Finished routing net _7012__bF$buf53
Nets remaining: 21704
Failed to route net _7012__bF$buf54
Finished routing net _7012__bF$buf55
Nets remaining: 21703
Finished routing net _7012__bF$buf56
Nets remaining: 21702
Finished routing net _7012__bF$buf57
Nets remaining: 21701
Finished routing net _7012__bF$buf58
Nets remaining: 21700
Finished routing net _7012__bF$buf59
Nets remaining: 21699
Finished routing net _7012__bF$buf60
Nets remaining: 21698
Finished routing net _7012__bF$buf61
Nets remaining: 21697
Finished routing net _7012__bF$buf62
Nets remaining: 21696
Finished routing net _7012__bF$buf63
Nets remaining: 21695
Finished routing net _7012__bF$buf64
Nets remaining: 21694
Finished routing net _7012__bF$buf65
Nets remaining: 21693
Finished routing net _7012__bF$buf66
Nets remaining: 21692
Finished routing net _7012__bF$buf67
Nets remaining: 21691
Finished routing net \u_core.alu_src_b_bF$buf5\
Nets remaining: 21690
Finished routing net \u_core.alu_src_b_bF$buf6\
Nets remaining: 21689
Finished routing net _4813__bF$buf6
Nets remaining: 21688
Finished routing net _4813__bF$buf7
Nets remaining: 21687
Finished routing net \u_core.alu_b_3_bF$buf6\
Nets remaining: 21686
Finished routing net \u_core.alu_b_3_bF$buf7\
Nets remaining: 21685
Finished routing net \u_core.instr_20_bF$buf37\
Nets remaining: 21684
Finished routing net \u_core.instr_20_bF$buf38\
Nets remaining: 21683
Finished routing net \u_core.instr_20_bF$buf39\
Nets remaining: 21682
Finished routing net \u_core.instr_20_bF$buf40\
Nets remaining: 21681
Finished routing net \u_core.instr_20_bF$buf41\
Nets remaining: 21680
Finished routing net \u_core.instr_20_bF$buf42\
Nets remaining: 21679
Finished routing net \u_core.instr_20_bF$buf43\
Nets remaining: 21678
Finished routing net \u_core.instr_20_bF$buf44\
Nets remaining: 21677
Finished routing net \u_core.instr_20_bF$buf45\
Nets remaining: 21676
Finished routing net \u_core.instr_20_bF$buf46\
Nets remaining: 21675
Finished routing net \u_core.instr_20_bF$buf47\
Nets remaining: 21674
Finished routing net \u_core.instr_20_bF$buf48\
Nets remaining: 21673
Finished routing net \u_core.instr_20_bF$buf49\
Nets remaining: 21672
Finished routing net \u_core.instr_20_bF$buf50\
Nets remaining: 21671
Finished routing net \u_core.instr_20_bF$buf51\
Nets remaining: 21670
Finished routing net \u_core.instr_20_bF$buf52\
Nets remaining: 21669
Finished routing net \u_core.instr_20_bF$buf53\
Nets remaining: 21668
Finished routing net \u_core.instr_20_bF$buf54\
Nets remaining: 21667
Finished routing net \u_core.instr_20_bF$buf55\
Nets remaining: 21666
Finished routing net \u_core.instr_20_bF$buf56\
Nets remaining: 21665
Finished routing net \u_core.instr_20_bF$buf57\
Nets remaining: 21664
Finished routing net \u_core.instr_20_bF$buf58\
Nets remaining: 21663
Finished routing net \u_core.instr_20_bF$buf59\
Nets remaining: 21662
Finished routing net \u_core.instr_20_bF$buf60\
Nets remaining: 21661
Finished routing net \u_core.instr_20_bF$buf61\
Nets remaining: 21660
Finished routing net \u_core.instr_20_bF$buf62\
Nets remaining: 21659
Finished routing net \u_core.instr_20_bF$buf63\
Nets remaining: 21658
Finished routing net \u_core.instr_20_bF$buf64\
Nets remaining: 21657
Finished routing net \u_core.instr_20_bF$buf65\
Nets remaining: 21656
Finished routing net \u_core.instr_20_bF$buf66\
Nets remaining: 21655
Finished routing net \u_core.instr_20_bF$buf67\
Nets remaining: 21654
Finished routing net \u_core.instr_20_bF$buf68\
Nets remaining: 21653
Finished routing net \u_core.instr_20_bF$buf69\
Nets remaining: 21652
Finished routing net \u_core.instr_20_bF$buf70\
Nets remaining: 21651
Finished routing net \u_core.instr_20_bF$buf71\
Nets remaining: 21650
Finished routing net _6856__bF$buf1
Nets remaining: 21649
Failed to route net _6856__bF$buf2
Finished routing net _6856__bF$buf3
Nets remaining: 21648
Finished routing net _6856__bF$buf4
Nets remaining: 21647
Finished routing net _6856__bF$buf5
Nets remaining: 21646
Finished routing net _6856__bF$buf6
Nets remaining: 21645
Failed to route net _6865__bF$buf1
Finished routing net _6865__bF$buf2
Nets remaining: 21644
Finished routing net _6865__bF$buf3
Nets remaining: 21643
Finished routing net _6865__bF$buf4
Nets remaining: 21642
Finished routing net _6865__bF$buf5
Nets remaining: 21641
Finished routing net _6865__bF$buf6
Nets remaining: 21640
Finished routing net \u_core.alu_a\[8]
Nets remaining: 21639
Finished routing net \u_core.alu_a\[21]
Nets remaining: 21638
Finished routing net _1488_
Nets remaining: 21637
Finished routing net _772_
Nets remaining: 21636
Finished routing net \u_core.imm_sel\[0]
Nets remaining: 21635
Finished routing net _6918_
Nets remaining: 21634
Finished routing net _6932_
Nets remaining: 21633
Finished routing net _7275_
Nets remaining: 21632
Finished routing net _7610_
Nets remaining: 21631
Finished routing net _7940_
Nets remaining: 21630
Finished routing net _8253_
Nets remaining: 21629
Finished routing net _8576_
Nets remaining: 21628
Finished routing net _8908_
Nets remaining: 21627
Finished routing net _4465_
Nets remaining: 21626
Finished routing net _4518_
Nets remaining: 21625
Finished routing net _4529_
Nets remaining: 21624
Finished routing net _4601_
Nets remaining: 21623
Finished routing net _4603_
Nets remaining: 21622
Finished routing net _4613_
Nets remaining: 21621
Finished routing net _4632_
Nets remaining: 21620
Finished routing net _4648_
Nets remaining: 21619
Finished routing net _4650_
Nets remaining: 21618
Finished routing net _4728_
Nets remaining: 21617
Finished routing net \u_core.instr\[15]
Nets remaining: 21616
Finished routing net ui_in_0_hier0_bF$buf0
Nets remaining: 21615
Finished routing net \u_core.alu_res_1_hier0_bF$buf5\
Nets remaining: 21614
Finished routing net _7012_
Nets remaining: 21613
Finished routing net _7012__hier0_bF$buf0
Nets remaining: 21612
Finished routing net _7012__hier0_bF$buf1
Nets remaining: 21611
Finished routing net _7012__hier0_bF$buf2
Nets remaining: 21610
Finished routing net _7012__hier0_bF$buf3
Nets remaining: 21609
Finished routing net \u_core.instr\[20]
Nets remaining: 21608
Finished routing net _14167__hier0_bF$buf4
Nets remaining: 21607
Finished routing net _14167__hier0_bF$buf5
Nets remaining: 21606
Finished routing net _14167__hier0_bF$buf6
Nets remaining: 21605
Finished routing net _12465__hier0_bF$buf4
Nets remaining: 21604
Finished routing net _12465__hier0_bF$buf5
Nets remaining: 21603
Finished routing net _12465__hier0_bF$buf6
Nets remaining: 21602
Finished routing net _10443__hier0_bF$buf4
Nets remaining: 21601
Finished routing net _10443__hier0_bF$buf5
Nets remaining: 21600
Finished routing net _10443__hier0_bF$buf6
Nets remaining: 21599
Finished routing net _16883_
Nets remaining: 21598
Finished routing net _16883__bF$buf0
Nets remaining: 21597
Finished routing net _16883__bF$buf1
Nets remaining: 21596
Finished routing net _16883__bF$buf2
Nets remaining: 21595
Finished routing net _16883__bF$buf3
Nets remaining: 21594
Finished routing net _16883__bF$buf4
Nets remaining: 21593
Finished routing net _16883__bF$buf5
Nets remaining: 21592
Finished routing net _16883__bF$buf6
Nets remaining: 21591
Finished routing net _16883__bF$buf7
Nets remaining: 21590
Finished routing net _6833_
Nets remaining: 21589
Finished routing net _6833__bF$buf0
Nets remaining: 21588
Finished routing net _6833__bF$buf1
Nets remaining: 21587
Finished routing net _6833__bF$buf2
Nets remaining: 21586
Finished routing net _6833__bF$buf3
Nets remaining: 21585
Finished routing net _6833__bF$buf4
Nets remaining: 21584
Finished routing net _6833__bF$buf5
Nets remaining: 21583
Finished routing net _6833__bF$buf6
Nets remaining: 21582
Finished routing net _6833__bF$buf7
Nets remaining: 21581
Finished routing net _16751_
Nets remaining: 21580
Finished routing net _16751__bF$buf0
Nets remaining: 21579
Finished routing net _16751__bF$buf1
Nets remaining: 21578
Finished routing net _16751__bF$buf2
Nets remaining: 21577
Finished routing net _16751__bF$buf3
Nets remaining: 21576
Finished routing net _16751__bF$buf4
Nets remaining: 21575
Finished routing net _16751__bF$buf5
Nets remaining: 21574
Finished routing net _16751__bF$buf6
Nets remaining: 21573
Finished routing net _16751__bF$buf7
Nets remaining: 21572
Finished routing net _7048_
Nets remaining: 21571
Finished routing net _7048__bF$buf0
Nets remaining: 21570
Finished routing net _7048__bF$buf1
Nets remaining: 21569
Finished routing net _7048__bF$buf2
Nets remaining: 21568
Finished routing net _7048__bF$buf3
Nets remaining: 21567
Finished routing net _7048__bF$buf4
Nets remaining: 21566
Finished routing net _7048__bF$buf5
Nets remaining: 21565
Finished routing net _7048__bF$buf6
Nets remaining: 21564
Failed to route net _7048__bF$buf7
Finished routing net _6874__bF$buf0
Nets remaining: 21563
Finished routing net _1322_
Nets remaining: 21562
Finished routing net _1322__bF$buf0
Nets remaining: 21561
Finished routing net _1322__bF$buf1
Nets remaining: 21560
Finished routing net _1322__bF$buf2
Nets remaining: 21559
Finished routing net _1322__bF$buf3
Nets remaining: 21558
Finished routing net _1322__bF$buf4
Nets remaining: 21557
Finished routing net _1322__bF$buf5
Nets remaining: 21556
Finished routing net _4787__bF$buf1
Nets remaining: 21555
Finished routing net _4787__bF$buf2
Nets remaining: 21554
Finished routing net _4787__bF$buf3
Nets remaining: 21553
Finished routing net _4787__bF$buf4
Nets remaining: 21552
Finished routing net _4787__bF$buf5
Nets remaining: 21551
Finished routing net _4790_
Nets remaining: 21550
Failed to route net _4790__bF$buf0
Failed to route net _4790__bF$buf1
Failed to route net _4790__bF$buf2
Failed to route net _4790__bF$buf3
Failed to route net _4790__bF$buf4
Failed to route net _4790__bF$buf5
Failed to route net _4790__bF$buf6
Failed to route net _4790__bF$buf7
Finished routing net _6839_
Nets remaining: 21549
Finished routing net _6839__bF$buf0
Nets remaining: 21548
Finished routing net _6839__bF$buf1
Nets remaining: 21547
Finished routing net _6839__bF$buf2
Nets remaining: 21546
Finished routing net _6839__bF$buf3
Nets remaining: 21545
Finished routing net _6839__bF$buf4
Nets remaining: 21544
Finished routing net _6839__bF$buf5
Nets remaining: 21543
Finished routing net _6839__bF$buf6
Nets remaining: 21542
Finished routing net _6839__bF$buf7
Nets remaining: 21541
Finished routing net _7054_
Nets remaining: 21540
Failed to route net _7054__bF$buf0
Finished routing net _7054__bF$buf1
Nets remaining: 21539
Finished routing net _7054__bF$buf2
Nets remaining: 21538
Finished routing net _7054__bF$buf3
Nets remaining: 21537
Finished routing net _7054__bF$buf4
Nets remaining: 21536
Finished routing net _7054__bF$buf5
Nets remaining: 21535
Finished routing net _7054__bF$buf6
Nets remaining: 21534
Finished routing net _7054__bF$buf7
Nets remaining: 21533
Finished routing net _6901__bF$buf0
Nets remaining: 21532
Finished routing net \u_core.instr_15_bF$buf0\
Nets remaining: 21531
Finished routing net \u_core.instr_15_bF$buf1\
Nets remaining: 21530
Finished routing net \u_core.instr_15_bF$buf2\
Nets remaining: 21529
Finished routing net \u_core.instr_15_bF$buf3\
Nets remaining: 21528
Finished routing net \u_core.instr_15_bF$buf4\
Nets remaining: 21527
Finished routing net \u_core.instr_15_bF$buf5\
Nets remaining: 21526
Finished routing net \u_core.instr_15_bF$buf6\
Nets remaining: 21525
Finished routing net \u_core.instr_15_bF$buf7\
Nets remaining: 21524
Finished routing net \u_core.instr_15_bF$buf8\
Nets remaining: 21523
Finished routing net \u_core.instr_15_bF$buf9\
Nets remaining: 21522
Finished routing net \u_core.instr_15_bF$buf10\
Nets remaining: 21521
Finished routing net \u_core.instr_15_bF$buf11\
Nets remaining: 21520
Finished routing net \u_core.instr_15_bF$buf12\
Nets remaining: 21519
Finished routing net \u_core.instr_15_bF$buf13\
Nets remaining: 21518
Finished routing net \u_core.instr_15_bF$buf14\
Nets remaining: 21517
Finished routing net \u_core.instr_15_bF$buf15\
Nets remaining: 21516
Finished routing net \u_core.instr_15_bF$buf16\
Nets remaining: 21515
Finished routing net \u_core.instr_15_bF$buf17\
Nets remaining: 21514
Finished routing net \u_core.instr_15_bF$buf18\
Nets remaining: 21513
Finished routing net \u_core.instr_15_bF$buf19\
Nets remaining: 21512
Finished routing net \u_core.instr_15_bF$buf20\
Nets remaining: 21511
Finished routing net \u_core.instr_15_bF$buf21\
Nets remaining: 21510
Finished routing net \u_core.instr_15_bF$buf22\
Nets remaining: 21509
Finished routing net \u_core.instr_15_bF$buf23\
Nets remaining: 21508
Finished routing net \u_core.instr_15_bF$buf24\
Nets remaining: 21507
Finished routing net \u_core.instr_15_bF$buf25\
Nets remaining: 21506
Finished routing net \u_core.instr_15_bF$buf26\
Nets remaining: 21505
Finished routing net \u_core.instr_15_bF$buf27\
Nets remaining: 21504
Finished routing net \u_core.instr_15_bF$buf28\
Nets remaining: 21503
Finished routing net \u_core.instr_15_bF$buf29\
Nets remaining: 21502
Finished routing net \u_core.instr_15_bF$buf30\
Nets remaining: 21501
Finished routing net \u_core.instr_15_bF$buf31\
Nets remaining: 21500
Finished routing net \u_core.instr_15_bF$buf32\
Nets remaining: 21499
Finished routing net \u_core.instr_15_bF$buf33\
Nets remaining: 21498
Finished routing net \u_core.instr_15_bF$buf34\
Nets remaining: 21497
Finished routing net \u_core.instr_15_bF$buf35\
Nets remaining: 21496
Finished routing net \u_core.instr_15_bF$buf36\
Nets remaining: 21495
Finished routing net _15878_
Nets remaining: 21494
Finished routing net _15878__bF$buf0
Nets remaining: 21493
Finished routing net _15878__bF$buf1
Nets remaining: 21492
Finished routing net _15878__bF$buf2
Nets remaining: 21491
Finished routing net _15878__bF$buf3
Nets remaining: 21490
Finished routing net _15878__bF$buf4
Nets remaining: 21489
Finished routing net _15878__bF$buf5
Nets remaining: 21488
Finished routing net _15878__bF$buf6
Nets remaining: 21487
Finished routing net _15878__bF$buf7
Nets remaining: 21486
Finished routing net _1557__bF$buf3
Nets remaining: 21485
Finished routing net _1557__bF$buf4
Nets remaining: 21484
Finished routing net _1557__bF$buf5
Nets remaining: 21483
Finished routing net _1557__bF$buf6
Nets remaining: 21482
Finished routing net \u_core.alu_b_1_bF$buf0\
Nets remaining: 21481
Finished routing net \u_core.alu_b_1_bF$buf1\
Nets remaining: 21480
Finished routing net _6883__bF$buf0
Nets remaining: 21479
Finished routing net _16017_
Nets remaining: 21478
Finished routing net _16017__bF$buf0
Nets remaining: 21477
Finished routing net _16017__bF$buf1
Nets remaining: 21476
Finished routing net _16017__bF$buf2
Nets remaining: 21475
Finished routing net _16017__bF$buf3
Nets remaining: 21474
Finished routing net _16017__bF$buf4
Nets remaining: 21473
Finished routing net _16017__bF$buf5
Nets remaining: 21472
Finished routing net _16017__bF$buf6
Nets remaining: 21471
Finished routing net _16017__bF$buf7
Nets remaining: 21470
Finished routing net _7060_
Nets remaining: 21469
Finished routing net _7060__bF$buf0
Nets remaining: 21468
Finished routing net _7060__bF$buf1
Nets remaining: 21467
Failed to route net _7060__bF$buf2
Finished routing net _7060__bF$buf3
Nets remaining: 21466
Finished routing net _7060__bF$buf4
Nets remaining: 21465
Failed to route net _7060__bF$buf5
Finished routing net _7060__bF$buf6
Nets remaining: 21464
Finished routing net _7060__bF$buf7
Nets remaining: 21463
Finished routing net _16916_
Nets remaining: 21462
Finished routing net _16916__bF$buf0
Nets remaining: 21461
Finished routing net _16916__bF$buf1
Nets remaining: 21460
Finished routing net _16916__bF$buf2
Nets remaining: 21459
Finished routing net _16916__bF$buf3
Nets remaining: 21458
Finished routing net _16916__bF$buf4
Nets remaining: 21457
Finished routing net _16916__bF$buf5
Nets remaining: 21456
Finished routing net _16916__bF$buf6
Nets remaining: 21455
Finished routing net _16916__bF$buf7
Nets remaining: 21454
Finished routing net _9282__bF$buf2
Nets remaining: 21453
Failed to route net _9282__bF$buf3
Finished routing net _9282__bF$buf4
Nets remaining: 21452
Finished routing net _9282__bF$buf5
Nets remaining: 21451
Finished routing net _6910__bF$buf0
Nets remaining: 21450
Finished routing net _6892__bF$buf0
Nets remaining: 21449
Finished routing net _15946_
Nets remaining: 21448
Finished routing net _15946__bF$buf0
Nets remaining: 21447
Finished routing net _15946__bF$buf1
Nets remaining: 21446
Finished routing net _15946__bF$buf2
Nets remaining: 21445
Finished routing net _15946__bF$buf3
Nets remaining: 21444
Finished routing net _15946__bF$buf4
Nets remaining: 21443
Finished routing net _15946__bF$buf5
Nets remaining: 21442
Finished routing net _15946__bF$buf6
Nets remaining: 21441
Finished routing net _15946__bF$buf7
Nets remaining: 21440
Finished routing net _4958__bF$buf2
Nets remaining: 21439
Finished routing net _4958__bF$buf3
Nets remaining: 21438
Finished routing net _4958__bF$buf4
Nets remaining: 21437
Finished routing net _4958__bF$buf5
Nets remaining: 21436
Finished routing net \u_core.alu_res_0_bF$buf3\
Nets remaining: 21435
Finished routing net \u_core.alu_res_0_bF$buf4\
Nets remaining: 21434
Finished routing net \u_core.alu_res_0_bF$buf5\
Nets remaining: 21433
Finished routing net _16452_
Nets remaining: 21432
Finished routing net _16452__bF$buf0
Nets remaining: 21431
Finished routing net _16452__bF$buf1
Nets remaining: 21430
Finished routing net _16452__bF$buf2
Nets remaining: 21429
Finished routing net _16452__bF$buf3
Nets remaining: 21428
Finished routing net _16452__bF$buf4
Nets remaining: 21427
Finished routing net _16452__bF$buf5
Nets remaining: 21426
Finished routing net _16452__bF$buf6
Nets remaining: 21425
Finished routing net _16452__bF$buf7
Nets remaining: 21424
Finished routing net _16320_
Nets remaining: 21423
Finished routing net _16320__bF$buf0
Nets remaining: 21422
Finished routing net _16320__bF$buf1
Nets remaining: 21421
Finished routing net _16320__bF$buf2
Nets remaining: 21420
Finished routing net _16320__bF$buf3
Nets remaining: 21419
Finished routing net _16320__bF$buf4
Nets remaining: 21418
Finished routing net _16320__bF$buf5
Nets remaining: 21417
Finished routing net _16320__bF$buf6
Nets remaining: 21416
Finished routing net _16320__bF$buf7
Nets remaining: 21415
Finished routing net _6919__bF$buf0
Nets remaining: 21414
Finished routing net _6919__bF$buf1
Nets remaining: 21413
Finished routing net _6919__bF$buf2
Nets remaining: 21412
Finished routing net _6919__bF$buf3
Nets remaining: 21411
Finished routing net _6919__bF$buf4
Nets remaining: 21410
Finished routing net _6919__bF$buf5
Nets remaining: 21409
Finished routing net _6919__bF$buf6
Nets remaining: 21408
Finished routing net _16684_
Nets remaining: 21407
Finished routing net _16684__bF$buf0
Nets remaining: 21406
Finished routing net _16684__bF$buf1
Nets remaining: 21405
Finished routing net _16684__bF$buf2
Nets remaining: 21404
Finished routing net _16684__bF$buf3
Nets remaining: 21403
Finished routing net _16684__bF$buf4
Nets remaining: 21402
Finished routing net _16684__bF$buf5
Nets remaining: 21401
Finished routing net _16684__bF$buf6
Nets remaining: 21400
Finished routing net _16684__bF$buf7
Nets remaining: 21399
Finished routing net _6825_
Nets remaining: 21398
Finished routing net _6825__bF$buf0
Nets remaining: 21397
Finished routing net _6825__bF$buf1
Nets remaining: 21396
Finished routing net _6825__bF$buf2
Nets remaining: 21395
Finished routing net _6825__bF$buf3
Nets remaining: 21394
Finished routing net _6825__bF$buf4
Nets remaining: 21393
Finished routing net _6825__bF$buf5
Nets remaining: 21392
Finished routing net _6825__bF$buf6
Nets remaining: 21391
Finished routing net _6825__bF$buf7
Nets remaining: 21390
Finished routing net _16784_
Nets remaining: 21389
Finished routing net _16784__bF$buf0
Nets remaining: 21388
Finished routing net _16784__bF$buf1
Nets remaining: 21387
Finished routing net _16784__bF$buf2
Nets remaining: 21386
Finished routing net _16784__bF$buf3
Nets remaining: 21385
Finished routing net _16784__bF$buf4
Nets remaining: 21384
Finished routing net _16784__bF$buf5
Nets remaining: 21383
Finished routing net _16784__bF$buf6
Nets remaining: 21382
Finished routing net _16784__bF$buf7
Nets remaining: 21381
Finished routing net _4800_
Nets remaining: 21380
Failed to route net _4800__bF$buf0
Failed to route net _4800__bF$buf1
Failed to route net _4800__bF$buf2
Failed to route net _4800__bF$buf3
Failed to route net _4800__bF$buf4
Failed to route net _4800__bF$buf5
Finished routing net _6831_
Nets remaining: 21379
Finished routing net _6831__bF$buf0
Nets remaining: 21378
Finished routing net _6831__bF$buf1
Nets remaining: 21377
Finished routing net _6831__bF$buf2
Nets remaining: 21376
Finished routing net _6831__bF$buf3
Nets remaining: 21375
Finished routing net _6831__bF$buf4
Nets remaining: 21374
Finished routing net _6831__bF$buf5
Nets remaining: 21373
Finished routing net _6831__bF$buf6
Nets remaining: 21372
Finished routing net _6831__bF$buf7
Nets remaining: 21371
Finished routing net _1317__bF$buf5
Nets remaining: 21370
Finished routing net _1317__bF$buf6
Nets remaining: 21369
Finished routing net _6837_
Nets remaining: 21368
Finished routing net _6837__bF$buf0
Nets remaining: 21367
Finished routing net _6837__bF$buf1
Nets remaining: 21366
Finished routing net _6837__bF$buf2
Nets remaining: 21365
Finished routing net _6837__bF$buf3
Nets remaining: 21364
Finished routing net _6837__bF$buf4
Nets remaining: 21363
Finished routing net _6837__bF$buf5
Nets remaining: 21362
Finished routing net _6837__bF$buf6
Nets remaining: 21361
Finished routing net _6837__bF$buf7
Nets remaining: 21360
Finished routing net _16050_
Nets remaining: 21359
Finished routing net _16050__bF$buf0
Nets remaining: 21358
Finished routing net _16050__bF$buf1
Nets remaining: 21357
Finished routing net _16050__bF$buf2
Nets remaining: 21356
Finished routing net _16050__bF$buf3
Nets remaining: 21355
Finished routing net _16050__bF$buf4
Nets remaining: 21354
Finished routing net _16050__bF$buf5
Nets remaining: 21353
Finished routing net _16050__bF$buf6
Nets remaining: 21352
Finished routing net _16050__bF$buf7
Nets remaining: 21351
Finished routing net \u_core.alu_src_a\
Nets remaining: 21350
Finished routing net \u_core.alu_src_a_bF$buf0\
Nets remaining: 21349
Finished routing net \u_core.alu_src_a_bF$buf1\
Nets remaining: 21348
Finished routing net \u_core.alu_src_a_bF$buf2\
Nets remaining: 21347
Finished routing net \u_core.alu_src_a_bF$buf3\
Nets remaining: 21346
Finished routing net \u_core.alu_src_a_bF$buf4\
Nets remaining: 21345
Finished routing net \u_core.alu_src_a_bF$buf5\
Nets remaining: 21344
Finished routing net \u_core.alu_src_a_bF$buf6\
Nets remaining: 21343
Finished routing net \u_core.alu_src_a_bF$buf7\
Nets remaining: 21342
Finished routing net ui_in_0_bF$buf0
Nets remaining: 21341
Finished routing net ui_in_0_bF$buf1
Nets remaining: 21340
Finished routing net ui_in_0_bF$buf2
Nets remaining: 21339
Finished routing net ui_in_0_bF$buf3
Nets remaining: 21338
Finished routing net ui_in_0_bF$buf4
Nets remaining: 21337
Finished routing net ui_in_0_bF$buf5
Nets remaining: 21336
Finished routing net ui_in_0_bF$buf6
Nets remaining: 21335
Finished routing net ui_in_0_bF$buf7
Nets remaining: 21334
Finished routing net ui_in_0_bF$buf8
Nets remaining: 21333
Finished routing net ui_in_0_bF$buf9
Nets remaining: 21332
Finished routing net ui_in_0_bF$buf10
Nets remaining: 21331
Finished routing net ui_in_0_bF$buf11
Nets remaining: 21330
Finished routing net ui_in_0_bF$buf12
Nets remaining: 21329
Finished routing net ui_in_0_bF$buf13
Nets remaining: 21328
Finished routing net ui_in_0_bF$buf14
Nets remaining: 21327
Finished routing net ui_in_0_bF$buf15
Nets remaining: 21326
Finished routing net ui_in_0_bF$buf16
Nets remaining: 21325
Finished routing net ui_in_0_bF$buf17
Nets remaining: 21324
Finished routing net ui_in_0_bF$buf18
Nets remaining: 21323
Finished routing net ui_in_0_bF$buf19
Nets remaining: 21322
Finished routing net ui_in_0_bF$buf20
Nets remaining: 21321
Finished routing net ui_in_0_bF$buf21
Nets remaining: 21320
Finished routing net ui_in_0_bF$buf22
Nets remaining: 21319
Finished routing net ui_in_0_bF$buf23
Nets remaining: 21318
Finished routing net ui_in_0_bF$buf24
Nets remaining: 21317
Finished routing net ui_in_0_bF$buf25
Nets remaining: 21316
Finished routing net ui_in_0_bF$buf26
Nets remaining: 21315
Finished routing net ui_in_0_bF$buf27
Nets remaining: 21314
Finished routing net ui_in_0_bF$buf28
Nets remaining: 21313
Finished routing net ui_in_0_bF$buf29
Nets remaining: 21312
Finished routing net _16817_
Nets remaining: 21311
Finished routing net _16817__bF$buf0
Nets remaining: 21310
Finished routing net _16817__bF$buf1
Nets remaining: 21309
Finished routing net _16817__bF$buf2
Nets remaining: 21308
Finished routing net _16817__bF$buf3
Nets remaining: 21307
Finished routing net _16817__bF$buf4
Nets remaining: 21306
Finished routing net _16817__bF$buf5
Nets remaining: 21305
Finished routing net _16817__bF$buf6
Nets remaining: 21304
Finished routing net _16817__bF$buf7
Nets remaining: 21303
Finished routing net \u_core.alu_b\[2]
Nets remaining: 21302
Finished routing net \u_core.alu_b_2_bF$buf0\
Nets remaining: 21301
Finished routing net \u_core.alu_b_2_bF$buf1\
Nets remaining: 21300
Finished routing net \u_core.alu_b_2_bF$buf2\
Nets remaining: 21299
Finished routing net \u_core.alu_b_2_bF$buf3\
Nets remaining: 21298
Finished routing net \u_core.alu_b_2_bF$buf4\
Nets remaining: 21297
Finished routing net \u_core.alu_b_2_bF$buf5\
Nets remaining: 21296
Finished routing net \u_core.alu_b_2_bF$buf6\
Nets remaining: 21295
Finished routing net _16153_
Nets remaining: 21294
Finished routing net _16153__bF$buf0
Nets remaining: 21293
Finished routing net _16153__bF$buf1
Nets remaining: 21292
Finished routing net _16153__bF$buf2
Nets remaining: 21291
Finished routing net _16153__bF$buf3
Nets remaining: 21290
Finished routing net _16153__bF$buf4
Nets remaining: 21289
Finished routing net _16153__bF$buf5
Nets remaining: 21288
Finished routing net _16153__bF$buf6
Nets remaining: 21287
Finished routing net _16153__bF$buf7
Nets remaining: 21286
Failed to route net _4797_
Finished routing net _16253_
Nets remaining: 21285
Finished routing net _16253__bF$buf0
Nets remaining: 21284
Finished routing net _16253__bF$buf1
Nets remaining: 21283
Finished routing net _16253__bF$buf2
Nets remaining: 21282
Finished routing net _16253__bF$buf3
Nets remaining: 21281
Finished routing net _16253__bF$buf4
Nets remaining: 21280
Finished routing net _16253__bF$buf5
Nets remaining: 21279
Finished routing net _16253__bF$buf6
Nets remaining: 21278
Finished routing net _16253__bF$buf7
Nets remaining: 21277
Finished routing net _16485_
Nets remaining: 21276
Finished routing net _16485__bF$buf0
Nets remaining: 21275
Finished routing net _16485__bF$buf1
Nets remaining: 21274
Finished routing net _16485__bF$buf2
Nets remaining: 21273
Finished routing net _16485__bF$buf3
Nets remaining: 21272
Finished routing net _16485__bF$buf4
Nets remaining: 21271
Finished routing net _16485__bF$buf5
Nets remaining: 21270
Finished routing net _16485__bF$buf6
Nets remaining: 21269
Finished routing net _16485__bF$buf7
Nets remaining: 21268
Finished routing net \u_core.jalr_bF$buf0\
Nets remaining: 21267
Finished routing net \u_core.jalr_bF$buf1\
Nets remaining: 21266
Finished routing net \u_core.jalr_bF$buf2\
Nets remaining: 21265
Finished routing net \u_core.jalr_bF$buf3\
Nets remaining: 21264
Finished routing net \u_core.jalr_bF$buf4\
Nets remaining: 21263
Finished routing net \u_core.jalr_bF$buf5\
Nets remaining: 21262
Finished routing net _16353_
Nets remaining: 21261
Finished routing net _16353__bF$buf0
Nets remaining: 21260
Finished routing net _16353__bF$buf1
Nets remaining: 21259
Finished routing net _16353__bF$buf2
Nets remaining: 21258
Finished routing net _16353__bF$buf3
Nets remaining: 21257
Finished routing net _16353__bF$buf4
Nets remaining: 21256
Finished routing net _16353__bF$buf5
Nets remaining: 21255
Finished routing net _16353__bF$buf6
Nets remaining: 21254
Finished routing net _16353__bF$buf7
Nets remaining: 21253
Finished routing net _14169_
Nets remaining: 21252
Finished routing net _14169__bF$buf0
Nets remaining: 21251
Finished routing net _14169__bF$buf1
Nets remaining: 21250
Finished routing net _14169__bF$buf2
Nets remaining: 21249
Finished routing net _14169__bF$buf3
Nets remaining: 21248
Finished routing net _14169__bF$buf4
Nets remaining: 21247
Finished routing net _14169__bF$buf5
Nets remaining: 21246
Finished routing net _14169__bF$buf6
Nets remaining: 21245
Finished routing net _14169__bF$buf7
Nets remaining: 21244
Finished routing net _6820_
Nets remaining: 21243
Finished routing net _6820__bF$buf0
Nets remaining: 21242
Finished routing net _6820__bF$buf1
Nets remaining: 21241
Failed to route net _6820__bF$buf2
Finished routing net _6820__bF$buf3
Nets remaining: 21240
Finished routing net _6820__bF$buf4
Nets remaining: 21239
Finished routing net _6820__bF$buf5
Nets remaining: 21238
Finished routing net _6820__bF$buf6
Nets remaining: 21237
Finished routing net _6820__bF$buf7
Nets remaining: 21236
Finished routing net _4827__bF$buf0
Nets remaining: 21235
Finished routing net _4827__bF$buf1
Nets remaining: 21234
Finished routing net _4827__bF$buf2
Nets remaining: 21233
Finished routing net _4827__bF$buf3
Nets remaining: 21232
Finished routing net _4827__bF$buf4
Nets remaining: 21231
Finished routing net _4827__bF$buf5
Nets remaining: 21230
Finished routing net _16585_
Nets remaining: 21229
Finished routing net _16585__bF$buf0
Nets remaining: 21228
Finished routing net _16585__bF$buf1
Nets remaining: 21227
Finished routing net _16585__bF$buf2
Nets remaining: 21226
Finished routing net _16585__bF$buf3
Nets remaining: 21225
Finished routing net _16585__bF$buf4
Nets remaining: 21224
Finished routing net _16585__bF$buf5
Nets remaining: 21223
Finished routing net _16585__bF$buf6
Nets remaining: 21222
Finished routing net _16585__bF$buf7
Nets remaining: 21221
Finished routing net _12467_
Nets remaining: 21220
Finished routing net _12467__bF$buf0
Nets remaining: 21219
Finished routing net _12467__bF$buf1
Nets remaining: 21218
Finished routing net _12467__bF$buf2
Nets remaining: 21217
Finished routing net _12467__bF$buf3
Nets remaining: 21216
Finished routing net _12467__bF$buf4
Nets remaining: 21215
Finished routing net _12467__bF$buf5
Nets remaining: 21214
Finished routing net _12467__bF$buf6
Nets remaining: 21213
Finished routing net _12467__bF$buf7
Nets remaining: 21212
Finished routing net _10445_
Nets remaining: 21211
Finished routing net _10445__bF$buf0
Nets remaining: 21210
Finished routing net _10445__bF$buf1
Nets remaining: 21209
Finished routing net _10445__bF$buf2
Nets remaining: 21208
Finished routing net _10445__bF$buf3
Nets remaining: 21207
Finished routing net _10445__bF$buf4
Nets remaining: 21206
Finished routing net _10445__bF$buf5
Nets remaining: 21205
Finished routing net _10445__bF$buf6
Nets remaining: 21204
Finished routing net _10445__bF$buf7
Nets remaining: 21203
Finished routing net _6829_
Nets remaining: 21202
Finished routing net _6829__bF$buf0
Nets remaining: 21201
Finished routing net _6829__bF$buf1
Nets remaining: 21200
Finished routing net _6829__bF$buf2
Nets remaining: 21199
Finished routing net _6829__bF$buf3
Nets remaining: 21198
Finished routing net _6829__bF$buf4
Nets remaining: 21197
Finished routing net _6829__bF$buf5
Nets remaining: 21196
Finished routing net _6829__bF$buf6
Nets remaining: 21195
Finished routing net _6829__bF$buf7
Nets remaining: 21194
Finished routing net _16518_
Nets remaining: 21193
Finished routing net _16518__bF$buf0
Nets remaining: 21192
Finished routing net _16518__bF$buf1
Nets remaining: 21191
Finished routing net _16518__bF$buf2
Nets remaining: 21190
Finished routing net _16518__bF$buf3
Nets remaining: 21189
Finished routing net _16518__bF$buf4
Nets remaining: 21188
Finished routing net _16518__bF$buf5
Nets remaining: 21187
Finished routing net _16518__bF$buf6
Nets remaining: 21186
Finished routing net _16518__bF$buf7
Nets remaining: 21185
Finished routing net _6835_
Nets remaining: 21184
Finished routing net _6835__bF$buf0
Nets remaining: 21183
Finished routing net _6835__bF$buf1
Nets remaining: 21182
Finished routing net _6835__bF$buf2
Nets remaining: 21181
Finished routing net _6835__bF$buf3
Nets remaining: 21180
Finished routing net _6835__bF$buf4
Nets remaining: 21179
Finished routing net _6835__bF$buf5
Nets remaining: 21178
Finished routing net _6835__bF$buf6
Nets remaining: 21177
Finished routing net _6835__bF$buf7
Nets remaining: 21176
Finished routing net _16618_
Nets remaining: 21175
Finished routing net _16618__bF$buf0
Nets remaining: 21174
Finished routing net _16618__bF$buf1
Nets remaining: 21173
Finished routing net _16618__bF$buf2
Nets remaining: 21172
Finished routing net _16618__bF$buf3
Nets remaining: 21171
Finished routing net _16618__bF$buf4
Nets remaining: 21170
Finished routing net _16618__bF$buf5
Nets remaining: 21169
Finished routing net _16618__bF$buf6
Nets remaining: 21168
Finished routing net _16618__bF$buf7
Nets remaining: 21167
Finished routing net _7012__bF$buf0
Nets remaining: 21166
Finished routing net _7012__bF$buf1
Nets remaining: 21165
Finished routing net _7012__bF$buf2
Nets remaining: 21164
Finished routing net _7012__bF$buf3
Nets remaining: 21163
Failed to route net _7012__bF$buf4
Finished routing net _7012__bF$buf5
Nets remaining: 21162
Finished routing net _7012__bF$buf6
Nets remaining: 21161
Failed to route net _7012__bF$buf7
Finished routing net _7012__bF$buf8
Nets remaining: 21160
Finished routing net _7012__bF$buf9
Nets remaining: 21159
Finished routing net _7012__bF$buf10
Nets remaining: 21158
Finished routing net _7012__bF$buf11
Nets remaining: 21157
Finished routing net _7012__bF$buf12
Nets remaining: 21156
Finished routing net _7012__bF$buf13
Nets remaining: 21155
Finished routing net _7012__bF$buf14
Nets remaining: 21154
Finished routing net _7012__bF$buf15
Nets remaining: 21153
Finished routing net _7012__bF$buf16
Nets remaining: 21152
Finished routing net _7012__bF$buf17
Nets remaining: 21151
Finished routing net _7012__bF$buf18
Nets remaining: 21150
Finished routing net _7012__bF$buf19
Nets remaining: 21149
Finished routing net _7012__bF$buf20
Nets remaining: 21148
Finished routing net _7012__bF$buf21
Nets remaining: 21147
Finished routing net _7012__bF$buf22
Nets remaining: 21146
Failed to route net _7012__bF$buf23
Finished routing net _7012__bF$buf24
Nets remaining: 21145
Finished routing net _7012__bF$buf25
Nets remaining: 21144
Finished routing net _7012__bF$buf26
Nets remaining: 21143
Finished routing net _7012__bF$buf27
Nets remaining: 21142
Finished routing net _7012__bF$buf28
Nets remaining: 21141
Finished routing net _7012__bF$buf29
Nets remaining: 21140
Finished routing net _7012__bF$buf30
Nets remaining: 21139
Finished routing net _7012__bF$buf31
Nets remaining: 21138
Finished routing net _7012__bF$buf32
Nets remaining: 21137
Failed to route net _7012__bF$buf33
Finished routing net _7012__bF$buf34
Nets remaining: 21136
Finished routing net _7012__bF$buf35
Nets remaining: 21135
Finished routing net _7012__bF$buf36
Nets remaining: 21134
Finished routing net _7012__bF$buf37
Nets remaining: 21133
Finished routing net _7012__bF$buf38
Nets remaining: 21132
Finished routing net _7012__bF$buf39
Nets remaining: 21131
Failed to route net _7012__bF$buf40
Finished routing net _7012__bF$buf41
Nets remaining: 21130
Finished routing net _7012__bF$buf42
Nets remaining: 21129
Finished routing net _7012__bF$buf43
Nets remaining: 21128
Finished routing net _16850_
Nets remaining: 21127
Finished routing net _16850__bF$buf0
Nets remaining: 21126
Finished routing net _16850__bF$buf1
Nets remaining: 21125
Finished routing net _16850__bF$buf2
Nets remaining: 21124
Finished routing net _16850__bF$buf3
Nets remaining: 21123
Finished routing net _16850__bF$buf4
Nets remaining: 21122
Finished routing net _16850__bF$buf5
Nets remaining: 21121
Finished routing net _16850__bF$buf6
Nets remaining: 21120
Finished routing net _16850__bF$buf7
Nets remaining: 21119
Finished routing net _16086_
Nets remaining: 21118
Finished routing net _16086__bF$buf0
Nets remaining: 21117
Finished routing net _16086__bF$buf1
Nets remaining: 21116
Finished routing net _16086__bF$buf2
Nets remaining: 21115
Finished routing net _16086__bF$buf3
Nets remaining: 21114
Finished routing net _16086__bF$buf4
Nets remaining: 21113
Finished routing net _16086__bF$buf5
Nets remaining: 21112
Finished routing net _16086__bF$buf6
Nets remaining: 21111
Finished routing net _16086__bF$buf7
Nets remaining: 21110
Finished routing net _16718_
Nets remaining: 21109
Finished routing net _16718__bF$buf0
Nets remaining: 21108
Finished routing net _16718__bF$buf1
Nets remaining: 21107
Finished routing net _16718__bF$buf2
Nets remaining: 21106
Finished routing net _16718__bF$buf3
Nets remaining: 21105
Finished routing net _16718__bF$buf4
Nets remaining: 21104
Finished routing net _16718__bF$buf5
Nets remaining: 21103
Finished routing net _16718__bF$buf6
Nets remaining: 21102
Finished routing net _16718__bF$buf7
Nets remaining: 21101
Finished routing net \u_core.alu_src_b_bF$buf0\
Nets remaining: 21100
Finished routing net \u_core.alu_src_b_bF$buf1\
Nets remaining: 21099
Finished routing net \u_core.alu_src_b_bF$buf2\
Nets remaining: 21098
Finished routing net \u_core.alu_src_b_bF$buf3\
Nets remaining: 21097
Finished routing net \u_core.alu_src_b_bF$buf4\
Nets remaining: 21096
Finished routing net _16186_
Nets remaining: 21095
Finished routing net _16186__bF$buf0
Nets remaining: 21094
Finished routing net _16186__bF$buf1
Nets remaining: 21093
Finished routing net _16186__bF$buf2
Nets remaining: 21092
Finished routing net _16186__bF$buf3
Nets remaining: 21091
Finished routing net _16186__bF$buf4
Nets remaining: 21090
Finished routing net _16186__bF$buf5
Nets remaining: 21089
Finished routing net _16186__bF$buf6
Nets remaining: 21088
Finished routing net _16186__bF$buf7
Nets remaining: 21087
Finished routing net _4813_
Nets remaining: 21086
Finished routing net _4813__bF$buf0
Nets remaining: 21085
Finished routing net _4813__bF$buf1
Nets remaining: 21084
Finished routing net _4813__bF$buf2
Nets remaining: 21083
Finished routing net _4813__bF$buf3
Nets remaining: 21082
Finished routing net _4813__bF$buf4
Nets remaining: 21081
Finished routing net _4813__bF$buf5
Nets remaining: 21080
Finished routing net _7018_
Nets remaining: 21079
Finished routing net _7018__bF$buf0
Nets remaining: 21078
Finished routing net _7018__bF$buf1
Nets remaining: 21077
Finished routing net _7018__bF$buf2
Nets remaining: 21076
Finished routing net _7018__bF$buf3
Nets remaining: 21075
Finished routing net _7018__bF$buf4
Nets remaining: 21074
Finished routing net _7018__bF$buf5
Nets remaining: 21073
Finished routing net _7018__bF$buf6
Nets remaining: 21072
Failed to route net _7018__bF$buf7
Finished routing net \u_core.alu_b\[3]
Nets remaining: 21071
Finished routing net \u_core.alu_b_3_bF$buf0\
Nets remaining: 21070
Finished routing net \u_core.alu_b_3_bF$buf1\
Nets remaining: 21069
Finished routing net \u_core.alu_b_3_bF$buf2\
Nets remaining: 21068
Finished routing net \u_core.alu_b_3_bF$buf3\
Nets remaining: 21067
Finished routing net \u_core.alu_b_3_bF$buf4\
Nets remaining: 21066
Finished routing net \u_core.alu_b_3_bF$buf5\
Nets remaining: 21065
Finished routing net _16286_
Nets remaining: 21064
Finished routing net _16286__bF$buf0
Nets remaining: 21063
Finished routing net _16286__bF$buf1
Nets remaining: 21062
Finished routing net _16286__bF$buf2
Nets remaining: 21061
Finished routing net _16286__bF$buf3
Nets remaining: 21060
Finished routing net _16286__bF$buf4
Nets remaining: 21059
Finished routing net _16286__bF$buf5
Nets remaining: 21058
Finished routing net _16286__bF$buf6
Nets remaining: 21057
Finished routing net _16286__bF$buf7
Nets remaining: 21056
Finished routing net \u_core.instr_20_bF$buf0\
Nets remaining: 21055
Finished routing net \u_core.instr_20_bF$buf1\
Nets remaining: 21054
Finished routing net \u_core.instr_20_bF$buf2\
Nets remaining: 21053
Finished routing net \u_core.instr_20_bF$buf3\
Nets remaining: 21052
Finished routing net \u_core.instr_20_bF$buf4\
Nets remaining: 21051
Finished routing net \u_core.instr_20_bF$buf5\
Nets remaining: 21050
Finished routing net \u_core.instr_20_bF$buf6\
Nets remaining: 21049
Finished routing net \u_core.instr_20_bF$buf7\
Nets remaining: 21048
Finished routing net \u_core.instr_20_bF$buf8\
Nets remaining: 21047
Finished routing net \u_core.instr_20_bF$buf9\
Nets remaining: 21046
Finished routing net \u_core.instr_20_bF$buf10\
Nets remaining: 21045
Finished routing net \u_core.instr_20_bF$buf11\
Nets remaining: 21044
Finished routing net \u_core.instr_20_bF$buf12\
Nets remaining: 21043
Finished routing net \u_core.instr_20_bF$buf13\
Nets remaining: 21042
Finished routing net \u_core.instr_20_bF$buf14\
Nets remaining: 21041
Finished routing net \u_core.instr_20_bF$buf15\
Nets remaining: 21040
Finished routing net \u_core.instr_20_bF$buf16\
Nets remaining: 21039
Finished routing net \u_core.instr_20_bF$buf17\
Nets remaining: 21038
Finished routing net \u_core.instr_20_bF$buf18\
Nets remaining: 21037
Finished routing net \u_core.instr_20_bF$buf19\
Nets remaining: 21036
Finished routing net \u_core.instr_20_bF$buf20\
Nets remaining: 21035
Finished routing net \u_core.instr_20_bF$buf21\
Nets remaining: 21034
Finished routing net \u_core.instr_20_bF$buf22\
Nets remaining: 21033
Finished routing net \u_core.instr_20_bF$buf23\
Nets remaining: 21032
Finished routing net \u_core.instr_20_bF$buf24\
Nets remaining: 21031
Finished routing net \u_core.instr_20_bF$buf25\
Nets remaining: 21030
Finished routing net \u_core.instr_20_bF$buf26\
Nets remaining: 21029
Finished routing net \u_core.instr_20_bF$buf27\
Nets remaining: 21028
Finished routing net \u_core.instr_20_bF$buf28\
Nets remaining: 21027
Finished routing net \u_core.instr_20_bF$buf29\
Nets remaining: 21026
Finished routing net \u_core.instr_20_bF$buf30\
Nets remaining: 21025
Finished routing net \u_core.instr_20_bF$buf31\
Nets remaining: 21024
Finished routing net \u_core.instr_20_bF$buf32\
Nets remaining: 21023
Finished routing net \u_core.instr_20_bF$buf33\
Nets remaining: 21022
Finished routing net \u_core.instr_20_bF$buf34\
Nets remaining: 21021
Finished routing net \u_core.instr_20_bF$buf35\
Nets remaining: 21020
Finished routing net \u_core.instr_20_bF$buf36\
Nets remaining: 21019
Finished routing net _7024_
Nets remaining: 21018
Finished routing net _7024__bF$buf0
Nets remaining: 21017
Failed to route net _7024__bF$buf1
Finished routing net _7024__bF$buf2
Nets remaining: 21016
Failed to route net _7024__bF$buf3
Finished routing net _7024__bF$buf4
Nets remaining: 21015
Finished routing net _7024__bF$buf5
Nets remaining: 21014
Finished routing net _7024__bF$buf6
Nets remaining: 21013
Failed to route net _7024__bF$buf7
Finished routing net _16386_
Nets remaining: 21012
Finished routing net _16386__bF$buf0
Nets remaining: 21011
Finished routing net _16386__bF$buf1
Nets remaining: 21010
Finished routing net _16386__bF$buf2
Nets remaining: 21009
Finished routing net _16386__bF$buf3
Nets remaining: 21008
Finished routing net _16386__bF$buf4
Nets remaining: 21007
Finished routing net _16386__bF$buf5
Nets remaining: 21006
Finished routing net _16386__bF$buf6
Nets remaining: 21005
Finished routing net _16386__bF$buf7
Nets remaining: 21004
Finished routing net _15983_
Nets remaining: 21003
Finished routing net _15983__bF$buf0
Nets remaining: 21002
Finished routing net _15983__bF$buf1
Nets remaining: 21001
Finished routing net _15983__bF$buf2
Nets remaining: 21000
Finished routing net _15983__bF$buf3
Nets remaining: 20999
Finished routing net _15983__bF$buf4
Nets remaining: 20998
Finished routing net _15983__bF$buf5
Nets remaining: 20997
Finished routing net _15983__bF$buf6
Nets remaining: 20996
Finished routing net _15983__bF$buf7
Nets remaining: 20995
Finished routing net _16119_
Nets remaining: 20994
Finished routing net _16119__bF$buf0
Nets remaining: 20993
Finished routing net _16119__bF$buf1
Nets remaining: 20992
Finished routing net _16119__bF$buf2
Nets remaining: 20991
Finished routing net _16119__bF$buf3
Nets remaining: 20990
Finished routing net _16119__bF$buf4
Nets remaining: 20989
Finished routing net _16119__bF$buf5
Nets remaining: 20988
Finished routing net _16119__bF$buf6
Nets remaining: 20987
Finished routing net _16119__bF$buf7
Nets remaining: 20986
Finished routing net _7030_
Nets remaining: 20985
Finished routing net _7030__bF$buf0
Nets remaining: 20984
Failed to route net _7030__bF$buf1
Failed to route net _7030__bF$buf2
Finished routing net _7030__bF$buf3
Nets remaining: 20983
Finished routing net _7030__bF$buf4
Nets remaining: 20982
Finished routing net _7030__bF$buf5
Nets remaining: 20981
Finished routing net _7030__bF$buf6
Nets remaining: 20980
Finished routing net _7030__bF$buf7
Nets remaining: 20979
Finished routing net _14167__bF$buf32
Nets remaining: 20978
Finished routing net _14167__bF$buf33
Nets remaining: 20977
Finished routing net _14167__bF$buf34
Nets remaining: 20976
Finished routing net _14167__bF$buf35
Nets remaining: 20975
Finished routing net _14167__bF$buf36
Nets remaining: 20974
Finished routing net _14167__bF$buf37
Nets remaining: 20973
Finished routing net _14167__bF$buf38
Nets remaining: 20972
Finished routing net _14167__bF$buf39
Nets remaining: 20971
Finished routing net _14167__bF$buf40
Nets remaining: 20970
Finished routing net _14167__bF$buf41
Nets remaining: 20969
Finished routing net _14167__bF$buf42
Nets remaining: 20968
Finished routing net _14167__bF$buf43
Nets remaining: 20967
Finished routing net _14167__bF$buf44
Nets remaining: 20966
Finished routing net _14167__bF$buf45
Nets remaining: 20965
Finished routing net _14167__bF$buf46
Nets remaining: 20964
Finished routing net _14167__bF$buf47
Nets remaining: 20963
Finished routing net _14167__bF$buf48
Nets remaining: 20962
Finished routing net _14167__bF$buf49
Nets remaining: 20961
Finished routing net _14167__bF$buf50
Nets remaining: 20960
Finished routing net _14167__bF$buf51
Nets remaining: 20959
Finished routing net _6856__bF$buf0
Nets remaining: 20958
Finished routing net _16219_
Nets remaining: 20957
Finished routing net _16219__bF$buf0
Nets remaining: 20956
Finished routing net _16219__bF$buf1
Nets remaining: 20955
Finished routing net _16219__bF$buf2
Nets remaining: 20954
Finished routing net _16219__bF$buf3
Nets remaining: 20953
Finished routing net _16219__bF$buf4
Nets remaining: 20952
Finished routing net _16219__bF$buf5
Nets remaining: 20951
Finished routing net _16219__bF$buf6
Nets remaining: 20950
Finished routing net _16219__bF$buf7
Nets remaining: 20949
Finished routing net _12465__bF$buf32
Nets remaining: 20948
Finished routing net _12465__bF$buf33
Nets remaining: 20947
Finished routing net _12465__bF$buf34
Nets remaining: 20946
Finished routing net _12465__bF$buf35
Nets remaining: 20945
Finished routing net _12465__bF$buf36
Nets remaining: 20944
Finished routing net _12465__bF$buf37
Nets remaining: 20943
Finished routing net _12465__bF$buf38
Nets remaining: 20942
Finished routing net _12465__bF$buf39
Nets remaining: 20941
Finished routing net _12465__bF$buf40
Nets remaining: 20940
Finished routing net _12465__bF$buf41
Nets remaining: 20939
Finished routing net _12465__bF$buf42
Nets remaining: 20938
Finished routing net _12465__bF$buf43
Nets remaining: 20937
Finished routing net _12465__bF$buf44
Nets remaining: 20936
Finished routing net _12465__bF$buf45
Nets remaining: 20935
Finished routing net _12465__bF$buf46
Nets remaining: 20934
Finished routing net _12465__bF$buf47
Nets remaining: 20933
Finished routing net _12465__bF$buf48
Nets remaining: 20932
Finished routing net _12465__bF$buf49
Nets remaining: 20931
Finished routing net _12465__bF$buf50
Nets remaining: 20930
Finished routing net _12465__bF$buf51
Nets remaining: 20929
Finished routing net _7036_
Nets remaining: 20928
Finished routing net _7036__bF$buf0
Nets remaining: 20927
Finished routing net _7036__bF$buf1
Nets remaining: 20926
Finished routing net _7036__bF$buf2
Nets remaining: 20925
Finished routing net _7036__bF$buf3
Nets remaining: 20924
Failed to route net _7036__bF$buf4
Finished routing net _7036__bF$buf5
Nets remaining: 20923
Failed to route net _7036__bF$buf6
Failed to route net _7036__bF$buf7
Finished routing net _16551_
Nets remaining: 20922
Finished routing net _16551__bF$buf0
Nets remaining: 20921
Finished routing net _16551__bF$buf1
Nets remaining: 20920
Finished routing net _16551__bF$buf2
Nets remaining: 20919
Finished routing net _16551__bF$buf3
Nets remaining: 20918
Finished routing net _16551__bF$buf4
Nets remaining: 20917
Finished routing net _16551__bF$buf5
Nets remaining: 20916
Finished routing net _16551__bF$buf6
Nets remaining: 20915
Finished routing net _16551__bF$buf7
Nets remaining: 20914
Finished routing net _10443__bF$buf32
Nets remaining: 20913
Finished routing net _10443__bF$buf33
Nets remaining: 20912
Finished routing net _10443__bF$buf34
Nets remaining: 20911
Finished routing net _10443__bF$buf35
Nets remaining: 20910
Finished routing net _10443__bF$buf36
Nets remaining: 20909
Finished routing net _10443__bF$buf37
Nets remaining: 20908
Finished routing net _10443__bF$buf38
Nets remaining: 20907
Finished routing net _10443__bF$buf39
Nets remaining: 20906
Finished routing net _10443__bF$buf40
Nets remaining: 20905
Finished routing net _10443__bF$buf41
Nets remaining: 20904
Finished routing net _10443__bF$buf42
Nets remaining: 20903
Finished routing net _10443__bF$buf43
Nets remaining: 20902
Finished routing net _10443__bF$buf44
Nets remaining: 20901
Finished routing net _10443__bF$buf45
Nets remaining: 20900
Finished routing net _10443__bF$buf46
Nets remaining: 20899
Finished routing net _10443__bF$buf47
Nets remaining: 20898
Finished routing net _10443__bF$buf48
Nets remaining: 20897
Finished routing net _10443__bF$buf49
Nets remaining: 20896
Finished routing net _10443__bF$buf50
Nets remaining: 20895
Finished routing net _10443__bF$buf51
Nets remaining: 20894
Finished routing net _6865__bF$buf0
Nets remaining: 20893
Finished routing net _6827_
Nets remaining: 20892
Finished routing net _6827__bF$buf0
Nets remaining: 20891
Finished routing net _6827__bF$buf1
Nets remaining: 20890
Finished routing net _6827__bF$buf2
Nets remaining: 20889
Finished routing net _6827__bF$buf3
Nets remaining: 20888
Finished routing net _6827__bF$buf4
Nets remaining: 20887
Finished routing net _6827__bF$buf5
Nets remaining: 20886
Finished routing net _6827__bF$buf6
Nets remaining: 20885
Finished routing net _6827__bF$buf7
Nets remaining: 20884
Finished routing net _16419_
Nets remaining: 20883
Finished routing net _16419__bF$buf0
Nets remaining: 20882
Finished routing net _16419__bF$buf1
Nets remaining: 20881
Finished routing net _16419__bF$buf2
Nets remaining: 20880
Finished routing net _16419__bF$buf3
Nets remaining: 20879
Finished routing net _16419__bF$buf4
Nets remaining: 20878
Finished routing net _16419__bF$buf5
Nets remaining: 20877
Finished routing net _16419__bF$buf6
Nets remaining: 20876
Finished routing net _16419__bF$buf7
Nets remaining: 20875
Finished routing net _7042_
Nets remaining: 20874
Failed to route net _7042__bF$buf0
Failed to route net _7042__bF$buf1
Finished routing net _7042__bF$buf2
Nets remaining: 20873
Finished routing net _7042__bF$buf3
Nets remaining: 20872
Failed to route net _7042__bF$buf4
Failed to route net _7042__bF$buf5
Finished routing net _7042__bF$buf6
Nets remaining: 20871
Finished routing net _7042__bF$buf7
Nets remaining: 20870
Finished routing net _16651_
Nets remaining: 20869
Finished routing net _16651__bF$buf0
Nets remaining: 20868
Finished routing net _16651__bF$buf1
Nets remaining: 20867
Finished routing net _16651__bF$buf2
Nets remaining: 20866
Finished routing net _16651__bF$buf3
Nets remaining: 20865
Finished routing net _16651__bF$buf4
Nets remaining: 20864
Finished routing net _16651__bF$buf5
Nets remaining: 20863
Finished routing net _16651__bF$buf6
Nets remaining: 20862
Finished routing net _16651__bF$buf7
Nets remaining: 20861
Finished routing net \u_core.alu_a\[10]
Nets remaining: 20860
Finished routing net _74_
Nets remaining: 20859
Finished routing net _77_
Nets remaining: 20858
Finished routing net _78_
Nets remaining: 20857
Finished routing net _1328_
Nets remaining: 20856
Finished routing net _1982_
Nets remaining: 20855
Finished routing net _831_
Nets remaining: 20854
Finished routing net \u_core.funct3\[1]
Nets remaining: 20853
Finished routing net _2264_
Nets remaining: 20852
Finished routing net _6823_
Nets remaining: 20851
Finished routing net _6842_
Nets remaining: 20850
Finished routing net _6945_
Nets remaining: 20849
Finished routing net _6986_
Nets remaining: 20848
Finished routing net _7013_
Nets remaining: 20847
Finished routing net _7072_
Nets remaining: 20846
Finished routing net _7090_
Nets remaining: 20845
Finished routing net _7108_
Nets remaining: 20844
Finished routing net _7118_
Nets remaining: 20843
Failed to route net _7136_
Finished routing net _7154_
Nets remaining: 20842
Finished routing net _7173_
Nets remaining: 20841
Finished routing net _7176_
Nets remaining: 20840
Finished routing net _7202_
Nets remaining: 20839
Finished routing net _7238_
Nets remaining: 20838
Finished routing net _7302_
Nets remaining: 20837
Finished routing net _7340_
Nets remaining: 20836
Finished routing net _7378_
Nets remaining: 20835
Finished routing net _7421_
Nets remaining: 20834
Finished routing net _7466_
Nets remaining: 20833
Finished routing net _7494_
Nets remaining: 20832
Finished routing net _7538_
Nets remaining: 20831
Finished routing net _7574_
Nets remaining: 20830
Finished routing net _7645_
Nets remaining: 20829
Finished routing net _7681_
Nets remaining: 20828
Finished routing net _7718_
Nets remaining: 20827
Finished routing net _7755_
Nets remaining: 20826
Finished routing net _7792_
Nets remaining: 20825
Finished routing net _7829_
Nets remaining: 20824
Finished routing net _7857_
Nets remaining: 20823
Finished routing net _7875_
Nets remaining: 20822
Finished routing net _7903_
Nets remaining: 20821
Finished routing net _7976_
Nets remaining: 20820
Finished routing net _8014_
Nets remaining: 20819
Finished routing net _8052_
Nets remaining: 20818
Finished routing net _8097_
Nets remaining: 20817
Finished routing net _8134_
Nets remaining: 20816
Failed to route net _8179_
Finished routing net _8216_
Nets remaining: 20815
Finished routing net _8279_
Nets remaining: 20814
Finished routing net _8289_
Nets remaining: 20813
Finished routing net _8317_
Nets remaining: 20812
Finished routing net _8354_
Nets remaining: 20811
Finished routing net _8391_
Nets remaining: 20810
Failed to route net _8428_
Finished routing net _8465_
Nets remaining: 20809
Finished routing net _8502_
Nets remaining: 20808
Finished routing net _8539_
Nets remaining: 20807
Finished routing net _8612_
Nets remaining: 20806
Finished routing net _8649_
Nets remaining: 20805
Failed to route net _8677_
Finished routing net _8695_
Nets remaining: 20804
Finished routing net _8723_
Nets remaining: 20803
Finished routing net _8760_
Nets remaining: 20802
Finished routing net _8797_
Nets remaining: 20801
Finished routing net _8834_
Nets remaining: 20800
Finished routing net _8871_
Nets remaining: 20799
Finished routing net _8952_
Nets remaining: 20798
Finished routing net _8989_
Nets remaining: 20797
Finished routing net _9026_
Nets remaining: 20796
Finished routing net _9061_
Nets remaining: 20795
Finished routing net _9088_
Nets remaining: 20794
Finished routing net _9098_
Nets remaining: 20793
Finished routing net _9124_
Nets remaining: 20792
Finished routing net _4391_
Nets remaining: 20791
Finished routing net _4428_
Nets remaining: 20790
Finished routing net _4491_
Nets remaining: 20789
Finished routing net _4501_
Nets remaining: 20788
Finished routing net _4564_
Nets remaining: 20787
Failed to route net _4599_
Finished routing net _4600_
Nets remaining: 20786
Finished routing net _4634_
Nets remaining: 20785
Finished routing net _4635_
Nets remaining: 20784
Finished routing net _4636_
Nets remaining: 20783
Finished routing net _4637_
Nets remaining: 20782
Failed to route net _4638_
Finished routing net _4652_
Nets remaining: 20781
Finished routing net _4653_
Nets remaining: 20780
Finished routing net _4654_
Nets remaining: 20779
Finished routing net _4655_
Nets remaining: 20778
Finished routing net _4656_
Nets remaining: 20777
Finished routing net _4680_
Nets remaining: 20776
Finished routing net _4681_
Nets remaining: 20775
Finished routing net _4682_
Nets remaining: 20774
Finished routing net _4683_
Nets remaining: 20773
Finished routing net _4684_
Nets remaining: 20772
Failed to route net _4685_
Finished routing net _4686_
Nets remaining: 20771
Finished routing net _4711_
Nets remaining: 20770
Finished routing net _4712_
Nets remaining: 20769
Finished routing net _4713_
Nets remaining: 20768
Failed to reserve sufficient area at grid point 906 478.
Failed to reserve sufficient area at grid point 906 478.
Failed to route net _4730_
Failed to route net _4731_
Finished routing net _4732_
Nets remaining: 20767
Finished routing net _4742_
Nets remaining: 20766
Finished routing net \u_core.instr\[9]
Nets remaining: 20765
Finished routing net \u_core.alu_res_1_hier0_bF$buf0\
Nets remaining: 20764
Finished routing net \u_core.alu_res_1_hier0_bF$buf1\
Nets remaining: 20763
Failed to route net \u_core.alu_res_1_hier0_bF$buf2\
Finished routing net \u_core.alu_res_1_hier0_bF$buf3\
Nets remaining: 20762
Finished routing net \u_core.alu_res_1_hier0_bF$buf4\
Nets remaining: 20761
Failed to route net _14167_
Finished routing net _14167__hier0_bF$buf0
Nets remaining: 20760
Finished routing net _14167__hier0_bF$buf1
Nets remaining: 20759
Finished routing net _14167__hier0_bF$buf2
Nets remaining: 20758
Finished routing net _14167__hier0_bF$buf3
Nets remaining: 20757
Finished routing net _12465_
Nets remaining: 20756
Finished routing net _12465__hier0_bF$buf0
Nets remaining: 20755
Finished routing net _12465__hier0_bF$buf1
Nets remaining: 20754
Finished routing net _12465__hier0_bF$buf2
Nets remaining: 20753
Finished routing net _12465__hier0_bF$buf3
Nets remaining: 20752
Finished routing net _10443_
Nets remaining: 20751
Finished routing net _10443__hier0_bF$buf0
Nets remaining: 20750
Finished routing net _10443__hier0_bF$buf1
Nets remaining: 20749
Finished routing net _10443__hier0_bF$buf2
Nets remaining: 20748
Finished routing net _10443__hier0_bF$buf3
Nets remaining: 20747
Finished routing net _6868__bF$buf1
Nets remaining: 20746
Finished routing net _6868__bF$buf2
Nets remaining: 20745
Finished routing net _6868__bF$buf3
Nets remaining: 20744
Finished routing net _6868__bF$buf4
Nets remaining: 20743
Finished routing net _6874_
Nets remaining: 20742
Finished routing net _4787__bF$buf0
Nets remaining: 20741
Finished routing net _6877__bF$buf1
Nets remaining: 20740
Finished routing net _6877__bF$buf2
Nets remaining: 20739
Finished routing net _6877__bF$buf3
Nets remaining: 20738
Finished routing net _6877__bF$buf4
Nets remaining: 20737
Finished routing net _4811__bF$buf2
Nets remaining: 20736
Finished routing net _4811__bF$buf3
Nets remaining: 20735
Finished routing net _4811__bF$buf4
Nets remaining: 20734
Finished routing net _4811__bF$buf5
Nets remaining: 20733
Finished routing net _104__bF$buf4
Nets remaining: 20732
Finished routing net _6901_
Nets remaining: 20731
Finished routing net _1557_
Nets remaining: 20730
Finished routing net _1557__bF$buf0
Nets remaining: 20729
Finished routing net _1557__bF$buf1
Nets remaining: 20728
Finished routing net _1557__bF$buf2
Nets remaining: 20727
Finished routing net _4852__bF$buf2
Nets remaining: 20726
Finished routing net _4852__bF$buf3
Nets remaining: 20725
Finished routing net _4852__bF$buf4
Nets remaining: 20724
Finished routing net _4852__bF$buf5
Nets remaining: 20723
Finished routing net \u_core.pc_6_bF$buf3\
Nets remaining: 20722
Finished routing net \u_core.pc_6_bF$buf4\
Nets remaining: 20721
Finished routing net \u_core.alu_b\[1]
Nets remaining: 20720
Finished routing net _6883_
Nets remaining: 20719
Finished routing net _107__bF$buf3
Nets remaining: 20718
Finished routing net _107__bF$buf4
Nets remaining: 20717
Finished routing net _6904__bF$buf1
Nets remaining: 20716
Finished routing net _6904__bF$buf2
Nets remaining: 20715
Finished routing net _6904__bF$buf3
Nets remaining: 20714
Finished routing net _6904__bF$buf4
Nets remaining: 20713
Finished routing net _9282__bF$buf0
Nets remaining: 20712
Finished routing net _9282__bF$buf1
Nets remaining: 20711
Finished routing net \u_core.alu_b\[4]
Nets remaining: 20710
Finished routing net \u_core.alu_b_4_bF$buf0\
Nets remaining: 20709
Finished routing net \u_core.alu_b_4_bF$buf1\
Nets remaining: 20708
Finished routing net \u_core.alu_b_4_bF$buf2\
Nets remaining: 20707
Finished routing net \u_core.alu_b_4_bF$buf3\
Nets remaining: 20706
Finished routing net \u_core.alu_b_4_bF$buf4\
Nets remaining: 20705
Finished routing net \u_core.alu_b_4_bF$buf5\
Nets remaining: 20704
Finished routing net \u_core.alu_b_4_bF$buf6\
Nets remaining: 20703
Failed to route net _6886__bF$buf1
Finished routing net _6886__bF$buf2
Nets remaining: 20702
Finished routing net _6886__bF$buf3
Nets remaining: 20701
Finished routing net _6886__bF$buf4
Nets remaining: 20700
Finished routing net _4858__bF$buf3
Nets remaining: 20699
Finished routing net _4858__bF$buf4
Nets remaining: 20698
Finished routing net _4858__bF$buf5
Nets remaining: 20697
Finished routing net _6910_
Nets remaining: 20696
Finished routing net _4823__bF$buf1
Nets remaining: 20695
Finished routing net _4823__bF$buf2
Nets remaining: 20694
Finished routing net _4823__bF$buf3
Nets remaining: 20693
Finished routing net _4823__bF$buf4
Nets remaining: 20692
Finished routing net _6892_
Nets remaining: 20691
Finished routing net _14168__bF$buf3
Nets remaining: 20690
Finished routing net _14168__bF$buf4
Nets remaining: 20689
Finished routing net _6913__bF$buf0
Nets remaining: 20688
Finished routing net _6913__bF$buf1
Nets remaining: 20687
Finished routing net _6913__bF$buf2
Nets remaining: 20686
Finished routing net _6913__bF$buf3
Nets remaining: 20685
Finished routing net _6913__bF$buf4
Nets remaining: 20684
Finished routing net _6913__bF$buf5
Nets remaining: 20683
Finished routing net _4958__bF$buf0
Nets remaining: 20682
Finished routing net _4958__bF$buf1
Nets remaining: 20681
Finished routing net _6989_
Nets remaining: 20680
Finished routing net _6989__bF$buf0
Nets remaining: 20679
Finished routing net _6989__bF$buf1
Nets remaining: 20678
Finished routing net _6989__bF$buf2
Nets remaining: 20677
Finished routing net _6989__bF$buf3
Nets remaining: 20676
Finished routing net _6989__bF$buf4
Nets remaining: 20675
Finished routing net _6989__bF$buf5
Nets remaining: 20674
Finished routing net _6989__bF$buf6
Nets remaining: 20673
Finished routing net _6895__bF$buf1
Nets remaining: 20672
Finished routing net _6895__bF$buf2
Nets remaining: 20671
Finished routing net _6895__bF$buf3
Nets remaining: 20670
Finished routing net _6895__bF$buf4
Nets remaining: 20669
Finished routing net \u_core.alu_res_0_bF$buf0\
Nets remaining: 20668
Finished routing net \u_core.alu_res_0_bF$buf1\
Nets remaining: 20667
Finished routing net \u_core.alu_res_0_bF$buf2\
Nets remaining: 20666
Finished routing net _6992__bF$buf3
Nets remaining: 20665
Finished routing net _6992__bF$buf4
Nets remaining: 20664
Finished routing net _12466__bF$buf3
Nets remaining: 20663
Finished routing net _12466__bF$buf4
Nets remaining: 20662
Finished routing net _6919_
Nets remaining: 20661
Finished routing net _7002__bF$buf3
Nets remaining: 20660
Finished routing net _7002__bF$buf4
Nets remaining: 20659
Finished routing net _6998__bF$buf3
Nets remaining: 20658
Finished routing net _6998__bF$buf4
Nets remaining: 20657
Finished routing net _10444__bF$buf3
Nets remaining: 20656
Finished routing net _10444__bF$buf4
Nets remaining: 20655
Finished routing net _1408__bF$buf1
Nets remaining: 20654
Finished routing net _1408__bF$buf2
Nets remaining: 20653
Finished routing net _1408__bF$buf3
Nets remaining: 20652
Finished routing net _1408__bF$buf4
Nets remaining: 20651
Finished routing net _1408__bF$buf5
Nets remaining: 20650
Finished routing net _1317_
Nets remaining: 20649
Finished routing net _1317__bF$buf0
Nets remaining: 20648
Finished routing net _1317__bF$buf1
Nets remaining: 20647
Finished routing net _1317__bF$buf2
Nets remaining: 20646
Finished routing net _1317__bF$buf3
Nets remaining: 20645
Finished routing net _1317__bF$buf4
Nets remaining: 20644
Finished routing net _4788__bF$buf0
Nets remaining: 20643
Finished routing net _4788__bF$buf1
Nets remaining: 20642
Finished routing net _4788__bF$buf2
Nets remaining: 20641
Finished routing net _4788__bF$buf3
Nets remaining: 20640
Finished routing net _4788__bF$buf4
Nets remaining: 20639
Finished routing net _1326_
Nets remaining: 20638
Finished routing net _9280__bF$buf4
Nets remaining: 20637
Finished routing net ui_in_3_bF$buf1
Nets remaining: 20636
Finished routing net ui_in_3_bF$buf2
Nets remaining: 20635
Finished routing net ui_in_3_bF$buf3
Nets remaining: 20634
Finished routing net ui_in_3_bF$buf4
Nets remaining: 20633
Finished routing net _6846_
Nets remaining: 20632
Finished routing net \u_core.alu_res_1_bF$buf11\
Nets remaining: 20631
Finished routing net \u_core.alu_res_1_bF$buf12\
Nets remaining: 20630
Finished routing net \u_core.alu_res_1_bF$buf13\
Nets remaining: 20629
Finished routing net \u_core.alu_res_1_bF$buf14\
Nets remaining: 20628
Finished routing net \u_core.alu_res_1_bF$buf15\
Nets remaining: 20627
Finished routing net \u_core.alu_res_1_bF$buf16\
Nets remaining: 20626
Finished routing net \u_core.alu_res_1_bF$buf17\
Nets remaining: 20625
Finished routing net \u_core.alu_res_1_bF$buf18\
Nets remaining: 20624
Finished routing net \u_core.alu_res_1_bF$buf19\
Nets remaining: 20623
Finished routing net \u_core.alu_res_1_bF$buf20\
Nets remaining: 20622
Finished routing net \u_core.alu_res_1_bF$buf21\
Nets remaining: 20621
Failed to route net \u_core.alu_res_1_bF$buf22\
Finished routing net \u_core.alu_res_1_bF$buf23\
Nets remaining: 20620
Finished routing net \u_core.alu_res_1_bF$buf24\
Nets remaining: 20619
Finished routing net \u_core.alu_res_1_bF$buf25\
Nets remaining: 20618
Finished routing net \u_core.alu_res_1_bF$buf26\
Nets remaining: 20617
Finished routing net \u_core.alu_res_1_bF$buf27\
Nets remaining: 20616
Finished routing net \u_core.alu_res_1_bF$buf28\
Nets remaining: 20615
Finished routing net \u_core.alu_res_1_bF$buf29\
Nets remaining: 20614
Finished routing net \u_core.alu_res_1_bF$buf30\
Nets remaining: 20613
Finished routing net \u_core.alu_res_1_bF$buf31\
Nets remaining: 20612
Finished routing net \u_core.alu_res_1_bF$buf32\
Nets remaining: 20611
Finished routing net \u_core.alu_res_1_bF$buf33\
Nets remaining: 20610
Finished routing net \u_core.alu_res_1_bF$buf34\
Nets remaining: 20609
Finished routing net \u_core.alu_res_1_bF$buf35\
Nets remaining: 20608
Finished routing net \u_core.alu_res_1_bF$buf36\
Nets remaining: 20607
Finished routing net \u_core.alu_res_1_bF$buf37\
Nets remaining: 20606
Finished routing net \u_core.alu_res_1_bF$buf38\
Nets remaining: 20605
Finished routing net \u_core.alu_res_1_bF$buf39\
Nets remaining: 20604
Finished routing net \u_core.alu_res_1_bF$buf40\
Nets remaining: 20603
Finished routing net \u_core.alu_res_1_bF$buf41\
Nets remaining: 20602
Finished routing net \u_core.alu_res_1_bF$buf42\
Nets remaining: 20601
Finished routing net _7000__bF$buf3
Nets remaining: 20600
Finished routing net _7000__bF$buf4
Nets remaining: 20599
Finished routing net _6996__bF$buf3
Nets remaining: 20598
Finished routing net _6996__bF$buf4
Nets remaining: 20597
Finished routing net \u_core.rst_bF$buf3\
Nets remaining: 20596
Finished routing net \u_core.rst_bF$buf4\
Nets remaining: 20595
Finished routing net _4839__bF$buf2
Nets remaining: 20594
Finished routing net _4839__bF$buf3
Nets remaining: 20593
Finished routing net _4839__bF$buf4
Nets remaining: 20592
Finished routing net _4839__bF$buf5
Nets remaining: 20591
Finished routing net _4845__bF$buf2
Nets remaining: 20590
Failed to route net _4845__bF$buf3
Failed to route net _4845__bF$buf4
Finished routing net _4845__bF$buf5
Nets remaining: 20589
Finished routing net \u_core.alu_src_b\
Nets remaining: 20588
Finished routing net \u_core.pc_5_bF$buf2\
Nets remaining: 20587
Finished routing net \u_core.pc_5_bF$buf3\
Nets remaining: 20586
Finished routing net \u_core.pc_5_bF$buf4\
Nets remaining: 20585
Finished routing net \u_core.pc_5_bF$buf5\
Nets remaining: 20584
Finished routing net _106__bF$buf3
Nets remaining: 20583
Finished routing net _106__bF$buf4
Nets remaining: 20582
Finished routing net _6850__bF$buf1
Nets remaining: 20581
Finished routing net _6850__bF$buf2
Nets remaining: 20580
Finished routing net _6850__bF$buf3
Nets remaining: 20579
Finished routing net _6850__bF$buf4
Nets remaining: 20578
Finished routing net _14167__bF$buf0
Nets remaining: 20577
Finished routing net _14167__bF$buf1
Nets remaining: 20576
Finished routing net _14167__bF$buf2
Nets remaining: 20575
Finished routing net _14167__bF$buf3
Nets remaining: 20574
Finished routing net _14167__bF$buf4
Nets remaining: 20573
Finished routing net _14167__bF$buf5
Nets remaining: 20572
Finished routing net _14167__bF$buf6
Nets remaining: 20571
Finished routing net _14167__bF$buf7
Nets remaining: 20570
Finished routing net _14167__bF$buf8
Nets remaining: 20569
Finished routing net _14167__bF$buf9
Nets remaining: 20568
Finished routing net _14167__bF$buf10
Nets remaining: 20567
Finished routing net _14167__bF$buf11
Nets remaining: 20566
Finished routing net _14167__bF$buf12
Nets remaining: 20565
Finished routing net _14167__bF$buf13
Nets remaining: 20564
Finished routing net _14167__bF$buf14
Nets remaining: 20563
Finished routing net _14167__bF$buf15
Nets remaining: 20562
Finished routing net _14167__bF$buf16
Nets remaining: 20561
Finished routing net _14167__bF$buf17
Nets remaining: 20560
Finished routing net _14167__bF$buf18
Nets remaining: 20559
Finished routing net _14167__bF$buf19
Nets remaining: 20558
Finished routing net _14167__bF$buf20
Nets remaining: 20557
Finished routing net _14167__bF$buf21
Nets remaining: 20556
Finished routing net _14167__bF$buf22
Nets remaining: 20555
Finished routing net _14167__bF$buf23
Nets remaining: 20554
Finished routing net _14167__bF$buf24
Nets remaining: 20553
Finished routing net _14167__bF$buf25
Nets remaining: 20552
Finished routing net _14167__bF$buf26
Nets remaining: 20551
Finished routing net _14167__bF$buf27
Nets remaining: 20550
Finished routing net _14167__bF$buf28
Nets remaining: 20549
Finished routing net _14167__bF$buf29
Nets remaining: 20548
Finished routing net _14167__bF$buf30
Nets remaining: 20547
Finished routing net _14167__bF$buf31
Nets remaining: 20546
Finished routing net _6856_
Nets remaining: 20545
Finished routing net _12465__bF$buf0
Nets remaining: 20544
Finished routing net _12465__bF$buf1
Nets remaining: 20543
Finished routing net _12465__bF$buf2
Nets remaining: 20542
Finished routing net _12465__bF$buf3
Nets remaining: 20541
Finished routing net _12465__bF$buf4
Nets remaining: 20540
Finished routing net _12465__bF$buf5
Nets remaining: 20539
Finished routing net _12465__bF$buf6
Nets remaining: 20538
Finished routing net _12465__bF$buf7
Nets remaining: 20537
Finished routing net _12465__bF$buf8
Nets remaining: 20536
Finished routing net _12465__bF$buf9
Nets remaining: 20535
Finished routing net _12465__bF$buf10
Nets remaining: 20534
Finished routing net _12465__bF$buf11
Nets remaining: 20533
Finished routing net _12465__bF$buf12
Nets remaining: 20532
Finished routing net _12465__bF$buf13
Nets remaining: 20531
Finished routing net _12465__bF$buf14
Nets remaining: 20530
Finished routing net _12465__bF$buf15
Nets remaining: 20529
Finished routing net _12465__bF$buf16
Nets remaining: 20528
Finished routing net _12465__bF$buf17
Nets remaining: 20527
Finished routing net _12465__bF$buf18
Nets remaining: 20526
Finished routing net _12465__bF$buf19
Nets remaining: 20525
Finished routing net _12465__bF$buf20
Nets remaining: 20524
Finished routing net _12465__bF$buf21
Nets remaining: 20523
Finished routing net _12465__bF$buf22
Nets remaining: 20522
Finished routing net _12465__bF$buf23
Nets remaining: 20521
Finished routing net _12465__bF$buf24
Nets remaining: 20520
Finished routing net _12465__bF$buf25
Nets remaining: 20519
Finished routing net _12465__bF$buf26
Nets remaining: 20518
Finished routing net _12465__bF$buf27
Nets remaining: 20517
Finished routing net _12465__bF$buf28
Nets remaining: 20516
Finished routing net _12465__bF$buf29
Nets remaining: 20515
Finished routing net _12465__bF$buf30
Nets remaining: 20514
Finished routing net _12465__bF$buf31
Nets remaining: 20513
Finished routing net _4866__bF$buf3
Nets remaining: 20512
Finished routing net _4866__bF$buf4
Nets remaining: 20511
Finished routing net _6859__bF$buf1
Nets remaining: 20510
Finished routing net _6859__bF$buf2
Nets remaining: 20509
Finished routing net _6859__bF$buf3
Nets remaining: 20508
Finished routing net _6859__bF$buf4
Nets remaining: 20507
Finished routing net _6994__bF$buf3
Nets remaining: 20506
Finished routing net _6994__bF$buf4
Nets remaining: 20505
Finished routing net _4831__bF$buf5
Nets remaining: 20504
Finished routing net _10443__bF$buf0
Nets remaining: 20503
Finished routing net _10443__bF$buf1
Nets remaining: 20502
Finished routing net _10443__bF$buf2
Nets remaining: 20501
Finished routing net _10443__bF$buf3
Nets remaining: 20500
Finished routing net _10443__bF$buf4
Nets remaining: 20499
Finished routing net _10443__bF$buf5
Nets remaining: 20498
Finished routing net _10443__bF$buf6
Nets remaining: 20497
Finished routing net _10443__bF$buf7
Nets remaining: 20496
Finished routing net _10443__bF$buf8
Nets remaining: 20495
Finished routing net _10443__bF$buf9
Nets remaining: 20494
Finished routing net _10443__bF$buf10
Nets remaining: 20493
Finished routing net _10443__bF$buf11
Nets remaining: 20492
Finished routing net _10443__bF$buf12
Nets remaining: 20491
Finished routing net _10443__bF$buf13
Nets remaining: 20490
Finished routing net _10443__bF$buf14
Nets remaining: 20489
Finished routing net _10443__bF$buf15
Nets remaining: 20488
Finished routing net _10443__bF$buf16
Nets remaining: 20487
Finished routing net _10443__bF$buf17
Nets remaining: 20486
Finished routing net _10443__bF$buf18
Nets remaining: 20485
Finished routing net _10443__bF$buf19
Nets remaining: 20484
Finished routing net _10443__bF$buf20
Nets remaining: 20483
Finished routing net _10443__bF$buf21
Nets remaining: 20482
Finished routing net _10443__bF$buf22
Nets remaining: 20481
Finished routing net _10443__bF$buf23
Nets remaining: 20480
Finished routing net _10443__bF$buf24
Nets remaining: 20479
Finished routing net _10443__bF$buf25
Nets remaining: 20478
Finished routing net _10443__bF$buf26
Nets remaining: 20477
Finished routing net _10443__bF$buf27
Nets remaining: 20476
Finished routing net _10443__bF$buf28
Nets remaining: 20475
Finished routing net _10443__bF$buf29
Nets remaining: 20474
Finished routing net _10443__bF$buf30
Nets remaining: 20473
Finished routing net _10443__bF$buf31
Nets remaining: 20472
Finished routing net _6865_
Nets remaining: 20471
Finished routing net _7004__bF$buf3
Nets remaining: 20470
Finished routing net _7004__bF$buf4
Nets remaining: 20469
Finished routing net \u_core.alu_a\[2]
Nets remaining: 20468
Finished routing net \u_core.alu_a\[4]
Nets remaining: 20467
Finished routing net \u_core.alu_a\[9]
Nets remaining: 20466
Finished routing net \u_core.alu_a\[12]
Nets remaining: 20465
Finished routing net \u_core.alu_a\[18]
Nets remaining: 20464
Finished routing net \u_core.alu_a\[20]
Nets remaining: 20463
Finished routing net \u_core.alu_a\[28]
Nets remaining: 20462
Failed to route net \u_core.rd2\[3]
Finished routing net \u_core.alu_b\[13]
Nets remaining: 20461
Finished routing net \u_core.imm\[31]
Nets remaining: 20460
Finished routing net \u_core.alu_res\[5]
Nets remaining: 20459
Finished routing net \u_core.alu_res\[6]
Nets remaining: 20458
Finished routing net _875_
Nets remaining: 20457
Finished routing net \u_core.alu_ctrl\[0]
Nets remaining: 20456
Finished routing net _1545_
Nets remaining: 20455
Finished routing net _2265_
Nets remaining: 20454
Finished routing net \u_core.instr\[6]
Nets remaining: 20453
Finished routing net \u_core.instr\[4]
Nets remaining: 20452
Failed to route net \u_core.instr\[5]
Finished routing net _4874_
Nets remaining: 20451
Finished routing net _4923_
Nets remaining: 20450
Finished routing net _4981_
Nets remaining: 20449
Finished routing net _5051_
Nets remaining: 20448
Finished routing net _6774_
Nets remaining: 20447
Finished routing net _6775_
Nets remaining: 20446
Finished routing net _9302_
Nets remaining: 20445
Finished routing net _9304_
Nets remaining: 20444
Finished routing net \u_core.instr\[10]
Nets remaining: 20443
Finished routing net \u_core.alu_res\[1]
Nets remaining: 20442
Failed to route net _6868__bF$buf0
Finished routing net _324_
Nets remaining: 20441
Finished routing net _324__bF$buf0
Nets remaining: 20440
Finished routing net _324__bF$buf1
Nets remaining: 20439
Finished routing net _324__bF$buf2
Nets remaining: 20438
Finished routing net _324__bF$buf3
Nets remaining: 20437
Finished routing net _324__bF$buf4
Nets remaining: 20436
Failed to route net _324__bF$buf5
Finished routing net _7007__bF$buf0
Nets remaining: 20435
Finished routing net _7007__bF$buf1
Nets remaining: 20434
Finished routing net _7007__bF$buf2
Nets remaining: 20433
Finished routing net _7007__bF$buf3
Nets remaining: 20432
Finished routing net _15928__bF$buf1
Nets remaining: 20431
Finished routing net _15928__bF$buf2
Nets remaining: 20430
Finished routing net _15928__bF$buf3
Nets remaining: 20429
Finished routing net _15928__bF$buf4
Nets remaining: 20428
Finished routing net _4787_
Nets remaining: 20427
Finished routing net _6877__bF$buf0
Nets remaining: 20426
Finished routing net _4811_
Nets remaining: 20425
Finished routing net _4811__bF$buf0
Nets remaining: 20424
Finished routing net _4811__bF$buf1
Nets remaining: 20423
Finished routing net _15934__bF$buf1
Nets remaining: 20422
Failed to route net _15934__bF$buf2
Finished routing net _15934__bF$buf3
Nets remaining: 20421
Finished routing net _15934__bF$buf4
Nets remaining: 20420
Finished routing net _104__bF$buf0
Nets remaining: 20419
Finished routing net _104__bF$buf1
Nets remaining: 20418
Finished routing net _104__bF$buf2
Nets remaining: 20417
Finished routing net _104__bF$buf3
Nets remaining: 20416
Finished routing net \u_core.alu_ctrl_3_bF$buf4\
Nets remaining: 20415
Finished routing net _4852_
Nets remaining: 20414
Finished routing net _4852__bF$buf0
Nets remaining: 20413
Finished routing net _4852__bF$buf1
Nets remaining: 20412
Finished routing net \u_core.pc_6_bF$buf0\
Nets remaining: 20411
Finished routing net \u_core.pc_6_bF$buf1\
Nets remaining: 20410
Finished routing net \u_core.pc_6_bF$buf2\
Nets remaining: 20409
Finished routing net _107__bF$buf0
Nets remaining: 20408
Finished routing net _107__bF$buf1
Nets remaining: 20407
Failed to route net _107__bF$buf2
Finished routing net _15940__bF$buf1
Nets remaining: 20406
Finished routing net _15940__bF$buf2
Nets remaining: 20405
Finished routing net _15940__bF$buf3
Nets remaining: 20404
Finished routing net _15940__bF$buf4
Nets remaining: 20403
Finished routing net _6904__bF$buf0
Nets remaining: 20402
Finished routing net _15902__bF$buf1
Nets remaining: 20401
Finished routing net _15902__bF$buf2
Nets remaining: 20400
Finished routing net _15902__bF$buf3
Nets remaining: 20399
Finished routing net _15902__bF$buf4
Nets remaining: 20398
Finished routing net \u_core.instr\[18]
Nets remaining: 20397
Finished routing net \u_core.instr_18_bF$buf0\
Nets remaining: 20396
Finished routing net \u_core.instr_18_bF$buf1\
Nets remaining: 20395
Finished routing net \u_core.instr_18_bF$buf2\
Nets remaining: 20394
Finished routing net \u_core.instr_18_bF$buf3\
Nets remaining: 20393
Finished routing net \u_core.instr_18_bF$buf4\
Nets remaining: 20392
Finished routing net \u_core.instr_18_bF$buf5\
Nets remaining: 20391
Finished routing net _9282_
Nets remaining: 20390
Finished routing net _6886__bF$buf0
Nets remaining: 20389
Finished routing net _15884__bF$buf1
Nets remaining: 20388
Finished routing net _15884__bF$buf2
Nets remaining: 20387
Failed to route net _15884__bF$buf3
Finished routing net _15884__bF$buf4
Nets remaining: 20386
Finished routing net _4858_
Nets remaining: 20385
Finished routing net _4858__bF$buf0
Nets remaining: 20384
Failed to route net _4858__bF$buf1
Finished routing net _4858__bF$buf2
Nets remaining: 20383
Failed to route net _1469__bF$buf1
Failed to route net _1469__bF$buf2
Failed to route net _1469__bF$buf3
Finished routing net _4823__bF$buf0
Nets remaining: 20382
Finished routing net _15890__bF$buf1
Nets remaining: 20381
Finished routing net _15890__bF$buf2
Nets remaining: 20380
Finished routing net _15890__bF$buf3
Nets remaining: 20379
Finished routing net _15890__bF$buf4
Nets remaining: 20378
Finished routing net _15908__bF$buf1
Nets remaining: 20377
Finished routing net _15908__bF$buf2
Nets remaining: 20376
Finished routing net _15908__bF$buf3
Nets remaining: 20375
Finished routing net _15908__bF$buf4
Nets remaining: 20374
Finished routing net _14168__bF$buf0
Nets remaining: 20373
Finished routing net _14168__bF$buf1
Nets remaining: 20372
Finished routing net _14168__bF$buf2
Nets remaining: 20371
Finished routing net _6913_
Nets remaining: 20370
Finished routing net _4958_
Nets remaining: 20369
Finished routing net _6895__bF$buf0
Nets remaining: 20368
Finished routing net \u_core.alu_res\[0]
Nets remaining: 20367
Finished routing net _6992__bF$buf0
Nets remaining: 20366
Finished routing net _6992__bF$buf1
Nets remaining: 20365
Finished routing net _6992__bF$buf2
Nets remaining: 20364
Finished routing net _12466__bF$buf0
Nets remaining: 20363
Finished routing net _12466__bF$buf1
Nets remaining: 20362
Finished routing net _12466__bF$buf2
Nets remaining: 20361
Finished routing net _15914__bF$buf1
Nets remaining: 20360
Finished routing net _15914__bF$buf2
Nets remaining: 20359
Finished routing net _15914__bF$buf3
Nets remaining: 20358
Finished routing net _15914__bF$buf4
Nets remaining: 20357
Finished routing net _15896__bF$buf1
Nets remaining: 20356
Finished routing net _15896__bF$buf2
Nets remaining: 20355
Finished routing net _15896__bF$buf3
Nets remaining: 20354
Finished routing net _15896__bF$buf4
Nets remaining: 20353
Finished routing net _7002__bF$buf0
Nets remaining: 20352
Finished routing net _7002__bF$buf1
Nets remaining: 20351
Finished routing net _7002__bF$buf2
Nets remaining: 20350
Finished routing net _15920__bF$buf1
Nets remaining: 20349
Finished routing net _15920__bF$buf2
Nets remaining: 20348
Finished routing net _15920__bF$buf3
Nets remaining: 20347
Finished routing net _15920__bF$buf4
Nets remaining: 20346
Finished routing net _6998__bF$buf0
Nets remaining: 20345
Finished routing net _6998__bF$buf1
Nets remaining: 20344
Finished routing net _6998__bF$buf2
Nets remaining: 20343
Finished routing net _10444__bF$buf0
Nets remaining: 20342
Finished routing net _10444__bF$buf1
Nets remaining: 20341
Finished routing net _10444__bF$buf2
Nets remaining: 20340
Finished routing net _1408_
Nets remaining: 20339
Finished routing net _1408__bF$buf0
Nets remaining: 20338
Finished routing net _1487__bF$buf0
Nets remaining: 20337
Finished routing net _1487__bF$buf1
Nets remaining: 20336
Finished routing net _1487__bF$buf2
Nets remaining: 20335
Finished routing net _1487__bF$buf3
Nets remaining: 20334
Finished routing net _15926__bF$buf1
Nets remaining: 20333
Finished routing net _15926__bF$buf2
Nets remaining: 20332
Finished routing net _15926__bF$buf3
Nets remaining: 20331
Finished routing net _15926__bF$buf4
Nets remaining: 20330
Finished routing net _15932__bF$buf1
Nets remaining: 20329
Finished routing net _15932__bF$buf2
Nets remaining: 20328
Finished routing net _15932__bF$buf3
Nets remaining: 20327
Finished routing net _15932__bF$buf4
Nets remaining: 20326
Finished routing net \u_core.pc_4_bF$buf1\
Nets remaining: 20325
Finished routing net \u_core.pc_4_bF$buf2\
Nets remaining: 20324
Finished routing net \u_core.pc_4_bF$buf3\
Nets remaining: 20323
Finished routing net \u_core.pc_4_bF$buf4\
Nets remaining: 20322
Finished routing net _15900__bF$buf1
Nets remaining: 20321
Finished routing net _15900__bF$buf2
Nets remaining: 20320
Finished routing net _15900__bF$buf3
Nets remaining: 20319
Finished routing net _15900__bF$buf4
Nets remaining: 20318
Finished routing net _9280__bF$buf0
Nets remaining: 20317
Finished routing net _9280__bF$buf1
Nets remaining: 20316
Finished routing net _9280__bF$buf2
Nets remaining: 20315
Finished routing net _9280__bF$buf3
Nets remaining: 20314
Finished routing net \u_core.pc_7_bF$buf3\
Nets remaining: 20313
Finished routing net ui_in[3]
Nets remaining: 20312
Finished routing net ui_in_3_bF$buf0
Nets remaining: 20311
Finished routing net _15938__bF$buf1
Nets remaining: 20310
Finished routing net _15938__bF$buf2
Nets remaining: 20309
Finished routing net _15938__bF$buf3
Nets remaining: 20308
Finished routing net _15938__bF$buf4
Nets remaining: 20307
Finished routing net _15882__bF$buf1
Nets remaining: 20306
Finished routing net _15882__bF$buf2
Nets remaining: 20305
Finished routing net _15882__bF$buf3
Nets remaining: 20304
Finished routing net _15882__bF$buf4
Nets remaining: 20303
Finished routing net _15906__bF$buf1
Nets remaining: 20302
Finished routing net _15906__bF$buf2
Nets remaining: 20301
Finished routing net _15906__bF$buf3
Nets remaining: 20300
Failed to route net _15906__bF$buf4
Finished routing net _15888__bF$buf1
Nets remaining: 20299
Finished routing net _15888__bF$buf2
Nets remaining: 20298
Finished routing net _15888__bF$buf3
Nets remaining: 20297
Finished routing net _15888__bF$buf4
Nets remaining: 20296
Finished routing net _1473__bF$buf3
Nets remaining: 20295
Finished routing net \u_core.jalr\
Nets remaining: 20294
Finished routing net _9386__bF$buf3
Nets remaining: 20293
Finished routing net _15912__bF$buf1
Nets remaining: 20292
Finished routing net _15912__bF$buf2
Nets remaining: 20291
Finished routing net _15912__bF$buf3
Nets remaining: 20290
Finished routing net _15912__bF$buf4
Nets remaining: 20289
Finished routing net _4827_
Nets remaining: 20288
Finished routing net _15894__bF$buf1
Nets remaining: 20287
Finished routing net _15894__bF$buf2
Nets remaining: 20286
Finished routing net _15894__bF$buf3
Nets remaining: 20285
Finished routing net _15894__bF$buf4
Nets remaining: 20284
Finished routing net \u_core.alu_res_1_bF$buf0\
Nets remaining: 20283
Finished routing net \u_core.alu_res_1_bF$buf1\
Nets remaining: 20282
Finished routing net \u_core.alu_res_1_bF$buf2\
Nets remaining: 20281
Finished routing net \u_core.alu_res_1_bF$buf3\
Nets remaining: 20280
Finished routing net \u_core.alu_res_1_bF$buf4\
Nets remaining: 20279
Finished routing net \u_core.alu_res_1_bF$buf5\
Nets remaining: 20278
Finished routing net \u_core.alu_res_1_bF$buf6\
Nets remaining: 20277
Finished routing net \u_core.alu_res_1_bF$buf7\
Nets remaining: 20276
Finished routing net \u_core.alu_res_1_bF$buf8\
Nets remaining: 20275
Finished routing net \u_core.alu_res_1_bF$buf9\
Nets remaining: 20274
Finished routing net \u_core.alu_res_1_bF$buf10\
Nets remaining: 20273
Finished routing net _7000__bF$buf0
Nets remaining: 20272
Finished routing net _7000__bF$buf1
Nets remaining: 20271
Finished routing net _7000__bF$buf2
Nets remaining: 20270
Finished routing net _6996__bF$buf0
Nets remaining: 20269
Finished routing net _6996__bF$buf1
Nets remaining: 20268
Finished routing net _6996__bF$buf2
Nets remaining: 20267
Failed to route net _15918__bF$buf1
Finished routing net _15918__bF$buf2
Nets remaining: 20266
Finished routing net _15918__bF$buf3
Nets remaining: 20265
Finished routing net _15918__bF$buf4
Nets remaining: 20264
Finished routing net _320__bF$buf3
Nets remaining: 20263
Finished routing net _320__bF$buf4
Nets remaining: 20262
Finished routing net _6773__bF$buf0
Nets remaining: 20261
Finished routing net _6773__bF$buf1
Nets remaining: 20260
Finished routing net _6773__bF$buf2
Nets remaining: 20259
Finished routing net _6773__bF$buf3
Nets remaining: 20258
Finished routing net \u_core.rst_bF$buf0\
Nets remaining: 20257
Finished routing net \u_core.rst_bF$buf1\
Nets remaining: 20256
Finished routing net \u_core.rst_bF$buf2\
Nets remaining: 20255
Finished routing net _15924__bF$buf1
Nets remaining: 20254
Finished routing net _15924__bF$buf2
Nets remaining: 20253
Finished routing net _15924__bF$buf3
Nets remaining: 20252
Finished routing net _15924__bF$buf4
Nets remaining: 20251
Finished routing net _4839_
Nets remaining: 20250
Finished routing net _4839__bF$buf0
Nets remaining: 20249
Finished routing net _4839__bF$buf1
Nets remaining: 20248
Finished routing net _15868__bF$buf1
Nets remaining: 20247
Finished routing net _15868__bF$buf2
Nets remaining: 20246
Finished routing net _15868__bF$buf3
Nets remaining: 20245
Finished routing net _15868__bF$buf4
Nets remaining: 20244
Finished routing net _1491__bF$buf2
Nets remaining: 20243
Finished routing net _1491__bF$buf3
Nets remaining: 20242
Finished routing net _1491__bF$buf4
Nets remaining: 20241
Finished routing net _15930__bF$buf1
Nets remaining: 20240
Finished routing net _15930__bF$buf2
Nets remaining: 20239
Finished routing net _15930__bF$buf3
Nets remaining: 20238
Finished routing net _15930__bF$buf4
Nets remaining: 20237
Finished routing net _4845_
Nets remaining: 20236
Finished routing net _4845__bF$buf0
Nets remaining: 20235
Finished routing net _4845__bF$buf1
Nets remaining: 20234
Finished routing net \u_core.pc\[5]
Nets remaining: 20233
Finished routing net \u_core.pc_5_bF$buf0\
Nets remaining: 20232
Finished routing net \u_core.pc_5_bF$buf1\
Nets remaining: 20231
Finished routing net _15936__bF$buf1
Nets remaining: 20230
Finished routing net _15936__bF$buf2
Nets remaining: 20229
Finished routing net _15936__bF$buf3
Nets remaining: 20228
Finished routing net _15936__bF$buf4
Nets remaining: 20227
Finished routing net _106__bF$buf0
Nets remaining: 20226
Finished routing net _106__bF$buf1
Nets remaining: 20225
Finished routing net _106__bF$buf2
Nets remaining: 20224
Finished routing net _15880__bF$buf1
Nets remaining: 20223
Finished routing net _15880__bF$buf2
Nets remaining: 20222
Finished routing net _15880__bF$buf3
Nets remaining: 20221
Finished routing net _15880__bF$buf4
Nets remaining: 20220
Finished routing net _9281__bF$buf3
Nets remaining: 20219
Finished routing net _9281__bF$buf4
Nets remaining: 20218
Finished routing net _6850__bF$buf0
Nets remaining: 20217
Finished routing net _15904__bF$buf1
Nets remaining: 20216
Finished routing net _15904__bF$buf2
Nets remaining: 20215
Finished routing net _15904__bF$buf3
Nets remaining: 20214
Finished routing net _15904__bF$buf4
Nets remaining: 20213
Finished routing net \u_core.instr\[23]
Nets remaining: 20212
Finished routing net \u_core.instr_23_bF$buf0\
Nets remaining: 20211
Finished routing net \u_core.instr_23_bF$buf1\
Nets remaining: 20210
Finished routing net \u_core.instr_23_bF$buf2\
Nets remaining: 20209
Finished routing net \u_core.instr_23_bF$buf3\
Nets remaining: 20208
Finished routing net \u_core.instr_23_bF$buf4\
Nets remaining: 20207
Finished routing net \u_core.instr_23_bF$buf5\
Nets remaining: 20206
Finished routing net _15886__bF$buf1
Nets remaining: 20205
Finished routing net _15886__bF$buf2
Nets remaining: 20204
Finished routing net _15886__bF$buf3
Nets remaining: 20203
Finished routing net _15886__bF$buf4
Nets remaining: 20202
Finished routing net _1471__bF$buf1
Nets remaining: 20201
Finished routing net _1471__bF$buf2
Nets remaining: 20200
Finished routing net _1471__bF$buf3
Nets remaining: 20199
Finished routing net _15910__bF$buf1
Nets remaining: 20198
Finished routing net _15910__bF$buf2
Nets remaining: 20197
Finished routing net _15910__bF$buf3
Nets remaining: 20196
Finished routing net _15910__bF$buf4
Nets remaining: 20195
Finished routing net _15892__bF$buf1
Nets remaining: 20194
Finished routing net _15892__bF$buf2
Nets remaining: 20193
Finished routing net _15892__bF$buf3
Nets remaining: 20192
Finished routing net _15892__bF$buf4
Nets remaining: 20191
Finished routing net _4866__bF$buf0
Nets remaining: 20190
Finished routing net _4866__bF$buf1
Nets remaining: 20189
Finished routing net _4866__bF$buf2
Nets remaining: 20188
Failed to route net _9390__bF$buf2
Failed to route net _9390__bF$buf3
Finished routing net _6859__bF$buf0
Nets remaining: 20187
Finished routing net _6994__bF$buf0
Nets remaining: 20186
Finished routing net _6994__bF$buf1
Nets remaining: 20185
Finished routing net _6994__bF$buf2
Nets remaining: 20184
Failed to route net _4831_
Finished routing net _4831__bF$buf0
Nets remaining: 20183
Finished routing net _4831__bF$buf1
Nets remaining: 20182
Finished routing net _4831__bF$buf2
Nets remaining: 20181
Finished routing net _4831__bF$buf3
Nets remaining: 20180
Finished routing net _4831__bF$buf4
Nets remaining: 20179
Finished routing net _15916__bF$buf1
Nets remaining: 20178
Finished routing net _15916__bF$buf2
Nets remaining: 20177
Finished routing net _15916__bF$buf3
Nets remaining: 20176
Finished routing net _15916__bF$buf4
Nets remaining: 20175
Finished routing net _15898__bF$buf1
Nets remaining: 20174
Finished routing net _15898__bF$buf2
Nets remaining: 20173
Finished routing net _15898__bF$buf3
Nets remaining: 20172
Finished routing net _15898__bF$buf4
Nets remaining: 20171
Finished routing net _7004__bF$buf0
Nets remaining: 20170
Finished routing net _7004__bF$buf1
Nets remaining: 20169
Finished routing net _7004__bF$buf2
Nets remaining: 20168
Finished routing net _15922__bF$buf1
Nets remaining: 20167
Finished routing net _15922__bF$buf2
Nets remaining: 20166
Finished routing net _15922__bF$buf3
Nets remaining: 20165
Finished routing net _15922__bF$buf4
Nets remaining: 20164
Finished routing net _1486__bF$buf1
Nets remaining: 20163
Finished routing net _1486__bF$buf2
Nets remaining: 20162
Finished routing net _1486__bF$buf3
Nets remaining: 20161
Finished routing net \u_core.alu_a\[1]
Nets remaining: 20160
Finished routing net \u_core.alu_a\[6]
Nets remaining: 20159
Finished routing net \u_core.alu_a\[7]
Nets remaining: 20158
Finished routing net \u_core.alu_a\[11]
Nets remaining: 20157
Finished routing net \u_core.alu_a\[13]
Nets remaining: 20156
Finished routing net \u_core.pc\[14]
Nets remaining: 20155
Finished routing net \u_core.alu_a\[14]
Nets remaining: 20154
Finished routing net \u_core.alu_a\[15]
Nets remaining: 20153
Finished routing net \u_core.alu_a\[16]
Nets remaining: 20152
Finished routing net \u_core.alu_a\[17]
Nets remaining: 20151
Finished routing net \u_core.alu_a\[19]
Nets remaining: 20150
Finished routing net \u_core.pc\[20]
Nets remaining: 20149
Finished routing net \u_core.alu_a\[22]
Nets remaining: 20148
Finished routing net \u_core.alu_a\[23]
Nets remaining: 20147
Finished routing net \u_core.alu_a\[24]
Nets remaining: 20146
Finished routing net \u_core.alu_a\[26]
Nets remaining: 20145
Finished routing net _262_
Nets remaining: 20144
Finished routing net \u_core.alu_a\[31]
Nets remaining: 20143
Finished routing net \u_core.rd2\[4]
Nets remaining: 20142
Finished routing net \u_core.alu_b\[5]
Nets remaining: 20141
Finished routing net \u_core.rd2\[8]
Nets remaining: 20140
Finished routing net \u_core.rd2\[19]
Nets remaining: 20139
Finished routing net \u_core.rd2\[20]
Nets remaining: 20138
Finished routing net \u_core.alu_b\[21]
Nets remaining: 20137
Finished routing net _393_
Nets remaining: 20136
Failed to route net \u_core.alu_res\[7]
Finished routing net _699_
Nets remaining: 20135
Finished routing net _1369_
Nets remaining: 20134
Finished routing net _1385_
Nets remaining: 20133
Finished routing net _1482_
Nets remaining: 20132
Finished routing net _1015_
Nets remaining: 20131
Finished routing net _2271_
Nets remaining: 20130
Finished routing net _2293_
Nets remaining: 20129
Finished routing net _4830_
Nets remaining: 20128
Finished routing net _9299_
Nets remaining: 20127
Finished routing net _9315_
Nets remaining: 20126
Finished routing net \u_core.instr\[7]
Nets remaining: 20125
Finished routing net \u_core.instr\[11]
Nets remaining: 20124
Finished routing net _9216_
Nets remaining: 20123
Finished routing net _9416_
Nets remaining: 20122
Finished routing net _15873_
Nets remaining: 20121
Finished routing net _15982_
Nets remaining: 20120
Finished routing net _16085_
Nets remaining: 20119
Finished routing net _6868_
Nets remaining: 20118
Finished routing net _15928_
Nets remaining: 20117
Finished routing net _15928__bF$buf0
Nets remaining: 20116
Finished routing net _6877_
Nets remaining: 20115
Finished routing net _15934_
Nets remaining: 20114
Finished routing net _15934__bF$buf0
Nets remaining: 20113
Finished routing net _104_
Nets remaining: 20112
Finished routing net \u_core.alu_ctrl\[3]
Nets remaining: 20111
Finished routing net \u_core.alu_ctrl_3_bF$buf0\
Nets remaining: 20110
Finished routing net \u_core.alu_ctrl_3_bF$buf1\
Nets remaining: 20109
Failed to route net \u_core.alu_ctrl_3_bF$buf2\
Finished routing net \u_core.alu_ctrl_3_bF$buf3\
Nets remaining: 20108
Finished routing net \u_core.pc\[6]
Nets remaining: 20107
Finished routing net _107_
Nets remaining: 20106
Finished routing net _15940_
Nets remaining: 20105
Finished routing net _15940__bF$buf0
Nets remaining: 20104
Finished routing net _6904_
Nets remaining: 20103
Finished routing net _15902_
Nets remaining: 20102
Finished routing net _15902__bF$buf0
Nets remaining: 20101
Finished routing net _6886_
Nets remaining: 20100
Finished routing net _15884_
Nets remaining: 20099
Finished routing net _15884__bF$buf0
Nets remaining: 20098
Failed to route net _6792__bF$buf3
Failed to route net _1469__bF$buf0
Finished routing net _6795__bF$buf3
Nets remaining: 20097
Finished routing net _4823_
Nets remaining: 20096
Finished routing net _15890_
Nets remaining: 20095
Finished routing net _15890__bF$buf0
Nets remaining: 20094
Finished routing net _15908_
Nets remaining: 20093
Finished routing net _15908__bF$buf0
Nets remaining: 20092
Finished routing net _14168_
Nets remaining: 20091
Finished routing net _6895_
Nets remaining: 20090
Finished routing net _6992_
Nets remaining: 20089
Finished routing net _12466_
Nets remaining: 20088
Finished routing net _15914_
Nets remaining: 20087
Finished routing net _15914__bF$buf0
Nets remaining: 20086
Finished routing net _15896_
Nets remaining: 20085
Finished routing net _15896__bF$buf0
Nets remaining: 20084
Finished routing net _7002_
Nets remaining: 20083
Finished routing net _15920_
Nets remaining: 20082
Finished routing net _15920__bF$buf0
Nets remaining: 20081
Finished routing net _6998_
Nets remaining: 20080
Finished routing net _9415__bF$buf0
Nets remaining: 20079
Finished routing net _9415__bF$buf1
Nets remaining: 20078
Finished routing net _9415__bF$buf2
Nets remaining: 20077
Finished routing net _9415__bF$buf3
Nets remaining: 20076
Finished routing net _10444_
Nets remaining: 20075
Finished routing net _15926_
Nets remaining: 20074
Finished routing net _15926__bF$buf0
Nets remaining: 20073
Finished routing net _4788_
Nets remaining: 20072
Finished routing net _15932_
Nets remaining: 20071
Finished routing net _15932__bF$buf0
Nets remaining: 20070
Finished routing net _102_
Nets remaining: 20069
Finished routing net _102__bF$buf0
Nets remaining: 20068
Finished routing net _102__bF$buf1
Nets remaining: 20067
Finished routing net _102__bF$buf2
Nets remaining: 20066
Finished routing net _102__bF$buf3
Nets remaining: 20065
Finished routing net _102__bF$buf4
Nets remaining: 20064
Finished routing net \u_core.pc\[4]
Nets remaining: 20063
Finished routing net \u_core.pc_4_bF$buf0\
Nets remaining: 20062
Finished routing net _15900_
Nets remaining: 20061
Failed to route net _15900__bF$buf0
Finished routing net _9280_
Nets remaining: 20060
Failed to route net \u_core.pc_7_bF$buf0\
Finished routing net \u_core.pc_7_bF$buf1\
Nets remaining: 20059
Failed to route net \u_core.pc_7_bF$buf2\
Finished routing net _15938_
Nets remaining: 20058
Finished routing net _15938__bF$buf0
Nets remaining: 20057
Finished routing net _15882_
Nets remaining: 20056
Finished routing net _15882__bF$buf0
Nets remaining: 20055
Finished routing net _9342__bF$buf0
Nets remaining: 20054
Finished routing net _9342__bF$buf1
Nets remaining: 20053
Finished routing net _9342__bF$buf2
Nets remaining: 20052
Finished routing net _9342__bF$buf3
Nets remaining: 20051
Finished routing net _6793__bF$buf3
Nets remaining: 20050
Finished routing net _15906_
Nets remaining: 20049
Finished routing net _15906__bF$buf0
Nets remaining: 20048
Finished routing net _15888_
Nets remaining: 20047
Finished routing net _15888__bF$buf0
Nets remaining: 20046
Finished routing net _1473__bF$buf0
Nets remaining: 20045
Finished routing net _1473__bF$buf1
Nets remaining: 20044
Finished routing net _1473__bF$buf2
Nets remaining: 20043
Finished routing net _9386__bF$buf0
Nets remaining: 20042
Finished routing net _9386__bF$buf1
Nets remaining: 20041
Finished routing net _9386__bF$buf2
Nets remaining: 20040
Finished routing net _15912_
Nets remaining: 20039
Finished routing net _15912__bF$buf0
Nets remaining: 20038
Finished routing net _9348__bF$buf1
Nets remaining: 20037
Finished routing net _9348__bF$buf2
Nets remaining: 20036
Finished routing net _9348__bF$buf3
Nets remaining: 20035
Finished routing net _15894_
Nets remaining: 20034
Finished routing net _15894__bF$buf0
Nets remaining: 20033
Finished routing net _7000_
Nets remaining: 20032
Finished routing net _6996_
Nets remaining: 20031
Finished routing net _15918_
Nets remaining: 20030
Finished routing net _15918__bF$buf0
Nets remaining: 20029
Finished routing net _320_
Nets remaining: 20028
Finished routing net _320__bF$buf0
Nets remaining: 20027
Finished routing net _320__bF$buf1
Nets remaining: 20026
Finished routing net _320__bF$buf2
Nets remaining: 20025
Finished routing net \u_core.rst\
Nets remaining: 20024
Finished routing net _15924_
Nets remaining: 20023
Finished routing net _15924__bF$buf0
Nets remaining: 20022
Finished routing net _15868_
Nets remaining: 20021
Finished routing net _15868__bF$buf0
Nets remaining: 20020
Finished routing net _1491_
Nets remaining: 20019
Finished routing net _1491__bF$buf0
Nets remaining: 20018
Finished routing net _1491__bF$buf1
Nets remaining: 20017
Finished routing net \u_core.imm_sel_2_bF$buf1\
Nets remaining: 20016
Finished routing net \u_core.imm_sel_2_bF$buf2\
Nets remaining: 20015
Finished routing net \u_core.imm_sel_2_bF$buf3\
Nets remaining: 20014
Failed to reserve sufficient area at grid point 309 1220.
Finished routing net _15930_
Nets remaining: 20013
Finished routing net _15930__bF$buf0
Nets remaining: 20012
Finished routing net \u_core.pc_2_bF$buf3\
Nets remaining: 20011
Finished routing net _15936_
Nets remaining: 20010
Finished routing net _15936__bF$buf0
Nets remaining: 20009
Finished routing net _106_
Nets remaining: 20008
Finished routing net _15880_
Nets remaining: 20007
Finished routing net _15880__bF$buf0
Nets remaining: 20006
Finished routing net _9281_
Nets remaining: 20005
Finished routing net _9281__bF$buf0
Nets remaining: 20004
Finished routing net _9281__bF$buf1
Nets remaining: 20003
Finished routing net _9281__bF$buf2
Nets remaining: 20002
Finished routing net _6850_
Nets remaining: 20001
Finished routing net _15904_
Nets remaining: 20000
Finished routing net _15904__bF$buf0
Nets remaining: 19999
Finished routing net _9343__bF$buf0
Nets remaining: 19998
Finished routing net _9343__bF$buf1
Nets remaining: 19997
Finished routing net _9343__bF$buf2
Nets remaining: 19996
Finished routing net _9343__bF$buf3
Nets remaining: 19995
Finished routing net _15886_
Nets remaining: 19994
Failed to route net _15886__bF$buf0
Finished routing net _1471__bF$buf0
Nets remaining: 19993
Finished routing net _15910_
Nets remaining: 19992
Finished routing net _15910__bF$buf0
Nets remaining: 19991
Finished routing net _15892_
Nets remaining: 19990
Finished routing net _15892__bF$buf0
Nets remaining: 19989
Finished routing net _4866_
Nets remaining: 19988
Finished routing net _9390__bF$buf0
Nets remaining: 19987
Failed to route net _9390__bF$buf1
Finished routing net _6859_
Nets remaining: 19986
Finished routing net _6994_
Nets remaining: 19985
Finished routing net _15916_
Nets remaining: 19984
Finished routing net _15916__bF$buf0
Nets remaining: 19983
Finished routing net _9393_
Nets remaining: 19982
Finished routing net _9393__bF$buf0
Nets remaining: 19981
Finished routing net _9393__bF$buf1
Nets remaining: 19980
Finished routing net _9393__bF$buf2
Nets remaining: 19979
Finished routing net _9393__bF$buf3
Nets remaining: 19978
Finished routing net _9393__bF$buf4
Nets remaining: 19977
Finished routing net _15898_
Nets remaining: 19976
Finished routing net _15898__bF$buf0
Nets remaining: 19975
Finished routing net _7004_
Nets remaining: 19974
Finished routing net _15922_
Nets remaining: 19973
Finished routing net _15922__bF$buf0
Nets remaining: 19972
Finished routing net _1486__bF$buf0
Nets remaining: 19971
Finished routing net _206_
Nets remaining: 19970
Finished routing net \u_core.rd1\[3]
Nets remaining: 19969
Finished routing net \u_core.alu_a\[5]
Nets remaining: 19968
Finished routing net \u_core.pc\[8]
Nets remaining: 19967
Finished routing net \u_core.pc\[9]
Nets remaining: 19966
Finished routing net \u_core.pc\[10]
Nets remaining: 19965
Finished routing net _238_
Nets remaining: 19964
Finished routing net \u_core.alu_a\[25]
Nets remaining: 19963
Finished routing net _256_
Nets remaining: 19962
Finished routing net \u_core.alu_a\[30]
Nets remaining: 19961
Failed to route net \u_core.rd2\[0]
Failed to route net \u_core.rd2\[2]
Finished routing net \u_core.imm\[3]
Nets remaining: 19960
Finished routing net \u_core.rd2\[5]
Nets remaining: 19959
Finished routing net \u_core.imm\[5]
Nets remaining: 19958
Finished routing net \u_core.rd2\[6]
Nets remaining: 19957
Finished routing net \u_core.alu_b\[6]
Nets remaining: 19956
Finished routing net \u_core.rd2\[7]
Nets remaining: 19955
Finished routing net \u_core.rd2\[9]
Nets remaining: 19954
Finished routing net \u_core.alu_b\[9]
Nets remaining: 19953
Failed to route net \u_core.rd2\[10]
Finished routing net \u_core.alu_b\[10]
Nets remaining: 19952
Finished routing net \u_core.rd2\[11]
Nets remaining: 19951
Finished routing net \u_core.imm\[11]
Nets remaining: 19950
Finished routing net \u_core.rd2\[12]
Nets remaining: 19949
Finished routing net \u_core.rd2\[13]
Nets remaining: 19948
Failed to route net \u_core.rd2\[14]
Finished routing net \u_core.alu_b\[14]
Nets remaining: 19947
Finished routing net \u_core.rd2\[15]
Nets remaining: 19946
Finished routing net \u_core.rd2\[16]
Nets remaining: 19945
Finished routing net \u_core.rd2\[17]
Nets remaining: 19944
Failed to route net \u_core.rd2\[18]
Finished routing net \u_core.rd2\[21]
Nets remaining: 19943
Finished routing net \u_core.rd2\[22]
Nets remaining: 19942
Finished routing net \u_core.rd2\[23]
Nets remaining: 19941
Finished routing net \u_core.alu_b\[25]
Nets remaining: 19940
Finished routing net _440_
Nets remaining: 19939
Finished routing net _576_
Nets remaining: 19938
Finished routing net _611_
Nets remaining: 19937
Finished routing net _811_
Nets remaining: 19936
Finished routing net _1252_
Nets remaining: 19935
Finished routing net _1277_
Nets remaining: 19934
Finished routing net _1278_
Nets remaining: 19933
Finished routing net _1298_
Nets remaining: 19932
Finished routing net _1302_
Nets remaining: 19931
Finished routing net _1318_
Nets remaining: 19930
Finished routing net _1332_
Nets remaining: 19929
Finished routing net _1375_
Nets remaining: 19928
Finished routing net _1574_
Nets remaining: 19927
Finished routing net _1670_
Nets remaining: 19926
Finished routing net _1751_
Nets remaining: 19925
Finished routing net _1835_
Nets remaining: 19924
Finished routing net _758_
Nets remaining: 19923
Finished routing net _2104_
Nets remaining: 19922
Finished routing net \u_core.instr\[3]
Nets remaining: 19921
Finished routing net \u_core.instr\[2]
Nets remaining: 19920
Failed to route net _4810_
Failed to route net _4838_
Finished routing net _4868_
Nets remaining: 19919
Finished routing net _9284_
Nets remaining: 19918
Finished routing net _9292_
Nets remaining: 19917
Finished routing net _9303_
Nets remaining: 19916
Finished routing net _9316_
Nets remaining: 19915
Finished routing net _9317_
Nets remaining: 19914
Finished routing net _9322_
Nets remaining: 19913
Finished routing net _9331_
Nets remaining: 19912
Finished routing net \u_core.instr\[8]
Nets remaining: 19911
Finished routing net _9161_
Nets remaining: 19910
Finished routing net _9182_
Nets remaining: 19909
Finished routing net _9189_
Nets remaining: 19908
Finished routing net _15870_
Nets remaining: 19907
Finished routing net _15942_
Nets remaining: 19906
Finished routing net _16016_
Nets remaining: 19905
Finished routing net _16252_
Nets remaining: 19904
Finished routing net _7007_
Nets remaining: 19903
Finished routing net _6792_
Nets remaining: 19902
Finished routing net _6792__bF$buf0
Nets remaining: 19901
Failed to route net _6792__bF$buf1
Failed to route net _6792__bF$buf2
Finished routing net _1469_
Nets remaining: 19900
Finished routing net _6795_
Nets remaining: 19899
Finished routing net _6795__bF$buf0
Nets remaining: 19898
Finished routing net _6795__bF$buf1
Nets remaining: 19897
Finished routing net _6795__bF$buf2
Nets remaining: 19896
Finished routing net _9415_
Nets remaining: 19895
Finished routing net _1487_
Nets remaining: 19894
Finished routing net \u_core.pc\[7]
Nets remaining: 19893
Finished routing net _9342_
Nets remaining: 19892
Finished routing net _6793_
Nets remaining: 19891
Finished routing net _6793__bF$buf0
Nets remaining: 19890
Failed to route net _6793__bF$buf1
Finished routing net _6793__bF$buf2
Nets remaining: 19889
Finished routing net _1473_
Nets remaining: 19888
Finished routing net _9386_
Nets remaining: 19887
Finished routing net _9348_
Nets remaining: 19886
Finished routing net _9348__bF$buf0
Nets remaining: 19885
Finished routing net _6773_
Nets remaining: 19884
Finished routing net \u_core.imm_sel\[2]
Nets remaining: 19883
Finished routing net \u_core.imm_sel_2_bF$buf0\
Nets remaining: 19882
Finished routing net \u_core.pc\[2]
Nets remaining: 19881
Failed to route net \u_core.pc_2_bF$buf0\
Finished routing net \u_core.pc_2_bF$buf1\
Nets remaining: 19880
Finished routing net \u_core.pc_2_bF$buf2\
Nets remaining: 19879
Finished routing net _9343_
Nets remaining: 19878
Finished routing net _1471_
Nets remaining: 19877
Finished routing net _9390_
Nets remaining: 19876
Finished routing net _1486_
Nets remaining: 19875
Finished routing net \u_core.alu_a\[0]
Nets remaining: 19874
Finished routing net \u_core.pc\[1]
Nets remaining: 19873
Finished routing net \u_core.alu_a\[3]
Nets remaining: 19872
Finished routing net \u_core.rd1\[5]
Nets remaining: 19871
Finished routing net \u_core.rd1\[9]
Nets remaining: 19870
Finished routing net \u_core.pc\[11]
Nets remaining: 19869
Finished routing net \u_core.pc\[12]
Nets remaining: 19868
Finished routing net _226_
Nets remaining: 19867
Finished routing net \u_core.pc\[13]
Nets remaining: 19866
Finished routing net _228_
Nets remaining: 19865
Finished routing net \u_core.pc\[15]
Nets remaining: 19864
Finished routing net _232_
Nets remaining: 19863
Finished routing net \u_core.pc\[16]
Nets remaining: 19862
Finished routing net _234_
Nets remaining: 19861
Failed to route net _236_
Finished routing net \u_core.rd1\[17]
Nets remaining: 19860
Finished routing net \u_core.pc\[18]
Nets remaining: 19859
Failed to route net \u_core.pc\[19]
Finished routing net _240_
Nets remaining: 19858
Finished routing net \u_core.pc\[21]
Nets remaining: 19857
Finished routing net \u_core.pc\[22]
Nets remaining: 19856
Finished routing net \u_core.pc\[24]
Nets remaining: 19855
Finished routing net \u_core.rd1\[25]
Nets remaining: 19854
Finished routing net \u_core.pc\[26]
Nets remaining: 19853
Finished routing net _254_
Nets remaining: 19852
Finished routing net \u_core.alu_a\[27]
Nets remaining: 19851
Failed to route net \u_core.pc\[28]
Finished routing net _258_
Nets remaining: 19850
Finished routing net \u_core.pc\[29]
Nets remaining: 19849
Finished routing net \u_core.rd1\[29]
Nets remaining: 19848
Finished routing net \u_core.imm\[0]
Nets remaining: 19847
Failed to route net \u_core.rd2\[1]
Finished routing net \u_core.imm\[1]
Nets remaining: 19846
Finished routing net \u_core.imm\[2]
Nets remaining: 19845
Finished routing net \u_core.imm\[4]
Nets remaining: 19844
Finished routing net \u_core.imm\[6]
Nets remaining: 19843
Finished routing net \u_core.imm\[7]
Nets remaining: 19842
Finished routing net \u_core.alu_b\[7]
Nets remaining: 19841
Finished routing net \u_core.alu_b\[8]
Nets remaining: 19840
Finished routing net \u_core.imm\[9]
Nets remaining: 19839
Finished routing net \u_core.imm\[10]
Nets remaining: 19838
Finished routing net \u_core.imm\[13]
Nets remaining: 19837
Finished routing net \u_core.imm\[14]
Nets remaining: 19836
Finished routing net \u_core.imm\[15]
Nets remaining: 19835
Finished routing net \u_core.alu_b\[15]
Nets remaining: 19834
Finished routing net \u_core.alu_b\[16]
Nets remaining: 19833
Finished routing net \u_core.alu_b\[18]
Nets remaining: 19832
Finished routing net \u_core.alu_b\[22]
Nets remaining: 19831
Finished routing net \u_core.alu_b\[23]
Nets remaining: 19830
Finished routing net \u_core.rd2\[24]
Nets remaining: 19829
Finished routing net \u_core.imm\[24]
Nets remaining: 19828
Finished routing net \u_core.rd2\[25]
Nets remaining: 19827
Failed to route net \u_core.rd2\[26]
Finished routing net \u_core.rd2\[27]
Nets remaining: 19826
Finished routing net \u_core.rd2\[28]
Nets remaining: 19825
Finished routing net \u_core.rd2\[29]
Nets remaining: 19824
Finished routing net \u_core.alu_b\[29]
Nets remaining: 19823
Finished routing net \u_core.rd2\[30]
Nets remaining: 19822
Finished routing net \u_core.rd2\[31]
Nets remaining: 19821
Finished routing net _371_
Nets remaining: 19820
Finished routing net _381_
Nets remaining: 19819
Finished routing net _396_
Nets remaining: 19818
Finished routing net _404_
Nets remaining: 19817
Finished routing net _419_
Nets remaining: 19816
Finished routing net _478_
Nets remaining: 19815
Finished routing net _479_
Nets remaining: 19814
Finished routing net _481_
Nets remaining: 19813
Finished routing net _507_
Nets remaining: 19812
Finished routing net _549_
Nets remaining: 19811
Finished routing net _553_
Nets remaining: 19810
Finished routing net _556_
Nets remaining: 19809
Finished routing net _612_
Nets remaining: 19808
Finished routing net _705_
Nets remaining: 19807
Finished routing net _738_
Nets remaining: 19806
Finished routing net _23_
Nets remaining: 19805
Finished routing net _789_
Nets remaining: 19804
Finished routing net _1013_
Nets remaining: 19803
Finished routing net _1067_
Nets remaining: 19802
Finished routing net _1130_
Nets remaining: 19801
Finished routing net _1215_
Nets remaining: 19800
Finished routing net _1230_
Nets remaining: 19799
Finished routing net _1237_
Nets remaining: 19798
Finished routing net _1245_
Nets remaining: 19797
Finished routing net _1260_
Nets remaining: 19796
Finished routing net _1272_
Nets remaining: 19795
Finished routing net _1282_
Nets remaining: 19794
Finished routing net _1300_
Nets remaining: 19793
Finished routing net _1303_
Nets remaining: 19792
Finished routing net _1320_
Nets remaining: 19791
Finished routing net _1323_
Nets remaining: 19790
Finished routing net _1329_
Nets remaining: 19789
Finished routing net _1340_
Nets remaining: 19788
Finished routing net _1341_
Nets remaining: 19787
Finished routing net _1356_
Nets remaining: 19786
Finished routing net _1364_
Nets remaining: 19785
Finished routing net \u_core.alu_ctrl\[2]
Nets remaining: 19784
Finished routing net _1484_
Nets remaining: 19783
Finished routing net _1522_
Nets remaining: 19782
Finished routing net _1576_
Nets remaining: 19781
Finished routing net _1673_
Nets remaining: 19780
Finished routing net _1677_
Nets remaining: 19779
Finished routing net _1715_
Nets remaining: 19778
Finished routing net _1822_
Nets remaining: 19777
Finished routing net _1836_
Nets remaining: 19776
Finished routing net _1878_
Nets remaining: 19775
Finished routing net _2019_
Nets remaining: 19774
Finished routing net _2050_
Nets remaining: 19773
Finished routing net _825_
Nets remaining: 19772
Finished routing net _855_
Nets remaining: 19771
Finished routing net _856_
Nets remaining: 19770
Finished routing net _880_
Nets remaining: 19769
Finished routing net _890_
Nets remaining: 19768
Finished routing net _948_
Nets remaining: 19767
Finished routing net _1020_
Nets remaining: 19766
Finished routing net _1076_
Nets remaining: 19765
Finished routing net _1181_
Nets remaining: 19764
Finished routing net _2278_
Nets remaining: 19763
Finished routing net _2284_
Nets remaining: 19762
Failed to route net _2285_
Finished routing net _2287_
Nets remaining: 19761
Finished routing net _2299_
Nets remaining: 19760
Finished routing net _4820_
Nets remaining: 19759
Finished routing net _4869_
Nets remaining: 19758
Finished routing net _4922_
Nets remaining: 19757
Finished routing net _6818_
Nets remaining: 19756
Finished routing net _6943_
Nets remaining: 19755
Finished routing net _6964_
Nets remaining: 19754
Finished routing net _9291_
Nets remaining: 19753
Finished routing net _9305_
Nets remaining: 19752
Finished routing net _9309_
Nets remaining: 19751
Finished routing net _9329_
Nets remaining: 19750
Finished routing net _9138_
Nets remaining: 19749
Finished routing net _9140_
Nets remaining: 19748
Finished routing net _9147_
Nets remaining: 19747
Finished routing net _9155_
Nets remaining: 19746
Finished routing net _9172_
Nets remaining: 19745
Finished routing net _9174_
Nets remaining: 19744
Finished routing net _9175_
Nets remaining: 19743
Finished routing net _9210_
Nets remaining: 19742
Finished routing net _9214_
Nets remaining: 19741
Finished routing net \u_core.u_regfile.regs[23]\[0]
Nets remaining: 19740
Finished routing net \u_core.u_regfile.regs[17]\[0]
Nets remaining: 19739
Finished routing net _10469_
Nets remaining: 19738
Finished routing net \u_core.u_regfile.regs[29]\[0]
Nets remaining: 19737
Finished routing net _10473_
Nets remaining: 19736
Finished routing net \u_core.u_regfile.regs[25]\[0]
Nets remaining: 19735
Finished routing net \u_core.u_regfile.regs[27]\[0]
Nets remaining: 19734
Finished routing net \u_core.u_regfile.regs[26]\[0]
Nets remaining: 19733
Finished routing net \u_core.u_regfile.regs[15]\[0]
Nets remaining: 19732
Finished routing net \u_core.u_regfile.regs[14]\[0]
Nets remaining: 19731
Finished routing net \u_core.u_regfile.regs[11]\[0]
Nets remaining: 19730
Finished routing net \u_core.u_regfile.regs[10]\[0]
Nets remaining: 19729
Finished routing net \u_core.u_regfile.regs[13]\[0]
Nets remaining: 19728
Finished routing net \u_core.u_regfile.regs[12]\[0]
Nets remaining: 19727
Finished routing net \u_core.u_regfile.regs[9]\[0]
Nets remaining: 19726
Finished routing net \u_core.u_regfile.regs[8]\[0]
Nets remaining: 19725
Finished routing net \u_core.u_regfile.regs[3]\[0]
Nets remaining: 19724
Finished routing net \u_core.u_regfile.regs[2]\[0]
Nets remaining: 19723
Finished routing net \u_core.u_regfile.regs[7]\[0]
Nets remaining: 19722
Finished routing net \u_core.u_regfile.regs[6]\[0]
Nets remaining: 19721
Finished routing net \u_core.u_regfile.regs[1]\[0]
Nets remaining: 19720
Finished routing net \u_core.u_regfile.regs[5]\[0]
Nets remaining: 19719
Finished routing net \u_core.u_regfile.regs[4]\[0]
Nets remaining: 19718
Finished routing net \u_core.u_regfile.regs[23]\[1]
Nets remaining: 19717
Finished routing net \u_core.u_regfile.regs[17]\[1]
Nets remaining: 19716
Finished routing net _10532_
Nets remaining: 19715
Finished routing net \u_core.u_regfile.regs[29]\[1]
Nets remaining: 19714
Finished routing net _10536_
Nets remaining: 19713
Finished routing net \u_core.u_regfile.regs[25]\[1]
Nets remaining: 19712
Finished routing net \u_core.u_regfile.regs[27]\[1]
Nets remaining: 19711
Finished routing net \u_core.u_regfile.regs[26]\[1]
Nets remaining: 19710
Finished routing net \u_core.u_regfile.regs[15]\[1]
Nets remaining: 19709
Finished routing net \u_core.u_regfile.regs[14]\[1]
Nets remaining: 19708
Finished routing net \u_core.u_regfile.regs[11]\[1]
Nets remaining: 19707
Finished routing net \u_core.u_regfile.regs[10]\[1]
Nets remaining: 19706
Finished routing net \u_core.u_regfile.regs[13]\[1]
Nets remaining: 19705
Finished routing net \u_core.u_regfile.regs[12]\[1]
Nets remaining: 19704
Finished routing net \u_core.u_regfile.regs[9]\[1]
Nets remaining: 19703
Finished routing net \u_core.u_regfile.regs[8]\[1]
Nets remaining: 19702
Finished routing net \u_core.u_regfile.regs[3]\[1]
Nets remaining: 19701
Finished routing net \u_core.u_regfile.regs[2]\[1]
Nets remaining: 19700
Finished routing net \u_core.u_regfile.regs[7]\[1]
Nets remaining: 19699
Finished routing net \u_core.u_regfile.regs[6]\[1]
Nets remaining: 19698
Finished routing net \u_core.u_regfile.regs[1]\[1]
Nets remaining: 19697
Finished routing net \u_core.u_regfile.regs[5]\[1]
Nets remaining: 19696
Finished routing net \u_core.u_regfile.regs[4]\[1]
Nets remaining: 19695
Finished routing net \u_core.u_regfile.regs[23]\[2]
Nets remaining: 19694
Finished routing net \u_core.u_regfile.regs[17]\[2]
Nets remaining: 19693
Finished routing net _10595_
Nets remaining: 19692
Finished routing net \u_core.u_regfile.regs[29]\[2]
Nets remaining: 19691
Finished routing net _10599_
Nets remaining: 19690
Finished routing net \u_core.u_regfile.regs[25]\[2]
Nets remaining: 19689
Finished routing net \u_core.u_regfile.regs[27]\[2]
Nets remaining: 19688
Finished routing net \u_core.u_regfile.regs[26]\[2]
Nets remaining: 19687
Finished routing net \u_core.u_regfile.regs[15]\[2]
Nets remaining: 19686
Finished routing net \u_core.u_regfile.regs[14]\[2]
Nets remaining: 19685
Finished routing net \u_core.u_regfile.regs[11]\[2]
Nets remaining: 19684
Finished routing net \u_core.u_regfile.regs[10]\[2]
Nets remaining: 19683
Finished routing net \u_core.u_regfile.regs[13]\[2]
Nets remaining: 19682
Finished routing net \u_core.u_regfile.regs[12]\[2]
Nets remaining: 19681
Finished routing net \u_core.u_regfile.regs[9]\[2]
Nets remaining: 19680
Finished routing net \u_core.u_regfile.regs[8]\[2]
Nets remaining: 19679
Finished routing net \u_core.u_regfile.regs[3]\[2]
Nets remaining: 19678
Finished routing net \u_core.u_regfile.regs[2]\[2]
Nets remaining: 19677
Finished routing net \u_core.u_regfile.regs[7]\[2]
Nets remaining: 19676
Finished routing net \u_core.u_regfile.regs[6]\[2]
Nets remaining: 19675
Finished routing net \u_core.u_regfile.regs[1]\[2]
Nets remaining: 19674
Finished routing net \u_core.u_regfile.regs[5]\[2]
Nets remaining: 19673
Finished routing net \u_core.u_regfile.regs[4]\[2]
Nets remaining: 19672
Finished routing net \u_core.u_regfile.regs[23]\[3]
Nets remaining: 19671
Finished routing net \u_core.u_regfile.regs[17]\[3]
Nets remaining: 19670
Finished routing net _10658_
Nets remaining: 19669
Finished routing net \u_core.u_regfile.regs[29]\[3]
Nets remaining: 19668
Finished routing net _10662_
Nets remaining: 19667
Finished routing net \u_core.u_regfile.regs[25]\[3]
Nets remaining: 19666
Finished routing net \u_core.u_regfile.regs[27]\[3]
Nets remaining: 19665
Finished routing net \u_core.u_regfile.regs[26]\[3]
Nets remaining: 19664
Finished routing net \u_core.u_regfile.regs[15]\[3]
Nets remaining: 19663
Finished routing net \u_core.u_regfile.regs[14]\[3]
Nets remaining: 19662
Finished routing net \u_core.u_regfile.regs[11]\[3]
Nets remaining: 19661
Finished routing net \u_core.u_regfile.regs[10]\[3]
Nets remaining: 19660
Finished routing net \u_core.u_regfile.regs[13]\[3]
Nets remaining: 19659
Finished routing net \u_core.u_regfile.regs[12]\[3]
Nets remaining: 19658
Finished routing net \u_core.u_regfile.regs[9]\[3]
Nets remaining: 19657
Finished routing net \u_core.u_regfile.regs[8]\[3]
Nets remaining: 19656
Finished routing net \u_core.u_regfile.regs[3]\[3]
Nets remaining: 19655
Finished routing net \u_core.u_regfile.regs[2]\[3]
Nets remaining: 19654
Finished routing net \u_core.u_regfile.regs[7]\[3]
Nets remaining: 19653
Failed to route net \u_core.u_regfile.regs[6]\[3]
Finished routing net \u_core.u_regfile.regs[1]\[3]
Nets remaining: 19652
Finished routing net \u_core.u_regfile.regs[5]\[3]
Nets remaining: 19651
Finished routing net \u_core.u_regfile.regs[4]\[3]
Nets remaining: 19650
Finished routing net \u_core.u_regfile.regs[23]\[4]
Nets remaining: 19649
Finished routing net \u_core.u_regfile.regs[17]\[4]
Nets remaining: 19648
Failed to route net _10721_
Finished routing net \u_core.u_regfile.regs[29]\[4]
Nets remaining: 19647
Finished routing net _10725_
Nets remaining: 19646
Finished routing net \u_core.u_regfile.regs[25]\[4]
Nets remaining: 19645
Finished routing net \u_core.u_regfile.regs[27]\[4]
Nets remaining: 19644
Finished routing net \u_core.u_regfile.regs[26]\[4]
Nets remaining: 19643
Finished routing net \u_core.u_regfile.regs[15]\[4]
Nets remaining: 19642
Finished routing net \u_core.u_regfile.regs[14]\[4]
Nets remaining: 19641
Finished routing net \u_core.u_regfile.regs[11]\[4]
Nets remaining: 19640
Finished routing net \u_core.u_regfile.regs[10]\[4]
Nets remaining: 19639
Finished routing net \u_core.u_regfile.regs[13]\[4]
Nets remaining: 19638
Finished routing net \u_core.u_regfile.regs[12]\[4]
Nets remaining: 19637
Finished routing net \u_core.u_regfile.regs[9]\[4]
Nets remaining: 19636
Finished routing net \u_core.u_regfile.regs[8]\[4]
Nets remaining: 19635
Finished routing net \u_core.u_regfile.regs[3]\[4]
Nets remaining: 19634
Finished routing net \u_core.u_regfile.regs[2]\[4]
Nets remaining: 19633
Finished routing net \u_core.u_regfile.regs[7]\[4]
Nets remaining: 19632
Finished routing net \u_core.u_regfile.regs[6]\[4]
Nets remaining: 19631
Finished routing net \u_core.u_regfile.regs[1]\[4]
Nets remaining: 19630
Finished routing net \u_core.u_regfile.regs[5]\[4]
Nets remaining: 19629
Finished routing net \u_core.u_regfile.regs[4]\[4]
Nets remaining: 19628
Finished routing net \u_core.u_regfile.regs[23]\[5]
Nets remaining: 19627
Finished routing net \u_core.u_regfile.regs[17]\[5]
Nets remaining: 19626
Finished routing net _10784_
Nets remaining: 19625
Finished routing net \u_core.u_regfile.regs[29]\[5]
Nets remaining: 19624
Finished routing net _10788_
Nets remaining: 19623
Finished routing net \u_core.u_regfile.regs[25]\[5]
Nets remaining: 19622
Finished routing net \u_core.u_regfile.regs[27]\[5]
Nets remaining: 19621
Finished routing net \u_core.u_regfile.regs[26]\[5]
Nets remaining: 19620
Finished routing net \u_core.u_regfile.regs[15]\[5]
Nets remaining: 19619
Finished routing net \u_core.u_regfile.regs[14]\[5]
Nets remaining: 19618
Finished routing net \u_core.u_regfile.regs[11]\[5]
Nets remaining: 19617
Finished routing net \u_core.u_regfile.regs[10]\[5]
Nets remaining: 19616
Finished routing net \u_core.u_regfile.regs[13]\[5]
Nets remaining: 19615
Finished routing net \u_core.u_regfile.regs[12]\[5]
Nets remaining: 19614
Finished routing net \u_core.u_regfile.regs[9]\[5]
Nets remaining: 19613
Finished routing net \u_core.u_regfile.regs[8]\[5]
Nets remaining: 19612
Finished routing net \u_core.u_regfile.regs[3]\[5]
Nets remaining: 19611
Finished routing net \u_core.u_regfile.regs[2]\[5]
Nets remaining: 19610
Finished routing net \u_core.u_regfile.regs[7]\[5]
Nets remaining: 19609
Finished routing net \u_core.u_regfile.regs[6]\[5]
Nets remaining: 19608
Finished routing net \u_core.u_regfile.regs[1]\[5]
Nets remaining: 19607
Finished routing net \u_core.u_regfile.regs[5]\[5]
Nets remaining: 19606
Finished routing net \u_core.u_regfile.regs[4]\[5]
Nets remaining: 19605
Finished routing net \u_core.u_regfile.regs[23]\[6]
Nets remaining: 19604
Finished routing net \u_core.u_regfile.regs[17]\[6]
Nets remaining: 19603
Finished routing net _10847_
Nets remaining: 19602
Finished routing net \u_core.u_regfile.regs[29]\[6]
Nets remaining: 19601
Finished routing net _10851_
Nets remaining: 19600
Finished routing net \u_core.u_regfile.regs[25]\[6]
Nets remaining: 19599
Finished routing net \u_core.u_regfile.regs[27]\[6]
Nets remaining: 19598
Finished routing net \u_core.u_regfile.regs[26]\[6]
Nets remaining: 19597
Finished routing net \u_core.u_regfile.regs[15]\[6]
Nets remaining: 19596
Finished routing net \u_core.u_regfile.regs[14]\[6]
Nets remaining: 19595
Finished routing net \u_core.u_regfile.regs[11]\[6]
Nets remaining: 19594
Finished routing net \u_core.u_regfile.regs[10]\[6]
Nets remaining: 19593
Finished routing net \u_core.u_regfile.regs[13]\[6]
Nets remaining: 19592
Finished routing net \u_core.u_regfile.regs[12]\[6]
Nets remaining: 19591
Finished routing net \u_core.u_regfile.regs[9]\[6]
Nets remaining: 19590
Finished routing net \u_core.u_regfile.regs[8]\[6]
Nets remaining: 19589
Finished routing net \u_core.u_regfile.regs[3]\[6]
Nets remaining: 19588
Finished routing net \u_core.u_regfile.regs[2]\[6]
Nets remaining: 19587
Finished routing net \u_core.u_regfile.regs[7]\[6]
Nets remaining: 19586
Finished routing net \u_core.u_regfile.regs[6]\[6]
Nets remaining: 19585
Finished routing net \u_core.u_regfile.regs[1]\[6]
Nets remaining: 19584
Finished routing net \u_core.u_regfile.regs[5]\[6]
Nets remaining: 19583
Finished routing net \u_core.u_regfile.regs[4]\[6]
Nets remaining: 19582
Finished routing net \u_core.u_regfile.regs[23]\[7]
Nets remaining: 19581
Finished routing net \u_core.u_regfile.regs[17]\[7]
Nets remaining: 19580
Finished routing net _10910_
Nets remaining: 19579
Finished routing net \u_core.u_regfile.regs[29]\[7]
Nets remaining: 19578
Finished routing net _10914_
Nets remaining: 19577
Finished routing net \u_core.u_regfile.regs[25]\[7]
Nets remaining: 19576
Finished routing net \u_core.u_regfile.regs[27]\[7]
Nets remaining: 19575
Finished routing net \u_core.u_regfile.regs[26]\[7]
Nets remaining: 19574
Finished routing net \u_core.u_regfile.regs[15]\[7]
Nets remaining: 19573
Finished routing net \u_core.u_regfile.regs[14]\[7]
Nets remaining: 19572
Finished routing net \u_core.u_regfile.regs[11]\[7]
Nets remaining: 19571
Finished routing net \u_core.u_regfile.regs[10]\[7]
Nets remaining: 19570
Finished routing net \u_core.u_regfile.regs[13]\[7]
Nets remaining: 19569
Finished routing net \u_core.u_regfile.regs[12]\[7]
Nets remaining: 19568
Finished routing net \u_core.u_regfile.regs[9]\[7]
Nets remaining: 19567
Finished routing net \u_core.u_regfile.regs[8]\[7]
Nets remaining: 19566
Finished routing net \u_core.u_regfile.regs[3]\[7]
Nets remaining: 19565
Finished routing net \u_core.u_regfile.regs[2]\[7]
Nets remaining: 19564
Finished routing net \u_core.u_regfile.regs[7]\[7]
Nets remaining: 19563
Finished routing net \u_core.u_regfile.regs[6]\[7]
Nets remaining: 19562
Finished routing net \u_core.u_regfile.regs[1]\[7]
Nets remaining: 19561
Finished routing net \u_core.u_regfile.regs[5]\[7]
Nets remaining: 19560
Finished routing net \u_core.u_regfile.regs[4]\[7]
Nets remaining: 19559
Finished routing net \u_core.u_regfile.regs[23]\[8]
Nets remaining: 19558
Finished routing net \u_core.u_regfile.regs[17]\[8]
Nets remaining: 19557
Finished routing net _10973_
Nets remaining: 19556
Finished routing net \u_core.u_regfile.regs[29]\[8]
Nets remaining: 19555
Finished routing net _10977_
Nets remaining: 19554
Finished routing net \u_core.u_regfile.regs[25]\[8]
Nets remaining: 19553
Finished routing net \u_core.u_regfile.regs[27]\[8]
Nets remaining: 19552
Finished routing net \u_core.u_regfile.regs[26]\[8]
Nets remaining: 19551
Finished routing net \u_core.u_regfile.regs[15]\[8]
Nets remaining: 19550
Finished routing net \u_core.u_regfile.regs[14]\[8]
Nets remaining: 19549
Finished routing net \u_core.u_regfile.regs[11]\[8]
Nets remaining: 19548
Finished routing net \u_core.u_regfile.regs[10]\[8]
Nets remaining: 19547
Finished routing net \u_core.u_regfile.regs[13]\[8]
Nets remaining: 19546
Finished routing net \u_core.u_regfile.regs[12]\[8]
Nets remaining: 19545
Finished routing net \u_core.u_regfile.regs[9]\[8]
Nets remaining: 19544
Finished routing net \u_core.u_regfile.regs[8]\[8]
Nets remaining: 19543
Finished routing net \u_core.u_regfile.regs[3]\[8]
Nets remaining: 19542
Finished routing net \u_core.u_regfile.regs[2]\[8]
Nets remaining: 19541
Finished routing net \u_core.u_regfile.regs[7]\[8]
Nets remaining: 19540
Finished routing net \u_core.u_regfile.regs[6]\[8]
Nets remaining: 19539
Finished routing net \u_core.u_regfile.regs[1]\[8]
Nets remaining: 19538
Finished routing net \u_core.u_regfile.regs[5]\[8]
Nets remaining: 19537
Finished routing net \u_core.u_regfile.regs[4]\[8]
Nets remaining: 19536
Finished routing net \u_core.u_regfile.regs[23]\[9]
Nets remaining: 19535
Finished routing net \u_core.u_regfile.regs[17]\[9]
Nets remaining: 19534
Failed to route net _11036_
Finished routing net \u_core.u_regfile.regs[29]\[9]
Nets remaining: 19533
Finished routing net _11040_
Nets remaining: 19532
Finished routing net \u_core.u_regfile.regs[25]\[9]
Nets remaining: 19531
Finished routing net \u_core.u_regfile.regs[27]\[9]
Nets remaining: 19530
Finished routing net \u_core.u_regfile.regs[26]\[9]
Nets remaining: 19529
Finished routing net \u_core.u_regfile.regs[15]\[9]
Nets remaining: 19528
Finished routing net \u_core.u_regfile.regs[14]\[9]
Nets remaining: 19527
Finished routing net \u_core.u_regfile.regs[11]\[9]
Nets remaining: 19526
Finished routing net \u_core.u_regfile.regs[10]\[9]
Nets remaining: 19525
Finished routing net \u_core.u_regfile.regs[13]\[9]
Nets remaining: 19524
Finished routing net \u_core.u_regfile.regs[12]\[9]
Nets remaining: 19523
Finished routing net \u_core.u_regfile.regs[9]\[9]
Nets remaining: 19522
Finished routing net \u_core.u_regfile.regs[8]\[9]
Nets remaining: 19521
Finished routing net \u_core.u_regfile.regs[3]\[9]
Nets remaining: 19520
Finished routing net \u_core.u_regfile.regs[2]\[9]
Nets remaining: 19519
Finished routing net \u_core.u_regfile.regs[7]\[9]
Nets remaining: 19518
Finished routing net \u_core.u_regfile.regs[6]\[9]
Nets remaining: 19517
Finished routing net \u_core.u_regfile.regs[1]\[9]
Nets remaining: 19516
Finished routing net \u_core.u_regfile.regs[5]\[9]
Nets remaining: 19515
Finished routing net \u_core.u_regfile.regs[4]\[9]
Nets remaining: 19514
Finished routing net \u_core.u_regfile.regs[23]\[10]
Nets remaining: 19513
Finished routing net \u_core.u_regfile.regs[17]\[10]
Nets remaining: 19512
Finished routing net _11099_
Nets remaining: 19511
Finished routing net \u_core.u_regfile.regs[29]\[10]
Nets remaining: 19510
Finished routing net _11103_
Nets remaining: 19509
Finished routing net \u_core.u_regfile.regs[25]\[10]
Nets remaining: 19508
Finished routing net \u_core.u_regfile.regs[27]\[10]
Nets remaining: 19507
Finished routing net \u_core.u_regfile.regs[26]\[10]
Nets remaining: 19506
Finished routing net \u_core.u_regfile.regs[15]\[10]
Nets remaining: 19505
Finished routing net \u_core.u_regfile.regs[14]\[10]
Nets remaining: 19504
Finished routing net \u_core.u_regfile.regs[11]\[10]
Nets remaining: 19503
Finished routing net \u_core.u_regfile.regs[10]\[10]
Nets remaining: 19502
Finished routing net \u_core.u_regfile.regs[13]\[10]
Nets remaining: 19501
Finished routing net \u_core.u_regfile.regs[12]\[10]
Nets remaining: 19500
Finished routing net \u_core.u_regfile.regs[9]\[10]
Nets remaining: 19499
Finished routing net \u_core.u_regfile.regs[8]\[10]
Nets remaining: 19498
Finished routing net \u_core.u_regfile.regs[3]\[10]
Nets remaining: 19497
Finished routing net \u_core.u_regfile.regs[2]\[10]
Nets remaining: 19496
Finished routing net \u_core.u_regfile.regs[7]\[10]
Nets remaining: 19495
Finished routing net \u_core.u_regfile.regs[6]\[10]
Nets remaining: 19494
Finished routing net \u_core.u_regfile.regs[1]\[10]
Nets remaining: 19493
Finished routing net \u_core.u_regfile.regs[5]\[10]
Nets remaining: 19492
Finished routing net \u_core.u_regfile.regs[4]\[10]
Nets remaining: 19491
Finished routing net \u_core.u_regfile.regs[23]\[11]
Nets remaining: 19490
Finished routing net \u_core.u_regfile.regs[17]\[11]
Nets remaining: 19489
Finished routing net _11162_
Nets remaining: 19488
Finished routing net \u_core.u_regfile.regs[29]\[11]
Nets remaining: 19487
Finished routing net _11166_
Nets remaining: 19486
Finished routing net \u_core.u_regfile.regs[25]\[11]
Nets remaining: 19485
Finished routing net \u_core.u_regfile.regs[27]\[11]
Nets remaining: 19484
Finished routing net \u_core.u_regfile.regs[26]\[11]
Nets remaining: 19483
Finished routing net \u_core.u_regfile.regs[15]\[11]
Nets remaining: 19482
Finished routing net \u_core.u_regfile.regs[14]\[11]
Nets remaining: 19481
Finished routing net \u_core.u_regfile.regs[11]\[11]
Nets remaining: 19480
Finished routing net \u_core.u_regfile.regs[10]\[11]
Nets remaining: 19479
Finished routing net \u_core.u_regfile.regs[13]\[11]
Nets remaining: 19478
Finished routing net \u_core.u_regfile.regs[12]\[11]
Nets remaining: 19477
Finished routing net \u_core.u_regfile.regs[9]\[11]
Nets remaining: 19476
Finished routing net \u_core.u_regfile.regs[8]\[11]
Nets remaining: 19475
Finished routing net \u_core.u_regfile.regs[3]\[11]
Nets remaining: 19474
Finished routing net \u_core.u_regfile.regs[2]\[11]
Nets remaining: 19473
Finished routing net \u_core.u_regfile.regs[7]\[11]
Nets remaining: 19472
Finished routing net \u_core.u_regfile.regs[6]\[11]
Nets remaining: 19471
Finished routing net \u_core.u_regfile.regs[1]\[11]
Nets remaining: 19470
Finished routing net \u_core.u_regfile.regs[5]\[11]
Nets remaining: 19469
Finished routing net \u_core.u_regfile.regs[4]\[11]
Nets remaining: 19468
Finished routing net \u_core.u_regfile.regs[23]\[12]
Nets remaining: 19467
Finished routing net \u_core.u_regfile.regs[17]\[12]
Nets remaining: 19466
Finished routing net _11225_
Nets remaining: 19465
Finished routing net \u_core.u_regfile.regs[29]\[12]
Nets remaining: 19464
Finished routing net _11229_
Nets remaining: 19463
Finished routing net \u_core.u_regfile.regs[25]\[12]
Nets remaining: 19462
Finished routing net \u_core.u_regfile.regs[27]\[12]
Nets remaining: 19461
Finished routing net \u_core.u_regfile.regs[26]\[12]
Nets remaining: 19460
Finished routing net \u_core.u_regfile.regs[15]\[12]
Nets remaining: 19459
Finished routing net \u_core.u_regfile.regs[14]\[12]
Nets remaining: 19458
Finished routing net \u_core.u_regfile.regs[11]\[12]
Nets remaining: 19457
Finished routing net \u_core.u_regfile.regs[10]\[12]
Nets remaining: 19456
Finished routing net \u_core.u_regfile.regs[13]\[12]
Nets remaining: 19455
Finished routing net \u_core.u_regfile.regs[12]\[12]
Nets remaining: 19454
Finished routing net \u_core.u_regfile.regs[9]\[12]
Nets remaining: 19453
Finished routing net \u_core.u_regfile.regs[8]\[12]
Nets remaining: 19452
Finished routing net \u_core.u_regfile.regs[3]\[12]
Nets remaining: 19451
Finished routing net \u_core.u_regfile.regs[2]\[12]
Nets remaining: 19450
Finished routing net \u_core.u_regfile.regs[7]\[12]
Nets remaining: 19449
Finished routing net \u_core.u_regfile.regs[6]\[12]
Nets remaining: 19448
Finished routing net \u_core.u_regfile.regs[1]\[12]
Nets remaining: 19447
Finished routing net \u_core.u_regfile.regs[5]\[12]
Nets remaining: 19446
Finished routing net \u_core.u_regfile.regs[4]\[12]
Nets remaining: 19445
Finished routing net \u_core.u_regfile.regs[23]\[13]
Nets remaining: 19444
Finished routing net \u_core.u_regfile.regs[17]\[13]
Nets remaining: 19443
Finished routing net _11288_
Nets remaining: 19442
Finished routing net \u_core.u_regfile.regs[29]\[13]
Nets remaining: 19441
Finished routing net _11292_
Nets remaining: 19440
Finished routing net \u_core.u_regfile.regs[25]\[13]
Nets remaining: 19439
Finished routing net \u_core.u_regfile.regs[27]\[13]
Nets remaining: 19438
Finished routing net \u_core.u_regfile.regs[26]\[13]
Nets remaining: 19437
Finished routing net \u_core.u_regfile.regs[15]\[13]
Nets remaining: 19436
Finished routing net \u_core.u_regfile.regs[14]\[13]
Nets remaining: 19435
Finished routing net \u_core.u_regfile.regs[11]\[13]
Nets remaining: 19434
Finished routing net \u_core.u_regfile.regs[10]\[13]
Nets remaining: 19433
Finished routing net \u_core.u_regfile.regs[13]\[13]
Nets remaining: 19432
Finished routing net \u_core.u_regfile.regs[12]\[13]
Nets remaining: 19431
Finished routing net \u_core.u_regfile.regs[9]\[13]
Nets remaining: 19430
Finished routing net \u_core.u_regfile.regs[8]\[13]
Nets remaining: 19429
Finished routing net \u_core.u_regfile.regs[3]\[13]
Nets remaining: 19428
Finished routing net \u_core.u_regfile.regs[2]\[13]
Nets remaining: 19427
Finished routing net \u_core.u_regfile.regs[7]\[13]
Nets remaining: 19426
Finished routing net \u_core.u_regfile.regs[6]\[13]
Nets remaining: 19425
Finished routing net \u_core.u_regfile.regs[1]\[13]
Nets remaining: 19424
Finished routing net \u_core.u_regfile.regs[5]\[13]
Nets remaining: 19423
Finished routing net \u_core.u_regfile.regs[4]\[13]
Nets remaining: 19422
Finished routing net \u_core.u_regfile.regs[23]\[14]
Nets remaining: 19421
Finished routing net \u_core.u_regfile.regs[17]\[14]
Nets remaining: 19420
Finished routing net _11351_
Nets remaining: 19419
Finished routing net \u_core.u_regfile.regs[29]\[14]
Nets remaining: 19418
Finished routing net _11355_
Nets remaining: 19417
Finished routing net \u_core.u_regfile.regs[25]\[14]
Nets remaining: 19416
Finished routing net \u_core.u_regfile.regs[27]\[14]
Nets remaining: 19415
Finished routing net \u_core.u_regfile.regs[26]\[14]
Nets remaining: 19414
Finished routing net \u_core.u_regfile.regs[15]\[14]
Nets remaining: 19413
Finished routing net \u_core.u_regfile.regs[14]\[14]
Nets remaining: 19412
Finished routing net \u_core.u_regfile.regs[11]\[14]
Nets remaining: 19411
Finished routing net \u_core.u_regfile.regs[10]\[14]
Nets remaining: 19410
Finished routing net \u_core.u_regfile.regs[13]\[14]
Nets remaining: 19409
Finished routing net \u_core.u_regfile.regs[12]\[14]
Nets remaining: 19408
Finished routing net \u_core.u_regfile.regs[9]\[14]
Nets remaining: 19407
Finished routing net \u_core.u_regfile.regs[8]\[14]
Nets remaining: 19406
Finished routing net \u_core.u_regfile.regs[3]\[14]
Nets remaining: 19405
Finished routing net \u_core.u_regfile.regs[2]\[14]
Nets remaining: 19404
Finished routing net \u_core.u_regfile.regs[7]\[14]
Nets remaining: 19403
Finished routing net \u_core.u_regfile.regs[6]\[14]
Nets remaining: 19402
Finished routing net \u_core.u_regfile.regs[1]\[14]
Nets remaining: 19401
Finished routing net \u_core.u_regfile.regs[5]\[14]
Nets remaining: 19400
Finished routing net \u_core.u_regfile.regs[4]\[14]
Nets remaining: 19399
Finished routing net \u_core.u_regfile.regs[23]\[15]
Nets remaining: 19398
Finished routing net \u_core.u_regfile.regs[17]\[15]
Nets remaining: 19397
Finished routing net _11414_
Nets remaining: 19396
Finished routing net \u_core.u_regfile.regs[29]\[15]
Nets remaining: 19395
Finished routing net _11418_
Nets remaining: 19394
Finished routing net \u_core.u_regfile.regs[25]\[15]
Nets remaining: 19393
Finished routing net \u_core.u_regfile.regs[27]\[15]
Nets remaining: 19392
Finished routing net \u_core.u_regfile.regs[26]\[15]
Nets remaining: 19391
Finished routing net \u_core.u_regfile.regs[15]\[15]
Nets remaining: 19390
Finished routing net \u_core.u_regfile.regs[14]\[15]
Nets remaining: 19389
Finished routing net \u_core.u_regfile.regs[11]\[15]
Nets remaining: 19388
Finished routing net \u_core.u_regfile.regs[10]\[15]
Nets remaining: 19387
Finished routing net \u_core.u_regfile.regs[13]\[15]
Nets remaining: 19386
Finished routing net \u_core.u_regfile.regs[12]\[15]
Nets remaining: 19385
Finished routing net \u_core.u_regfile.regs[9]\[15]
Nets remaining: 19384
Finished routing net \u_core.u_regfile.regs[8]\[15]
Nets remaining: 19383
Finished routing net \u_core.u_regfile.regs[3]\[15]
Nets remaining: 19382
Finished routing net \u_core.u_regfile.regs[2]\[15]
Nets remaining: 19381
Finished routing net \u_core.u_regfile.regs[7]\[15]
Nets remaining: 19380
Finished routing net \u_core.u_regfile.regs[6]\[15]
Nets remaining: 19379
Finished routing net \u_core.u_regfile.regs[1]\[15]
Nets remaining: 19378
Finished routing net \u_core.u_regfile.regs[5]\[15]
Nets remaining: 19377
Finished routing net \u_core.u_regfile.regs[4]\[15]
Nets remaining: 19376
Finished routing net \u_core.u_regfile.regs[23]\[16]
Nets remaining: 19375
Finished routing net \u_core.u_regfile.regs[17]\[16]
Nets remaining: 19374
Finished routing net _11477_
Nets remaining: 19373
Finished routing net \u_core.u_regfile.regs[29]\[16]
Nets remaining: 19372
Finished routing net _11481_
Nets remaining: 19371
Finished routing net \u_core.u_regfile.regs[25]\[16]
Nets remaining: 19370
Finished routing net \u_core.u_regfile.regs[27]\[16]
Nets remaining: 19369
Finished routing net \u_core.u_regfile.regs[26]\[16]
Nets remaining: 19368
Finished routing net \u_core.u_regfile.regs[15]\[16]
Nets remaining: 19367
Finished routing net \u_core.u_regfile.regs[14]\[16]
Nets remaining: 19366
Finished routing net \u_core.u_regfile.regs[11]\[16]
Nets remaining: 19365
Finished routing net \u_core.u_regfile.regs[10]\[16]
Nets remaining: 19364
Finished routing net \u_core.u_regfile.regs[13]\[16]
Nets remaining: 19363
Finished routing net \u_core.u_regfile.regs[12]\[16]
Nets remaining: 19362
Finished routing net \u_core.u_regfile.regs[9]\[16]
Nets remaining: 19361
Finished routing net \u_core.u_regfile.regs[8]\[16]
Nets remaining: 19360
Finished routing net \u_core.u_regfile.regs[3]\[16]
Nets remaining: 19359
Finished routing net \u_core.u_regfile.regs[2]\[16]
Nets remaining: 19358
Finished routing net \u_core.u_regfile.regs[7]\[16]
Nets remaining: 19357
Finished routing net \u_core.u_regfile.regs[6]\[16]
Nets remaining: 19356
Finished routing net \u_core.u_regfile.regs[1]\[16]
Nets remaining: 19355
Finished routing net \u_core.u_regfile.regs[5]\[16]
Nets remaining: 19354
Finished routing net \u_core.u_regfile.regs[4]\[16]
Nets remaining: 19353
Finished routing net \u_core.u_regfile.regs[23]\[17]
Nets remaining: 19352
Finished routing net \u_core.u_regfile.regs[17]\[17]
Nets remaining: 19351
Finished routing net _11540_
Nets remaining: 19350
Finished routing net \u_core.u_regfile.regs[29]\[17]
Nets remaining: 19349
Finished routing net _11544_
Nets remaining: 19348
Finished routing net \u_core.u_regfile.regs[25]\[17]
Nets remaining: 19347
Finished routing net \u_core.u_regfile.regs[27]\[17]
Nets remaining: 19346
Finished routing net \u_core.u_regfile.regs[26]\[17]
Nets remaining: 19345
Finished routing net \u_core.u_regfile.regs[15]\[17]
Nets remaining: 19344
Finished routing net \u_core.u_regfile.regs[14]\[17]
Nets remaining: 19343
Finished routing net \u_core.u_regfile.regs[11]\[17]
Nets remaining: 19342
Finished routing net \u_core.u_regfile.regs[10]\[17]
Nets remaining: 19341
Finished routing net \u_core.u_regfile.regs[13]\[17]
Nets remaining: 19340
Finished routing net \u_core.u_regfile.regs[12]\[17]
Nets remaining: 19339
Finished routing net \u_core.u_regfile.regs[9]\[17]
Nets remaining: 19338
Finished routing net \u_core.u_regfile.regs[8]\[17]
Nets remaining: 19337
Finished routing net \u_core.u_regfile.regs[3]\[17]
Nets remaining: 19336
Finished routing net \u_core.u_regfile.regs[2]\[17]
Nets remaining: 19335
Finished routing net \u_core.u_regfile.regs[7]\[17]
Nets remaining: 19334
Finished routing net \u_core.u_regfile.regs[6]\[17]
Nets remaining: 19333
Finished routing net \u_core.u_regfile.regs[1]\[17]
Nets remaining: 19332
Finished routing net \u_core.u_regfile.regs[5]\[17]
Nets remaining: 19331
Finished routing net \u_core.u_regfile.regs[4]\[17]
Nets remaining: 19330
Finished routing net \u_core.u_regfile.regs[23]\[18]
Nets remaining: 19329
Finished routing net \u_core.u_regfile.regs[17]\[18]
Nets remaining: 19328
Finished routing net _11603_
Nets remaining: 19327
Finished routing net \u_core.u_regfile.regs[29]\[18]
Nets remaining: 19326
Finished routing net _11607_
Nets remaining: 19325
Finished routing net \u_core.u_regfile.regs[25]\[18]
Nets remaining: 19324
Finished routing net \u_core.u_regfile.regs[27]\[18]
Nets remaining: 19323
Finished routing net \u_core.u_regfile.regs[26]\[18]
Nets remaining: 19322
Finished routing net \u_core.u_regfile.regs[15]\[18]
Nets remaining: 19321
Finished routing net \u_core.u_regfile.regs[14]\[18]
Nets remaining: 19320
Finished routing net \u_core.u_regfile.regs[11]\[18]
Nets remaining: 19319
Finished routing net \u_core.u_regfile.regs[10]\[18]
Nets remaining: 19318
Finished routing net \u_core.u_regfile.regs[13]\[18]
Nets remaining: 19317
Finished routing net \u_core.u_regfile.regs[12]\[18]
Nets remaining: 19316
Finished routing net \u_core.u_regfile.regs[9]\[18]
Nets remaining: 19315
Finished routing net \u_core.u_regfile.regs[8]\[18]
Nets remaining: 19314
Finished routing net \u_core.u_regfile.regs[3]\[18]
Nets remaining: 19313
Finished routing net \u_core.u_regfile.regs[2]\[18]
Nets remaining: 19312
Finished routing net \u_core.u_regfile.regs[7]\[18]
Nets remaining: 19311
Finished routing net \u_core.u_regfile.regs[6]\[18]
Nets remaining: 19310
Finished routing net \u_core.u_regfile.regs[1]\[18]
Nets remaining: 19309
Finished routing net \u_core.u_regfile.regs[5]\[18]
Nets remaining: 19308
Finished routing net \u_core.u_regfile.regs[4]\[18]
Nets remaining: 19307
Finished routing net \u_core.u_regfile.regs[23]\[19]
Nets remaining: 19306
Finished routing net \u_core.u_regfile.regs[17]\[19]
Nets remaining: 19305
Finished routing net _11666_
Nets remaining: 19304
Finished routing net \u_core.u_regfile.regs[29]\[19]
Nets remaining: 19303
Finished routing net _11670_
Nets remaining: 19302
Finished routing net \u_core.u_regfile.regs[25]\[19]
Nets remaining: 19301
Finished routing net \u_core.u_regfile.regs[27]\[19]
Nets remaining: 19300
Finished routing net \u_core.u_regfile.regs[26]\[19]
Nets remaining: 19299
Finished routing net \u_core.u_regfile.regs[15]\[19]
Nets remaining: 19298
Finished routing net \u_core.u_regfile.regs[14]\[19]
Nets remaining: 19297
Finished routing net \u_core.u_regfile.regs[11]\[19]
Nets remaining: 19296
Finished routing net \u_core.u_regfile.regs[10]\[19]
Nets remaining: 19295
Finished routing net \u_core.u_regfile.regs[13]\[19]
Nets remaining: 19294
Finished routing net \u_core.u_regfile.regs[12]\[19]
Nets remaining: 19293
Finished routing net \u_core.u_regfile.regs[9]\[19]
Nets remaining: 19292
Finished routing net \u_core.u_regfile.regs[8]\[19]
Nets remaining: 19291
Finished routing net \u_core.u_regfile.regs[3]\[19]
Nets remaining: 19290
Finished routing net \u_core.u_regfile.regs[2]\[19]
Nets remaining: 19289
Finished routing net \u_core.u_regfile.regs[7]\[19]
Nets remaining: 19288
Finished routing net \u_core.u_regfile.regs[6]\[19]
Nets remaining: 19287
Finished routing net \u_core.u_regfile.regs[1]\[19]
Nets remaining: 19286
Finished routing net \u_core.u_regfile.regs[5]\[19]
Nets remaining: 19285
Finished routing net \u_core.u_regfile.regs[4]\[19]
Nets remaining: 19284
Finished routing net \u_core.u_regfile.regs[23]\[20]
Nets remaining: 19283
Finished routing net \u_core.u_regfile.regs[17]\[20]
Nets remaining: 19282
Finished routing net _11729_
Nets remaining: 19281
Finished routing net \u_core.u_regfile.regs[29]\[20]
Nets remaining: 19280
Finished routing net _11733_
Nets remaining: 19279
Finished routing net \u_core.u_regfile.regs[25]\[20]
Nets remaining: 19278
Finished routing net \u_core.u_regfile.regs[27]\[20]
Nets remaining: 19277
Finished routing net \u_core.u_regfile.regs[26]\[20]
Nets remaining: 19276
Finished routing net \u_core.u_regfile.regs[15]\[20]
Nets remaining: 19275
Finished routing net \u_core.u_regfile.regs[14]\[20]
Nets remaining: 19274
Finished routing net \u_core.u_regfile.regs[11]\[20]
Nets remaining: 19273
Finished routing net \u_core.u_regfile.regs[10]\[20]
Nets remaining: 19272
Finished routing net \u_core.u_regfile.regs[13]\[20]
Nets remaining: 19271
Finished routing net \u_core.u_regfile.regs[12]\[20]
Nets remaining: 19270
Finished routing net \u_core.u_regfile.regs[9]\[20]
Nets remaining: 19269
Finished routing net \u_core.u_regfile.regs[8]\[20]
Nets remaining: 19268
Finished routing net \u_core.u_regfile.regs[3]\[20]
Nets remaining: 19267
Finished routing net \u_core.u_regfile.regs[2]\[20]
Nets remaining: 19266
Finished routing net \u_core.u_regfile.regs[7]\[20]
Nets remaining: 19265
Finished routing net \u_core.u_regfile.regs[6]\[20]
Nets remaining: 19264
Finished routing net \u_core.u_regfile.regs[1]\[20]
Nets remaining: 19263
Finished routing net \u_core.u_regfile.regs[5]\[20]
Nets remaining: 19262
Finished routing net \u_core.u_regfile.regs[4]\[20]
Nets remaining: 19261
Finished routing net \u_core.u_regfile.regs[23]\[21]
Nets remaining: 19260
Finished routing net \u_core.u_regfile.regs[17]\[21]
Nets remaining: 19259
Finished routing net _11792_
Nets remaining: 19258
Finished routing net \u_core.u_regfile.regs[29]\[21]
Nets remaining: 19257
Finished routing net _11796_
Nets remaining: 19256
Finished routing net \u_core.u_regfile.regs[25]\[21]
Nets remaining: 19255
Finished routing net \u_core.u_regfile.regs[27]\[21]
Nets remaining: 19254
Finished routing net \u_core.u_regfile.regs[26]\[21]
Nets remaining: 19253
Finished routing net \u_core.u_regfile.regs[15]\[21]
Nets remaining: 19252
Finished routing net \u_core.u_regfile.regs[14]\[21]
Nets remaining: 19251
Finished routing net \u_core.u_regfile.regs[11]\[21]
Nets remaining: 19250
Finished routing net \u_core.u_regfile.regs[10]\[21]
Nets remaining: 19249
Finished routing net \u_core.u_regfile.regs[13]\[21]
Nets remaining: 19248
Finished routing net \u_core.u_regfile.regs[12]\[21]
Nets remaining: 19247
Finished routing net \u_core.u_regfile.regs[9]\[21]
Nets remaining: 19246
Finished routing net \u_core.u_regfile.regs[8]\[21]
Nets remaining: 19245
Finished routing net \u_core.u_regfile.regs[3]\[21]
Nets remaining: 19244
Finished routing net \u_core.u_regfile.regs[2]\[21]
Nets remaining: 19243
Finished routing net \u_core.u_regfile.regs[7]\[21]
Nets remaining: 19242
Finished routing net \u_core.u_regfile.regs[6]\[21]
Nets remaining: 19241
Finished routing net \u_core.u_regfile.regs[1]\[21]
Nets remaining: 19240
Finished routing net \u_core.u_regfile.regs[5]\[21]
Nets remaining: 19239
Finished routing net \u_core.u_regfile.regs[4]\[21]
Nets remaining: 19238
Finished routing net \u_core.u_regfile.regs[23]\[22]
Nets remaining: 19237
Finished routing net \u_core.u_regfile.regs[17]\[22]
Nets remaining: 19236
Finished routing net _11855_
Nets remaining: 19235
Finished routing net \u_core.u_regfile.regs[29]\[22]
Nets remaining: 19234
Finished routing net _11859_
Nets remaining: 19233
Finished routing net \u_core.u_regfile.regs[25]\[22]
Nets remaining: 19232
Finished routing net \u_core.u_regfile.regs[27]\[22]
Nets remaining: 19231
Finished routing net \u_core.u_regfile.regs[26]\[22]
Nets remaining: 19230
Finished routing net \u_core.u_regfile.regs[15]\[22]
Nets remaining: 19229
Finished routing net \u_core.u_regfile.regs[14]\[22]
Nets remaining: 19228
Finished routing net \u_core.u_regfile.regs[11]\[22]
Nets remaining: 19227
Finished routing net \u_core.u_regfile.regs[10]\[22]
Nets remaining: 19226
Finished routing net \u_core.u_regfile.regs[13]\[22]
Nets remaining: 19225
Finished routing net \u_core.u_regfile.regs[12]\[22]
Nets remaining: 19224
Finished routing net \u_core.u_regfile.regs[9]\[22]
Nets remaining: 19223
Finished routing net \u_core.u_regfile.regs[8]\[22]
Nets remaining: 19222
Finished routing net \u_core.u_regfile.regs[3]\[22]
Nets remaining: 19221
Finished routing net \u_core.u_regfile.regs[2]\[22]
Nets remaining: 19220
Finished routing net \u_core.u_regfile.regs[7]\[22]
Nets remaining: 19219
Finished routing net \u_core.u_regfile.regs[6]\[22]
Nets remaining: 19218
Finished routing net \u_core.u_regfile.regs[1]\[22]
Nets remaining: 19217
Finished routing net \u_core.u_regfile.regs[5]\[22]
Nets remaining: 19216
Finished routing net \u_core.u_regfile.regs[4]\[22]
Nets remaining: 19215
Finished routing net \u_core.u_regfile.regs[23]\[23]
Nets remaining: 19214
Finished routing net \u_core.u_regfile.regs[17]\[23]
Nets remaining: 19213
Finished routing net _11918_
Nets remaining: 19212
Finished routing net \u_core.u_regfile.regs[29]\[23]
Nets remaining: 19211
Finished routing net _11922_
Nets remaining: 19210
Finished routing net \u_core.u_regfile.regs[25]\[23]
Nets remaining: 19209
Finished routing net \u_core.u_regfile.regs[27]\[23]
Nets remaining: 19208
Finished routing net \u_core.u_regfile.regs[26]\[23]
Nets remaining: 19207
Finished routing net \u_core.u_regfile.regs[15]\[23]
Nets remaining: 19206
Finished routing net \u_core.u_regfile.regs[14]\[23]
Nets remaining: 19205
Finished routing net \u_core.u_regfile.regs[11]\[23]
Nets remaining: 19204
Finished routing net \u_core.u_regfile.regs[10]\[23]
Nets remaining: 19203
Finished routing net \u_core.u_regfile.regs[13]\[23]
Nets remaining: 19202
Finished routing net \u_core.u_regfile.regs[12]\[23]
Nets remaining: 19201
Finished routing net \u_core.u_regfile.regs[9]\[23]
Nets remaining: 19200
Finished routing net \u_core.u_regfile.regs[8]\[23]
Nets remaining: 19199
Finished routing net \u_core.u_regfile.regs[3]\[23]
Nets remaining: 19198
Finished routing net \u_core.u_regfile.regs[2]\[23]
Nets remaining: 19197
Finished routing net \u_core.u_regfile.regs[7]\[23]
Nets remaining: 19196
Finished routing net \u_core.u_regfile.regs[6]\[23]
Nets remaining: 19195
Finished routing net \u_core.u_regfile.regs[1]\[23]
Nets remaining: 19194
Finished routing net \u_core.u_regfile.regs[5]\[23]
Nets remaining: 19193
Finished routing net \u_core.u_regfile.regs[4]\[23]
Nets remaining: 19192
Finished routing net \u_core.u_regfile.regs[23]\[24]
Nets remaining: 19191
Finished routing net \u_core.u_regfile.regs[17]\[24]
Nets remaining: 19190
Finished routing net _11981_
Nets remaining: 19189
Finished routing net \u_core.u_regfile.regs[29]\[24]
Nets remaining: 19188
Finished routing net _11985_
Nets remaining: 19187
Finished routing net \u_core.u_regfile.regs[25]\[24]
Nets remaining: 19186
Finished routing net \u_core.u_regfile.regs[27]\[24]
Nets remaining: 19185
Finished routing net \u_core.u_regfile.regs[26]\[24]
Nets remaining: 19184
Finished routing net \u_core.u_regfile.regs[15]\[24]
Nets remaining: 19183
Finished routing net \u_core.u_regfile.regs[14]\[24]
Nets remaining: 19182
Finished routing net \u_core.u_regfile.regs[11]\[24]
Nets remaining: 19181
Finished routing net \u_core.u_regfile.regs[10]\[24]
Nets remaining: 19180
Finished routing net \u_core.u_regfile.regs[13]\[24]
Nets remaining: 19179
Finished routing net \u_core.u_regfile.regs[12]\[24]
Nets remaining: 19178
Finished routing net \u_core.u_regfile.regs[9]\[24]
Nets remaining: 19177
Finished routing net \u_core.u_regfile.regs[8]\[24]
Nets remaining: 19176
Finished routing net \u_core.u_regfile.regs[3]\[24]
Nets remaining: 19175
Finished routing net \u_core.u_regfile.regs[2]\[24]
Nets remaining: 19174
Finished routing net \u_core.u_regfile.regs[7]\[24]
Nets remaining: 19173
Finished routing net \u_core.u_regfile.regs[6]\[24]
Nets remaining: 19172
Finished routing net \u_core.u_regfile.regs[1]\[24]
Nets remaining: 19171
Finished routing net \u_core.u_regfile.regs[5]\[24]
Nets remaining: 19170
Finished routing net \u_core.u_regfile.regs[4]\[24]
Nets remaining: 19169
Finished routing net \u_core.u_regfile.regs[23]\[25]
Nets remaining: 19168
Finished routing net \u_core.u_regfile.regs[17]\[25]
Nets remaining: 19167
Finished routing net _12044_
Nets remaining: 19166
Finished routing net \u_core.u_regfile.regs[29]\[25]
Nets remaining: 19165
Finished routing net _12048_
Nets remaining: 19164
Finished routing net \u_core.u_regfile.regs[25]\[25]
Nets remaining: 19163
Finished routing net \u_core.u_regfile.regs[27]\[25]
Nets remaining: 19162
Finished routing net \u_core.u_regfile.regs[26]\[25]
Nets remaining: 19161
Finished routing net \u_core.u_regfile.regs[15]\[25]
Nets remaining: 19160
Failed to route net \u_core.u_regfile.regs[14]\[25]
Finished routing net \u_core.u_regfile.regs[11]\[25]
Nets remaining: 19159
Finished routing net \u_core.u_regfile.regs[10]\[25]
Nets remaining: 19158
Finished routing net \u_core.u_regfile.regs[13]\[25]
Nets remaining: 19157
Finished routing net \u_core.u_regfile.regs[12]\[25]
Nets remaining: 19156
Finished routing net \u_core.u_regfile.regs[9]\[25]
Nets remaining: 19155
Finished routing net \u_core.u_regfile.regs[8]\[25]
Nets remaining: 19154
Finished routing net \u_core.u_regfile.regs[3]\[25]
Nets remaining: 19153
Finished routing net \u_core.u_regfile.regs[2]\[25]
Nets remaining: 19152
Finished routing net \u_core.u_regfile.regs[7]\[25]
Nets remaining: 19151
Finished routing net \u_core.u_regfile.regs[6]\[25]
Nets remaining: 19150
Finished routing net \u_core.u_regfile.regs[1]\[25]
Nets remaining: 19149
Finished routing net \u_core.u_regfile.regs[5]\[25]
Nets remaining: 19148
Finished routing net \u_core.u_regfile.regs[4]\[25]
Nets remaining: 19147
Finished routing net \u_core.u_regfile.regs[23]\[26]
Nets remaining: 19146
Finished routing net \u_core.u_regfile.regs[17]\[26]
Nets remaining: 19145
Finished routing net _12107_
Nets remaining: 19144
Finished routing net \u_core.u_regfile.regs[29]\[26]
Nets remaining: 19143
Finished routing net _12111_
Nets remaining: 19142
Finished routing net \u_core.u_regfile.regs[25]\[26]
Nets remaining: 19141
Finished routing net \u_core.u_regfile.regs[27]\[26]
Nets remaining: 19140
Finished routing net \u_core.u_regfile.regs[26]\[26]
Nets remaining: 19139
Finished routing net \u_core.u_regfile.regs[15]\[26]
Nets remaining: 19138
Finished routing net \u_core.u_regfile.regs[14]\[26]
Nets remaining: 19137
Finished routing net \u_core.u_regfile.regs[11]\[26]
Nets remaining: 19136
Finished routing net \u_core.u_regfile.regs[10]\[26]
Nets remaining: 19135
Finished routing net \u_core.u_regfile.regs[13]\[26]
Nets remaining: 19134
Finished routing net \u_core.u_regfile.regs[12]\[26]
Nets remaining: 19133
Finished routing net \u_core.u_regfile.regs[9]\[26]
Nets remaining: 19132
Finished routing net \u_core.u_regfile.regs[8]\[26]
Nets remaining: 19131
Finished routing net \u_core.u_regfile.regs[3]\[26]
Nets remaining: 19130
Finished routing net \u_core.u_regfile.regs[2]\[26]
Nets remaining: 19129
Finished routing net \u_core.u_regfile.regs[7]\[26]
Nets remaining: 19128
Finished routing net \u_core.u_regfile.regs[6]\[26]
Nets remaining: 19127
Finished routing net \u_core.u_regfile.regs[1]\[26]
Nets remaining: 19126
Finished routing net \u_core.u_regfile.regs[5]\[26]
Nets remaining: 19125
Finished routing net \u_core.u_regfile.regs[4]\[26]
Nets remaining: 19124
Finished routing net \u_core.u_regfile.regs[23]\[27]
Nets remaining: 19123
Finished routing net \u_core.u_regfile.regs[17]\[27]
Nets remaining: 19122
Finished routing net _12170_
Nets remaining: 19121
Finished routing net \u_core.u_regfile.regs[29]\[27]
Nets remaining: 19120
Finished routing net _12174_
Nets remaining: 19119
Finished routing net \u_core.u_regfile.regs[25]\[27]
Nets remaining: 19118
Finished routing net \u_core.u_regfile.regs[27]\[27]
Nets remaining: 19117
Finished routing net \u_core.u_regfile.regs[26]\[27]
Nets remaining: 19116
Finished routing net \u_core.u_regfile.regs[15]\[27]
Nets remaining: 19115
Finished routing net \u_core.u_regfile.regs[14]\[27]
Nets remaining: 19114
Finished routing net \u_core.u_regfile.regs[11]\[27]
Nets remaining: 19113
Finished routing net \u_core.u_regfile.regs[10]\[27]
Nets remaining: 19112
Finished routing net \u_core.u_regfile.regs[13]\[27]
Nets remaining: 19111
Finished routing net \u_core.u_regfile.regs[12]\[27]
Nets remaining: 19110
Finished routing net \u_core.u_regfile.regs[9]\[27]
Nets remaining: 19109
Finished routing net \u_core.u_regfile.regs[8]\[27]
Nets remaining: 19108
Finished routing net \u_core.u_regfile.regs[3]\[27]
Nets remaining: 19107
Finished routing net \u_core.u_regfile.regs[2]\[27]
Nets remaining: 19106
Finished routing net \u_core.u_regfile.regs[7]\[27]
Nets remaining: 19105
Finished routing net \u_core.u_regfile.regs[6]\[27]
Nets remaining: 19104
Finished routing net \u_core.u_regfile.regs[1]\[27]
Nets remaining: 19103
Finished routing net \u_core.u_regfile.regs[5]\[27]
Nets remaining: 19102
Finished routing net \u_core.u_regfile.regs[4]\[27]
Nets remaining: 19101
Finished routing net \u_core.u_regfile.regs[23]\[28]
Nets remaining: 19100
Finished routing net \u_core.u_regfile.regs[17]\[28]
Nets remaining: 19099
Failed to route net _12233_
Finished routing net \u_core.u_regfile.regs[29]\[28]
Nets remaining: 19098
Finished routing net _12237_
Nets remaining: 19097
Finished routing net \u_core.u_regfile.regs[25]\[28]
Nets remaining: 19096
Finished routing net \u_core.u_regfile.regs[27]\[28]
Nets remaining: 19095
Finished routing net \u_core.u_regfile.regs[26]\[28]
Nets remaining: 19094
Finished routing net \u_core.u_regfile.regs[15]\[28]
Nets remaining: 19093
Finished routing net \u_core.u_regfile.regs[14]\[28]
Nets remaining: 19092
Finished routing net \u_core.u_regfile.regs[11]\[28]
Nets remaining: 19091
Finished routing net \u_core.u_regfile.regs[10]\[28]
Nets remaining: 19090
Finished routing net \u_core.u_regfile.regs[13]\[28]
Nets remaining: 19089
Finished routing net \u_core.u_regfile.regs[12]\[28]
Nets remaining: 19088
Finished routing net \u_core.u_regfile.regs[9]\[28]
Nets remaining: 19087
Finished routing net \u_core.u_regfile.regs[8]\[28]
Nets remaining: 19086
Finished routing net \u_core.u_regfile.regs[3]\[28]
Nets remaining: 19085
Finished routing net \u_core.u_regfile.regs[2]\[28]
Nets remaining: 19084
Finished routing net \u_core.u_regfile.regs[7]\[28]
Nets remaining: 19083
Finished routing net \u_core.u_regfile.regs[6]\[28]
Nets remaining: 19082
Finished routing net \u_core.u_regfile.regs[1]\[28]
Nets remaining: 19081
Finished routing net \u_core.u_regfile.regs[5]\[28]
Nets remaining: 19080
Finished routing net \u_core.u_regfile.regs[4]\[28]
Nets remaining: 19079
Finished routing net \u_core.u_regfile.regs[23]\[29]
Nets remaining: 19078
Finished routing net \u_core.u_regfile.regs[17]\[29]
Nets remaining: 19077
Finished routing net _12296_
Nets remaining: 19076
Finished routing net \u_core.u_regfile.regs[29]\[29]
Nets remaining: 19075
Finished routing net _12300_
Nets remaining: 19074
Finished routing net \u_core.u_regfile.regs[25]\[29]
Nets remaining: 19073
Finished routing net \u_core.u_regfile.regs[27]\[29]
Nets remaining: 19072
Finished routing net \u_core.u_regfile.regs[26]\[29]
Nets remaining: 19071
Finished routing net \u_core.u_regfile.regs[15]\[29]
Nets remaining: 19070
Finished routing net \u_core.u_regfile.regs[14]\[29]
Nets remaining: 19069
Finished routing net \u_core.u_regfile.regs[11]\[29]
Nets remaining: 19068
Finished routing net \u_core.u_regfile.regs[10]\[29]
Nets remaining: 19067
Finished routing net \u_core.u_regfile.regs[13]\[29]
Nets remaining: 19066
Finished routing net \u_core.u_regfile.regs[12]\[29]
Nets remaining: 19065
Finished routing net \u_core.u_regfile.regs[9]\[29]
Nets remaining: 19064
Finished routing net \u_core.u_regfile.regs[8]\[29]
Nets remaining: 19063
Finished routing net \u_core.u_regfile.regs[3]\[29]
Nets remaining: 19062
Finished routing net \u_core.u_regfile.regs[2]\[29]
Nets remaining: 19061
Finished routing net \u_core.u_regfile.regs[7]\[29]
Nets remaining: 19060
Finished routing net \u_core.u_regfile.regs[6]\[29]
Nets remaining: 19059
Finished routing net \u_core.u_regfile.regs[1]\[29]
Nets remaining: 19058
Finished routing net \u_core.u_regfile.regs[5]\[29]
Nets remaining: 19057
Finished routing net \u_core.u_regfile.regs[4]\[29]
Nets remaining: 19056
Finished routing net \u_core.u_regfile.regs[23]\[30]
Nets remaining: 19055
Finished routing net \u_core.u_regfile.regs[17]\[30]
Nets remaining: 19054
Finished routing net _12359_
Nets remaining: 19053
Finished routing net \u_core.u_regfile.regs[29]\[30]
Nets remaining: 19052
Finished routing net _12363_
Nets remaining: 19051
Finished routing net \u_core.u_regfile.regs[25]\[30]
Nets remaining: 19050
Finished routing net \u_core.u_regfile.regs[27]\[30]
Nets remaining: 19049
Finished routing net \u_core.u_regfile.regs[26]\[30]
Nets remaining: 19048
Finished routing net \u_core.u_regfile.regs[15]\[30]
Nets remaining: 19047
Finished routing net \u_core.u_regfile.regs[14]\[30]
Nets remaining: 19046
Finished routing net \u_core.u_regfile.regs[11]\[30]
Nets remaining: 19045
Finished routing net \u_core.u_regfile.regs[10]\[30]
Nets remaining: 19044
Finished routing net \u_core.u_regfile.regs[13]\[30]
Nets remaining: 19043
Finished routing net \u_core.u_regfile.regs[12]\[30]
Nets remaining: 19042
Finished routing net \u_core.u_regfile.regs[9]\[30]
Nets remaining: 19041
Finished routing net \u_core.u_regfile.regs[8]\[30]
Nets remaining: 19040
Finished routing net \u_core.u_regfile.regs[3]\[30]
Nets remaining: 19039
Finished routing net \u_core.u_regfile.regs[2]\[30]
Nets remaining: 19038
Finished routing net \u_core.u_regfile.regs[7]\[30]
Nets remaining: 19037
Finished routing net \u_core.u_regfile.regs[6]\[30]
Nets remaining: 19036
Finished routing net \u_core.u_regfile.regs[1]\[30]
Nets remaining: 19035
Finished routing net \u_core.u_regfile.regs[5]\[30]
Nets remaining: 19034
Finished routing net \u_core.u_regfile.regs[4]\[30]
Nets remaining: 19033
Finished routing net \u_core.u_regfile.regs[23]\[31]
Nets remaining: 19032
Finished routing net \u_core.u_regfile.regs[17]\[31]
Nets remaining: 19031
Finished routing net _12422_
Nets remaining: 19030
Finished routing net \u_core.u_regfile.regs[29]\[31]
Nets remaining: 19029
Finished routing net _12426_
Nets remaining: 19028
Finished routing net \u_core.u_regfile.regs[25]\[31]
Nets remaining: 19027
Finished routing net \u_core.u_regfile.regs[27]\[31]
Nets remaining: 19026
Finished routing net \u_core.u_regfile.regs[26]\[31]
Nets remaining: 19025
Finished routing net \u_core.u_regfile.regs[15]\[31]
Nets remaining: 19024
Finished routing net \u_core.u_regfile.regs[14]\[31]
Nets remaining: 19023
Finished routing net \u_core.u_regfile.regs[11]\[31]
Nets remaining: 19022
Finished routing net \u_core.u_regfile.regs[10]\[31]
Nets remaining: 19021
Finished routing net \u_core.u_regfile.regs[13]\[31]
Nets remaining: 19020
Finished routing net \u_core.u_regfile.regs[12]\[31]
Nets remaining: 19019
Finished routing net \u_core.u_regfile.regs[9]\[31]
Nets remaining: 19018
Finished routing net \u_core.u_regfile.regs[8]\[31]
Nets remaining: 19017
Finished routing net \u_core.u_regfile.regs[3]\[31]
Nets remaining: 19016
Finished routing net \u_core.u_regfile.regs[2]\[31]
Nets remaining: 19015
Finished routing net \u_core.u_regfile.regs[7]\[31]
Nets remaining: 19014
Finished routing net \u_core.u_regfile.regs[6]\[31]
Nets remaining: 19013
Finished routing net \u_core.u_regfile.regs[1]\[31]
Nets remaining: 19012
Finished routing net \u_core.u_regfile.regs[5]\[31]
Nets remaining: 19011
Finished routing net \u_core.u_regfile.regs[4]\[31]
Nets remaining: 19010
Finished routing net _15874_
Nets remaining: 19009
Finished routing net _15875_
Nets remaining: 19008
Finished routing net _15945_
Nets remaining: 19007
Finished routing net _16152_
Nets remaining: 19006
Finished routing net _16319_
Nets remaining: 19005
Finished routing net _16584_
Nets remaining: 19004
Finished routing net _16717_
Nets remaining: 19003
Finished routing net \u_core.pc\[0]
Nets remaining: 19002
Finished routing net _202_
Nets remaining: 19001
Finished routing net \u_core.rd1\[0]
Nets remaining: 19000
Failed to route net \u_core.rd1\[1]
Failed to route net \u_core.rd1\[2]
Finished routing net _210_
Nets remaining: 18999
Failed to route net \u_core.rd1\[4]
Finished routing net _212_
Nets remaining: 18998
Finished routing net _214_
Nets remaining: 18997
Finished routing net \u_core.rd1\[6]
Nets remaining: 18996
Finished routing net _216_
Nets remaining: 18995
Finished routing net \u_core.rd1\[7]
Nets remaining: 18994
Finished routing net \u_core.rd1\[8]
Nets remaining: 18993
Finished routing net _222_
Nets remaining: 18992
Finished routing net \u_core.rd1\[10]
Nets remaining: 18991
Finished routing net _224_
Nets remaining: 18990
Finished routing net \u_core.rd1\[11]
Nets remaining: 18989
Finished routing net \u_core.rd1\[12]
Nets remaining: 18988
Finished routing net \u_core.rd1\[13]
Nets remaining: 18987
Finished routing net \u_core.rd1\[14]
Nets remaining: 18986
Finished routing net \u_core.rd1\[15]
Nets remaining: 18985
Finished routing net \u_core.rd1\[16]
Nets remaining: 18984
Finished routing net \u_core.pc\[17]
Nets remaining: 18983
Finished routing net \u_core.rd1\[18]
Nets remaining: 18982
Finished routing net \u_core.rd1\[19]
Nets remaining: 18981
Finished routing net \u_core.rd1\[20]
Nets remaining: 18980
Finished routing net _244_
Nets remaining: 18979
Failed to route net \u_core.rd1\[21]
Finished routing net _246_
Nets remaining: 18978
Failed to route net \u_core.rd1\[22]
Finished routing net \u_core.pc\[23]
Nets remaining: 18977
Finished routing net _248_
Nets remaining: 18976
Finished routing net \u_core.rd1\[23]
Nets remaining: 18975
Finished routing net _250_
Nets remaining: 18974
Failed to reserve sufficient area at grid point 1302 1309.
Failed to reserve sufficient area at grid point 1302 1309.
Failed to route net \u_core.rd1\[24]
Finished routing net \u_core.pc\[25]
Nets remaining: 18973
Finished routing net _252_
Nets remaining: 18972
Finished routing net \u_core.rd1\[26]
Nets remaining: 18971
Finished routing net \u_core.pc\[27]
Nets remaining: 18970
Finished routing net \u_core.rd1\[27]
Nets remaining: 18969
Finished routing net \u_core.rd1\[28]
Nets remaining: 18968
Failed to route net _260_
Finished routing net \u_core.alu_a\[29]
Nets remaining: 18967
Finished routing net \u_core.rd1\[30]
Nets remaining: 18966
Finished routing net \u_core.pc\[31]
Nets remaining: 18965
Finished routing net _264_
Nets remaining: 18964
Finished routing net \u_core.rd1\[31]
Nets remaining: 18963
Finished routing net \u_core.imm\[8]
Nets remaining: 18962
Finished routing net \u_core.alu_b\[11]
Nets remaining: 18961
Finished routing net \u_core.imm\[12]
Nets remaining: 18960
Finished routing net \u_core.alu_b\[12]
Nets remaining: 18959
Finished routing net \u_core.imm\[16]
Nets remaining: 18958
Finished routing net _290_
Nets remaining: 18957
Finished routing net \u_core.alu_b\[17]
Nets remaining: 18956
Finished routing net \u_core.imm\[18]
Nets remaining: 18955
Finished routing net \u_core.imm\[19]
Nets remaining: 18954
Finished routing net \u_core.alu_b\[19]
Nets remaining: 18953
Finished routing net \u_core.imm\[20]
Nets remaining: 18952
Finished routing net \u_core.alu_b\[20]
Nets remaining: 18951
Finished routing net \u_core.imm\[21]
Nets remaining: 18950
Finished routing net \u_core.imm\[22]
Nets remaining: 18949
Finished routing net \u_core.imm\[23]
Nets remaining: 18948
Failed to route net \u_core.alu_b\[24]
Finished routing net \u_core.imm\[25]
Nets remaining: 18947
Finished routing net \u_core.imm\[26]
Nets remaining: 18946
Finished routing net \u_core.alu_b\[26]
Nets remaining: 18945
Finished routing net \u_core.imm\[27]
Nets remaining: 18944
Finished routing net _308_
Nets remaining: 18943
Finished routing net \u_core.alu_b\[27]
Nets remaining: 18942
Finished routing net \u_core.imm\[28]
Nets remaining: 18941
Finished routing net \u_core.alu_b\[28]
Nets remaining: 18940
Finished routing net \u_core.imm\[29]
Nets remaining: 18939
Finished routing net \u_core.imm\[30]
Nets remaining: 18938
Finished routing net _314_
Nets remaining: 18937
Failed to route net \u_core.alu_b\[30]
Finished routing net \u_core.alu_b\[31]
Nets remaining: 18936
Finished routing net _325_
Nets remaining: 18935
Finished routing net _326_
Nets remaining: 18934
Finished routing net _328_
Nets remaining: 18933
Finished routing net _334_
Nets remaining: 18932
Finished routing net _335_
Nets remaining: 18931
Finished routing net _342_
Nets remaining: 18930
Finished routing net _344_
Nets remaining: 18929
Finished routing net _362_
Nets remaining: 18928
Finished routing net _363_
Nets remaining: 18927
Finished routing net _375_
Nets remaining: 18926
Finished routing net _391_
Nets remaining: 18925
Finished routing net _392_
Nets remaining: 18924
Finished routing net _399_
Nets remaining: 18923
Finished routing net _402_
Nets remaining: 18922
Finished routing net _421_
Nets remaining: 18921
Finished routing net _423_
Nets remaining: 18920
Finished routing net _429_
Nets remaining: 18919
Finished routing net _446_
Nets remaining: 18918
Finished routing net _449_
Nets remaining: 18917
Finished routing net _455_
Nets remaining: 18916
Finished routing net _458_
Nets remaining: 18915
Finished routing net _477_
Nets remaining: 18914
Finished routing net _485_
Nets remaining: 18913
Finished routing net _492_
Nets remaining: 18912
Finished routing net _505_
Nets remaining: 18911
Finished routing net _509_
Nets remaining: 18910
Finished routing net _512_
Nets remaining: 18909
Finished routing net _514_
Nets remaining: 18908
Finished routing net _519_
Nets remaining: 18907
Finished routing net _526_
Nets remaining: 18906
Finished routing net _554_
Nets remaining: 18905
Finished routing net _566_
Nets remaining: 18904
Finished routing net _583_
Nets remaining: 18903
Finished routing net _587_
Nets remaining: 18902
Finished routing net _591_
Nets remaining: 18901
Finished routing net _593_
Nets remaining: 18900
Finished routing net _604_
Nets remaining: 18899
Finished routing net _609_
Nets remaining: 18898
Finished routing net _614_
Nets remaining: 18897
Finished routing net _615_
Nets remaining: 18896
Finished routing net _619_
Nets remaining: 18895
Finished routing net _623_
Nets remaining: 18894
Finished routing net _637_
Nets remaining: 18893
Finished routing net _639_
Nets remaining: 18892
Finished routing net _641_
Nets remaining: 18891
Finished routing net _645_
Nets remaining: 18890
Finished routing net _649_
Nets remaining: 18889
Finished routing net _651_
Nets remaining: 18888
Finished routing net _668_
Nets remaining: 18887
Finished routing net _675_
Nets remaining: 18886
Finished routing net _676_
Nets remaining: 18885
Finished routing net _680_
Nets remaining: 18884
Finished routing net _688_
Nets remaining: 18883
Failed to route net _707_
Finished routing net _708_
Nets remaining: 18882
Finished routing net _716_
Nets remaining: 18881
Finished routing net _727_
Nets remaining: 18880
Failed to route net _20_
Finished routing net _28_
Nets remaining: 18879
Failed to route net _30_
Finished routing net _41_
Nets remaining: 18878
Finished routing net _48_
Nets remaining: 18877
Finished routing net ui_in[6]
Nets remaining: 18876
Finished routing net \u_core.result_src\[1]
Nets remaining: 18875
Finished routing net _103_
Nets remaining: 18874
Finished routing net \u_core.u_regfile.wd\[0]
Nets remaining: 18873
Finished routing net \u_core.u_regfile.wd\[1]
Nets remaining: 18872
Finished routing net \u_core.u_regfile.wd\[2]
Nets remaining: 18871
Finished routing net \u_core.u_regfile.wd\[3]
Nets remaining: 18870
Finished routing net \u_core.u_regfile.wd\[4]
Nets remaining: 18869
Finished routing net \u_core.u_regfile.wd\[5]
Nets remaining: 18868
Finished routing net \u_core.u_regfile.wd\[6]
Nets remaining: 18867
Finished routing net \u_core.u_regfile.wd\[7]
Nets remaining: 18866
Finished routing net \u_core.u_regfile.wd\[8]
Nets remaining: 18865
Finished routing net \u_core.u_regfile.wd\[9]
Nets remaining: 18864
Finished routing net \u_core.u_regfile.wd\[10]
Nets remaining: 18863
Finished routing net \u_core.u_regfile.wd\[11]
Nets remaining: 18862
Finished routing net \u_core.u_regfile.wd\[12]
Nets remaining: 18861
Finished routing net \u_core.u_regfile.wd\[13]
Nets remaining: 18860
Finished routing net \u_core.u_regfile.wd\[14]
Nets remaining: 18859
Finished routing net \u_core.u_regfile.wd\[15]
Nets remaining: 18858
Finished routing net \u_core.u_regfile.wd\[16]
Nets remaining: 18857
Finished routing net \u_core.u_regfile.wd\[17]
Nets remaining: 18856
Finished routing net \u_core.u_regfile.wd\[18]
Nets remaining: 18855
Finished routing net \u_core.u_regfile.wd\[19]
Nets remaining: 18854
Finished routing net \u_core.u_regfile.wd\[20]
Nets remaining: 18853
Finished routing net \u_core.u_regfile.wd\[21]
Nets remaining: 18852
Failed to reserve sufficient area at grid point 1516 862.
Failed to route net \u_core.u_regfile.wd\[22]
Finished routing net \u_core.u_regfile.wd\[23]
Nets remaining: 18851
Finished routing net \u_core.u_regfile.wd\[24]
Nets remaining: 18850
Finished routing net \u_core.u_regfile.wd\[25]
Nets remaining: 18849
Finished routing net \u_core.u_regfile.wd\[26]
Nets remaining: 18848
Finished routing net \u_core.u_regfile.wd\[27]
Nets remaining: 18847
Finished routing net \u_core.u_regfile.wd\[28]
Nets remaining: 18846
Finished routing net \u_core.u_regfile.wd\[29]
Nets remaining: 18845
Finished routing net \u_core.u_regfile.wd\[30]
Nets remaining: 18844
Finished routing net \u_core.u_regfile.wd\[31]
Nets remaining: 18843
Failed to route net _768_
Failed to route net _907_
Finished routing net _917_
Nets remaining: 18842
Finished routing net _1046_
Nets remaining: 18841
Failed to route net _1173_
Finished routing net _1228_
Nets remaining: 18840
Finished routing net _1231_
Nets remaining: 18839
Finished routing net _1235_
Nets remaining: 18838
Failed to route net _1236_
Finished routing net _1238_
Nets remaining: 18837
Finished routing net _1239_
Nets remaining: 18836
Finished routing net _1241_
Nets remaining: 18835
Finished routing net _1242_
Nets remaining: 18834
Finished routing net _1247_
Nets remaining: 18833
Finished routing net _1250_
Nets remaining: 18832
Finished routing net _1256_
Nets remaining: 18831
Finished routing net _1259_
Nets remaining: 18830
Finished routing net _1263_
Nets remaining: 18829
Finished routing net _1265_
Nets remaining: 18828
Finished routing net _1270_
Nets remaining: 18827
Finished routing net _1271_
Nets remaining: 18826
Finished routing net _1273_
Nets remaining: 18825
Finished routing net _1274_
Nets remaining: 18824
Finished routing net _1280_
Nets remaining: 18823
Finished routing net _1283_
Nets remaining: 18822
Finished routing net _1297_
Nets remaining: 18821
Finished routing net _1305_
Nets remaining: 18820
Finished routing net _1309_
Nets remaining: 18819
Finished routing net _1325_
Nets remaining: 18818
Finished routing net _1331_
Nets remaining: 18817
Finished routing net _1333_
Nets remaining: 18816
Finished routing net _1349_
Nets remaining: 18815
Finished routing net _1351_
Nets remaining: 18814
Failed to route net \u_core.alu_ctrl\[1]
Finished routing net _1387_
Nets remaining: 18813
Finished routing net _1388_
Nets remaining: 18812
Finished routing net _1401_
Nets remaining: 18811
Finished routing net _1470_
Nets remaining: 18810
Finished routing net _1514_
Nets remaining: 18809
Finished routing net _1521_
Nets remaining: 18808
Finished routing net _1524_
Nets remaining: 18807
Finished routing net _1560_
Nets remaining: 18806
Finished routing net _1561_
Nets remaining: 18805
Finished routing net _1567_
Nets remaining: 18804
Finished routing net _1579_
Nets remaining: 18803
Finished routing net _1586_
Nets remaining: 18802
Finished routing net _1592_
Nets remaining: 18801
Finished routing net _1613_
Nets remaining: 18800
Finished routing net _1624_
Nets remaining: 18799
Finished routing net _1627_
Nets remaining: 18798
Finished routing net _1632_
Nets remaining: 18797
Finished routing net _1663_
Nets remaining: 18796
Finished routing net _1678_
Nets remaining: 18795
Finished routing net _1681_
Nets remaining: 18794
Finished routing net _1711_
Nets remaining: 18793
Finished routing net _1714_
Nets remaining: 18792
Finished routing net _1746_
Nets remaining: 18791
Finished routing net _1755_
Nets remaining: 18790
Finished routing net _1791_
Nets remaining: 18789
Finished routing net _1826_
Nets remaining: 18788
Finished routing net _1880_
Nets remaining: 18787
Finished routing net _1887_
Nets remaining: 18786
Finished routing net _1888_
Nets remaining: 18785
Finished routing net _1916_
Nets remaining: 18784
Finished routing net _1917_
Nets remaining: 18783
Finished routing net _1920_
Nets remaining: 18782
Finished routing net _1945_
Nets remaining: 18781
Finished routing net _1946_
Nets remaining: 18780
Finished routing net _1950_
Nets remaining: 18779
Finished routing net _1951_
Nets remaining: 18778
Finished routing net _1952_
Nets remaining: 18777
Finished routing net _1954_
Nets remaining: 18776
Finished routing net _1956_
Nets remaining: 18775
Finished routing net _1958_
Nets remaining: 18774
Finished routing net _1962_
Nets remaining: 18773
Finished routing net _1986_
Nets remaining: 18772
Finished routing net _1989_
Nets remaining: 18771
Finished routing net _1993_
Nets remaining: 18770
Finished routing net _2017_
Nets remaining: 18769
Finished routing net _2047_
Nets remaining: 18768
Finished routing net _2053_
Nets remaining: 18767
Finished routing net _759_
Nets remaining: 18766
Failed to route net _760_
Finished routing net _763_
Nets remaining: 18765
Finished routing net _765_
Nets remaining: 18764
Finished routing net _770_
Nets remaining: 18763
Finished routing net _790_
Nets remaining: 18762
Finished routing net _791_
Nets remaining: 18761
Finished routing net _818_
Nets remaining: 18760
Finished routing net _823_
Nets remaining: 18759
Finished routing net _878_
Nets remaining: 18758
Finished routing net _884_
Nets remaining: 18757
Finished routing net _886_
Nets remaining: 18756
Finished routing net _892_
Nets remaining: 18755
Finished routing net _918_
Nets remaining: 18754
Finished routing net _920_
Nets remaining: 18753
Finished routing net _924_
Nets remaining: 18752
Finished routing net _944_
Nets remaining: 18751
Finished routing net _946_
Nets remaining: 18750
Finished routing net _962_
Nets remaining: 18749
Finished routing net _985_
Nets remaining: 18748
Finished routing net _1008_
Nets remaining: 18747
Finished routing net _1017_
Nets remaining: 18746
Finished routing net _1048_
Nets remaining: 18745
Finished routing net _1050_
Nets remaining: 18744
Finished routing net _1052_
Nets remaining: 18743
Failed to route net _1073_
Finished routing net _1079_
Nets remaining: 18742
Failed to route net _1103_
Failed to route net _1133_
Finished routing net _1134_
Nets remaining: 18741
Finished routing net _1149_
Nets remaining: 18740
Finished routing net _1152_
Nets remaining: 18739
Finished routing net _1154_
Nets remaining: 18738
Finished routing net _2238_
Nets remaining: 18737
Failed to route net _2240_
Failed to route net _2147_
Finished routing net _2177_
Nets remaining: 18736
Finished routing net _2268_
Nets remaining: 18735
Finished routing net _2273_
Nets remaining: 18734
Finished routing net _2274_
Nets remaining: 18733
Finished routing net _2275_
Nets remaining: 18732
Failed to route net _2280_
Failed to route net _2281_
Finished routing net _2283_
Nets remaining: 18731
Finished routing net _2286_
Nets remaining: 18730
Failed to route net _2289_
Finished routing net _2290_
Nets remaining: 18729
Finished routing net _2300_
Nets remaining: 18728
Failed to route net \u_core.funct7b5\
Finished routing net _4870_
Nets remaining: 18727
Failed to reserve sufficient area at grid point 348 966.
Failed to route net _4921_
Finished routing net _5144_
Nets remaining: 18726
Finished routing net _5368_
Nets remaining: 18725
Failed to route net _5592_
Failed to route net _5816_
Failed to route net _6040_
Finished routing net _6264_
Nets remaining: 18724
Failed to route net _6442_
Finished routing net _6487_
Nets remaining: 18723
Finished routing net _6625_
Nets remaining: 18722
Finished routing net _6670_
Nets remaining: 18721
Finished routing net _6815_
Nets remaining: 18720
Finished routing net _6847_
Nets remaining: 18719
Finished routing net _6855_
Nets remaining: 18718
Finished routing net _6864_
Nets remaining: 18717
Finished routing net _6873_
Nets remaining: 18716
Finished routing net _6882_
Nets remaining: 18715
Finished routing net _6891_
Nets remaining: 18714
Finished routing net _6900_
Nets remaining: 18713
Finished routing net _6909_
Nets remaining: 18712
Finished routing net _6946_
Nets remaining: 18711
Finished routing net _6974_
Nets remaining: 18710
Failed to route net _7174_
Finished routing net _7367_
Nets remaining: 18709
Failed to route net _7483_
Failed to route net _7855_
Finished routing net _7965_
Nets remaining: 18708
Finished routing net _8003_
Nets remaining: 18707
Finished routing net _8041_
Nets remaining: 18706
Finished routing net _8123_
Nets remaining: 18705
Finished routing net _8675_
Nets remaining: 18704
Finished routing net _9286_
Nets remaining: 18703
Finished routing net _9293_
Nets remaining: 18702
Finished routing net _9295_
Nets remaining: 18701
Finished routing net _9296_
Nets remaining: 18700
Finished routing net _9297_
Nets remaining: 18699
Finished routing net _9300_
Nets remaining: 18698
Finished routing net _9306_
Nets remaining: 18697
Failed to route net _9307_
Finished routing net _9308_
Nets remaining: 18696
Finished routing net _9311_
Nets remaining: 18695
Finished routing net _9314_
Nets remaining: 18694
Finished routing net _9318_
Nets remaining: 18693
Finished routing net _9323_
Nets remaining: 18692
Finished routing net _9328_
Nets remaining: 18691
Finished routing net _9332_
Nets remaining: 18690
Finished routing net _9126_
Nets remaining: 18689
Finished routing net _9130_
Nets remaining: 18688
Finished routing net _9137_
Nets remaining: 18687
Finished routing net _9139_
Nets remaining: 18686
Finished routing net _9148_
Nets remaining: 18685
Finished routing net _9151_
Nets remaining: 18684
Failed to route net _9153_
Finished routing net _9166_
Nets remaining: 18683
Finished routing net _9178_
Nets remaining: 18682
Failed to route net _9183_
Failed to route net _9184_
Finished routing net _9208_
Nets remaining: 18681
Failed to route net \u_core.instr\[19]
Finished routing net _9246_
Nets remaining: 18680
Finished routing net \u_core.instr\[24]
Nets remaining: 18679
Finished routing net _10446_
Nets remaining: 18678
Finished routing net _10451_
Nets remaining: 18677
Finished routing net _10453_
Nets remaining: 18676
Finished routing net _10458_
Nets remaining: 18675
Finished routing net _10462_
Nets remaining: 18674
Finished routing net _10464_
Nets remaining: 18673
Finished routing net _10475_
Nets remaining: 18672
Finished routing net _10479_
Nets remaining: 18671
Finished routing net _10511_
Nets remaining: 18670
Finished routing net _10515_
Nets remaining: 18669
Finished routing net _10517_
Nets remaining: 18668
Finished routing net _10521_
Nets remaining: 18667
Finished routing net _10525_
Nets remaining: 18666
Finished routing net _10527_
Nets remaining: 18665
Finished routing net _10538_
Nets remaining: 18664
Finished routing net _10542_
Nets remaining: 18663
Finished routing net _10574_
Nets remaining: 18662
Finished routing net _10578_
Nets remaining: 18661
Finished routing net _10580_
Nets remaining: 18660
Finished routing net _10584_
Nets remaining: 18659
Finished routing net _10588_
Nets remaining: 18658
Finished routing net _10590_
Nets remaining: 18657
Finished routing net _10601_
Nets remaining: 18656
Finished routing net _10605_
Nets remaining: 18655
Finished routing net _10637_
Nets remaining: 18654
Finished routing net _10641_
Nets remaining: 18653
Finished routing net _10643_
Nets remaining: 18652
Finished routing net _10647_
Nets remaining: 18651
Finished routing net _10651_
Nets remaining: 18650
Finished routing net _10653_
Nets remaining: 18649
Finished routing net _10664_
Nets remaining: 18648
Finished routing net _10668_
Nets remaining: 18647
Finished routing net _10700_
Nets remaining: 18646
Finished routing net _10704_
Nets remaining: 18645
Finished routing net _10706_
Nets remaining: 18644
Finished routing net _10710_
Nets remaining: 18643
Finished routing net _10714_
Nets remaining: 18642
Finished routing net _10716_
Nets remaining: 18641
Finished routing net _10727_
Nets remaining: 18640
Finished routing net _10731_
Nets remaining: 18639
Finished routing net _10763_
Nets remaining: 18638
Finished routing net _10767_
Nets remaining: 18637
Finished routing net _10769_
Nets remaining: 18636
Finished routing net _10773_
Nets remaining: 18635
Finished routing net _10777_
Nets remaining: 18634
Finished routing net _10779_
Nets remaining: 18633
Finished routing net _10790_
Nets remaining: 18632
Finished routing net _10794_
Nets remaining: 18631
Finished routing net _10826_
Nets remaining: 18630
Finished routing net _10830_
Nets remaining: 18629
Finished routing net _10832_
Nets remaining: 18628
Finished routing net _10836_
Nets remaining: 18627
Finished routing net _10840_
Nets remaining: 18626
Finished routing net _10842_
Nets remaining: 18625
Finished routing net _10853_
Nets remaining: 18624
Finished routing net _10857_
Nets remaining: 18623
Finished routing net _10889_
Nets remaining: 18622
Finished routing net _10893_
Nets remaining: 18621
Finished routing net _10895_
Nets remaining: 18620
Finished routing net _10899_
Nets remaining: 18619
Finished routing net _10903_
Nets remaining: 18618
Finished routing net _10905_
Nets remaining: 18617
Finished routing net _10916_
Nets remaining: 18616
Finished routing net _10920_
Nets remaining: 18615
Finished routing net _10952_
Nets remaining: 18614
Finished routing net _10956_
Nets remaining: 18613
Finished routing net _10958_
Nets remaining: 18612
Finished routing net _10962_
Nets remaining: 18611
Finished routing net _10966_
Nets remaining: 18610
Finished routing net _10968_
Nets remaining: 18609
Finished routing net _10979_
Nets remaining: 18608
Finished routing net _10983_
Nets remaining: 18607
Finished routing net _11015_
Nets remaining: 18606
Finished routing net _11019_
Nets remaining: 18605
Finished routing net _11021_
Nets remaining: 18604
Finished routing net _11025_
Nets remaining: 18603
Finished routing net _11029_
Nets remaining: 18602
Finished routing net _11031_
Nets remaining: 18601
Finished routing net _11042_
Nets remaining: 18600
Finished routing net _11046_
Nets remaining: 18599
Finished routing net _11078_
Nets remaining: 18598
Finished routing net _11082_
Nets remaining: 18597
Finished routing net _11084_
Nets remaining: 18596
Finished routing net _11088_
Nets remaining: 18595
Finished routing net _11092_
Nets remaining: 18594
Finished routing net _11094_
Nets remaining: 18593
Finished routing net _11105_
Nets remaining: 18592
Finished routing net _11109_
Nets remaining: 18591
Finished routing net _11141_
Nets remaining: 18590
Finished routing net _11145_
Nets remaining: 18589
Finished routing net _11147_
Nets remaining: 18588
Finished routing net _11151_
Nets remaining: 18587
Finished routing net _11155_
Nets remaining: 18586
Finished routing net _11157_
Nets remaining: 18585
Finished routing net _11168_
Nets remaining: 18584
Finished routing net _11172_
Nets remaining: 18583
Finished routing net _11204_
Nets remaining: 18582
Finished routing net _11208_
Nets remaining: 18581
Finished routing net _11210_
Nets remaining: 18580
Failed to route net _11214_
Finished routing net _11218_
Nets remaining: 18579
Finished routing net _11220_
Nets remaining: 18578
Finished routing net _11231_
Nets remaining: 18577
Finished routing net _11235_
Nets remaining: 18576
Finished routing net _11267_
Nets remaining: 18575
Finished routing net _11271_
Nets remaining: 18574
Finished routing net _11273_
Nets remaining: 18573
Finished routing net _11277_
Nets remaining: 18572
Finished routing net _11281_
Nets remaining: 18571
Finished routing net _11283_
Nets remaining: 18570
Finished routing net _11294_
Nets remaining: 18569
Finished routing net _11298_
Nets remaining: 18568
Finished routing net _11330_
Nets remaining: 18567
Finished routing net _11334_
Nets remaining: 18566
Finished routing net _11336_
Nets remaining: 18565
Finished routing net _11340_
Nets remaining: 18564
Finished routing net _11344_
Nets remaining: 18563
Finished routing net _11346_
Nets remaining: 18562
Finished routing net _11357_
Nets remaining: 18561
Finished routing net _11361_
Nets remaining: 18560
Finished routing net _11393_
Nets remaining: 18559
Finished routing net _11397_
Nets remaining: 18558
Finished routing net _11399_
Nets remaining: 18557
Finished routing net _11403_
Nets remaining: 18556
Finished routing net _11407_
Nets remaining: 18555
Finished routing net _11409_
Nets remaining: 18554
Finished routing net _11420_
Nets remaining: 18553
Finished routing net _11424_
Nets remaining: 18552
Finished routing net _11456_
Nets remaining: 18551
Finished routing net _11460_
Nets remaining: 18550
Finished routing net _11462_
Nets remaining: 18549
Finished routing net _11466_
Nets remaining: 18548
Finished routing net _11470_
Nets remaining: 18547
Finished routing net _11472_
Nets remaining: 18546
Finished routing net _11483_
Nets remaining: 18545
Finished routing net _11487_
Nets remaining: 18544
Finished routing net _11519_
Nets remaining: 18543
Finished routing net _11523_
Nets remaining: 18542
Finished routing net _11525_
Nets remaining: 18541
Finished routing net _11529_
Nets remaining: 18540
Finished routing net _11533_
Nets remaining: 18539
Finished routing net _11535_
Nets remaining: 18538
Finished routing net _11546_
Nets remaining: 18537
Finished routing net _11550_
Nets remaining: 18536
Finished routing net _11582_
Nets remaining: 18535
Finished routing net _11586_
Nets remaining: 18534
Finished routing net _11588_
Nets remaining: 18533
Finished routing net _11592_
Nets remaining: 18532
Finished routing net _11596_
Nets remaining: 18531
Finished routing net _11598_
Nets remaining: 18530
Finished routing net _11609_
Nets remaining: 18529
Finished routing net _11613_
Nets remaining: 18528
Finished routing net _11645_
Nets remaining: 18527
Finished routing net _11649_
Nets remaining: 18526
Finished routing net _11651_
Nets remaining: 18525
Finished routing net _11655_
Nets remaining: 18524
Finished routing net _11659_
Nets remaining: 18523
Finished routing net _11661_
Nets remaining: 18522
Finished routing net _11672_
Nets remaining: 18521
Finished routing net _11676_
Nets remaining: 18520
Finished routing net _11708_
Nets remaining: 18519
Finished routing net _11712_
Nets remaining: 18518
Finished routing net _11714_
Nets remaining: 18517
Finished routing net _11718_
Nets remaining: 18516
Finished routing net _11722_
Nets remaining: 18515
Finished routing net _11724_
Nets remaining: 18514
Finished routing net _11735_
Nets remaining: 18513
Finished routing net _11739_
Nets remaining: 18512
Finished routing net _11771_
Nets remaining: 18511
Finished routing net _11775_
Nets remaining: 18510
Finished routing net _11777_
Nets remaining: 18509
Finished routing net _11781_
Nets remaining: 18508
Finished routing net _11785_
Nets remaining: 18507
Finished routing net _11787_
Nets remaining: 18506
Finished routing net _11798_
Nets remaining: 18505
Finished routing net _11802_
Nets remaining: 18504
Finished routing net _11834_
Nets remaining: 18503
Finished routing net _11838_
Nets remaining: 18502
Finished routing net _11840_
Nets remaining: 18501
Failed to route net _11844_
Finished routing net _11848_
Nets remaining: 18500
Finished routing net _11850_
Nets remaining: 18499
Finished routing net _11861_
Nets remaining: 18498
Finished routing net _11865_
Nets remaining: 18497
Finished routing net _11897_
Nets remaining: 18496
Finished routing net _11901_
Nets remaining: 18495
Finished routing net _11903_
Nets remaining: 18494
Finished routing net _11907_
Nets remaining: 18493
Finished routing net _11911_
Nets remaining: 18492
Finished routing net _11913_
Nets remaining: 18491
Finished routing net _11924_
Nets remaining: 18490
Finished routing net _11928_
Nets remaining: 18489
Finished routing net _11960_
Nets remaining: 18488
Finished routing net _11964_
Nets remaining: 18487
Finished routing net _11966_
Nets remaining: 18486
Finished routing net _11970_
Nets remaining: 18485
Finished routing net _11974_
Nets remaining: 18484
Finished routing net _11976_
Nets remaining: 18483
Finished routing net _11987_
Nets remaining: 18482
Finished routing net _11991_
Nets remaining: 18481
Finished routing net _12023_
Nets remaining: 18480
Finished routing net _12027_
Nets remaining: 18479
Finished routing net _12029_
Nets remaining: 18478
Finished routing net _12033_
Nets remaining: 18477
Finished routing net _12037_
Nets remaining: 18476
Finished routing net _12039_
Nets remaining: 18475
Finished routing net _12050_
Nets remaining: 18474
Finished routing net _12054_
Nets remaining: 18473
Finished routing net _12086_
Nets remaining: 18472
Finished routing net _12090_
Nets remaining: 18471
Finished routing net _12092_
Nets remaining: 18470
Finished routing net _12096_
Nets remaining: 18469
Finished routing net _12100_
Nets remaining: 18468
Finished routing net _12102_
Nets remaining: 18467
Finished routing net _12113_
Nets remaining: 18466
Finished routing net _12117_
Nets remaining: 18465
Finished routing net _12149_
Nets remaining: 18464
Finished routing net _12153_
Nets remaining: 18463
Finished routing net _12155_
Nets remaining: 18462
Finished routing net _12159_
Nets remaining: 18461
Finished routing net _12163_
Nets remaining: 18460
Finished routing net _12165_
Nets remaining: 18459
Finished routing net _12176_
Nets remaining: 18458
Finished routing net _12180_
Nets remaining: 18457
Failed to route net _12212_
Finished routing net _12216_
Nets remaining: 18456
Finished routing net _12218_
Nets remaining: 18455
Finished routing net _12222_
Nets remaining: 18454
Finished routing net _12226_
Nets remaining: 18453
Finished routing net _12228_
Nets remaining: 18452
Finished routing net _12239_
Nets remaining: 18451
Finished routing net _12243_
Nets remaining: 18450
Finished routing net _12275_
Nets remaining: 18449
Finished routing net _12279_
Nets remaining: 18448
Finished routing net _12281_
Nets remaining: 18447
Finished routing net _12285_
Nets remaining: 18446
Finished routing net _12289_
Nets remaining: 18445
Finished routing net _12291_
Nets remaining: 18444
Failed to route net _12302_
Finished routing net _12306_
Nets remaining: 18443
Finished routing net _12338_
Nets remaining: 18442
Finished routing net _12342_
Nets remaining: 18441
Finished routing net _12344_
Nets remaining: 18440
Finished routing net _12348_
Nets remaining: 18439
Finished routing net _12352_
Nets remaining: 18438
Finished routing net _12354_
Nets remaining: 18437
Finished routing net _12365_
Nets remaining: 18436
Finished routing net _12369_
Nets remaining: 18435
Finished routing net _12401_
Nets remaining: 18434
Finished routing net _12405_
Nets remaining: 18433
Finished routing net _12407_
Nets remaining: 18432
Finished routing net _12411_
Nets remaining: 18431
Finished routing net _12415_
Nets remaining: 18430
Finished routing net _12417_
Nets remaining: 18429
Finished routing net _12428_
Nets remaining: 18428
Finished routing net _12432_
Nets remaining: 18427
Finished routing net _15869_
Nets remaining: 18426
Finished routing net _15872_
Nets remaining: 18425
Finished routing net _15877_
Nets remaining: 18424
Failed to route net _15943_
Failed to route net _15979_
Finished routing net _16084_
Nets remaining: 18423
Finished routing net rst_n
Nets remaining: 18422
Finished routing net _204_
Nets remaining: 18421
Finished routing net _208_
Nets remaining: 18420
Finished routing net _218_
Nets remaining: 18419
Finished routing net _220_
Nets remaining: 18418
Finished routing net _230_
Nets remaining: 18417
Finished routing net _242_
Nets remaining: 18416
Finished routing net \u_core.pc\[30]
Nets remaining: 18415
Finished routing net _266_
Nets remaining: 18414
Finished routing net _268_
Nets remaining: 18413
Finished routing net _270_
Nets remaining: 18412
Finished routing net _272_
Nets remaining: 18411
Finished routing net _274_
Nets remaining: 18410
Finished routing net _278_
Nets remaining: 18409
Finished routing net _280_
Nets remaining: 18408
Finished routing net _282_
Nets remaining: 18407
Finished routing net _284_
Nets remaining: 18406
Finished routing net _286_
Nets remaining: 18405
Failed to route net _288_
Finished routing net \u_core.imm\[17]
Nets remaining: 18404
Finished routing net _292_
Nets remaining: 18403
Finished routing net _294_
Nets remaining: 18402
Finished routing net _296_
Nets remaining: 18401
Finished routing net _298_
Nets remaining: 18400
Finished routing net _300_
Nets remaining: 18399
Failed to reserve sufficient area at grid point 1516 862.
Failed to reserve sufficient area at grid point 1516 862.
Failed to route net _302_
Finished routing net _304_
Nets remaining: 18398
Finished routing net _306_
Nets remaining: 18397
Finished routing net _310_
Nets remaining: 18396
Finished routing net _312_
Nets remaining: 18395
Finished routing net _316_
Nets remaining: 18394
Failed to route net \u_core.jump\
Finished routing net _318_
Nets remaining: 18393
Finished routing net \u_core.branch\
Nets remaining: 18392
Finished routing net _319_
Nets remaining: 18391
Finished routing net _321_
Nets remaining: 18390
Finished routing net _337_
Nets remaining: 18389
Finished routing net _345_
Nets remaining: 18388
Finished routing net _346_
Nets remaining: 18387
Finished routing net _349_
Nets remaining: 18386
Finished routing net _351_
Nets remaining: 18385
Finished routing net _360_
Nets remaining: 18384
Finished routing net _361_
Nets remaining: 18383
Finished routing net _364_
Nets remaining: 18382
Finished routing net _366_
Nets remaining: 18381
Finished routing net _367_
Nets remaining: 18380
Finished routing net _369_
Nets remaining: 18379
Finished routing net _372_
Nets remaining: 18378
Finished routing net _376_
Nets remaining: 18377
Finished routing net _377_
Nets remaining: 18376
Finished routing net _380_
Nets remaining: 18375
Finished routing net _383_
Nets remaining: 18374
Finished routing net _390_
Nets remaining: 18373
Finished routing net _397_
Nets remaining: 18372
Finished routing net _403_
Nets remaining: 18371
Finished routing net _407_
Nets remaining: 18370
Finished routing net \u_core.alu_res\[8]
Nets remaining: 18369
Finished routing net _416_
Nets remaining: 18368
Failed to route net _417_
Finished routing net _418_
Nets remaining: 18367
Finished routing net _426_
Nets remaining: 18366
Finished routing net _427_
Nets remaining: 18365
Finished routing net _428_
Nets remaining: 18364
Finished routing net _430_
Nets remaining: 18363
Finished routing net _434_
Nets remaining: 18362
Finished routing net _435_
Nets remaining: 18361
Finished routing net _437_
Nets remaining: 18360
Finished routing net _441_
Nets remaining: 18359
Finished routing net \u_core.alu_res\[9]
Nets remaining: 18358
Finished routing net \u_core.alu_res\[10]
Nets remaining: 18357
Finished routing net _447_
Nets remaining: 18356
Finished routing net _448_
Nets remaining: 18355
Finished routing net _451_
Nets remaining: 18354
Failed to route net _454_
Finished routing net _456_
Nets remaining: 18353
Finished routing net _460_
Nets remaining: 18352
Finished routing net _464_
Nets remaining: 18351
Finished routing net \u_core.alu_res\[11]
Nets remaining: 18350
Finished routing net \u_core.alu_res\[12]
Nets remaining: 18349
Finished routing net _472_
Nets remaining: 18348
Finished routing net _473_
Nets remaining: 18347
Finished routing net _474_
Nets remaining: 18346
Finished routing net _480_
Nets remaining: 18345
Finished routing net _486_
Nets remaining: 18344
Finished routing net _487_
Nets remaining: 18343
Finished routing net _489_
Nets remaining: 18342
Failed to route net _493_
Finished routing net _494_
Nets remaining: 18341
Finished routing net _497_
Nets remaining: 18340
Finished routing net \u_core.alu_res\[13]
Nets remaining: 18339
Finished routing net \u_core.alu_res\[14]
Nets remaining: 18338
Finished routing net _502_
Nets remaining: 18337
Failed to route net _503_
Finished routing net _511_
Nets remaining: 18336
Finished routing net _513_
Nets remaining: 18335
Finished routing net _515_
Nets remaining: 18334
Failed to route net _516_
Finished routing net _521_
Nets remaining: 18333
Finished routing net _522_
Nets remaining: 18332
Finished routing net _530_
Nets remaining: 18331
Finished routing net _532_
Nets remaining: 18330
Finished routing net \u_core.alu_res\[15]
Nets remaining: 18329
Finished routing net \u_core.alu_res\[16]
Nets remaining: 18328
Finished routing net _537_
Nets remaining: 18327
Finished routing net _538_
Nets remaining: 18326
Finished routing net _539_
Nets remaining: 18325
Finished routing net _540_
Nets remaining: 18324
Finished routing net _548_
Nets remaining: 18323
Finished routing net _550_
Nets remaining: 18322
Failed to route net _552_
Finished routing net _558_
Nets remaining: 18321
Finished routing net _559_
Nets remaining: 18320
Finished routing net _564_
Nets remaining: 18319
Finished routing net _565_
Nets remaining: 18318
Finished routing net _569_
Nets remaining: 18317
Finished routing net _570_
Nets remaining: 18316
Failed to route net \u_core.alu_res\[17]
Finished routing net \u_core.alu_res\[18]
Nets remaining: 18315
Finished routing net _575_
Nets remaining: 18314
Finished routing net _577_
Nets remaining: 18313
Finished routing net _580_
Nets remaining: 18312
Finished routing net _582_
Nets remaining: 18311
Finished routing net _585_
Nets remaining: 18310
Finished routing net _586_
Nets remaining: 18309
Finished routing net _590_
Nets remaining: 18308
Finished routing net _592_
Nets remaining: 18307
Finished routing net _598_
Nets remaining: 18306
Finished routing net _599_
Nets remaining: 18305
Finished routing net \u_core.alu_res\[19]
Nets remaining: 18304
Finished routing net \u_core.alu_res\[20]
Nets remaining: 18303
Finished routing net _605_
Nets remaining: 18302
Failed to route net _607_
Finished routing net _608_
Nets remaining: 18301
Finished routing net _620_
Nets remaining: 18300
Finished routing net _627_
Nets remaining: 18299
Failed to route net _628_
Finished routing net \u_core.alu_res\[21]
Nets remaining: 18298
Finished routing net \u_core.alu_res\[22]
Nets remaining: 18297
Finished routing net _634_
Nets remaining: 18296
Finished routing net _635_
Nets remaining: 18295
Finished routing net _636_
Nets remaining: 18294
Finished routing net _644_
Nets remaining: 18293
Finished routing net _646_
Nets remaining: 18292
Finished routing net _648_
Nets remaining: 18291
Finished routing net _650_
Nets remaining: 18290
Finished routing net _657_
Nets remaining: 18289
Finished routing net \u_core.alu_res\[23]
Nets remaining: 18288
Finished routing net \u_core.alu_res\[24]
Nets remaining: 18287
Finished routing net _662_
Nets remaining: 18286
Finished routing net _663_
Nets remaining: 18285
Finished routing net _664_
Nets remaining: 18284
Finished routing net _667_
Nets remaining: 18283
Failed to route net _669_
Finished routing net _670_
Nets remaining: 18282
Finished routing net _672_
Nets remaining: 18281
Finished routing net _673_
Nets remaining: 18280
Failed to route net _674_
Failed to route net _678_
Failed to route net _684_
Finished routing net _685_
Nets remaining: 18279
Finished routing net _686_
Nets remaining: 18278
Finished routing net _693_
Nets remaining: 18277
Failed to route net \u_core.alu_res\[25]
Finished routing net \u_core.alu_res\[26]
Nets remaining: 18276
Finished routing net _700_
Nets remaining: 18275
Failed to route net _701_
Finished routing net _702_
Nets remaining: 18274
Finished routing net _703_
Nets remaining: 18273
Failed to route net _704_
Failed to route net _714_
Failed to route net _715_
Finished routing net _720_
Nets remaining: 18272
Finished routing net _722_
Nets remaining: 18271
Finished routing net \u_core.alu_res\[27]
Nets remaining: 18270
Finished routing net \u_core.alu_res\[28]
Nets remaining: 18269
Finished routing net _728_
Nets remaining: 18268
Finished routing net _729_
Nets remaining: 18267
Failed to route net _731_
Finished routing net _732_
Nets remaining: 18266
Finished routing net _733_
Nets remaining: 18265
Failed to route net _736_
Finished routing net _737_
Nets remaining: 18264
Finished routing net _22_
Nets remaining: 18263
Failed to route net _27_
Finished routing net _29_
Nets remaining: 18262
Failed to route net _35_
Failed to route net _36_
Finished routing net \u_core.alu_res\[29]
Nets remaining: 18261
Finished routing net \u_core.alu_res\[30]
Nets remaining: 18260
Finished routing net _42_
Nets remaining: 18259
Finished routing net _43_
Nets remaining: 18258
Finished routing net _45_
Nets remaining: 18257
Finished routing net _46_
Nets remaining: 18256
Finished routing net _50_
Nets remaining: 18255
Finished routing net _54_
Nets remaining: 18254
Finished routing net _55_
Nets remaining: 18253
Finished routing net \u_core.alu_res\[31]
Nets remaining: 18252
Finished routing net _61_
Nets remaining: 18251
Failed to route net _62_
Finished routing net _67_
Nets remaining: 18250
Finished routing net _69_
Nets remaining: 18249
Finished routing net _779_
Nets remaining: 18248
Failed to route net _800_
Finished routing net _821_
Nets remaining: 18247
Failed to route net _832_
Finished routing net _843_
Nets remaining: 18246
Finished routing net _853_
Nets remaining: 18245
Failed to route net _864_
Finished routing net _896_
Nets remaining: 18244
Failed to route net _928_
Finished routing net _939_
Nets remaining: 18243
Finished routing net _949_
Nets remaining: 18242
Finished routing net _971_
Nets remaining: 18241
Finished routing net _992_
Nets remaining: 18240
Finished routing net _1003_
Nets remaining: 18239
Finished routing net _1024_
Nets remaining: 18238
Finished routing net _1035_
Nets remaining: 18237
Finished routing net _1056_
Nets remaining: 18236
Failed to route net _1077_
Failed to route net _1088_
Finished routing net _1099_
Nets remaining: 18235
Failed to route net _1109_
Finished routing net _1120_
Nets remaining: 18234
Finished routing net _1141_
Nets remaining: 18233
Finished routing net _1151_
Nets remaining: 18232
Finished routing net _1162_
Nets remaining: 18231
Finished routing net _1205_
Nets remaining: 18230
Finished routing net _1225_
Nets remaining: 18229
Failed to reserve sufficient area at grid point 1625 518.
Failed to reserve sufficient area at grid point 1625 518.
Failed to route net _1226_
Finished routing net _1227_
Nets remaining: 18228
Finished routing net _1229_
Nets remaining: 18227
Finished routing net _1232_
Nets remaining: 18226
Finished routing net _1233_
Nets remaining: 18225
Finished routing net _1234_
Nets remaining: 18224
Finished routing net _1240_
Nets remaining: 18223
Finished routing net _1243_
Nets remaining: 18222
Finished routing net _1244_
Nets remaining: 18221
Finished routing net _1246_
Nets remaining: 18220
Finished routing net _1248_
Nets remaining: 18219
Finished routing net _1249_
Nets remaining: 18218
Failed to route net _1251_
Finished routing net _1253_
Nets remaining: 18217
Failed to route net _1254_
Finished routing net _1255_
Nets remaining: 18216
Finished routing net _1258_
Nets remaining: 18215
Finished routing net _1261_
Nets remaining: 18214
Finished routing net _1262_
Nets remaining: 18213
Finished routing net _1264_
Nets remaining: 18212
Finished routing net _1266_
Nets remaining: 18211
Failed to route net _1267_
Finished routing net _1268_
Nets remaining: 18210
Failed to route net _1269_
Finished routing net _1275_
Nets remaining: 18209
Finished routing net _1276_
Nets remaining: 18208
Finished routing net _1281_
Nets remaining: 18207
Finished routing net _1284_
Nets remaining: 18206
Finished routing net _1285_
Nets remaining: 18205
Finished routing net _1286_
Nets remaining: 18204
Finished routing net _1287_
Nets remaining: 18203
Finished routing net _1289_
Nets remaining: 18202
Finished routing net _1290_
Nets remaining: 18201
Finished routing net _1292_
Nets remaining: 18200
Finished routing net _1293_
Nets remaining: 18199
Finished routing net _1294_
Nets remaining: 18198
Finished routing net _1295_
Nets remaining: 18197
Finished routing net _1296_
Nets remaining: 18196
Finished routing net _1299_
Nets remaining: 18195
Finished routing net _1301_
Nets remaining: 18194
Finished routing net _1304_
Nets remaining: 18193
Finished routing net _1307_
Nets remaining: 18192
Finished routing net _1308_
Nets remaining: 18191
Finished routing net _1311_
Nets remaining: 18190
Finished routing net _1312_
Nets remaining: 18189
Finished routing net _1313_
Nets remaining: 18188
Finished routing net _1315_
Nets remaining: 18187
Finished routing net _1316_
Nets remaining: 18186
Finished routing net _1319_
Nets remaining: 18185
Finished routing net _1321_
Nets remaining: 18184
Finished routing net _1324_
Nets remaining: 18183
Finished routing net _1348_
Nets remaining: 18182
Finished routing net _1392_
Nets remaining: 18181
Finished routing net _1397_
Nets remaining: 18180
Finished routing net _1398_
Nets remaining: 18179
Finished routing net _1400_
Nets remaining: 18178
Finished routing net _1403_
Nets remaining: 18177
Failed to route net _1404_
Finished routing net _1409_
Nets remaining: 18176
Finished routing net _1410_
Nets remaining: 18175
Finished routing net _1411_
Nets remaining: 18174
Finished routing net _1412_
Nets remaining: 18173
Finished routing net _1413_
Nets remaining: 18172
Finished routing net _1415_
Nets remaining: 18171
Finished routing net _1416_
Nets remaining: 18170
Finished routing net _1418_
Nets remaining: 18169
Finished routing net _1419_
Nets remaining: 18168
Finished routing net _1420_
Nets remaining: 18167
Finished routing net _1422_
Nets remaining: 18166
Finished routing net _1423_
Nets remaining: 18165
Failed to route net _1424_
Finished routing net _1425_
Nets remaining: 18164
Finished routing net _1426_
Nets remaining: 18163
Finished routing net _1427_
Nets remaining: 18162
Finished routing net _1428_
Nets remaining: 18161
Finished routing net _1430_
Nets remaining: 18160
Finished routing net _1433_
Nets remaining: 18159
Finished routing net _1439_
Nets remaining: 18158
Failed to route net _1440_
Finished routing net _1442_
Nets remaining: 18157
Finished routing net _1444_
Nets remaining: 18156
Finished routing net _1446_
Nets remaining: 18155
Finished routing net _1447_
Nets remaining: 18154
Finished routing net _1449_
Nets remaining: 18153
Finished routing net _1451_
Nets remaining: 18152
Finished routing net _1453_
Nets remaining: 18151
Finished routing net _1454_
Nets remaining: 18150
Finished routing net _1456_
Nets remaining: 18149
Finished routing net _1458_
Nets remaining: 18148
Finished routing net _1460_
Nets remaining: 18147
Finished routing net _1461_
Nets remaining: 18146
Finished routing net _1462_
Nets remaining: 18145
Failed to route net _1463_
Failed to route net _1464_
Failed to route net _1465_
Finished routing net _1466_
Nets remaining: 18144
Finished routing net _1467_
Nets remaining: 18143
Finished routing net _1472_
Nets remaining: 18142
Finished routing net _1476_
Nets remaining: 18141
Finished routing net _1478_
Nets remaining: 18140
Finished routing net _1479_
Nets remaining: 18139
Finished routing net _1496_
Nets remaining: 18138
Finished routing net _1497_
Nets remaining: 18137
Finished routing net _1499_
Nets remaining: 18136
Finished routing net _1500_
Nets remaining: 18135
Finished routing net _1502_
Nets remaining: 18134
Finished routing net _1504_
Nets remaining: 18133
Finished routing net _1506_
Nets remaining: 18132
Finished routing net _1507_
Nets remaining: 18131
Finished routing net _1508_
Nets remaining: 18130
Finished routing net _1509_
Nets remaining: 18129
Finished routing net _1511_
Nets remaining: 18128
Finished routing net _1512_
Nets remaining: 18127
Finished routing net _1513_
Nets remaining: 18126
Finished routing net _1516_
Nets remaining: 18125
Finished routing net _1518_
Nets remaining: 18124
Finished routing net _1519_
Nets remaining: 18123
Failed to route net _1525_
Failed to route net _1527_
Failed to route net _1528_
Failed to route net _1529_
Failed to route net _1531_
Finished routing net _1532_
Nets remaining: 18122
Finished routing net _1533_
Nets remaining: 18121
Finished routing net _1535_
Nets remaining: 18120
Failed to route net _1536_
Finished routing net _1537_
Nets remaining: 18119
Finished routing net _1538_
Nets remaining: 18118
Finished routing net _1539_
Nets remaining: 18117
Finished routing net _1541_
Nets remaining: 18116
Finished routing net _1543_
Nets remaining: 18115
Finished routing net _1547_
Nets remaining: 18114
Finished routing net _1548_
Nets remaining: 18113
Finished routing net _1549_
Nets remaining: 18112
Finished routing net _1551_
Nets remaining: 18111
Finished routing net _1552_
Nets remaining: 18110
Finished routing net _1553_
Nets remaining: 18109
Finished routing net _1556_
Nets remaining: 18108
Finished routing net _1558_
Nets remaining: 18107
Finished routing net _1564_
Nets remaining: 18106
Finished routing net _1569_
Nets remaining: 18105
Finished routing net _1577_
Nets remaining: 18104
Finished routing net _1578_
Nets remaining: 18103
Failed to route net _1582_
Failed to route net _1583_
Finished routing net _1588_
Nets remaining: 18102
Finished routing net _1589_
Nets remaining: 18101
Finished routing net _1590_
Nets remaining: 18100
Finished routing net _1594_
Nets remaining: 18099
Failed to route net _1595_
Finished routing net _1596_
Nets remaining: 18098
Finished routing net _1600_
Nets remaining: 18097
Finished routing net _1603_
Nets remaining: 18096
Finished routing net _1604_
Nets remaining: 18095
Finished routing net _1605_
Nets remaining: 18094
Finished routing net _1606_
Nets remaining: 18093
Finished routing net _1607_
Nets remaining: 18092
Finished routing net _1608_
Nets remaining: 18091
Finished routing net _1611_
Nets remaining: 18090
Finished routing net _1615_
Nets remaining: 18089
Finished routing net _1633_
Nets remaining: 18088
Finished routing net _1634_
Nets remaining: 18087
Finished routing net _1635_
Nets remaining: 18086
Finished routing net _1637_
Nets remaining: 18085
Finished routing net _1639_
Nets remaining: 18084
Finished routing net _1641_
Nets remaining: 18083
Finished routing net _1642_
Nets remaining: 18082
Finished routing net _1648_
Nets remaining: 18081
Finished routing net _1651_
Nets remaining: 18080
Finished routing net _1653_
Nets remaining: 18079
Finished routing net _1655_
Nets remaining: 18078
Finished routing net _1661_
Nets remaining: 18077
Finished routing net _1664_
Nets remaining: 18076
Finished routing net _1667_
Nets remaining: 18075
Finished routing net _1669_
Nets remaining: 18074
Finished routing net _1674_
Nets remaining: 18073
Finished routing net _1675_
Nets remaining: 18072
Finished routing net _1676_
Nets remaining: 18071
Failed to route net _1682_
Failed to route net _1683_
Finished routing net _1685_
Nets remaining: 18070
Finished routing net _1687_
Nets remaining: 18069
Finished routing net _1692_
Nets remaining: 18068
Finished routing net _1697_
Nets remaining: 18067
Finished routing net _1699_
Nets remaining: 18066
Finished routing net _1701_
Nets remaining: 18065
Finished routing net _1702_
Nets remaining: 18064
Finished routing net _1709_
Nets remaining: 18063
Failed to route net _1719_
Finished routing net _1722_
Nets remaining: 18062
Finished routing net _1723_
Nets remaining: 18061
Finished routing net _1729_
Nets remaining: 18060
Finished routing net _1733_
Nets remaining: 18059
Finished routing net _1735_
Nets remaining: 18058
Finished routing net _1736_
Nets remaining: 18057
Finished routing net _1737_
Nets remaining: 18056
Finished routing net _1738_
Nets remaining: 18055
Finished routing net _1748_
Nets remaining: 18054
Finished routing net _1754_
Nets remaining: 18053
Finished routing net _1760_
Nets remaining: 18052
Finished routing net _1763_
Nets remaining: 18051
Finished routing net _1765_
Nets remaining: 18050
Finished routing net _1768_
Nets remaining: 18049
Finished routing net _1776_
Nets remaining: 18048
Finished routing net _1777_
Nets remaining: 18047
Finished routing net _1779_
Nets remaining: 18046
Finished routing net _1780_
Nets remaining: 18045
Finished routing net _1787_
Nets remaining: 18044
Finished routing net _1794_
Nets remaining: 18043
Finished routing net _1801_
Nets remaining: 18042
Finished routing net _1803_
Nets remaining: 18041
Finished routing net _1805_
Nets remaining: 18040
Finished routing net _1807_
Nets remaining: 18039
Finished routing net _1811_
Nets remaining: 18038
Finished routing net _1813_
Nets remaining: 18037
Finished routing net _1814_
Nets remaining: 18036
Finished routing net _1815_
Nets remaining: 18035
Finished routing net _1824_
Nets remaining: 18034
Finished routing net _1825_
Nets remaining: 18033
Finished routing net _1827_
Nets remaining: 18032
Finished routing net _1828_
Nets remaining: 18031
Finished routing net _1830_
Nets remaining: 18030
Finished routing net _1837_
Nets remaining: 18029
Finished routing net _1840_
Nets remaining: 18028
Finished routing net _1843_
Nets remaining: 18027
Finished routing net _1845_
Nets remaining: 18026
Finished routing net _1848_
Nets remaining: 18025
Finished routing net _1853_
Nets remaining: 18024
Finished routing net _1854_
Nets remaining: 18023
Finished routing net _1856_
Nets remaining: 18022
Finished routing net _1859_
Nets remaining: 18021
Finished routing net _1865_
Nets remaining: 18020
Finished routing net _1866_
Nets remaining: 18019
Finished routing net _1867_
Nets remaining: 18018
Finished routing net _1868_
Nets remaining: 18017
Finished routing net _1870_
Nets remaining: 18016
Finished routing net _1876_
Nets remaining: 18015
Finished routing net _1879_
Nets remaining: 18014
Finished routing net _1884_
Nets remaining: 18013
Finished routing net _1885_
Nets remaining: 18012
Finished routing net _1886_
Nets remaining: 18011
Failed to route net _1892_
Finished routing net _1901_
Nets remaining: 18010
Failed to route net _1904_
Finished routing net _1905_
Nets remaining: 18009
Finished routing net _1907_
Nets remaining: 18008
Finished routing net _1914_
Nets remaining: 18007
Finished routing net _1915_
Nets remaining: 18006
Finished routing net _1919_
Nets remaining: 18005
Finished routing net _1923_
Nets remaining: 18004
Finished routing net _1927_
Nets remaining: 18003
Finished routing net _1933_
Nets remaining: 18002
Finished routing net _1935_
Nets remaining: 18001
Finished routing net _1937_
Nets remaining: 18000
Finished routing net _1940_
Nets remaining: 17999
Finished routing net _1949_
Nets remaining: 17998
Finished routing net _1955_
Nets remaining: 17997
Finished routing net _1959_
Nets remaining: 17996
Finished routing net _1961_
Nets remaining: 17995
Finished routing net _1963_
Nets remaining: 17994
Finished routing net _1968_
Nets remaining: 17993
Finished routing net _1969_
Nets remaining: 17992
Finished routing net _1971_
Nets remaining: 17991
Finished routing net _1973_
Nets remaining: 17990
Finished routing net _1974_
Nets remaining: 17989
Finished routing net _1984_
Nets remaining: 17988
Finished routing net _1990_
Nets remaining: 17987
Finished routing net _2000_
Nets remaining: 17986
Finished routing net _2005_
Nets remaining: 17985
Finished routing net _2006_
Nets remaining: 17984
Finished routing net _2008_
Nets remaining: 17983
Finished routing net _2010_
Nets remaining: 17982
Finished routing net _2016_
Nets remaining: 17981
Finished routing net _2018_
Nets remaining: 17980
Finished routing net _2020_
Nets remaining: 17979
Finished routing net _2024_
Nets remaining: 17978
Finished routing net _2027_
Nets remaining: 17977
Finished routing net _2034_
Nets remaining: 17976
Finished routing net _2036_
Nets remaining: 17975
Finished routing net _2038_
Nets remaining: 17974
Finished routing net _2040_
Nets remaining: 17973
Finished routing net _2055_
Nets remaining: 17972
Finished routing net _2056_
Nets remaining: 17971
Finished routing net _2059_
Nets remaining: 17970
Finished routing net _739_
Nets remaining: 17969
Finished routing net _742_
Nets remaining: 17968
Finished routing net _744_
Nets remaining: 17967
Finished routing net _746_
Nets remaining: 17966
Finished routing net _751_
Nets remaining: 17965
Finished routing net _752_
Nets remaining: 17964
Finished routing net _753_
Nets remaining: 17963
Finished routing net _756_
Nets remaining: 17962
Finished routing net _766_
Nets remaining: 17961
Failed to route net _769_
Finished routing net _776_
Nets remaining: 17960
Finished routing net _778_
Nets remaining: 17959
Finished routing net _780_
Nets remaining: 17958
Finished routing net _793_
Nets remaining: 17957
Finished routing net _794_
Nets remaining: 17956
Failed to route net _795_
Finished routing net _796_
Nets remaining: 17955
Finished routing net _801_
Nets remaining: 17954
Finished routing net _802_
Nets remaining: 17953
Finished routing net _803_
Nets remaining: 17952
Finished routing net _806_
Nets remaining: 17951
Finished routing net _820_
Nets remaining: 17950
Finished routing net _822_
Nets remaining: 17949
Finished routing net _824_
Nets remaining: 17948
Finished routing net _828_
Nets remaining: 17947
Finished routing net _829_
Nets remaining: 17946
Finished routing net _835_
Nets remaining: 17945
Finished routing net _837_
Nets remaining: 17944
Finished routing net _839_
Nets remaining: 17943
Finished routing net _848_
Nets remaining: 17942
Finished routing net _849_
Nets remaining: 17941
Finished routing net _851_
Nets remaining: 17940
Finished routing net _852_
Nets remaining: 17939
Finished routing net _865_
Nets remaining: 17938
Finished routing net _867_
Nets remaining: 17937
Failed to route net _869_
Finished routing net _883_
Nets remaining: 17936
Finished routing net _887_
Nets remaining: 17935
Finished routing net _888_
Nets remaining: 17934
Finished routing net _889_
Nets remaining: 17933
Finished routing net _891_
Nets remaining: 17932
Finished routing net _895_
Nets remaining: 17931
Finished routing net _897_
Nets remaining: 17930
Finished routing net _901_
Nets remaining: 17929
Finished routing net _902_
Nets remaining: 17928
Finished routing net _903_
Nets remaining: 17927
Finished routing net _904_
Nets remaining: 17926
Failed to route net _914_
Finished routing net _916_
Nets remaining: 17925
Failed to route net _923_
Finished routing net _929_
Nets remaining: 17924
Finished routing net _931_
Nets remaining: 17923
Finished routing net _933_
Nets remaining: 17922
Finished routing net _945_
Nets remaining: 17921
Finished routing net _947_
Nets remaining: 17920
Finished routing net _952_
Nets remaining: 17919
Failed to route net _953_
Finished routing net _958_
Nets remaining: 17918
Finished routing net _965_
Nets remaining: 17917
Finished routing net _967_
Nets remaining: 17916
Finished routing net _969_
Nets remaining: 17915
Finished routing net _979_
Nets remaining: 17914
Finished routing net _980_
Nets remaining: 17913
Failed to route net _990_
Finished routing net _993_
Nets remaining: 17912
Finished routing net _995_
Nets remaining: 17911
Finished routing net _1009_
Nets remaining: 17910
Finished routing net _1010_
Nets remaining: 17909
Finished routing net _1012_
Nets remaining: 17908
Finished routing net _1016_
Nets remaining: 17907
Finished routing net _1018_
Nets remaining: 17906
Finished routing net _1021_
Nets remaining: 17905
Finished routing net _1028_
Nets remaining: 17904
Finished routing net _1031_
Nets remaining: 17903
Finished routing net _1032_
Nets remaining: 17902
Finished routing net _1047_
Nets remaining: 17901
Failed to route net _1061_
Failed to route net _1063_
Finished routing net _1074_
Nets remaining: 17900
Finished routing net _1075_
Nets remaining: 17899
Finished routing net _1080_
Nets remaining: 17898
Finished routing net _1082_
Nets remaining: 17897
Finished routing net _1083_
Nets remaining: 17896
Finished routing net _1085_
Nets remaining: 17895
Finished routing net _1086_
Nets remaining: 17894
Finished routing net _1087_
Nets remaining: 17893
Failed to route net _1102_
Finished routing net _1105_
Nets remaining: 17892
Finished routing net _1108_
Nets remaining: 17891
Failed to route net _1111_
Failed to route net _1123_
Finished routing net _1124_
Nets remaining: 17890
Failed to route net _1127_
Failed to route net _1128_
Finished routing net _1129_
Nets remaining: 17889
Finished routing net _1131_
Nets remaining: 17888
Finished routing net _1136_
Nets remaining: 17887
Failed to route net _1150_
Failed to route net _1153_
Finished routing net _1156_
Nets remaining: 17886
Finished routing net _1161_
Nets remaining: 17885
Failed to route net _1177_
Failed to route net _1178_
Failed to route net _1179_
Finished routing net _1180_
Nets remaining: 17884
Finished routing net _1182_
Nets remaining: 17883
Finished routing net _1184_
Nets remaining: 17882
Finished routing net _1187_
Nets remaining: 17881
Finished routing net _1207_
Nets remaining: 17880
Finished routing net _1208_
Nets remaining: 17879
Finished routing net _2233_
Nets remaining: 17878
Failed to route net _2234_
Finished routing net _2236_
Nets remaining: 17877
Finished routing net _2242_
Nets remaining: 17876
Finished routing net _2245_
Nets remaining: 17875
Finished routing net _2250_
Nets remaining: 17874
Finished routing net _2251_
Nets remaining: 17873
Finished routing net _2253_
Nets remaining: 17872
Failed to route net _2255_
Finished routing net _2257_
Nets remaining: 17871
Finished routing net _2260_
Nets remaining: 17870
Finished routing net _2066_
Nets remaining: 17869
Finished routing net _2068_
Nets remaining: 17868
Finished routing net _2070_
Nets remaining: 17867
Failed to route net _2072_
Finished routing net _2074_
Nets remaining: 17866
Finished routing net _2077_
Nets remaining: 17865
Finished routing net _2079_
Nets remaining: 17864
Finished routing net _2081_
Nets remaining: 17863
Finished routing net _2084_
Nets remaining: 17862
Finished routing net _2087_
Nets remaining: 17861
Finished routing net _2090_
Nets remaining: 17860
Failed to route net _2091_
Finished routing net _2093_
Nets remaining: 17859
Finished routing net _2096_
Nets remaining: 17858
Finished routing net _2099_
Nets remaining: 17857
Finished routing net _2106_
Nets remaining: 17856
Failed to route net _2108_
Finished routing net _2110_
Nets remaining: 17855
Finished routing net _2113_
Nets remaining: 17854
Finished routing net _2115_
Nets remaining: 17853
Finished routing net _2117_
Nets remaining: 17852
Finished routing net _2122_
Nets remaining: 17851
Finished routing net _2123_
Nets remaining: 17850
Finished routing net _2125_
Nets remaining: 17849
Failed to route net _2127_
Finished routing net _2129_
Nets remaining: 17848
Finished routing net _2132_
Nets remaining: 17847
Finished routing net _2133_
Nets remaining: 17846
Finished routing net _2134_
Nets remaining: 17845
Finished routing net _2139_
Nets remaining: 17844
Finished routing net _2143_
Nets remaining: 17843
Finished routing net _2145_
Nets remaining: 17842
Finished routing net _2149_
Nets remaining: 17841
Finished routing net _2152_
Nets remaining: 17840
Finished routing net _2153_
Nets remaining: 17839
Finished routing net _2154_
Nets remaining: 17838
Finished routing net _2159_
Nets remaining: 17837
Finished routing net _2162_
Nets remaining: 17836
Finished routing net _2163_
Nets remaining: 17835
Finished routing net _2164_
Nets remaining: 17834
Finished routing net _2165_
Nets remaining: 17833
Finished routing net _2167_
Nets remaining: 17832
Finished routing net _2172_
Nets remaining: 17831
Finished routing net _2174_
Nets remaining: 17830
Finished routing net _2178_
Nets remaining: 17829
Finished routing net _2199_
Nets remaining: 17828
Finished routing net _2200_
Nets remaining: 17827
Finished routing net _2213_
Nets remaining: 17826
Finished routing net _2219_
Nets remaining: 17825
Finished routing net _2228_
Nets remaining: 17824
Finished routing net _2266_
Nets remaining: 17823
Finished routing net _2267_
Nets remaining: 17822
Finished routing net \u_core.mem_write\
Nets remaining: 17821
Finished routing net _2276_
Nets remaining: 17820
Failed to route net _2277_
Finished routing net _2288_
Nets remaining: 17819
Finished routing net _2294_
Nets remaining: 17818
Finished routing net _2296_
Nets remaining: 17817
Failed to route net _2298_
Finished routing net _2301_
Nets remaining: 17816
Finished routing net _4791_
Nets remaining: 17815
Finished routing net \u_core.u_dmem.ram[1]\[16]
Nets remaining: 17814
Finished routing net \u_core.u_dmem.ram[2]\[16]
Nets remaining: 17813
Finished routing net \u_core.u_dmem.ram[7]\[16]
Nets remaining: 17812
Finished routing net \u_core.u_dmem.ram[0]\[16]
Nets remaining: 17811
Finished routing net _4801_
Nets remaining: 17810
Finished routing net \u_core.u_dmem.ram[6]\[16]
Nets remaining: 17809
Finished routing net \u_core.u_dmem.ram[5]\[16]
Nets remaining: 17808
Finished routing net \u_core.u_dmem.ram[3]\[16]
Nets remaining: 17807
Finished routing net \u_core.u_dmem.ram[4]\[16]
Nets remaining: 17806
Finished routing net \u_core.u_dmem.ram[10]\[16]
Nets remaining: 17805
Failed to route net \u_core.u_dmem.ram[9]\[16]
Finished routing net \u_core.u_dmem.ram[15]\[16]
Nets remaining: 17804
Finished routing net \u_core.u_dmem.ram[8]\[16]
Nets remaining: 17803
Finished routing net \u_core.u_dmem.ram[14]\[16]
Nets remaining: 17802
Finished routing net \u_core.u_dmem.ram[13]\[16]
Nets remaining: 17801
Finished routing net \u_core.u_dmem.ram[11]\[16]
Nets remaining: 17800
Finished routing net \u_core.u_dmem.ram[12]\[16]
Nets remaining: 17799
Failed to route net _4821_
Finished routing net \u_core.u_dmem.ram[17]\[16]
Nets remaining: 17798
Finished routing net \u_core.u_dmem.ram[18]\[16]
Nets remaining: 17797
Finished routing net \u_core.u_dmem.ram[16]\[16]
Nets remaining: 17796
Finished routing net \u_core.u_dmem.ram[23]\[16]
Nets remaining: 17795
Finished routing net \u_core.u_dmem.ram[22]\[16]
Nets remaining: 17794
Finished routing net \u_core.u_dmem.ram[21]\[16]
Nets remaining: 17793
Finished routing net \u_core.u_dmem.ram[19]\[16]
Nets remaining: 17792
Finished routing net \u_core.u_dmem.ram[20]\[16]
Nets remaining: 17791
Finished routing net \u_core.u_dmem.ram[26]\[16]
Nets remaining: 17790
Finished routing net \u_core.u_dmem.ram[25]\[16]
Nets remaining: 17789
Finished routing net \u_core.u_dmem.ram[31]\[16]
Nets remaining: 17788
Finished routing net \u_core.u_dmem.ram[24]\[16]
Nets remaining: 17787
Finished routing net \u_core.u_dmem.ram[30]\[16]
Nets remaining: 17786
Finished routing net \u_core.u_dmem.ram[29]\[16]
Nets remaining: 17785
Finished routing net \u_core.u_dmem.ram[27]\[16]
Nets remaining: 17784
Finished routing net \u_core.u_dmem.ram[28]\[16]
Nets remaining: 17783
Finished routing net \u_core.u_dmem.ram[33]\[16]
Nets remaining: 17782
Finished routing net \u_core.u_dmem.ram[34]\[16]
Nets remaining: 17781
Finished routing net \u_core.u_dmem.ram[32]\[16]
Nets remaining: 17780
Finished routing net \u_core.u_dmem.ram[39]\[16]
Nets remaining: 17779
Finished routing net \u_core.u_dmem.ram[38]\[16]
Nets remaining: 17778
Finished routing net \u_core.u_dmem.ram[37]\[16]
Nets remaining: 17777
Finished routing net \u_core.u_dmem.ram[35]\[16]
Nets remaining: 17776
Finished routing net \u_core.u_dmem.ram[36]\[16]
Nets remaining: 17775
Finished routing net \u_core.u_dmem.ram[41]\[16]
Nets remaining: 17774
Finished routing net \u_core.u_dmem.ram[42]\[16]
Nets remaining: 17773
Finished routing net \u_core.u_dmem.ram[47]\[16]
Nets remaining: 17772
Finished routing net \u_core.u_dmem.ram[40]\[16]
Nets remaining: 17771
Finished routing net \u_core.u_dmem.ram[46]\[16]
Nets remaining: 17770
Finished routing net \u_core.u_dmem.ram[45]\[16]
Nets remaining: 17769
Finished routing net \u_core.u_dmem.ram[43]\[16]
Nets remaining: 17768
Finished routing net \u_core.u_dmem.ram[44]\[16]
Nets remaining: 17767
Finished routing net \u_core.u_dmem.ram[49]\[16]
Nets remaining: 17766
Finished routing net \u_core.u_dmem.ram[50]\[16]
Nets remaining: 17765
Finished routing net \u_core.u_dmem.ram[48]\[16]
Nets remaining: 17764
Finished routing net \u_core.u_dmem.ram[55]\[16]
Nets remaining: 17763
Finished routing net \u_core.u_dmem.ram[54]\[16]
Nets remaining: 17762
Finished routing net \u_core.u_dmem.ram[53]\[16]
Nets remaining: 17761
Finished routing net \u_core.u_dmem.ram[51]\[16]
Nets remaining: 17760
Finished routing net \u_core.u_dmem.ram[52]\[16]
Nets remaining: 17759
Finished routing net \u_core.u_dmem.ram[57]\[16]
Nets remaining: 17758
Finished routing net \u_core.u_dmem.ram[58]\[16]
Nets remaining: 17757
Finished routing net \u_core.u_dmem.ram[56]\[16]
Nets remaining: 17756
Finished routing net \u_core.u_dmem.ram[63]\[16]
Nets remaining: 17755
Finished routing net \u_core.u_dmem.ram[62]\[16]
Nets remaining: 17754
Finished routing net \u_core.u_dmem.ram[61]\[16]
Nets remaining: 17753
Finished routing net \u_core.u_dmem.ram[59]\[16]
Nets remaining: 17752
Finished routing net \u_core.u_dmem.ram[60]\[16]
Nets remaining: 17751
Finished routing net _4865_
Nets remaining: 17750
Finished routing net _4873_
Nets remaining: 17749
Finished routing net \u_core.u_dmem.ram[2]\[24]
Nets remaining: 17748
Finished routing net \u_core.u_dmem.ram[1]\[24]
Nets remaining: 17747
Finished routing net \u_core.u_dmem.ram[7]\[24]
Nets remaining: 17746
Finished routing net \u_core.u_dmem.ram[0]\[24]
Nets remaining: 17745
Finished routing net \u_core.u_dmem.ram[6]\[24]
Nets remaining: 17744
Finished routing net \u_core.u_dmem.ram[5]\[24]
Nets remaining: 17743
Finished routing net \u_core.u_dmem.ram[3]\[24]
Nets remaining: 17742
Finished routing net \u_core.u_dmem.ram[4]\[24]
Nets remaining: 17741
Finished routing net _4880_
Nets remaining: 17740
Finished routing net _4881_
Nets remaining: 17739
Finished routing net \u_core.u_dmem.ram[10]\[24]
Nets remaining: 17738
Finished routing net \u_core.u_dmem.ram[11]\[24]
Nets remaining: 17737
Finished routing net \u_core.u_dmem.ram[13]\[24]
Nets remaining: 17736
Finished routing net \u_core.u_dmem.ram[12]\[24]
Nets remaining: 17735
Finished routing net \u_core.u_dmem.ram[14]\[24]
Nets remaining: 17734
Finished routing net \u_core.u_dmem.ram[15]\[24]
Nets remaining: 17733
Finished routing net \u_core.u_dmem.ram[18]\[24]
Nets remaining: 17732
Finished routing net \u_core.u_dmem.ram[17]\[24]
Nets remaining: 17731
Finished routing net \u_core.u_dmem.ram[23]\[24]
Nets remaining: 17730
Finished routing net \u_core.u_dmem.ram[16]\[24]
Nets remaining: 17729
Finished routing net \u_core.u_dmem.ram[22]\[24]
Nets remaining: 17728
Finished routing net \u_core.u_dmem.ram[21]\[24]
Nets remaining: 17727
Finished routing net \u_core.u_dmem.ram[19]\[24]
Nets remaining: 17726
Finished routing net \u_core.u_dmem.ram[20]\[24]
Nets remaining: 17725
Finished routing net \u_core.u_dmem.ram[26]\[24]
Nets remaining: 17724
Finished routing net \u_core.u_dmem.ram[25]\[24]
Nets remaining: 17723
Finished routing net \u_core.u_dmem.ram[31]\[24]
Nets remaining: 17722
Finished routing net \u_core.u_dmem.ram[24]\[24]
Nets remaining: 17721
Failed to route net \u_core.u_dmem.ram[30]\[24]
Finished routing net \u_core.u_dmem.ram[29]\[24]
Nets remaining: 17720
Finished routing net \u_core.u_dmem.ram[27]\[24]
Nets remaining: 17719
Finished routing net \u_core.u_dmem.ram[28]\[24]
Nets remaining: 17718
Failed to route net \u_core.u_dmem.ram[34]\[24]
Finished routing net \u_core.u_dmem.ram[33]\[24]
Nets remaining: 17717
Finished routing net \u_core.u_dmem.ram[39]\[24]
Nets remaining: 17716
Finished routing net \u_core.u_dmem.ram[32]\[24]
Nets remaining: 17715
Failed to route net \u_core.u_dmem.ram[38]\[24]
Finished routing net \u_core.u_dmem.ram[37]\[24]
Nets remaining: 17714
Failed to route net \u_core.u_dmem.ram[35]\[24]
Finished routing net \u_core.u_dmem.ram[36]\[24]
Nets remaining: 17713
Finished routing net \u_core.u_dmem.ram[42]\[24]
Nets remaining: 17712
Finished routing net \u_core.u_dmem.ram[41]\[24]
Nets remaining: 17711
Finished routing net \u_core.u_dmem.ram[47]\[24]
Nets remaining: 17710
Finished routing net \u_core.u_dmem.ram[40]\[24]
Nets remaining: 17709
Failed to route net \u_core.u_dmem.ram[46]\[24]
Finished routing net \u_core.u_dmem.ram[45]\[24]
Nets remaining: 17708
Finished routing net \u_core.u_dmem.ram[43]\[24]
Nets remaining: 17707
Finished routing net \u_core.u_dmem.ram[44]\[24]
Nets remaining: 17706
Failed to route net \u_core.u_dmem.ram[49]\[24]
Finished routing net \u_core.u_dmem.ram[50]\[24]
Nets remaining: 17705
Finished routing net \u_core.u_dmem.ram[55]\[24]
Nets remaining: 17704
Finished routing net \u_core.u_dmem.ram[48]\[24]
Nets remaining: 17703
Finished routing net \u_core.u_dmem.ram[54]\[24]
Nets remaining: 17702
Finished routing net \u_core.u_dmem.ram[53]\[24]
Nets remaining: 17701
Finished routing net \u_core.u_dmem.ram[51]\[24]
Nets remaining: 17700
Finished routing net \u_core.u_dmem.ram[52]\[24]
Nets remaining: 17699
Finished routing net \u_core.u_dmem.ram[58]\[24]
Nets remaining: 17698
Finished routing net \u_core.u_dmem.ram[57]\[24]
Nets remaining: 17697
Finished routing net \u_core.u_dmem.ram[63]\[24]
Nets remaining: 17696
Finished routing net \u_core.u_dmem.ram[56]\[24]
Nets remaining: 17695
Finished routing net \u_core.u_dmem.ram[62]\[24]
Nets remaining: 17694
Finished routing net \u_core.u_dmem.ram[61]\[24]
Nets remaining: 17693
Finished routing net \u_core.u_dmem.ram[59]\[24]
Nets remaining: 17692
Finished routing net \u_core.u_dmem.ram[60]\[24]
Nets remaining: 17691
Finished routing net \u_core.u_dmem.ram[22]\[0]
Nets remaining: 17690
Finished routing net \u_core.u_dmem.ram[21]\[0]
Nets remaining: 17689
Finished routing net \u_core.u_dmem.ram[19]\[0]
Nets remaining: 17688
Finished routing net \u_core.u_dmem.ram[20]\[0]
Nets remaining: 17687
Finished routing net \u_core.u_dmem.ram[18]\[0]
Nets remaining: 17686
Finished routing net \u_core.u_dmem.ram[17]\[0]
Nets remaining: 17685
Finished routing net \u_core.u_dmem.ram[23]\[0]
Nets remaining: 17684
Finished routing net \u_core.u_dmem.ram[16]\[0]
Nets remaining: 17683
Finished routing net \u_core.u_dmem.ram[30]\[0]
Nets remaining: 17682
Finished routing net \u_core.u_dmem.ram[29]\[0]
Nets remaining: 17681
Failed to route net \u_core.u_dmem.ram[27]\[0]
Finished routing net \u_core.u_dmem.ram[28]\[0]
Nets remaining: 17680
Finished routing net \u_core.u_dmem.ram[26]\[0]
Nets remaining: 17679
Finished routing net \u_core.u_dmem.ram[25]\[0]
Nets remaining: 17678
Finished routing net \u_core.u_dmem.ram[31]\[0]
Nets remaining: 17677
Finished routing net \u_core.u_dmem.ram[24]\[0]
Nets remaining: 17676
Finished routing net \u_core.u_dmem.ram[38]\[0]
Nets remaining: 17675
Finished routing net \u_core.u_dmem.ram[37]\[0]
Nets remaining: 17674
Failed to route net \u_core.u_dmem.ram[35]\[0]
Finished routing net \u_core.u_dmem.ram[36]\[0]
Nets remaining: 17673
Finished routing net \u_core.u_dmem.ram[34]\[0]
Nets remaining: 17672
Finished routing net \u_core.u_dmem.ram[33]\[0]
Nets remaining: 17671
Failed to route net \u_core.u_dmem.ram[39]\[0]
Finished routing net \u_core.u_dmem.ram[32]\[0]
Nets remaining: 17670
Finished routing net \u_core.u_dmem.ram[46]\[0]
Nets remaining: 17669
Finished routing net \u_core.u_dmem.ram[45]\[0]
Nets remaining: 17668
Finished routing net \u_core.u_dmem.ram[43]\[0]
Nets remaining: 17667
Finished routing net \u_core.u_dmem.ram[44]\[0]
Nets remaining: 17666
Finished routing net \u_core.u_dmem.ram[42]\[0]
Nets remaining: 17665
Finished routing net \u_core.u_dmem.ram[41]\[0]
Nets remaining: 17664
Failed to route net \u_core.u_dmem.ram[47]\[0]
Failed to route net \u_core.u_dmem.ram[40]\[0]
Finished routing net \u_core.u_dmem.ram[2]\[0]
Nets remaining: 17663
Finished routing net \u_core.u_dmem.ram[3]\[0]
Nets remaining: 17662
Finished routing net \u_core.u_dmem.ram[7]\[0]
Nets remaining: 17661
Finished routing net \u_core.u_dmem.ram[0]\[0]
Nets remaining: 17660
Failed to route net \u_core.u_dmem.ram[6]\[0]
Finished routing net \u_core.u_dmem.ram[5]\[0]
Nets remaining: 17659
Finished routing net \u_core.u_dmem.ram[4]\[0]
Nets remaining: 17658
Finished routing net \u_core.u_dmem.ram[1]\[0]
Nets remaining: 17657
Finished routing net _4952_
Nets remaining: 17656
Finished routing net _4953_
Nets remaining: 17655
Finished routing net \u_core.u_dmem.ram[10]\[0]
Nets remaining: 17654
Finished routing net \u_core.u_dmem.ram[11]\[0]
Nets remaining: 17653
Failed to route net _4956_
Finished routing net _4957_
Nets remaining: 17652
Finished routing net \u_core.u_dmem.ram[12]\[0]
Nets remaining: 17651
Finished routing net \u_core.u_dmem.ram[13]\[0]
Nets remaining: 17650
Finished routing net _4963_
Nets remaining: 17649
Finished routing net _4964_
Nets remaining: 17648
Finished routing net \u_core.u_dmem.ram[50]\[0]
Nets remaining: 17647
Finished routing net \u_core.u_dmem.ram[51]\[0]
Nets remaining: 17646
Finished routing net \u_core.u_dmem.ram[53]\[0]
Nets remaining: 17645
Finished routing net \u_core.u_dmem.ram[52]\[0]
Nets remaining: 17644
Finished routing net \u_core.u_dmem.ram[54]\[0]
Nets remaining: 17643
Finished routing net \u_core.u_dmem.ram[55]\[0]
Nets remaining: 17642
Finished routing net _4970_
Nets remaining: 17641
Finished routing net _4971_
Nets remaining: 17640
Finished routing net \u_core.u_dmem.ram[58]\[0]
Nets remaining: 17639
Finished routing net \u_core.u_dmem.ram[59]\[0]
Nets remaining: 17638
Finished routing net _4974_
Nets remaining: 17637
Finished routing net _4975_
Nets remaining: 17636
Finished routing net \u_core.u_dmem.ram[60]\[0]
Nets remaining: 17635
Finished routing net \u_core.u_dmem.ram[61]\[0]
Nets remaining: 17634
Finished routing net _4982_
Nets remaining: 17633
Finished routing net _4983_
Nets remaining: 17632
Finished routing net \u_core.u_dmem.ram[2]\[8]
Nets remaining: 17631
Finished routing net \u_core.u_dmem.ram[3]\[8]
Nets remaining: 17630
Finished routing net _4986_
Nets remaining: 17629
Finished routing net _4987_
Nets remaining: 17628
Finished routing net \u_core.u_dmem.ram[4]\[8]
Nets remaining: 17627
Finished routing net \u_core.u_dmem.ram[5]\[8]
Nets remaining: 17626
Finished routing net _4991_
Nets remaining: 17625
Finished routing net _4992_
Nets remaining: 17624
Finished routing net \u_core.u_dmem.ram[10]\[8]
Nets remaining: 17623
Failed to route net \u_core.u_dmem.ram[11]\[8]
Finished routing net _4995_
Nets remaining: 17622
Finished routing net _4996_
Nets remaining: 17621
Finished routing net \u_core.u_dmem.ram[12]\[8]
Nets remaining: 17620
Finished routing net \u_core.u_dmem.ram[13]\[8]
Nets remaining: 17619
Finished routing net _5001_
Nets remaining: 17618
Finished routing net _5002_
Nets remaining: 17617
Finished routing net \u_core.u_dmem.ram[18]\[8]
Nets remaining: 17616
Finished routing net \u_core.u_dmem.ram[19]\[8]
Nets remaining: 17615
Finished routing net \u_core.u_dmem.ram[21]\[8]
Nets remaining: 17614
Finished routing net \u_core.u_dmem.ram[20]\[8]
Nets remaining: 17613
Finished routing net \u_core.u_dmem.ram[22]\[8]
Nets remaining: 17612
Finished routing net \u_core.u_dmem.ram[23]\[8]
Nets remaining: 17611
Finished routing net _5008_
Nets remaining: 17610
Finished routing net _5009_
Nets remaining: 17609
Finished routing net \u_core.u_dmem.ram[26]\[8]
Nets remaining: 17608
Finished routing net \u_core.u_dmem.ram[27]\[8]
Nets remaining: 17607
Finished routing net _5012_
Nets remaining: 17606
Finished routing net _5013_
Nets remaining: 17605
Finished routing net \u_core.u_dmem.ram[28]\[8]
Nets remaining: 17604
Finished routing net \u_core.u_dmem.ram[29]\[8]
Nets remaining: 17603
Finished routing net _5018_
Nets remaining: 17602
Finished routing net _5019_
Nets remaining: 17601
Finished routing net \u_core.u_dmem.ram[34]\[8]
Nets remaining: 17600
Finished routing net \u_core.u_dmem.ram[35]\[8]
Nets remaining: 17599
Finished routing net \u_core.u_dmem.ram[37]\[8]
Nets remaining: 17598
Finished routing net \u_core.u_dmem.ram[36]\[8]
Nets remaining: 17597
Finished routing net \u_core.u_dmem.ram[38]\[8]
Nets remaining: 17596
Finished routing net \u_core.u_dmem.ram[39]\[8]
Nets remaining: 17595
Finished routing net _5025_
Nets remaining: 17594
Finished routing net _5026_
Nets remaining: 17593
Finished routing net \u_core.u_dmem.ram[42]\[8]
Nets remaining: 17592
Finished routing net \u_core.u_dmem.ram[43]\[8]
Nets remaining: 17591
Finished routing net _5029_
Nets remaining: 17590
Finished routing net _5030_
Nets remaining: 17589
Finished routing net \u_core.u_dmem.ram[44]\[8]
Nets remaining: 17588
Failed to route net \u_core.u_dmem.ram[45]\[8]
Finished routing net _5035_
Nets remaining: 17587
Finished routing net _5036_
Nets remaining: 17586
Finished routing net \u_core.u_dmem.ram[50]\[8]
Nets remaining: 17585
Finished routing net \u_core.u_dmem.ram[51]\[8]
Nets remaining: 17584
Finished routing net \u_core.u_dmem.ram[53]\[8]
Nets remaining: 17583
Finished routing net \u_core.u_dmem.ram[52]\[8]
Nets remaining: 17582
Finished routing net \u_core.u_dmem.ram[54]\[8]
Nets remaining: 17581
Finished routing net \u_core.u_dmem.ram[55]\[8]
Nets remaining: 17580
Finished routing net _5042_
Nets remaining: 17579
Finished routing net _5043_
Nets remaining: 17578
Finished routing net \u_core.u_dmem.ram[58]\[8]
Nets remaining: 17577
Finished routing net \u_core.u_dmem.ram[59]\[8]
Nets remaining: 17576
Finished routing net \u_core.u_dmem.ram[61]\[8]
Nets remaining: 17575
Finished routing net \u_core.u_dmem.ram[60]\[8]
Nets remaining: 17574
Finished routing net \u_core.u_dmem.ram[62]\[8]
Nets remaining: 17573
Finished routing net \u_core.u_dmem.ram[63]\[8]
Nets remaining: 17572
Finished routing net _5050_
Nets remaining: 17571
Finished routing net \u_core.u_dmem.ram[1]\[17]
Nets remaining: 17570
Finished routing net \u_core.u_dmem.ram[2]\[17]
Nets remaining: 17569
Finished routing net \u_core.u_dmem.ram[7]\[17]
Nets remaining: 17568
Finished routing net \u_core.u_dmem.ram[0]\[17]
Nets remaining: 17567
Finished routing net \u_core.u_dmem.ram[6]\[17]
Nets remaining: 17566
Finished routing net \u_core.u_dmem.ram[5]\[17]
Nets remaining: 17565
Finished routing net \u_core.u_dmem.ram[3]\[17]
Nets remaining: 17564
Finished routing net \u_core.u_dmem.ram[4]\[17]
Nets remaining: 17563
Finished routing net \u_core.u_dmem.ram[10]\[17]
Nets remaining: 17562
Finished routing net \u_core.u_dmem.ram[9]\[17]
Nets remaining: 17561
Finished routing net \u_core.u_dmem.ram[15]\[17]
Nets remaining: 17560
Finished routing net \u_core.u_dmem.ram[8]\[17]
Nets remaining: 17559
Finished routing net \u_core.u_dmem.ram[14]\[17]
Nets remaining: 17558
Finished routing net \u_core.u_dmem.ram[13]\[17]
Nets remaining: 17557
Finished routing net \u_core.u_dmem.ram[11]\[17]
Nets remaining: 17556
Failed to route net \u_core.u_dmem.ram[12]\[17]
Finished routing net \u_core.u_dmem.ram[17]\[17]
Nets remaining: 17555
Finished routing net \u_core.u_dmem.ram[18]\[17]
Nets remaining: 17554
Finished routing net \u_core.u_dmem.ram[16]\[17]
Nets remaining: 17553
Finished routing net \u_core.u_dmem.ram[23]\[17]
Nets remaining: 17552
Finished routing net \u_core.u_dmem.ram[22]\[17]
Nets remaining: 17551
Finished routing net \u_core.u_dmem.ram[21]\[17]
Nets remaining: 17550
Finished routing net \u_core.u_dmem.ram[19]\[17]
Nets remaining: 17549
Finished routing net \u_core.u_dmem.ram[20]\[17]
Nets remaining: 17548
Finished routing net \u_core.u_dmem.ram[26]\[17]
Nets remaining: 17547
Finished routing net \u_core.u_dmem.ram[25]\[17]
Nets remaining: 17546
Finished routing net \u_core.u_dmem.ram[31]\[17]
Nets remaining: 17545
Finished routing net \u_core.u_dmem.ram[24]\[17]
Nets remaining: 17544
Finished routing net \u_core.u_dmem.ram[30]\[17]
Nets remaining: 17543
Finished routing net \u_core.u_dmem.ram[29]\[17]
Nets remaining: 17542
Finished routing net \u_core.u_dmem.ram[27]\[17]
Nets remaining: 17541
Finished routing net \u_core.u_dmem.ram[28]\[17]
Nets remaining: 17540
Finished routing net \u_core.u_dmem.ram[33]\[17]
Nets remaining: 17539
Finished routing net \u_core.u_dmem.ram[34]\[17]
Nets remaining: 17538
Finished routing net \u_core.u_dmem.ram[32]\[17]
Nets remaining: 17537
Failed to route net \u_core.u_dmem.ram[39]\[17]
Finished routing net \u_core.u_dmem.ram[38]\[17]
Nets remaining: 17536
Finished routing net \u_core.u_dmem.ram[37]\[17]
Nets remaining: 17535
Finished routing net \u_core.u_dmem.ram[35]\[17]
Nets remaining: 17534
Finished routing net \u_core.u_dmem.ram[36]\[17]
Nets remaining: 17533
Finished routing net \u_core.u_dmem.ram[41]\[17]
Nets remaining: 17532
Finished routing net \u_core.u_dmem.ram[42]\[17]
Nets remaining: 17531
Finished routing net \u_core.u_dmem.ram[47]\[17]
Nets remaining: 17530
Finished routing net \u_core.u_dmem.ram[40]\[17]
Nets remaining: 17529
Finished routing net \u_core.u_dmem.ram[46]\[17]
Nets remaining: 17528
Finished routing net \u_core.u_dmem.ram[45]\[17]
Nets remaining: 17527
Finished routing net \u_core.u_dmem.ram[43]\[17]
Nets remaining: 17526
Finished routing net \u_core.u_dmem.ram[44]\[17]
Nets remaining: 17525
Finished routing net \u_core.u_dmem.ram[49]\[17]
Nets remaining: 17524
Finished routing net \u_core.u_dmem.ram[50]\[17]
Nets remaining: 17523
Finished routing net \u_core.u_dmem.ram[48]\[17]
Nets remaining: 17522
Finished routing net \u_core.u_dmem.ram[55]\[17]
Nets remaining: 17521
Finished routing net \u_core.u_dmem.ram[54]\[17]
Nets remaining: 17520
Finished routing net \u_core.u_dmem.ram[53]\[17]
Nets remaining: 17519
Finished routing net \u_core.u_dmem.ram[51]\[17]
Nets remaining: 17518
Finished routing net \u_core.u_dmem.ram[52]\[17]
Nets remaining: 17517
Failed to route net \u_core.u_dmem.ram[57]\[17]
Finished routing net \u_core.u_dmem.ram[58]\[17]
Nets remaining: 17516
Finished routing net \u_core.u_dmem.ram[56]\[17]
Nets remaining: 17515
Finished routing net \u_core.u_dmem.ram[63]\[17]
Nets remaining: 17514
Finished routing net \u_core.u_dmem.ram[62]\[17]
Nets remaining: 17513
Finished routing net \u_core.u_dmem.ram[61]\[17]
Nets remaining: 17512
Finished routing net \u_core.u_dmem.ram[59]\[17]
Nets remaining: 17511
Finished routing net \u_core.u_dmem.ram[60]\[17]
Nets remaining: 17510
Finished routing net _5097_
Nets remaining: 17509
Finished routing net \u_core.u_dmem.ram[2]\[25]
Nets remaining: 17508
Finished routing net \u_core.u_dmem.ram[1]\[25]
Nets remaining: 17507
Finished routing net \u_core.u_dmem.ram[7]\[25]
Nets remaining: 17506
Finished routing net \u_core.u_dmem.ram[0]\[25]
Nets remaining: 17505
Finished routing net \u_core.u_dmem.ram[6]\[25]
Nets remaining: 17504
Finished routing net \u_core.u_dmem.ram[5]\[25]
Nets remaining: 17503
Finished routing net \u_core.u_dmem.ram[3]\[25]
Nets remaining: 17502
Finished routing net \u_core.u_dmem.ram[4]\[25]
Nets remaining: 17501
Finished routing net _5103_
Nets remaining: 17500
Finished routing net _5104_
Nets remaining: 17499
Finished routing net \u_core.u_dmem.ram[10]\[25]
Nets remaining: 17498
Finished routing net \u_core.u_dmem.ram[11]\[25]
Nets remaining: 17497
Finished routing net \u_core.u_dmem.ram[13]\[25]
Nets remaining: 17496
Finished routing net \u_core.u_dmem.ram[12]\[25]
Nets remaining: 17495
Finished routing net \u_core.u_dmem.ram[14]\[25]
Nets remaining: 17494
Finished routing net \u_core.u_dmem.ram[15]\[25]
Nets remaining: 17493
Finished routing net \u_core.u_dmem.ram[17]\[25]
Nets remaining: 17492
Finished routing net \u_core.u_dmem.ram[18]\[25]
Nets remaining: 17491
Finished routing net \u_core.u_dmem.ram[23]\[25]
Nets remaining: 17490
Finished routing net \u_core.u_dmem.ram[16]\[25]
Nets remaining: 17489
Finished routing net \u_core.u_dmem.ram[22]\[25]
Nets remaining: 17488
Finished routing net \u_core.u_dmem.ram[21]\[25]
Nets remaining: 17487
Finished routing net \u_core.u_dmem.ram[19]\[25]
Nets remaining: 17486
Finished routing net \u_core.u_dmem.ram[20]\[25]
Nets remaining: 17485
Finished routing net \u_core.u_dmem.ram[26]\[25]
Nets remaining: 17484
Finished routing net \u_core.u_dmem.ram[25]\[25]
Nets remaining: 17483
Finished routing net \u_core.u_dmem.ram[31]\[25]
Nets remaining: 17482
Finished routing net \u_core.u_dmem.ram[24]\[25]
Nets remaining: 17481
Finished routing net \u_core.u_dmem.ram[30]\[25]
Nets remaining: 17480
Finished routing net \u_core.u_dmem.ram[29]\[25]
Nets remaining: 17479
Finished routing net \u_core.u_dmem.ram[27]\[25]
Nets remaining: 17478
Finished routing net \u_core.u_dmem.ram[28]\[25]
Nets remaining: 17477
Finished routing net \u_core.u_dmem.ram[33]\[25]
Nets remaining: 17476
Finished routing net \u_core.u_dmem.ram[34]\[25]
Nets remaining: 17475
Finished routing net \u_core.u_dmem.ram[39]\[25]
Nets remaining: 17474
Finished routing net \u_core.u_dmem.ram[32]\[25]
Nets remaining: 17473
Finished routing net \u_core.u_dmem.ram[38]\[25]
Nets remaining: 17472
Finished routing net \u_core.u_dmem.ram[37]\[25]
Nets remaining: 17471
Finished routing net \u_core.u_dmem.ram[35]\[25]
Nets remaining: 17470
Finished routing net \u_core.u_dmem.ram[36]\[25]
Nets remaining: 17469
Finished routing net \u_core.u_dmem.ram[42]\[25]
Nets remaining: 17468
Finished routing net \u_core.u_dmem.ram[41]\[25]
Nets remaining: 17467
Finished routing net \u_core.u_dmem.ram[47]\[25]
Nets remaining: 17466
Finished routing net \u_core.u_dmem.ram[40]\[25]
Nets remaining: 17465
Finished routing net \u_core.u_dmem.ram[46]\[25]
Nets remaining: 17464
Finished routing net \u_core.u_dmem.ram[45]\[25]
Nets remaining: 17463
Finished routing net \u_core.u_dmem.ram[43]\[25]
Nets remaining: 17462
Finished routing net \u_core.u_dmem.ram[44]\[25]
Nets remaining: 17461
Finished routing net \u_core.u_dmem.ram[49]\[25]
Nets remaining: 17460
Finished routing net \u_core.u_dmem.ram[50]\[25]
Nets remaining: 17459
Finished routing net \u_core.u_dmem.ram[48]\[25]
Nets remaining: 17458
Finished routing net \u_core.u_dmem.ram[55]\[25]
Nets remaining: 17457
Finished routing net \u_core.u_dmem.ram[54]\[25]
Nets remaining: 17456
Finished routing net \u_core.u_dmem.ram[53]\[25]
Nets remaining: 17455
Finished routing net \u_core.u_dmem.ram[51]\[25]
Nets remaining: 17454
Finished routing net \u_core.u_dmem.ram[52]\[25]
Nets remaining: 17453
Finished routing net \u_core.u_dmem.ram[58]\[25]
Nets remaining: 17452
Finished routing net \u_core.u_dmem.ram[57]\[25]
Nets remaining: 17451
Finished routing net \u_core.u_dmem.ram[63]\[25]
Nets remaining: 17450
Finished routing net \u_core.u_dmem.ram[56]\[25]
Nets remaining: 17449
Finished routing net \u_core.u_dmem.ram[62]\[25]
Nets remaining: 17448
Finished routing net \u_core.u_dmem.ram[61]\[25]
Nets remaining: 17447
Finished routing net \u_core.u_dmem.ram[59]\[25]
Nets remaining: 17446
Finished routing net \u_core.u_dmem.ram[60]\[25]
Nets remaining: 17445
Finished routing net _5146_
Nets remaining: 17444
Finished routing net _5147_
Nets remaining: 17443
Finished routing net \u_core.u_dmem.ram[2]\[1]
Nets remaining: 17442
Finished routing net \u_core.u_dmem.ram[3]\[1]
Nets remaining: 17441
Finished routing net \u_core.u_dmem.ram[5]\[1]
Nets remaining: 17440
Finished routing net \u_core.u_dmem.ram[4]\[1]
Nets remaining: 17439
Finished routing net \u_core.u_dmem.ram[6]\[1]
Nets remaining: 17438
Failed to route net \u_core.u_dmem.ram[7]\[1]
Finished routing net _5153_
Nets remaining: 17437
Finished routing net _5154_
Nets remaining: 17436
Finished routing net \u_core.u_dmem.ram[10]\[1]
Nets remaining: 17435
Failed to route net \u_core.u_dmem.ram[11]\[1]
Finished routing net _5157_
Nets remaining: 17434
Finished routing net _5158_
Nets remaining: 17433
Finished routing net \u_core.u_dmem.ram[12]\[1]
Nets remaining: 17432
Finished routing net \u_core.u_dmem.ram[13]\[1]
Nets remaining: 17431
Finished routing net _5163_
Nets remaining: 17430
Finished routing net _5164_
Nets remaining: 17429
Finished routing net \u_core.u_dmem.ram[18]\[1]
Nets remaining: 17428
Finished routing net \u_core.u_dmem.ram[19]\[1]
Nets remaining: 17427
Finished routing net \u_core.u_dmem.ram[21]\[1]
Nets remaining: 17426
Finished routing net \u_core.u_dmem.ram[20]\[1]
Nets remaining: 17425
Finished routing net \u_core.u_dmem.ram[22]\[1]
Nets remaining: 17424
Finished routing net \u_core.u_dmem.ram[23]\[1]
Nets remaining: 17423
Finished routing net _5170_
Nets remaining: 17422
Finished routing net _5171_
Nets remaining: 17421
Finished routing net \u_core.u_dmem.ram[26]\[1]
Nets remaining: 17420
Finished routing net \u_core.u_dmem.ram[27]\[1]
Nets remaining: 17419
Finished routing net _5174_
Nets remaining: 17418
Finished routing net _5175_
Nets remaining: 17417
Finished routing net \u_core.u_dmem.ram[28]\[1]
Nets remaining: 17416
Finished routing net \u_core.u_dmem.ram[29]\[1]
Nets remaining: 17415
Finished routing net \u_core.u_dmem.ram[34]\[1]
Nets remaining: 17414
Failed to route net \u_core.u_dmem.ram[33]\[1]
Failed to route net \u_core.u_dmem.ram[39]\[1]
Finished routing net \u_core.u_dmem.ram[32]\[1]
Nets remaining: 17413
Finished routing net \u_core.u_dmem.ram[38]\[1]
Nets remaining: 17412
Finished routing net \u_core.u_dmem.ram[37]\[1]
Nets remaining: 17411
Finished routing net \u_core.u_dmem.ram[35]\[1]
Nets remaining: 17410
Finished routing net \u_core.u_dmem.ram[36]\[1]
Nets remaining: 17409
Finished routing net _5185_
Nets remaining: 17408
Finished routing net _5186_
Nets remaining: 17407
Failed to route net \u_core.u_dmem.ram[42]\[1]
Finished routing net \u_core.u_dmem.ram[43]\[1]
Nets remaining: 17406
Finished routing net \u_core.u_dmem.ram[45]\[1]
Nets remaining: 17405
Finished routing net \u_core.u_dmem.ram[44]\[1]
Nets remaining: 17404
Finished routing net \u_core.u_dmem.ram[46]\[1]
Nets remaining: 17403
Finished routing net \u_core.u_dmem.ram[47]\[1]
Nets remaining: 17402
Finished routing net \u_core.u_dmem.ram[50]\[1]
Nets remaining: 17401
Finished routing net \u_core.u_dmem.ram[49]\[1]
Nets remaining: 17400
Finished routing net \u_core.u_dmem.ram[55]\[1]
Nets remaining: 17399
Finished routing net \u_core.u_dmem.ram[48]\[1]
Nets remaining: 17398
Finished routing net \u_core.u_dmem.ram[54]\[1]
Nets remaining: 17397
Finished routing net \u_core.u_dmem.ram[53]\[1]
Nets remaining: 17396
Finished routing net \u_core.u_dmem.ram[51]\[1]
Nets remaining: 17395
Finished routing net \u_core.u_dmem.ram[52]\[1]
Nets remaining: 17394
Finished routing net _5198_
Nets remaining: 17393
Finished routing net _5199_
Nets remaining: 17392
Failed to route net \u_core.u_dmem.ram[58]\[1]
Finished routing net \u_core.u_dmem.ram[59]\[1]
Nets remaining: 17391
Finished routing net \u_core.u_dmem.ram[61]\[1]
Nets remaining: 17390
Failed to route net \u_core.u_dmem.ram[60]\[1]
Finished routing net \u_core.u_dmem.ram[62]\[1]
Nets remaining: 17389
Finished routing net \u_core.u_dmem.ram[63]\[1]
Nets remaining: 17388
Finished routing net _5207_
Nets remaining: 17387
Finished routing net _5208_
Nets remaining: 17386
Finished routing net \u_core.u_dmem.ram[2]\[9]
Nets remaining: 17385
Finished routing net \u_core.u_dmem.ram[3]\[9]
Nets remaining: 17384
Finished routing net _5211_
Nets remaining: 17383
Finished routing net _5212_
Nets remaining: 17382
Finished routing net \u_core.u_dmem.ram[4]\[9]
Nets remaining: 17381
Finished routing net \u_core.u_dmem.ram[5]\[9]
Nets remaining: 17380
Finished routing net _5216_
Nets remaining: 17379
Finished routing net _5217_
Nets remaining: 17378
Finished routing net \u_core.u_dmem.ram[10]\[9]
Nets remaining: 17377
Finished routing net \u_core.u_dmem.ram[11]\[9]
Nets remaining: 17376
Finished routing net _5220_
Nets remaining: 17375
Finished routing net _5221_
Nets remaining: 17374
Finished routing net \u_core.u_dmem.ram[12]\[9]
Nets remaining: 17373
Finished routing net \u_core.u_dmem.ram[13]\[9]
Nets remaining: 17372
Finished routing net _5226_
Nets remaining: 17371
Finished routing net _5227_
Nets remaining: 17370
Finished routing net \u_core.u_dmem.ram[18]\[9]
Nets remaining: 17369
Finished routing net \u_core.u_dmem.ram[19]\[9]
Nets remaining: 17368
Finished routing net \u_core.u_dmem.ram[21]\[9]
Nets remaining: 17367
Finished routing net \u_core.u_dmem.ram[20]\[9]
Nets remaining: 17366
Finished routing net \u_core.u_dmem.ram[22]\[9]
Nets remaining: 17365
Finished routing net \u_core.u_dmem.ram[23]\[9]
Nets remaining: 17364
Finished routing net _5233_
Nets remaining: 17363
Finished routing net _5234_
Nets remaining: 17362
Finished routing net \u_core.u_dmem.ram[26]\[9]
Nets remaining: 17361
Finished routing net \u_core.u_dmem.ram[27]\[9]
Nets remaining: 17360
Finished routing net _5237_
Nets remaining: 17359
Finished routing net _5238_
Nets remaining: 17358
Finished routing net \u_core.u_dmem.ram[28]\[9]
Nets remaining: 17357
Finished routing net \u_core.u_dmem.ram[29]\[9]
Nets remaining: 17356
Finished routing net _5243_
Nets remaining: 17355
Finished routing net _5244_
Nets remaining: 17354
Finished routing net \u_core.u_dmem.ram[34]\[9]
Nets remaining: 17353
Finished routing net \u_core.u_dmem.ram[35]\[9]
Nets remaining: 17352
Finished routing net \u_core.u_dmem.ram[37]\[9]
Nets remaining: 17351
Finished routing net \u_core.u_dmem.ram[36]\[9]
Nets remaining: 17350
Finished routing net \u_core.u_dmem.ram[38]\[9]
Nets remaining: 17349
Failed to route net \u_core.u_dmem.ram[39]\[9]
Finished routing net _5250_
Nets remaining: 17348
Finished routing net _5251_
Nets remaining: 17347
Finished routing net \u_core.u_dmem.ram[42]\[9]
Nets remaining: 17346
Finished routing net \u_core.u_dmem.ram[43]\[9]
Nets remaining: 17345
Finished routing net _5254_
Nets remaining: 17344
Finished routing net _5255_
Nets remaining: 17343
Finished routing net \u_core.u_dmem.ram[44]\[9]
Nets remaining: 17342
Finished routing net \u_core.u_dmem.ram[45]\[9]
Nets remaining: 17341
Finished routing net _5260_
Nets remaining: 17340
Finished routing net _5261_
Nets remaining: 17339
Finished routing net \u_core.u_dmem.ram[50]\[9]
Nets remaining: 17338
Finished routing net \u_core.u_dmem.ram[51]\[9]
Nets remaining: 17337
Finished routing net \u_core.u_dmem.ram[53]\[9]
Nets remaining: 17336
Finished routing net \u_core.u_dmem.ram[52]\[9]
Nets remaining: 17335
Finished routing net \u_core.u_dmem.ram[54]\[9]
Nets remaining: 17334
Finished routing net \u_core.u_dmem.ram[55]\[9]
Nets remaining: 17333
Finished routing net _5267_
Nets remaining: 17332
Finished routing net _5268_
Nets remaining: 17331
Finished routing net \u_core.u_dmem.ram[58]\[9]
Nets remaining: 17330
Finished routing net \u_core.u_dmem.ram[59]\[9]
Nets remaining: 17329
Finished routing net \u_core.u_dmem.ram[61]\[9]
Nets remaining: 17328
Finished routing net \u_core.u_dmem.ram[60]\[9]
Nets remaining: 17327
Finished routing net \u_core.u_dmem.ram[62]\[9]
Nets remaining: 17326
Finished routing net \u_core.u_dmem.ram[63]\[9]
Nets remaining: 17325
Finished routing net _5275_
Nets remaining: 17324
Finished routing net \u_core.u_dmem.ram[1]\[18]
Nets remaining: 17323
Finished routing net \u_core.u_dmem.ram[2]\[18]
Nets remaining: 17322
Finished routing net \u_core.u_dmem.ram[7]\[18]
Nets remaining: 17321
Finished routing net \u_core.u_dmem.ram[0]\[18]
Nets remaining: 17320
Finished routing net \u_core.u_dmem.ram[6]\[18]
Nets remaining: 17319
Finished routing net \u_core.u_dmem.ram[5]\[18]
Nets remaining: 17318
Finished routing net \u_core.u_dmem.ram[3]\[18]
Nets remaining: 17317
Finished routing net \u_core.u_dmem.ram[4]\[18]
Nets remaining: 17316
Finished routing net \u_core.u_dmem.ram[10]\[18]
Nets remaining: 17315
Finished routing net \u_core.u_dmem.ram[9]\[18]
Nets remaining: 17314
Finished routing net \u_core.u_dmem.ram[15]\[18]
Nets remaining: 17313
Finished routing net \u_core.u_dmem.ram[8]\[18]
Nets remaining: 17312
Finished routing net \u_core.u_dmem.ram[14]\[18]
Nets remaining: 17311
Finished routing net \u_core.u_dmem.ram[13]\[18]
Nets remaining: 17310
Finished routing net \u_core.u_dmem.ram[11]\[18]
Nets remaining: 17309
Finished routing net \u_core.u_dmem.ram[12]\[18]
Nets remaining: 17308
Finished routing net \u_core.u_dmem.ram[17]\[18]
Nets remaining: 17307
Finished routing net \u_core.u_dmem.ram[18]\[18]
Nets remaining: 17306
Finished routing net \u_core.u_dmem.ram[16]\[18]
Nets remaining: 17305
Finished routing net \u_core.u_dmem.ram[23]\[18]
Nets remaining: 17304
Finished routing net \u_core.u_dmem.ram[22]\[18]
Nets remaining: 17303
Finished routing net \u_core.u_dmem.ram[21]\[18]
Nets remaining: 17302
Finished routing net \u_core.u_dmem.ram[19]\[18]
Nets remaining: 17301
Finished routing net \u_core.u_dmem.ram[20]\[18]
Nets remaining: 17300
Finished routing net \u_core.u_dmem.ram[26]\[18]
Nets remaining: 17299
Finished routing net \u_core.u_dmem.ram[25]\[18]
Nets remaining: 17298
Finished routing net \u_core.u_dmem.ram[31]\[18]
Nets remaining: 17297
Finished routing net \u_core.u_dmem.ram[24]\[18]
Nets remaining: 17296
Finished routing net \u_core.u_dmem.ram[30]\[18]
Nets remaining: 17295
Finished routing net \u_core.u_dmem.ram[29]\[18]
Nets remaining: 17294
Finished routing net \u_core.u_dmem.ram[27]\[18]
Nets remaining: 17293
Finished routing net \u_core.u_dmem.ram[28]\[18]
Nets remaining: 17292
Failed to route net \u_core.u_dmem.ram[33]\[18]
Finished routing net \u_core.u_dmem.ram[34]\[18]
Nets remaining: 17291
Finished routing net \u_core.u_dmem.ram[32]\[18]
Nets remaining: 17290
Finished routing net \u_core.u_dmem.ram[39]\[18]
Nets remaining: 17289
Finished routing net \u_core.u_dmem.ram[38]\[18]
Nets remaining: 17288
Failed to route net \u_core.u_dmem.ram[37]\[18]
Finished routing net \u_core.u_dmem.ram[35]\[18]
Nets remaining: 17287
Finished routing net \u_core.u_dmem.ram[36]\[18]
Nets remaining: 17286
Finished routing net \u_core.u_dmem.ram[41]\[18]
Nets remaining: 17285
Finished routing net \u_core.u_dmem.ram[42]\[18]
Nets remaining: 17284
Finished routing net \u_core.u_dmem.ram[47]\[18]
Nets remaining: 17283
Finished routing net \u_core.u_dmem.ram[40]\[18]
Nets remaining: 17282
Finished routing net \u_core.u_dmem.ram[46]\[18]
Nets remaining: 17281
Finished routing net \u_core.u_dmem.ram[45]\[18]
Nets remaining: 17280
Finished routing net \u_core.u_dmem.ram[43]\[18]
Nets remaining: 17279
Finished routing net \u_core.u_dmem.ram[44]\[18]
Nets remaining: 17278
Failed to route net \u_core.u_dmem.ram[49]\[18]
Finished routing net \u_core.u_dmem.ram[50]\[18]
Nets remaining: 17277
Finished routing net \u_core.u_dmem.ram[48]\[18]
Nets remaining: 17276
Finished routing net \u_core.u_dmem.ram[55]\[18]
Nets remaining: 17275
Finished routing net \u_core.u_dmem.ram[54]\[18]
Nets remaining: 17274
Finished routing net \u_core.u_dmem.ram[53]\[18]
Nets remaining: 17273
Finished routing net \u_core.u_dmem.ram[51]\[18]
Nets remaining: 17272
Finished routing net \u_core.u_dmem.ram[52]\[18]
Nets remaining: 17271
Failed to route net \u_core.u_dmem.ram[57]\[18]
Finished routing net \u_core.u_dmem.ram[58]\[18]
Nets remaining: 17270
Finished routing net \u_core.u_dmem.ram[56]\[18]
Nets remaining: 17269
Finished routing net \u_core.u_dmem.ram[63]\[18]
Nets remaining: 17268
Finished routing net \u_core.u_dmem.ram[62]\[18]
Nets remaining: 17267
Finished routing net \u_core.u_dmem.ram[61]\[18]
Nets remaining: 17266
Finished routing net \u_core.u_dmem.ram[59]\[18]
Nets remaining: 17265
Finished routing net \u_core.u_dmem.ram[60]\[18]
Nets remaining: 17264
Finished routing net _5321_
Nets remaining: 17263
Finished routing net \u_core.u_dmem.ram[2]\[26]
Nets remaining: 17262
Finished routing net \u_core.u_dmem.ram[1]\[26]
Nets remaining: 17261
Finished routing net \u_core.u_dmem.ram[7]\[26]
Nets remaining: 17260
Finished routing net \u_core.u_dmem.ram[0]\[26]
Nets remaining: 17259
Finished routing net \u_core.u_dmem.ram[6]\[26]
Nets remaining: 17258
Finished routing net \u_core.u_dmem.ram[5]\[26]
Nets remaining: 17257
Finished routing net \u_core.u_dmem.ram[3]\[26]
Nets remaining: 17256
Finished routing net \u_core.u_dmem.ram[4]\[26]
Nets remaining: 17255
Finished routing net _5327_
Nets remaining: 17254
Finished routing net _5328_
Nets remaining: 17253
Finished routing net \u_core.u_dmem.ram[10]\[26]
Nets remaining: 17252
Finished routing net \u_core.u_dmem.ram[11]\[26]
Nets remaining: 17251
Finished routing net \u_core.u_dmem.ram[13]\[26]
Nets remaining: 17250
Finished routing net \u_core.u_dmem.ram[12]\[26]
Nets remaining: 17249
Failed to route net \u_core.u_dmem.ram[14]\[26]
Finished routing net \u_core.u_dmem.ram[15]\[26]
Nets remaining: 17248
Finished routing net \u_core.u_dmem.ram[17]\[26]
Nets remaining: 17247
Finished routing net \u_core.u_dmem.ram[18]\[26]
Nets remaining: 17246
Finished routing net \u_core.u_dmem.ram[23]\[26]
Nets remaining: 17245
Finished routing net \u_core.u_dmem.ram[16]\[26]
Nets remaining: 17244
Finished routing net \u_core.u_dmem.ram[22]\[26]
Nets remaining: 17243
Finished routing net \u_core.u_dmem.ram[21]\[26]
Nets remaining: 17242
Finished routing net \u_core.u_dmem.ram[19]\[26]
Nets remaining: 17241
Finished routing net \u_core.u_dmem.ram[20]\[26]
Nets remaining: 17240
Finished routing net \u_core.u_dmem.ram[26]\[26]
Nets remaining: 17239
Finished routing net \u_core.u_dmem.ram[25]\[26]
Nets remaining: 17238
Finished routing net \u_core.u_dmem.ram[31]\[26]
Nets remaining: 17237
Finished routing net \u_core.u_dmem.ram[24]\[26]
Nets remaining: 17236
Finished routing net \u_core.u_dmem.ram[30]\[26]
Nets remaining: 17235
Finished routing net \u_core.u_dmem.ram[29]\[26]
Nets remaining: 17234
Finished routing net \u_core.u_dmem.ram[27]\[26]
Nets remaining: 17233
Finished routing net \u_core.u_dmem.ram[28]\[26]
Nets remaining: 17232
Finished routing net \u_core.u_dmem.ram[33]\[26]
Nets remaining: 17231
Finished routing net \u_core.u_dmem.ram[34]\[26]
Nets remaining: 17230
Finished routing net \u_core.u_dmem.ram[39]\[26]
Nets remaining: 17229
Finished routing net \u_core.u_dmem.ram[32]\[26]
Nets remaining: 17228
Finished routing net \u_core.u_dmem.ram[38]\[26]
Nets remaining: 17227
Finished routing net \u_core.u_dmem.ram[37]\[26]
Nets remaining: 17226
Finished routing net \u_core.u_dmem.ram[35]\[26]
Nets remaining: 17225
Finished routing net \u_core.u_dmem.ram[36]\[26]
Nets remaining: 17224
Finished routing net \u_core.u_dmem.ram[42]\[26]
Nets remaining: 17223
Finished routing net \u_core.u_dmem.ram[41]\[26]
Nets remaining: 17222
Finished routing net \u_core.u_dmem.ram[47]\[26]
Nets remaining: 17221
Finished routing net \u_core.u_dmem.ram[40]\[26]
Nets remaining: 17220
Finished routing net \u_core.u_dmem.ram[46]\[26]
Nets remaining: 17219
Finished routing net \u_core.u_dmem.ram[45]\[26]
Nets remaining: 17218
Finished routing net \u_core.u_dmem.ram[43]\[26]
Nets remaining: 17217
Failed to route net \u_core.u_dmem.ram[44]\[26]
Finished routing net \u_core.u_dmem.ram[49]\[26]
Nets remaining: 17216
Finished routing net \u_core.u_dmem.ram[50]\[26]
Nets remaining: 17215
Finished routing net \u_core.u_dmem.ram[48]\[26]
Nets remaining: 17214
Finished routing net \u_core.u_dmem.ram[55]\[26]
Nets remaining: 17213
Finished routing net \u_core.u_dmem.ram[54]\[26]
Nets remaining: 17212
Finished routing net \u_core.u_dmem.ram[53]\[26]
Nets remaining: 17211
Finished routing net \u_core.u_dmem.ram[51]\[26]
Nets remaining: 17210
Finished routing net \u_core.u_dmem.ram[52]\[26]
Nets remaining: 17209
Finished routing net \u_core.u_dmem.ram[58]\[26]
Nets remaining: 17208
Finished routing net \u_core.u_dmem.ram[57]\[26]
Nets remaining: 17207
Finished routing net \u_core.u_dmem.ram[63]\[26]
Nets remaining: 17206
Finished routing net \u_core.u_dmem.ram[56]\[26]
Nets remaining: 17205
Finished routing net \u_core.u_dmem.ram[62]\[26]
Nets remaining: 17204
Finished routing net \u_core.u_dmem.ram[61]\[26]
Nets remaining: 17203
Finished routing net \u_core.u_dmem.ram[59]\[26]
Nets remaining: 17202
Finished routing net \u_core.u_dmem.ram[60]\[26]
Nets remaining: 17201
Finished routing net _5370_
Nets remaining: 17200
Finished routing net _5371_
Nets remaining: 17199
Finished routing net \u_core.u_dmem.ram[2]\[2]
Nets remaining: 17198
Finished routing net \u_core.u_dmem.ram[3]\[2]
Nets remaining: 17197
Finished routing net \u_core.u_dmem.ram[5]\[2]
Nets remaining: 17196
Finished routing net \u_core.u_dmem.ram[4]\[2]
Nets remaining: 17195
Finished routing net \u_core.u_dmem.ram[6]\[2]
Nets remaining: 17194
Failed to route net \u_core.u_dmem.ram[7]\[2]
Finished routing net _5377_
Nets remaining: 17193
Finished routing net _5378_
Nets remaining: 17192
Finished routing net \u_core.u_dmem.ram[10]\[2]
Nets remaining: 17191
Failed to route net \u_core.u_dmem.ram[11]\[2]
Finished routing net _5381_
Nets remaining: 17190
Finished routing net _5382_
Nets remaining: 17189
Finished routing net \u_core.u_dmem.ram[12]\[2]
Nets remaining: 17188
Finished routing net \u_core.u_dmem.ram[13]\[2]
Nets remaining: 17187
Finished routing net _5387_
Nets remaining: 17186
Finished routing net _5388_
Nets remaining: 17185
Finished routing net \u_core.u_dmem.ram[18]\[2]
Nets remaining: 17184
Finished routing net \u_core.u_dmem.ram[19]\[2]
Nets remaining: 17183
Finished routing net \u_core.u_dmem.ram[21]\[2]
Nets remaining: 17182
Finished routing net \u_core.u_dmem.ram[20]\[2]
Nets remaining: 17181
Finished routing net \u_core.u_dmem.ram[22]\[2]
Nets remaining: 17180
Finished routing net \u_core.u_dmem.ram[23]\[2]
Nets remaining: 17179
Finished routing net _5394_
Nets remaining: 17178
Finished routing net _5395_
Nets remaining: 17177
Finished routing net \u_core.u_dmem.ram[26]\[2]
Nets remaining: 17176
Finished routing net \u_core.u_dmem.ram[27]\[2]
Nets remaining: 17175
Finished routing net _5398_
Nets remaining: 17174
Failed to route net _5399_
Failed to route net \u_core.u_dmem.ram[28]\[2]
Finished routing net \u_core.u_dmem.ram[29]\[2]
Nets remaining: 17173
Finished routing net \u_core.u_dmem.ram[34]\[2]
Nets remaining: 17172
Finished routing net \u_core.u_dmem.ram[33]\[2]
Nets remaining: 17171
Failed to route net \u_core.u_dmem.ram[39]\[2]
Finished routing net \u_core.u_dmem.ram[32]\[2]
Nets remaining: 17170
Finished routing net \u_core.u_dmem.ram[38]\[2]
Nets remaining: 17169
Failed to route net \u_core.u_dmem.ram[37]\[2]
Finished routing net \u_core.u_dmem.ram[35]\[2]
Nets remaining: 17168
Finished routing net \u_core.u_dmem.ram[36]\[2]
Nets remaining: 17167
Finished routing net _5409_
Nets remaining: 17166
Finished routing net _5410_
Nets remaining: 17165
Finished routing net \u_core.u_dmem.ram[42]\[2]
Nets remaining: 17164
Finished routing net \u_core.u_dmem.ram[43]\[2]
Nets remaining: 17163
Finished routing net \u_core.u_dmem.ram[45]\[2]
Nets remaining: 17162
Finished routing net \u_core.u_dmem.ram[44]\[2]
Nets remaining: 17161
Finished routing net \u_core.u_dmem.ram[46]\[2]
Nets remaining: 17160
Finished routing net \u_core.u_dmem.ram[47]\[2]
Nets remaining: 17159
Finished routing net \u_core.u_dmem.ram[50]\[2]
Nets remaining: 17158
Finished routing net \u_core.u_dmem.ram[49]\[2]
Nets remaining: 17157
Finished routing net \u_core.u_dmem.ram[55]\[2]
Nets remaining: 17156
Finished routing net \u_core.u_dmem.ram[48]\[2]
Nets remaining: 17155
Finished routing net \u_core.u_dmem.ram[54]\[2]
Nets remaining: 17154
Finished routing net \u_core.u_dmem.ram[53]\[2]
Nets remaining: 17153
Finished routing net \u_core.u_dmem.ram[51]\[2]
Nets remaining: 17152
Finished routing net \u_core.u_dmem.ram[52]\[2]
Nets remaining: 17151
Finished routing net _5422_
Nets remaining: 17150
Finished routing net _5423_
Nets remaining: 17149
Finished routing net \u_core.u_dmem.ram[58]\[2]
Nets remaining: 17148
Finished routing net \u_core.u_dmem.ram[59]\[2]
Nets remaining: 17147
Finished routing net \u_core.u_dmem.ram[61]\[2]
Nets remaining: 17146
Finished routing net \u_core.u_dmem.ram[60]\[2]
Nets remaining: 17145
Finished routing net \u_core.u_dmem.ram[62]\[2]
Nets remaining: 17144
Finished routing net \u_core.u_dmem.ram[63]\[2]
Nets remaining: 17143
Finished routing net _5431_
Nets remaining: 17142
Finished routing net _5432_
Nets remaining: 17141
Finished routing net \u_core.u_dmem.ram[2]\[10]
Nets remaining: 17140
Finished routing net \u_core.u_dmem.ram[3]\[10]
Nets remaining: 17139
Finished routing net _5435_
Nets remaining: 17138
Finished routing net _5436_
Nets remaining: 17137
Finished routing net \u_core.u_dmem.ram[4]\[10]
Nets remaining: 17136
Finished routing net \u_core.u_dmem.ram[5]\[10]
Nets remaining: 17135
Finished routing net _5440_
Nets remaining: 17134
Finished routing net _5441_
Nets remaining: 17133
Finished routing net \u_core.u_dmem.ram[10]\[10]
Nets remaining: 17132
Finished routing net \u_core.u_dmem.ram[11]\[10]
Nets remaining: 17131
Finished routing net _5444_
Nets remaining: 17130
Finished routing net _5445_
Nets remaining: 17129
Finished routing net \u_core.u_dmem.ram[12]\[10]
Nets remaining: 17128
Finished routing net \u_core.u_dmem.ram[13]\[10]
Nets remaining: 17127
Finished routing net _5450_
Nets remaining: 17126
Finished routing net _5451_
Nets remaining: 17125
Finished routing net \u_core.u_dmem.ram[18]\[10]
Nets remaining: 17124
Finished routing net \u_core.u_dmem.ram[19]\[10]
Nets remaining: 17123
Finished routing net \u_core.u_dmem.ram[21]\[10]
Nets remaining: 17122
Finished routing net \u_core.u_dmem.ram[20]\[10]
Nets remaining: 17121
Finished routing net \u_core.u_dmem.ram[22]\[10]
Nets remaining: 17120
Failed to route net \u_core.u_dmem.ram[23]\[10]
Finished routing net _5457_
Nets remaining: 17119
Finished routing net _5458_
Nets remaining: 17118
Finished routing net \u_core.u_dmem.ram[26]\[10]
Nets remaining: 17117
Failed to route net \u_core.u_dmem.ram[27]\[10]
Finished routing net _5461_
Nets remaining: 17116
Finished routing net _5462_
Nets remaining: 17115
Finished routing net \u_core.u_dmem.ram[28]\[10]
Nets remaining: 17114
Finished routing net \u_core.u_dmem.ram[29]\[10]
Nets remaining: 17113
Finished routing net _5467_
Nets remaining: 17112
Finished routing net _5468_
Nets remaining: 17111
Finished routing net \u_core.u_dmem.ram[34]\[10]
Nets remaining: 17110
Failed to route net \u_core.u_dmem.ram[35]\[10]
Finished routing net \u_core.u_dmem.ram[37]\[10]
Nets remaining: 17109
Finished routing net \u_core.u_dmem.ram[36]\[10]
Nets remaining: 17108
Finished routing net \u_core.u_dmem.ram[38]\[10]
Nets remaining: 17107
Finished routing net \u_core.u_dmem.ram[39]\[10]
Nets remaining: 17106
Finished routing net _5474_
Nets remaining: 17105
Finished routing net _5475_
Nets remaining: 17104
Finished routing net \u_core.u_dmem.ram[42]\[10]
Nets remaining: 17103
Finished routing net \u_core.u_dmem.ram[43]\[10]
Nets remaining: 17102
Finished routing net _5478_
Nets remaining: 17101
Finished routing net _5479_
Nets remaining: 17100
Finished routing net \u_core.u_dmem.ram[44]\[10]
Nets remaining: 17099
Finished routing net \u_core.u_dmem.ram[45]\[10]
Nets remaining: 17098
Finished routing net _5484_
Nets remaining: 17097
Finished routing net _5485_
Nets remaining: 17096
Finished routing net \u_core.u_dmem.ram[50]\[10]
Nets remaining: 17095
Finished routing net \u_core.u_dmem.ram[51]\[10]
Nets remaining: 17094
Finished routing net \u_core.u_dmem.ram[53]\[10]
Nets remaining: 17093
Finished routing net \u_core.u_dmem.ram[52]\[10]
Nets remaining: 17092
Finished routing net \u_core.u_dmem.ram[54]\[10]
Nets remaining: 17091
Finished routing net \u_core.u_dmem.ram[55]\[10]
Nets remaining: 17090
Finished routing net _5491_
Nets remaining: 17089
Finished routing net _5492_
Nets remaining: 17088
Finished routing net \u_core.u_dmem.ram[58]\[10]
Nets remaining: 17087
Finished routing net \u_core.u_dmem.ram[59]\[10]
Nets remaining: 17086
Finished routing net \u_core.u_dmem.ram[61]\[10]
Nets remaining: 17085
Finished routing net \u_core.u_dmem.ram[60]\[10]
Nets remaining: 17084
Finished routing net \u_core.u_dmem.ram[62]\[10]
Nets remaining: 17083
Finished routing net \u_core.u_dmem.ram[63]\[10]
Nets remaining: 17082
Failed to route net _5499_
Finished routing net \u_core.u_dmem.ram[1]\[19]
Nets remaining: 17081
Finished routing net \u_core.u_dmem.ram[2]\[19]
Nets remaining: 17080
Finished routing net \u_core.u_dmem.ram[7]\[19]
Nets remaining: 17079
Finished routing net \u_core.u_dmem.ram[0]\[19]
Nets remaining: 17078
Finished routing net \u_core.u_dmem.ram[6]\[19]
Nets remaining: 17077
Finished routing net \u_core.u_dmem.ram[5]\[19]
Nets remaining: 17076
Finished routing net \u_core.u_dmem.ram[3]\[19]
Nets remaining: 17075
Finished routing net \u_core.u_dmem.ram[4]\[19]
Nets remaining: 17074
Finished routing net \u_core.u_dmem.ram[10]\[19]
Nets remaining: 17073
Finished routing net \u_core.u_dmem.ram[9]\[19]
Nets remaining: 17072
Finished routing net \u_core.u_dmem.ram[15]\[19]
Nets remaining: 17071
Finished routing net \u_core.u_dmem.ram[8]\[19]
Nets remaining: 17070
Finished routing net \u_core.u_dmem.ram[14]\[19]
Nets remaining: 17069
Finished routing net \u_core.u_dmem.ram[13]\[19]
Nets remaining: 17068
Finished routing net \u_core.u_dmem.ram[11]\[19]
Nets remaining: 17067
Finished routing net \u_core.u_dmem.ram[12]\[19]
Nets remaining: 17066
Finished routing net \u_core.u_dmem.ram[17]\[19]
Nets remaining: 17065
Finished routing net \u_core.u_dmem.ram[18]\[19]
Nets remaining: 17064
Finished routing net \u_core.u_dmem.ram[16]\[19]
Nets remaining: 17063
Finished routing net \u_core.u_dmem.ram[23]\[19]
Nets remaining: 17062
Finished routing net \u_core.u_dmem.ram[22]\[19]
Nets remaining: 17061
Finished routing net \u_core.u_dmem.ram[21]\[19]
Nets remaining: 17060
Failed to route net \u_core.u_dmem.ram[19]\[19]
Finished routing net \u_core.u_dmem.ram[20]\[19]
Nets remaining: 17059
Finished routing net \u_core.u_dmem.ram[26]\[19]
Nets remaining: 17058
Finished routing net \u_core.u_dmem.ram[25]\[19]
Nets remaining: 17057
Finished routing net \u_core.u_dmem.ram[31]\[19]
Nets remaining: 17056
Finished routing net \u_core.u_dmem.ram[24]\[19]
Nets remaining: 17055
Finished routing net \u_core.u_dmem.ram[30]\[19]
Nets remaining: 17054
Finished routing net \u_core.u_dmem.ram[29]\[19]
Nets remaining: 17053
Finished routing net \u_core.u_dmem.ram[27]\[19]
Nets remaining: 17052
Finished routing net \u_core.u_dmem.ram[28]\[19]
Nets remaining: 17051
Finished routing net \u_core.u_dmem.ram[33]\[19]
Nets remaining: 17050
Finished routing net \u_core.u_dmem.ram[34]\[19]
Nets remaining: 17049
Finished routing net \u_core.u_dmem.ram[32]\[19]
Nets remaining: 17048
Finished routing net \u_core.u_dmem.ram[39]\[19]
Nets remaining: 17047
Failed to route net \u_core.u_dmem.ram[38]\[19]
Finished routing net \u_core.u_dmem.ram[37]\[19]
Nets remaining: 17046
Finished routing net \u_core.u_dmem.ram[35]\[19]
Nets remaining: 17045
Finished routing net \u_core.u_dmem.ram[36]\[19]
Nets remaining: 17044
Finished routing net \u_core.u_dmem.ram[41]\[19]
Nets remaining: 17043
Finished routing net \u_core.u_dmem.ram[42]\[19]
Nets remaining: 17042
Finished routing net \u_core.u_dmem.ram[47]\[19]
Nets remaining: 17041
Finished routing net \u_core.u_dmem.ram[40]\[19]
Nets remaining: 17040
Finished routing net \u_core.u_dmem.ram[46]\[19]
Nets remaining: 17039
Finished routing net \u_core.u_dmem.ram[45]\[19]
Nets remaining: 17038
Finished routing net \u_core.u_dmem.ram[43]\[19]
Nets remaining: 17037
Finished routing net \u_core.u_dmem.ram[44]\[19]
Nets remaining: 17036
Finished routing net \u_core.u_dmem.ram[49]\[19]
Nets remaining: 17035
Finished routing net \u_core.u_dmem.ram[50]\[19]
Nets remaining: 17034
Finished routing net \u_core.u_dmem.ram[48]\[19]
Nets remaining: 17033
Finished routing net \u_core.u_dmem.ram[55]\[19]
Nets remaining: 17032
Finished routing net \u_core.u_dmem.ram[54]\[19]
Nets remaining: 17031
Finished routing net \u_core.u_dmem.ram[53]\[19]
Nets remaining: 17030
Finished routing net \u_core.u_dmem.ram[51]\[19]
Nets remaining: 17029
Finished routing net \u_core.u_dmem.ram[52]\[19]
Nets remaining: 17028
Finished routing net \u_core.u_dmem.ram[57]\[19]
Nets remaining: 17027
Finished routing net \u_core.u_dmem.ram[58]\[19]
Nets remaining: 17026
Finished routing net \u_core.u_dmem.ram[56]\[19]
Nets remaining: 17025
Finished routing net \u_core.u_dmem.ram[63]\[19]
Nets remaining: 17024
Finished routing net \u_core.u_dmem.ram[62]\[19]
Nets remaining: 17023
Finished routing net \u_core.u_dmem.ram[61]\[19]
Nets remaining: 17022
Finished routing net \u_core.u_dmem.ram[59]\[19]
Nets remaining: 17021
Finished routing net \u_core.u_dmem.ram[60]\[19]
Nets remaining: 17020
Failed to route net _5545_
Finished routing net \u_core.u_dmem.ram[2]\[27]
Nets remaining: 17019
Finished routing net \u_core.u_dmem.ram[1]\[27]
Nets remaining: 17018
Finished routing net \u_core.u_dmem.ram[7]\[27]
Nets remaining: 17017
Finished routing net \u_core.u_dmem.ram[0]\[27]
Nets remaining: 17016
Failed to route net \u_core.u_dmem.ram[6]\[27]
Finished routing net \u_core.u_dmem.ram[5]\[27]
Nets remaining: 17015
Finished routing net \u_core.u_dmem.ram[3]\[27]
Nets remaining: 17014
Finished routing net \u_core.u_dmem.ram[4]\[27]
Nets remaining: 17013
Finished routing net _5551_
Nets remaining: 17012
Finished routing net _5552_
Nets remaining: 17011
Finished routing net \u_core.u_dmem.ram[10]\[27]
Nets remaining: 17010
Finished routing net \u_core.u_dmem.ram[11]\[27]
Nets remaining: 17009
Finished routing net \u_core.u_dmem.ram[13]\[27]
Nets remaining: 17008
Failed to route net \u_core.u_dmem.ram[12]\[27]
Finished routing net \u_core.u_dmem.ram[14]\[27]
Nets remaining: 17007
Finished routing net \u_core.u_dmem.ram[15]\[27]
Nets remaining: 17006
Finished routing net \u_core.u_dmem.ram[17]\[27]
Nets remaining: 17005
Finished routing net \u_core.u_dmem.ram[18]\[27]
Nets remaining: 17004
Finished routing net \u_core.u_dmem.ram[23]\[27]
Nets remaining: 17003
Finished routing net \u_core.u_dmem.ram[16]\[27]
Nets remaining: 17002
Finished routing net \u_core.u_dmem.ram[22]\[27]
Nets remaining: 17001
Finished routing net \u_core.u_dmem.ram[21]\[27]
Nets remaining: 17000
Finished routing net \u_core.u_dmem.ram[19]\[27]
Nets remaining: 16999
Finished routing net \u_core.u_dmem.ram[20]\[27]
Nets remaining: 16998
Finished routing net \u_core.u_dmem.ram[26]\[27]
Nets remaining: 16997
Finished routing net \u_core.u_dmem.ram[25]\[27]
Nets remaining: 16996
Finished routing net \u_core.u_dmem.ram[31]\[27]
Nets remaining: 16995
Finished routing net \u_core.u_dmem.ram[24]\[27]
Nets remaining: 16994
Finished routing net \u_core.u_dmem.ram[30]\[27]
Nets remaining: 16993
Finished routing net \u_core.u_dmem.ram[29]\[27]
Nets remaining: 16992
Finished routing net \u_core.u_dmem.ram[27]\[27]
Nets remaining: 16991
Finished routing net \u_core.u_dmem.ram[28]\[27]
Nets remaining: 16990
Finished routing net \u_core.u_dmem.ram[33]\[27]
Nets remaining: 16989
Finished routing net \u_core.u_dmem.ram[34]\[27]
Nets remaining: 16988
Finished routing net \u_core.u_dmem.ram[39]\[27]
Nets remaining: 16987
Finished routing net \u_core.u_dmem.ram[32]\[27]
Nets remaining: 16986
Finished routing net \u_core.u_dmem.ram[38]\[27]
Nets remaining: 16985
Finished routing net \u_core.u_dmem.ram[37]\[27]
Nets remaining: 16984
Finished routing net \u_core.u_dmem.ram[35]\[27]
Nets remaining: 16983
Finished routing net \u_core.u_dmem.ram[36]\[27]
Nets remaining: 16982
Finished routing net \u_core.u_dmem.ram[42]\[27]
Nets remaining: 16981
Finished routing net \u_core.u_dmem.ram[41]\[27]
Nets remaining: 16980
Finished routing net \u_core.u_dmem.ram[47]\[27]
Nets remaining: 16979
Finished routing net \u_core.u_dmem.ram[40]\[27]
Nets remaining: 16978
Finished routing net \u_core.u_dmem.ram[46]\[27]
Nets remaining: 16977
Finished routing net \u_core.u_dmem.ram[45]\[27]
Nets remaining: 16976
Finished routing net \u_core.u_dmem.ram[43]\[27]
Nets remaining: 16975
Finished routing net \u_core.u_dmem.ram[44]\[27]
Nets remaining: 16974
Finished routing net \u_core.u_dmem.ram[49]\[27]
Nets remaining: 16973
Finished routing net \u_core.u_dmem.ram[50]\[27]
Nets remaining: 16972
Finished routing net \u_core.u_dmem.ram[48]\[27]
Nets remaining: 16971
Finished routing net \u_core.u_dmem.ram[55]\[27]
Nets remaining: 16970
Finished routing net \u_core.u_dmem.ram[54]\[27]
Nets remaining: 16969
Finished routing net \u_core.u_dmem.ram[53]\[27]
Nets remaining: 16968
Finished routing net \u_core.u_dmem.ram[51]\[27]
Nets remaining: 16967
Finished routing net \u_core.u_dmem.ram[52]\[27]
Nets remaining: 16966
Finished routing net \u_core.u_dmem.ram[58]\[27]
Nets remaining: 16965
Finished routing net \u_core.u_dmem.ram[57]\[27]
Nets remaining: 16964
Finished routing net \u_core.u_dmem.ram[63]\[27]
Nets remaining: 16963
Finished routing net \u_core.u_dmem.ram[56]\[27]
Nets remaining: 16962
Failed to route net \u_core.u_dmem.ram[62]\[27]
Finished routing net \u_core.u_dmem.ram[61]\[27]
Nets remaining: 16961
Finished routing net \u_core.u_dmem.ram[59]\[27]
Nets remaining: 16960
Finished routing net \u_core.u_dmem.ram[60]\[27]
Nets remaining: 16959
Finished routing net _5594_
Nets remaining: 16958
Finished routing net _5595_
Nets remaining: 16957
Finished routing net \u_core.u_dmem.ram[2]\[3]
Nets remaining: 16956
Finished routing net \u_core.u_dmem.ram[3]\[3]
Nets remaining: 16955
Finished routing net \u_core.u_dmem.ram[5]\[3]
Nets remaining: 16954
Finished routing net \u_core.u_dmem.ram[4]\[3]
Nets remaining: 16953
Finished routing net \u_core.u_dmem.ram[6]\[3]
Nets remaining: 16952
Finished routing net \u_core.u_dmem.ram[7]\[3]
Nets remaining: 16951
Finished routing net _5601_
Nets remaining: 16950
Finished routing net _5602_
Nets remaining: 16949
Finished routing net \u_core.u_dmem.ram[10]\[3]
Nets remaining: 16948
Finished routing net \u_core.u_dmem.ram[11]\[3]
Nets remaining: 16947
Finished routing net _5605_
Nets remaining: 16946
Finished routing net _5606_
Nets remaining: 16945
Finished routing net \u_core.u_dmem.ram[12]\[3]
Nets remaining: 16944
Finished routing net \u_core.u_dmem.ram[13]\[3]
Nets remaining: 16943
Finished routing net _5611_
Nets remaining: 16942
Finished routing net _5612_
Nets remaining: 16941
Finished routing net \u_core.u_dmem.ram[18]\[3]
Nets remaining: 16940
Finished routing net \u_core.u_dmem.ram[19]\[3]
Nets remaining: 16939
Finished routing net \u_core.u_dmem.ram[21]\[3]
Nets remaining: 16938
Failed to route net \u_core.u_dmem.ram[20]\[3]
Finished routing net \u_core.u_dmem.ram[22]\[3]
Nets remaining: 16937
Finished routing net \u_core.u_dmem.ram[23]\[3]
Nets remaining: 16936
Finished routing net _5618_
Nets remaining: 16935
Finished routing net _5619_
Nets remaining: 16934
Finished routing net \u_core.u_dmem.ram[26]\[3]
Nets remaining: 16933
Finished routing net \u_core.u_dmem.ram[27]\[3]
Nets remaining: 16932
Finished routing net _5622_
Nets remaining: 16931
Finished routing net _5623_
Nets remaining: 16930
Finished routing net \u_core.u_dmem.ram[28]\[3]
Nets remaining: 16929
Finished routing net \u_core.u_dmem.ram[29]\[3]
Nets remaining: 16928
Finished routing net \u_core.u_dmem.ram[34]\[3]
Nets remaining: 16927
Finished routing net \u_core.u_dmem.ram[33]\[3]
Nets remaining: 16926
Finished routing net \u_core.u_dmem.ram[39]\[3]
Nets remaining: 16925
Finished routing net \u_core.u_dmem.ram[32]\[3]
Nets remaining: 16924
Finished routing net \u_core.u_dmem.ram[38]\[3]
Nets remaining: 16923
Finished routing net \u_core.u_dmem.ram[37]\[3]
Nets remaining: 16922
Finished routing net \u_core.u_dmem.ram[35]\[3]
Nets remaining: 16921
Finished routing net \u_core.u_dmem.ram[36]\[3]
Nets remaining: 16920
Finished routing net _5633_
Nets remaining: 16919
Finished routing net _5634_
Nets remaining: 16918
Finished routing net \u_core.u_dmem.ram[42]\[3]
Nets remaining: 16917
Finished routing net \u_core.u_dmem.ram[43]\[3]
Nets remaining: 16916
Finished routing net \u_core.u_dmem.ram[45]\[3]
Nets remaining: 16915
Finished routing net \u_core.u_dmem.ram[44]\[3]
Nets remaining: 16914
Failed to route net \u_core.u_dmem.ram[46]\[3]
Finished routing net \u_core.u_dmem.ram[47]\[3]
Nets remaining: 16913
Finished routing net \u_core.u_dmem.ram[50]\[3]
Nets remaining: 16912
Failed to route net \u_core.u_dmem.ram[49]\[3]
Finished routing net \u_core.u_dmem.ram[55]\[3]
Nets remaining: 16911
Finished routing net \u_core.u_dmem.ram[48]\[3]
Nets remaining: 16910
Finished routing net \u_core.u_dmem.ram[54]\[3]
Nets remaining: 16909
Finished routing net \u_core.u_dmem.ram[53]\[3]
Nets remaining: 16908
Failed to route net \u_core.u_dmem.ram[51]\[3]
Failed to route net \u_core.u_dmem.ram[52]\[3]
Finished routing net _5646_
Nets remaining: 16907
Finished routing net _5647_
Nets remaining: 16906
Finished routing net \u_core.u_dmem.ram[58]\[3]
Nets remaining: 16905
Failed to route net \u_core.u_dmem.ram[59]\[3]
Finished routing net \u_core.u_dmem.ram[61]\[3]
Nets remaining: 16904
Failed to route net \u_core.u_dmem.ram[60]\[3]
Failed to route net \u_core.u_dmem.ram[62]\[3]
Failed to route net \u_core.u_dmem.ram[63]\[3]
Finished routing net _5655_
Nets remaining: 16903
Finished routing net _5656_
Nets remaining: 16902
Finished routing net \u_core.u_dmem.ram[2]\[11]
Nets remaining: 16901
Finished routing net \u_core.u_dmem.ram[3]\[11]
Nets remaining: 16900
Finished routing net _5659_
Nets remaining: 16899
Finished routing net _5660_
Nets remaining: 16898
Finished routing net \u_core.u_dmem.ram[4]\[11]
Nets remaining: 16897
Finished routing net \u_core.u_dmem.ram[5]\[11]
Nets remaining: 16896
Finished routing net _5664_
Nets remaining: 16895
Finished routing net _5665_
Nets remaining: 16894
Finished routing net \u_core.u_dmem.ram[10]\[11]
Nets remaining: 16893
Finished routing net \u_core.u_dmem.ram[11]\[11]
Nets remaining: 16892
Finished routing net _5668_
Nets remaining: 16891
Finished routing net _5669_
Nets remaining: 16890
Finished routing net \u_core.u_dmem.ram[12]\[11]
Nets remaining: 16889
Finished routing net \u_core.u_dmem.ram[13]\[11]
Nets remaining: 16888
Finished routing net _5674_
Nets remaining: 16887
Finished routing net _5675_
Nets remaining: 16886
Finished routing net \u_core.u_dmem.ram[18]\[11]
Nets remaining: 16885
Finished routing net \u_core.u_dmem.ram[19]\[11]
Nets remaining: 16884
Finished routing net \u_core.u_dmem.ram[21]\[11]
Nets remaining: 16883
Finished routing net \u_core.u_dmem.ram[20]\[11]
Nets remaining: 16882
Finished routing net \u_core.u_dmem.ram[22]\[11]
Nets remaining: 16881
Failed to route net \u_core.u_dmem.ram[23]\[11]
Finished routing net _5681_
Nets remaining: 16880
Finished routing net _5682_
Nets remaining: 16879
Finished routing net \u_core.u_dmem.ram[26]\[11]
Nets remaining: 16878
Finished routing net \u_core.u_dmem.ram[27]\[11]
Nets remaining: 16877
Finished routing net _5685_
Nets remaining: 16876
Finished routing net _5686_
Nets remaining: 16875
Finished routing net \u_core.u_dmem.ram[28]\[11]
Nets remaining: 16874
Finished routing net \u_core.u_dmem.ram[29]\[11]
Nets remaining: 16873
Finished routing net _5691_
Nets remaining: 16872
Finished routing net _5692_
Nets remaining: 16871
Finished routing net \u_core.u_dmem.ram[34]\[11]
Nets remaining: 16870
Finished routing net \u_core.u_dmem.ram[35]\[11]
Nets remaining: 16869
Finished routing net \u_core.u_dmem.ram[37]\[11]
Nets remaining: 16868
Finished routing net \u_core.u_dmem.ram[36]\[11]
Nets remaining: 16867
Finished routing net \u_core.u_dmem.ram[38]\[11]
Nets remaining: 16866
Finished routing net \u_core.u_dmem.ram[39]\[11]
Nets remaining: 16865
Finished routing net _5698_
Nets remaining: 16864
Finished routing net _5699_
Nets remaining: 16863
Finished routing net \u_core.u_dmem.ram[42]\[11]
Nets remaining: 16862
Finished routing net \u_core.u_dmem.ram[43]\[11]
Nets remaining: 16861
Finished routing net _5702_
Nets remaining: 16860
Finished routing net _5703_
Nets remaining: 16859
Finished routing net \u_core.u_dmem.ram[44]\[11]
Nets remaining: 16858
Failed to route net \u_core.u_dmem.ram[45]\[11]
Finished routing net _5708_
Nets remaining: 16857
Finished routing net _5709_
Nets remaining: 16856
Finished routing net \u_core.u_dmem.ram[50]\[11]
Nets remaining: 16855
Finished routing net \u_core.u_dmem.ram[51]\[11]
Nets remaining: 16854
Finished routing net \u_core.u_dmem.ram[53]\[11]
Nets remaining: 16853
Finished routing net \u_core.u_dmem.ram[52]\[11]
Nets remaining: 16852
Finished routing net \u_core.u_dmem.ram[54]\[11]
Nets remaining: 16851
Finished routing net \u_core.u_dmem.ram[55]\[11]
Nets remaining: 16850
Finished routing net _5715_
Nets remaining: 16849
Finished routing net _5716_
Nets remaining: 16848
Finished routing net \u_core.u_dmem.ram[58]\[11]
Nets remaining: 16847
Finished routing net \u_core.u_dmem.ram[59]\[11]
Nets remaining: 16846
Finished routing net \u_core.u_dmem.ram[61]\[11]
Nets remaining: 16845
Finished routing net \u_core.u_dmem.ram[60]\[11]
Nets remaining: 16844
Finished routing net \u_core.u_dmem.ram[62]\[11]
Nets remaining: 16843
Finished routing net \u_core.u_dmem.ram[63]\[11]
Nets remaining: 16842
Finished routing net _5723_
Nets remaining: 16841
Finished routing net \u_core.u_dmem.ram[1]\[20]
Nets remaining: 16840
Finished routing net \u_core.u_dmem.ram[2]\[20]
Nets remaining: 16839
Finished routing net \u_core.u_dmem.ram[7]\[20]
Nets remaining: 16838
Finished routing net \u_core.u_dmem.ram[0]\[20]
Nets remaining: 16837
Finished routing net \u_core.u_dmem.ram[6]\[20]
Nets remaining: 16836
Finished routing net \u_core.u_dmem.ram[5]\[20]
Nets remaining: 16835
Finished routing net \u_core.u_dmem.ram[3]\[20]
Nets remaining: 16834
Finished routing net \u_core.u_dmem.ram[4]\[20]
Nets remaining: 16833
Finished routing net \u_core.u_dmem.ram[10]\[20]
Nets remaining: 16832
Finished routing net \u_core.u_dmem.ram[9]\[20]
Nets remaining: 16831
Finished routing net \u_core.u_dmem.ram[15]\[20]
Nets remaining: 16830
Finished routing net \u_core.u_dmem.ram[8]\[20]
Nets remaining: 16829
Finished routing net \u_core.u_dmem.ram[14]\[20]
Nets remaining: 16828
Finished routing net \u_core.u_dmem.ram[13]\[20]
Nets remaining: 16827
Finished routing net \u_core.u_dmem.ram[11]\[20]
Nets remaining: 16826
Finished routing net \u_core.u_dmem.ram[12]\[20]
Nets remaining: 16825
Finished routing net \u_core.u_dmem.ram[17]\[20]
Nets remaining: 16824
Finished routing net \u_core.u_dmem.ram[18]\[20]
Nets remaining: 16823
Finished routing net \u_core.u_dmem.ram[16]\[20]
Nets remaining: 16822
Finished routing net \u_core.u_dmem.ram[23]\[20]
Nets remaining: 16821
Finished routing net \u_core.u_dmem.ram[22]\[20]
Nets remaining: 16820
Finished routing net \u_core.u_dmem.ram[21]\[20]
Nets remaining: 16819
Finished routing net \u_core.u_dmem.ram[19]\[20]
Nets remaining: 16818
Finished routing net \u_core.u_dmem.ram[20]\[20]
Nets remaining: 16817
Finished routing net \u_core.u_dmem.ram[26]\[20]
Nets remaining: 16816
Finished routing net \u_core.u_dmem.ram[25]\[20]
Nets remaining: 16815
Finished routing net \u_core.u_dmem.ram[31]\[20]
Nets remaining: 16814
Finished routing net \u_core.u_dmem.ram[24]\[20]
Nets remaining: 16813
Finished routing net \u_core.u_dmem.ram[30]\[20]
Nets remaining: 16812
Finished routing net \u_core.u_dmem.ram[29]\[20]
Nets remaining: 16811
Finished routing net \u_core.u_dmem.ram[27]\[20]
Nets remaining: 16810
Finished routing net \u_core.u_dmem.ram[28]\[20]
Nets remaining: 16809
Finished routing net \u_core.u_dmem.ram[33]\[20]
Nets remaining: 16808
Failed to route net \u_core.u_dmem.ram[34]\[20]
Finished routing net \u_core.u_dmem.ram[32]\[20]
Nets remaining: 16807
Finished routing net \u_core.u_dmem.ram[39]\[20]
Nets remaining: 16806
Finished routing net \u_core.u_dmem.ram[38]\[20]
Nets remaining: 16805
Finished routing net \u_core.u_dmem.ram[37]\[20]
Nets remaining: 16804
Finished routing net \u_core.u_dmem.ram[35]\[20]
Nets remaining: 16803
Finished routing net \u_core.u_dmem.ram[36]\[20]
Nets remaining: 16802
Finished routing net \u_core.u_dmem.ram[41]\[20]
Nets remaining: 16801
Finished routing net \u_core.u_dmem.ram[42]\[20]
Nets remaining: 16800
Finished routing net \u_core.u_dmem.ram[47]\[20]
Nets remaining: 16799
Finished routing net \u_core.u_dmem.ram[40]\[20]
Nets remaining: 16798
Finished routing net \u_core.u_dmem.ram[46]\[20]
Nets remaining: 16797
Finished routing net \u_core.u_dmem.ram[45]\[20]
Nets remaining: 16796
Finished routing net \u_core.u_dmem.ram[43]\[20]
Nets remaining: 16795
Finished routing net \u_core.u_dmem.ram[44]\[20]
Nets remaining: 16794
Finished routing net \u_core.u_dmem.ram[49]\[20]
Nets remaining: 16793
Finished routing net \u_core.u_dmem.ram[50]\[20]
Nets remaining: 16792
Finished routing net \u_core.u_dmem.ram[48]\[20]
Nets remaining: 16791
Finished routing net \u_core.u_dmem.ram[55]\[20]
Nets remaining: 16790
Finished routing net \u_core.u_dmem.ram[54]\[20]
Nets remaining: 16789
Finished routing net \u_core.u_dmem.ram[53]\[20]
Nets remaining: 16788
Finished routing net \u_core.u_dmem.ram[51]\[20]
Nets remaining: 16787
Finished routing net \u_core.u_dmem.ram[52]\[20]
Nets remaining: 16786
Finished routing net \u_core.u_dmem.ram[57]\[20]
Nets remaining: 16785
Finished routing net \u_core.u_dmem.ram[58]\[20]
Nets remaining: 16784
Finished routing net \u_core.u_dmem.ram[56]\[20]
Nets remaining: 16783
Finished routing net \u_core.u_dmem.ram[63]\[20]
Nets remaining: 16782
Finished routing net \u_core.u_dmem.ram[62]\[20]
Nets remaining: 16781
Finished routing net \u_core.u_dmem.ram[61]\[20]
Nets remaining: 16780
Finished routing net \u_core.u_dmem.ram[59]\[20]
Nets remaining: 16779
Finished routing net \u_core.u_dmem.ram[60]\[20]
Nets remaining: 16778
Failed to route net _5769_
Finished routing net \u_core.u_dmem.ram[2]\[28]
Nets remaining: 16777
Finished routing net \u_core.u_dmem.ram[1]\[28]
Nets remaining: 16776
Finished routing net \u_core.u_dmem.ram[7]\[28]
Nets remaining: 16775
Finished routing net \u_core.u_dmem.ram[0]\[28]
Nets remaining: 16774
Failed to route net \u_core.u_dmem.ram[6]\[28]
Finished routing net \u_core.u_dmem.ram[5]\[28]
Nets remaining: 16773
Finished routing net \u_core.u_dmem.ram[3]\[28]
Nets remaining: 16772
Finished routing net \u_core.u_dmem.ram[4]\[28]
Nets remaining: 16771
Finished routing net _5775_
Nets remaining: 16770
Finished routing net _5776_
Nets remaining: 16769
Finished routing net \u_core.u_dmem.ram[10]\[28]
Nets remaining: 16768
Finished routing net \u_core.u_dmem.ram[11]\[28]
Nets remaining: 16767
Finished routing net \u_core.u_dmem.ram[13]\[28]
Nets remaining: 16766
Finished routing net \u_core.u_dmem.ram[12]\[28]
Nets remaining: 16765
Finished routing net \u_core.u_dmem.ram[14]\[28]
Nets remaining: 16764
Finished routing net \u_core.u_dmem.ram[15]\[28]
Nets remaining: 16763
Finished routing net \u_core.u_dmem.ram[17]\[28]
Nets remaining: 16762
Finished routing net \u_core.u_dmem.ram[18]\[28]
Nets remaining: 16761
Finished routing net \u_core.u_dmem.ram[23]\[28]
Nets remaining: 16760
Finished routing net \u_core.u_dmem.ram[16]\[28]
Nets remaining: 16759
Finished routing net \u_core.u_dmem.ram[22]\[28]
Nets remaining: 16758
Finished routing net \u_core.u_dmem.ram[21]\[28]
Nets remaining: 16757
Finished routing net \u_core.u_dmem.ram[19]\[28]
Nets remaining: 16756
Finished routing net \u_core.u_dmem.ram[20]\[28]
Nets remaining: 16755
Finished routing net \u_core.u_dmem.ram[26]\[28]
Nets remaining: 16754
Finished routing net \u_core.u_dmem.ram[25]\[28]
Nets remaining: 16753
Finished routing net \u_core.u_dmem.ram[31]\[28]
Nets remaining: 16752
Finished routing net \u_core.u_dmem.ram[24]\[28]
Nets remaining: 16751
Finished routing net \u_core.u_dmem.ram[30]\[28]
Nets remaining: 16750
Finished routing net \u_core.u_dmem.ram[29]\[28]
Nets remaining: 16749
Finished routing net \u_core.u_dmem.ram[27]\[28]
Nets remaining: 16748
Finished routing net \u_core.u_dmem.ram[28]\[28]
Nets remaining: 16747
Finished routing net \u_core.u_dmem.ram[33]\[28]
Nets remaining: 16746
Finished routing net \u_core.u_dmem.ram[34]\[28]
Nets remaining: 16745
Finished routing net \u_core.u_dmem.ram[39]\[28]
Nets remaining: 16744
Finished routing net \u_core.u_dmem.ram[32]\[28]
Nets remaining: 16743
Finished routing net \u_core.u_dmem.ram[38]\[28]
Nets remaining: 16742
Finished routing net \u_core.u_dmem.ram[37]\[28]
Nets remaining: 16741
Finished routing net \u_core.u_dmem.ram[35]\[28]
Nets remaining: 16740
Finished routing net \u_core.u_dmem.ram[36]\[28]
Nets remaining: 16739
Finished routing net \u_core.u_dmem.ram[42]\[28]
Nets remaining: 16738
Finished routing net \u_core.u_dmem.ram[41]\[28]
Nets remaining: 16737
Failed to route net \u_core.u_dmem.ram[47]\[28]
Failed to route net \u_core.u_dmem.ram[40]\[28]
Finished routing net \u_core.u_dmem.ram[46]\[28]
Nets remaining: 16736
Finished routing net \u_core.u_dmem.ram[45]\[28]
Nets remaining: 16735
Finished routing net \u_core.u_dmem.ram[43]\[28]
Nets remaining: 16734
Finished routing net \u_core.u_dmem.ram[44]\[28]
Nets remaining: 16733
Finished routing net \u_core.u_dmem.ram[49]\[28]
Nets remaining: 16732
Finished routing net \u_core.u_dmem.ram[50]\[28]
Nets remaining: 16731
Finished routing net \u_core.u_dmem.ram[48]\[28]
Nets remaining: 16730
Finished routing net \u_core.u_dmem.ram[55]\[28]
Nets remaining: 16729
Finished routing net \u_core.u_dmem.ram[54]\[28]
Nets remaining: 16728
Finished routing net \u_core.u_dmem.ram[53]\[28]
Nets remaining: 16727
Failed to route net \u_core.u_dmem.ram[51]\[28]
Finished routing net \u_core.u_dmem.ram[52]\[28]
Nets remaining: 16726
Finished routing net \u_core.u_dmem.ram[58]\[28]
Nets remaining: 16725
Finished routing net \u_core.u_dmem.ram[57]\[28]
Nets remaining: 16724
Finished routing net \u_core.u_dmem.ram[63]\[28]
Nets remaining: 16723
Finished routing net \u_core.u_dmem.ram[56]\[28]
Nets remaining: 16722
Failed to route net \u_core.u_dmem.ram[62]\[28]
Finished routing net \u_core.u_dmem.ram[61]\[28]
Nets remaining: 16721
Finished routing net \u_core.u_dmem.ram[59]\[28]
Nets remaining: 16720
Finished routing net \u_core.u_dmem.ram[60]\[28]
Nets remaining: 16719
Finished routing net _5818_
Nets remaining: 16718
Finished routing net _5819_
Nets remaining: 16717
Finished routing net \u_core.u_dmem.ram[2]\[4]
Nets remaining: 16716
Finished routing net \u_core.u_dmem.ram[3]\[4]
Nets remaining: 16715
Finished routing net \u_core.u_dmem.ram[5]\[4]
Nets remaining: 16714
Finished routing net \u_core.u_dmem.ram[4]\[4]
Nets remaining: 16713
Failed to route net \u_core.u_dmem.ram[6]\[4]
Finished routing net \u_core.u_dmem.ram[7]\[4]
Nets remaining: 16712
Finished routing net _5825_
Nets remaining: 16711
Finished routing net _5826_
Nets remaining: 16710
Finished routing net \u_core.u_dmem.ram[10]\[4]
Nets remaining: 16709
Finished routing net \u_core.u_dmem.ram[11]\[4]
Nets remaining: 16708
Finished routing net _5829_
Nets remaining: 16707
Finished routing net _5830_
Nets remaining: 16706
Finished routing net \u_core.u_dmem.ram[12]\[4]
Nets remaining: 16705
Finished routing net \u_core.u_dmem.ram[13]\[4]
Nets remaining: 16704
Finished routing net _5835_
Nets remaining: 16703
Finished routing net _5836_
Nets remaining: 16702
Finished routing net \u_core.u_dmem.ram[18]\[4]
Nets remaining: 16701
Failed to route net \u_core.u_dmem.ram[19]\[4]
Failed to route net \u_core.u_dmem.ram[21]\[4]
Failed to route net \u_core.u_dmem.ram[20]\[4]
Finished routing net \u_core.u_dmem.ram[22]\[4]
Nets remaining: 16700
Finished routing net \u_core.u_dmem.ram[23]\[4]
Nets remaining: 16699
Finished routing net _5842_
Nets remaining: 16698
Finished routing net _5843_
Nets remaining: 16697
Finished routing net \u_core.u_dmem.ram[26]\[4]
Nets remaining: 16696
Finished routing net \u_core.u_dmem.ram[27]\[4]
Nets remaining: 16695
Finished routing net _5846_
Nets remaining: 16694
Finished routing net _5847_
Nets remaining: 16693
Finished routing net \u_core.u_dmem.ram[28]\[4]
Nets remaining: 16692
Finished routing net \u_core.u_dmem.ram[29]\[4]
Nets remaining: 16691
Finished routing net \u_core.u_dmem.ram[34]\[4]
Nets remaining: 16690
Finished routing net \u_core.u_dmem.ram[33]\[4]
Nets remaining: 16689
Failed to route net \u_core.u_dmem.ram[39]\[4]
Finished routing net \u_core.u_dmem.ram[32]\[4]
Nets remaining: 16688
Finished routing net \u_core.u_dmem.ram[38]\[4]
Nets remaining: 16687
Finished routing net \u_core.u_dmem.ram[37]\[4]
Nets remaining: 16686
Finished routing net \u_core.u_dmem.ram[35]\[4]
Nets remaining: 16685
Finished routing net \u_core.u_dmem.ram[36]\[4]
Nets remaining: 16684
Finished routing net _5857_
Nets remaining: 16683
Finished routing net _5858_
Nets remaining: 16682
Finished routing net \u_core.u_dmem.ram[42]\[4]
Nets remaining: 16681
Failed to route net \u_core.u_dmem.ram[43]\[4]
Finished routing net \u_core.u_dmem.ram[45]\[4]
Nets remaining: 16680
Finished routing net \u_core.u_dmem.ram[44]\[4]
Nets remaining: 16679
Failed to route net \u_core.u_dmem.ram[46]\[4]
Finished routing net \u_core.u_dmem.ram[47]\[4]
Nets remaining: 16678
Finished routing net \u_core.u_dmem.ram[50]\[4]
Nets remaining: 16677
Finished routing net \u_core.u_dmem.ram[49]\[4]
Nets remaining: 16676
Finished routing net \u_core.u_dmem.ram[55]\[4]
Nets remaining: 16675
Failed to route net \u_core.u_dmem.ram[48]\[4]
Finished routing net \u_core.u_dmem.ram[54]\[4]
Nets remaining: 16674
Failed to route net \u_core.u_dmem.ram[53]\[4]
Finished routing net \u_core.u_dmem.ram[51]\[4]
Nets remaining: 16673
Finished routing net \u_core.u_dmem.ram[52]\[4]
Nets remaining: 16672
Finished routing net _5870_
Nets remaining: 16671
Finished routing net _5871_
Nets remaining: 16670
Finished routing net \u_core.u_dmem.ram[58]\[4]
Nets remaining: 16669
Finished routing net \u_core.u_dmem.ram[59]\[4]
Nets remaining: 16668
Failed to route net \u_core.u_dmem.ram[61]\[4]
Finished routing net \u_core.u_dmem.ram[60]\[4]
Nets remaining: 16667
Finished routing net \u_core.u_dmem.ram[62]\[4]
Nets remaining: 16666
Finished routing net \u_core.u_dmem.ram[63]\[4]
Nets remaining: 16665
Finished routing net _5879_
Nets remaining: 16664
Finished routing net _5880_
Nets remaining: 16663
Finished routing net \u_core.u_dmem.ram[2]\[12]
Nets remaining: 16662
Failed to route net \u_core.u_dmem.ram[3]\[12]
Finished routing net _5883_
Nets remaining: 16661
Finished routing net _5884_
Nets remaining: 16660
Finished routing net \u_core.u_dmem.ram[4]\[12]
Nets remaining: 16659
Finished routing net \u_core.u_dmem.ram[5]\[12]
Nets remaining: 16658
Finished routing net _5888_
Nets remaining: 16657
Finished routing net _5889_
Nets remaining: 16656
Finished routing net \u_core.u_dmem.ram[10]\[12]
Nets remaining: 16655
Finished routing net \u_core.u_dmem.ram[11]\[12]
Nets remaining: 16654
Finished routing net _5892_
Nets remaining: 16653
Finished routing net _5893_
Nets remaining: 16652
Finished routing net \u_core.u_dmem.ram[12]\[12]
Nets remaining: 16651
Finished routing net \u_core.u_dmem.ram[13]\[12]
Nets remaining: 16650
Finished routing net _5898_
Nets remaining: 16649
Finished routing net _5899_
Nets remaining: 16648
Finished routing net \u_core.u_dmem.ram[18]\[12]
Nets remaining: 16647
Finished routing net \u_core.u_dmem.ram[19]\[12]
Nets remaining: 16646
Finished routing net \u_core.u_dmem.ram[21]\[12]
Nets remaining: 16645
Finished routing net \u_core.u_dmem.ram[20]\[12]
Nets remaining: 16644
Finished routing net \u_core.u_dmem.ram[22]\[12]
Nets remaining: 16643
Finished routing net \u_core.u_dmem.ram[23]\[12]
Nets remaining: 16642
Finished routing net _5905_
Nets remaining: 16641
Finished routing net _5906_
Nets remaining: 16640
Finished routing net \u_core.u_dmem.ram[26]\[12]
Nets remaining: 16639
Finished routing net \u_core.u_dmem.ram[27]\[12]
Nets remaining: 16638
Finished routing net _5909_
Nets remaining: 16637
Finished routing net _5910_
Nets remaining: 16636
Finished routing net \u_core.u_dmem.ram[28]\[12]
Nets remaining: 16635
Finished routing net \u_core.u_dmem.ram[29]\[12]
Nets remaining: 16634
Finished routing net _5915_
Nets remaining: 16633
Finished routing net _5916_
Nets remaining: 16632
Finished routing net \u_core.u_dmem.ram[34]\[12]
Nets remaining: 16631
Finished routing net \u_core.u_dmem.ram[35]\[12]
Nets remaining: 16630
Finished routing net \u_core.u_dmem.ram[37]\[12]
Nets remaining: 16629
Finished routing net \u_core.u_dmem.ram[36]\[12]
Nets remaining: 16628
Finished routing net \u_core.u_dmem.ram[38]\[12]
Nets remaining: 16627
Finished routing net \u_core.u_dmem.ram[39]\[12]
Nets remaining: 16626
Finished routing net _5922_
Nets remaining: 16625
Finished routing net _5923_
Nets remaining: 16624
Finished routing net \u_core.u_dmem.ram[42]\[12]
Nets remaining: 16623
Finished routing net \u_core.u_dmem.ram[43]\[12]
Nets remaining: 16622
Finished routing net _5926_
Nets remaining: 16621
Finished routing net _5927_
Nets remaining: 16620
Finished routing net \u_core.u_dmem.ram[44]\[12]
Nets remaining: 16619
Finished routing net \u_core.u_dmem.ram[45]\[12]
Nets remaining: 16618
Finished routing net _5932_
Nets remaining: 16617
Finished routing net _5933_
Nets remaining: 16616
Finished routing net \u_core.u_dmem.ram[50]\[12]
Nets remaining: 16615
Finished routing net \u_core.u_dmem.ram[51]\[12]
Nets remaining: 16614
Finished routing net \u_core.u_dmem.ram[53]\[12]
Nets remaining: 16613
Finished routing net \u_core.u_dmem.ram[52]\[12]
Nets remaining: 16612
Finished routing net \u_core.u_dmem.ram[54]\[12]
Nets remaining: 16611
Finished routing net \u_core.u_dmem.ram[55]\[12]
Nets remaining: 16610
Finished routing net _5939_
Nets remaining: 16609
Finished routing net _5940_
Nets remaining: 16608
Finished routing net \u_core.u_dmem.ram[58]\[12]
Nets remaining: 16607
Finished routing net \u_core.u_dmem.ram[59]\[12]
Nets remaining: 16606
Finished routing net \u_core.u_dmem.ram[61]\[12]
Nets remaining: 16605
Finished routing net \u_core.u_dmem.ram[60]\[12]
Nets remaining: 16604
Finished routing net \u_core.u_dmem.ram[62]\[12]
Nets remaining: 16603
Finished routing net \u_core.u_dmem.ram[63]\[12]
Nets remaining: 16602
Failed to route net _5947_
Finished routing net \u_core.u_dmem.ram[1]\[21]
Nets remaining: 16601
Finished routing net \u_core.u_dmem.ram[2]\[21]
Nets remaining: 16600
Finished routing net \u_core.u_dmem.ram[7]\[21]
Nets remaining: 16599
Finished routing net \u_core.u_dmem.ram[0]\[21]
Nets remaining: 16598
Finished routing net \u_core.u_dmem.ram[6]\[21]
Nets remaining: 16597
Finished routing net \u_core.u_dmem.ram[5]\[21]
Nets remaining: 16596
Finished routing net \u_core.u_dmem.ram[3]\[21]
Nets remaining: 16595
Finished routing net \u_core.u_dmem.ram[4]\[21]
Nets remaining: 16594
Finished routing net \u_core.u_dmem.ram[10]\[21]
Nets remaining: 16593
Failed to route net \u_core.u_dmem.ram[9]\[21]
Finished routing net \u_core.u_dmem.ram[15]\[21]
Nets remaining: 16592
Finished routing net \u_core.u_dmem.ram[8]\[21]
Nets remaining: 16591
Finished routing net \u_core.u_dmem.ram[14]\[21]
Nets remaining: 16590
Finished routing net \u_core.u_dmem.ram[13]\[21]
Nets remaining: 16589
Finished routing net \u_core.u_dmem.ram[11]\[21]
Nets remaining: 16588
Failed to route net \u_core.u_dmem.ram[12]\[21]
Finished routing net \u_core.u_dmem.ram[17]\[21]
Nets remaining: 16587
Finished routing net \u_core.u_dmem.ram[18]\[21]
Nets remaining: 16586
Finished routing net \u_core.u_dmem.ram[16]\[21]
Nets remaining: 16585
Finished routing net \u_core.u_dmem.ram[23]\[21]
Nets remaining: 16584
Finished routing net \u_core.u_dmem.ram[22]\[21]
Nets remaining: 16583
Finished routing net \u_core.u_dmem.ram[21]\[21]
Nets remaining: 16582
Finished routing net \u_core.u_dmem.ram[19]\[21]
Nets remaining: 16581
Finished routing net \u_core.u_dmem.ram[20]\[21]
Nets remaining: 16580
Finished routing net \u_core.u_dmem.ram[26]\[21]
Nets remaining: 16579
Finished routing net \u_core.u_dmem.ram[25]\[21]
Nets remaining: 16578
Finished routing net \u_core.u_dmem.ram[31]\[21]
Nets remaining: 16577
Finished routing net \u_core.u_dmem.ram[24]\[21]
Nets remaining: 16576
Finished routing net \u_core.u_dmem.ram[30]\[21]
Nets remaining: 16575
Finished routing net \u_core.u_dmem.ram[29]\[21]
Nets remaining: 16574
Finished routing net \u_core.u_dmem.ram[27]\[21]
Nets remaining: 16573
Finished routing net \u_core.u_dmem.ram[28]\[21]
Nets remaining: 16572
Finished routing net \u_core.u_dmem.ram[33]\[21]
Nets remaining: 16571
Finished routing net \u_core.u_dmem.ram[34]\[21]
Nets remaining: 16570
Finished routing net \u_core.u_dmem.ram[32]\[21]
Nets remaining: 16569
Finished routing net \u_core.u_dmem.ram[39]\[21]
Nets remaining: 16568
Finished routing net \u_core.u_dmem.ram[38]\[21]
Nets remaining: 16567
Finished routing net \u_core.u_dmem.ram[37]\[21]
Nets remaining: 16566
Finished routing net \u_core.u_dmem.ram[35]\[21]
Nets remaining: 16565
Finished routing net \u_core.u_dmem.ram[36]\[21]
Nets remaining: 16564
Finished routing net \u_core.u_dmem.ram[41]\[21]
Nets remaining: 16563
Finished routing net \u_core.u_dmem.ram[42]\[21]
Nets remaining: 16562
Finished routing net \u_core.u_dmem.ram[47]\[21]
Nets remaining: 16561
Finished routing net \u_core.u_dmem.ram[40]\[21]
Nets remaining: 16560
Finished routing net \u_core.u_dmem.ram[46]\[21]
Nets remaining: 16559
Finished routing net \u_core.u_dmem.ram[45]\[21]
Nets remaining: 16558
Finished routing net \u_core.u_dmem.ram[43]\[21]
Nets remaining: 16557
Finished routing net \u_core.u_dmem.ram[44]\[21]
Nets remaining: 16556
Finished routing net \u_core.u_dmem.ram[49]\[21]
Nets remaining: 16555
Finished routing net \u_core.u_dmem.ram[50]\[21]
Nets remaining: 16554
Finished routing net \u_core.u_dmem.ram[48]\[21]
Nets remaining: 16553
Finished routing net \u_core.u_dmem.ram[55]\[21]
Nets remaining: 16552
Finished routing net \u_core.u_dmem.ram[54]\[21]
Nets remaining: 16551
Finished routing net \u_core.u_dmem.ram[53]\[21]
Nets remaining: 16550
Finished routing net \u_core.u_dmem.ram[51]\[21]
Nets remaining: 16549
Finished routing net \u_core.u_dmem.ram[52]\[21]
Nets remaining: 16548
Finished routing net \u_core.u_dmem.ram[57]\[21]
Nets remaining: 16547
Finished routing net \u_core.u_dmem.ram[58]\[21]
Nets remaining: 16546
Finished routing net \u_core.u_dmem.ram[56]\[21]
Nets remaining: 16545
Finished routing net \u_core.u_dmem.ram[63]\[21]
Nets remaining: 16544
Finished routing net \u_core.u_dmem.ram[62]\[21]
Nets remaining: 16543
Finished routing net \u_core.u_dmem.ram[61]\[21]
Nets remaining: 16542
Finished routing net \u_core.u_dmem.ram[59]\[21]
Nets remaining: 16541
Finished routing net \u_core.u_dmem.ram[60]\[21]
Nets remaining: 16540
Finished routing net _5993_
Nets remaining: 16539
Finished routing net \u_core.u_dmem.ram[2]\[29]
Nets remaining: 16538
Finished routing net \u_core.u_dmem.ram[1]\[29]
Nets remaining: 16537
Finished routing net \u_core.u_dmem.ram[7]\[29]
Nets remaining: 16536
Finished routing net \u_core.u_dmem.ram[0]\[29]
Nets remaining: 16535
Finished routing net \u_core.u_dmem.ram[6]\[29]
Nets remaining: 16534
Finished routing net \u_core.u_dmem.ram[5]\[29]
Nets remaining: 16533
Finished routing net \u_core.u_dmem.ram[3]\[29]
Nets remaining: 16532
Finished routing net \u_core.u_dmem.ram[4]\[29]
Nets remaining: 16531
Finished routing net _5999_
Nets remaining: 16530
Finished routing net _6000_
Nets remaining: 16529
Finished routing net \u_core.u_dmem.ram[10]\[29]
Nets remaining: 16528
Finished routing net \u_core.u_dmem.ram[11]\[29]
Nets remaining: 16527
Finished routing net \u_core.u_dmem.ram[13]\[29]
Nets remaining: 16526
Finished routing net \u_core.u_dmem.ram[12]\[29]
Nets remaining: 16525
Finished routing net \u_core.u_dmem.ram[14]\[29]
Nets remaining: 16524
Finished routing net \u_core.u_dmem.ram[15]\[29]
Nets remaining: 16523
Finished routing net \u_core.u_dmem.ram[17]\[29]
Nets remaining: 16522
Finished routing net \u_core.u_dmem.ram[18]\[29]
Nets remaining: 16521
Finished routing net \u_core.u_dmem.ram[23]\[29]
Nets remaining: 16520
Finished routing net \u_core.u_dmem.ram[16]\[29]
Nets remaining: 16519
Finished routing net \u_core.u_dmem.ram[22]\[29]
Nets remaining: 16518
Finished routing net \u_core.u_dmem.ram[21]\[29]
Nets remaining: 16517
Finished routing net \u_core.u_dmem.ram[19]\[29]
Nets remaining: 16516
Finished routing net \u_core.u_dmem.ram[20]\[29]
Nets remaining: 16515
Finished routing net \u_core.u_dmem.ram[26]\[29]
Nets remaining: 16514
Finished routing net \u_core.u_dmem.ram[25]\[29]
Nets remaining: 16513
Finished routing net \u_core.u_dmem.ram[31]\[29]
Nets remaining: 16512
Finished routing net \u_core.u_dmem.ram[24]\[29]
Nets remaining: 16511
Finished routing net \u_core.u_dmem.ram[30]\[29]
Nets remaining: 16510
Finished routing net \u_core.u_dmem.ram[29]\[29]
Nets remaining: 16509
Finished routing net \u_core.u_dmem.ram[27]\[29]
Nets remaining: 16508
Failed to route net \u_core.u_dmem.ram[28]\[29]
Finished routing net \u_core.u_dmem.ram[33]\[29]
Nets remaining: 16507
Finished routing net \u_core.u_dmem.ram[34]\[29]
Nets remaining: 16506
Finished routing net \u_core.u_dmem.ram[39]\[29]
Nets remaining: 16505
Finished routing net \u_core.u_dmem.ram[32]\[29]
Nets remaining: 16504
Finished routing net \u_core.u_dmem.ram[38]\[29]
Nets remaining: 16503
Finished routing net \u_core.u_dmem.ram[37]\[29]
Nets remaining: 16502
Finished routing net \u_core.u_dmem.ram[35]\[29]
Nets remaining: 16501
Finished routing net \u_core.u_dmem.ram[36]\[29]
Nets remaining: 16500
Finished routing net \u_core.u_dmem.ram[42]\[29]
Nets remaining: 16499
Finished routing net \u_core.u_dmem.ram[41]\[29]
Nets remaining: 16498
Failed to route net \u_core.u_dmem.ram[47]\[29]
Finished routing net \u_core.u_dmem.ram[40]\[29]
Nets remaining: 16497
Finished routing net \u_core.u_dmem.ram[46]\[29]
Nets remaining: 16496
Finished routing net \u_core.u_dmem.ram[45]\[29]
Nets remaining: 16495
Finished routing net \u_core.u_dmem.ram[43]\[29]
Nets remaining: 16494
Finished routing net \u_core.u_dmem.ram[44]\[29]
Nets remaining: 16493
Finished routing net \u_core.u_dmem.ram[49]\[29]
Nets remaining: 16492
Finished routing net \u_core.u_dmem.ram[50]\[29]
Nets remaining: 16491
Finished routing net \u_core.u_dmem.ram[48]\[29]
Nets remaining: 16490
Finished routing net \u_core.u_dmem.ram[55]\[29]
Nets remaining: 16489
Finished routing net \u_core.u_dmem.ram[54]\[29]
Nets remaining: 16488
Finished routing net \u_core.u_dmem.ram[53]\[29]
Nets remaining: 16487
Finished routing net \u_core.u_dmem.ram[51]\[29]
Nets remaining: 16486
Finished routing net \u_core.u_dmem.ram[52]\[29]
Nets remaining: 16485
Finished routing net \u_core.u_dmem.ram[58]\[29]
Nets remaining: 16484
Finished routing net \u_core.u_dmem.ram[57]\[29]
Nets remaining: 16483
Finished routing net \u_core.u_dmem.ram[63]\[29]
Nets remaining: 16482
Finished routing net \u_core.u_dmem.ram[56]\[29]
Nets remaining: 16481
Finished routing net \u_core.u_dmem.ram[62]\[29]
Nets remaining: 16480
Finished routing net \u_core.u_dmem.ram[61]\[29]
Nets remaining: 16479
Finished routing net \u_core.u_dmem.ram[59]\[29]
Nets remaining: 16478
Finished routing net \u_core.u_dmem.ram[60]\[29]
Nets remaining: 16477
Finished routing net _6042_
Nets remaining: 16476
Finished routing net _6043_
Nets remaining: 16475
Failed to route net \u_core.u_dmem.ram[2]\[5]
Failed to route net \u_core.u_dmem.ram[3]\[5]
Finished routing net \u_core.u_dmem.ram[5]\[5]
Nets remaining: 16474
Finished routing net \u_core.u_dmem.ram[4]\[5]
Nets remaining: 16473
Finished routing net \u_core.u_dmem.ram[6]\[5]
Nets remaining: 16472
Finished routing net \u_core.u_dmem.ram[7]\[5]
Nets remaining: 16471
Finished routing net _6049_
Nets remaining: 16470
Finished routing net _6050_
Nets remaining: 16469
Failed to route net \u_core.u_dmem.ram[10]\[5]
Finished routing net \u_core.u_dmem.ram[11]\[5]
Nets remaining: 16468
Finished routing net _6053_
Nets remaining: 16467
Finished routing net _6054_
Nets remaining: 16466
Finished routing net \u_core.u_dmem.ram[12]\[5]
Nets remaining: 16465
Failed to route net \u_core.u_dmem.ram[13]\[5]
Finished routing net _6059_
Nets remaining: 16464
Finished routing net _6060_
Nets remaining: 16463
Finished routing net \u_core.u_dmem.ram[18]\[5]
Nets remaining: 16462
Finished routing net \u_core.u_dmem.ram[19]\[5]
Nets remaining: 16461
Failed to route net \u_core.u_dmem.ram[21]\[5]
Failed to route net \u_core.u_dmem.ram[20]\[5]
Finished routing net \u_core.u_dmem.ram[22]\[5]
Nets remaining: 16460
Finished routing net \u_core.u_dmem.ram[23]\[5]
Nets remaining: 16459
Finished routing net _6066_
Nets remaining: 16458
Finished routing net _6067_
Nets remaining: 16457
Finished routing net \u_core.u_dmem.ram[26]\[5]
Nets remaining: 16456
Finished routing net \u_core.u_dmem.ram[27]\[5]
Nets remaining: 16455
Finished routing net _6070_
Nets remaining: 16454
Finished routing net _6071_
Nets remaining: 16453
Failed to route net \u_core.u_dmem.ram[28]\[5]
Failed to route net \u_core.u_dmem.ram[29]\[5]
Finished routing net \u_core.u_dmem.ram[34]\[5]
Nets remaining: 16452
Finished routing net \u_core.u_dmem.ram[33]\[5]
Nets remaining: 16451
Finished routing net \u_core.u_dmem.ram[39]\[5]
Nets remaining: 16450
Failed to route net \u_core.u_dmem.ram[32]\[5]
Failed to route net \u_core.u_dmem.ram[38]\[5]
Finished routing net \u_core.u_dmem.ram[37]\[5]
Nets remaining: 16449
Finished routing net \u_core.u_dmem.ram[35]\[5]
Nets remaining: 16448
Failed to route net \u_core.u_dmem.ram[36]\[5]
Finished routing net _6081_
Nets remaining: 16447
Finished routing net _6082_
Nets remaining: 16446
Finished routing net \u_core.u_dmem.ram[42]\[5]
Nets remaining: 16445
Finished routing net \u_core.u_dmem.ram[43]\[5]
Nets remaining: 16444
Finished routing net \u_core.u_dmem.ram[45]\[5]
Nets remaining: 16443
Finished routing net \u_core.u_dmem.ram[44]\[5]
Nets remaining: 16442
Finished routing net \u_core.u_dmem.ram[46]\[5]
Nets remaining: 16441
Failed to route net \u_core.u_dmem.ram[47]\[5]
Finished routing net \u_core.u_dmem.ram[50]\[5]
Nets remaining: 16440
Finished routing net \u_core.u_dmem.ram[49]\[5]
Nets remaining: 16439
Failed to route net \u_core.u_dmem.ram[55]\[5]
Finished routing net \u_core.u_dmem.ram[48]\[5]
Nets remaining: 16438
Finished routing net \u_core.u_dmem.ram[54]\[5]
Nets remaining: 16437
Finished routing net \u_core.u_dmem.ram[53]\[5]
Nets remaining: 16436
Finished routing net \u_core.u_dmem.ram[51]\[5]
Nets remaining: 16435
Finished routing net \u_core.u_dmem.ram[52]\[5]
Nets remaining: 16434
Finished routing net _6094_
Nets remaining: 16433
Finished routing net _6095_
Nets remaining: 16432
Finished routing net \u_core.u_dmem.ram[58]\[5]
Nets remaining: 16431
Finished routing net \u_core.u_dmem.ram[59]\[5]
Nets remaining: 16430
Finished routing net \u_core.u_dmem.ram[61]\[5]
Nets remaining: 16429
Finished routing net \u_core.u_dmem.ram[60]\[5]
Nets remaining: 16428
Finished routing net \u_core.u_dmem.ram[62]\[5]
Nets remaining: 16427
Finished routing net \u_core.u_dmem.ram[63]\[5]
Nets remaining: 16426
Finished routing net _6103_
Nets remaining: 16425
Finished routing net _6104_
Nets remaining: 16424
Finished routing net \u_core.u_dmem.ram[2]\[13]
Nets remaining: 16423
Finished routing net \u_core.u_dmem.ram[3]\[13]
Nets remaining: 16422
Finished routing net _6107_
Nets remaining: 16421
Finished routing net _6108_
Nets remaining: 16420
Finished routing net \u_core.u_dmem.ram[4]\[13]
Nets remaining: 16419
Finished routing net \u_core.u_dmem.ram[5]\[13]
Nets remaining: 16418
Finished routing net _6112_
Nets remaining: 16417
Finished routing net _6113_
Nets remaining: 16416
Finished routing net \u_core.u_dmem.ram[10]\[13]
Nets remaining: 16415
Finished routing net \u_core.u_dmem.ram[11]\[13]
Nets remaining: 16414
Finished routing net _6116_
Nets remaining: 16413
Finished routing net _6117_
Nets remaining: 16412
Finished routing net \u_core.u_dmem.ram[12]\[13]
Nets remaining: 16411
Finished routing net \u_core.u_dmem.ram[13]\[13]
Nets remaining: 16410
Finished routing net _6122_
Nets remaining: 16409
Finished routing net _6123_
Nets remaining: 16408
Finished routing net \u_core.u_dmem.ram[18]\[13]
Nets remaining: 16407
Finished routing net \u_core.u_dmem.ram[19]\[13]
Nets remaining: 16406
Finished routing net \u_core.u_dmem.ram[21]\[13]
Nets remaining: 16405
Finished routing net \u_core.u_dmem.ram[20]\[13]
Nets remaining: 16404
Finished routing net \u_core.u_dmem.ram[22]\[13]
Nets remaining: 16403
Finished routing net \u_core.u_dmem.ram[23]\[13]
Nets remaining: 16402
Finished routing net _6129_
Nets remaining: 16401
Finished routing net _6130_
Nets remaining: 16400
Finished routing net \u_core.u_dmem.ram[26]\[13]
Nets remaining: 16399
Finished routing net \u_core.u_dmem.ram[27]\[13]
Nets remaining: 16398
Finished routing net _6133_
Nets remaining: 16397
Finished routing net _6134_
Nets remaining: 16396
Finished routing net \u_core.u_dmem.ram[28]\[13]
Nets remaining: 16395
Failed to route net \u_core.u_dmem.ram[29]\[13]
Finished routing net _6139_
Nets remaining: 16394
Finished routing net _6140_
Nets remaining: 16393
Finished routing net \u_core.u_dmem.ram[34]\[13]
Nets remaining: 16392
Finished routing net \u_core.u_dmem.ram[35]\[13]
Nets remaining: 16391
Finished routing net \u_core.u_dmem.ram[37]\[13]
Nets remaining: 16390
Finished routing net \u_core.u_dmem.ram[36]\[13]
Nets remaining: 16389
Failed to route net \u_core.u_dmem.ram[38]\[13]
Finished routing net \u_core.u_dmem.ram[39]\[13]
Nets remaining: 16388
Finished routing net _6146_
Nets remaining: 16387
Finished routing net _6147_
Nets remaining: 16386
Finished routing net \u_core.u_dmem.ram[42]\[13]
Nets remaining: 16385
Finished routing net \u_core.u_dmem.ram[43]\[13]
Nets remaining: 16384
Finished routing net _6150_
Nets remaining: 16383
Finished routing net _6151_
Nets remaining: 16382
Finished routing net \u_core.u_dmem.ram[44]\[13]
Nets remaining: 16381
Finished routing net \u_core.u_dmem.ram[45]\[13]
Nets remaining: 16380
Finished routing net _6156_
Nets remaining: 16379
Finished routing net _6157_
Nets remaining: 16378
Finished routing net \u_core.u_dmem.ram[50]\[13]
Nets remaining: 16377
Finished routing net \u_core.u_dmem.ram[51]\[13]
Nets remaining: 16376
Finished routing net \u_core.u_dmem.ram[53]\[13]
Nets remaining: 16375
Finished routing net \u_core.u_dmem.ram[52]\[13]
Nets remaining: 16374
Finished routing net \u_core.u_dmem.ram[54]\[13]
Nets remaining: 16373
Finished routing net \u_core.u_dmem.ram[55]\[13]
Nets remaining: 16372
Finished routing net _6163_
Nets remaining: 16371
Finished routing net _6164_
Nets remaining: 16370
Finished routing net \u_core.u_dmem.ram[58]\[13]
Nets remaining: 16369
Finished routing net \u_core.u_dmem.ram[59]\[13]
Nets remaining: 16368
Finished routing net \u_core.u_dmem.ram[61]\[13]
Nets remaining: 16367
Finished routing net \u_core.u_dmem.ram[60]\[13]
Nets remaining: 16366
Finished routing net \u_core.u_dmem.ram[62]\[13]
Nets remaining: 16365
Finished routing net \u_core.u_dmem.ram[63]\[13]
Nets remaining: 16364
Finished routing net _6171_
Nets remaining: 16363
Finished routing net \u_core.u_dmem.ram[1]\[22]
Nets remaining: 16362
Finished routing net \u_core.u_dmem.ram[2]\[22]
Nets remaining: 16361
Finished routing net \u_core.u_dmem.ram[7]\[22]
Nets remaining: 16360
Finished routing net \u_core.u_dmem.ram[0]\[22]
Nets remaining: 16359
Finished routing net \u_core.u_dmem.ram[6]\[22]
Nets remaining: 16358
Finished routing net \u_core.u_dmem.ram[5]\[22]
Nets remaining: 16357
Finished routing net \u_core.u_dmem.ram[3]\[22]
Nets remaining: 16356
Finished routing net \u_core.u_dmem.ram[4]\[22]
Nets remaining: 16355
Finished routing net \u_core.u_dmem.ram[10]\[22]
Nets remaining: 16354
Finished routing net \u_core.u_dmem.ram[9]\[22]
Nets remaining: 16353
Finished routing net \u_core.u_dmem.ram[15]\[22]
Nets remaining: 16352
Finished routing net \u_core.u_dmem.ram[8]\[22]
Nets remaining: 16351
Finished routing net \u_core.u_dmem.ram[14]\[22]
Nets remaining: 16350
Finished routing net \u_core.u_dmem.ram[13]\[22]
Nets remaining: 16349
Finished routing net \u_core.u_dmem.ram[11]\[22]
Nets remaining: 16348
Finished routing net \u_core.u_dmem.ram[12]\[22]
Nets remaining: 16347
Finished routing net \u_core.u_dmem.ram[17]\[22]
Nets remaining: 16346
Finished routing net \u_core.u_dmem.ram[18]\[22]
Nets remaining: 16345
Finished routing net \u_core.u_dmem.ram[16]\[22]
Nets remaining: 16344
Finished routing net \u_core.u_dmem.ram[23]\[22]
Nets remaining: 16343
Finished routing net \u_core.u_dmem.ram[22]\[22]
Nets remaining: 16342
Finished routing net \u_core.u_dmem.ram[21]\[22]
Nets remaining: 16341
Finished routing net \u_core.u_dmem.ram[19]\[22]
Nets remaining: 16340
Finished routing net \u_core.u_dmem.ram[20]\[22]
Nets remaining: 16339
Finished routing net \u_core.u_dmem.ram[26]\[22]
Nets remaining: 16338
Finished routing net \u_core.u_dmem.ram[25]\[22]
Nets remaining: 16337
Finished routing net \u_core.u_dmem.ram[31]\[22]
Nets remaining: 16336
Finished routing net \u_core.u_dmem.ram[24]\[22]
Nets remaining: 16335
Finished routing net \u_core.u_dmem.ram[30]\[22]
Nets remaining: 16334
Finished routing net \u_core.u_dmem.ram[29]\[22]
Nets remaining: 16333
Finished routing net \u_core.u_dmem.ram[27]\[22]
Nets remaining: 16332
Finished routing net \u_core.u_dmem.ram[28]\[22]
Nets remaining: 16331
Finished routing net \u_core.u_dmem.ram[33]\[22]
Nets remaining: 16330
Finished routing net \u_core.u_dmem.ram[34]\[22]
Nets remaining: 16329
Finished routing net \u_core.u_dmem.ram[32]\[22]
Nets remaining: 16328
Finished routing net \u_core.u_dmem.ram[39]\[22]
Nets remaining: 16327
Finished routing net \u_core.u_dmem.ram[38]\[22]
Nets remaining: 16326
Finished routing net \u_core.u_dmem.ram[37]\[22]
Nets remaining: 16325
Finished routing net \u_core.u_dmem.ram[35]\[22]
Nets remaining: 16324
Finished routing net \u_core.u_dmem.ram[36]\[22]
Nets remaining: 16323
Finished routing net \u_core.u_dmem.ram[41]\[22]
Nets remaining: 16322
Finished routing net \u_core.u_dmem.ram[42]\[22]
Nets remaining: 16321
Finished routing net \u_core.u_dmem.ram[47]\[22]
Nets remaining: 16320
Failed to route net \u_core.u_dmem.ram[40]\[22]
Finished routing net \u_core.u_dmem.ram[46]\[22]
Nets remaining: 16319
Finished routing net \u_core.u_dmem.ram[45]\[22]
Nets remaining: 16318
Finished routing net \u_core.u_dmem.ram[43]\[22]
Nets remaining: 16317
Finished routing net \u_core.u_dmem.ram[44]\[22]
Nets remaining: 16316
Finished routing net \u_core.u_dmem.ram[49]\[22]
Nets remaining: 16315
Finished routing net \u_core.u_dmem.ram[50]\[22]
Nets remaining: 16314
Finished routing net \u_core.u_dmem.ram[48]\[22]
Nets remaining: 16313
Finished routing net \u_core.u_dmem.ram[55]\[22]
Nets remaining: 16312
Finished routing net \u_core.u_dmem.ram[54]\[22]
Nets remaining: 16311
Finished routing net \u_core.u_dmem.ram[53]\[22]
Nets remaining: 16310
Finished routing net \u_core.u_dmem.ram[51]\[22]
Nets remaining: 16309
Finished routing net \u_core.u_dmem.ram[52]\[22]
Nets remaining: 16308
Finished routing net \u_core.u_dmem.ram[57]\[22]
Nets remaining: 16307
Finished routing net \u_core.u_dmem.ram[58]\[22]
Nets remaining: 16306
Finished routing net \u_core.u_dmem.ram[56]\[22]
Nets remaining: 16305
Finished routing net \u_core.u_dmem.ram[63]\[22]
Nets remaining: 16304
Finished routing net \u_core.u_dmem.ram[62]\[22]
Nets remaining: 16303
Finished routing net \u_core.u_dmem.ram[61]\[22]
Nets remaining: 16302
Finished routing net \u_core.u_dmem.ram[59]\[22]
Nets remaining: 16301
Finished routing net \u_core.u_dmem.ram[60]\[22]
Nets remaining: 16300
Failed to route net _6217_
Finished routing net \u_core.u_dmem.ram[2]\[30]
Nets remaining: 16299
Finished routing net \u_core.u_dmem.ram[1]\[30]
Nets remaining: 16298
Finished routing net \u_core.u_dmem.ram[7]\[30]
Nets remaining: 16297
Finished routing net \u_core.u_dmem.ram[0]\[30]
Nets remaining: 16296
Finished routing net \u_core.u_dmem.ram[6]\[30]
Nets remaining: 16295
Finished routing net \u_core.u_dmem.ram[5]\[30]
Nets remaining: 16294
Finished routing net \u_core.u_dmem.ram[3]\[30]
Nets remaining: 16293
Finished routing net \u_core.u_dmem.ram[4]\[30]
Nets remaining: 16292
Finished routing net _6223_
Nets remaining: 16291
Finished routing net _6224_
Nets remaining: 16290
Finished routing net \u_core.u_dmem.ram[10]\[30]
Nets remaining: 16289
Finished routing net \u_core.u_dmem.ram[11]\[30]
Nets remaining: 16288
Finished routing net \u_core.u_dmem.ram[13]\[30]
Nets remaining: 16287
Finished routing net \u_core.u_dmem.ram[12]\[30]
Nets remaining: 16286
Finished routing net \u_core.u_dmem.ram[14]\[30]
Nets remaining: 16285
Failed to route net \u_core.u_dmem.ram[15]\[30]
Finished routing net \u_core.u_dmem.ram[17]\[30]
Nets remaining: 16284
Finished routing net \u_core.u_dmem.ram[18]\[30]
Nets remaining: 16283
Finished routing net \u_core.u_dmem.ram[23]\[30]
Nets remaining: 16282
Failed to route net \u_core.u_dmem.ram[16]\[30]
Finished routing net \u_core.u_dmem.ram[22]\[30]
Nets remaining: 16281
Finished routing net \u_core.u_dmem.ram[21]\[30]
Nets remaining: 16280
Finished routing net \u_core.u_dmem.ram[19]\[30]
Nets remaining: 16279
Finished routing net \u_core.u_dmem.ram[20]\[30]
Nets remaining: 16278
Finished routing net \u_core.u_dmem.ram[26]\[30]
Nets remaining: 16277
Finished routing net \u_core.u_dmem.ram[25]\[30]
Nets remaining: 16276
Finished routing net \u_core.u_dmem.ram[31]\[30]
Nets remaining: 16275
Finished routing net \u_core.u_dmem.ram[24]\[30]
Nets remaining: 16274
Finished routing net \u_core.u_dmem.ram[30]\[30]
Nets remaining: 16273
Finished routing net \u_core.u_dmem.ram[29]\[30]
Nets remaining: 16272
Finished routing net \u_core.u_dmem.ram[27]\[30]
Nets remaining: 16271
Finished routing net \u_core.u_dmem.ram[28]\[30]
Nets remaining: 16270
Finished routing net \u_core.u_dmem.ram[33]\[30]
Nets remaining: 16269
Finished routing net \u_core.u_dmem.ram[34]\[30]
Nets remaining: 16268
Finished routing net \u_core.u_dmem.ram[39]\[30]
Nets remaining: 16267
Finished routing net \u_core.u_dmem.ram[32]\[30]
Nets remaining: 16266
Finished routing net \u_core.u_dmem.ram[38]\[30]
Nets remaining: 16265
Finished routing net \u_core.u_dmem.ram[37]\[30]
Nets remaining: 16264
Failed to route net \u_core.u_dmem.ram[35]\[30]
Finished routing net \u_core.u_dmem.ram[36]\[30]
Nets remaining: 16263
Finished routing net \u_core.u_dmem.ram[42]\[30]
Nets remaining: 16262
Finished routing net \u_core.u_dmem.ram[41]\[30]
Nets remaining: 16261
Finished routing net \u_core.u_dmem.ram[47]\[30]
Nets remaining: 16260
Finished routing net \u_core.u_dmem.ram[40]\[30]
Nets remaining: 16259
Finished routing net \u_core.u_dmem.ram[46]\[30]
Nets remaining: 16258
Finished routing net \u_core.u_dmem.ram[45]\[30]
Nets remaining: 16257
Finished routing net \u_core.u_dmem.ram[43]\[30]
Nets remaining: 16256
Finished routing net \u_core.u_dmem.ram[44]\[30]
Nets remaining: 16255
Failed to route net \u_core.u_dmem.ram[49]\[30]
Finished routing net \u_core.u_dmem.ram[50]\[30]
Nets remaining: 16254
Finished routing net \u_core.u_dmem.ram[48]\[30]
Nets remaining: 16253
Finished routing net \u_core.u_dmem.ram[55]\[30]
Nets remaining: 16252
Finished routing net \u_core.u_dmem.ram[54]\[30]
Nets remaining: 16251
Finished routing net \u_core.u_dmem.ram[53]\[30]
Nets remaining: 16250
Failed to route net \u_core.u_dmem.ram[51]\[30]
Finished routing net \u_core.u_dmem.ram[52]\[30]
Nets remaining: 16249
Finished routing net \u_core.u_dmem.ram[58]\[30]
Nets remaining: 16248
Finished routing net \u_core.u_dmem.ram[57]\[30]
Nets remaining: 16247
Finished routing net \u_core.u_dmem.ram[63]\[30]
Nets remaining: 16246
Finished routing net \u_core.u_dmem.ram[56]\[30]
Nets remaining: 16245
Finished routing net \u_core.u_dmem.ram[62]\[30]
Nets remaining: 16244
Finished routing net \u_core.u_dmem.ram[61]\[30]
Nets remaining: 16243
Finished routing net \u_core.u_dmem.ram[59]\[30]
Nets remaining: 16242
Finished routing net \u_core.u_dmem.ram[60]\[30]
Nets remaining: 16241
Finished routing net _6266_
Nets remaining: 16240
Finished routing net _6267_
Nets remaining: 16239
Finished routing net \u_core.u_dmem.ram[2]\[6]
Nets remaining: 16238
Finished routing net \u_core.u_dmem.ram[3]\[6]
Nets remaining: 16237
Finished routing net \u_core.u_dmem.ram[5]\[6]
Nets remaining: 16236
Finished routing net \u_core.u_dmem.ram[4]\[6]
Nets remaining: 16235
Finished routing net \u_core.u_dmem.ram[6]\[6]
Nets remaining: 16234
Failed to route net \u_core.u_dmem.ram[7]\[6]
Finished routing net _6273_
Nets remaining: 16233
Finished routing net _6274_
Nets remaining: 16232
Finished routing net \u_core.u_dmem.ram[10]\[6]
Nets remaining: 16231
Finished routing net \u_core.u_dmem.ram[11]\[6]
Nets remaining: 16230
Finished routing net _6277_
Nets remaining: 16229
Finished routing net _6278_
Nets remaining: 16228
Finished routing net \u_core.u_dmem.ram[12]\[6]
Nets remaining: 16227
Finished routing net \u_core.u_dmem.ram[13]\[6]
Nets remaining: 16226
Finished routing net _6283_
Nets remaining: 16225
Finished routing net _6284_
Nets remaining: 16224
Finished routing net \u_core.u_dmem.ram[18]\[6]
Nets remaining: 16223
Finished routing net \u_core.u_dmem.ram[19]\[6]
Nets remaining: 16222
Finished routing net \u_core.u_dmem.ram[21]\[6]
Nets remaining: 16221
Finished routing net \u_core.u_dmem.ram[20]\[6]
Nets remaining: 16220
Finished routing net \u_core.u_dmem.ram[22]\[6]
Nets remaining: 16219
Finished routing net \u_core.u_dmem.ram[23]\[6]
Nets remaining: 16218
Finished routing net _6290_
Nets remaining: 16217
Finished routing net _6291_
Nets remaining: 16216
Finished routing net \u_core.u_dmem.ram[26]\[6]
Nets remaining: 16215
Failed to route net \u_core.u_dmem.ram[27]\[6]
Finished routing net _6294_
Nets remaining: 16214
Finished routing net _6295_
Nets remaining: 16213
Finished routing net \u_core.u_dmem.ram[28]\[6]
Nets remaining: 16212
Failed to route net \u_core.u_dmem.ram[29]\[6]
Finished routing net \u_core.u_dmem.ram[34]\[6]
Nets remaining: 16211
Finished routing net \u_core.u_dmem.ram[33]\[6]
Nets remaining: 16210
Finished routing net \u_core.u_dmem.ram[39]\[6]
Nets remaining: 16209
Finished routing net \u_core.u_dmem.ram[32]\[6]
Nets remaining: 16208
Failed to route net \u_core.u_dmem.ram[38]\[6]
Finished routing net \u_core.u_dmem.ram[37]\[6]
Nets remaining: 16207
Finished routing net \u_core.u_dmem.ram[35]\[6]
Nets remaining: 16206
Finished routing net \u_core.u_dmem.ram[36]\[6]
Nets remaining: 16205
Finished routing net _6305_
Nets remaining: 16204
Finished routing net _6306_
Nets remaining: 16203
Finished routing net \u_core.u_dmem.ram[42]\[6]
Nets remaining: 16202
Finished routing net \u_core.u_dmem.ram[43]\[6]
Nets remaining: 16201
Finished routing net \u_core.u_dmem.ram[45]\[6]
Nets remaining: 16200
Finished routing net \u_core.u_dmem.ram[44]\[6]
Nets remaining: 16199
Finished routing net \u_core.u_dmem.ram[46]\[6]
Nets remaining: 16198
Finished routing net \u_core.u_dmem.ram[47]\[6]
Nets remaining: 16197
Finished routing net \u_core.u_dmem.ram[50]\[6]
Nets remaining: 16196
Finished routing net \u_core.u_dmem.ram[49]\[6]
Nets remaining: 16195
Finished routing net \u_core.u_dmem.ram[55]\[6]
Nets remaining: 16194
Failed to route net \u_core.u_dmem.ram[48]\[6]
Failed to route net \u_core.u_dmem.ram[54]\[6]
Finished routing net \u_core.u_dmem.ram[53]\[6]
Nets remaining: 16193
Finished routing net \u_core.u_dmem.ram[51]\[6]
Nets remaining: 16192
Failed to route net \u_core.u_dmem.ram[52]\[6]
Finished routing net _6318_
Nets remaining: 16191
Finished routing net _6319_
Nets remaining: 16190
Finished routing net \u_core.u_dmem.ram[58]\[6]
Nets remaining: 16189
Failed to route net \u_core.u_dmem.ram[59]\[6]
Finished routing net \u_core.u_dmem.ram[61]\[6]
Nets remaining: 16188
Finished routing net \u_core.u_dmem.ram[60]\[6]
Nets remaining: 16187
Finished routing net \u_core.u_dmem.ram[62]\[6]
Nets remaining: 16186
Finished routing net \u_core.u_dmem.ram[63]\[6]
Nets remaining: 16185
Finished routing net _6327_
Nets remaining: 16184
Finished routing net _6328_
Nets remaining: 16183
Finished routing net \u_core.u_dmem.ram[2]\[14]
Nets remaining: 16182
Finished routing net \u_core.u_dmem.ram[3]\[14]
Nets remaining: 16181
Finished routing net _6331_
Nets remaining: 16180
Finished routing net _6332_
Nets remaining: 16179
Finished routing net \u_core.u_dmem.ram[4]\[14]
Nets remaining: 16178
Finished routing net \u_core.u_dmem.ram[5]\[14]
Nets remaining: 16177
Finished routing net _6336_
Nets remaining: 16176
Finished routing net _6337_
Nets remaining: 16175
Finished routing net \u_core.u_dmem.ram[10]\[14]
Nets remaining: 16174
Finished routing net \u_core.u_dmem.ram[11]\[14]
Nets remaining: 16173
Finished routing net _6340_
Nets remaining: 16172
Finished routing net _6341_
Nets remaining: 16171
Finished routing net \u_core.u_dmem.ram[12]\[14]
Nets remaining: 16170
Finished routing net \u_core.u_dmem.ram[13]\[14]
Nets remaining: 16169
Finished routing net _6346_
Nets remaining: 16168
Finished routing net _6347_
Nets remaining: 16167
Finished routing net \u_core.u_dmem.ram[18]\[14]
Nets remaining: 16166
Finished routing net \u_core.u_dmem.ram[19]\[14]
Nets remaining: 16165
Finished routing net \u_core.u_dmem.ram[21]\[14]
Nets remaining: 16164
Finished routing net \u_core.u_dmem.ram[20]\[14]
Nets remaining: 16163
Finished routing net \u_core.u_dmem.ram[22]\[14]
Nets remaining: 16162
Finished routing net \u_core.u_dmem.ram[23]\[14]
Nets remaining: 16161
Finished routing net _6353_
Nets remaining: 16160
Finished routing net _6354_
Nets remaining: 16159
Finished routing net \u_core.u_dmem.ram[26]\[14]
Nets remaining: 16158
Finished routing net \u_core.u_dmem.ram[27]\[14]
Nets remaining: 16157
Finished routing net _6357_
Nets remaining: 16156
Finished routing net _6358_
Nets remaining: 16155
Finished routing net \u_core.u_dmem.ram[28]\[14]
Nets remaining: 16154
Failed to route net \u_core.u_dmem.ram[29]\[14]
Finished routing net _6363_
Nets remaining: 16153
Finished routing net _6364_
Nets remaining: 16152
Finished routing net \u_core.u_dmem.ram[34]\[14]
Nets remaining: 16151
Finished routing net \u_core.u_dmem.ram[35]\[14]
Nets remaining: 16150
Finished routing net \u_core.u_dmem.ram[37]\[14]
Nets remaining: 16149
Finished routing net \u_core.u_dmem.ram[36]\[14]
Nets remaining: 16148
Finished routing net \u_core.u_dmem.ram[38]\[14]
Nets remaining: 16147
Finished routing net \u_core.u_dmem.ram[39]\[14]
Nets remaining: 16146
Finished routing net _6370_
Nets remaining: 16145
Finished routing net _6371_
Nets remaining: 16144
Finished routing net \u_core.u_dmem.ram[42]\[14]
Nets remaining: 16143
Finished routing net \u_core.u_dmem.ram[43]\[14]
Nets remaining: 16142
Finished routing net _6374_
Nets remaining: 16141
Finished routing net _6375_
Nets remaining: 16140
Finished routing net \u_core.u_dmem.ram[44]\[14]
Nets remaining: 16139
Finished routing net \u_core.u_dmem.ram[45]\[14]
Nets remaining: 16138
Finished routing net _6380_
Nets remaining: 16137
Finished routing net _6381_
Nets remaining: 16136
Finished routing net \u_core.u_dmem.ram[50]\[14]
Nets remaining: 16135
Finished routing net \u_core.u_dmem.ram[51]\[14]
Nets remaining: 16134
Finished routing net \u_core.u_dmem.ram[53]\[14]
Nets remaining: 16133
Finished routing net \u_core.u_dmem.ram[52]\[14]
Nets remaining: 16132
Finished routing net \u_core.u_dmem.ram[54]\[14]
Nets remaining: 16131
Finished routing net \u_core.u_dmem.ram[55]\[14]
Nets remaining: 16130
Finished routing net _6387_
Nets remaining: 16129
Finished routing net _6388_
Nets remaining: 16128
Finished routing net \u_core.u_dmem.ram[58]\[14]
Nets remaining: 16127
Finished routing net \u_core.u_dmem.ram[59]\[14]
Nets remaining: 16126
Finished routing net \u_core.u_dmem.ram[61]\[14]
Nets remaining: 16125
Finished routing net \u_core.u_dmem.ram[60]\[14]
Nets remaining: 16124
Finished routing net \u_core.u_dmem.ram[62]\[14]
Nets remaining: 16123
Finished routing net \u_core.u_dmem.ram[63]\[14]
Nets remaining: 16122
Finished routing net _6395_
Nets remaining: 16121
Finished routing net \u_core.u_dmem.ram[1]\[23]
Nets remaining: 16120
Finished routing net \u_core.u_dmem.ram[2]\[23]
Nets remaining: 16119
Finished routing net \u_core.u_dmem.ram[0]\[23]
Nets remaining: 16118
Finished routing net \u_core.u_dmem.ram[3]\[23]
Nets remaining: 16117
Finished routing net _6403_
Nets remaining: 16116
Finished routing net \u_core.u_dmem.ram[5]\[23]
Nets remaining: 16115
Finished routing net \u_core.u_dmem.ram[6]\[23]
Nets remaining: 16114
Finished routing net \u_core.u_dmem.ram[4]\[23]
Nets remaining: 16113
Finished routing net \u_core.u_dmem.ram[9]\[23]
Nets remaining: 16112
Finished routing net \u_core.u_dmem.ram[10]\[23]
Nets remaining: 16111
Finished routing net \u_core.u_dmem.ram[8]\[23]
Nets remaining: 16110
Finished routing net \u_core.u_dmem.ram[11]\[23]
Nets remaining: 16109
Finished routing net _6414_
Nets remaining: 16108
Finished routing net \u_core.u_dmem.ram[13]\[23]
Nets remaining: 16107
Finished routing net \u_core.u_dmem.ram[14]\[23]
Nets remaining: 16106
Finished routing net \u_core.u_dmem.ram[12]\[23]
Nets remaining: 16105
Finished routing net \u_core.u_dmem.ram[17]\[23]
Nets remaining: 16104
Finished routing net \u_core.u_dmem.ram[18]\[23]
Nets remaining: 16103
Finished routing net \u_core.u_dmem.ram[16]\[23]
Nets remaining: 16102
Finished routing net \u_core.u_dmem.ram[19]\[23]
Nets remaining: 16101
Finished routing net _6425_
Nets remaining: 16100
Finished routing net \u_core.u_dmem.ram[21]\[23]
Nets remaining: 16099
Finished routing net \u_core.u_dmem.ram[22]\[23]
Nets remaining: 16098
Finished routing net \u_core.u_dmem.ram[20]\[23]
Nets remaining: 16097
Finished routing net \u_core.u_dmem.ram[25]\[23]
Nets remaining: 16096
Finished routing net \u_core.u_dmem.ram[26]\[23]
Nets remaining: 16095
Finished routing net \u_core.u_dmem.ram[24]\[23]
Nets remaining: 16094
Finished routing net \u_core.u_dmem.ram[27]\[23]
Nets remaining: 16093
Finished routing net _6436_
Nets remaining: 16092
Finished routing net \u_core.u_dmem.ram[29]\[23]
Nets remaining: 16091
Finished routing net \u_core.u_dmem.ram[30]\[23]
Nets remaining: 16090
Finished routing net \u_core.u_dmem.ram[28]\[23]
Nets remaining: 16089
Finished routing net \u_core.u_dmem.ram[33]\[23]
Nets remaining: 16088
Finished routing net \u_core.u_dmem.ram[34]\[23]
Nets remaining: 16087
Finished routing net \u_core.u_dmem.ram[32]\[23]
Nets remaining: 16086
Finished routing net \u_core.u_dmem.ram[35]\[23]
Nets remaining: 16085
Finished routing net _6448_
Nets remaining: 16084
Failed to route net \u_core.u_dmem.ram[37]\[23]
Finished routing net \u_core.u_dmem.ram[38]\[23]
Nets remaining: 16083
Finished routing net \u_core.u_dmem.ram[36]\[23]
Nets remaining: 16082
Finished routing net \u_core.u_dmem.ram[41]\[23]
Nets remaining: 16081
Finished routing net \u_core.u_dmem.ram[42]\[23]
Nets remaining: 16080
Finished routing net \u_core.u_dmem.ram[40]\[23]
Nets remaining: 16079
Finished routing net \u_core.u_dmem.ram[43]\[23]
Nets remaining: 16078
Finished routing net _6459_
Nets remaining: 16077
Finished routing net \u_core.u_dmem.ram[45]\[23]
Nets remaining: 16076
Finished routing net \u_core.u_dmem.ram[46]\[23]
Nets remaining: 16075
Finished routing net \u_core.u_dmem.ram[44]\[23]
Nets remaining: 16074
Finished routing net \u_core.u_dmem.ram[49]\[23]
Nets remaining: 16073
Finished routing net \u_core.u_dmem.ram[50]\[23]
Nets remaining: 16072
Finished routing net \u_core.u_dmem.ram[48]\[23]
Nets remaining: 16071
Finished routing net \u_core.u_dmem.ram[51]\[23]
Nets remaining: 16070
Finished routing net _6470_
Nets remaining: 16069
Finished routing net \u_core.u_dmem.ram[53]\[23]
Nets remaining: 16068
Finished routing net \u_core.u_dmem.ram[54]\[23]
Nets remaining: 16067
Finished routing net \u_core.u_dmem.ram[52]\[23]
Nets remaining: 16066
Finished routing net \u_core.u_dmem.ram[57]\[23]
Nets remaining: 16065
Failed to route net \u_core.u_dmem.ram[58]\[23]
Finished routing net \u_core.u_dmem.ram[56]\[23]
Nets remaining: 16064
Finished routing net \u_core.u_dmem.ram[59]\[23]
Nets remaining: 16063
Finished routing net _6481_
Nets remaining: 16062
Finished routing net \u_core.u_dmem.ram[61]\[23]
Nets remaining: 16061
Finished routing net \u_core.u_dmem.ram[62]\[23]
Nets remaining: 16060
Finished routing net \u_core.u_dmem.ram[60]\[23]
Nets remaining: 16059
Finished routing net \u_core.u_dmem.ram[1]\[31]
Nets remaining: 16058
Finished routing net \u_core.u_dmem.ram[2]\[31]
Nets remaining: 16057
Finished routing net \u_core.u_dmem.ram[0]\[31]
Nets remaining: 16056
Finished routing net \u_core.u_dmem.ram[3]\[31]
Nets remaining: 16055
Finished routing net \u_core.u_dmem.ram[7]\[31]
Nets remaining: 16054
Finished routing net \u_core.u_dmem.ram[5]\[31]
Nets remaining: 16053
Finished routing net \u_core.u_dmem.ram[6]\[31]
Nets remaining: 16052
Finished routing net \u_core.u_dmem.ram[4]\[31]
Nets remaining: 16051
Finished routing net _6499_
Nets remaining: 16050
Finished routing net \u_core.u_dmem.ram[9]\[31]
Nets remaining: 16049
Failed to route net \u_core.u_dmem.ram[10]\[31]
Finished routing net \u_core.u_dmem.ram[8]\[31]
Nets remaining: 16048
Finished routing net \u_core.u_dmem.ram[11]\[31]
Nets remaining: 16047
Finished routing net _6505_
Nets remaining: 16046
Finished routing net \u_core.u_dmem.ram[13]\[31]
Nets remaining: 16045
Finished routing net \u_core.u_dmem.ram[14]\[31]
Nets remaining: 16044
Finished routing net \u_core.u_dmem.ram[12]\[31]
Nets remaining: 16043
Finished routing net _6510_
Nets remaining: 16042
Finished routing net \u_core.u_dmem.ram[17]\[31]
Nets remaining: 16041
Finished routing net \u_core.u_dmem.ram[18]\[31]
Nets remaining: 16040
Finished routing net \u_core.u_dmem.ram[16]\[31]
Nets remaining: 16039
Finished routing net \u_core.u_dmem.ram[19]\[31]
Nets remaining: 16038
Finished routing net _6515_
Nets remaining: 16037
Finished routing net _6516_
Nets remaining: 16036
Finished routing net \u_core.u_dmem.ram[21]\[31]
Nets remaining: 16035
Finished routing net \u_core.u_dmem.ram[22]\[31]
Nets remaining: 16034
Finished routing net \u_core.u_dmem.ram[20]\[31]
Nets remaining: 16033
Finished routing net _6520_
Nets remaining: 16032
Finished routing net \u_core.u_dmem.ram[25]\[31]
Nets remaining: 16031
Finished routing net \u_core.u_dmem.ram[26]\[31]
Nets remaining: 16030
Finished routing net \u_core.u_dmem.ram[24]\[31]
Nets remaining: 16029
Finished routing net \u_core.u_dmem.ram[27]\[31]
Nets remaining: 16028
Finished routing net _6527_
Nets remaining: 16027
Finished routing net \u_core.u_dmem.ram[29]\[31]
Nets remaining: 16026
Finished routing net \u_core.u_dmem.ram[30]\[31]
Nets remaining: 16025
Finished routing net \u_core.u_dmem.ram[28]\[31]
Nets remaining: 16024
Finished routing net _6532_
Nets remaining: 16023
Finished routing net _6534_
Nets remaining: 16022
Finished routing net \u_core.u_dmem.ram[34]\[31]
Nets remaining: 16021
Finished routing net \u_core.u_dmem.ram[32]\[31]
Nets remaining: 16020
Finished routing net \u_core.u_dmem.ram[35]\[31]
Nets remaining: 16019
Finished routing net _6539_
Nets remaining: 16018
Finished routing net \u_core.u_dmem.ram[37]\[31]
Nets remaining: 16017
Finished routing net \u_core.u_dmem.ram[38]\[31]
Nets remaining: 16016
Finished routing net \u_core.u_dmem.ram[36]\[31]
Nets remaining: 16015
Finished routing net _6544_
Nets remaining: 16014
Finished routing net \u_core.u_dmem.ram[41]\[31]
Nets remaining: 16013
Finished routing net \u_core.u_dmem.ram[42]\[31]
Nets remaining: 16012
Finished routing net \u_core.u_dmem.ram[40]\[31]
Nets remaining: 16011
Finished routing net \u_core.u_dmem.ram[43]\[31]
Nets remaining: 16010
Finished routing net _6550_
Nets remaining: 16009
Finished routing net \u_core.u_dmem.ram[45]\[31]
Nets remaining: 16008
Finished routing net \u_core.u_dmem.ram[46]\[31]
Nets remaining: 16007
Finished routing net \u_core.u_dmem.ram[44]\[31]
Nets remaining: 16006
Failed to route net _6555_
Finished routing net \u_core.u_dmem.ram[49]\[31]
Nets remaining: 16005
Finished routing net \u_core.u_dmem.ram[50]\[31]
Nets remaining: 16004
Finished routing net \u_core.u_dmem.ram[48]\[31]
Nets remaining: 16003
Finished routing net \u_core.u_dmem.ram[51]\[31]
Nets remaining: 16002
Finished routing net _6561_
Nets remaining: 16001
Finished routing net \u_core.u_dmem.ram[53]\[31]
Nets remaining: 16000
Finished routing net \u_core.u_dmem.ram[54]\[31]
Nets remaining: 15999
Finished routing net \u_core.u_dmem.ram[52]\[31]
Nets remaining: 15998
Failed to route net _6566_
Finished routing net \u_core.u_dmem.ram[57]\[31]
Nets remaining: 15997
Finished routing net \u_core.u_dmem.ram[58]\[31]
Nets remaining: 15996
Finished routing net \u_core.u_dmem.ram[56]\[31]
Nets remaining: 15995
Finished routing net \u_core.u_dmem.ram[59]\[31]
Nets remaining: 15994
Finished routing net _6572_
Nets remaining: 15993
Finished routing net \u_core.u_dmem.ram[61]\[31]
Nets remaining: 15992
Finished routing net \u_core.u_dmem.ram[62]\[31]
Nets remaining: 15991
Finished routing net \u_core.u_dmem.ram[60]\[31]
Nets remaining: 15990
Finished routing net _6577_
Nets remaining: 15989
Finished routing net _6580_
Nets remaining: 15988
Finished routing net \u_core.u_dmem.ram[1]\[7]
Nets remaining: 15987
Finished routing net \u_core.u_dmem.ram[2]\[7]
Nets remaining: 15986
Finished routing net \u_core.u_dmem.ram[0]\[7]
Nets remaining: 15985
Finished routing net \u_core.u_dmem.ram[3]\[7]
Nets remaining: 15984
Finished routing net _6586_
Nets remaining: 15983
Finished routing net \u_core.u_dmem.ram[5]\[7]
Nets remaining: 15982
Finished routing net \u_core.u_dmem.ram[6]\[7]
Nets remaining: 15981
Finished routing net \u_core.u_dmem.ram[4]\[7]
Nets remaining: 15980
Finished routing net \u_core.u_dmem.ram[9]\[7]
Nets remaining: 15979
Finished routing net \u_core.u_dmem.ram[10]\[7]
Nets remaining: 15978
Failed to route net \u_core.u_dmem.ram[8]\[7]
Failed to route net \u_core.u_dmem.ram[11]\[7]
Finished routing net _6597_
Nets remaining: 15977
Finished routing net \u_core.u_dmem.ram[13]\[7]
Nets remaining: 15976
Finished routing net \u_core.u_dmem.ram[14]\[7]
Nets remaining: 15975
Finished routing net \u_core.u_dmem.ram[12]\[7]
Nets remaining: 15974
Finished routing net \u_core.u_dmem.ram[17]\[7]
Nets remaining: 15973
Finished routing net \u_core.u_dmem.ram[18]\[7]
Nets remaining: 15972
Finished routing net \u_core.u_dmem.ram[16]\[7]
Nets remaining: 15971
Finished routing net \u_core.u_dmem.ram[19]\[7]
Nets remaining: 15970
Failed to route net _6608_
Failed to route net \u_core.u_dmem.ram[21]\[7]
Failed to route net \u_core.u_dmem.ram[22]\[7]
Failed to route net \u_core.u_dmem.ram[20]\[7]
Finished routing net \u_core.u_dmem.ram[25]\[7]
Nets remaining: 15969
Failed to route net \u_core.u_dmem.ram[26]\[7]
Failed to route net \u_core.u_dmem.ram[24]\[7]
Finished routing net \u_core.u_dmem.ram[27]\[7]
Nets remaining: 15968
Finished routing net _6619_
Nets remaining: 15967
Finished routing net \u_core.u_dmem.ram[29]\[7]
Nets remaining: 15966
Finished routing net \u_core.u_dmem.ram[30]\[7]
Nets remaining: 15965
Finished routing net \u_core.u_dmem.ram[28]\[7]
Nets remaining: 15964
Finished routing net \u_core.u_dmem.ram[33]\[7]
Nets remaining: 15963
Finished routing net \u_core.u_dmem.ram[34]\[7]
Nets remaining: 15962
Finished routing net \u_core.u_dmem.ram[32]\[7]
Nets remaining: 15961
Finished routing net \u_core.u_dmem.ram[35]\[7]
Nets remaining: 15960
Finished routing net _6631_
Nets remaining: 15959
Finished routing net \u_core.u_dmem.ram[37]\[7]
Nets remaining: 15958
Failed to route net \u_core.u_dmem.ram[38]\[7]
Finished routing net \u_core.u_dmem.ram[36]\[7]
Nets remaining: 15957
Finished routing net \u_core.u_dmem.ram[41]\[7]
Nets remaining: 15956
Finished routing net \u_core.u_dmem.ram[42]\[7]
Nets remaining: 15955
Failed to route net \u_core.u_dmem.ram[40]\[7]
Failed to route net \u_core.u_dmem.ram[43]\[7]
Finished routing net _6642_
Nets remaining: 15954
Failed to route net \u_core.u_dmem.ram[45]\[7]
Finished routing net \u_core.u_dmem.ram[46]\[7]
Nets remaining: 15953
Failed to route net \u_core.u_dmem.ram[44]\[7]
Finished routing net \u_core.u_dmem.ram[49]\[7]
Nets remaining: 15952
Finished routing net \u_core.u_dmem.ram[50]\[7]
Nets remaining: 15951
Failed to route net \u_core.u_dmem.ram[48]\[7]
Failed to route net \u_core.u_dmem.ram[51]\[7]
Finished routing net _6653_
Nets remaining: 15950
Finished routing net \u_core.u_dmem.ram[53]\[7]
Nets remaining: 15949
Finished routing net \u_core.u_dmem.ram[54]\[7]
Nets remaining: 15948
Finished routing net \u_core.u_dmem.ram[52]\[7]
Nets remaining: 15947
Finished routing net \u_core.u_dmem.ram[57]\[7]
Nets remaining: 15946
Failed to route net \u_core.u_dmem.ram[58]\[7]
Finished routing net \u_core.u_dmem.ram[56]\[7]
Nets remaining: 15945
Finished routing net \u_core.u_dmem.ram[59]\[7]
Nets remaining: 15944
Finished routing net _6664_
Nets remaining: 15943
Finished routing net \u_core.u_dmem.ram[61]\[7]
Nets remaining: 15942
Finished routing net \u_core.u_dmem.ram[62]\[7]
Nets remaining: 15941
Failed to route net \u_core.u_dmem.ram[60]\[7]
Finished routing net \u_core.u_dmem.ram[1]\[15]
Nets remaining: 15940
Finished routing net \u_core.u_dmem.ram[2]\[15]
Nets remaining: 15939
Finished routing net \u_core.u_dmem.ram[0]\[15]
Nets remaining: 15938
Finished routing net \u_core.u_dmem.ram[3]\[15]
Nets remaining: 15937
Finished routing net _6677_
Nets remaining: 15936
Finished routing net \u_core.u_dmem.ram[5]\[15]
Nets remaining: 15935
Finished routing net \u_core.u_dmem.ram[6]\[15]
Nets remaining: 15934
Finished routing net \u_core.u_dmem.ram[4]\[15]
Nets remaining: 15933
Finished routing net _6682_
Nets remaining: 15932
Finished routing net \u_core.u_dmem.ram[9]\[15]
Nets remaining: 15931
Finished routing net \u_core.u_dmem.ram[10]\[15]
Nets remaining: 15930
Finished routing net \u_core.u_dmem.ram[8]\[15]
Nets remaining: 15929
Finished routing net \u_core.u_dmem.ram[11]\[15]
Nets remaining: 15928
Finished routing net _6688_
Nets remaining: 15927
Finished routing net \u_core.u_dmem.ram[13]\[15]
Nets remaining: 15926
Finished routing net \u_core.u_dmem.ram[14]\[15]
Nets remaining: 15925
Finished routing net \u_core.u_dmem.ram[12]\[15]
Nets remaining: 15924
Failed to route net _6693_
Finished routing net \u_core.u_dmem.ram[17]\[15]
Nets remaining: 15923
Finished routing net \u_core.u_dmem.ram[18]\[15]
Nets remaining: 15922
Finished routing net \u_core.u_dmem.ram[16]\[15]
Nets remaining: 15921
Finished routing net \u_core.u_dmem.ram[19]\[15]
Nets remaining: 15920
Finished routing net _6698_
Nets remaining: 15919
Finished routing net _6699_
Nets remaining: 15918
Finished routing net \u_core.u_dmem.ram[21]\[15]
Nets remaining: 15917
Finished routing net \u_core.u_dmem.ram[22]\[15]
Nets remaining: 15916
Finished routing net \u_core.u_dmem.ram[20]\[15]
Nets remaining: 15915
Finished routing net _6703_
Nets remaining: 15914
Failed to route net \u_core.u_dmem.ram[25]\[15]
Finished routing net \u_core.u_dmem.ram[26]\[15]
Nets remaining: 15913
Finished routing net \u_core.u_dmem.ram[24]\[15]
Nets remaining: 15912
Finished routing net \u_core.u_dmem.ram[27]\[15]
Nets remaining: 15911
Finished routing net _6710_
Nets remaining: 15910
Finished routing net \u_core.u_dmem.ram[29]\[15]
Nets remaining: 15909
Failed to route net \u_core.u_dmem.ram[30]\[15]
Finished routing net \u_core.u_dmem.ram[28]\[15]
Nets remaining: 15908
Finished routing net _6715_
Nets remaining: 15907
Finished routing net \u_core.u_dmem.ram[33]\[15]
Nets remaining: 15906
Finished routing net \u_core.u_dmem.ram[34]\[15]
Nets remaining: 15905
Finished routing net \u_core.u_dmem.ram[32]\[15]
Nets remaining: 15904
Finished routing net \u_core.u_dmem.ram[35]\[15]
Nets remaining: 15903
Finished routing net _6722_
Nets remaining: 15902
Finished routing net \u_core.u_dmem.ram[37]\[15]
Nets remaining: 15901
Finished routing net \u_core.u_dmem.ram[38]\[15]
Nets remaining: 15900
Finished routing net \u_core.u_dmem.ram[36]\[15]
Nets remaining: 15899
Finished routing net _6727_
Nets remaining: 15898
Finished routing net \u_core.u_dmem.ram[41]\[15]
Nets remaining: 15897
Finished routing net \u_core.u_dmem.ram[42]\[15]
Nets remaining: 15896
Finished routing net \u_core.u_dmem.ram[40]\[15]
Nets remaining: 15895
Finished routing net \u_core.u_dmem.ram[43]\[15]
Nets remaining: 15894
Failed to route net _6733_
Finished routing net \u_core.u_dmem.ram[45]\[15]
Nets remaining: 15893
Finished routing net \u_core.u_dmem.ram[46]\[15]
Nets remaining: 15892
Finished routing net \u_core.u_dmem.ram[44]\[15]
Nets remaining: 15891
Failed to route net _6738_
Finished routing net \u_core.u_dmem.ram[49]\[15]
Nets remaining: 15890
Finished routing net \u_core.u_dmem.ram[50]\[15]
Nets remaining: 15889
Finished routing net \u_core.u_dmem.ram[48]\[15]
Nets remaining: 15888
Finished routing net \u_core.u_dmem.ram[51]\[15]
Nets remaining: 15887
Finished routing net _6744_
Nets remaining: 15886
Finished routing net \u_core.u_dmem.ram[53]\[15]
Nets remaining: 15885
Finished routing net \u_core.u_dmem.ram[54]\[15]
Nets remaining: 15884
Finished routing net \u_core.u_dmem.ram[52]\[15]
Nets remaining: 15883
Finished routing net _6749_
Nets remaining: 15882
Finished routing net \u_core.u_dmem.ram[57]\[15]
Nets remaining: 15881
Finished routing net \u_core.u_dmem.ram[58]\[15]
Nets remaining: 15880
Finished routing net \u_core.u_dmem.ram[56]\[15]
Nets remaining: 15879
Finished routing net \u_core.u_dmem.ram[59]\[15]
Nets remaining: 15878
Finished routing net _6755_
Nets remaining: 15877
Finished routing net \u_core.u_dmem.ram[61]\[15]
Nets remaining: 15876
Finished routing net \u_core.u_dmem.ram[62]\[15]
Nets remaining: 15875
Finished routing net \u_core.u_dmem.ram[60]\[15]
Nets remaining: 15874
Finished routing net _6760_
Nets remaining: 15873
Finished routing net _6763_
Nets remaining: 15872
Finished routing net _6771_
Nets remaining: 15871
Failed to route net _6784_
Failed to route net _6785_
Finished routing net _6786_
Nets remaining: 15870
Failed to route net _6789_
Failed to route net _6790_
Failed to route net _6791_
Finished routing net _6816_
Nets remaining: 15869
Finished routing net _6821_
Nets remaining: 15868
Failed to route net _6824_
Failed to route net _6826_
Failed to route net _6828_
Failed to route net _6830_
Finished routing net _6832_
Nets remaining: 15867
Finished routing net _6834_
Nets remaining: 15866
Finished routing net _6836_
Nets remaining: 15865
Finished routing net _6838_
Nets remaining: 15864
Finished routing net _6840_
Nets remaining: 15863
Failed to route net _6843_
Finished routing net _6921_
Nets remaining: 15862
Finished routing net _6931_
Nets remaining: 15861
Finished routing net _6984_
Nets remaining: 15860
Finished routing net _6987_
Nets remaining: 15859
Finished routing net _7171_
Nets remaining: 15858
Failed to route net _7219_
Finished routing net _7255_
Nets remaining: 15857
Finished routing net _7292_
Nets remaining: 15856
Finished routing net _7330_
Nets remaining: 15855
Finished routing net _7455_
Nets remaining: 15854
Failed to route net _7707_
Finished routing net _7744_
Nets remaining: 15853
Finished routing net _7781_
Nets remaining: 15852
Finished routing net _7818_
Nets remaining: 15851
Finished routing net _7892_
Nets remaining: 15850
Finished routing net _7929_
Nets remaining: 15849
Failed to route net _8086_
Finished routing net _8168_
Nets remaining: 15848
Finished routing net _8205_
Nets remaining: 15847
Failed to route net _8242_
Finished routing net _8306_
Nets remaining: 15846
Finished routing net _8343_
Nets remaining: 15845
Finished routing net _8380_
Nets remaining: 15844
Finished routing net _8417_
Nets remaining: 15843
Finished routing net _8454_
Nets remaining: 15842
Finished routing net _8491_
Nets remaining: 15841
Finished routing net _8528_
Nets remaining: 15840
Finished routing net _8565_
Nets remaining: 15839
Finished routing net _8601_
Nets remaining: 15838
Finished routing net _8638_
Nets remaining: 15837
Finished routing net _8712_
Nets remaining: 15836
Failed to route net _8749_
Finished routing net _8786_
Nets remaining: 15835
Finished routing net _8823_
Nets remaining: 15834
Finished routing net _8860_
Nets remaining: 15833
Finished routing net _8897_
Nets remaining: 15832
Failed to route net _8978_
Finished routing net _9015_
Nets remaining: 15831
Finished routing net _4417_
Nets remaining: 15830
Finished routing net _4454_
Nets remaining: 15829
Failed to route net _9285_
Failed to route net _9288_
Failed to route net _9289_
Finished routing net _9294_
Nets remaining: 15828
Failed to route net _9298_
Finished routing net _9310_
Nets remaining: 15827
Finished routing net _9319_
Nets remaining: 15826
Failed to route net _9327_
Finished routing net _9330_
Nets remaining: 15825
Finished routing net _9333_
Nets remaining: 15824
Failed to route net _9127_
Finished routing net _9131_
Nets remaining: 15823
Finished routing net _9133_
Nets remaining: 15822
Finished routing net _9134_
Nets remaining: 15821
Finished routing net _9145_
Nets remaining: 15820
Finished routing net _9152_
Nets remaining: 15819
Failed to route net _9154_
Finished routing net _9158_
Nets remaining: 15818
Finished routing net _9160_
Nets remaining: 15817
Finished routing net _9162_
Nets remaining: 15816
Finished routing net _9169_
Nets remaining: 15815
Finished routing net _9185_
Nets remaining: 15814
Failed to route net _9188_
Failed to route net _9196_
Finished routing net _9207_
Nets remaining: 15813
Finished routing net _9209_
Nets remaining: 15812
Failed to route net _9217_
Finished routing net _9226_
Nets remaining: 15811
Finished routing net _9229_
Nets remaining: 15810
Finished routing net _9237_
Nets remaining: 15809
Finished routing net _9239_
Nets remaining: 15808
Finished routing net _9240_
Nets remaining: 15807
Finished routing net _9243_
Nets remaining: 15806
Finished routing net _9260_
Nets remaining: 15805
Finished routing net _9262_
Nets remaining: 15804
Failed to route net _9265_
Finished routing net _9268_
Nets remaining: 15803
Finished routing net _9271_
Nets remaining: 15802
Finished routing net _9275_
Nets remaining: 15801
Finished routing net _9385_
Nets remaining: 15800
Finished routing net _9388_
Nets remaining: 15799
Finished routing net _9394_
Nets remaining: 15798
Finished routing net _9399_
Nets remaining: 15797
Finished routing net _9404_
Nets remaining: 15796
Finished routing net _9409_
Nets remaining: 15795
Finished routing net _9414_
Nets remaining: 15794
Finished routing net _9417_
Nets remaining: 15793
Finished routing net _9338_
Nets remaining: 15792
Finished routing net _9339_
Nets remaining: 15791
Finished routing net _9340_
Nets remaining: 15790
Finished routing net _9341_
Nets remaining: 15789
Finished routing net \u_core.u_regfile.regs[22]\[0]
Nets remaining: 15788
Finished routing net \u_core.u_regfile.regs[20]\[0]
Nets remaining: 15787
Finished routing net \u_core.u_regfile.regs[21]\[0]
Nets remaining: 15786
Finished routing net \u_core.u_regfile.regs[16]\[0]
Nets remaining: 15785
Finished routing net \u_core.u_regfile.regs[18]\[0]
Nets remaining: 15784
Finished routing net \u_core.u_regfile.regs[19]\[0]
Nets remaining: 15783
Failed to route net \u_core.u_regfile.regs[31]\[0]
Finished routing net \u_core.u_regfile.regs[24]\[0]
Nets remaining: 15782
Finished routing net \u_core.u_regfile.regs[22]\[1]
Nets remaining: 15781
Finished routing net \u_core.u_regfile.regs[20]\[1]
Nets remaining: 15780
Finished routing net \u_core.u_regfile.regs[21]\[1]
Nets remaining: 15779
Finished routing net \u_core.u_regfile.regs[16]\[1]
Nets remaining: 15778
Finished routing net \u_core.u_regfile.regs[18]\[1]
Nets remaining: 15777
Finished routing net \u_core.u_regfile.regs[19]\[1]
Nets remaining: 15776
Finished routing net \u_core.u_regfile.regs[31]\[1]
Nets remaining: 15775
Finished routing net \u_core.u_regfile.regs[24]\[1]
Nets remaining: 15774
Finished routing net \u_core.u_regfile.regs[22]\[2]
Nets remaining: 15773
Finished routing net \u_core.u_regfile.regs[20]\[2]
Nets remaining: 15772
Finished routing net \u_core.u_regfile.regs[21]\[2]
Nets remaining: 15771
Finished routing net \u_core.u_regfile.regs[16]\[2]
Nets remaining: 15770
Finished routing net \u_core.u_regfile.regs[18]\[2]
Nets remaining: 15769
Finished routing net \u_core.u_regfile.regs[19]\[2]
Nets remaining: 15768
Failed to route net \u_core.u_regfile.regs[31]\[2]
Finished routing net \u_core.u_regfile.regs[24]\[2]
Nets remaining: 15767
Finished routing net \u_core.u_regfile.regs[22]\[3]
Nets remaining: 15766
Finished routing net \u_core.u_regfile.regs[20]\[3]
Nets remaining: 15765
Finished routing net \u_core.u_regfile.regs[21]\[3]
Nets remaining: 15764
Finished routing net \u_core.u_regfile.regs[16]\[3]
Nets remaining: 15763
Finished routing net \u_core.u_regfile.regs[18]\[3]
Nets remaining: 15762
Finished routing net \u_core.u_regfile.regs[19]\[3]
Nets remaining: 15761
Finished routing net \u_core.u_regfile.regs[31]\[3]
Nets remaining: 15760
Finished routing net \u_core.u_regfile.regs[24]\[3]
Nets remaining: 15759
Finished routing net \u_core.u_regfile.regs[22]\[4]
Nets remaining: 15758
Finished routing net \u_core.u_regfile.regs[20]\[4]
Nets remaining: 15757
Finished routing net \u_core.u_regfile.regs[21]\[4]
Nets remaining: 15756
Finished routing net \u_core.u_regfile.regs[16]\[4]
Nets remaining: 15755
Finished routing net \u_core.u_regfile.regs[18]\[4]
Nets remaining: 15754
Finished routing net \u_core.u_regfile.regs[19]\[4]
Nets remaining: 15753
Finished routing net \u_core.u_regfile.regs[31]\[4]
Nets remaining: 15752
Finished routing net \u_core.u_regfile.regs[24]\[4]
Nets remaining: 15751
Finished routing net \u_core.u_regfile.regs[22]\[5]
Nets remaining: 15750
Finished routing net \u_core.u_regfile.regs[20]\[5]
Nets remaining: 15749
Finished routing net \u_core.u_regfile.regs[21]\[5]
Nets remaining: 15748
Finished routing net \u_core.u_regfile.regs[16]\[5]
Nets remaining: 15747
Finished routing net \u_core.u_regfile.regs[18]\[5]
Nets remaining: 15746
Finished routing net \u_core.u_regfile.regs[19]\[5]
Nets remaining: 15745
Finished routing net \u_core.u_regfile.regs[31]\[5]
Nets remaining: 15744
Finished routing net \u_core.u_regfile.regs[24]\[5]
Nets remaining: 15743
Finished routing net \u_core.u_regfile.regs[22]\[6]
Nets remaining: 15742
Finished routing net \u_core.u_regfile.regs[20]\[6]
Nets remaining: 15741
Finished routing net \u_core.u_regfile.regs[21]\[6]
Nets remaining: 15740
Finished routing net \u_core.u_regfile.regs[16]\[6]
Nets remaining: 15739
Finished routing net \u_core.u_regfile.regs[18]\[6]
Nets remaining: 15738
Finished routing net \u_core.u_regfile.regs[19]\[6]
Nets remaining: 15737
Finished routing net \u_core.u_regfile.regs[31]\[6]
Nets remaining: 15736
Finished routing net \u_core.u_regfile.regs[24]\[6]
Nets remaining: 15735
Finished routing net \u_core.u_regfile.regs[22]\[7]
Nets remaining: 15734
Finished routing net \u_core.u_regfile.regs[20]\[7]
Nets remaining: 15733
Finished routing net \u_core.u_regfile.regs[21]\[7]
Nets remaining: 15732
Finished routing net \u_core.u_regfile.regs[16]\[7]
Nets remaining: 15731
Finished routing net \u_core.u_regfile.regs[18]\[7]
Nets remaining: 15730
Finished routing net \u_core.u_regfile.regs[19]\[7]
Nets remaining: 15729
Finished routing net \u_core.u_regfile.regs[31]\[7]
Nets remaining: 15728
Finished routing net \u_core.u_regfile.regs[24]\[7]
Nets remaining: 15727
Finished routing net \u_core.u_regfile.regs[22]\[8]
Nets remaining: 15726
Finished routing net \u_core.u_regfile.regs[20]\[8]
Nets remaining: 15725
Finished routing net \u_core.u_regfile.regs[21]\[8]
Nets remaining: 15724
Finished routing net \u_core.u_regfile.regs[16]\[8]
Nets remaining: 15723
Finished routing net \u_core.u_regfile.regs[18]\[8]
Nets remaining: 15722
Finished routing net \u_core.u_regfile.regs[19]\[8]
Nets remaining: 15721
Finished routing net \u_core.u_regfile.regs[31]\[8]
Nets remaining: 15720
Finished routing net \u_core.u_regfile.regs[24]\[8]
Nets remaining: 15719
Finished routing net \u_core.u_regfile.regs[22]\[9]
Nets remaining: 15718
Finished routing net \u_core.u_regfile.regs[20]\[9]
Nets remaining: 15717
Finished routing net \u_core.u_regfile.regs[21]\[9]
Nets remaining: 15716
Finished routing net \u_core.u_regfile.regs[16]\[9]
Nets remaining: 15715
Finished routing net \u_core.u_regfile.regs[18]\[9]
Nets remaining: 15714
Finished routing net \u_core.u_regfile.regs[19]\[9]
Nets remaining: 15713
Finished routing net \u_core.u_regfile.regs[31]\[9]
Nets remaining: 15712
Finished routing net \u_core.u_regfile.regs[24]\[9]
Nets remaining: 15711
Finished routing net \u_core.u_regfile.regs[22]\[10]
Nets remaining: 15710
Finished routing net \u_core.u_regfile.regs[20]\[10]
Nets remaining: 15709
Finished routing net \u_core.u_regfile.regs[21]\[10]
Nets remaining: 15708
Finished routing net \u_core.u_regfile.regs[16]\[10]
Nets remaining: 15707
Finished routing net \u_core.u_regfile.regs[18]\[10]
Nets remaining: 15706
Finished routing net \u_core.u_regfile.regs[19]\[10]
Nets remaining: 15705
Finished routing net \u_core.u_regfile.regs[31]\[10]
Nets remaining: 15704
Finished routing net \u_core.u_regfile.regs[24]\[10]
Nets remaining: 15703
Finished routing net \u_core.u_regfile.regs[22]\[11]
Nets remaining: 15702
Finished routing net \u_core.u_regfile.regs[20]\[11]
Nets remaining: 15701
Finished routing net \u_core.u_regfile.regs[21]\[11]
Nets remaining: 15700
Finished routing net \u_core.u_regfile.regs[16]\[11]
Nets remaining: 15699
Finished routing net \u_core.u_regfile.regs[18]\[11]
Nets remaining: 15698
Failed to reserve sufficient area at grid point 760 1667.
Failed to reserve sufficient area at grid point 760 1667.
Failed to route net \u_core.u_regfile.regs[19]\[11]
Finished routing net \u_core.u_regfile.regs[31]\[11]
Nets remaining: 15697
Finished routing net \u_core.u_regfile.regs[24]\[11]
Nets remaining: 15696
Finished routing net \u_core.u_regfile.regs[22]\[12]
Nets remaining: 15695
Finished routing net \u_core.u_regfile.regs[20]\[12]
Nets remaining: 15694
Finished routing net \u_core.u_regfile.regs[21]\[12]
Nets remaining: 15693
Finished routing net \u_core.u_regfile.regs[16]\[12]
Nets remaining: 15692
Finished routing net \u_core.u_regfile.regs[18]\[12]
Nets remaining: 15691
Finished routing net \u_core.u_regfile.regs[19]\[12]
Nets remaining: 15690
Finished routing net \u_core.u_regfile.regs[31]\[12]
Nets remaining: 15689
Finished routing net \u_core.u_regfile.regs[24]\[12]
Nets remaining: 15688
Finished routing net \u_core.u_regfile.regs[22]\[13]
Nets remaining: 15687
Finished routing net \u_core.u_regfile.regs[20]\[13]
Nets remaining: 15686
Finished routing net \u_core.u_regfile.regs[21]\[13]
Nets remaining: 15685
Finished routing net \u_core.u_regfile.regs[16]\[13]
Nets remaining: 15684
Finished routing net \u_core.u_regfile.regs[18]\[13]
Nets remaining: 15683
Finished routing net \u_core.u_regfile.regs[19]\[13]
Nets remaining: 15682
Finished routing net \u_core.u_regfile.regs[31]\[13]
Nets remaining: 15681
Finished routing net \u_core.u_regfile.regs[24]\[13]
Nets remaining: 15680
Finished routing net \u_core.u_regfile.regs[22]\[14]
Nets remaining: 15679
Finished routing net \u_core.u_regfile.regs[20]\[14]
Nets remaining: 15678
Finished routing net \u_core.u_regfile.regs[21]\[14]
Nets remaining: 15677
Finished routing net \u_core.u_regfile.regs[16]\[14]
Nets remaining: 15676
Finished routing net \u_core.u_regfile.regs[18]\[14]
Nets remaining: 15675
Finished routing net \u_core.u_regfile.regs[19]\[14]
Nets remaining: 15674
Finished routing net \u_core.u_regfile.regs[31]\[14]
Nets remaining: 15673
Finished routing net \u_core.u_regfile.regs[24]\[14]
Nets remaining: 15672
Finished routing net \u_core.u_regfile.regs[22]\[15]
Nets remaining: 15671
Finished routing net \u_core.u_regfile.regs[20]\[15]
Nets remaining: 15670
Finished routing net \u_core.u_regfile.regs[21]\[15]
Nets remaining: 15669
Finished routing net \u_core.u_regfile.regs[16]\[15]
Nets remaining: 15668
Finished routing net \u_core.u_regfile.regs[18]\[15]
Nets remaining: 15667
Finished routing net \u_core.u_regfile.regs[19]\[15]
Nets remaining: 15666
Finished routing net \u_core.u_regfile.regs[31]\[15]
Nets remaining: 15665
Finished routing net \u_core.u_regfile.regs[24]\[15]
Nets remaining: 15664
Finished routing net \u_core.u_regfile.regs[22]\[16]
Nets remaining: 15663
Finished routing net \u_core.u_regfile.regs[20]\[16]
Nets remaining: 15662
Finished routing net \u_core.u_regfile.regs[21]\[16]
Nets remaining: 15661
Finished routing net \u_core.u_regfile.regs[16]\[16]
Nets remaining: 15660
Finished routing net \u_core.u_regfile.regs[18]\[16]
Nets remaining: 15659
Finished routing net \u_core.u_regfile.regs[19]\[16]
Nets remaining: 15658
Finished routing net \u_core.u_regfile.regs[31]\[16]
Nets remaining: 15657
Finished routing net \u_core.u_regfile.regs[24]\[16]
Nets remaining: 15656
Finished routing net \u_core.u_regfile.regs[22]\[17]
Nets remaining: 15655
Finished routing net \u_core.u_regfile.regs[20]\[17]
Nets remaining: 15654
Finished routing net \u_core.u_regfile.regs[21]\[17]
Nets remaining: 15653
Finished routing net \u_core.u_regfile.regs[16]\[17]
Nets remaining: 15652
Finished routing net \u_core.u_regfile.regs[18]\[17]
Nets remaining: 15651
Finished routing net \u_core.u_regfile.regs[19]\[17]
Nets remaining: 15650
Finished routing net \u_core.u_regfile.regs[31]\[17]
Nets remaining: 15649
Finished routing net \u_core.u_regfile.regs[24]\[17]
Nets remaining: 15648
Finished routing net \u_core.u_regfile.regs[22]\[18]
Nets remaining: 15647
Finished routing net \u_core.u_regfile.regs[20]\[18]
Nets remaining: 15646
Finished routing net \u_core.u_regfile.regs[21]\[18]
Nets remaining: 15645
Finished routing net \u_core.u_regfile.regs[16]\[18]
Nets remaining: 15644
Finished routing net \u_core.u_regfile.regs[18]\[18]
Nets remaining: 15643
Finished routing net \u_core.u_regfile.regs[19]\[18]
Nets remaining: 15642
Finished routing net \u_core.u_regfile.regs[31]\[18]
Nets remaining: 15641
Finished routing net \u_core.u_regfile.regs[24]\[18]
Nets remaining: 15640
Finished routing net \u_core.u_regfile.regs[22]\[19]
Nets remaining: 15639
Finished routing net \u_core.u_regfile.regs[20]\[19]
Nets remaining: 15638
Finished routing net \u_core.u_regfile.regs[21]\[19]
Nets remaining: 15637
Finished routing net \u_core.u_regfile.regs[16]\[19]
Nets remaining: 15636
Finished routing net \u_core.u_regfile.regs[18]\[19]
Nets remaining: 15635
Finished routing net \u_core.u_regfile.regs[19]\[19]
Nets remaining: 15634
Finished routing net \u_core.u_regfile.regs[31]\[19]
Nets remaining: 15633
Finished routing net \u_core.u_regfile.regs[24]\[19]
Nets remaining: 15632
Finished routing net \u_core.u_regfile.regs[22]\[20]
Nets remaining: 15631
Finished routing net \u_core.u_regfile.regs[20]\[20]
Nets remaining: 15630
Finished routing net \u_core.u_regfile.regs[21]\[20]
Nets remaining: 15629
Finished routing net \u_core.u_regfile.regs[16]\[20]
Nets remaining: 15628
Finished routing net \u_core.u_regfile.regs[18]\[20]
Nets remaining: 15627
Finished routing net \u_core.u_regfile.regs[19]\[20]
Nets remaining: 15626
Finished routing net \u_core.u_regfile.regs[31]\[20]
Nets remaining: 15625
Finished routing net \u_core.u_regfile.regs[24]\[20]
Nets remaining: 15624
Finished routing net \u_core.u_regfile.regs[22]\[21]
Nets remaining: 15623
Finished routing net \u_core.u_regfile.regs[20]\[21]
Nets remaining: 15622
Finished routing net \u_core.u_regfile.regs[21]\[21]
Nets remaining: 15621
Finished routing net \u_core.u_regfile.regs[16]\[21]
Nets remaining: 15620
Finished routing net \u_core.u_regfile.regs[18]\[21]
Nets remaining: 15619
Finished routing net \u_core.u_regfile.regs[19]\[21]
Nets remaining: 15618
Finished routing net \u_core.u_regfile.regs[31]\[21]
Nets remaining: 15617
Finished routing net \u_core.u_regfile.regs[24]\[21]
Nets remaining: 15616
Finished routing net \u_core.u_regfile.regs[22]\[22]
Nets remaining: 15615
Finished routing net \u_core.u_regfile.regs[20]\[22]
Nets remaining: 15614
Finished routing net \u_core.u_regfile.regs[21]\[22]
Nets remaining: 15613
Finished routing net \u_core.u_regfile.regs[16]\[22]
Nets remaining: 15612
Finished routing net \u_core.u_regfile.regs[18]\[22]
Nets remaining: 15611
Finished routing net \u_core.u_regfile.regs[19]\[22]
Nets remaining: 15610
Finished routing net \u_core.u_regfile.regs[31]\[22]
Nets remaining: 15609
Finished routing net \u_core.u_regfile.regs[24]\[22]
Nets remaining: 15608
Finished routing net \u_core.u_regfile.regs[22]\[23]
Nets remaining: 15607
Finished routing net \u_core.u_regfile.regs[20]\[23]
Nets remaining: 15606
Finished routing net \u_core.u_regfile.regs[21]\[23]
Nets remaining: 15605
Finished routing net \u_core.u_regfile.regs[16]\[23]
Nets remaining: 15604
Finished routing net \u_core.u_regfile.regs[18]\[23]
Nets remaining: 15603
Finished routing net \u_core.u_regfile.regs[19]\[23]
Nets remaining: 15602
Finished routing net \u_core.u_regfile.regs[31]\[23]
Nets remaining: 15601
Finished routing net \u_core.u_regfile.regs[24]\[23]
Nets remaining: 15600
Finished routing net \u_core.u_regfile.regs[22]\[24]
Nets remaining: 15599
Finished routing net \u_core.u_regfile.regs[20]\[24]
Nets remaining: 15598
Finished routing net \u_core.u_regfile.regs[21]\[24]
Nets remaining: 15597
Finished routing net \u_core.u_regfile.regs[16]\[24]
Nets remaining: 15596
Finished routing net \u_core.u_regfile.regs[18]\[24]
Nets remaining: 15595
Failed to route net \u_core.u_regfile.regs[19]\[24]
Finished routing net \u_core.u_regfile.regs[31]\[24]
Nets remaining: 15594
Finished routing net \u_core.u_regfile.regs[24]\[24]
Nets remaining: 15593
Finished routing net \u_core.u_regfile.regs[22]\[25]
Nets remaining: 15592
Finished routing net \u_core.u_regfile.regs[20]\[25]
Nets remaining: 15591
Finished routing net \u_core.u_regfile.regs[21]\[25]
Nets remaining: 15590
Finished routing net \u_core.u_regfile.regs[16]\[25]
Nets remaining: 15589
Finished routing net \u_core.u_regfile.regs[18]\[25]
Nets remaining: 15588
Finished routing net \u_core.u_regfile.regs[19]\[25]
Nets remaining: 15587
Finished routing net \u_core.u_regfile.regs[31]\[25]
Nets remaining: 15586
Finished routing net \u_core.u_regfile.regs[24]\[25]
Nets remaining: 15585
Finished routing net \u_core.u_regfile.regs[22]\[26]
Nets remaining: 15584
Failed to route net \u_core.u_regfile.regs[20]\[26]
Finished routing net \u_core.u_regfile.regs[21]\[26]
Nets remaining: 15583
Finished routing net \u_core.u_regfile.regs[16]\[26]
Nets remaining: 15582
Finished routing net \u_core.u_regfile.regs[18]\[26]
Nets remaining: 15581
Finished routing net \u_core.u_regfile.regs[19]\[26]
Nets remaining: 15580
Finished routing net \u_core.u_regfile.regs[31]\[26]
Nets remaining: 15579
Finished routing net \u_core.u_regfile.regs[24]\[26]
Nets remaining: 15578
Finished routing net \u_core.u_regfile.regs[22]\[27]
Nets remaining: 15577
Finished routing net \u_core.u_regfile.regs[20]\[27]
Nets remaining: 15576
Finished routing net \u_core.u_regfile.regs[21]\[27]
Nets remaining: 15575
Finished routing net \u_core.u_regfile.regs[16]\[27]
Nets remaining: 15574
Finished routing net \u_core.u_regfile.regs[18]\[27]
Nets remaining: 15573
Finished routing net \u_core.u_regfile.regs[19]\[27]
Nets remaining: 15572
Finished routing net \u_core.u_regfile.regs[31]\[27]
Nets remaining: 15571
Finished routing net \u_core.u_regfile.regs[24]\[27]
Nets remaining: 15570
Finished routing net \u_core.u_regfile.regs[22]\[28]
Nets remaining: 15569
Finished routing net \u_core.u_regfile.regs[20]\[28]
Nets remaining: 15568
Finished routing net \u_core.u_regfile.regs[21]\[28]
Nets remaining: 15567
Finished routing net \u_core.u_regfile.regs[16]\[28]
Nets remaining: 15566
Finished routing net \u_core.u_regfile.regs[18]\[28]
Nets remaining: 15565
Finished routing net \u_core.u_regfile.regs[19]\[28]
Nets remaining: 15564
Finished routing net \u_core.u_regfile.regs[31]\[28]
Nets remaining: 15563
Finished routing net \u_core.u_regfile.regs[24]\[28]
Nets remaining: 15562
Finished routing net \u_core.u_regfile.regs[22]\[29]
Nets remaining: 15561
Finished routing net \u_core.u_regfile.regs[20]\[29]
Nets remaining: 15560
Finished routing net \u_core.u_regfile.regs[21]\[29]
Nets remaining: 15559
Finished routing net \u_core.u_regfile.regs[16]\[29]
Nets remaining: 15558
Finished routing net \u_core.u_regfile.regs[18]\[29]
Nets remaining: 15557
Finished routing net \u_core.u_regfile.regs[19]\[29]
Nets remaining: 15556
Finished routing net \u_core.u_regfile.regs[31]\[29]
Nets remaining: 15555
Failed to route net \u_core.u_regfile.regs[24]\[29]
Finished routing net \u_core.u_regfile.regs[22]\[30]
Nets remaining: 15554
Finished routing net \u_core.u_regfile.regs[20]\[30]
Nets remaining: 15553
Finished routing net \u_core.u_regfile.regs[21]\[30]
Nets remaining: 15552
Finished routing net \u_core.u_regfile.regs[16]\[30]
Nets remaining: 15551
Finished routing net \u_core.u_regfile.regs[18]\[30]
Nets remaining: 15550
Finished routing net \u_core.u_regfile.regs[19]\[30]
Nets remaining: 15549
Failed to route net \u_core.u_regfile.regs[31]\[30]
Finished routing net \u_core.u_regfile.regs[24]\[30]
Nets remaining: 15548
Finished routing net \u_core.u_regfile.regs[22]\[31]
Nets remaining: 15547
Finished routing net \u_core.u_regfile.regs[20]\[31]
Nets remaining: 15546
Finished routing net \u_core.u_regfile.regs[21]\[31]
Nets remaining: 15545
Finished routing net \u_core.u_regfile.regs[16]\[31]
Nets remaining: 15544
Finished routing net \u_core.u_regfile.regs[18]\[31]
Nets remaining: 15543
Finished routing net \u_core.u_regfile.regs[19]\[31]
Nets remaining: 15542
Failed to route net \u_core.u_regfile.regs[31]\[31]
Finished routing net \u_core.u_regfile.regs[24]\[31]
Nets remaining: 15541
Finished routing net ui_in[4]
Nets remaining: 15540
Finished routing net _15871_
Nets remaining: 15539
Finished routing net _15944_
Nets remaining: 15538
Finished routing net _15980_
Nets remaining: 15537
Failed to route net _15981_
Failed to route net _16083_
Finished routing net _0_
Nets remaining: 15536
Finished routing net _1_
Nets remaining: 15535
Finished routing net _2_
Nets remaining: 15534
Finished routing net _3_
Nets remaining: 15533
Finished routing net _4_
Nets remaining: 15532
Finished routing net _5_
Nets remaining: 15531
Finished routing net _6_
Nets remaining: 15530
Finished routing net _7_
Nets remaining: 15529
Finished routing net _8_
Nets remaining: 15528
Finished routing net _9_
Nets remaining: 15527
Finished routing net _10_
Nets remaining: 15526
Finished routing net _11_
Nets remaining: 15525
Failed to route net _12_
Finished routing net _13_
Nets remaining: 15524
Finished routing net _14_
Nets remaining: 15523
Finished routing net _15_
Nets remaining: 15522
Finished routing net _16_
Nets remaining: 15521
Finished routing net _17_
Nets remaining: 15520
Finished routing net _18_
Nets remaining: 15519
Finished routing net _19_
Nets remaining: 15518
Finished routing net _203_
Nets remaining: 15517
Finished routing net _205_
Nets remaining: 15516
Finished routing net _207_
Nets remaining: 15515
Finished routing net _209_
Nets remaining: 15514
Finished routing net _211_
Nets remaining: 15513
Finished routing net _213_
Nets remaining: 15512
Finished routing net _215_
Nets remaining: 15511
Failed to route net _217_
Finished routing net _219_
Nets remaining: 15510
Finished routing net _221_
Nets remaining: 15509
Finished routing net _223_
Nets remaining: 15508
Finished routing net _225_
Nets remaining: 15507
Finished routing net _227_
Nets remaining: 15506
Finished routing net _229_
Nets remaining: 15505
Finished routing net _231_
Nets remaining: 15504
Finished routing net _233_
Nets remaining: 15503
Failed to route net _235_
Finished routing net _237_
Nets remaining: 15502
Finished routing net _239_
Nets remaining: 15501
Failed to route net _241_
Finished routing net _243_
Nets remaining: 15500
Finished routing net _245_
Nets remaining: 15499
Finished routing net _247_
Nets remaining: 15498
Failed to route net _249_
Failed to route net _251_
Finished routing net _253_
Nets remaining: 15497
Finished routing net _255_
Nets remaining: 15496
Finished routing net _257_
Nets remaining: 15495
Failed to route net _259_
Failed to route net _261_
Finished routing net _263_
Nets remaining: 15494
Finished routing net _265_
Nets remaining: 15493
Finished routing net _267_
Nets remaining: 15492
Failed to route net _269_
Finished routing net _271_
Nets remaining: 15491
Finished routing net _273_
Nets remaining: 15490
Finished routing net _275_
Nets remaining: 15489
Finished routing net _276_
Nets remaining: 15488
Finished routing net _277_
Nets remaining: 15487
Finished routing net _279_
Nets remaining: 15486
Finished routing net _281_
Nets remaining: 15485
Finished routing net _283_
Nets remaining: 15484
Finished routing net _285_
Nets remaining: 15483
Finished routing net _287_
Nets remaining: 15482
Failed to route net _289_
Finished routing net _291_
Nets remaining: 15481
Failed to route net _293_
Finished routing net _295_
Nets remaining: 15480
Finished routing net _297_
Nets remaining: 15479
Finished routing net _299_
Nets remaining: 15478
Finished routing net _301_
Nets remaining: 15477
Finished routing net _303_
Nets remaining: 15476
Finished routing net _305_
Nets remaining: 15475
Finished routing net _307_
Nets remaining: 15474
Failed to route net _309_
Failed to route net _311_
Failed to route net _313_
Finished routing net _315_
Nets remaining: 15473
Failed to route net _317_
Failed to route net \u_core.take\
Finished routing net _323_
Nets remaining: 15472
Finished routing net \u_core.pc_next\[0]
Nets remaining: 15471
Finished routing net _327_
Nets remaining: 15470
Finished routing net _329_
Nets remaining: 15469
Finished routing net _330_
Nets remaining: 15468
Finished routing net _331_
Nets remaining: 15467
Finished routing net _332_
Nets remaining: 15466
Finished routing net _333_
Nets remaining: 15465
Finished routing net \u_core.pc_next\[1]
Nets remaining: 15464
Finished routing net _336_
Nets remaining: 15463
Finished routing net _338_
Nets remaining: 15462
Finished routing net _339_
Nets remaining: 15461
Finished routing net _340_
Nets remaining: 15460
Finished routing net _341_
Nets remaining: 15459
Finished routing net \u_core.pc_next\[2]
Nets remaining: 15458
Finished routing net _343_
Nets remaining: 15457
Finished routing net _347_
Nets remaining: 15456
Finished routing net _348_
Nets remaining: 15455
Finished routing net _350_
Nets remaining: 15454
Finished routing net _352_
Nets remaining: 15453
Finished routing net _353_
Nets remaining: 15452
Finished routing net _354_
Nets remaining: 15451
Finished routing net \u_core.pc_next\[3]
Nets remaining: 15450
Finished routing net _355_
Nets remaining: 15449
Finished routing net _356_
Nets remaining: 15448
Finished routing net _357_
Nets remaining: 15447
Finished routing net _358_
Nets remaining: 15446
Finished routing net _359_
Nets remaining: 15445
Failed to route net _365_
Finished routing net _368_
Nets remaining: 15444
Finished routing net _370_
Nets remaining: 15443
Finished routing net _373_
Nets remaining: 15442
Finished routing net \u_core.pc_next\[4]
Nets remaining: 15441
Finished routing net _374_
Nets remaining: 15440
Finished routing net _378_
Nets remaining: 15439
Finished routing net _379_
Nets remaining: 15438
Finished routing net _382_
Nets remaining: 15437
Finished routing net _384_
Nets remaining: 15436
Finished routing net _385_
Nets remaining: 15435
Finished routing net _386_
Nets remaining: 15434
Finished routing net \u_core.pc_next\[5]
Nets remaining: 15433
Finished routing net _387_
Nets remaining: 15432
Finished routing net _388_
Nets remaining: 15431
Finished routing net _389_
Nets remaining: 15430
Failed to route net _394_
Finished routing net _395_
Nets remaining: 15429
Finished routing net _398_
Nets remaining: 15428
Finished routing net \u_core.pc_next\[6]
Nets remaining: 15427
Finished routing net _400_
Nets remaining: 15426
Failed to route net _401_
Finished routing net _405_
Nets remaining: 15425
Finished routing net _406_
Nets remaining: 15424
Finished routing net _408_
Nets remaining: 15423
Finished routing net _409_
Nets remaining: 15422
Finished routing net _410_
Nets remaining: 15421
Finished routing net \u_core.pc_next\[7]
Nets remaining: 15420
Finished routing net _411_
Nets remaining: 15419
Failed to route net _412_
Failed to route net _413_
Finished routing net _414_
Nets remaining: 15418
Finished routing net _415_
Nets remaining: 15417
Finished routing net _420_
Nets remaining: 15416
Failed to route net _422_
Finished routing net _424_
Nets remaining: 15415
Finished routing net _425_
Nets remaining: 15414
Finished routing net _431_
Nets remaining: 15413
Failed to route net _432_
Finished routing net \u_core.pc_next\[8]
Nets remaining: 15412
Failed to route net _433_
Finished routing net _436_
Nets remaining: 15411
Finished routing net _438_
Nets remaining: 15410
Finished routing net _439_
Nets remaining: 15409
Finished routing net _442_
Nets remaining: 15408
Failed to route net _443_
Failed to route net _444_
Finished routing net \u_core.pc_next\[9]
Nets remaining: 15407
Finished routing net _445_
Nets remaining: 15406
Finished routing net _450_
Nets remaining: 15405
Finished routing net _452_
Nets remaining: 15404
Finished routing net _453_
Nets remaining: 15403
Finished routing net _457_
Nets remaining: 15402
Finished routing net \u_core.pc_next\[10]
Nets remaining: 15401
Finished routing net _459_
Nets remaining: 15400
Finished routing net _461_
Nets remaining: 15399
Finished routing net _462_
Nets remaining: 15398
Finished routing net _463_
Nets remaining: 15397
Finished routing net _465_
Nets remaining: 15396
Failed to route net _466_
Finished routing net _467_
Nets remaining: 15395
Failed to route net _468_
Finished routing net \u_core.pc_next\[11]
Nets remaining: 15394
Finished routing net _469_
Nets remaining: 15393
Finished routing net _470_
Nets remaining: 15392
Failed to route net _471_
Failed to route net _475_
Finished routing net _476_
Nets remaining: 15391
Finished routing net _482_
Nets remaining: 15390
Finished routing net _483_
Nets remaining: 15389
Failed to route net _484_
Finished routing net _488_
Nets remaining: 15388
Finished routing net _490_
Nets remaining: 15387
Finished routing net \u_core.pc_next\[12]
Nets remaining: 15386
Failed to route net _491_
Finished routing net _495_
Nets remaining: 15385
Finished routing net _496_
Nets remaining: 15384
Finished routing net _498_
Nets remaining: 15383
Finished routing net _499_
Nets remaining: 15382
Finished routing net _500_
Nets remaining: 15381
Finished routing net \u_core.pc_next\[13]
Nets remaining: 15380
Finished routing net _501_
Nets remaining: 15379
Finished routing net _504_
Nets remaining: 15378
Failed to route net _506_
Failed to route net _508_
Finished routing net _510_
Nets remaining: 15377
Failed to route net _517_
Failed to route net _518_
Finished routing net \u_core.pc_next\[14]
Nets remaining: 15376
Finished routing net _520_
Nets remaining: 15375
Finished routing net _523_
Nets remaining: 15374
Finished routing net _524_
Nets remaining: 15373
Finished routing net _525_
Nets remaining: 15372
Finished routing net _527_
Nets remaining: 15371
Finished routing net _528_
Nets remaining: 15370
Failed to route net _529_
Failed to route net _531_
Finished routing net _533_
Nets remaining: 15369
Finished routing net _534_
Nets remaining: 15368
Finished routing net _535_
Nets remaining: 15367
Finished routing net \u_core.pc_next\[15]
Nets remaining: 15366
Finished routing net _536_
Nets remaining: 15365
Finished routing net _541_
Nets remaining: 15364
Finished routing net _542_
Nets remaining: 15363
Finished routing net _543_
Nets remaining: 15362
Failed to route net _544_
Finished routing net _545_
Nets remaining: 15361
Finished routing net _546_
Nets remaining: 15360
Finished routing net _547_
Nets remaining: 15359
Finished routing net _551_
Nets remaining: 15358
Failed to route net _555_
Finished routing net _557_
Nets remaining: 15357
Finished routing net _560_
Nets remaining: 15356
Finished routing net _561_
Nets remaining: 15355
Finished routing net _562_
Nets remaining: 15354
Finished routing net \u_core.pc_next\[16]
Nets remaining: 15353
Finished routing net _563_
Nets remaining: 15352
Finished routing net _567_
Nets remaining: 15351
Finished routing net _568_
Nets remaining: 15350
Failed to route net _571_
Finished routing net _572_
Nets remaining: 15349
Finished routing net _573_
Nets remaining: 15348
Finished routing net \u_core.pc_next\[17]
Nets remaining: 15347
Finished routing net _574_
Nets remaining: 15346
Finished routing net _578_
Nets remaining: 15345
Failed to route net _579_
Finished routing net _581_
Nets remaining: 15344
Finished routing net _584_
Nets remaining: 15343
Finished routing net _588_
Nets remaining: 15342
Failed to route net _589_
Finished routing net \u_core.pc_next\[18]
Nets remaining: 15341
Finished routing net _594_
Nets remaining: 15340
Finished routing net _595_
Nets remaining: 15339
Finished routing net _596_
Nets remaining: 15338
Finished routing net _597_
Nets remaining: 15337
Finished routing net _600_
Nets remaining: 15336
Finished routing net _601_
Nets remaining: 15335
Finished routing net _602_
Nets remaining: 15334
Finished routing net \u_core.pc_next\[19]
Nets remaining: 15333
Finished routing net _603_
Nets remaining: 15332
Failed to route net _606_
Finished routing net _610_
Nets remaining: 15331
Failed to route net _613_
Finished routing net _616_
Nets remaining: 15330
Finished routing net _617_
Nets remaining: 15329
Finished routing net _618_
Nets remaining: 15328
Failed to route net \u_core.pc_next\[20]
Failed to route net _621_
Finished routing net _622_
Nets remaining: 15327
Finished routing net _624_
Nets remaining: 15326
Finished routing net _625_
Nets remaining: 15325
Failed to route net _626_
Finished routing net _629_
Nets remaining: 15324
Finished routing net _630_
Nets remaining: 15323
Finished routing net _631_
Nets remaining: 15322
Finished routing net \u_core.pc_next\[21]
Nets remaining: 15321
Finished routing net _632_
Nets remaining: 15320
Finished routing net _633_
Nets remaining: 15319
Finished routing net _638_
Nets remaining: 15318
Finished routing net _640_
Nets remaining: 15317
Finished routing net _642_
Nets remaining: 15316
Finished routing net _643_
Nets remaining: 15315
Finished routing net _647_
Nets remaining: 15314
Failed to route net \u_core.pc_next\[22]
Finished routing net _652_
Nets remaining: 15313
Failed to route net _653_
Finished routing net _654_
Nets remaining: 15312
Finished routing net _655_
Nets remaining: 15311
Finished routing net _656_
Nets remaining: 15310
Finished routing net _658_
Nets remaining: 15309
Finished routing net _659_
Nets remaining: 15308
Finished routing net _660_
Nets remaining: 15307
Finished routing net \u_core.pc_next\[23]
Nets remaining: 15306
Finished routing net _661_
Nets remaining: 15305
Finished routing net _665_
Nets remaining: 15304
Failed to route net _666_
Failed to route net _671_
Finished routing net _677_
Nets remaining: 15303
Finished routing net _679_
Nets remaining: 15302
Finished routing net _681_
Nets remaining: 15301
Finished routing net _682_
Nets remaining: 15300
Finished routing net _683_
Nets remaining: 15299
Finished routing net \u_core.pc_next\[24]
Nets remaining: 15298
Failed to route net _687_
Finished routing net _689_
Nets remaining: 15297
Finished routing net _690_
Nets remaining: 15296
Finished routing net _691_
Nets remaining: 15295
Failed to route net _692_
Failed to route net _694_
Finished routing net _695_
Nets remaining: 15294
Finished routing net _696_
Nets remaining: 15293
Finished routing net \u_core.pc_next\[25]
Nets remaining: 15292
Finished routing net _697_
Nets remaining: 15291
Finished routing net _698_
Nets remaining: 15290
Failed to route net _706_
Failed to route net _709_
Failed to route net _710_
Finished routing net _711_
Nets remaining: 15289
Finished routing net _712_
Nets remaining: 15288
Finished routing net \u_core.pc_next\[26]
Nets remaining: 15287
Finished routing net _713_
Nets remaining: 15286
Finished routing net _717_
Nets remaining: 15285
Failed to route net _718_
Finished routing net _719_
Nets remaining: 15284
Failed to route net _721_
Finished routing net _723_
Nets remaining: 15283
Finished routing net _724_
Nets remaining: 15282
Failed to route net _725_
Finished routing net \u_core.pc_next\[27]
Nets remaining: 15281
Finished routing net _726_
Nets remaining: 15280
Failed to route net _730_
Finished routing net _734_
Nets remaining: 15279
Finished routing net _735_
Nets remaining: 15278
Finished routing net _21_
Nets remaining: 15277
Finished routing net _24_
Nets remaining: 15276
Failed to route net _25_
Failed to route net _26_
Finished routing net \u_core.pc_next\[28]
Nets remaining: 15275
Finished routing net _31_
Nets remaining: 15274
Failed to route net _32_
Failed to route net _33_
Failed to route net _34_
Failed to route net _37_
Finished routing net _38_
Nets remaining: 15273
Finished routing net _39_
Nets remaining: 15272
Finished routing net \u_core.pc_next\[29]
Nets remaining: 15271
Finished routing net _40_
Nets remaining: 15270
Finished routing net _44_
Nets remaining: 15269
Finished routing net _47_
Nets remaining: 15268
Finished routing net _49_
Nets remaining: 15267
Failed to route net _51_
Finished routing net _52_
Nets remaining: 15266
Finished routing net _53_
Nets remaining: 15265
Finished routing net _56_
Nets remaining: 15264
Finished routing net _57_
Nets remaining: 15263
Failed to route net _58_
Finished routing net \u_core.pc_next\[30]
Nets remaining: 15262
Failed to route net _59_
Finished routing net _60_
Nets remaining: 15261
Failed to route net _63_
Finished routing net _64_
Nets remaining: 15260
Failed to route net _65_
Failed to route net _66_
Finished routing net _68_
Nets remaining: 15259
Finished routing net _70_
Nets remaining: 15258
Failed to route net _71_
Failed to route net \u_core.pc_next\[31]
Finished routing net \u_core.dbg_data\[8]
Nets remaining: 15257
Failed to route net _73_
Failed to route net \u_core.dbg_data\[16]
Finished routing net _75_
Nets remaining: 15256
Finished routing net _76_
Nets remaining: 15255
Finished routing net \u_core.dbg_data\[0]
Nets remaining: 15254
Finished routing net \u_core.dbg_data\[24]
Nets remaining: 15253
Finished routing net _79_
Nets remaining: 15252
Finished routing net _16949_[0]
Nets remaining: 15251
Finished routing net \u_core.dbg_data\[9]
Nets remaining: 15250
Finished routing net _80_
Nets remaining: 15249
Finished routing net \u_core.dbg_data\[17]
Nets remaining: 15248
Finished routing net _81_
Nets remaining: 15247
Finished routing net \u_core.dbg_data\[1]
Nets remaining: 15246
Finished routing net \u_core.dbg_data\[25]
Nets remaining: 15245
Finished routing net _82_
Nets remaining: 15244
Finished routing net _16949_[1]
Nets remaining: 15243
Finished routing net \u_core.dbg_data\[10]
Nets remaining: 15242
Finished routing net _83_
Nets remaining: 15241
Failed to route net \u_core.dbg_data\[18]
Finished routing net _84_
Nets remaining: 15240
Failed to route net \u_core.dbg_data\[2]
Failed to route net \u_core.dbg_data\[26]
Finished routing net _85_
Nets remaining: 15239
Finished routing net _16949_[2]
Nets remaining: 15238
Finished routing net \u_core.dbg_data\[11]
Nets remaining: 15237
Finished routing net _86_
Nets remaining: 15236
Finished routing net \u_core.dbg_data\[19]
Nets remaining: 15235
Finished routing net _87_
Nets remaining: 15234
Finished routing net \u_core.dbg_data\[3]
Nets remaining: 15233
Failed to route net \u_core.dbg_data\[27]
Finished routing net _88_
Nets remaining: 15232
Finished routing net _16949_[3]
Nets remaining: 15231
Finished routing net \u_core.dbg_data\[12]
Nets remaining: 15230
Finished routing net _89_
Nets remaining: 15229
Finished routing net \u_core.dbg_data\[20]
Nets remaining: 15228
Finished routing net _90_
Nets remaining: 15227
Finished routing net \u_core.dbg_data\[4]
Nets remaining: 15226
Finished routing net \u_core.dbg_data\[28]
Nets remaining: 15225
Finished routing net _91_
Nets remaining: 15224
Finished routing net _16949_[4]
Nets remaining: 15223
Finished routing net \u_core.dbg_data\[13]
Nets remaining: 15222
Finished routing net _92_
Nets remaining: 15221
Finished routing net \u_core.dbg_data\[21]
Nets remaining: 15220
Finished routing net _93_
Nets remaining: 15219
Finished routing net \u_core.dbg_data\[5]
Nets remaining: 15218
Failed to route net \u_core.dbg_data\[29]
Finished routing net _94_
Nets remaining: 15217
Finished routing net _16949_[5]
Nets remaining: 15216
Finished routing net \u_core.dbg_data\[14]
Nets remaining: 15215
Finished routing net _95_
Nets remaining: 15214
Finished routing net \u_core.dbg_data\[22]
Nets remaining: 15213
Finished routing net _96_
Nets remaining: 15212
Finished routing net \u_core.dbg_data\[6]
Nets remaining: 15211
Failed to route net \u_core.dbg_data\[30]
Finished routing net _97_
Nets remaining: 15210
Finished routing net _16949_[6]
Nets remaining: 15209
Failed to route net \u_core.dbg_data\[15]
Failed to route net _98_
Finished routing net \u_core.dbg_data\[23]
Nets remaining: 15208
Failed to route net _99_
Finished routing net \u_core.dbg_data\[7]
Nets remaining: 15207
Failed to route net \u_core.dbg_data\[31]
Finished routing net _100_
Nets remaining: 15206
Finished routing net _16949_[7]
Nets remaining: 15205
Failed to route net _105_
Finished routing net \u_core.dmem_rdata\[0]
Nets remaining: 15204
Finished routing net _108_
Nets remaining: 15203
Finished routing net _109_
Nets remaining: 15202
Finished routing net \u_core.dmem_rdata\[1]
Nets remaining: 15201
Finished routing net _110_
Nets remaining: 15200
Failed to route net _111_
Finished routing net \u_core.dmem_rdata\[2]
Nets remaining: 15199
Finished routing net _112_
Nets remaining: 15198
Finished routing net _113_
Nets remaining: 15197
Finished routing net \u_core.dmem_rdata\[3]
Nets remaining: 15196
Failed to route net _114_
Failed to route net _115_
Finished routing net \u_core.dmem_rdata\[4]
Nets remaining: 15195
Finished routing net _116_
Nets remaining: 15194
Finished routing net _117_
Nets remaining: 15193
Finished routing net _118_
Nets remaining: 15192
Failed to route net \u_core.dmem_rdata\[5]
Finished routing net _119_
Nets remaining: 15191
Failed to route net _120_
Failed to route net _121_
Finished routing net \u_core.dmem_rdata\[6]
Nets remaining: 15190
Failed to route net _122_
Finished routing net _123_
Nets remaining: 15189
Finished routing net \u_core.dmem_rdata\[7]
Nets remaining: 15188
Finished routing net _124_
Nets remaining: 15187
Failed to route net _125_
Finished routing net _126_
Nets remaining: 15186
Failed to route net _127_
Failed to route net \u_core.dmem_rdata\[8]
Finished routing net _128_
Nets remaining: 15185
Finished routing net _129_
Nets remaining: 15184
Finished routing net _130_
Nets remaining: 15183
Failed to route net _131_
Finished routing net \u_core.dmem_rdata\[9]
Nets remaining: 15182
Finished routing net _132_
Nets remaining: 15181
Failed to route net _133_
Finished routing net _134_
Nets remaining: 15180
Finished routing net \u_core.dmem_rdata\[10]
Nets remaining: 15179
Finished routing net _135_
Nets remaining: 15178
Finished routing net _136_
Nets remaining: 15177
Finished routing net _137_
Nets remaining: 15176
Finished routing net \u_core.dmem_rdata\[11]
Nets remaining: 15175
Finished routing net _138_
Nets remaining: 15174
Finished routing net _139_
Nets remaining: 15173
Failed to route net _140_
Finished routing net \u_core.dmem_rdata\[12]
Nets remaining: 15172
Failed to route net _141_
Finished routing net _142_
Nets remaining: 15171
Finished routing net \u_core.dmem_rdata\[13]
Nets remaining: 15170
Finished routing net _143_
Nets remaining: 15169
Finished routing net _144_
Nets remaining: 15168
Finished routing net _145_
Nets remaining: 15167
Failed to route net _146_
Finished routing net \u_core.dmem_rdata\[14]
Nets remaining: 15166
Finished routing net _147_
Nets remaining: 15165
Finished routing net _148_
Nets remaining: 15164
Finished routing net \u_core.dmem_rdata\[15]
Nets remaining: 15163
Finished routing net _149_
Nets remaining: 15162
Finished routing net _150_
Nets remaining: 15161
Finished routing net _151_
Nets remaining: 15160
Finished routing net \u_core.dmem_rdata\[16]
Nets remaining: 15159
Finished routing net _152_
Nets remaining: 15158
Finished routing net _153_
Nets remaining: 15157
Failed to route net _154_
Finished routing net _155_
Nets remaining: 15156
Finished routing net \u_core.dmem_rdata\[17]
Nets remaining: 15155
Finished routing net _156_
Nets remaining: 15154
Finished routing net _157_
Nets remaining: 15153
Failed to route net _158_
Finished routing net \u_core.dmem_rdata\[18]
Nets remaining: 15152
Finished routing net _159_
Nets remaining: 15151
Finished routing net _160_
Nets remaining: 15150
Finished routing net _161_
Nets remaining: 15149
Finished routing net _162_
Nets remaining: 15148
Finished routing net \u_core.dmem_rdata\[19]
Nets remaining: 15147
Finished routing net _163_
Nets remaining: 15146
Finished routing net _164_
Nets remaining: 15145
Finished routing net _165_
Nets remaining: 15144
Finished routing net \u_core.dmem_rdata\[20]
Nets remaining: 15143
Failed to route net _166_
Finished routing net _167_
Nets remaining: 15142
Finished routing net _168_
Nets remaining: 15141
Finished routing net _169_
Nets remaining: 15140
Finished routing net \u_core.dmem_rdata\[21]
Nets remaining: 15139
Finished routing net _170_
Nets remaining: 15138
Finished routing net _171_
Nets remaining: 15137
Finished routing net _172_
Nets remaining: 15136
Failed to route net \u_core.dmem_rdata\[22]
Finished routing net _173_
Nets remaining: 15135
Finished routing net _174_
Nets remaining: 15134
Failed to route net \u_core.dmem_rdata\[23]
Failed to route net _175_
Failed to route net _176_
Failed to route net _177_
Finished routing net \u_core.dmem_rdata\[24]
Nets remaining: 15133
Finished routing net _178_
Nets remaining: 15132
Finished routing net _179_
Nets remaining: 15131
Failed to route net \u_core.dmem_rdata\[25]
Finished routing net _180_
Nets remaining: 15130
Finished routing net _181_
Nets remaining: 15129
Finished routing net _182_
Nets remaining: 15128
Failed to route net \u_core.dmem_rdata\[26]
Failed to route net _183_
Finished routing net _184_
Nets remaining: 15127
Finished routing net _185_
Nets remaining: 15126
Failed to route net _186_
Failed to route net \u_core.dmem_rdata\[27]
Failed to route net _187_
Finished routing net _188_
Nets remaining: 15125
Failed to route net _189_
Failed to route net \u_core.dmem_rdata\[28]
Finished routing net _190_
Nets remaining: 15124
Finished routing net _191_
Nets remaining: 15123
Failed to route net _192_
Finished routing net _193_
Nets remaining: 15122
Failed to route net \u_core.dmem_rdata\[29]
Finished routing net _194_
Nets remaining: 15121
Finished routing net _195_
Nets remaining: 15120
Finished routing net _196_
Nets remaining: 15119
Failed to route net \u_core.dmem_rdata\[30]
Finished routing net _197_
Nets remaining: 15118
Finished routing net _198_
Nets remaining: 15117
Failed to route net _199_
Failed to route net _200_
Failed to route net \u_core.dmem_rdata\[31]
Finished routing net _201_
Nets remaining: 15116
Finished routing net _885_
Nets remaining: 15115
Finished routing net _960_
Nets remaining: 15114
Finished routing net _981_
Nets remaining: 15113
Finished routing net _1183_
Nets remaining: 15112
Finished routing net _1194_
Nets remaining: 15111
Finished routing net _1257_
Nets remaining: 15110
Finished routing net _1279_
Nets remaining: 15109
Finished routing net _1288_
Nets remaining: 15108
Finished routing net _1291_
Nets remaining: 15107
Finished routing net _1306_
Nets remaining: 15106
Finished routing net _1310_
Nets remaining: 15105
Finished routing net _1314_
Nets remaining: 15104
Finished routing net _1327_
Nets remaining: 15103
Finished routing net _1330_
Nets remaining: 15102
Finished routing net _1334_
Nets remaining: 15101
Finished routing net _1335_
Nets remaining: 15100
Finished routing net _1336_
Nets remaining: 15099
Finished routing net _1337_
Nets remaining: 15098
Finished routing net _1338_
Nets remaining: 15097
Finished routing net _1339_
Nets remaining: 15096
Finished routing net _1342_
Nets remaining: 15095
Finished routing net _1343_
Nets remaining: 15094
Finished routing net _1344_
Nets remaining: 15093
Finished routing net _1345_
Nets remaining: 15092
Finished routing net _1346_
Nets remaining: 15091
Finished routing net _1347_
Nets remaining: 15090
Finished routing net _1350_
Nets remaining: 15089
Finished routing net _1352_
Nets remaining: 15088
Finished routing net _1353_
Nets remaining: 15087
Finished routing net _1354_
Nets remaining: 15086
Finished routing net _1355_
Nets remaining: 15085
Finished routing net _1357_
Nets remaining: 15084
Finished routing net _1358_
Nets remaining: 15083
Finished routing net _1359_
Nets remaining: 15082
Finished routing net _1360_
Nets remaining: 15081
Finished routing net _1361_
Nets remaining: 15080
Finished routing net _1362_
Nets remaining: 15079
Failed to route net _1363_
Finished routing net _1365_
Nets remaining: 15078
Finished routing net _1366_
Nets remaining: 15077
Finished routing net _1367_
Nets remaining: 15076
Finished routing net _1368_
Nets remaining: 15075
Finished routing net _1370_
Nets remaining: 15074
Failed to route net _1371_
Finished routing net _1372_
Nets remaining: 15073
Failed to route net _1373_
Finished routing net _1374_
Nets remaining: 15072
Failed to route net _1376_
Failed to route net _1377_
Failed to route net _1378_
Failed to route net _1379_
Finished routing net _1380_
Nets remaining: 15071
Failed to route net _1381_
Finished routing net _1382_
Nets remaining: 15070
Finished routing net _1383_
Nets remaining: 15069
Finished routing net _1384_
Nets remaining: 15068
Finished routing net _1386_
Nets remaining: 15067
Finished routing net _1389_
Nets remaining: 15066
Finished routing net _1390_
Nets remaining: 15065
Finished routing net _1391_
Nets remaining: 15064
Finished routing net _1393_
Nets remaining: 15063
Failed to route net _1394_
Failed to route net _1395_
Finished routing net _1396_
Nets remaining: 15062
Failed to route net _1399_
Finished routing net _1402_
Nets remaining: 15061
Finished routing net _1405_
Nets remaining: 15060
Finished routing net _1406_
Nets remaining: 15059
Finished routing net _1407_
Nets remaining: 15058
Finished routing net _1414_
Nets remaining: 15057
Finished routing net _1417_
Nets remaining: 15056
Finished routing net _1421_
Nets remaining: 15055
Finished routing net _1429_
Nets remaining: 15054
Finished routing net _1431_
Nets remaining: 15053
Finished routing net _1432_
Nets remaining: 15052
Finished routing net _1434_
Nets remaining: 15051
Finished routing net _1435_
Nets remaining: 15050
Failed to route net _1436_
Finished routing net _1437_
Nets remaining: 15049
Finished routing net _1441_
Nets remaining: 15048
Finished routing net _1443_
Nets remaining: 15047
Finished routing net _1445_
Nets remaining: 15046
Finished routing net _1448_
Nets remaining: 15045
Finished routing net _1450_
Nets remaining: 15044
Finished routing net _1452_
Nets remaining: 15043
Finished routing net _1455_
Nets remaining: 15042
Failed to route net _1457_
Finished routing net _1459_
Nets remaining: 15041
Finished routing net _1468_
Nets remaining: 15040
Finished routing net _1475_
Nets remaining: 15039
Finished routing net _1477_
Nets remaining: 15038
Finished routing net _1480_
Nets remaining: 15037
Finished routing net _1485_
Nets remaining: 15036
Finished routing net _1490_
Nets remaining: 15035
Finished routing net _1492_
Nets remaining: 15034
Finished routing net _1493_
Nets remaining: 15033
Finished routing net _1494_
Nets remaining: 15032
Finished routing net _1495_
Nets remaining: 15031
Failed to route net _1498_
Finished routing net _1501_
Nets remaining: 15030
Finished routing net _1503_
Nets remaining: 15029
Finished routing net _1505_
Nets remaining: 15028
Finished routing net _1510_
Nets remaining: 15027
Finished routing net _1515_
Nets remaining: 15026
Finished routing net _1517_
Nets remaining: 15025
Finished routing net _1520_
Nets remaining: 15024
Finished routing net _1523_
Nets remaining: 15023
Finished routing net _1526_
Nets remaining: 15022
Failed to route net _1530_
Finished routing net _1534_
Nets remaining: 15021
Failed to route net _1540_
Finished routing net _1542_
Nets remaining: 15020
Finished routing net _1544_
Nets remaining: 15019
Finished routing net _1546_
Nets remaining: 15018
Finished routing net _1550_
Nets remaining: 15017
Finished routing net _1554_
Nets remaining: 15016
Finished routing net _1555_
Nets remaining: 15015
Finished routing net _1559_
Nets remaining: 15014
Finished routing net _1562_
Nets remaining: 15013
Finished routing net _1563_
Nets remaining: 15012
Finished routing net _1565_
Nets remaining: 15011
Finished routing net _1566_
Nets remaining: 15010
Finished routing net _1568_
Nets remaining: 15009
Finished routing net _1570_
Nets remaining: 15008
Finished routing net _1571_
Nets remaining: 15007
Finished routing net _1572_
Nets remaining: 15006
Failed to route net _1573_
Finished routing net _1575_
Nets remaining: 15005
Finished routing net _1580_
Nets remaining: 15004
Failed to route net _1581_
Finished routing net _1584_
Nets remaining: 15003
Finished routing net _1585_
Nets remaining: 15002
Failed to route net _1587_
Finished routing net _1591_
Nets remaining: 15001
Finished routing net _1593_
Nets remaining: 15000
Finished routing net _1597_
Nets remaining: 14999
Failed to route net _1598_
Finished routing net _1599_
Nets remaining: 14998
Finished routing net _1601_
Nets remaining: 14997
Finished routing net _1602_
Nets remaining: 14996
Finished routing net _1609_
Nets remaining: 14995
Failed to route net _1610_
Finished routing net _1612_
Nets remaining: 14994
Finished routing net _1614_
Nets remaining: 14993
Finished routing net _1616_
Nets remaining: 14992
Finished routing net _1617_
Nets remaining: 14991
Finished routing net _1618_
Nets remaining: 14990
Finished routing net _1619_
Nets remaining: 14989
Finished routing net _1620_
Nets remaining: 14988
Finished routing net _1621_
Nets remaining: 14987
Finished routing net _1622_
Nets remaining: 14986
Finished routing net _1623_
Nets remaining: 14985
Finished routing net _1625_
Nets remaining: 14984
Failed to route net _1626_
Finished routing net _1628_
Nets remaining: 14983
Finished routing net _1629_
Nets remaining: 14982
Finished routing net _1630_
Nets remaining: 14981
Finished routing net _1631_
Nets remaining: 14980
Finished routing net _1636_
Nets remaining: 14979
Finished routing net _1638_
Nets remaining: 14978
Finished routing net _1640_
Nets remaining: 14977
Finished routing net _1643_
Nets remaining: 14976
Finished routing net _1644_
Nets remaining: 14975
Finished routing net _1645_
Nets remaining: 14974
Finished routing net _1646_
Nets remaining: 14973
Finished routing net _1647_
Nets remaining: 14972
Failed to route net _1649_
Finished routing net _1650_
Nets remaining: 14971
Failed to route net _1652_
Finished routing net _1654_
Nets remaining: 14970
Finished routing net _1656_
Nets remaining: 14969
Finished routing net _1657_
Nets remaining: 14968
Finished routing net _1658_
Nets remaining: 14967
Finished routing net _1660_
Nets remaining: 14966
Finished routing net _1662_
Nets remaining: 14965
Failed to route net _1665_
Finished routing net _1666_
Nets remaining: 14964
Failed to route net _1668_
Finished routing net _1671_
Nets remaining: 14963
Finished routing net _1672_
Nets remaining: 14962
Finished routing net _1679_
Nets remaining: 14961
Finished routing net _1680_
Nets remaining: 14960
Finished routing net _1684_
Nets remaining: 14959
Finished routing net _1686_
Nets remaining: 14958
Finished routing net _1688_
Nets remaining: 14957
Finished routing net _1689_
Nets remaining: 14956
Finished routing net _1690_
Nets remaining: 14955
Finished routing net _1691_
Nets remaining: 14954
Failed to route net _1693_
Finished routing net _1694_
Nets remaining: 14953
Finished routing net _1695_
Nets remaining: 14952
Finished routing net _1696_
Nets remaining: 14951
Finished routing net _1698_
Nets remaining: 14950
Finished routing net _1700_
Nets remaining: 14949
Finished routing net _1703_
Nets remaining: 14948
Finished routing net _1704_
Nets remaining: 14947
Finished routing net _1705_
Nets remaining: 14946
Finished routing net _1706_
Nets remaining: 14945
Finished routing net _1707_
Nets remaining: 14944
Finished routing net _1708_
Nets remaining: 14943
Failed to route net _1710_
Finished routing net _1712_
Nets remaining: 14942
Finished routing net _1713_
Nets remaining: 14941
Finished routing net _1716_
Nets remaining: 14940
Finished routing net _1717_
Nets remaining: 14939
Finished routing net _1718_
Nets remaining: 14938
Failed to route net _1720_
Finished routing net _1721_
Nets remaining: 14937
Finished routing net _1724_
Nets remaining: 14936
Finished routing net _1725_
Nets remaining: 14935
Finished routing net _1726_
Nets remaining: 14934
Finished routing net _1727_
Nets remaining: 14933
Finished routing net _1728_
Nets remaining: 14932
Finished routing net _1730_
Nets remaining: 14931
Finished routing net _1731_
Nets remaining: 14930
Finished routing net _1732_
Nets remaining: 14929
Finished routing net _1734_
Nets remaining: 14928
Finished routing net _1739_
Nets remaining: 14927
Finished routing net _1740_
Nets remaining: 14926
Finished routing net _1741_
Nets remaining: 14925
Finished routing net _1742_
Nets remaining: 14924
Finished routing net _1743_
Nets remaining: 14923
Finished routing net _1744_
Nets remaining: 14922
Finished routing net _1745_
Nets remaining: 14921
Finished routing net _1747_
Nets remaining: 14920
Finished routing net _1749_
Nets remaining: 14919
Finished routing net _1750_
Nets remaining: 14918
Failed to route net _1752_
Finished routing net _1753_
Nets remaining: 14917
Finished routing net _1756_
Nets remaining: 14916
Finished routing net _1757_
Nets remaining: 14915
Failed to route net _1758_
Finished routing net _1759_
Nets remaining: 14914
Finished routing net _1761_
Nets remaining: 14913
Finished routing net _1762_
Nets remaining: 14912
Finished routing net _1764_
Nets remaining: 14911
Finished routing net _1766_
Nets remaining: 14910
Finished routing net _1767_
Nets remaining: 14909
Finished routing net _1769_
Nets remaining: 14908
Finished routing net _1770_
Nets remaining: 14907
Failed to route net _1771_
Finished routing net _1772_
Nets remaining: 14906
Finished routing net _1773_
Nets remaining: 14905
Finished routing net _1774_
Nets remaining: 14904
Finished routing net _1775_
Nets remaining: 14903
Failed to route net _1778_
Finished routing net _1781_
Nets remaining: 14902
Finished routing net _1782_
Nets remaining: 14901
Failed to route net _1783_
Finished routing net _1784_
Nets remaining: 14900
Finished routing net _1785_
Nets remaining: 14899
Finished routing net _1786_
Nets remaining: 14898
Finished routing net _1788_
Nets remaining: 14897
Finished routing net _1789_
Nets remaining: 14896
Finished routing net _1790_
Nets remaining: 14895
Finished routing net _1792_
Nets remaining: 14894
Finished routing net _1793_
Nets remaining: 14893
Finished routing net _1795_
Nets remaining: 14892
Finished routing net _1796_
Nets remaining: 14891
Finished routing net _1797_
Nets remaining: 14890
Finished routing net _1798_
Nets remaining: 14889
Finished routing net _1799_
Nets remaining: 14888
Finished routing net _1800_
Nets remaining: 14887
Finished routing net _1802_
Nets remaining: 14886
Failed to route net _1804_
Finished routing net _1806_
Nets remaining: 14885
Finished routing net _1808_
Nets remaining: 14884
Finished routing net _1809_
Nets remaining: 14883
Finished routing net _1810_
Nets remaining: 14882
Finished routing net _1812_
Nets remaining: 14881
Finished routing net _1816_
Nets remaining: 14880
Failed to route net _1817_
Finished routing net _1818_
Nets remaining: 14879
Finished routing net _1819_
Nets remaining: 14878
Failed to route net _1820_
Finished routing net _1821_
Nets remaining: 14877
Finished routing net _1823_
Nets remaining: 14876
Finished routing net _1829_
Nets remaining: 14875
Finished routing net _1831_
Nets remaining: 14874
Finished routing net _1832_
Nets remaining: 14873
Failed to route net _1833_
Finished routing net _1834_
Nets remaining: 14872
Finished routing net _1838_
Nets remaining: 14871
Finished routing net _1839_
Nets remaining: 14870
Finished routing net _1841_
Nets remaining: 14869
Finished routing net _1842_
Nets remaining: 14868
Finished routing net _1844_
Nets remaining: 14867
Finished routing net _1846_
Nets remaining: 14866
Finished routing net _1847_
Nets remaining: 14865
Finished routing net _1849_
Nets remaining: 14864
Failed to route net _1850_
Failed to route net _1851_
Finished routing net _1852_
Nets remaining: 14863
Finished routing net _1855_
Nets remaining: 14862
Finished routing net _1857_
Nets remaining: 14861
Finished routing net _1858_
Nets remaining: 14860
Finished routing net _1860_
Nets remaining: 14859
Finished routing net _1861_
Nets remaining: 14858
Finished routing net _1862_
Nets remaining: 14857
Finished routing net _1863_
Nets remaining: 14856
Finished routing net _1864_
Nets remaining: 14855
Finished routing net _1869_
Nets remaining: 14854
Failed to route net _1871_
Failed to route net _1872_
Finished routing net _1873_
Nets remaining: 14853
Finished routing net _1874_
Nets remaining: 14852
Finished routing net _1875_
Nets remaining: 14851
Failed to route net _1877_
Finished routing net _1881_
Nets remaining: 14850
Finished routing net _1882_
Nets remaining: 14849
Finished routing net _1883_
Nets remaining: 14848
Finished routing net _1889_
Nets remaining: 14847
Failed to route net _1890_
Failed to route net _1891_
Finished routing net _1893_
Nets remaining: 14846
Finished routing net _1894_
Nets remaining: 14845
Finished routing net _1895_
Nets remaining: 14844
Failed to route net _1896_
Finished routing net _1897_
Nets remaining: 14843
Finished routing net _1898_
Nets remaining: 14842
Finished routing net _1899_
Nets remaining: 14841
Failed to route net _1900_
Finished routing net _1902_
Nets remaining: 14840
Finished routing net _1903_
Nets remaining: 14839
Finished routing net _1906_
Nets remaining: 14838
Failed to route net _1908_
Finished routing net _1909_
Nets remaining: 14837
Finished routing net _1910_
Nets remaining: 14836
Failed to route net _1911_
Finished routing net _1912_
Nets remaining: 14835
Finished routing net _1913_
Nets remaining: 14834
Failed to route net _1918_
Failed to route net _1921_
Finished routing net _1922_
Nets remaining: 14833
Finished routing net _1924_
Nets remaining: 14832
Finished routing net _1925_
Nets remaining: 14831
Failed to route net _1926_
Failed to route net _1928_
Finished routing net _1929_
Nets remaining: 14830
Finished routing net _1930_
Nets remaining: 14829
Finished routing net _1931_
Nets remaining: 14828
Finished routing net _1932_
Nets remaining: 14827
Finished routing net _1934_
Nets remaining: 14826
Finished routing net _1936_
Nets remaining: 14825
Finished routing net _1938_
Nets remaining: 14824
Finished routing net _1939_
Nets remaining: 14823
Finished routing net _1941_
Nets remaining: 14822
Failed to route net _1942_
Finished routing net _1943_
Nets remaining: 14821
Finished routing net _1944_
Nets remaining: 14820
Failed to route net _1947_
Finished routing net _1948_
Nets remaining: 14819
Finished routing net _1953_
Nets remaining: 14818
Failed to route net _1957_
Finished routing net _1960_
Nets remaining: 14817
Finished routing net _1964_
Nets remaining: 14816
Failed to route net _1965_
Finished routing net _1966_
Nets remaining: 14815
Finished routing net _1967_
Nets remaining: 14814
Failed to route net _1970_
Failed to route net _1972_
Finished routing net _1975_
Nets remaining: 14813
Finished routing net _1976_
Nets remaining: 14812
Finished routing net _1977_
Nets remaining: 14811
Failed to route net _1978_
Finished routing net _1979_
Nets remaining: 14810
Finished routing net _1980_
Nets remaining: 14809
Finished routing net _1981_
Nets remaining: 14808
Finished routing net _1983_
Nets remaining: 14807
Finished routing net _1985_
Nets remaining: 14806
Finished routing net _1987_
Nets remaining: 14805
Finished routing net _1988_
Nets remaining: 14804
Finished routing net _1991_
Nets remaining: 14803
Finished routing net _1992_
Nets remaining: 14802
Finished routing net _1994_
Nets remaining: 14801
Finished routing net _1995_
Nets remaining: 14800
Finished routing net _1996_
Nets remaining: 14799
Failed to route net _1997_
Finished routing net _1998_
Nets remaining: 14798
Finished routing net _1999_
Nets remaining: 14797
Finished routing net _2001_
Nets remaining: 14796
Failed to route net _2002_
Finished routing net _2003_
Nets remaining: 14795
Finished routing net _2004_
Nets remaining: 14794
Finished routing net _2007_
Nets remaining: 14793
Finished routing net _2009_
Nets remaining: 14792
Finished routing net _2011_
Nets remaining: 14791
Finished routing net _2012_
Nets remaining: 14790
Finished routing net _2013_
Nets remaining: 14789
Finished routing net _2014_
Nets remaining: 14788
Finished routing net _2015_
Nets remaining: 14787
Finished routing net _2021_
Nets remaining: 14786
Finished routing net _2022_
Nets remaining: 14785
Failed to route net _2023_
Finished routing net _2025_
Nets remaining: 14784
Finished routing net _2026_
Nets remaining: 14783
Finished routing net _2028_
Nets remaining: 14782
Failed to route net _2029_
Finished routing net _2030_
Nets remaining: 14781
Failed to route net _2031_
Failed to route net _2032_
Finished routing net _2033_
Nets remaining: 14780
Finished routing net _2035_
Nets remaining: 14779
Finished routing net _2037_
Nets remaining: 14778
Failed to route net _2039_
Finished routing net _2041_
Nets remaining: 14777
Failed to route net _2042_
Finished routing net _2043_
Nets remaining: 14776
Finished routing net _2044_
Nets remaining: 14775
Finished routing net _2045_
Nets remaining: 14774
Finished routing net _2046_
Nets remaining: 14773
Finished routing net _2048_
Nets remaining: 14772
Finished routing net _2049_
Nets remaining: 14771
Finished routing net _2051_
Nets remaining: 14770
Finished routing net _2052_
Nets remaining: 14769
Finished routing net _2054_
Nets remaining: 14768
Finished routing net _2057_
Nets remaining: 14767
Finished routing net _2058_
Nets remaining: 14766
Finished routing net _2060_
Nets remaining: 14765
Finished routing net _2061_
Nets remaining: 14764
Finished routing net _2062_
Nets remaining: 14763
Finished routing net _2063_
Nets remaining: 14762
Finished routing net _2064_
Nets remaining: 14761
Finished routing net _740_
Nets remaining: 14760
Finished routing net _741_
Nets remaining: 14759
Finished routing net _743_
Nets remaining: 14758
Finished routing net _745_
Nets remaining: 14757
Finished routing net _747_
Nets remaining: 14756
Failed to route net _748_
Failed to route net _749_
Failed to route net _750_
Finished routing net _754_
Nets remaining: 14755
Finished routing net _755_
Nets remaining: 14754
Finished routing net _757_
Nets remaining: 14753
Finished routing net _761_
Nets remaining: 14752
Finished routing net _762_
Nets remaining: 14751
Finished routing net _764_
Nets remaining: 14750
Finished routing net _767_
Nets remaining: 14749
Finished routing net _771_
Nets remaining: 14748
Finished routing net _773_
Nets remaining: 14747
Finished routing net _774_
Nets remaining: 14746
Failed to route net _775_
Finished routing net _777_
Nets remaining: 14745
Finished routing net _781_
Nets remaining: 14744
Finished routing net _782_
Nets remaining: 14743
Finished routing net _783_
Nets remaining: 14742
Finished routing net _784_
Nets remaining: 14741
Finished routing net _785_
Nets remaining: 14740
Failed to route net _786_
Finished routing net _787_
Nets remaining: 14739
Finished routing net _788_
Nets remaining: 14738
Finished routing net _792_
Nets remaining: 14737
Finished routing net _797_
Nets remaining: 14736
Finished routing net _798_
Nets remaining: 14735
Finished routing net _799_
Nets remaining: 14734
Finished routing net _804_
Nets remaining: 14733
Finished routing net _805_
Nets remaining: 14732
Finished routing net _807_
Nets remaining: 14731
Finished routing net _808_
Nets remaining: 14730
Finished routing net _809_
Nets remaining: 14729
Finished routing net _810_
Nets remaining: 14728
Finished routing net _812_
Nets remaining: 14727
Failed to route net _813_
Finished routing net _814_
Nets remaining: 14726
Finished routing net _815_
Nets remaining: 14725
Finished routing net _816_
Nets remaining: 14724
Finished routing net _817_
Nets remaining: 14723
Finished routing net _819_
Nets remaining: 14722
Finished routing net _826_
Nets remaining: 14721
Finished routing net _827_
Nets remaining: 14720
Finished routing net _830_
Nets remaining: 14719
Failed to route net _833_
Finished routing net _834_
Nets remaining: 14718
Finished routing net _836_
Nets remaining: 14717
Failed to route net _838_
Finished routing net _840_
Nets remaining: 14716
Finished routing net _841_
Nets remaining: 14715
Failed to route net _842_
Finished routing net _844_
Nets remaining: 14714
Finished routing net _845_
Nets remaining: 14713
Failed to route net _846_
Finished routing net _847_
Nets remaining: 14712
Finished routing net _850_
Nets remaining: 14711
Finished routing net _854_
Nets remaining: 14710
Finished routing net _857_
Nets remaining: 14709
Finished routing net _858_
Nets remaining: 14708
Finished routing net _859_
Nets remaining: 14707
Finished routing net _860_
Nets remaining: 14706
Failed to route net _861_
Finished routing net _862_
Nets remaining: 14705
Finished routing net _863_
Nets remaining: 14704
Failed to route net _866_
Finished routing net _868_
Nets remaining: 14703
Finished routing net _870_
Nets remaining: 14702
Failed to route net _871_
Failed to route net _872_
Finished routing net _873_
Nets remaining: 14701
Finished routing net _874_
Nets remaining: 14700
Failed to route net _876_
Finished routing net _877_
Nets remaining: 14699
Finished routing net _879_
Nets remaining: 14698
Finished routing net _881_
Nets remaining: 14697
Finished routing net _882_
Nets remaining: 14696
Failed to route net _893_
Finished routing net _894_
Nets remaining: 14695
Failed to route net _898_
Finished routing net _899_
Nets remaining: 14694
Failed to route net _900_
Finished routing net _905_
Nets remaining: 14693
Finished routing net _906_
Nets remaining: 14692
Finished routing net _908_
Nets remaining: 14691
Finished routing net _909_
Nets remaining: 14690
Failed to route net _910_
Finished routing net _911_
Nets remaining: 14689
Finished routing net _912_
Nets remaining: 14688
Failed to route net _913_
Finished routing net _915_
Nets remaining: 14687
Finished routing net _919_
Nets remaining: 14686
Failed to route net _921_
Failed to route net _922_
Finished routing net _925_
Nets remaining: 14685
Finished routing net _926_
Nets remaining: 14684
Failed to route net _927_
Finished routing net _930_
Nets remaining: 14683
Finished routing net _932_
Nets remaining: 14682
Finished routing net _934_
Nets remaining: 14681
Finished routing net _935_
Nets remaining: 14680
Finished routing net _936_
Nets remaining: 14679
Finished routing net _937_
Nets remaining: 14678
Failed to route net _938_
Finished routing net _940_
Nets remaining: 14677
Finished routing net _941_
Nets remaining: 14676
Finished routing net _942_
Nets remaining: 14675
Finished routing net _943_
Nets remaining: 14674
Finished routing net _950_
Nets remaining: 14673
Failed to route net _951_
Finished routing net _954_
Nets remaining: 14672
Finished routing net _955_
Nets remaining: 14671
Finished routing net _956_
Nets remaining: 14670
Finished routing net _957_
Nets remaining: 14669
Finished routing net _959_
Nets remaining: 14668
Finished routing net _961_
Nets remaining: 14667
Finished routing net _963_
Nets remaining: 14666
Finished routing net _964_
Nets remaining: 14665
Finished routing net _966_
Nets remaining: 14664
Failed to route net _968_
Finished routing net _970_
Nets remaining: 14663
Finished routing net _972_
Nets remaining: 14662
Finished routing net _973_
Nets remaining: 14661
Failed to route net _974_
Failed to route net _975_
Finished routing net _976_
Nets remaining: 14660
Failed to route net _977_
Finished routing net _978_
Nets remaining: 14659
Finished routing net _982_
Nets remaining: 14658
Finished routing net _983_
Nets remaining: 14657
Finished routing net _984_
Nets remaining: 14656
Finished routing net _986_
Nets remaining: 14655
Finished routing net _987_
Nets remaining: 14654
Finished routing net _988_
Nets remaining: 14653
Failed to route net _989_
Finished routing net _991_
Nets remaining: 14652
Failed to route net _994_
Finished routing net _996_
Nets remaining: 14651
Finished routing net _997_
Nets remaining: 14650
Failed to route net _998_
Finished routing net _999_
Nets remaining: 14649
Finished routing net _1000_
Nets remaining: 14648
Finished routing net _1001_
Nets remaining: 14647
Finished routing net _1002_
Nets remaining: 14646
Finished routing net _1004_
Nets remaining: 14645
Finished routing net _1005_
Nets remaining: 14644
Finished routing net _1006_
Nets remaining: 14643
Failed to route net _1007_
Finished routing net _1011_
Nets remaining: 14642
Finished routing net _1014_
Nets remaining: 14641
Finished routing net _1019_
Nets remaining: 14640
Finished routing net _1022_
Nets remaining: 14639
Failed to route net _1023_
Finished routing net _1025_
Nets remaining: 14638
Finished routing net _1026_
Nets remaining: 14637
Finished routing net _1027_
Nets remaining: 14636
Finished routing net _1029_
Nets remaining: 14635
Finished routing net _1030_
Nets remaining: 14634
Finished routing net _1033_
Nets remaining: 14633
Finished routing net _1034_
Nets remaining: 14632
Finished routing net _1036_
Nets remaining: 14631
Finished routing net _1037_
Nets remaining: 14630
Finished routing net _1038_
Nets remaining: 14629
Finished routing net _1039_
Nets remaining: 14628
Finished routing net _1040_
Nets remaining: 14627
Failed to route net _1041_
Finished routing net _1042_
Nets remaining: 14626
Finished routing net _1043_
Nets remaining: 14625
Finished routing net _1044_
Nets remaining: 14624
Finished routing net _1045_
Nets remaining: 14623
Finished routing net _1049_
Nets remaining: 14622
Finished routing net _1051_
Nets remaining: 14621
Finished routing net _1053_
Nets remaining: 14620
Finished routing net _1054_
Nets remaining: 14619
Failed to route net _1055_
Finished routing net _1057_
Nets remaining: 14618
Failed to route net _1058_
Finished routing net _1059_
Nets remaining: 14617
Failed to route net _1060_
Finished routing net _1062_
Nets remaining: 14616
Finished routing net _1064_
Nets remaining: 14615
Finished routing net _1065_
Nets remaining: 14614
Finished routing net _1066_
Nets remaining: 14613
Finished routing net _1068_
Nets remaining: 14612
Finished routing net _1069_
Nets remaining: 14611
Finished routing net _1070_
Nets remaining: 14610
Failed to route net _1071_
Finished routing net _1072_
Nets remaining: 14609
Finished routing net _1078_
Nets remaining: 14608
Finished routing net _1081_
Nets remaining: 14607
Finished routing net _1084_
Nets remaining: 14606
Finished routing net _1089_
Nets remaining: 14605
Finished routing net _1090_
Nets remaining: 14604
Failed to route net _1091_
Finished routing net _1092_
Nets remaining: 14603
Failed to route net _1093_
Finished routing net _1094_
Nets remaining: 14602
Finished routing net _1095_
Nets remaining: 14601
Finished routing net _1096_
Nets remaining: 14600
Finished routing net _1097_
Nets remaining: 14599
Failed to route net _1098_
Failed to route net _1100_
Finished routing net _1101_
Nets remaining: 14598
Finished routing net _1104_
Nets remaining: 14597
Finished routing net _1106_
Nets remaining: 14596
Finished routing net _1107_
Nets remaining: 14595
Finished routing net _1110_
Nets remaining: 14594
Finished routing net _1112_
Nets remaining: 14593
Finished routing net _1113_
Nets remaining: 14592
Finished routing net _1114_
Nets remaining: 14591
Finished routing net _1115_
Nets remaining: 14590
Finished routing net _1116_
Nets remaining: 14589
Finished routing net _1117_
Nets remaining: 14588
Finished routing net _1118_
Nets remaining: 14587
Failed to route net _1119_
Failed to route net _1121_
Failed to route net _1122_
Failed to route net _1125_
Failed to route net _1126_
Finished routing net _1132_
Nets remaining: 14586
Finished routing net _1135_
Nets remaining: 14585
Finished routing net _1137_
Nets remaining: 14584
Finished routing net _1138_
Nets remaining: 14583
Finished routing net _1139_
Nets remaining: 14582
Finished routing net _1140_
Nets remaining: 14581
Failed to route net _1142_
Finished routing net _1143_
Nets remaining: 14580
Finished routing net _1144_
Nets remaining: 14579
Finished routing net _1145_
Nets remaining: 14578
Finished routing net _1146_
Nets remaining: 14577
Failed to route net _1147_
Finished routing net _1148_
Nets remaining: 14576
Finished routing net _1155_
Nets remaining: 14575
Finished routing net _1157_
Nets remaining: 14574
Finished routing net _1158_
Nets remaining: 14573
Finished routing net _1159_
Nets remaining: 14572
Failed to route net _1160_
Finished routing net _1163_
Nets remaining: 14571
Finished routing net _1164_
Nets remaining: 14570
Finished routing net _1165_
Nets remaining: 14569
Finished routing net _1166_
Nets remaining: 14568
Finished routing net _1167_
Nets remaining: 14567
Failed to route net _1168_
Finished routing net _1169_
Nets remaining: 14566
Finished routing net _1170_
Nets remaining: 14565
Finished routing net _1171_
Nets remaining: 14564
Failed to route net _1172_
Failed to route net _1174_
Finished routing net _1175_
Nets remaining: 14563
Finished routing net _1176_
Nets remaining: 14562
Finished routing net _1185_
Nets remaining: 14561
Finished routing net _1186_
Nets remaining: 14560
Finished routing net _1188_
Nets remaining: 14559
Finished routing net _1189_
Nets remaining: 14558
Finished routing net _1190_
Nets remaining: 14557
Finished routing net _1191_
Nets remaining: 14556
Finished routing net _1192_
Nets remaining: 14555
Finished routing net _1193_
Nets remaining: 14554
Finished routing net _1195_
Nets remaining: 14553
Finished routing net _1196_
Nets remaining: 14552
Finished routing net _1197_
Nets remaining: 14551
Failed to route net _1198_
Finished routing net _1199_
Nets remaining: 14550
Finished routing net _1200_
Nets remaining: 14549
Finished routing net _1201_
Nets remaining: 14548
Finished routing net _1202_
Nets remaining: 14547
Failed to route net _1203_
Finished routing net _1204_
Nets remaining: 14546
Finished routing net _1206_
Nets remaining: 14545
Finished routing net _1209_
Nets remaining: 14544
Finished routing net _1210_
Nets remaining: 14543
Finished routing net _1211_
Nets remaining: 14542
Finished routing net _1212_
Nets remaining: 14541
Failed to route net _1213_
Finished routing net _1214_
Nets remaining: 14540
Finished routing net _1216_
Nets remaining: 14539
Finished routing net _1217_
Nets remaining: 14538
Finished routing net _1218_
Nets remaining: 14537
Finished routing net _1219_
Nets remaining: 14536
Failed to route net _1220_
Finished routing net _1221_
Nets remaining: 14535
Finished routing net _1222_
Nets remaining: 14534
Failed to route net _1223_
Failed to route net _1224_
Finished routing net _2235_
Nets remaining: 14533
Finished routing net _2237_
Nets remaining: 14532
Finished routing net _2239_
Nets remaining: 14531
Finished routing net _2241_
Nets remaining: 14530
Finished routing net _2243_
Nets remaining: 14529
Finished routing net _2244_
Nets remaining: 14528
Finished routing net _2246_
Nets remaining: 14527
Finished routing net _2247_
Nets remaining: 14526
Finished routing net _2248_
Nets remaining: 14525
Finished routing net _2249_
Nets remaining: 14524
Finished routing net _2252_
Nets remaining: 14523
Finished routing net _2254_
Nets remaining: 14522
Finished routing net _2256_
Nets remaining: 14521
Finished routing net _2258_
Nets remaining: 14520
Failed to route net _2259_
Finished routing net _2261_
Nets remaining: 14519
Finished routing net _2262_
Nets remaining: 14518
Finished routing net _2263_
Nets remaining: 14517
Finished routing net _2065_
Nets remaining: 14516
Finished routing net _2067_
Nets remaining: 14515
Finished routing net _2069_
Nets remaining: 14514
Finished routing net _2071_
Nets remaining: 14513
Finished routing net _2073_
Nets remaining: 14512
Finished routing net _2075_
Nets remaining: 14511
Finished routing net _2076_
Nets remaining: 14510
Failed to route net _2078_
Finished routing net _2080_
Nets remaining: 14509
Finished routing net _2082_
Nets remaining: 14508
Finished routing net _2083_
Nets remaining: 14507
Failed to route net _2085_
Finished routing net _2086_
Nets remaining: 14506
Finished routing net _2088_
Nets remaining: 14505
Finished routing net _2089_
Nets remaining: 14504
Finished routing net _2092_
Nets remaining: 14503
Finished routing net _2094_
Nets remaining: 14502
Finished routing net _2095_
Nets remaining: 14501
Finished routing net _2097_
Nets remaining: 14500
Finished routing net _2098_
Nets remaining: 14499
Finished routing net _2100_
Nets remaining: 14498
Finished routing net _2101_
Nets remaining: 14497
Finished routing net _2102_
Nets remaining: 14496
Finished routing net _2103_
Nets remaining: 14495
Finished routing net _2105_
Nets remaining: 14494
Finished routing net _2107_
Nets remaining: 14493
Finished routing net _2109_
Nets remaining: 14492
Finished routing net _2111_
Nets remaining: 14491
Finished routing net _2112_
Nets remaining: 14490
Finished routing net _2114_
Nets remaining: 14489
Finished routing net _2116_
Nets remaining: 14488
Finished routing net _2118_
Nets remaining: 14487
Finished routing net _2119_
Nets remaining: 14486
Finished routing net _2120_
Nets remaining: 14485
Finished routing net _2121_
Nets remaining: 14484
Finished routing net _2124_
Nets remaining: 14483
Finished routing net _2126_
Nets remaining: 14482
Finished routing net _2128_
Nets remaining: 14481
Finished routing net _2130_
Nets remaining: 14480
Finished routing net _2131_
Nets remaining: 14479
Finished routing net _2135_
Nets remaining: 14478
Finished routing net _2136_
Nets remaining: 14477
Finished routing net _2137_
Nets remaining: 14476
Finished routing net _2138_
Nets remaining: 14475
Finished routing net _2140_
Nets remaining: 14474
Finished routing net _2141_
Nets remaining: 14473
Finished routing net _2142_
Nets remaining: 14472
Finished routing net _2144_
Nets remaining: 14471
Finished routing net _2146_
Nets remaining: 14470
Finished routing net _2148_
Nets remaining: 14469
Finished routing net _2150_
Nets remaining: 14468
Failed to route net _2151_
Finished routing net _2155_
Nets remaining: 14467
Finished routing net _2156_
Nets remaining: 14466
Finished routing net _2157_
Nets remaining: 14465
Finished routing net _2158_
Nets remaining: 14464
Failed to route net _2160_
Finished routing net _2161_
Nets remaining: 14463
Failed to route net _2166_
Finished routing net _2168_
Nets remaining: 14462
Finished routing net _2169_
Nets remaining: 14461
Finished routing net _2170_
Nets remaining: 14460
Failed to route net _2171_
Finished routing net _2173_
Nets remaining: 14459
Finished routing net _2175_
Nets remaining: 14458
Finished routing net _2176_
Nets remaining: 14457
Finished routing net _2179_
Nets remaining: 14456
Finished routing net _2180_
Nets remaining: 14455
Finished routing net _2181_
Nets remaining: 14454
Finished routing net _2182_
Nets remaining: 14453
Finished routing net _2183_
Nets remaining: 14452
Finished routing net _2184_
Nets remaining: 14451
Finished routing net _2185_
Nets remaining: 14450
Finished routing net _2186_
Nets remaining: 14449
Failed to route net _2187_
Failed to route net _2188_
Finished routing net _2189_
Nets remaining: 14448
Finished routing net _2190_
Nets remaining: 14447
Finished routing net _2191_
Nets remaining: 14446
Finished routing net _2192_
Nets remaining: 14445
Finished routing net _2193_
Nets remaining: 14444
Failed to route net _2194_
Finished routing net _2195_
Nets remaining: 14443
Finished routing net _2196_
Nets remaining: 14442
Failed to route net _2197_
Finished routing net _2198_
Nets remaining: 14441
Failed to route net _2201_
Failed to route net _2202_
Finished routing net _2203_
Nets remaining: 14440
Finished routing net _2204_
Nets remaining: 14439
Finished routing net _2205_
Nets remaining: 14438
Finished routing net _2206_
Nets remaining: 14437
Finished routing net _2207_
Nets remaining: 14436
Finished routing net _2208_
Nets remaining: 14435
Finished routing net _2209_
Nets remaining: 14434
Finished routing net _2210_
Nets remaining: 14433
Failed to route net _2211_
Finished routing net _2212_
Nets remaining: 14432
Finished routing net _2214_
Nets remaining: 14431
Finished routing net _2215_
Nets remaining: 14430
Finished routing net _2216_
Nets remaining: 14429
Finished routing net _2217_
Nets remaining: 14428
Finished routing net _2218_
Nets remaining: 14427
Finished routing net _2220_
Nets remaining: 14426
Finished routing net _2221_
Nets remaining: 14425
Finished routing net _2222_
Nets remaining: 14424
Failed to route net _2223_
Finished routing net _2224_
Nets remaining: 14423
Finished routing net _2225_
Nets remaining: 14422
Finished routing net _2226_
Nets remaining: 14421
Failed to route net _2227_
Finished routing net _2229_
Nets remaining: 14420
Finished routing net _2230_
Nets remaining: 14419
Failed to route net _2231_
Finished routing net _2232_
Nets remaining: 14418
Finished routing net _2269_
Nets remaining: 14417
Finished routing net _2270_
Nets remaining: 14416
Finished routing net _2272_
Nets remaining: 14415
Finished routing net _2279_
Nets remaining: 14414
Finished routing net _2282_
Nets remaining: 14413
Finished routing net \u_core.reg_write\
Nets remaining: 14412
Failed to route net _2291_
Finished routing net _2292_
Nets remaining: 14411
Failed to route net _2295_
Finished routing net _2297_
Nets remaining: 14410
Failed to route net _2302_
Finished routing net _2303_
Nets remaining: 14409
Finished routing net _2304_
Nets remaining: 14408
Finished routing net _2305_
Nets remaining: 14407
Finished routing net _2306_
Nets remaining: 14406
Finished routing net _2307_
Nets remaining: 14405
Failed to route net _2308_
Finished routing net _2309_
Nets remaining: 14404
Finished routing net _4793_
Nets remaining: 14403
Failed to route net _4799_
Finished routing net _4803_
Nets remaining: 14402
Finished routing net _4805_
Nets remaining: 14401
Finished routing net _4808_
Nets remaining: 14400
Finished routing net _4809_
Nets remaining: 14399
Finished routing net _4814_
Nets remaining: 14398
Failed to route net _4815_
Finished routing net _4816_
Nets remaining: 14397
Failed to route net _4817_
Failed to route net _4818_
Finished routing net _4819_
Nets remaining: 14396
Failed to route net _4824_
Finished routing net _4825_
Nets remaining: 14395
Finished routing net _4826_
Nets remaining: 14394
Finished routing net _4828_
Nets remaining: 14393
Finished routing net _4829_
Nets remaining: 14392
Finished routing net _4832_
Nets remaining: 14391
Finished routing net _4833_
Nets remaining: 14390
Finished routing net _4834_
Nets remaining: 14389
Failed to route net _4835_
Finished routing net _4836_
Nets remaining: 14388
Finished routing net _4837_
Nets remaining: 14387
Finished routing net _4840_
Nets remaining: 14386
Finished routing net _4841_
Nets remaining: 14385
Failed to route net _4842_
Finished routing net _4843_
Nets remaining: 14384
Finished routing net _4844_
Nets remaining: 14383
Finished routing net _4846_
Nets remaining: 14382
Finished routing net _4847_
Nets remaining: 14381
Failed to route net _4848_
Finished routing net _4849_
Nets remaining: 14380
Finished routing net _4850_
Nets remaining: 14379
Finished routing net _4851_
Nets remaining: 14378
Failed to route net _4853_
Finished routing net _4854_
Nets remaining: 14377
Finished routing net _4855_
Nets remaining: 14376
Finished routing net _4856_
Nets remaining: 14375
Finished routing net _4857_
Nets remaining: 14374
Failed to route net _4859_
Finished routing net _4860_
Nets remaining: 14373
Finished routing net _4861_
Nets remaining: 14372
Finished routing net _4862_
Nets remaining: 14371
Finished routing net _4863_
Nets remaining: 14370
Finished routing net _4864_
Nets remaining: 14369
Finished routing net _4867_
Nets remaining: 14368
Finished routing net _4871_
Nets remaining: 14367
Finished routing net _4875_
Nets remaining: 14366
Finished routing net _4876_
Nets remaining: 14365
Finished routing net _4877_
Nets remaining: 14364
Failed to route net _4878_
Finished routing net _4879_
Nets remaining: 14363
Finished routing net \u_core.u_dmem.ram[8]\[24]
Nets remaining: 14362
Finished routing net \u_core.u_dmem.ram[9]\[24]
Nets remaining: 14361
Finished routing net _4882_
Nets remaining: 14360
Finished routing net _4883_
Nets remaining: 14359
Finished routing net _4884_
Nets remaining: 14358
Finished routing net _4885_
Nets remaining: 14357
Finished routing net _4886_
Nets remaining: 14356
Finished routing net _4887_
Nets remaining: 14355
Finished routing net _4888_
Nets remaining: 14354
Finished routing net _4889_
Nets remaining: 14353
Finished routing net _4890_
Nets remaining: 14352
Failed to route net _4891_
Finished routing net _4892_
Nets remaining: 14351
Finished routing net _4893_
Nets remaining: 14350
Finished routing net _4894_
Nets remaining: 14349
Finished routing net _4895_
Nets remaining: 14348
Finished routing net _4896_
Nets remaining: 14347
Finished routing net _4897_
Nets remaining: 14346
Failed to route net _4898_
Finished routing net _4899_
Nets remaining: 14345
Finished routing net _4900_
Nets remaining: 14344
Failed to route net _4901_
Failed to route net _4902_
Finished routing net _4903_
Nets remaining: 14343
Finished routing net _4904_
Nets remaining: 14342
Finished routing net _4905_
Nets remaining: 14341
Finished routing net _4906_
Nets remaining: 14340
Finished routing net _4907_
Nets remaining: 14339
Finished routing net _4908_
Nets remaining: 14338
Finished routing net _4909_
Nets remaining: 14337
Finished routing net _4910_
Nets remaining: 14336
Failed to route net _4911_
Finished routing net _4912_
Nets remaining: 14335
Finished routing net _4913_
Nets remaining: 14334
Finished routing net _4914_
Nets remaining: 14333
Finished routing net _4915_
Nets remaining: 14332
Finished routing net _4916_
Nets remaining: 14331
Finished routing net _4917_
Nets remaining: 14330
Finished routing net _4918_
Nets remaining: 14329
Failed to route net _4919_
Finished routing net _4920_
Nets remaining: 14328
Finished routing net _4924_
Nets remaining: 14327
Finished routing net _4925_
Nets remaining: 14326
Finished routing net _4926_
Nets remaining: 14325
Failed to route net _4927_
Finished routing net _4928_
Nets remaining: 14324
Finished routing net _4929_
Nets remaining: 14323
Finished routing net _4930_
Nets remaining: 14322
Finished routing net _4931_
Nets remaining: 14321
Finished routing net _4932_
Nets remaining: 14320
Finished routing net _4933_
Nets remaining: 14319
Finished routing net _4934_
Nets remaining: 14318
Finished routing net _4935_
Nets remaining: 14317
Finished routing net _4936_
Nets remaining: 14316
Finished routing net _4937_
Nets remaining: 14315
Failed to route net _4938_
Finished routing net _4939_
Nets remaining: 14314
Failed to route net _4940_
Finished routing net _4941_
Nets remaining: 14313
Finished routing net _4942_
Nets remaining: 14312
Finished routing net _4943_
Nets remaining: 14311
Finished routing net _4944_
Nets remaining: 14310
Finished routing net _4945_
Nets remaining: 14309
Finished routing net _4946_
Nets remaining: 14308
Failed to route net _4947_
Finished routing net _4948_
Nets remaining: 14307
Finished routing net _4949_
Nets remaining: 14306
Finished routing net _4950_
Nets remaining: 14305
Finished routing net _4951_
Nets remaining: 14304
Finished routing net \u_core.u_dmem.ram[8]\[0]
Nets remaining: 14303
Finished routing net \u_core.u_dmem.ram[9]\[0]
Nets remaining: 14302
Finished routing net _4954_
Nets remaining: 14301
Finished routing net _4955_
Nets remaining: 14300
Failed to route net \u_core.u_dmem.ram[14]\[0]
Finished routing net \u_core.u_dmem.ram[15]\[0]
Nets remaining: 14299
Failed to route net _4959_
Finished routing net _4960_
Nets remaining: 14298
Finished routing net _4961_
Nets remaining: 14297
Finished routing net _4962_
Nets remaining: 14296
Finished routing net \u_core.u_dmem.ram[48]\[0]
Nets remaining: 14295
Finished routing net \u_core.u_dmem.ram[49]\[0]
Nets remaining: 14294
Failed to route net _4965_
Finished routing net _4966_
Nets remaining: 14293
Finished routing net _4967_
Nets remaining: 14292
Finished routing net _4968_
Nets remaining: 14291
Finished routing net _4969_
Nets remaining: 14290
Finished routing net \u_core.u_dmem.ram[56]\[0]
Nets remaining: 14289
Finished routing net \u_core.u_dmem.ram[57]\[0]
Nets remaining: 14288
Failed to route net _4972_
Finished routing net _4973_
Nets remaining: 14287
Finished routing net \u_core.u_dmem.ram[62]\[0]
Nets remaining: 14286
Failed to route net \u_core.u_dmem.ram[63]\[0]
Failed to route net _4976_
Finished routing net _4977_
Nets remaining: 14285
Finished routing net _4978_
Nets remaining: 14284
Finished routing net _4979_
Nets remaining: 14283
Finished routing net _4980_
Nets remaining: 14282
Finished routing net \u_core.u_dmem.ram[0]\[8]
Nets remaining: 14281
Finished routing net \u_core.u_dmem.ram[1]\[8]
Nets remaining: 14280
Failed to route net _4984_
Finished routing net _4985_
Nets remaining: 14279
Finished routing net \u_core.u_dmem.ram[6]\[8]
Nets remaining: 14278
Finished routing net \u_core.u_dmem.ram[7]\[8]
Nets remaining: 14277
Failed to route net _4988_
Finished routing net _4989_
Nets remaining: 14276
Failed to route net _4990_
Finished routing net \u_core.u_dmem.ram[8]\[8]
Nets remaining: 14275
Finished routing net \u_core.u_dmem.ram[9]\[8]
Nets remaining: 14274
Failed to route net _4993_
Finished routing net _4994_
Nets remaining: 14273
Finished routing net \u_core.u_dmem.ram[14]\[8]
Nets remaining: 14272
Finished routing net \u_core.u_dmem.ram[15]\[8]
Nets remaining: 14271
Failed to route net _4997_
Finished routing net _4998_
Nets remaining: 14270
Failed to route net _4999_
Finished routing net _5000_
Nets remaining: 14269
Finished routing net \u_core.u_dmem.ram[16]\[8]
Nets remaining: 14268
Finished routing net \u_core.u_dmem.ram[17]\[8]
Nets remaining: 14267
Finished routing net _5003_
Nets remaining: 14266
Finished routing net _5004_
Nets remaining: 14265
Finished routing net _5005_
Nets remaining: 14264
Finished routing net _5006_
Nets remaining: 14263
Finished routing net _5007_
Nets remaining: 14262
Finished routing net \u_core.u_dmem.ram[24]\[8]
Nets remaining: 14261
Finished routing net \u_core.u_dmem.ram[25]\[8]
Nets remaining: 14260
Finished routing net _5010_
Nets remaining: 14259
Finished routing net _5011_
Nets remaining: 14258
Finished routing net \u_core.u_dmem.ram[30]\[8]
Nets remaining: 14257
Finished routing net \u_core.u_dmem.ram[31]\[8]
Nets remaining: 14256
Failed to route net _5014_
Finished routing net _5015_
Nets remaining: 14255
Failed to route net _5016_
Finished routing net _5017_
Nets remaining: 14254
Finished routing net \u_core.u_dmem.ram[32]\[8]
Nets remaining: 14253
Finished routing net \u_core.u_dmem.ram[33]\[8]
Nets remaining: 14252
Finished routing net _5020_
Nets remaining: 14251
Finished routing net _5021_
Nets remaining: 14250
Finished routing net _5022_
Nets remaining: 14249
Finished routing net _5023_
Nets remaining: 14248
Finished routing net _5024_
Nets remaining: 14247
Finished routing net \u_core.u_dmem.ram[40]\[8]
Nets remaining: 14246
Finished routing net \u_core.u_dmem.ram[41]\[8]
Nets remaining: 14245
Finished routing net _5027_
Nets remaining: 14244
Finished routing net _5028_
Nets remaining: 14243
Finished routing net \u_core.u_dmem.ram[46]\[8]
Nets remaining: 14242
Finished routing net \u_core.u_dmem.ram[47]\[8]
Nets remaining: 14241
Failed to route net _5031_
Finished routing net _5032_
Nets remaining: 14240
Finished routing net _5033_
Nets remaining: 14239
Finished routing net _5034_
Nets remaining: 14238
Finished routing net \u_core.u_dmem.ram[48]\[8]
Nets remaining: 14237
Finished routing net \u_core.u_dmem.ram[49]\[8]
Nets remaining: 14236
Failed to route net _5037_
Finished routing net _5038_
Nets remaining: 14235
Finished routing net _5039_
Nets remaining: 14234
Finished routing net _5040_
Nets remaining: 14233
Finished routing net _5041_
Nets remaining: 14232
Finished routing net \u_core.u_dmem.ram[56]\[8]
Nets remaining: 14231
Finished routing net \u_core.u_dmem.ram[57]\[8]
Nets remaining: 14230
Failed to route net _5044_
Finished routing net _5045_
Nets remaining: 14229
Finished routing net _5046_
Nets remaining: 14228
Finished routing net _5047_
Nets remaining: 14227
Finished routing net _5048_
Nets remaining: 14226
Failed to route net _5049_
Finished routing net _5052_
Nets remaining: 14225
Failed to route net _5053_
Failed to route net _5054_
Finished routing net _5055_
Nets remaining: 14224
Finished routing net _5056_
Nets remaining: 14223
Finished routing net _5057_
Nets remaining: 14222
Finished routing net _5058_
Nets remaining: 14221
Finished routing net _5059_
Nets remaining: 14220
Finished routing net _5060_
Nets remaining: 14219
Finished routing net _5061_
Nets remaining: 14218
Finished routing net _5062_
Nets remaining: 14217
Finished routing net _5063_
Nets remaining: 14216
Failed to route net _5064_
Finished routing net _5065_
Nets remaining: 14215
Finished routing net _5066_
Nets remaining: 14214
Finished routing net _5067_
Nets remaining: 14213
Finished routing net _5068_
Nets remaining: 14212
Finished routing net _5069_
Nets remaining: 14211
Finished routing net _5070_
Nets remaining: 14210
Finished routing net _5071_
Nets remaining: 14209
Failed to route net _5072_
Finished routing net _5073_
Nets remaining: 14208
Failed to route net _5074_
Failed to route net _5075_
Finished routing net _5076_
Nets remaining: 14207
Finished routing net _5077_
Nets remaining: 14206
Finished routing net _5078_
Nets remaining: 14205
Finished routing net _5079_
Nets remaining: 14204
Finished routing net _5080_
Nets remaining: 14203
Finished routing net _5081_
Nets remaining: 14202
Finished routing net _5082_
Nets remaining: 14201
Failed to route net _5083_
Failed to route net _5084_
Finished routing net _5085_
Nets remaining: 14200
Failed to route net _5086_
Finished routing net _5087_
Nets remaining: 14199
Finished routing net _5088_
Nets remaining: 14198
Finished routing net _5089_
Nets remaining: 14197
Failed to route net _5090_
Failed to route net _5091_
Finished routing net _5092_
Nets remaining: 14196
Failed to route net _5093_
Failed to route net _5094_
Finished routing net _5095_
Nets remaining: 14195
Finished routing net _5096_
Nets remaining: 14194
Finished routing net _5098_
Nets remaining: 14193
Finished routing net _5099_
Nets remaining: 14192
Finished routing net _5100_
Nets remaining: 14191
Failed to route net _5101_
Finished routing net _5102_
Nets remaining: 14190
Finished routing net \u_core.u_dmem.ram[8]\[25]
Nets remaining: 14189
Finished routing net \u_core.u_dmem.ram[9]\[25]
Nets remaining: 14188
Finished routing net _5105_
Nets remaining: 14187
Finished routing net _5106_
Nets remaining: 14186
Finished routing net _5107_
Nets remaining: 14185
Finished routing net _5108_
Nets remaining: 14184
Finished routing net _5109_
Nets remaining: 14183
Finished routing net _5110_
Nets remaining: 14182
Failed to route net _5111_
Finished routing net _5112_
Nets remaining: 14181
Finished routing net _5113_
Nets remaining: 14180
Finished routing net _5114_
Nets remaining: 14179
Finished routing net _5115_
Nets remaining: 14178
Finished routing net _5116_
Nets remaining: 14177
Finished routing net _5117_
Nets remaining: 14176
Finished routing net _5118_
Nets remaining: 14175
Failed to route net _5119_
Finished routing net _5120_
Nets remaining: 14174
Failed to route net _5121_
Finished routing net _5122_
Nets remaining: 14173
Finished routing net _5123_
Nets remaining: 14172
Finished routing net _5124_
Nets remaining: 14171
Finished routing net _5125_
Nets remaining: 14170
Finished routing net _5126_
Nets remaining: 14169
Finished routing net _5127_
Nets remaining: 14168
Finished routing net _5128_
Nets remaining: 14167
Finished routing net _5129_
Nets remaining: 14166
Finished routing net _5130_
Nets remaining: 14165
Finished routing net _5131_
Nets remaining: 14164
Finished routing net _5132_
Nets remaining: 14163
Finished routing net _5133_
Nets remaining: 14162
Finished routing net _5134_
Nets remaining: 14161
Finished routing net _5135_
Nets remaining: 14160
Finished routing net _5136_
Nets remaining: 14159
Failed to route net _5137_
Finished routing net _5138_
Nets remaining: 14158
Finished routing net _5139_
Nets remaining: 14157
Finished routing net _5140_
Nets remaining: 14156
Finished routing net _5141_
Nets remaining: 14155
Finished routing net _5142_
Nets remaining: 14154
Finished routing net _5143_
Nets remaining: 14153
Finished routing net _5145_
Nets remaining: 14152
Finished routing net \u_core.u_dmem.ram[0]\[1]
Nets remaining: 14151
Finished routing net \u_core.u_dmem.ram[1]\[1]
Nets remaining: 14150
Failed to route net _5148_
Finished routing net _5149_
Nets remaining: 14149
Finished routing net _5150_
Nets remaining: 14148
Finished routing net _5151_
Nets remaining: 14147
Finished routing net _5152_
Nets remaining: 14146
Finished routing net \u_core.u_dmem.ram[8]\[1]
Nets remaining: 14145
Finished routing net \u_core.u_dmem.ram[9]\[1]
Nets remaining: 14144
Failed to route net _5155_
Finished routing net _5156_
Nets remaining: 14143
Finished routing net \u_core.u_dmem.ram[14]\[1]
Nets remaining: 14142
Finished routing net \u_core.u_dmem.ram[15]\[1]
Nets remaining: 14141
Failed to route net _5159_
Finished routing net _5160_
Nets remaining: 14140
Finished routing net _5161_
Nets remaining: 14139
Finished routing net _5162_
Nets remaining: 14138
Finished routing net \u_core.u_dmem.ram[16]\[1]
Nets remaining: 14137
Finished routing net \u_core.u_dmem.ram[17]\[1]
Nets remaining: 14136
Finished routing net _5165_
Nets remaining: 14135
Finished routing net _5166_
Nets remaining: 14134
Finished routing net _5167_
Nets remaining: 14133
Finished routing net _5168_
Nets remaining: 14132
Finished routing net _5169_
Nets remaining: 14131
Finished routing net \u_core.u_dmem.ram[24]\[1]
Nets remaining: 14130
Finished routing net \u_core.u_dmem.ram[25]\[1]
Nets remaining: 14129
Finished routing net _5172_
Nets remaining: 14128
Finished routing net _5173_
Nets remaining: 14127
Finished routing net \u_core.u_dmem.ram[30]\[1]
Nets remaining: 14126
Finished routing net \u_core.u_dmem.ram[31]\[1]
Nets remaining: 14125
Failed to route net _5176_
Finished routing net _5177_
Nets remaining: 14124
Finished routing net _5178_
Nets remaining: 14123
Finished routing net _5179_
Nets remaining: 14122
Finished routing net _5180_
Nets remaining: 14121
Finished routing net _5181_
Nets remaining: 14120
Finished routing net _5182_
Nets remaining: 14119
Failed to route net _5183_
Finished routing net _5184_
Nets remaining: 14118
Finished routing net \u_core.u_dmem.ram[40]\[1]
Nets remaining: 14117
Finished routing net \u_core.u_dmem.ram[41]\[1]
Nets remaining: 14116
Failed to route net _5187_
Finished routing net _5188_
Nets remaining: 14115
Finished routing net _5189_
Nets remaining: 14114
Finished routing net _5190_
Nets remaining: 14113
Failed to route net _5191_
Finished routing net _5192_
Nets remaining: 14112
Finished routing net _5193_
Nets remaining: 14111
Finished routing net _5194_
Nets remaining: 14110
Finished routing net _5195_
Nets remaining: 14109
Failed to route net _5196_
Finished routing net _5197_
Nets remaining: 14108
Finished routing net \u_core.u_dmem.ram[56]\[1]
Nets remaining: 14107
Finished routing net \u_core.u_dmem.ram[57]\[1]
Nets remaining: 14106
Finished routing net _5200_
Nets remaining: 14105
Finished routing net _5201_
Nets remaining: 14104
Finished routing net _5202_
Nets remaining: 14103
Finished routing net _5203_
Nets remaining: 14102
Finished routing net _5204_
Nets remaining: 14101
Finished routing net _5205_
Nets remaining: 14100
Finished routing net _5206_
Nets remaining: 14099
Finished routing net \u_core.u_dmem.ram[0]\[9]
Nets remaining: 14098
Finished routing net \u_core.u_dmem.ram[1]\[9]
Nets remaining: 14097
Failed to route net _5209_
Finished routing net _5210_
Nets remaining: 14096
Finished routing net \u_core.u_dmem.ram[6]\[9]
Nets remaining: 14095
Finished routing net \u_core.u_dmem.ram[7]\[9]
Nets remaining: 14094
Failed to route net _5213_
Finished routing net _5214_
Nets remaining: 14093
Finished routing net _5215_
Nets remaining: 14092
Finished routing net \u_core.u_dmem.ram[8]\[9]
Nets remaining: 14091
Finished routing net \u_core.u_dmem.ram[9]\[9]
Nets remaining: 14090
Failed to route net _5218_
Finished routing net _5219_
Nets remaining: 14089
Finished routing net \u_core.u_dmem.ram[14]\[9]
Nets remaining: 14088
Finished routing net \u_core.u_dmem.ram[15]\[9]
Nets remaining: 14087
Failed to route net _5222_
Finished routing net _5223_
Nets remaining: 14086
Finished routing net _5224_
Nets remaining: 14085
Finished routing net _5225_
Nets remaining: 14084
Finished routing net \u_core.u_dmem.ram[16]\[9]
Nets remaining: 14083
Finished routing net \u_core.u_dmem.ram[17]\[9]
Nets remaining: 14082
Failed to route net _5228_
Finished routing net _5229_
Nets remaining: 14081
Finished routing net _5230_
Nets remaining: 14080
Finished routing net _5231_
Nets remaining: 14079
Failed to route net _5232_
Finished routing net \u_core.u_dmem.ram[24]\[9]
Nets remaining: 14078
Finished routing net \u_core.u_dmem.ram[25]\[9]
Nets remaining: 14077
Failed to route net _5235_
Finished routing net _5236_
Nets remaining: 14076
Finished routing net \u_core.u_dmem.ram[30]\[9]
Nets remaining: 14075
Finished routing net \u_core.u_dmem.ram[31]\[9]
Nets remaining: 14074
Finished routing net _5239_
Nets remaining: 14073
Finished routing net _5240_
Nets remaining: 14072
Failed to route net _5241_
Finished routing net _5242_
Nets remaining: 14071
Finished routing net \u_core.u_dmem.ram[32]\[9]
Nets remaining: 14070
Finished routing net \u_core.u_dmem.ram[33]\[9]
Nets remaining: 14069
Failed to route net _5245_
Finished routing net _5246_
Nets remaining: 14068
Finished routing net _5247_
Nets remaining: 14067
Failed to route net _5248_
Finished routing net _5249_
Nets remaining: 14066
Finished routing net \u_core.u_dmem.ram[40]\[9]
Nets remaining: 14065
Finished routing net \u_core.u_dmem.ram[41]\[9]
Nets remaining: 14064
Failed to route net _5252_
Finished routing net _5253_
Nets remaining: 14063
Finished routing net \u_core.u_dmem.ram[46]\[9]
Nets remaining: 14062
Finished routing net \u_core.u_dmem.ram[47]\[9]
Nets remaining: 14061
Finished routing net _5256_
Nets remaining: 14060
Finished routing net _5257_
Nets remaining: 14059
Finished routing net _5258_
Nets remaining: 14058
Finished routing net _5259_
Nets remaining: 14057
Finished routing net \u_core.u_dmem.ram[48]\[9]
Nets remaining: 14056
Finished routing net \u_core.u_dmem.ram[49]\[9]
Nets remaining: 14055
Failed to route net _5262_
Finished routing net _5263_
Nets remaining: 14054
Finished routing net _5264_
Nets remaining: 14053
Finished routing net _5265_
Nets remaining: 14052
Finished routing net _5266_
Nets remaining: 14051
Finished routing net \u_core.u_dmem.ram[56]\[9]
Nets remaining: 14050
Finished routing net \u_core.u_dmem.ram[57]\[9]
Nets remaining: 14049
Failed to route net _5269_
Finished routing net _5270_
Nets remaining: 14048
Finished routing net _5271_
Nets remaining: 14047
Finished routing net _5272_
Nets remaining: 14046
Finished routing net _5273_
Nets remaining: 14045
Failed to route net _5274_
Finished routing net _5276_
Nets remaining: 14044
Finished routing net _5277_
Nets remaining: 14043
Finished routing net _5278_
Nets remaining: 14042
Finished routing net _5279_
Nets remaining: 14041
Finished routing net _5280_
Nets remaining: 14040
Finished routing net _5281_
Nets remaining: 14039
Finished routing net _5282_
Nets remaining: 14038
Finished routing net _5283_
Nets remaining: 14037
Finished routing net _5284_
Nets remaining: 14036
Failed to route net _5285_
Finished routing net _5286_
Nets remaining: 14035
Failed to route net _5287_
Failed to route net _5288_
Failed to route net _5289_
Finished routing net _5290_
Nets remaining: 14034
Finished routing net _5291_
Nets remaining: 14033
Finished routing net _5292_
Nets remaining: 14032
Finished routing net _5293_
Nets remaining: 14031
Finished routing net _5294_
Nets remaining: 14030
Finished routing net _5295_
Nets remaining: 14029
Finished routing net _5296_
Nets remaining: 14028
Failed to route net _5297_
Finished routing net _5298_
Nets remaining: 14027
Failed to route net _5299_
Finished routing net _5300_
Nets remaining: 14026
Finished routing net _5301_
Nets remaining: 14025
Failed to route net _5302_
Finished routing net _5303_
Nets remaining: 14024
Finished routing net _5304_
Nets remaining: 14023
Finished routing net _5305_
Nets remaining: 14022
Finished routing net _5306_
Nets remaining: 14021
Finished routing net _5307_
Nets remaining: 14020
Finished routing net _5308_
Nets remaining: 14019
