Qflow synthesis logfile created on Tue Sep 1 03:24:31 +03 2026
Running yosys for verilog parsing and synthesis
yosys  -s tt_um_cleave.ys

 /----------------------------------------------------------------------------\
 |                                                                            |
 |  yosys -- Yosys Open SYnthesis Suite                                       |
 |                                                                            |
 |  Copyright (C) 2012 - 2020  Claire Xenia Wolf <claire@yosyshq.com>         |
 |                                                                            |
 |  Permission to use, copy, modify, and/or distribute this software for any  |
 |  purpose with or without fee is hereby granted, provided that the above    |
 |  copyright notice and this permission notice appear in all copies.         |
 |                                                                            |
 |  THE SOFTWARE IS PROVIDED "AS IS" AND THE AUTHOR DISCLAIMS ALL WARRANTIES  |
 |  WITH REGARD TO THIS SOFTWARE INCLUDING ALL IMPLIED WARRANTIES OF          |
 |  MERCHANTABILITY AND FITNESS. IN NO EVENT SHALL THE AUTHOR BE LIABLE FOR   |
 |  ANY SPECIAL, DIRECT, INDIRECT, OR CONSEQUENTIAL DAMAGES OR ANY DAMAGES    |
 |  WHATSOEVER RESULTING FROM LOSS OF USE, DATA OR PROFITS, WHETHER IN AN     |
 |  ACTION OF CONTRACT, NEGLIGENCE OR OTHER TORTIOUS ACTION, ARISING OUT OF   |
 |  OR IN CONNECTION WITH THE USE OR PERFORMANCE OF THIS SOFTWARE.            |
 |                                                                            |
 \----------------------------------------------------------------------------/

 Yosys 0.33 (git sha1 2584903a060)


-- Executing script file `tt_um_cleave.ys' --

1. Executing Liberty frontend: /home/nitro/work/open_pdks/open_pdks/root/volare/sky130/build/c6d73a35f524070e85faff4a6a9eef49553ebc2b/sky130A/libs.ref/sky130_fd_sc_hd/lib/sky130_fd_sc_hd__ff_n40C_1v95.lib
Imported 428 cell types from liberty file.

2. Executing Verilog-2005 frontend: /mnt/c/Users/Nitro/Desktop/ASIC/Projects/cleave/source/tt_um_cleave.v
Parsing Verilog input from `/mnt/c/Users/Nitro/Desktop/ASIC/Projects/cleave/source/tt_um_cleave.v' to AST representation.
Generating RTLIL representation for module `\tt_um_cleave'.
Successfully finished Verilog frontend.

3. Executing Verilog-2005 frontend: cleave_core.v
Parsing Verilog input from `cleave_core.v' to AST representation.
Generating RTLIL representation for module `\cleave_core'.
Successfully finished Verilog frontend.

4. Executing Verilog-2005 frontend: cleave_dmem.v
Parsing Verilog input from `cleave_dmem.v' to AST representation.
Generating RTLIL representation for module `\cleave_dmem'.
Successfully finished Verilog frontend.

5. Executing Verilog-2005 frontend: cleave_branch.v
Parsing Verilog input from `cleave_branch.v' to AST representation.
Generating RTLIL representation for module `\cleave_branch'.
Successfully finished Verilog frontend.

6. Executing Verilog-2005 frontend: cleave_alu.v
Parsing Verilog input from `cleave_alu.v' to AST representation.
Generating RTLIL representation for module `\cleave_alu'.
Successfully finished Verilog frontend.

7. Executing Verilog-2005 frontend: cleave_immgen.v
Parsing Verilog input from `cleave_immgen.v' to AST representation.
Generating RTLIL representation for module `\cleave_immgen'.
Successfully finished Verilog frontend.

8. Executing Verilog-2005 frontend: cleave_regfile.v
Parsing Verilog input from `cleave_regfile.v' to AST representation.
Generating RTLIL representation for module `\cleave_regfile'.
Successfully finished Verilog frontend.

9. Executing Verilog-2005 frontend: cleave_control.v
Parsing Verilog input from `cleave_control.v' to AST representation.
Generating RTLIL representation for module `\cleave_control'.
Successfully finished Verilog frontend.

10. Executing Verilog-2005 frontend: cleave_imem.v
Parsing Verilog input from `cleave_imem.v' to AST representation.
Generating RTLIL representation for module `\cleave_imem'.
Successfully finished Verilog frontend.

11. Executing Verilog-2005 frontend: cleave_pc.v
Parsing Verilog input from `cleave_pc.v' to AST representation.
Generating RTLIL representation for module `\cleave_pc'.
Successfully finished Verilog frontend.

12. Executing SYNTH pass.

12.1. Executing HIERARCHY pass (managing design hierarchy).

12.1.1. Analyzing design hierarchy..
Top module:  \tt_um_cleave
Used module:     \cleave_core
Used module:         \cleave_dmem
Used module:         \cleave_branch
Used module:         \cleave_alu
Used module:         \cleave_immgen
Used module:         \cleave_regfile
Used module:         \cleave_control
Used module:         \cleave_imem
Used module:         \cleave_pc

12.1.2. Analyzing design hierarchy..
Top module:  \tt_um_cleave
Used module:     \cleave_core
Used module:         \cleave_dmem
Used module:         \cleave_branch
Used module:         \cleave_alu
Used module:         \cleave_immgen
Used module:         \cleave_regfile
Used module:         \cleave_control
Used module:         \cleave_imem
Used module:         \cleave_pc
Removed 0 unused modules.

12.2. Executing PROC pass (convert processes to netlists).

12.2.1. Executing PROC_CLEAN pass (remove empty switches from decision trees).
Cleaned up 0 empty switches.

12.2.2. Executing PROC_RMDEAD pass (remove dead branches from decision trees).
Marked 1 switch rules as full_case in process $proc$cleave_pc.v:23$503 in module cleave_pc.
Marked 1 switch rules as full_case in process $proc$cleave_control.v:78$114 in module cleave_control.
Marked 1 switch rules as full_case in process $proc$cleave_regfile.v:58$102 in module cleave_regfile.
Marked 1 switch rules as full_case in process $proc$cleave_immgen.v:30$91 in module cleave_immgen.
Marked 1 switch rules as full_case in process $proc$cleave_alu.v:59$82 in module cleave_alu.
Marked 1 switch rules as full_case in process $proc$cleave_branch.v:45$64 in module cleave_branch.
Marked 1 switch rules as full_case in process $proc$cleave_dmem.v:96$54 in module cleave_dmem.
Marked 4 switch rules as full_case in process $proc$cleave_dmem.v:82$24 in module cleave_dmem.
Marked 2 switch rules as full_case in process $proc$cleave_dmem.v:67$19 in module cleave_dmem.
Marked 1 switch rules as full_case in process $proc$cleave_core.v:175$13 in module cleave_core.
Removed 1 dead cases from process $proc$cleave_core.v:148$7 in module cleave_core.
Marked 1 switch rules as full_case in process $proc$cleave_core.v:148$7 in module cleave_core.
Removed a total of 1 dead cases.

12.2.3. Executing PROC_PRUNE pass (remove redundant assignments in processes).
Removed 1 redundant assignment.
Promoted 163 assignments to connections.

12.2.4. Executing PROC_INIT pass (extract init attributes).

12.2.5. Executing PROC_ARST pass (detect async resets in processes).

12.2.6. Executing PROC_ROM pass (convert switches to ROMs).
Converted 0 switches.
<suppressed ~15 debug messages>

12.2.7. Executing PROC_MUX pass (convert decision trees to multiplexers).
Creating decoders for process `\cleave_pc.$proc$cleave_pc.v:23$503'.
     1/1: $0\pc[31:0]
Creating decoders for process `\cleave_imem.$proc$cleave_imem.v:0$374'.
Creating decoders for process `\cleave_control.$proc$cleave_control.v:78$114'.
     1/12: $1\imm_sel[2:0]
     2/12: $1\alu_ctrl[3:0]
     3/12: $1\alu_src_b[0:0]
     4/12: $1\reg_write[0:0]
     5/12: $1\result_src[1:0]
     6/12: $1\illegal_instr[0:0]
     7/12: $1\jalr[0:0]
     8/12: $1\jump[0:0]
     9/12: $1\branch[0:0]
    10/12: $1\mem_write[0:0]
    11/12: $1\mem_read[0:0]
    12/12: $1\alu_src_a[0:0]
Creating decoders for process `\cleave_regfile.$proc$cleave_regfile.v:58$102'.
     1/3: $1$memwr$\regs$cleave_regfile.v:60$92_EN[31:0]$110
     2/3: $1$memwr$\regs$cleave_regfile.v:60$92_DATA[31:0]$109
     3/3: $1$memwr$\regs$cleave_regfile.v:60$92_ADDR[4:0]$108
Creating decoders for process `\cleave_immgen.$proc$cleave_immgen.v:30$91'.
     1/1: $1\imm[31:0]
Creating decoders for process `\cleave_alu.$proc$cleave_alu.v:59$82'.
     1/1: $1\result[31:0]
Creating decoders for process `\cleave_branch.$proc$cleave_branch.v:45$64'.
     1/1: $1\take[0:0]
Creating decoders for process `\cleave_dmem.$proc$cleave_dmem.v:96$54'.
     1/1: $1\rdata[31:0]
Creating decoders for process `\cleave_dmem.$proc$cleave_dmem.v:82$24'.
     1/12: $1$memwr$\ram$cleave_dmem.v:86$18_EN[31:0]$48
     2/12: $1$memwr$\ram$cleave_dmem.v:86$18_DATA[31:0]$47
     3/12: $1$memwr$\ram$cleave_dmem.v:86$18_ADDR[5:0]$46
     4/12: $1$memwr$\ram$cleave_dmem.v:85$17_EN[31:0]$45
     5/12: $1$memwr$\ram$cleave_dmem.v:85$17_DATA[31:0]$44
     6/12: $1$memwr$\ram$cleave_dmem.v:85$17_ADDR[5:0]$43
     7/12: $1$memwr$\ram$cleave_dmem.v:84$16_EN[31:0]$42
     8/12: $1$memwr$\ram$cleave_dmem.v:84$16_DATA[31:0]$41
     9/12: $1$memwr$\ram$cleave_dmem.v:84$16_ADDR[5:0]$40
    10/12: $1$memwr$\ram$cleave_dmem.v:83$15_EN[31:0]$39
    11/12: $1$memwr$\ram$cleave_dmem.v:83$15_DATA[31:0]$38
    12/12: $1$memwr$\ram$cleave_dmem.v:83$15_ADDR[5:0]$37
Creating decoders for process `\cleave_dmem.$proc$cleave_dmem.v:67$19'.
     1/2: $2\wstrb[3:0]
     2/2: $1\wstrb[3:0]
Creating decoders for process `\cleave_core.$proc$cleave_core.v:175$13'.
     1/1: $1\dbg_byte[7:0]
Creating decoders for process `\cleave_core.$proc$cleave_core.v:148$7'.
     1/1: $1\wb_data[31:0]

12.2.8. Executing PROC_DLATCH pass (convert process syncs to latches).
No latch inferred for signal `\cleave_imem.\i' from process `\cleave_imem.$proc$cleave_imem.v:0$374'.
No latch inferred for signal `\cleave_imem.$memwr$\rom$cleave_imem.v:52$117_EN' from process `\cleave_imem.$proc$cleave_imem.v:0$374'.
No latch inferred for signal `\cleave_imem.$memwr$\rom$cleave_imem.v:52$118_EN' from process `\cleave_imem.$proc$cleave_imem.v:0$374'.
No latch inferred for signal `\cleave_imem.$memwr$\rom$cleave_imem.v:52$119_EN' from process `\cleave_imem.$proc$cleave_imem.v:0$374'.
No latch inferred for signal `\cleave_imem.$memwr$\rom$cleave_imem.v:52$120_EN' from process `\cleave_imem.$proc$cleave_imem.v:0$374'.
No latch inferred for signal `\cleave_imem.$memwr$\rom$cleave_imem.v:52$121_EN' from process `\cleave_imem.$proc$cleave_imem.v:0$374'.
No latch inferred for signal `\cleave_imem.$memwr$\rom$cleave_imem.v:52$122_EN' from process `\cleave_imem.$proc$cleave_imem.v:0$374'.
No latch inferred for signal `\cleave_imem.$memwr$\rom$cleave_imem.v:52$123_EN' from process `\cleave_imem.$proc$cleave_imem.v:0$374'.
No latch inferred for signal `\cleave_imem.$memwr$\rom$cleave_imem.v:52$124_EN' from process `\cleave_imem.$proc$cleave_imem.v:0$374'.
No latch inferred for signal `\cleave_imem.$memwr$\rom$cleave_imem.v:52$125_EN' from process `\cleave_imem.$proc$cleave_imem.v:0$374'.
No latch inferred for signal `\cleave_imem.$memwr$\rom$cleave_imem.v:52$126_EN' from process `\cleave_imem.$proc$cleave_imem.v:0$374'.
No latch inferred for signal `\cleave_imem.$memwr$\rom$cleave_imem.v:52$127_EN' from process `\cleave_imem.$proc$cleave_imem.v:0$374'.
No latch inferred for signal `\cleave_imem.$memwr$\rom$cleave_imem.v:52$128_EN' from process `\cleave_imem.$proc$cleave_imem.v:0$374'.
No latch inferred for signal `\cleave_imem.$memwr$\rom$cleave_imem.v:52$129_EN' from process `\cleave_imem.$proc$cleave_imem.v:0$374'.
No latch inferred for signal `\cleave_imem.$memwr$\rom$cleave_imem.v:52$130_EN' from process `\cleave_imem.$proc$cleave_imem.v:0$374'.
No latch inferred for signal `\cleave_imem.$memwr$\rom$cleave_imem.v:52$131_EN' from process `\cleave_imem.$proc$cleave_imem.v:0$374'.
No latch inferred for signal `\cleave_imem.$memwr$\rom$cleave_imem.v:52$132_EN' from process `\cleave_imem.$proc$cleave_imem.v:0$374'.
No latch inferred for signal `\cleave_imem.$memwr$\rom$cleave_imem.v:52$133_EN' from process `\cleave_imem.$proc$cleave_imem.v:0$374'.
No latch inferred for signal `\cleave_imem.$memwr$\rom$cleave_imem.v:52$134_EN' from process `\cleave_imem.$proc$cleave_imem.v:0$374'.
No latch inferred for signal `\cleave_imem.$memwr$\rom$cleave_imem.v:52$135_EN' from process `\cleave_imem.$proc$cleave_imem.v:0$374'.
No latch inferred for signal `\cleave_imem.$memwr$\rom$cleave_imem.v:52$136_EN' from process `\cleave_imem.$proc$cleave_imem.v:0$374'.
No latch inferred for signal `\cleave_imem.$memwr$\rom$cleave_imem.v:52$137_EN' from process `\cleave_imem.$proc$cleave_imem.v:0$374'.
No latch inferred for signal `\cleave_imem.$memwr$\rom$cleave_imem.v:52$138_EN' from process `\cleave_imem.$proc$cleave_imem.v:0$374'.
No latch inferred for signal `\cleave_imem.$memwr$\rom$cleave_imem.v:52$139_EN' from process `\cleave_imem.$proc$cleave_imem.v:0$374'.
No latch inferred for signal `\cleave_imem.$memwr$\rom$cleave_imem.v:52$140_EN' from process `\cleave_imem.$proc$cleave_imem.v:0$374'.
No latch inferred for signal `\cleave_imem.$memwr$\rom$cleave_imem.v:52$141_EN' from process `\cleave_imem.$proc$cleave_imem.v:0$374'.
No latch inferred for signal `\cleave_imem.$memwr$\rom$cleave_imem.v:52$142_EN' from process `\cleave_imem.$proc$cleave_imem.v:0$374'.
No latch inferred for signal `\cleave_imem.$memwr$\rom$cleave_imem.v:52$143_EN' from process `\cleave_imem.$proc$cleave_imem.v:0$374'.
No latch inferred for signal `\cleave_imem.$memwr$\rom$cleave_imem.v:52$144_EN' from process `\cleave_imem.$proc$cleave_imem.v:0$374'.
No latch inferred for signal `\cleave_imem.$memwr$\rom$cleave_imem.v:52$145_EN' from process `\cleave_imem.$proc$cleave_imem.v:0$374'.
No latch inferred for signal `\cleave_imem.$memwr$\rom$cleave_imem.v:52$146_EN' from process `\cleave_imem.$proc$cleave_imem.v:0$374'.
No latch inferred for signal `\cleave_imem.$memwr$\rom$cleave_imem.v:52$147_EN' from process `\cleave_imem.$proc$cleave_imem.v:0$374'.
No latch inferred for signal `\cleave_imem.$memwr$\rom$cleave_imem.v:52$148_EN' from process `\cleave_imem.$proc$cleave_imem.v:0$374'.
No latch inferred for signal `\cleave_imem.$memwr$\rom$cleave_imem.v:52$149_EN' from process `\cleave_imem.$proc$cleave_imem.v:0$374'.
No latch inferred for signal `\cleave_imem.$memwr$\rom$cleave_imem.v:52$150_EN' from process `\cleave_imem.$proc$cleave_imem.v:0$374'.
No latch inferred for signal `\cleave_imem.$memwr$\rom$cleave_imem.v:52$151_EN' from process `\cleave_imem.$proc$cleave_imem.v:0$374'.
No latch inferred for signal `\cleave_imem.$memwr$\rom$cleave_imem.v:52$152_EN' from process `\cleave_imem.$proc$cleave_imem.v:0$374'.
No latch inferred for signal `\cleave_imem.$memwr$\rom$cleave_imem.v:52$153_EN' from process `\cleave_imem.$proc$cleave_imem.v:0$374'.
No latch inferred for signal `\cleave_imem.$memwr$\rom$cleave_imem.v:52$154_EN' from process `\cleave_imem.$proc$cleave_imem.v:0$374'.
No latch inferred for signal `\cleave_imem.$memwr$\rom$cleave_imem.v:52$155_EN' from process `\cleave_imem.$proc$cleave_imem.v:0$374'.
No latch inferred for signal `\cleave_imem.$memwr$\rom$cleave_imem.v:52$156_EN' from process `\cleave_imem.$proc$cleave_imem.v:0$374'.
No latch inferred for signal `\cleave_imem.$memwr$\rom$cleave_imem.v:52$157_EN' from process `\cleave_imem.$proc$cleave_imem.v:0$374'.
No latch inferred for signal `\cleave_imem.$memwr$\rom$cleave_imem.v:52$158_EN' from process `\cleave_imem.$proc$cleave_imem.v:0$374'.
No latch inferred for signal `\cleave_imem.$memwr$\rom$cleave_imem.v:52$159_EN' from process `\cleave_imem.$proc$cleave_imem.v:0$374'.
No latch inferred for signal `\cleave_imem.$memwr$\rom$cleave_imem.v:52$160_EN' from process `\cleave_imem.$proc$cleave_imem.v:0$374'.
No latch inferred for signal `\cleave_imem.$memwr$\rom$cleave_imem.v:52$161_EN' from process `\cleave_imem.$proc$cleave_imem.v:0$374'.
No latch inferred for signal `\cleave_imem.$memwr$\rom$cleave_imem.v:52$162_EN' from process `\cleave_imem.$proc$cleave_imem.v:0$374'.
No latch inferred for signal `\cleave_imem.$memwr$\rom$cleave_imem.v:52$163_EN' from process `\cleave_imem.$proc$cleave_imem.v:0$374'.
No latch inferred for signal `\cleave_imem.$memwr$\rom$cleave_imem.v:52$164_EN' from process `\cleave_imem.$proc$cleave_imem.v:0$374'.
No latch inferred for signal `\cleave_imem.$memwr$\rom$cleave_imem.v:52$165_EN' from process `\cleave_imem.$proc$cleave_imem.v:0$374'.
No latch inferred for signal `\cleave_imem.$memwr$\rom$cleave_imem.v:52$166_EN' from process `\cleave_imem.$proc$cleave_imem.v:0$374'.
No latch inferred for signal `\cleave_imem.$memwr$\rom$cleave_imem.v:52$167_EN' from process `\cleave_imem.$proc$cleave_imem.v:0$374'.
No latch inferred for signal `\cleave_imem.$memwr$\rom$cleave_imem.v:52$168_EN' from process `\cleave_imem.$proc$cleave_imem.v:0$374'.
No latch inferred for signal `\cleave_imem.$memwr$\rom$cleave_imem.v:52$169_EN' from process `\cleave_imem.$proc$cleave_imem.v:0$374'.
No latch inferred for signal `\cleave_imem.$memwr$\rom$cleave_imem.v:52$170_EN' from process `\cleave_imem.$proc$cleave_imem.v:0$374'.
No latch inferred for signal `\cleave_imem.$memwr$\rom$cleave_imem.v:52$171_EN' from process `\cleave_imem.$proc$cleave_imem.v:0$374'.
No latch inferred for signal `\cleave_imem.$memwr$\rom$cleave_imem.v:52$172_EN' from process `\cleave_imem.$proc$cleave_imem.v:0$374'.
No latch inferred for signal `\cleave_imem.$memwr$\rom$cleave_imem.v:52$173_EN' from process `\cleave_imem.$proc$cleave_imem.v:0$374'.
No latch inferred for signal `\cleave_imem.$memwr$\rom$cleave_imem.v:52$174_EN' from process `\cleave_imem.$proc$cleave_imem.v:0$374'.
No latch inferred for signal `\cleave_imem.$memwr$\rom$cleave_imem.v:52$175_EN' from process `\cleave_imem.$proc$cleave_imem.v:0$374'.
No latch inferred for signal `\cleave_imem.$memwr$\rom$cleave_imem.v:52$176_EN' from process `\cleave_imem.$proc$cleave_imem.v:0$374'.
No latch inferred for signal `\cleave_imem.$memwr$\rom$cleave_imem.v:52$177_EN' from process `\cleave_imem.$proc$cleave_imem.v:0$374'.
No latch inferred for signal `\cleave_imem.$memwr$\rom$cleave_imem.v:52$178_EN' from process `\cleave_imem.$proc$cleave_imem.v:0$374'.
No latch inferred for signal `\cleave_imem.$memwr$\rom$cleave_imem.v:52$179_EN' from process `\cleave_imem.$proc$cleave_imem.v:0$374'.
No latch inferred for signal `\cleave_imem.$memwr$\rom$cleave_imem.v:52$180_EN' from process `\cleave_imem.$proc$cleave_imem.v:0$374'.
No latch inferred for signal `\cleave_imem.$memwr$\rom$cleave_imem.v:55$181_EN' from process `\cleave_imem.$proc$cleave_imem.v:0$374'.
No latch inferred for signal `\cleave_imem.$memwr$\rom$cleave_imem.v:56$182_EN' from process `\cleave_imem.$proc$cleave_imem.v:0$374'.
No latch inferred for signal `\cleave_imem.$memwr$\rom$cleave_imem.v:57$183_EN' from process `\cleave_imem.$proc$cleave_imem.v:0$374'.
No latch inferred for signal `\cleave_imem.$memwr$\rom$cleave_imem.v:58$184_EN' from process `\cleave_imem.$proc$cleave_imem.v:0$374'.
No latch inferred for signal `\cleave_imem.$memwr$\rom$cleave_imem.v:59$185_EN' from process `\cleave_imem.$proc$cleave_imem.v:0$374'.
No latch inferred for signal `\cleave_imem.$memwr$\rom$cleave_imem.v:60$186_EN' from process `\cleave_imem.$proc$cleave_imem.v:0$374'.
No latch inferred for signal `\cleave_imem.$memwr$\rom$cleave_imem.v:61$187_EN' from process `\cleave_imem.$proc$cleave_imem.v:0$374'.
No latch inferred for signal `\cleave_imem.$memwr$\rom$cleave_imem.v:62$188_EN' from process `\cleave_imem.$proc$cleave_imem.v:0$374'.
No latch inferred for signal `\cleave_imem.$memwr$\rom$cleave_imem.v:63$189_EN' from process `\cleave_imem.$proc$cleave_imem.v:0$374'.
No latch inferred for signal `\cleave_imem.$memwr$\rom$cleave_imem.v:64$190_EN' from process `\cleave_imem.$proc$cleave_imem.v:0$374'.
No latch inferred for signal `\cleave_imem.$memwr$\rom$cleave_imem.v:66$191_EN' from process `\cleave_imem.$proc$cleave_imem.v:0$374'.
No latch inferred for signal `\cleave_imem.$memwr$\rom$cleave_imem.v:67$192_EN' from process `\cleave_imem.$proc$cleave_imem.v:0$374'.
No latch inferred for signal `\cleave_imem.$memwr$\rom$cleave_imem.v:68$193_EN' from process `\cleave_imem.$proc$cleave_imem.v:0$374'.
No latch inferred for signal `\cleave_imem.$memwr$\rom$cleave_imem.v:69$194_EN' from process `\cleave_imem.$proc$cleave_imem.v:0$374'.
No latch inferred for signal `\cleave_imem.$memwr$\rom$cleave_imem.v:70$195_EN' from process `\cleave_imem.$proc$cleave_imem.v:0$374'.
No latch inferred for signal `\cleave_imem.$memwr$\rom$cleave_imem.v:71$196_EN' from process `\cleave_imem.$proc$cleave_imem.v:0$374'.
No latch inferred for signal `\cleave_imem.$memwr$\rom$cleave_imem.v:72$197_EN' from process `\cleave_imem.$proc$cleave_imem.v:0$374'.
No latch inferred for signal `\cleave_imem.$memwr$\rom$cleave_imem.v:73$198_EN' from process `\cleave_imem.$proc$cleave_imem.v:0$374'.
No latch inferred for signal `\cleave_imem.$memwr$\rom$cleave_imem.v:74$199_EN' from process `\cleave_imem.$proc$cleave_imem.v:0$374'.
No latch inferred for signal `\cleave_imem.$memwr$\rom$cleave_imem.v:75$200_EN' from process `\cleave_imem.$proc$cleave_imem.v:0$374'.
No latch inferred for signal `\cleave_imem.$memwr$\rom$cleave_imem.v:77$201_EN' from process `\cleave_imem.$proc$cleave_imem.v:0$374'.
No latch inferred for signal `\cleave_imem.$memwr$\rom$cleave_imem.v:78$202_EN' from process `\cleave_imem.$proc$cleave_imem.v:0$374'.
No latch inferred for signal `\cleave_imem.$memwr$\rom$cleave_imem.v:80$203_EN' from process `\cleave_imem.$proc$cleave_imem.v:0$374'.
No latch inferred for signal `\cleave_imem.$memwr$\rom$cleave_imem.v:81$204_EN' from process `\cleave_imem.$proc$cleave_imem.v:0$374'.
No latch inferred for signal `\cleave_imem.$memwr$\rom$cleave_imem.v:82$205_EN' from process `\cleave_imem.$proc$cleave_imem.v:0$374'.
No latch inferred for signal `\cleave_imem.$memwr$\rom$cleave_imem.v:83$206_EN' from process `\cleave_imem.$proc$cleave_imem.v:0$374'.
No latch inferred for signal `\cleave_imem.$memwr$\rom$cleave_imem.v:84$207_EN' from process `\cleave_imem.$proc$cleave_imem.v:0$374'.
No latch inferred for signal `\cleave_imem.$memwr$\rom$cleave_imem.v:85$208_EN' from process `\cleave_imem.$proc$cleave_imem.v:0$374'.
No latch inferred for signal `\cleave_imem.$memwr$\rom$cleave_imem.v:86$209_EN' from process `\cleave_imem.$proc$cleave_imem.v:0$374'.
No latch inferred for signal `\cleave_imem.$memwr$\rom$cleave_imem.v:87$210_EN' from process `\cleave_imem.$proc$cleave_imem.v:0$374'.
No latch inferred for signal `\cleave_imem.$memwr$\rom$cleave_imem.v:88$211_EN' from process `\cleave_imem.$proc$cleave_imem.v:0$374'.
No latch inferred for signal `\cleave_imem.$memwr$\rom$cleave_imem.v:89$212_EN' from process `\cleave_imem.$proc$cleave_imem.v:0$374'.
No latch inferred for signal `\cleave_imem.$memwr$\rom$cleave_imem.v:90$213_EN' from process `\cleave_imem.$proc$cleave_imem.v:0$374'.
No latch inferred for signal `\cleave_imem.$memwr$\rom$cleave_imem.v:92$214_EN' from process `\cleave_imem.$proc$cleave_imem.v:0$374'.
No latch inferred for signal `\cleave_imem.$memwr$\rom$cleave_imem.v:93$215_EN' from process `\cleave_imem.$proc$cleave_imem.v:0$374'.
No latch inferred for signal `\cleave_imem.$memwr$\rom$cleave_imem.v:94$216_EN' from process `\cleave_imem.$proc$cleave_imem.v:0$374'.
No latch inferred for signal `\cleave_imem.$memwr$\rom$cleave_imem.v:95$217_EN' from process `\cleave_imem.$proc$cleave_imem.v:0$374'.
No latch inferred for signal `\cleave_imem.$memwr$\rom$cleave_imem.v:96$218_EN' from process `\cleave_imem.$proc$cleave_imem.v:0$374'.
No latch inferred for signal `\cleave_imem.$memwr$\rom$cleave_imem.v:97$219_EN' from process `\cleave_imem.$proc$cleave_imem.v:0$374'.
No latch inferred for signal `\cleave_imem.$memwr$\rom$cleave_imem.v:98$220_EN' from process `\cleave_imem.$proc$cleave_imem.v:0$374'.
No latch inferred for signal `\cleave_imem.$memwr$\rom$cleave_imem.v:99$221_EN' from process `\cleave_imem.$proc$cleave_imem.v:0$374'.
No latch inferred for signal `\cleave_imem.$memwr$\rom$cleave_imem.v:100$222_EN' from process `\cleave_imem.$proc$cleave_imem.v:0$374'.
No latch inferred for signal `\cleave_imem.$memwr$\rom$cleave_imem.v:101$223_EN' from process `\cleave_imem.$proc$cleave_imem.v:0$374'.
No latch inferred for signal `\cleave_imem.$memwr$\rom$cleave_imem.v:102$224_EN' from process `\cleave_imem.$proc$cleave_imem.v:0$374'.
No latch inferred for signal `\cleave_imem.$memwr$\rom$cleave_imem.v:103$225_EN' from process `\cleave_imem.$proc$cleave_imem.v:0$374'.
No latch inferred for signal `\cleave_imem.$memwr$\rom$cleave_imem.v:104$226_EN' from process `\cleave_imem.$proc$cleave_imem.v:0$374'.
No latch inferred for signal `\cleave_imem.$memwr$\rom$cleave_imem.v:105$227_EN' from process `\cleave_imem.$proc$cleave_imem.v:0$374'.
No latch inferred for signal `\cleave_imem.$memwr$\rom$cleave_imem.v:106$228_EN' from process `\cleave_imem.$proc$cleave_imem.v:0$374'.
No latch inferred for signal `\cleave_imem.$memwr$\rom$cleave_imem.v:107$229_EN' from process `\cleave_imem.$proc$cleave_imem.v:0$374'.
No latch inferred for signal `\cleave_imem.$memwr$\rom$cleave_imem.v:108$230_EN' from process `\cleave_imem.$proc$cleave_imem.v:0$374'.
No latch inferred for signal `\cleave_imem.$memwr$\rom$cleave_imem.v:109$231_EN' from process `\cleave_imem.$proc$cleave_imem.v:0$374'.
No latch inferred for signal `\cleave_imem.$memwr$\rom$cleave_imem.v:110$232_EN' from process `\cleave_imem.$proc$cleave_imem.v:0$374'.
No latch inferred for signal `\cleave_imem.$memwr$\rom$cleave_imem.v:111$233_EN' from process `\cleave_imem.$proc$cleave_imem.v:0$374'.
No latch inferred for signal `\cleave_imem.$memwr$\rom$cleave_imem.v:112$234_EN' from process `\cleave_imem.$proc$cleave_imem.v:0$374'.
No latch inferred for signal `\cleave_imem.$memwr$\rom$cleave_imem.v:113$235_EN' from process `\cleave_imem.$proc$cleave_imem.v:0$374'.
No latch inferred for signal `\cleave_imem.$memwr$\rom$cleave_imem.v:114$236_EN' from process `\cleave_imem.$proc$cleave_imem.v:0$374'.
No latch inferred for signal `\cleave_imem.$memwr$\rom$cleave_imem.v:116$237_EN' from process `\cleave_imem.$proc$cleave_imem.v:0$374'.
No latch inferred for signal `\cleave_imem.$memwr$\rom$cleave_imem.v:117$238_EN' from process `\cleave_imem.$proc$cleave_imem.v:0$374'.
No latch inferred for signal `\cleave_imem.$memwr$\rom$cleave_imem.v:118$239_EN' from process `\cleave_imem.$proc$cleave_imem.v:0$374'.
No latch inferred for signal `\cleave_imem.$memwr$\rom$cleave_imem.v:119$240_EN' from process `\cleave_imem.$proc$cleave_imem.v:0$374'.
No latch inferred for signal `\cleave_imem.$memwr$\rom$cleave_imem.v:120$241_EN' from process `\cleave_imem.$proc$cleave_imem.v:0$374'.
No latch inferred for signal `\cleave_imem.$memwr$\rom$cleave_imem.v:122$242_EN' from process `\cleave_imem.$proc$cleave_imem.v:0$374'.
No latch inferred for signal `\cleave_imem.$memwr$\rom$cleave_imem.v:123$243_EN' from process `\cleave_imem.$proc$cleave_imem.v:0$374'.
No latch inferred for signal `\cleave_imem.$memwr$\rom$cleave_imem.v:125$244_EN' from process `\cleave_imem.$proc$cleave_imem.v:0$374'.
No latch inferred for signal `\cleave_control.\reg_write' from process `\cleave_control.$proc$cleave_control.v:78$114'.
No latch inferred for signal `\cleave_control.\alu_src_a' from process `\cleave_control.$proc$cleave_control.v:78$114'.
No latch inferred for signal `\cleave_control.\alu_src_b' from process `\cleave_control.$proc$cleave_control.v:78$114'.
No latch inferred for signal `\cleave_control.\mem_read' from process `\cleave_control.$proc$cleave_control.v:78$114'.
No latch inferred for signal `\cleave_control.\mem_write' from process `\cleave_control.$proc$cleave_control.v:78$114'.
No latch inferred for signal `\cleave_control.\branch' from process `\cleave_control.$proc$cleave_control.v:78$114'.
No latch inferred for signal `\cleave_control.\jump' from process `\cleave_control.$proc$cleave_control.v:78$114'.
No latch inferred for signal `\cleave_control.\jalr' from process `\cleave_control.$proc$cleave_control.v:78$114'.
No latch inferred for signal `\cleave_control.\illegal_instr' from process `\cleave_control.$proc$cleave_control.v:78$114'.
No latch inferred for signal `\cleave_control.\result_src' from process `\cleave_control.$proc$cleave_control.v:78$114'.
No latch inferred for signal `\cleave_control.\imm_sel' from process `\cleave_control.$proc$cleave_control.v:78$114'.
No latch inferred for signal `\cleave_control.\alu_ctrl' from process `\cleave_control.$proc$cleave_control.v:78$114'.
No latch inferred for signal `\cleave_immgen.\imm' from process `\cleave_immgen.$proc$cleave_immgen.v:30$91'.
No latch inferred for signal `\cleave_alu.\result' from process `\cleave_alu.$proc$cleave_alu.v:59$82'.
No latch inferred for signal `\cleave_branch.\take' from process `\cleave_branch.$proc$cleave_branch.v:45$64'.
No latch inferred for signal `\cleave_dmem.\rdata' from process `\cleave_dmem.$proc$cleave_dmem.v:96$54'.
No latch inferred for signal `\cleave_dmem.\wstrb' from process `\cleave_dmem.$proc$cleave_dmem.v:67$19'.
No latch inferred for signal `\cleave_core.\dbg_byte' from process `\cleave_core.$proc$cleave_core.v:175$13'.
No latch inferred for signal `\cleave_core.\wb_data' from process `\cleave_core.$proc$cleave_core.v:148$7'.

12.2.9. Executing PROC_DFF pass (convert process syncs to FFs).
Creating register for signal `\cleave_pc.\pc' using process `\cleave_pc.$proc$cleave_pc.v:23$503'.
  created $dff cell `$procdff$718' with positive edge clock.
Creating register for signal `\cleave_regfile.$memwr$\regs$cleave_regfile.v:60$92_ADDR' using process `\cleave_regfile.$proc$cleave_regfile.v:58$102'.
  created $dff cell `$procdff$719' with positive edge clock.
Creating register for signal `\cleave_regfile.$memwr$\regs$cleave_regfile.v:60$92_DATA' using process `\cleave_regfile.$proc$cleave_regfile.v:58$102'.
  created $dff cell `$procdff$720' with positive edge clock.
Creating register for signal `\cleave_regfile.$memwr$\regs$cleave_regfile.v:60$92_EN' using process `\cleave_regfile.$proc$cleave_regfile.v:58$102'.
  created $dff cell `$procdff$721' with positive edge clock.
Creating register for signal `\cleave_dmem.$memwr$\ram$cleave_dmem.v:83$15_ADDR' using process `\cleave_dmem.$proc$cleave_dmem.v:82$24'.
  created $dff cell `$procdff$722' with positive edge clock.
Creating register for signal `\cleave_dmem.$memwr$\ram$cleave_dmem.v:83$15_DATA' using process `\cleave_dmem.$proc$cleave_dmem.v:82$24'.
  created $dff cell `$procdff$723' with positive edge clock.
Creating register for signal `\cleave_dmem.$memwr$\ram$cleave_dmem.v:83$15_EN' using process `\cleave_dmem.$proc$cleave_dmem.v:82$24'.
  created $dff cell `$procdff$724' with positive edge clock.
Creating register for signal `\cleave_dmem.$memwr$\ram$cleave_dmem.v:84$16_ADDR' using process `\cleave_dmem.$proc$cleave_dmem.v:82$24'.
  created $dff cell `$procdff$725' with positive edge clock.
Creating register for signal `\cleave_dmem.$memwr$\ram$cleave_dmem.v:84$16_DATA' using process `\cleave_dmem.$proc$cleave_dmem.v:82$24'.
  created $dff cell `$procdff$726' with positive edge clock.
Creating register for signal `\cleave_dmem.$memwr$\ram$cleave_dmem.v:84$16_EN' using process `\cleave_dmem.$proc$cleave_dmem.v:82$24'.
  created $dff cell `$procdff$727' with positive edge clock.
Creating register for signal `\cleave_dmem.$memwr$\ram$cleave_dmem.v:85$17_ADDR' using process `\cleave_dmem.$proc$cleave_dmem.v:82$24'.
  created $dff cell `$procdff$728' with positive edge clock.
Creating register for signal `\cleave_dmem.$memwr$\ram$cleave_dmem.v:85$17_DATA' using process `\cleave_dmem.$proc$cleave_dmem.v:82$24'.
  created $dff cell `$procdff$729' with positive edge clock.
Creating register for signal `\cleave_dmem.$memwr$\ram$cleave_dmem.v:85$17_EN' using process `\cleave_dmem.$proc$cleave_dmem.v:82$24'.
  created $dff cell `$procdff$730' with positive edge clock.
Creating register for signal `\cleave_dmem.$memwr$\ram$cleave_dmem.v:86$18_ADDR' using process `\cleave_dmem.$proc$cleave_dmem.v:82$24'.
  created $dff cell `$procdff$731' with positive edge clock.
Creating register for signal `\cleave_dmem.$memwr$\ram$cleave_dmem.v:86$18_DATA' using process `\cleave_dmem.$proc$cleave_dmem.v:82$24'.
  created $dff cell `$procdff$732' with positive edge clock.
Creating register for signal `\cleave_dmem.$memwr$\ram$cleave_dmem.v:86$18_EN' using process `\cleave_dmem.$proc$cleave_dmem.v:82$24'.
  created $dff cell `$procdff$733' with positive edge clock.

12.2.10. Executing PROC_MEMWR pass (convert process memory writes to cells).

12.2.11. Executing PROC_CLEAN pass (remove empty switches from decision trees).
Found and cleaned up 1 empty switch in `\cleave_pc.$proc$cleave_pc.v:23$503'.
Removing empty process `cleave_pc.$proc$cleave_pc.v:23$503'.
Removing empty process `cleave_imem.$proc$cleave_imem.v:0$374'.
Found and cleaned up 1 empty switch in `\cleave_control.$proc$cleave_control.v:78$114'.
Removing empty process `cleave_control.$proc$cleave_control.v:78$114'.
Found and cleaned up 1 empty switch in `\cleave_regfile.$proc$cleave_regfile.v:58$102'.
Removing empty process `cleave_regfile.$proc$cleave_regfile.v:58$102'.
Found and cleaned up 1 empty switch in `\cleave_immgen.$proc$cleave_immgen.v:30$91'.
Removing empty process `cleave_immgen.$proc$cleave_immgen.v:30$91'.
Found and cleaned up 1 empty switch in `\cleave_alu.$proc$cleave_alu.v:59$82'.
Removing empty process `cleave_alu.$proc$cleave_alu.v:59$82'.
Found and cleaned up 1 empty switch in `\cleave_branch.$proc$cleave_branch.v:45$64'.
Removing empty process `cleave_branch.$proc$cleave_branch.v:45$64'.
Found and cleaned up 1 empty switch in `\cleave_dmem.$proc$cleave_dmem.v:96$54'.
Removing empty process `cleave_dmem.$proc$cleave_dmem.v:96$54'.
Found and cleaned up 4 empty switches in `\cleave_dmem.$proc$cleave_dmem.v:82$24'.
Removing empty process `cleave_dmem.$proc$cleave_dmem.v:82$24'.
Found and cleaned up 2 empty switches in `\cleave_dmem.$proc$cleave_dmem.v:67$19'.
Removing empty process `cleave_dmem.$proc$cleave_dmem.v:67$19'.
Found and cleaned up 1 empty switch in `\cleave_core.$proc$cleave_core.v:175$13'.
Removing empty process `cleave_core.$proc$cleave_core.v:175$13'.
Found and cleaned up 1 empty switch in `\cleave_core.$proc$cleave_core.v:148$7'.
Removing empty process `cleave_core.$proc$cleave_core.v:148$7'.
Cleaned up 15 empty switches.

12.2.12. Executing OPT_EXPR pass (perform const folding).
Optimizing module cleave_pc.
Optimizing module cleave_imem.
Optimizing module cleave_control.
Optimizing module cleave_regfile.
<suppressed ~4 debug messages>
Optimizing module cleave_immgen.
<suppressed ~1 debug messages>
Optimizing module cleave_alu.
Optimizing module cleave_branch.
<suppressed ~1 debug messages>
Optimizing module cleave_dmem.
<suppressed ~2 debug messages>
Optimizing module cleave_core.
<suppressed ~4 debug messages>
Optimizing module tt_um_cleave.
<suppressed ~1 debug messages>

12.3. Executing OPT_EXPR pass (perform const folding).
Optimizing module cleave_pc.
Optimizing module cleave_imem.
Optimizing module cleave_control.
Optimizing module cleave_regfile.
Optimizing module cleave_immgen.
Optimizing module cleave_alu.
Optimizing module cleave_branch.
Optimizing module cleave_dmem.
<suppressed ~5 debug messages>
Optimizing module cleave_core.
Optimizing module tt_um_cleave.

12.4. Executing OPT_CLEAN pass (remove unused cells and wires).
Finding unused cells or wires in module \cleave_pc..
Finding unused cells or wires in module \cleave_imem..
Finding unused cells or wires in module \cleave_control..
Finding unused cells or wires in module \cleave_regfile..
Finding unused cells or wires in module \cleave_immgen..
Finding unused cells or wires in module \cleave_alu..
Finding unused cells or wires in module \cleave_branch..
Finding unused cells or wires in module \cleave_dmem..
Finding unused cells or wires in module \cleave_core..
Finding unused cells or wires in module \tt_um_cleave..
Removed 15 unused cells and 413 unused wires.
<suppressed ~26 debug messages>

12.5. Executing CHECK pass (checking for obvious problems).
Checking module cleave_alu...
Checking module cleave_branch...
Checking module cleave_control...
Checking module cleave_core...
Checking module cleave_dmem...
Checking module cleave_imem...
Checking module cleave_immgen...
Checking module cleave_pc...
Checking module cleave_regfile...
Checking module tt_um_cleave...
Found and reported 0 problems.

12.6. Executing OPT pass (performing simple optimizations).

12.6.1. Executing OPT_EXPR pass (perform const folding).
Optimizing module cleave_alu.
Optimizing module cleave_branch.
Optimizing module cleave_control.
Optimizing module cleave_core.
Optimizing module cleave_dmem.
Optimizing module cleave_imem.
Optimizing module cleave_immgen.
Optimizing module cleave_pc.
Optimizing module cleave_regfile.
Optimizing module tt_um_cleave.

12.6.2. Executing OPT_MERGE pass (detect identical cells).
Finding identical cells in module `\cleave_alu'.
<suppressed ~6 debug messages>
Finding identical cells in module `\cleave_branch'.
<suppressed ~9 debug messages>
Finding identical cells in module `\cleave_control'.
<suppressed ~204 debug messages>
Finding identical cells in module `\cleave_core'.
Finding identical cells in module `\cleave_dmem'.
<suppressed ~9 debug messages>
Finding identical cells in module `\cleave_imem'.
Finding identical cells in module `\cleave_immgen'.
Finding identical cells in module `\cleave_pc'.
Finding identical cells in module `\cleave_regfile'.
Finding identical cells in module `\tt_um_cleave'.
Removed a total of 76 cells.

12.6.3. Executing OPT_MUXTREE pass (detect dead branches in mux trees).
Running muxtree optimizer on module \cleave_alu..
  Creating internal representation of mux trees.
  Evaluating internal representation of mux trees.
  Analyzing evaluation results.
Running muxtree optimizer on module \cleave_branch..
  Creating internal representation of mux trees.
  Evaluating internal representation of mux trees.
  Analyzing evaluation results.
Running muxtree optimizer on module \cleave_control..
  Creating internal representation of mux trees.
  Evaluating internal representation of mux trees.
  Analyzing evaluation results.
Running muxtree optimizer on module \cleave_core..
  Creating internal representation of mux trees.
  Evaluating internal representation of mux trees.
  Analyzing evaluation results.
Running muxtree optimizer on module \cleave_dmem..
  Creating internal representation of mux trees.
  Evaluating internal representation of mux trees.
  Analyzing evaluation results.
    dead port 2/2 on $mux $procmux$703.
Running muxtree optimizer on module \cleave_imem..
  Creating internal representation of mux trees.
  No muxes found in this module.
Running muxtree optimizer on module \cleave_immgen..
  Creating internal representation of mux trees.
  Evaluating internal representation of mux trees.
  Analyzing evaluation results.
Running muxtree optimizer on module \cleave_pc..
  Creating internal representation of mux trees.
  Evaluating internal representation of mux trees.
  Analyzing evaluation results.
Running muxtree optimizer on module \cleave_regfile..
  Creating internal representation of mux trees.
  Evaluating internal representation of mux trees.
  Analyzing evaluation results.
Running muxtree optimizer on module \tt_um_cleave..
  Creating internal representation of mux trees.
  No muxes found in this module.
Removed 1 multiplexer ports.
<suppressed ~46 debug messages>

12.6.4. Executing OPT_REDUCE pass (consolidate $*mux and $reduce_* inputs).
  Optimizing cells in module \cleave_alu.
    New ctrl vector for $pmux cell $procmux$637: { $procmux$645_CMP $procmux$644_CMP \is_unsigned $procmux$642_CMP $auto$opt_reduce.cc:134:opt_pmux$740 $procmux$639_CMP $procmux$638_CMP }
  Optimizing cells in module \cleave_alu.
  Optimizing cells in module \cleave_branch.
    New ctrl vector for $pmux cell $procmux$647: { $procmux$653_CMP $procmux$652_CMP $auto$opt_reduce.cc:134:opt_pmux$744 $auto$opt_reduce.cc:134:opt_pmux$742 }
  Optimizing cells in module \cleave_branch.
  Optimizing cells in module \cleave_control.
    New ctrl vector for $pmux cell $procmux$578: $auto$opt_reduce.cc:134:opt_pmux$746
    New ctrl vector for $pmux cell $procmux$551: { $procmux$516_CMP $procmux$513_CMP $auto$opt_reduce.cc:134:opt_pmux$750 $auto$opt_reduce.cc:134:opt_pmux$748 }
    New ctrl vector for $pmux cell $procmux$529: { $auto$opt_reduce.cc:134:opt_pmux$754 $auto$opt_reduce.cc:134:opt_pmux$752 }
    New ctrl vector for $pmux cell $procmux$542: $auto$opt_reduce.cc:134:opt_pmux$756
    New ctrl vector for $pmux cell $procmux$609: { $procmux$512_CMP $auto$opt_reduce.cc:134:opt_pmux$758 }
    New ctrl vector for $pmux cell $procmux$561: $auto$opt_reduce.cc:134:opt_pmux$760
    New ctrl vector for $pmux cell $procmux$508: { $procmux$515_CMP $procmux$514_CMP $auto$opt_reduce.cc:134:opt_pmux$764 $procmux$511_CMP $auto$opt_reduce.cc:134:opt_pmux$762 }
    New ctrl vector for $pmux cell $procmux$519: { $procmux$527_CMP $procmux$517_CMP $auto$opt_reduce.cc:134:opt_pmux$766 }
    New input vector for $reduce_or cell $auto$opt_reduce.cc:128:opt_pmux$747: { $procmux$527_CMP $procmux$517_CMP $procmux$512_CMP $procmux$509_CMP }
    New input vector for $reduce_or cell $auto$opt_reduce.cc:128:opt_pmux$751: { $procmux$527_CMP $procmux$514_CMP $procmux$513_CMP $procmux$511_CMP $procmux$509_CMP }
    New input vector for $reduce_or cell $auto$opt_reduce.cc:128:opt_pmux$757: { $procmux$527_CMP $procmux$517_CMP $procmux$516_CMP $procmux$515_CMP $procmux$514_CMP $procmux$513_CMP $procmux$511_CMP $procmux$510_CMP $procmux$509_CMP }
    New input vector for $reduce_or cell $auto$opt_reduce.cc:128:opt_pmux$759: { $procmux$527_CMP $procmux$517_CMP $procmux$516_CMP $procmux$515_CMP $procmux$514_CMP $procmux$513_CMP $procmux$512_CMP $procmux$511_CMP $procmux$510_CMP $procmux$509_CMP }
    New input vector for $reduce_or cell $auto$opt_reduce.cc:128:opt_pmux$761: { $procmux$517_CMP $procmux$516_CMP $procmux$510_CMP $procmux$509_CMP }
    New input vector for $reduce_or cell $auto$opt_reduce.cc:128:opt_pmux$765: { $procmux$516_CMP $procmux$515_CMP $procmux$514_CMP $procmux$512_CMP $procmux$510_CMP $procmux$509_CMP }
  Optimizing cells in module \cleave_control.
  Optimizing cells in module \cleave_core.
  Optimizing cells in module \cleave_dmem.
    Consolidated identical input bits for $mux cell $procmux$662:
      Old ports: A=0, B=32'11111111000000000000000000000000, Y=$0$memwr$\ram$cleave_dmem.v:86$18_EN[31:0]$36
      New ports: A=1'0, B=1'1, Y=$0$memwr$\ram$cleave_dmem.v:86$18_EN[31:0]$36 [24]
      New connections: { $0$memwr$\ram$cleave_dmem.v:86$18_EN[31:0]$36 [31:25] $0$memwr$\ram$cleave_dmem.v:86$18_EN[31:0]$36 [23:0] } = { $0$memwr$\ram$cleave_dmem.v:86$18_EN[31:0]$36 [24] $0$memwr$\ram$cleave_dmem.v:86$18_EN[31:0]$36 [24] $0$memwr$\ram$cleave_dmem.v:86$18_EN[31:0]$36 [24] $0$memwr$\ram$cleave_dmem.v:86$18_EN[31:0]$36 [24] $0$memwr$\ram$cleave_dmem.v:86$18_EN[31:0]$36 [24] $0$memwr$\ram$cleave_dmem.v:86$18_EN[31:0]$36 [24] $0$memwr$\ram$cleave_dmem.v:86$18_EN[31:0]$36 [24] 24'000000000000000000000000 }
    Consolidated identical input bits for $mux cell $procmux$671:
      Old ports: A=0, B=16711680, Y=$0$memwr$\ram$cleave_dmem.v:85$17_EN[31:0]$33
      New ports: A=1'0, B=1'1, Y=$0$memwr$\ram$cleave_dmem.v:85$17_EN[31:0]$33 [16]
      New connections: { $0$memwr$\ram$cleave_dmem.v:85$17_EN[31:0]$33 [31:17] $0$memwr$\ram$cleave_dmem.v:85$17_EN[31:0]$33 [15:0] } = { 8'00000000 $0$memwr$\ram$cleave_dmem.v:85$17_EN[31:0]$33 [16] $0$memwr$\ram$cleave_dmem.v:85$17_EN[31:0]$33 [16] $0$memwr$\ram$cleave_dmem.v:85$17_EN[31:0]$33 [16] $0$memwr$\ram$cleave_dmem.v:85$17_EN[31:0]$33 [16] $0$memwr$\ram$cleave_dmem.v:85$17_EN[31:0]$33 [16] $0$memwr$\ram$cleave_dmem.v:85$17_EN[31:0]$33 [16] $0$memwr$\ram$cleave_dmem.v:85$17_EN[31:0]$33 [16] 16'0000000000000000 }
    Consolidated identical input bits for $mux cell $procmux$680:
      Old ports: A=0, B=65280, Y=$0$memwr$\ram$cleave_dmem.v:84$16_EN[31:0]$30
      New ports: A=1'0, B=1'1, Y=$0$memwr$\ram$cleave_dmem.v:84$16_EN[31:0]$30 [8]
      New connections: { $0$memwr$\ram$cleave_dmem.v:84$16_EN[31:0]$30 [31:9] $0$memwr$\ram$cleave_dmem.v:84$16_EN[31:0]$30 [7:0] } = { 16'0000000000000000 $0$memwr$\ram$cleave_dmem.v:84$16_EN[31:0]$30 [8] $0$memwr$\ram$cleave_dmem.v:84$16_EN[31:0]$30 [8] $0$memwr$\ram$cleave_dmem.v:84$16_EN[31:0]$30 [8] $0$memwr$\ram$cleave_dmem.v:84$16_EN[31:0]$30 [8] $0$memwr$\ram$cleave_dmem.v:84$16_EN[31:0]$30 [8] $0$memwr$\ram$cleave_dmem.v:84$16_EN[31:0]$30 [8] $0$memwr$\ram$cleave_dmem.v:84$16_EN[31:0]$30 [8] 8'00000000 }
    Consolidated identical input bits for $mux cell $procmux$689:
      Old ports: A=0, B=255, Y=$0$memwr$\ram$cleave_dmem.v:83$15_EN[31:0]$27
      New ports: A=1'0, B=1'1, Y=$0$memwr$\ram$cleave_dmem.v:83$15_EN[31:0]$27 [0]
      New connections: $0$memwr$\ram$cleave_dmem.v:83$15_EN[31:0]$27 [31:1] = { 24'000000000000000000000000 $0$memwr$\ram$cleave_dmem.v:83$15_EN[31:0]$27 [0] $0$memwr$\ram$cleave_dmem.v:83$15_EN[31:0]$27 [0] $0$memwr$\ram$cleave_dmem.v:83$15_EN[31:0]$27 [0] $0$memwr$\ram$cleave_dmem.v:83$15_EN[31:0]$27 [0] $0$memwr$\ram$cleave_dmem.v:83$15_EN[31:0]$27 [0] $0$memwr$\ram$cleave_dmem.v:83$15_EN[31:0]$27 [0] $0$memwr$\ram$cleave_dmem.v:83$15_EN[31:0]$27 [0] }
  Optimizing cells in module \cleave_dmem.
  Optimizing cells in module \cleave_imem.
  Optimizing cells in module \cleave_immgen.
  Optimizing cells in module \cleave_pc.
  Optimizing cells in module \cleave_regfile.
    Consolidated identical input bits for $mux cell $procmux$621:
      Old ports: A=0, B=32'11111111111111111111111111111111, Y=$0$memwr$\regs$cleave_regfile.v:60$92_EN[31:0]$105
      New ports: A=1'0, B=1'1, Y=$0$memwr$\regs$cleave_regfile.v:60$92_EN[31:0]$105 [0]
      New connections: $0$memwr$\regs$cleave_regfile.v:60$92_EN[31:0]$105 [31:1] = { $0$memwr$\regs$cleave_regfile.v:60$92_EN[31:0]$105 [0] $0$memwr$\regs$cleave_regfile.v:60$92_EN[31:0]$105 [0] $0$memwr$\regs$cleave_regfile.v:60$92_EN[31:0]$105 [0] $0$memwr$\regs$cleave_regfile.v:60$92_EN[31:0]$105 [0] $0$memwr$\regs$cleave_regfile.v:60$92_EN[31:0]$105 [0] $0$memwr$\regs$cleave_regfile.v:60$92_EN[31:0]$105 [0] $0$memwr$\regs$cleave_regfile.v:60$92_EN[31:0]$105 [0] $0$memwr$\regs$cleave_regfile.v:60$92_EN[31:0]$105 [0] $0$memwr$\regs$cleave_regfile.v:60$92_EN[31:0]$105 [0] $0$memwr$\regs$cleave_regfile.v:60$92_EN[31:0]$105 [0] $0$memwr$\regs$cleave_regfile.v:60$92_EN[31:0]$105 [0] $0$memwr$\regs$cleave_regfile.v:60$92_EN[31:0]$105 [0] $0$memwr$\regs$cleave_regfile.v:60$92_EN[31:0]$105 [0] $0$memwr$\regs$cleave_regfile.v:60$92_EN[31:0]$105 [0] $0$memwr$\regs$cleave_regfile.v:60$92_EN[31:0]$105 [0] $0$memwr$\regs$cleave_regfile.v:60$92_EN[31:0]$105 [0] $0$memwr$\regs$cleave_regfile.v:60$92_EN[31:0]$105 [0] $0$memwr$\regs$cleave_regfile.v:60$92_EN[31:0]$105 [0] $0$memwr$\regs$cleave_regfile.v:60$92_EN[31:0]$105 [0] $0$memwr$\regs$cleave_regfile.v:60$92_EN[31:0]$105 [0] $0$memwr$\regs$cleave_regfile.v:60$92_EN[31:0]$105 [0] $0$memwr$\regs$cleave_regfile.v:60$92_EN[31:0]$105 [0] $0$memwr$\regs$cleave_regfile.v:60$92_EN[31:0]$105 [0] $0$memwr$\regs$cleave_regfile.v:60$92_EN[31:0]$105 [0] $0$memwr$\regs$cleave_regfile.v:60$92_EN[31:0]$105 [0] $0$memwr$\regs$cleave_regfile.v:60$92_EN[31:0]$105 [0] $0$memwr$\regs$cleave_regfile.v:60$92_EN[31:0]$105 [0] $0$memwr$\regs$cleave_regfile.v:60$92_EN[31:0]$105 [0] $0$memwr$\regs$cleave_regfile.v:60$92_EN[31:0]$105 [0] $0$memwr$\regs$cleave_regfile.v:60$92_EN[31:0]$105 [0] $0$memwr$\regs$cleave_regfile.v:60$92_EN[31:0]$105 [0] }
  Optimizing cells in module \cleave_regfile.
  Optimizing cells in module \tt_um_cleave.
Performed a total of 21 changes.

12.6.5. Executing OPT_MERGE pass (detect identical cells).
Finding identical cells in module `\cleave_alu'.
<suppressed ~3 debug messages>
Finding identical cells in module `\cleave_branch'.
Finding identical cells in module `\cleave_control'.
<suppressed ~3 debug messages>
Finding identical cells in module `\cleave_core'.
Finding identical cells in module `\cleave_dmem'.
Finding identical cells in module `\cleave_imem'.
Finding identical cells in module `\cleave_immgen'.
Finding identical cells in module `\cleave_pc'.
Finding identical cells in module `\cleave_regfile'.
Finding identical cells in module `\tt_um_cleave'.
Removed a total of 2 cells.

12.6.6. Executing OPT_DFF pass (perform DFF optimizations).

12.6.7. Executing OPT_CLEAN pass (remove unused cells and wires).
Finding unused cells or wires in module \cleave_alu..
Finding unused cells or wires in module \cleave_branch..
Finding unused cells or wires in module \cleave_control..
Finding unused cells or wires in module \cleave_core..
Finding unused cells or wires in module \cleave_dmem..
Finding unused cells or wires in module \cleave_imem..
Finding unused cells or wires in module \cleave_immgen..
Finding unused cells or wires in module \cleave_pc..
Finding unused cells or wires in module \cleave_regfile..
Finding unused cells or wires in module \tt_um_cleave..
Removed 1 unused cells and 75 unused wires.
<suppressed ~5 debug messages>

12.6.8. Executing OPT_EXPR pass (perform const folding).
Optimizing module cleave_alu.
Optimizing module cleave_branch.
Optimizing module cleave_control.
Optimizing module cleave_core.
Optimizing module cleave_dmem.
Optimizing module cleave_imem.
Optimizing module cleave_immgen.
Optimizing module cleave_pc.
Optimizing module cleave_regfile.
Optimizing module tt_um_cleave.

12.6.9. Rerunning OPT passes. (Maybe there is more to do..)

12.6.10. Executing OPT_MUXTREE pass (detect dead branches in mux trees).
Running muxtree optimizer on module \cleave_alu..
  Creating internal representation of mux trees.
  Evaluating internal representation of mux trees.
  Analyzing evaluation results.
Running muxtree optimizer on module \cleave_branch..
  Creating internal representation of mux trees.
  Evaluating internal representation of mux trees.
  Analyzing evaluation results.
Running muxtree optimizer on module \cleave_control..
  Creating internal representation of mux trees.
  Evaluating internal representation of mux trees.
  Analyzing evaluation results.
Running muxtree optimizer on module \cleave_core..
  Creating internal representation of mux trees.
  Evaluating internal representation of mux trees.
  Analyzing evaluation results.
Running muxtree optimizer on module \cleave_dmem..
  Creating internal representation of mux trees.
  Evaluating internal representation of mux trees.
  Analyzing evaluation results.
Running muxtree optimizer on module \cleave_imem..
  Creating internal representation of mux trees.
  No muxes found in this module.
Running muxtree optimizer on module \cleave_immgen..
  Creating internal representation of mux trees.
  Evaluating internal representation of mux trees.
  Analyzing evaluation results.
Running muxtree optimizer on module \cleave_pc..
  Creating internal representation of mux trees.
  Evaluating internal representation of mux trees.
  Analyzing evaluation results.
Running muxtree optimizer on module \cleave_regfile..
  Creating internal representation of mux trees.
  Evaluating internal representation of mux trees.
  Analyzing evaluation results.
Running muxtree optimizer on module \tt_um_cleave..
  Creating internal representation of mux trees.
  No muxes found in this module.
Removed 0 multiplexer ports.
<suppressed ~46 debug messages>

12.6.11. Executing OPT_REDUCE pass (consolidate $*mux and $reduce_* inputs).
  Optimizing cells in module \cleave_alu.
    New ctrl vector for $pmux cell $procmux$637: { $procmux$645_CMP $auto$opt_reduce.cc:134:opt_pmux$768 $procmux$642_CMP $auto$opt_reduce.cc:134:opt_pmux$740 $procmux$639_CMP $procmux$638_CMP }
  Optimizing cells in module \cleave_alu.
  Optimizing cells in module \cleave_branch.
  Optimizing cells in module \cleave_control.
  Optimizing cells in module \cleave_core.
  Optimizing cells in module \cleave_dmem.
  Optimizing cells in module \cleave_imem.
  Optimizing cells in module \cleave_immgen.
  Optimizing cells in module \cleave_pc.
  Optimizing cells in module \cleave_regfile.
  Optimizing cells in module \tt_um_cleave.
Performed a total of 1 changes.

12.6.12. Executing OPT_MERGE pass (detect identical cells).
Finding identical cells in module `\cleave_alu'.
Finding identical cells in module `\cleave_branch'.
Finding identical cells in module `\cleave_control'.
Finding identical cells in module `\cleave_core'.
Finding identical cells in module `\cleave_dmem'.
Finding identical cells in module `\cleave_imem'.
Finding identical cells in module `\cleave_immgen'.
Finding identical cells in module `\cleave_pc'.
Finding identical cells in module `\cleave_regfile'.
Finding identical cells in module `\tt_um_cleave'.
Removed a total of 0 cells.

12.6.13. Executing OPT_DFF pass (perform DFF optimizations).

12.6.14. Executing OPT_CLEAN pass (remove unused cells and wires).
Finding unused cells or wires in module \cleave_alu..
Finding unused cells or wires in module \cleave_branch..
Finding unused cells or wires in module \cleave_control..
Finding unused cells or wires in module \cleave_core..
Finding unused cells or wires in module \cleave_dmem..
Finding unused cells or wires in module \cleave_imem..
Finding unused cells or wires in module \cleave_immgen..
Finding unused cells or wires in module \cleave_pc..
Finding unused cells or wires in module \cleave_regfile..
Finding unused cells or wires in module \tt_um_cleave..

12.6.15. Executing OPT_EXPR pass (perform const folding).
Optimizing module cleave_alu.
Optimizing module cleave_branch.
Optimizing module cleave_control.
Optimizing module cleave_core.
Optimizing module cleave_dmem.
Optimizing module cleave_imem.
Optimizing module cleave_immgen.
Optimizing module cleave_pc.
Optimizing module cleave_regfile.
Optimizing module tt_um_cleave.

12.6.16. Rerunning OPT passes. (Maybe there is more to do..)

12.6.17. Executing OPT_MUXTREE pass (detect dead branches in mux trees).
Running muxtree optimizer on module \cleave_alu..
  Creating internal representation of mux trees.
  Evaluating internal representation of mux trees.
  Analyzing evaluation results.
Running muxtree optimizer on module \cleave_branch..
  Creating internal representation of mux trees.
  Evaluating internal representation of mux trees.
  Analyzing evaluation results.
Running muxtree optimizer on module \cleave_control..
  Creating internal representation of mux trees.
  Evaluating internal representation of mux trees.
  Analyzing evaluation results.
Running muxtree optimizer on module \cleave_core..
  Creating internal representation of mux trees.
  Evaluating internal representation of mux trees.
  Analyzing evaluation results.
Running muxtree optimizer on module \cleave_dmem..
  Creating internal representation of mux trees.
  Evaluating internal representation of mux trees.
  Analyzing evaluation results.
Running muxtree optimizer on module \cleave_imem..
  Creating internal representation of mux trees.
  No muxes found in this module.
Running muxtree optimizer on module \cleave_immgen..
  Creating internal representation of mux trees.
  Evaluating internal representation of mux trees.
  Analyzing evaluation results.
Running muxtree optimizer on module \cleave_pc..
  Creating internal representation of mux trees.
  Evaluating internal representation of mux trees.
  Analyzing evaluation results.
Running muxtree optimizer on module \cleave_regfile..
  Creating internal representation of mux trees.
  Evaluating internal representation of mux trees.
  Analyzing evaluation results.
Running muxtree optimizer on module \tt_um_cleave..
  Creating internal representation of mux trees.
  No muxes found in this module.
Removed 0 multiplexer ports.
<suppressed ~46 debug messages>

12.6.18. Executing OPT_REDUCE pass (consolidate $*mux and $reduce_* inputs).
  Optimizing cells in module \cleave_alu.
  Optimizing cells in module \cleave_branch.
  Optimizing cells in module \cleave_control.
  Optimizing cells in module \cleave_core.
  Optimizing cells in module \cleave_dmem.
  Optimizing cells in module \cleave_imem.
  Optimizing cells in module \cleave_immgen.
  Optimizing cells in module \cleave_pc.
  Optimizing cells in module \cleave_regfile.
  Optimizing cells in module \tt_um_cleave.
Performed a total of 0 changes.

12.6.19. Executing OPT_MERGE pass (detect identical cells).
Finding identical cells in module `\cleave_alu'.
Finding identical cells in module `\cleave_branch'.
Finding identical cells in module `\cleave_control'.
Finding identical cells in module `\cleave_core'.
Finding identical cells in module `\cleave_dmem'.
Finding identical cells in module `\cleave_imem'.
Finding identical cells in module `\cleave_immgen'.
Finding identical cells in module `\cleave_pc'.
Finding identical cells in module `\cleave_regfile'.
Finding identical cells in module `\tt_um_cleave'.
Removed a total of 0 cells.

12.6.20. Executing OPT_DFF pass (perform DFF optimizations).

12.6.21. Executing OPT_CLEAN pass (remove unused cells and wires).
Finding unused cells or wires in module \cleave_alu..
Finding unused cells or wires in module \cleave_branch..
Finding unused cells or wires in module \cleave_control..
Finding unused cells or wires in module \cleave_core..
Finding unused cells or wires in module \cleave_dmem..
Finding unused cells or wires in module \cleave_imem..
Finding unused cells or wires in module \cleave_immgen..
Finding unused cells or wires in module \cleave_pc..
Finding unused cells or wires in module \cleave_regfile..
Finding unused cells or wires in module \tt_um_cleave..

12.6.22. Executing OPT_EXPR pass (perform const folding).
Optimizing module cleave_alu.
Optimizing module cleave_branch.
Optimizing module cleave_control.
Optimizing module cleave_core.
Optimizing module cleave_dmem.
Optimizing module cleave_imem.
Optimizing module cleave_immgen.
Optimizing module cleave_pc.
Optimizing module cleave_regfile.
Optimizing module tt_um_cleave.

12.6.23. Finished OPT passes. (There is nothing left to do.)

12.7. Executing FSM pass (extract and optimize FSM).

12.7.1. Executing FSM_DETECT pass (finding FSMs in design).

12.7.2. Executing FSM_EXTRACT pass (extracting FSM from design).

12.7.3. Executing FSM_OPT pass (simple optimizations of FSMs).

12.7.4. Executing OPT_CLEAN pass (remove unused cells and wires).
Finding unused cells or wires in module \cleave_alu..
Finding unused cells or wires in module \cleave_branch..
Finding unused cells or wires in module \cleave_control..
Finding unused cells or wires in module \cleave_core..
Finding unused cells or wires in module \cleave_dmem..
Finding unused cells or wires in module \cleave_imem..
Finding unused cells or wires in module \cleave_immgen..
Finding unused cells or wires in module \cleave_pc..
Finding unused cells or wires in module \cleave_regfile..
Finding unused cells or wires in module \tt_um_cleave..

12.7.5. Executing FSM_OPT pass (simple optimizations of FSMs).

12.7.6. Executing FSM_RECODE pass (re-assigning FSM state encoding).

12.7.7. Executing FSM_INFO pass (dumping all available information on FSM cells).

12.7.8. Executing FSM_MAP pass (mapping FSMs to basic logic).

12.8. Executing OPT pass (performing simple optimizations).

12.8.1. Executing OPT_EXPR pass (perform const folding).
Optimizing module cleave_alu.
Optimizing module cleave_branch.
Optimizing module cleave_control.
Optimizing module cleave_core.
Optimizing module cleave_dmem.
Optimizing module cleave_imem.
Optimizing module cleave_immgen.
Optimizing module cleave_pc.
Optimizing module cleave_regfile.
Optimizing module tt_um_cleave.

12.8.2. Executing OPT_MERGE pass (detect identical cells).
Finding identical cells in module `\cleave_alu'.
Finding identical cells in module `\cleave_branch'.
Finding identical cells in module `\cleave_control'.
Finding identical cells in module `\cleave_core'.
Finding identical cells in module `\cleave_dmem'.
Finding identical cells in module `\cleave_imem'.
Finding identical cells in module `\cleave_immgen'.
Finding identical cells in module `\cleave_pc'.
Finding identical cells in module `\cleave_regfile'.
Finding identical cells in module `\tt_um_cleave'.
Removed a total of 0 cells.

12.8.3. Executing OPT_MUXTREE pass (detect dead branches in mux trees).
Running muxtree optimizer on module \cleave_alu..
  Creating internal representation of mux trees.
  Evaluating internal representation of mux trees.
  Analyzing evaluation results.
Running muxtree optimizer on module \cleave_branch..
  Creating internal representation of mux trees.
  Evaluating internal representation of mux trees.
  Analyzing evaluation results.
Running muxtree optimizer on module \cleave_control..
  Creating internal representation of mux trees.
  Evaluating internal representation of mux trees.
  Analyzing evaluation results.
Running muxtree optimizer on module \cleave_core..
  Creating internal representation of mux trees.
  Evaluating internal representation of mux trees.
  Analyzing evaluation results.
Running muxtree optimizer on module \cleave_dmem..
  Creating internal representation of mux trees.
  Evaluating internal representation of mux trees.
  Analyzing evaluation results.
Running muxtree optimizer on module \cleave_imem..
  Creating internal representation of mux trees.
  No muxes found in this module.
Running muxtree optimizer on module \cleave_immgen..
  Creating internal representation of mux trees.
  Evaluating internal representation of mux trees.
  Analyzing evaluation results.
Running muxtree optimizer on module \cleave_pc..
  Creating internal representation of mux trees.
  Evaluating internal representation of mux trees.
  Analyzing evaluation results.
Running muxtree optimizer on module \cleave_regfile..
  Creating internal representation of mux trees.
  Evaluating internal representation of mux trees.
  Analyzing evaluation results.
Running muxtree optimizer on module \tt_um_cleave..
  Creating internal representation of mux trees.
  No muxes found in this module.
Removed 0 multiplexer ports.
<suppressed ~46 debug messages>

12.8.4. Executing OPT_REDUCE pass (consolidate $*mux and $reduce_* inputs).
  Optimizing cells in module \cleave_alu.
  Optimizing cells in module \cleave_branch.
  Optimizing cells in module \cleave_control.
  Optimizing cells in module \cleave_core.
  Optimizing cells in module \cleave_dmem.
  Optimizing cells in module \cleave_imem.
  Optimizing cells in module \cleave_immgen.
  Optimizing cells in module \cleave_pc.
  Optimizing cells in module \cleave_regfile.
  Optimizing cells in module \tt_um_cleave.
Performed a total of 0 changes.

12.8.5. Executing OPT_MERGE pass (detect identical cells).
Finding identical cells in module `\cleave_alu'.
Finding identical cells in module `\cleave_branch'.
Finding identical cells in module `\cleave_control'.
Finding identical cells in module `\cleave_core'.
Finding identical cells in module `\cleave_dmem'.
Finding identical cells in module `\cleave_imem'.
Finding identical cells in module `\cleave_immgen'.
Finding identical cells in module `\cleave_pc'.
Finding identical cells in module `\cleave_regfile'.
Finding identical cells in module `\tt_um_cleave'.
Removed a total of 0 cells.

12.8.6. Executing OPT_DFF pass (perform DFF optimizations).
Adding SRST signal on $procdff$718 ($dff) from module cleave_pc (D = \pc_next, Q = \pc, rval = 0).

12.8.7. Executing OPT_CLEAN pass (remove unused cells and wires).
Finding unused cells or wires in module \cleave_alu..
Finding unused cells or wires in module \cleave_branch..
Finding unused cells or wires in module \cleave_control..
Finding unused cells or wires in module \cleave_core..
Finding unused cells or wires in module \cleave_dmem..
Finding unused cells or wires in module \cleave_imem..
Finding unused cells or wires in module \cleave_immgen..
Finding unused cells or wires in module \cleave_pc..
Finding unused cells or wires in module \cleave_regfile..
Finding unused cells or wires in module \tt_um_cleave..
Removed 1 unused cells and 1 unused wires.
<suppressed ~2 debug messages>

12.8.8. Executing OPT_EXPR pass (perform const folding).
Optimizing module cleave_alu.
Optimizing module cleave_branch.
Optimizing module cleave_control.
Optimizing module cleave_core.
Optimizing module cleave_dmem.
Optimizing module cleave_imem.
Optimizing module cleave_immgen.
Optimizing module cleave_pc.
Optimizing module cleave_regfile.
Optimizing module tt_um_cleave.

12.8.9. Rerunning OPT passes. (Maybe there is more to do..)

12.8.10. Executing OPT_MUXTREE pass (detect dead branches in mux trees).
Running muxtree optimizer on module \cleave_alu..
  Creating internal representation of mux trees.
  Evaluating internal representation of mux trees.
  Analyzing evaluation results.
Running muxtree optimizer on module \cleave_branch..
  Creating internal representation of mux trees.
  Evaluating internal representation of mux trees.
  Analyzing evaluation results.
Running muxtree optimizer on module \cleave_control..
  Creating internal representation of mux trees.
  Evaluating internal representation of mux trees.
  Analyzing evaluation results.
Running muxtree optimizer on module \cleave_core..
  Creating internal representation of mux trees.
  Evaluating internal representation of mux trees.
  Analyzing evaluation results.
Running muxtree optimizer on module \cleave_dmem..
  Creating internal representation of mux trees.
  Evaluating internal representation of mux trees.
  Analyzing evaluation results.
Running muxtree optimizer on module \cleave_imem..
  Creating internal representation of mux trees.
  No muxes found in this module.
Running muxtree optimizer on module \cleave_immgen..
  Creating internal representation of mux trees.
  Evaluating internal representation of mux trees.
  Analyzing evaluation results.
Running muxtree optimizer on module \cleave_pc..
  Creating internal representation of mux trees.
  No muxes found in this module.
Running muxtree optimizer on module \cleave_regfile..
  Creating internal representation of mux trees.
  Evaluating internal representation of mux trees.
  Analyzing evaluation results.
Running muxtree optimizer on module \tt_um_cleave..
  Creating internal representation of mux trees.
  No muxes found in this module.
Removed 0 multiplexer ports.
<suppressed ~45 debug messages>

12.8.11. Executing OPT_REDUCE pass (consolidate $*mux and $reduce_* inputs).
  Optimizing cells in module \cleave_alu.
  Optimizing cells in module \cleave_branch.
  Optimizing cells in module \cleave_control.
  Optimizing cells in module \cleave_core.
  Optimizing cells in module \cleave_dmem.
  Optimizing cells in module \cleave_imem.
  Optimizing cells in module \cleave_immgen.
  Optimizing cells in module \cleave_pc.
  Optimizing cells in module \cleave_regfile.
  Optimizing cells in module \tt_um_cleave.
Performed a total of 0 changes.

12.8.12. Executing OPT_MERGE pass (detect identical cells).
Finding identical cells in module `\cleave_alu'.
Finding identical cells in module `\cleave_branch'.
Finding identical cells in module `\cleave_control'.
Finding identical cells in module `\cleave_core'.
Finding identical cells in module `\cleave_dmem'.
Finding identical cells in module `\cleave_imem'.
Finding identical cells in module `\cleave_immgen'.
Finding identical cells in module `\cleave_pc'.
Finding identical cells in module `\cleave_regfile'.
Finding identical cells in module `\tt_um_cleave'.
Removed a total of 0 cells.

12.8.13. Executing OPT_DFF pass (perform DFF optimizations).

12.8.14. Executing OPT_CLEAN pass (remove unused cells and wires).
Finding unused cells or wires in module \cleave_alu..
Finding unused cells or wires in module \cleave_branch..
Finding unused cells or wires in module \cleave_control..
Finding unused cells or wires in module \cleave_core..
Finding unused cells or wires in module \cleave_dmem..
Finding unused cells or wires in module \cleave_imem..
Finding unused cells or wires in module \cleave_immgen..
Finding unused cells or wires in module \cleave_pc..
Finding unused cells or wires in module \cleave_regfile..
Finding unused cells or wires in module \tt_um_cleave..

12.8.15. Executing OPT_EXPR pass (perform const folding).
Optimizing module cleave_alu.
Optimizing module cleave_branch.
Optimizing module cleave_control.
Optimizing module cleave_core.
Optimizing module cleave_dmem.
Optimizing module cleave_imem.
Optimizing module cleave_immgen.
Optimizing module cleave_pc.
Optimizing module cleave_regfile.
Optimizing module tt_um_cleave.

12.8.16. Finished OPT passes. (There is nothing left to do.)

12.9. Executing WREDUCE pass (reducing word size of cells).
Removed top 1 bits (of 33) from port Y of cell cleave_alu.$sshr$cleave_alu.v:50$75 ($sshr).
Removed top 2 bits (of 4) from port B of cell cleave_alu.$eq$cleave_alu.v:55$76 ($eq).
Removed top 31 bits (of 32) from mux cell cleave_alu.$ternary$cleave_alu.v:64$84 ($mux).
Removed top 1 bits (of 4) from port B of cell cleave_alu.$procmux$638_CMP0 ($eq).
Removed top 1 bits (of 4) from port B of cell cleave_alu.$procmux$639_CMP0 ($eq).
Removed top 1 bits (of 4) from port B of cell cleave_alu.$procmux$641_CMP0 ($eq).
Removed top 1 bits (of 4) from port B of cell cleave_alu.$procmux$642_CMP0 ($eq).
Removed top 2 bits (of 4) from port B of cell cleave_alu.$procmux$644_CMP0 ($eq).
Removed top 3 bits (of 4) from port B of cell cleave_alu.$procmux$645_CMP0 ($eq).
Removed top 31 bits (of 32) from wire cleave_alu.$ternary$cleave_alu.v:64$84_Y.
Removed top 2 bits (of 3) from port B of cell cleave_branch.$procmux$652_CMP0 ($eq).
Removed top 2 bits (of 3) from port B of cell cleave_control.$eq$cleave_control.v:76$111 ($eq).
Removed top 3 bits (of 7) from port B of cell cleave_control.$procmux$509_CMP0 ($eq).
Removed top 2 bits (of 7) from port B of cell cleave_control.$procmux$512_CMP0 ($eq).
Removed top 1 bits (of 7) from port B of cell cleave_control.$procmux$513_CMP0 ($eq).
Removed top 1 bits (of 7) from port B of cell cleave_control.$procmux$515_CMP0 ($eq).
Removed top 5 bits (of 7) from port B of cell cleave_control.$procmux$516_CMP0 ($eq).
Removed top 2 bits (of 7) from port B of cell cleave_control.$procmux$517_CMP0 ($eq).
Removed top 1 bits (of 7) from port B of cell cleave_control.$procmux$527_CMP0 ($eq).
Removed top 29 bits (of 32) from port B of cell cleave_core.$add$cleave_core.v:146$6 ($add).
Removed top 1 bits (of 2) from port B of cell cleave_core.$procmux$711_CMP0 ($eq).
Removed top 1 bits (of 2) from port B of cell cleave_core.$procmux$716_CMP0 ($eq).
Removed top 3 bits (of 4) from port A of cell cleave_dmem.$shl$cleave_dmem.v:71$20 ($shl).
Removed top 2 bits (of 4) from port A of cell cleave_dmem.$shl$cleave_dmem.v:72$21 ($shl).
Removed top 27 bits (of 32) from port B of cell cleave_dmem.$shl$cleave_dmem.v:79$23 ($shl).
Removed top 26 bits (of 32) from port B of cell cleave_dmem.$shiftx$cleave_dmem.v:0$52 ($shiftx).
Removed top 1 bits (of 3) from port B of cell cleave_dmem.$procmux$656_CMP0 ($eq).
Removed top 2 bits (of 3) from port B of cell cleave_dmem.$procmux$658_CMP0 ($eq).
Removed top 24 bits (of 32) from wire cleave_dmem.$0$memwr$\ram$cleave_dmem.v:83$15_EN[31:0]$27.
Removed top 16 bits (of 32) from wire cleave_dmem.$0$memwr$\ram$cleave_dmem.v:84$16_EN[31:0]$30.
Removed top 8 bits (of 32) from wire cleave_dmem.$0$memwr$\ram$cleave_dmem.v:85$17_EN[31:0]$33.
Removed top 26 address bits (of 32) from memory init port cleave_imem.$meminit$\rom$cleave_imem.v:100$351 (rom).
Removed top 26 address bits (of 32) from memory init port cleave_imem.$meminit$\rom$cleave_imem.v:101$352 (rom).
Removed top 26 address bits (of 32) from memory init port cleave_imem.$meminit$\rom$cleave_imem.v:102$353 (rom).
Removed top 26 address bits (of 32) from memory init port cleave_imem.$meminit$\rom$cleave_imem.v:103$354 (rom).
Removed top 26 address bits (of 32) from memory init port cleave_imem.$meminit$\rom$cleave_imem.v:104$355 (rom).
Removed top 26 address bits (of 32) from memory init port cleave_imem.$meminit$\rom$cleave_imem.v:105$356 (rom).
Removed top 26 address bits (of 32) from memory init port cleave_imem.$meminit$\rom$cleave_imem.v:106$357 (rom).
Removed top 26 address bits (of 32) from memory init port cleave_imem.$meminit$\rom$cleave_imem.v:107$358 (rom).
Removed top 26 address bits (of 32) from memory init port cleave_imem.$meminit$\rom$cleave_imem.v:108$359 (rom).
Removed top 26 address bits (of 32) from memory init port cleave_imem.$meminit$\rom$cleave_imem.v:109$360 (rom).
Removed top 26 address bits (of 32) from memory init port cleave_imem.$meminit$\rom$cleave_imem.v:110$361 (rom).
Removed top 26 address bits (of 32) from memory init port cleave_imem.$meminit$\rom$cleave_imem.v:111$362 (rom).
Removed top 26 address bits (of 32) from memory init port cleave_imem.$meminit$\rom$cleave_imem.v:112$363 (rom).
Removed top 26 address bits (of 32) from memory init port cleave_imem.$meminit$\rom$cleave_imem.v:113$364 (rom).
Removed top 26 address bits (of 32) from memory init port cleave_imem.$meminit$\rom$cleave_imem.v:114$365 (rom).
Removed top 26 address bits (of 32) from memory init port cleave_imem.$meminit$\rom$cleave_imem.v:116$366 (rom).
Removed top 26 address bits (of 32) from memory init port cleave_imem.$meminit$\rom$cleave_imem.v:117$367 (rom).
Removed top 26 address bits (of 32) from memory init port cleave_imem.$meminit$\rom$cleave_imem.v:118$368 (rom).
Removed top 26 address bits (of 32) from memory init port cleave_imem.$meminit$\rom$cleave_imem.v:119$369 (rom).
Removed top 26 address bits (of 32) from memory init port cleave_imem.$meminit$\rom$cleave_imem.v:120$370 (rom).
Removed top 26 address bits (of 32) from memory init port cleave_imem.$meminit$\rom$cleave_imem.v:122$371 (rom).
Removed top 26 address bits (of 32) from memory init port cleave_imem.$meminit$\rom$cleave_imem.v:123$372 (rom).
Removed top 26 address bits (of 32) from memory init port cleave_imem.$meminit$\rom$cleave_imem.v:125$373 (rom).
Removed top 26 address bits (of 32) from memory init port cleave_imem.$meminit$\rom$cleave_imem.v:52$246 (rom).
Removed top 26 address bits (of 32) from memory init port cleave_imem.$meminit$\rom$cleave_imem.v:52$247 (rom).
Removed top 26 address bits (of 32) from memory init port cleave_imem.$meminit$\rom$cleave_imem.v:52$248 (rom).
Removed top 26 address bits (of 32) from memory init port cleave_imem.$meminit$\rom$cleave_imem.v:52$249 (rom).
Removed top 26 address bits (of 32) from memory init port cleave_imem.$meminit$\rom$cleave_imem.v:52$250 (rom).
Removed top 26 address bits (of 32) from memory init port cleave_imem.$meminit$\rom$cleave_imem.v:52$251 (rom).
Removed top 26 address bits (of 32) from memory init port cleave_imem.$meminit$\rom$cleave_imem.v:52$252 (rom).
Removed top 26 address bits (of 32) from memory init port cleave_imem.$meminit$\rom$cleave_imem.v:52$253 (rom).
Removed top 26 address bits (of 32) from memory init port cleave_imem.$meminit$\rom$cleave_imem.v:52$254 (rom).
Removed top 26 address bits (of 32) from memory init port cleave_imem.$meminit$\rom$cleave_imem.v:52$255 (rom).
Removed top 26 address bits (of 32) from memory init port cleave_imem.$meminit$\rom$cleave_imem.v:52$256 (rom).
Removed top 26 address bits (of 32) from memory init port cleave_imem.$meminit$\rom$cleave_imem.v:52$257 (rom).
Removed top 26 address bits (of 32) from memory init port cleave_imem.$meminit$\rom$cleave_imem.v:52$258 (rom).
Removed top 26 address bits (of 32) from memory init port cleave_imem.$meminit$\rom$cleave_imem.v:52$259 (rom).
Removed top 26 address bits (of 32) from memory init port cleave_imem.$meminit$\rom$cleave_imem.v:52$260 (rom).
Removed top 26 address bits (of 32) from memory init port cleave_imem.$meminit$\rom$cleave_imem.v:52$261 (rom).
Removed top 26 address bits (of 32) from memory init port cleave_imem.$meminit$\rom$cleave_imem.v:52$262 (rom).
Removed top 26 address bits (of 32) from memory init port cleave_imem.$meminit$\rom$cleave_imem.v:52$263 (rom).
Removed top 26 address bits (of 32) from memory init port cleave_imem.$meminit$\rom$cleave_imem.v:52$264 (rom).
Removed top 26 address bits (of 32) from memory init port cleave_imem.$meminit$\rom$cleave_imem.v:52$265 (rom).
Removed top 26 address bits (of 32) from memory init port cleave_imem.$meminit$\rom$cleave_imem.v:52$266 (rom).
Removed top 26 address bits (of 32) from memory init port cleave_imem.$meminit$\rom$cleave_imem.v:52$267 (rom).
Removed top 26 address bits (of 32) from memory init port cleave_imem.$meminit$\rom$cleave_imem.v:52$268 (rom).
Removed top 26 address bits (of 32) from memory init port cleave_imem.$meminit$\rom$cleave_imem.v:52$269 (rom).
Removed top 26 address bits (of 32) from memory init port cleave_imem.$meminit$\rom$cleave_imem.v:52$270 (rom).
Removed top 26 address bits (of 32) from memory init port cleave_imem.$meminit$\rom$cleave_imem.v:52$271 (rom).
Removed top 26 address bits (of 32) from memory init port cleave_imem.$meminit$\rom$cleave_imem.v:52$272 (rom).
Removed top 26 address bits (of 32) from memory init port cleave_imem.$meminit$\rom$cleave_imem.v:52$273 (rom).
Removed top 26 address bits (of 32) from memory init port cleave_imem.$meminit$\rom$cleave_imem.v:52$274 (rom).
Removed top 26 address bits (of 32) from memory init port cleave_imem.$meminit$\rom$cleave_imem.v:52$275 (rom).
Removed top 26 address bits (of 32) from memory init port cleave_imem.$meminit$\rom$cleave_imem.v:52$276 (rom).
Removed top 26 address bits (of 32) from memory init port cleave_imem.$meminit$\rom$cleave_imem.v:52$277 (rom).
Removed top 26 address bits (of 32) from memory init port cleave_imem.$meminit$\rom$cleave_imem.v:52$278 (rom).
Removed top 26 address bits (of 32) from memory init port cleave_imem.$meminit$\rom$cleave_imem.v:52$279 (rom).
Removed top 26 address bits (of 32) from memory init port cleave_imem.$meminit$\rom$cleave_imem.v:52$280 (rom).
Removed top 26 address bits (of 32) from memory init port cleave_imem.$meminit$\rom$cleave_imem.v:52$281 (rom).
Removed top 26 address bits (of 32) from memory init port cleave_imem.$meminit$\rom$cleave_imem.v:52$282 (rom).
Removed top 26 address bits (of 32) from memory init port cleave_imem.$meminit$\rom$cleave_imem.v:52$283 (rom).
Removed top 26 address bits (of 32) from memory init port cleave_imem.$meminit$\rom$cleave_imem.v:52$284 (rom).
Removed top 26 address bits (of 32) from memory init port cleave_imem.$meminit$\rom$cleave_imem.v:52$285 (rom).
Removed top 26 address bits (of 32) from memory init port cleave_imem.$meminit$\rom$cleave_imem.v:52$286 (rom).
Removed top 26 address bits (of 32) from memory init port cleave_imem.$meminit$\rom$cleave_imem.v:52$287 (rom).
Removed top 26 address bits (of 32) from memory init port cleave_imem.$meminit$\rom$cleave_imem.v:52$288 (rom).
Removed top 26 address bits (of 32) from memory init port cleave_imem.$meminit$\rom$cleave_imem.v:52$289 (rom).
Removed top 26 address bits (of 32) from memory init port cleave_imem.$meminit$\rom$cleave_imem.v:52$290 (rom).
Removed top 26 address bits (of 32) from memory init port cleave_imem.$meminit$\rom$cleave_imem.v:52$291 (rom).
Removed top 26 address bits (of 32) from memory init port cleave_imem.$meminit$\rom$cleave_imem.v:52$292 (rom).
Removed top 26 address bits (of 32) from memory init port cleave_imem.$meminit$\rom$cleave_imem.v:52$293 (rom).
Removed top 26 address bits (of 32) from memory init port cleave_imem.$meminit$\rom$cleave_imem.v:52$294 (rom).
Removed top 26 address bits (of 32) from memory init port cleave_imem.$meminit$\rom$cleave_imem.v:52$295 (rom).
Removed top 26 address bits (of 32) from memory init port cleave_imem.$meminit$\rom$cleave_imem.v:52$296 (rom).
Removed top 26 address bits (of 32) from memory init port cleave_imem.$meminit$\rom$cleave_imem.v:52$297 (rom).
Removed top 26 address bits (of 32) from memory init port cleave_imem.$meminit$\rom$cleave_imem.v:52$298 (rom).
Removed top 26 address bits (of 32) from memory init port cleave_imem.$meminit$\rom$cleave_imem.v:52$299 (rom).
Removed top 26 address bits (of 32) from memory init port cleave_imem.$meminit$\rom$cleave_imem.v:52$300 (rom).
Removed top 26 address bits (of 32) from memory init port cleave_imem.$meminit$\rom$cleave_imem.v:52$301 (rom).
Removed top 26 address bits (of 32) from memory init port cleave_imem.$meminit$\rom$cleave_imem.v:52$302 (rom).
Removed top 26 address bits (of 32) from memory init port cleave_imem.$meminit$\rom$cleave_imem.v:52$303 (rom).
Removed top 26 address bits (of 32) from memory init port cleave_imem.$meminit$\rom$cleave_imem.v:52$304 (rom).
Removed top 26 address bits (of 32) from memory init port cleave_imem.$meminit$\rom$cleave_imem.v:52$305 (rom).
Removed top 26 address bits (of 32) from memory init port cleave_imem.$meminit$\rom$cleave_imem.v:52$306 (rom).
Removed top 26 address bits (of 32) from memory init port cleave_imem.$meminit$\rom$cleave_imem.v:52$307 (rom).
Removed top 26 address bits (of 32) from memory init port cleave_imem.$meminit$\rom$cleave_imem.v:52$308 (rom).
Removed top 26 address bits (of 32) from memory init port cleave_imem.$meminit$\rom$cleave_imem.v:52$309 (rom).
Removed top 26 address bits (of 32) from memory init port cleave_imem.$meminit$\rom$cleave_imem.v:55$310 (rom).
Removed top 26 address bits (of 32) from memory init port cleave_imem.$meminit$\rom$cleave_imem.v:56$311 (rom).
Removed top 26 address bits (of 32) from memory init port cleave_imem.$meminit$\rom$cleave_imem.v:57$312 (rom).
Removed top 26 address bits (of 32) from memory init port cleave_imem.$meminit$\rom$cleave_imem.v:58$313 (rom).
Removed top 26 address bits (of 32) from memory init port cleave_imem.$meminit$\rom$cleave_imem.v:59$314 (rom).
Removed top 26 address bits (of 32) from memory init port cleave_imem.$meminit$\rom$cleave_imem.v:60$315 (rom).
Removed top 26 address bits (of 32) from memory init port cleave_imem.$meminit$\rom$cleave_imem.v:61$316 (rom).
Removed top 26 address bits (of 32) from memory init port cleave_imem.$meminit$\rom$cleave_imem.v:62$317 (rom).
Removed top 26 address bits (of 32) from memory init port cleave_imem.$meminit$\rom$cleave_imem.v:63$318 (rom).
Removed top 26 address bits (of 32) from memory init port cleave_imem.$meminit$\rom$cleave_imem.v:64$319 (rom).
Removed top 26 address bits (of 32) from memory init port cleave_imem.$meminit$\rom$cleave_imem.v:66$320 (rom).
Removed top 26 address bits (of 32) from memory init port cleave_imem.$meminit$\rom$cleave_imem.v:67$321 (rom).
Removed top 26 address bits (of 32) from memory init port cleave_imem.$meminit$\rom$cleave_imem.v:68$322 (rom).
Removed top 26 address bits (of 32) from memory init port cleave_imem.$meminit$\rom$cleave_imem.v:69$323 (rom).
Removed top 26 address bits (of 32) from memory init port cleave_imem.$meminit$\rom$cleave_imem.v:70$324 (rom).
Removed top 26 address bits (of 32) from memory init port cleave_imem.$meminit$\rom$cleave_imem.v:71$325 (rom).
Removed top 26 address bits (of 32) from memory init port cleave_imem.$meminit$\rom$cleave_imem.v:72$326 (rom).
Removed top 26 address bits (of 32) from memory init port cleave_imem.$meminit$\rom$cleave_imem.v:73$327 (rom).
Removed top 26 address bits (of 32) from memory init port cleave_imem.$meminit$\rom$cleave_imem.v:74$328 (rom).
Removed top 26 address bits (of 32) from memory init port cleave_imem.$meminit$\rom$cleave_imem.v:75$329 (rom).
Removed top 26 address bits (of 32) from memory init port cleave_imem.$meminit$\rom$cleave_imem.v:77$330 (rom).
Removed top 26 address bits (of 32) from memory init port cleave_imem.$meminit$\rom$cleave_imem.v:78$331 (rom).
Removed top 26 address bits (of 32) from memory init port cleave_imem.$meminit$\rom$cleave_imem.v:80$332 (rom).
Removed top 26 address bits (of 32) from memory init port cleave_imem.$meminit$\rom$cleave_imem.v:81$333 (rom).
Removed top 26 address bits (of 32) from memory init port cleave_imem.$meminit$\rom$cleave_imem.v:82$334 (rom).
Removed top 26 address bits (of 32) from memory init port cleave_imem.$meminit$\rom$cleave_imem.v:83$335 (rom).
Removed top 26 address bits (of 32) from memory init port cleave_imem.$meminit$\rom$cleave_imem.v:84$336 (rom).
Removed top 26 address bits (of 32) from memory init port cleave_imem.$meminit$\rom$cleave_imem.v:85$337 (rom).
Removed top 26 address bits (of 32) from memory init port cleave_imem.$meminit$\rom$cleave_imem.v:86$338 (rom).
Removed top 26 address bits (of 32) from memory init port cleave_imem.$meminit$\rom$cleave_imem.v:87$339 (rom).
Removed top 26 address bits (of 32) from memory init port cleave_imem.$meminit$\rom$cleave_imem.v:88$340 (rom).
Removed top 26 address bits (of 32) from memory init port cleave_imem.$meminit$\rom$cleave_imem.v:89$341 (rom).
Removed top 26 address bits (of 32) from memory init port cleave_imem.$meminit$\rom$cleave_imem.v:90$342 (rom).
Removed top 26 address bits (of 32) from memory init port cleave_imem.$meminit$\rom$cleave_imem.v:92$343 (rom).
Removed top 26 address bits (of 32) from memory init port cleave_imem.$meminit$\rom$cleave_imem.v:93$344 (rom).
Removed top 26 address bits (of 32) from memory init port cleave_imem.$meminit$\rom$cleave_imem.v:94$345 (rom).
Removed top 26 address bits (of 32) from memory init port cleave_imem.$meminit$\rom$cleave_imem.v:95$346 (rom).
Removed top 26 address bits (of 32) from memory init port cleave_imem.$meminit$\rom$cleave_imem.v:96$347 (rom).
Removed top 26 address bits (of 32) from memory init port cleave_imem.$meminit$\rom$cleave_imem.v:97$348 (rom).
Removed top 26 address bits (of 32) from memory init port cleave_imem.$meminit$\rom$cleave_imem.v:98$349 (rom).
Removed top 26 address bits (of 32) from memory init port cleave_imem.$meminit$\rom$cleave_imem.v:99$350 (rom).
Removed top 1 bits (of 3) from port B of cell cleave_immgen.$procmux$632_CMP0 ($eq).
Removed top 1 bits (of 3) from port B of cell cleave_immgen.$procmux$633_CMP0 ($eq).
Removed top 2 bits (of 3) from port B of cell cleave_immgen.$procmux$634_CMP0 ($eq).

12.10. Executing PEEPOPT pass (run peephole optimizers).

12.11. Executing OPT_CLEAN pass (remove unused cells and wires).
Finding unused cells or wires in module \cleave_alu..
Finding unused cells or wires in module \cleave_branch..
Finding unused cells or wires in module \cleave_control..
Finding unused cells or wires in module \cleave_core..
Finding unused cells or wires in module \cleave_dmem..
Finding unused cells or wires in module \cleave_imem..
Finding unused cells or wires in module \cleave_immgen..
Finding unused cells or wires in module \cleave_pc..
Finding unused cells or wires in module \cleave_regfile..
Finding unused cells or wires in module \tt_um_cleave..
Removed 0 unused cells and 5 unused wires.
<suppressed ~2 debug messages>

12.12. Executing ALUMACC pass (create $alu and $macc cells).
Extracting $alu and $macc cells in module cleave_alu:
  creating $macc model for $add$cleave_alu.v:44$71 ($add).
  creating $macc model for $add$cleave_alu.v:44$72 ($add).
  merging $macc model for $add$cleave_alu.v:44$71 into $add$cleave_alu.v:44$72.
  creating $alu model for $macc $add$cleave_alu.v:44$72.
  creating $alu model for $lt$cleave_alu.v:56$81 ($lt): new $alu
  creating $alu cell for $lt$cleave_alu.v:56$81: $auto$alumacc.cc:485:replace_alu$775
  creating $alu cell for $add$cleave_alu.v:44$72: $auto$alumacc.cc:485:replace_alu$786
  created 2 $alu and 0 $macc cells.
Extracting $alu and $macc cells in module cleave_branch:
  creating $alu model for $lt$cleave_branch.v:43$63 ($lt): new $alu
  creating $alu cell for $lt$cleave_branch.v:43$63: $auto$alumacc.cc:485:replace_alu$790
  created 1 $alu and 0 $macc cells.
Extracting $alu and $macc cells in module cleave_control:
  created 0 $alu and 0 $macc cells.
Extracting $alu and $macc cells in module cleave_core:
  creating $macc model for $add$cleave_core.v:146$6 ($add).
  creating $macc model for $add$cleave_core.v:164$8 ($add).
  creating $alu model for $macc $add$cleave_core.v:164$8.
  creating $alu model for $macc $add$cleave_core.v:146$6.
  creating $alu cell for $add$cleave_core.v:146$6: $auto$alumacc.cc:485:replace_alu$801
  creating $alu cell for $add$cleave_core.v:164$8: $auto$alumacc.cc:485:replace_alu$804
  created 2 $alu and 0 $macc cells.
Extracting $alu and $macc cells in module cleave_dmem:
  created 0 $alu and 0 $macc cells.
Extracting $alu and $macc cells in module cleave_imem:
  created 0 $alu and 0 $macc cells.
Extracting $alu and $macc cells in module cleave_immgen:
  created 0 $alu and 0 $macc cells.
Extracting $alu and $macc cells in module cleave_pc:
  created 0 $alu and 0 $macc cells.
Extracting $alu and $macc cells in module cleave_regfile:
  created 0 $alu and 0 $macc cells.
Extracting $alu and $macc cells in module tt_um_cleave:
  created 0 $alu and 0 $macc cells.

12.13. Executing SHARE pass (SAT-based resource sharing).
Found 2 cells in module cleave_alu that may be considered for resource sharing.
  Analyzing resource sharing options for $sshr$cleave_alu.v:50$75 ($sshr):
    Found 1 activation_patterns using ctrl signal $auto$opt_reduce.cc:134:opt_pmux$740.
    No candidates found.
  Analyzing resource sharing options for $shl$cleave_alu.v:63$83 ($shl):
    Found 1 activation_patterns using ctrl signal $procmux$645_CMP.
    No candidates found.
Found 2 cells in module cleave_dmem that may be considered for resource sharing.
  Analyzing resource sharing options for $shl$cleave_dmem.v:79$23 ($shl):
    Found 4 activation_patterns using ctrl signal \wstrb.
    No candidates found.
  Analyzing resource sharing options for $memrd$\ram$cleave_dmem.v:92$49 ($memrd):
    Found 5 activation_patterns using ctrl signal { $procmux$660_CMP $procmux$659_CMP $procmux$658_CMP $procmux$657_CMP $procmux$656_CMP }.
    No candidates found.
Found 3 cells in module cleave_regfile that may be considered for resource sharing.
  Analyzing resource sharing options for $memrd$\regs$cleave_regfile.v:55$100 ($memrd):
    Found 1 activation_patterns using ctrl signal $eq$cleave_regfile.v:55$99_Y.
    Found 2 candidates: $memrd$\regs$cleave_regfile.v:52$97 $memrd$\regs$cleave_regfile.v:50$94
    Analyzing resource sharing with $memrd$\regs$cleave_regfile.v:52$97 ($memrd):
      Found 1 activation_patterns using ctrl signal $eq$cleave_regfile.v:52$96_Y.
      Activation pattern for cell $memrd$\regs$cleave_regfile.v:55$100: $eq$cleave_regfile.v:55$99_Y = 1'0
      Activation pattern for cell $memrd$\regs$cleave_regfile.v:52$97: $eq$cleave_regfile.v:52$96_Y = 1'0
      Size of SAT problem: 0 cells, 27 variables, 51 clauses
      According to the SAT solver this pair of cells can not be shared.
      Model from SAT solver: { $eq$cleave_regfile.v:55$99_Y $eq$cleave_regfile.v:52$96_Y } = 2'00
    Analyzing resource sharing with $memrd$\regs$cleave_regfile.v:50$94 ($memrd):
      Found 1 activation_patterns using ctrl signal $eq$cleave_regfile.v:50$93_Y.
      Activation pattern for cell $memrd$\regs$cleave_regfile.v:55$100: $eq$cleave_regfile.v:55$99_Y = 1'0
      Activation pattern for cell $memrd$\regs$cleave_regfile.v:50$94: $eq$cleave_regfile.v:50$93_Y = 1'0
      Size of SAT problem: 0 cells, 27 variables, 51 clauses
      According to the SAT solver this pair of cells can not be shared.
      Model from SAT solver: { $eq$cleave_regfile.v:55$99_Y $eq$cleave_regfile.v:50$93_Y } = 2'00
  Analyzing resource sharing options for $memrd$\regs$cleave_regfile.v:52$97 ($memrd):
    Found 1 activation_patterns using ctrl signal $eq$cleave_regfile.v:52$96_Y.
    Found 1 candidates: $memrd$\regs$cleave_regfile.v:50$94
    Analyzing resource sharing with $memrd$\regs$cleave_regfile.v:50$94 ($memrd):
      Found 1 activation_patterns using ctrl signal $eq$cleave_regfile.v:50$93_Y.
      Activation pattern for cell $memrd$\regs$cleave_regfile.v:52$97: $eq$cleave_regfile.v:52$96_Y = 1'0
      Activation pattern for cell $memrd$\regs$cleave_regfile.v:50$94: $eq$cleave_regfile.v:50$93_Y = 1'0
      Size of SAT problem: 0 cells, 27 variables, 51 clauses
      According to the SAT solver this pair of cells can not be shared.
      Model from SAT solver: { $eq$cleave_regfile.v:52$96_Y $eq$cleave_regfile.v:50$93_Y } = 2'00
  Analyzing resource sharing options for $memrd$\regs$cleave_regfile.v:50$94 ($memrd):
    Found 1 activation_patterns using ctrl signal $eq$cleave_regfile.v:50$93_Y.
    No candidates found.

12.14. Executing OPT pass (performing simple optimizations).

12.14.1. Executing OPT_EXPR pass (perform const folding).
Optimizing module cleave_alu.
<suppressed ~1 debug messages>
Optimizing module cleave_branch.
<suppressed ~1 debug messages>
Optimizing module cleave_control.
Optimizing module cleave_core.
Optimizing module cleave_dmem.
Optimizing module cleave_imem.
Optimizing module cleave_immgen.
Optimizing module cleave_pc.
Optimizing module cleave_regfile.
Optimizing module tt_um_cleave.

12.14.2. Executing OPT_MERGE pass (detect identical cells).
Finding identical cells in module `\cleave_alu'.
Finding identical cells in module `\cleave_branch'.
Finding identical cells in module `\cleave_control'.
Finding identical cells in module `\cleave_core'.
Finding identical cells in module `\cleave_dmem'.
Finding identical cells in module `\cleave_imem'.
Finding identical cells in module `\cleave_immgen'.
Finding identical cells in module `\cleave_pc'.
Finding identical cells in module `\cleave_regfile'.
Finding identical cells in module `\tt_um_cleave'.
Removed a total of 0 cells.

12.14.3. Executing OPT_MUXTREE pass (detect dead branches in mux trees).
Running muxtree optimizer on module \cleave_alu..
  Creating internal representation of mux trees.
  Evaluating internal representation of mux trees.
  Analyzing evaluation results.
Running muxtree optimizer on module \cleave_branch..
  Creating internal representation of mux trees.
  Evaluating internal representation of mux trees.
  Analyzing evaluation results.
Running muxtree optimizer on module \cleave_control..
  Creating internal representation of mux trees.
  Evaluating internal representation of mux trees.
  Analyzing evaluation results.
Running muxtree optimizer on module \cleave_core..
  Creating internal representation of mux trees.
  Evaluating internal representation of mux trees.
  Analyzing evaluation results.
Running muxtree optimizer on module \cleave_dmem..
  Creating internal representation of mux trees.
  Evaluating internal representation of mux trees.
  Analyzing evaluation results.
Running muxtree optimizer on module \cleave_imem..
  Creating internal representation of mux trees.
  No muxes found in this module.
Running muxtree optimizer on module \cleave_immgen..
  Creating internal representation of mux trees.
  Evaluating internal representation of mux trees.
  Analyzing evaluation results.
Running muxtree optimizer on module \cleave_pc..
  Creating internal representation of mux trees.
  No muxes found in this module.
Running muxtree optimizer on module \cleave_regfile..
  Creating internal representation of mux trees.
  Evaluating internal representation of mux trees.
  Analyzing evaluation results.
Running muxtree optimizer on module \tt_um_cleave..
  Creating internal representation of mux trees.
  No muxes found in this module.
Removed 0 multiplexer ports.
<suppressed ~45 debug messages>

12.14.4. Executing OPT_REDUCE pass (consolidate $*mux and $reduce_* inputs).
  Optimizing cells in module \cleave_alu.
  Optimizing cells in module \cleave_branch.
  Optimizing cells in module \cleave_control.
  Optimizing cells in module \cleave_core.
  Optimizing cells in module \cleave_dmem.
  Optimizing cells in module \cleave_imem.
  Optimizing cells in module \cleave_immgen.
  Optimizing cells in module \cleave_pc.
  Optimizing cells in module \cleave_regfile.
  Optimizing cells in module \tt_um_cleave.
Performed a total of 0 changes.

12.14.5. Executing OPT_MERGE pass (detect identical cells).
Finding identical cells in module `\cleave_alu'.
Finding identical cells in module `\cleave_branch'.
Finding identical cells in module `\cleave_control'.
Finding identical cells in module `\cleave_core'.
Finding identical cells in module `\cleave_dmem'.
Finding identical cells in module `\cleave_imem'.
Finding identical cells in module `\cleave_immgen'.
Finding identical cells in module `\cleave_pc'.
Finding identical cells in module `\cleave_regfile'.
Finding identical cells in module `\tt_um_cleave'.
Removed a total of 0 cells.

12.14.6. Executing OPT_DFF pass (perform DFF optimizations).

12.14.7. Executing OPT_CLEAN pass (remove unused cells and wires).
Finding unused cells or wires in module \cleave_alu..
Finding unused cells or wires in module \cleave_branch..
Finding unused cells or wires in module \cleave_control..
Finding unused cells or wires in module \cleave_core..
Finding unused cells or wires in module \cleave_dmem..
Finding unused cells or wires in module \cleave_imem..
Finding unused cells or wires in module \cleave_immgen..
Finding unused cells or wires in module \cleave_pc..
Finding unused cells or wires in module \cleave_regfile..
Finding unused cells or wires in module \tt_um_cleave..
Removed 2 unused cells and 5 unused wires.
<suppressed ~5 debug messages>

12.14.8. Executing OPT_EXPR pass (perform const folding).
Optimizing module cleave_alu.
Optimizing module cleave_branch.
Optimizing module cleave_control.
Optimizing module cleave_core.
Optimizing module cleave_dmem.
Optimizing module cleave_imem.
Optimizing module cleave_immgen.
Optimizing module cleave_pc.
Optimizing module cleave_regfile.
Optimizing module tt_um_cleave.

12.14.9. Rerunning OPT passes. (Maybe there is more to do..)

12.14.10. Executing OPT_MUXTREE pass (detect dead branches in mux trees).
Running muxtree optimizer on module \cleave_alu..
  Creating internal representation of mux trees.
  Evaluating internal representation of mux trees.
  Analyzing evaluation results.
Running muxtree optimizer on module \cleave_branch..
  Creating internal representation of mux trees.
  Evaluating internal representation of mux trees.
  Analyzing evaluation results.
Running muxtree optimizer on module \cleave_control..
  Creating internal representation of mux trees.
  Evaluating internal representation of mux trees.
  Analyzing evaluation results.
Running muxtree optimizer on module \cleave_core..
  Creating internal representation of mux trees.
  Evaluating internal representation of mux trees.
  Analyzing evaluation results.
Running muxtree optimizer on module \cleave_dmem..
  Creating internal representation of mux trees.
  Evaluating internal representation of mux trees.
  Analyzing evaluation results.
Running muxtree optimizer on module \cleave_imem..
  Creating internal representation of mux trees.
  No muxes found in this module.
Running muxtree optimizer on module \cleave_immgen..
  Creating internal representation of mux trees.
  Evaluating internal representation of mux trees.
  Analyzing evaluation results.
Running muxtree optimizer on module \cleave_pc..
  Creating internal representation of mux trees.
  No muxes found in this module.
Running muxtree optimizer on module \cleave_regfile..
  Creating internal representation of mux trees.
  Evaluating internal representation of mux trees.
  Analyzing evaluation results.
Running muxtree optimizer on module \tt_um_cleave..
  Creating internal representation of mux trees.
  No muxes found in this module.
Removed 0 multiplexer ports.
<suppressed ~45 debug messages>

12.14.11. Executing OPT_REDUCE pass (consolidate $*mux and $reduce_* inputs).
  Optimizing cells in module \cleave_alu.
  Optimizing cells in module \cleave_branch.
  Optimizing cells in module \cleave_control.
  Optimizing cells in module \cleave_core.
  Optimizing cells in module \cleave_dmem.
  Optimizing cells in module \cleave_imem.
  Optimizing cells in module \cleave_immgen.
  Optimizing cells in module \cleave_pc.
  Optimizing cells in module \cleave_regfile.
  Optimizing cells in module \tt_um_cleave.
Performed a total of 0 changes.

12.14.12. Executing OPT_MERGE pass (detect identical cells).
Finding identical cells in module `\cleave_alu'.
Finding identical cells in module `\cleave_branch'.
Finding identical cells in module `\cleave_control'.
Finding identical cells in module `\cleave_core'.
Finding identical cells in module `\cleave_dmem'.
Finding identical cells in module `\cleave_imem'.
Finding identical cells in module `\cleave_immgen'.
Finding identical cells in module `\cleave_pc'.
Finding identical cells in module `\cleave_regfile'.
Finding identical cells in module `\tt_um_cleave'.
Removed a total of 0 cells.

12.14.13. Executing OPT_DFF pass (perform DFF optimizations).

12.14.14. Executing OPT_CLEAN pass (remove unused cells and wires).
Finding unused cells or wires in module \cleave_alu..
Finding unused cells or wires in module \cleave_branch..
Finding unused cells or wires in module \cleave_control..
Finding unused cells or wires in module \cleave_core..
Finding unused cells or wires in module \cleave_dmem..
Finding unused cells or wires in module \cleave_imem..
Finding unused cells or wires in module \cleave_immgen..
Finding unused cells or wires in module \cleave_pc..
Finding unused cells or wires in module \cleave_regfile..
Finding unused cells or wires in module \tt_um_cleave..

12.14.15. Executing OPT_EXPR pass (perform const folding).
Optimizing module cleave_alu.
Optimizing module cleave_branch.
Optimizing module cleave_control.
Optimizing module cleave_core.
Optimizing module cleave_dmem.
Optimizing module cleave_imem.
Optimizing module cleave_immgen.
Optimizing module cleave_pc.
Optimizing module cleave_regfile.
Optimizing module tt_um_cleave.

12.14.16. Finished OPT passes. (There is nothing left to do.)

12.15. Executing MEMORY pass.

12.15.1. Executing OPT_MEM pass (optimize memories).
cleave_imem.rom: removing const-1 lane 0
cleave_imem.rom: removing const-1 lane 1
Performed a total of 97 transformations.

12.15.2. Executing OPT_MEM_PRIORITY pass (removing unnecessary memory write priority relations).
Performed a total of 6 transformations.

12.15.3. Executing OPT_MEM_FEEDBACK pass (finding memory read-to-write feedback paths).
  Analyzing cleave_dmem.ram write port 0.
  Analyzing cleave_dmem.ram write port 1.
  Analyzing cleave_dmem.ram write port 2.
  Analyzing cleave_dmem.ram write port 3.
  Analyzing cleave_regfile.regs write port 0.

12.15.4. Executing MEMORY_BMUX2ROM pass (converting muxes to ROMs).

12.15.5. Executing MEMORY_DFF pass (merging $dff cells to $memrd).
Checking read port `\ram'[0] in module `\cleave_dmem': no output FF found.
Checking read port address `\ram'[0] in module `\cleave_dmem': no address FF found.
Checking read port `\rom'[0] in module `\cleave_imem': no output FF found.
Checking read port address `\rom'[0] in module `\cleave_imem': no address FF found.
Checking read port `\regs'[0] in module `\cleave_regfile': no output FF found.
Checking read port `\regs'[1] in module `\cleave_regfile': no output FF found.
Checking read port `\regs'[2] in module `\cleave_regfile': no output FF found.
Checking read port address `\regs'[0] in module `\cleave_regfile': no address FF found.
Checking read port address `\regs'[1] in module `\cleave_regfile': no address FF found.
Checking read port address `\regs'[2] in module `\cleave_regfile': no address FF found.

12.15.6. Executing OPT_CLEAN pass (remove unused cells and wires).
Finding unused cells or wires in module \cleave_alu..
Finding unused cells or wires in module \cleave_branch..
Finding unused cells or wires in module \cleave_control..
Finding unused cells or wires in module \cleave_core..
Finding unused cells or wires in module \cleave_dmem..
Finding unused cells or wires in module \cleave_imem..
Finding unused cells or wires in module \cleave_immgen..
Finding unused cells or wires in module \cleave_pc..
Finding unused cells or wires in module \cleave_regfile..
Finding unused cells or wires in module \tt_um_cleave..

12.15.7. Executing MEMORY_SHARE pass (consolidating $memrd/$memwr cells).
Consolidating write ports of memory cleave_dmem.ram by address:
  Merging ports 0, 1 (address \addr [7:2]).
  Merging ports 0, 2 (address \addr [7:2]).
  Merging ports 0, 3 (address \addr [7:2]).
Consolidating read ports of memory cleave_regfile.regs by address:

12.15.8. Executing OPT_MEM_WIDEN pass (optimize memories where all ports are wide).
Performed a total of 0 transformations.

12.15.9. Executing OPT_CLEAN pass (remove unused cells and wires).
Finding unused cells or wires in module \cleave_alu..
Finding unused cells or wires in module \cleave_branch..
Finding unused cells or wires in module \cleave_control..
Finding unused cells or wires in module \cleave_core..
Finding unused cells or wires in module \cleave_dmem..
Finding unused cells or wires in module \cleave_imem..
Finding unused cells or wires in module \cleave_immgen..
Finding unused cells or wires in module \cleave_pc..
Finding unused cells or wires in module \cleave_regfile..
Finding unused cells or wires in module \tt_um_cleave..
Removed 4 unused cells and 4 unused wires.
<suppressed ~5 debug messages>

12.15.10. Executing MEMORY_COLLECT pass (generating $mem cells).

12.16. Executing OPT_CLEAN pass (remove unused cells and wires).
Finding unused cells or wires in module \cleave_alu..
Finding unused cells or wires in module \cleave_branch..
Finding unused cells or wires in module \cleave_control..
Finding unused cells or wires in module \cleave_core..
Finding unused cells or wires in module \cleave_dmem..
Finding unused cells or wires in module \cleave_imem..
Finding unused cells or wires in module \cleave_immgen..
Finding unused cells or wires in module \cleave_pc..
Finding unused cells or wires in module \cleave_regfile..
Finding unused cells or wires in module \tt_um_cleave..

12.17. Executing OPT pass (performing simple optimizations).

12.17.1. Executing OPT_EXPR pass (perform const folding).
Optimizing module cleave_alu.
<suppressed ~1 debug messages>
Optimizing module cleave_branch.
Optimizing module cleave_control.
<suppressed ~14 debug messages>
Optimizing module cleave_core.
<suppressed ~2 debug messages>
Optimizing module cleave_dmem.
<suppressed ~9 debug messages>
Optimizing module cleave_imem.
Optimizing module cleave_immgen.
<suppressed ~1 debug messages>
Optimizing module cleave_pc.
Optimizing module cleave_regfile.
<suppressed ~3 debug messages>
Optimizing module tt_um_cleave.

12.17.2. Executing OPT_MERGE pass (detect identical cells).
Finding identical cells in module `\cleave_alu'.
Finding identical cells in module `\cleave_branch'.
Finding identical cells in module `\cleave_control'.
Finding identical cells in module `\cleave_core'.
Finding identical cells in module `\cleave_dmem'.
Finding identical cells in module `\cleave_imem'.
Finding identical cells in module `\cleave_immgen'.
Finding identical cells in module `\cleave_pc'.
Finding identical cells in module `\cleave_regfile'.
Finding identical cells in module `\tt_um_cleave'.
Removed a total of 0 cells.

12.17.3. Executing OPT_DFF pass (perform DFF optimizations).

12.17.4. Executing OPT_CLEAN pass (remove unused cells and wires).
Finding unused cells or wires in module \cleave_alu..
Finding unused cells or wires in module \cleave_branch..
Finding unused cells or wires in module \cleave_control..
Finding unused cells or wires in module \cleave_core..
Finding unused cells or wires in module \cleave_dmem..
Finding unused cells or wires in module \cleave_imem..
Finding unused cells or wires in module \cleave_immgen..
Finding unused cells or wires in module \cleave_pc..
Finding unused cells or wires in module \cleave_regfile..
Finding unused cells or wires in module \tt_um_cleave..
Removed 3 unused cells and 20 unused wires.
<suppressed ~8 debug messages>

12.17.5. Finished fast OPT passes.

12.18. Executing MEMORY_MAP pass (converting memories to logic and flip-flops).
Mapping memory \ram in module \cleave_dmem:
  created 64 $dff cells and 0 static cells of width 32.
  read interface: 0 $dff and 63 $mux cells.
  write interface: 256 write mux blocks.
Mapping memory \rom in module \cleave_imem:
  created 64 $dff cells and 0 static cells of width 30.
  read interface: 0 $dff and 63 $mux cells.
  write interface: 0 write mux blocks.
Mapping memory \regs in module \cleave_regfile:
  created 31 $dff cells and 0 static cells of width 32.
  read interface: 0 $dff and 93 $mux cells.
  write interface: 31 write mux blocks.

12.19. Executing OPT pass (performing simple optimizations).

12.19.1. Executing OPT_EXPR pass (perform const folding).
Optimizing module cleave_alu.
Optimizing module cleave_branch.
Optimizing module cleave_control.
Optimizing module cleave_core.
Optimizing module cleave_dmem.
<suppressed ~12 debug messages>
Optimizing module cleave_imem.
Optimizing module cleave_immgen.
Optimizing module cleave_pc.
Optimizing module cleave_regfile.
<suppressed ~21 debug messages>
Optimizing module tt_um_cleave.

12.19.2. Executing OPT_MERGE pass (detect identical cells).
Finding identical cells in module `\cleave_alu'.
Finding identical cells in module `\cleave_branch'.
Finding identical cells in module `\cleave_control'.
Finding identical cells in module `\cleave_core'.
Finding identical cells in module `\cleave_dmem'.
Finding identical cells in module `\cleave_imem'.
Finding identical cells in module `\cleave_immgen'.
Finding identical cells in module `\cleave_pc'.
Finding identical cells in module `\cleave_regfile'.
Finding identical cells in module `\tt_um_cleave'.
Removed a total of 0 cells.

12.19.3. Executing OPT_MUXTREE pass (detect dead branches in mux trees).
Running muxtree optimizer on module \cleave_alu..
  Creating internal representation of mux trees.
  Evaluating internal representation of mux trees.
  Analyzing evaluation results.
Running muxtree optimizer on module \cleave_branch..
  Creating internal representation of mux trees.
  Evaluating internal representation of mux trees.
  Analyzing evaluation results.
Running muxtree optimizer on module \cleave_control..
  Creating internal representation of mux trees.
  Evaluating internal representation of mux trees.
  Analyzing evaluation results.
Running muxtree optimizer on module \cleave_core..
  Creating internal representation of mux trees.
  Evaluating internal representation of mux trees.
  Analyzing evaluation results.
Running muxtree optimizer on module \cleave_dmem..
  Creating internal representation of mux trees.
  Evaluating internal representation of mux trees.
  Analyzing evaluation results.
Running muxtree optimizer on module \cleave_imem..
  Creating internal representation of mux trees.
  Evaluating internal representation of mux trees.
  Analyzing evaluation results.
Running muxtree optimizer on module \cleave_immgen..
  Creating internal representation of mux trees.
  Evaluating internal representation of mux trees.
  Analyzing evaluation results.
Running muxtree optimizer on module \cleave_pc..
  Creating internal representation of mux trees.
  No muxes found in this module.
Running muxtree optimizer on module \cleave_regfile..
  Creating internal representation of mux trees.
  Evaluating internal representation of mux trees.
  Analyzing evaluation results.
Running muxtree optimizer on module \tt_um_cleave..
  Creating internal representation of mux trees.
  No muxes found in this module.
Removed 0 multiplexer ports.
<suppressed ~310 debug messages>

12.19.4. Executing OPT_REDUCE pass (consolidate $*mux and $reduce_* inputs).
  Optimizing cells in module \cleave_alu.
  Optimizing cells in module \cleave_branch.
  Optimizing cells in module \cleave_control.
    Consolidated identical input bits for $mux cell $ternary$cleave_control.v:107$115:
      Old ports: A={ 1'0 \funct3 }, B={ \funct7b5 \funct3 }, Y=$ternary$cleave_control.v:107$115_Y
      New ports: A=1'0, B=\funct7b5, Y=$ternary$cleave_control.v:107$115_Y [3]
      New connections: $ternary$cleave_control.v:107$115_Y [2:0] = \funct3
  Optimizing cells in module \cleave_control.
  Optimizing cells in module \cleave_core.
  Optimizing cells in module \cleave_dmem.
  Optimizing cells in module \cleave_imem.
    Consolidated identical input bits for $mux cell $memory\rom$rdmux[0][5][30]$2541:
      Old ports: A=30'000000000000100000000000011001, B=30'000000000000000000000000000011, Y=$memory\rom$rdmux[0][4][15]$a$2449
      New ports: A=2'10, B=2'01, Y={ $memory\rom$rdmux[0][4][15]$a$2449 [3] $memory\rom$rdmux[0][4][15]$a$2449 [1] }
      New connections: { $memory\rom$rdmux[0][4][15]$a$2449 [29:4] $memory\rom$rdmux[0][4][15]$a$2449 [2] $memory\rom$rdmux[0][4][15]$a$2449 [0] } = { 12'000000000000 $memory\rom$rdmux[0][4][15]$a$2449 [3] 12'000000000000 $memory\rom$rdmux[0][4][15]$a$2449 [3] 2'01 }
    Consolidated identical input bits for $mux cell $memory\rom$rdmux[0][5][29]$2538:
      Old ports: A=30'000000001100000000000000011011, B=30'010000000100000110000011001100, Y=$memory\rom$rdmux[0][4][14]$b$2447
      New ports: A=2'01, B=2'10, Y={ $memory\rom$rdmux[0][4][14]$b$2447 [2] $memory\rom$rdmux[0][4][14]$b$2447 [0] }
      New connections: { $memory\rom$rdmux[0][4][14]$b$2447 [29:3] $memory\rom$rdmux[0][4][14]$b$2447 [1] } = { 1'0 $memory\rom$rdmux[0][4][14]$b$2447 [2] 6'000000 $memory\rom$rdmux[0][4][14]$b$2447 [0] 6'100000 $memory\rom$rdmux[0][4][14]$b$2447 [2] $memory\rom$rdmux[0][4][14]$b$2447 [2] 5'00000 $memory\rom$rdmux[0][4][14]$b$2447 [2] $memory\rom$rdmux[0][4][14]$b$2447 [2] 1'0 $memory\rom$rdmux[0][4][14]$b$2447 [0] 1'1 $memory\rom$rdmux[0][4][14]$b$2447 [0] }
    Consolidated identical input bits for $mux cell $memory\rom$rdmux[0][5][28]$2535:
      Old ports: A=30'000000001100000000001000011011, B=30'000100000000111110001111100100, Y=$memory\rom$rdmux[0][4][14]$a$2446
      New ports: A=2'01, B=2'10, Y={ $memory\rom$rdmux[0][4][14]$a$2446 [2] $memory\rom$rdmux[0][4][14]$a$2446 [0] }
      New connections: { $memory\rom$rdmux[0][4][14]$a$2446 [29:3] $memory\rom$rdmux[0][4][14]$a$2446 [1] } = { 3'000 $memory\rom$rdmux[0][4][14]$a$2446 [2] 4'0000 $memory\rom$rdmux[0][4][14]$a$2446 [0] $memory\rom$rdmux[0][4][14]$a$2446 [0] 2'00 $memory\rom$rdmux[0][4][14]$a$2446 [2] $memory\rom$rdmux[0][4][14]$a$2446 [2] $memory\rom$rdmux[0][4][14]$a$2446 [2] $memory\rom$rdmux[0][4][14]$a$2446 [2] $memory\rom$rdmux[0][4][14]$a$2446 [2] 4'0001 $memory\rom$rdmux[0][4][14]$a$2446 [2] $memory\rom$rdmux[0][4][14]$a$2446 [2] $memory\rom$rdmux[0][4][14]$a$2446 [2] $memory\rom$rdmux[0][4][14]$a$2446 [2] $memory\rom$rdmux[0][4][14]$a$2446 [0] $memory\rom$rdmux[0][4][14]$a$2446 [0] $memory\rom$rdmux[0][4][14]$a$2446 [0] }
    Consolidated identical input bits for $mux cell $memory\rom$rdmux[0][5][27]$2532:
      Old ports: A=30'000000000011000110010100011000, B=30'000010000000111110001111100100, Y=$memory\rom$rdmux[0][4][13]$b$2444
      New ports: A=2'10, B=2'01, Y=$memory\rom$rdmux[0][4][13]$b$2444 [3:2]
      New connections: { $memory\rom$rdmux[0][4][13]$b$2444 [29:4] $memory\rom$rdmux[0][4][13]$b$2444 [1:0] } = { 4'0000 $memory\rom$rdmux[0][4][13]$b$2444 [2] 5'00000 $memory\rom$rdmux[0][4][13]$b$2444 [3] $memory\rom$rdmux[0][4][13]$b$2444 [3:2] $memory\rom$rdmux[0][4][13]$b$2444 [2] $memory\rom$rdmux[0][4][13]$b$2444 [2] 4'1100 $memory\rom$rdmux[0][4][13]$b$2444 [3:2] 1'1 $memory\rom$rdmux[0][4][13]$b$2444 [2] $memory\rom$rdmux[0][4][13]$b$2444 [2] $memory\rom$rdmux[0][4][13]$b$2444 [2] $memory\rom$rdmux[0][4][13]$b$2444 [3] 2'00 }
    Consolidated identical input bits for $mux cell $memory\rom$rdmux[0][5][26]$2529:
      Old ports: A=30'000000000100000110000100011000, B=30'000001000000111110001111100100, Y=$memory\rom$rdmux[0][4][13]$a$2443
      New ports: A=2'10, B=2'01, Y=$memory\rom$rdmux[0][4][13]$a$2443 [3:2]
      New connections: { $memory\rom$rdmux[0][4][13]$a$2443 [29:4] $memory\rom$rdmux[0][4][13]$a$2443 [1:0] } = { 5'00000 $memory\rom$rdmux[0][4][13]$a$2443 [2] 3'000 $memory\rom$rdmux[0][4][13]$a$2443 [3] 2'00 $memory\rom$rdmux[0][4][13]$a$2443 [2] $memory\rom$rdmux[0][4][13]$a$2443 [2] $memory\rom$rdmux[0][4][13]$a$2443 [2] 5'11000 $memory\rom$rdmux[0][4][13]$a$2443 [2] 1'1 $memory\rom$rdmux[0][4][13]$a$2443 [2] $memory\rom$rdmux[0][4][13]$a$2443 [2] $memory\rom$rdmux[0][4][13]$a$2443 [2] $memory\rom$rdmux[0][4][13]$a$2443 [3] 2'00 }
    Consolidated identical input bits for $mux cell $memory\rom$rdmux[0][5][25]$2526:
      Old ports: A=30'010000000000111110001111100100, B=30'000000100000111110001111100100, Y=$memory\rom$rdmux[0][4][12]$b$2441
      New ports: A=2'10, B=2'01, Y={ $memory\rom$rdmux[0][4][12]$b$2441 [28] $memory\rom$rdmux[0][4][12]$b$2441 [23] }
      New connections: { $memory\rom$rdmux[0][4][12]$b$2441 [29] $memory\rom$rdmux[0][4][12]$b$2441 [27:24] $memory\rom$rdmux[0][4][12]$b$2441 [22:0] } = 28'0000000000111110001111100100
    Consolidated identical input bits for $mux cell $memory\rom$rdmux[0][5][24]$2523:
      Old ports: A=30'000000010000111110001111100100, B=30'000000000011001001110100011000, Y=$memory\rom$rdmux[0][4][12]$a$2440
      New ports: A=2'01, B=2'10, Y=$memory\rom$rdmux[0][4][12]$a$2440 [3:2]
      New connections: { $memory\rom$rdmux[0][4][12]$a$2440 [29:4] $memory\rom$rdmux[0][4][12]$a$2440 [1:0] } = { 7'0000000 $memory\rom$rdmux[0][4][12]$a$2440 [2] 2'00 $memory\rom$rdmux[0][4][12]$a$2440 [3] $memory\rom$rdmux[0][4][12]$a$2440 [3:2] $memory\rom$rdmux[0][4][12]$a$2440 [2] 1'1 $memory\rom$rdmux[0][4][12]$a$2440 [2] $memory\rom$rdmux[0][4][12]$a$2440 [2] $memory\rom$rdmux[0][4][12]$a$2440 [3] $memory\rom$rdmux[0][4][12]$a$2440 [3] $memory\rom$rdmux[0][4][12]$a$2440 [3:2] 1'1 $memory\rom$rdmux[0][4][12]$a$2440 [2] $memory\rom$rdmux[0][4][12]$a$2440 [2] $memory\rom$rdmux[0][4][12]$a$2440 [2] $memory\rom$rdmux[0][4][12]$a$2440 [3] 2'00 }
    Consolidated identical input bits for $mux cell $memory\rom$rdmux[0][5][23]$2520:
      Old ports: A=30'000000000100000111100100011000, B=30'010000000000111110001111100100, Y=$memory\rom$rdmux[0][4][11]$b$2438
      New ports: A=2'10, B=2'01, Y=$memory\rom$rdmux[0][4][11]$b$2438 [3:2]
      New connections: { $memory\rom$rdmux[0][4][11]$b$2438 [29:4] $memory\rom$rdmux[0][4][11]$b$2438 [1:0] } = { 1'0 $memory\rom$rdmux[0][4][11]$b$2438 [2] 7'0000000 $memory\rom$rdmux[0][4][11]$b$2438 [3] 2'00 $memory\rom$rdmux[0][4][11]$b$2438 [2] $memory\rom$rdmux[0][4][11]$b$2438 [2] $memory\rom$rdmux[0][4][11]$b$2438 [2] 2'11 $memory\rom$rdmux[0][4][11]$b$2438 [3] $memory\rom$rdmux[0][4][11]$b$2438 [3] 1'0 $memory\rom$rdmux[0][4][11]$b$2438 [2] 1'1 $memory\rom$rdmux[0][4][11]$b$2438 [2] $memory\rom$rdmux[0][4][11]$b$2438 [2] $memory\rom$rdmux[0][4][11]$b$2438 [2] $memory\rom$rdmux[0][4][11]$b$2438 [3] 2'00 }
    Consolidated identical input bits for $mux cell $memory\rom$rdmux[0][5][22]$2517:
      Old ports: A=30'010000000000111110001111100100, B=30'000000001000111110001111100100, Y=$memory\rom$rdmux[0][4][11]$a$2437
      New ports: A=2'10, B=2'01, Y={ $memory\rom$rdmux[0][4][11]$a$2437 [28] $memory\rom$rdmux[0][4][11]$a$2437 [21] }
      New connections: { $memory\rom$rdmux[0][4][11]$a$2437 [29] $memory\rom$rdmux[0][4][11]$a$2437 [27:22] $memory\rom$rdmux[0][4][11]$a$2437 [20:0] } = 28'0000000000111110001111100100
    Consolidated identical input bits for $mux cell $memory\rom$rdmux[0][5][21]$2514:
      Old ports: A=30'000000000100111110001111100100, B=30'000000000100000111010100011000, Y=$memory\rom$rdmux[0][4][10]$b$2435
      New ports: A=2'01, B=2'10, Y=$memory\rom$rdmux[0][4][10]$b$2435 [3:2]
      New connections: { $memory\rom$rdmux[0][4][10]$b$2435 [29:4] $memory\rom$rdmux[0][4][10]$b$2435 [1:0] } = { 12'000000000100 $memory\rom$rdmux[0][4][10]$b$2435 [2] $memory\rom$rdmux[0][4][10]$b$2435 [2] $memory\rom$rdmux[0][4][10]$b$2435 [2] 2'11 $memory\rom$rdmux[0][4][10]$b$2435 [3] 1'0 $memory\rom$rdmux[0][4][10]$b$2435 [3:2] 1'1 $memory\rom$rdmux[0][4][10]$b$2435 [2] $memory\rom$rdmux[0][4][10]$b$2435 [2] $memory\rom$rdmux[0][4][10]$b$2435 [2] $memory\rom$rdmux[0][4][10]$b$2435 [3] 2'00 }
    Consolidated identical input bits for $mux cell $memory\rom$rdmux[0][5][20]$2511:
      Old ports: A=30'000000000011001001000100011000, B=30'010000000000111110001111100100, Y=$memory\rom$rdmux[0][4][10]$a$2434
      New ports: A=2'10, B=2'01, Y=$memory\rom$rdmux[0][4][10]$a$2434 [3:2]
      New connections: { $memory\rom$rdmux[0][4][10]$a$2434 [29:4] $memory\rom$rdmux[0][4][10]$a$2434 [1:0] } = { 1'0 $memory\rom$rdmux[0][4][10]$a$2434 [2] 8'00000000 $memory\rom$rdmux[0][4][10]$a$2434 [3] $memory\rom$rdmux[0][4][10]$a$2434 [3:2] $memory\rom$rdmux[0][4][10]$a$2434 [2] 1'1 $memory\rom$rdmux[0][4][10]$a$2434 [2] $memory\rom$rdmux[0][4][10]$a$2434 [2] $memory\rom$rdmux[0][4][10]$a$2434 [3] 2'00 $memory\rom$rdmux[0][4][10]$a$2434 [2] 1'1 $memory\rom$rdmux[0][4][10]$a$2434 [2] $memory\rom$rdmux[0][4][10]$a$2434 [2] $memory\rom$rdmux[0][4][10]$a$2434 [2] $memory\rom$rdmux[0][4][10]$a$2434 [3] 2'00 }
    Consolidated identical input bits for $mux cell $memory\rom$rdmux[0][5][19]$2508:
      Old ports: A=30'001000000000111110001111100100, B=30'000000000010111110001111100100, Y=$memory\rom$rdmux[0][4][9]$b$2432
      New ports: A=2'10, B=2'01, Y={ $memory\rom$rdmux[0][4][9]$b$2432 [27] $memory\rom$rdmux[0][4][9]$b$2432 [19] }
      New connections: { $memory\rom$rdmux[0][4][9]$b$2432 [29:28] $memory\rom$rdmux[0][4][9]$b$2432 [26:20] $memory\rom$rdmux[0][4][9]$b$2432 [18:0] } = 28'0000000000111110001111100100
    Consolidated identical input bits for $mux cell $memory\rom$rdmux[0][5][18]$2505:
      Old ports: A=30'000000000001111110001111100100, B=30'000000000100000110010100011000, Y=$memory\rom$rdmux[0][4][9]$a$2431
      New ports: A=2'01, B=2'10, Y=$memory\rom$rdmux[0][4][9]$a$2431 [3:2]
      New connections: { $memory\rom$rdmux[0][4][9]$a$2431 [29:4] $memory\rom$rdmux[0][4][9]$a$2431 [1:0] } = { 9'000000000 $memory\rom$rdmux[0][4][9]$a$2431 [3] 1'0 $memory\rom$rdmux[0][4][9]$a$2431 [2] $memory\rom$rdmux[0][4][9]$a$2431 [2] $memory\rom$rdmux[0][4][9]$a$2431 [2] $memory\rom$rdmux[0][4][9]$a$2431 [2] 4'1100 $memory\rom$rdmux[0][4][9]$a$2431 [3:2] 1'1 $memory\rom$rdmux[0][4][9]$a$2431 [2] $memory\rom$rdmux[0][4][9]$a$2431 [2] $memory\rom$rdmux[0][4][9]$a$2431 [2] $memory\rom$rdmux[0][4][9]$a$2431 [3] 2'00 }
    Consolidated identical input bits for $mux cell $memory\rom$rdmux[0][5][17]$2502:
      Old ports: A=30'000000000000000000000100011000, B=30'000100000000111110001111100100, Y=$memory\rom$rdmux[0][4][8]$b$2429
      New ports: A=2'10, B=2'01, Y=$memory\rom$rdmux[0][4][8]$b$2429 [3:2]
      New connections: { $memory\rom$rdmux[0][4][8]$b$2429 [29:4] $memory\rom$rdmux[0][4][8]$b$2429 [1:0] } = { 3'000 $memory\rom$rdmux[0][4][8]$b$2429 [2] 8'00000000 $memory\rom$rdmux[0][4][8]$b$2429 [2] $memory\rom$rdmux[0][4][8]$b$2429 [2] $memory\rom$rdmux[0][4][8]$b$2429 [2] $memory\rom$rdmux[0][4][8]$b$2429 [2] $memory\rom$rdmux[0][4][8]$b$2429 [2] 3'000 $memory\rom$rdmux[0][4][8]$b$2429 [2] 1'1 $memory\rom$rdmux[0][4][8]$b$2429 [2] $memory\rom$rdmux[0][4][8]$b$2429 [2] $memory\rom$rdmux[0][4][8]$b$2429 [2] $memory\rom$rdmux[0][4][8]$b$2429 [3] 2'00 }
    Consolidated identical input bits for $mux cell $memory\rom$rdmux[0][5][16]$2499:
      Old ports: A=30'000000011001110000010110001000, B=30'000000000000000000001111100100, Y=$memory\rom$rdmux[0][4][8]$a$2428
      New ports: A=2'10, B=2'01, Y=$memory\rom$rdmux[0][4][8]$a$2428 [3:2]
      New connections: { $memory\rom$rdmux[0][4][8]$a$2428 [29:4] $memory\rom$rdmux[0][4][8]$a$2428 [1:0] } = { 7'0000000 $memory\rom$rdmux[0][4][8]$a$2428 [3] $memory\rom$rdmux[0][4][8]$a$2428 [3] 2'00 $memory\rom$rdmux[0][4][8]$a$2428 [3] $memory\rom$rdmux[0][4][8]$a$2428 [3] $memory\rom$rdmux[0][4][8]$a$2428 [3] 5'00000 $memory\rom$rdmux[0][4][8]$a$2428 [3:2] 2'11 $memory\rom$rdmux[0][4][8]$a$2428 [2] $memory\rom$rdmux[0][4][8]$a$2428 [2] 3'000 }
    Consolidated identical input bits for $mux cell $memory\rom$rdmux[0][5][15]$2496:
      Old ports: A=30'000000000001110001001111000000, B=30'000000011001110000000100001000, Y=$memory\rom$rdmux[0][4][7]$b$2426
      New ports: A=2'10, B=2'01, Y={ $memory\rom$rdmux[0][4][7]$b$2426 [6] $memory\rom$rdmux[0][4][7]$b$2426 [3] }
      New connections: { $memory\rom$rdmux[0][4][7]$b$2426 [29:7] $memory\rom$rdmux[0][4][7]$b$2426 [5:4] $memory\rom$rdmux[0][4][7]$b$2426 [2:0] } = { 7'0000000 $memory\rom$rdmux[0][4][7]$b$2426 [3] $memory\rom$rdmux[0][4][7]$b$2426 [3] 8'00111000 $memory\rom$rdmux[0][4][7]$b$2426 [6] 2'00 $memory\rom$rdmux[0][4][7]$b$2426 [6] 1'1 $memory\rom$rdmux[0][4][7]$b$2426 [6] 5'00000 }
    Consolidated identical input bits for $mux cell $memory\rom$rdmux[0][5][14]$2493:
      Old ports: A=30'000000000000110001011110000000, B=30'000000000000110000001110100000, Y=$memory\rom$rdmux[0][4][7]$a$2425
      New ports: A=2'10, B=2'01, Y={ $memory\rom$rdmux[0][4][7]$a$2425 [10] $memory\rom$rdmux[0][4][7]$a$2425 [5] }
      New connections: { $memory\rom$rdmux[0][4][7]$a$2425 [29:11] $memory\rom$rdmux[0][4][7]$a$2425 [9:6] $memory\rom$rdmux[0][4][7]$a$2425 [4:0] } = { 17'00000000000011000 $memory\rom$rdmux[0][4][7]$a$2425 [10] 10'0111000000 }
    Consolidated identical input bits for $mux cell $memory\rom$rdmux[0][5][13]$2490:
      Old ports: A=30'000000000000110000101101000000, B=30'000000000000110000011101100000, Y=$memory\rom$rdmux[0][4][6]$b$2423
      New ports: A=2'10, B=2'01, Y={ $memory\rom$rdmux[0][4][6]$b$2423 [11] $memory\rom$rdmux[0][4][6]$b$2423 [5] }
      New connections: { $memory\rom$rdmux[0][4][6]$b$2423 [29:12] $memory\rom$rdmux[0][4][6]$b$2423 [10:6] $memory\rom$rdmux[0][4][6]$b$2423 [4:0] } = { 18'000000000000110000 $memory\rom$rdmux[0][4][6]$b$2423 [5] 9'110100000 }
    Consolidated identical input bits for $mux cell $memory\rom$rdmux[0][5][12]$2487:
      Old ports: A=30'000011011110110011101100100100, B=30'000000011001110000100000001000, Y=$memory\rom$rdmux[0][4][6]$a$2422
      New ports: A=2'01, B=2'10, Y=$memory\rom$rdmux[0][4][6]$a$2422 [3:2]
      New connections: { $memory\rom$rdmux[0][4][6]$a$2422 [29:4] $memory\rom$rdmux[0][4][6]$a$2422 [1:0] } = { 4'0000 $memory\rom$rdmux[0][4][6]$a$2422 [2] $memory\rom$rdmux[0][4][6]$a$2422 [2] 3'011 $memory\rom$rdmux[0][4][6]$a$2422 [2] $memory\rom$rdmux[0][4][6]$a$2422 [2] $memory\rom$rdmux[0][4][6]$a$2422 [3] 4'1100 $memory\rom$rdmux[0][4][6]$a$2422 [2] $memory\rom$rdmux[0][4][6]$a$2422 [2] 2'10 $memory\rom$rdmux[0][4][6]$a$2422 [2] $memory\rom$rdmux[0][4][6]$a$2422 [2] 2'00 $memory\rom$rdmux[0][4][6]$a$2422 [2] 3'000 }
    Consolidated identical input bits for $mux cell $memory\rom$rdmux[0][5][11]$2484:
      Old ports: A=30'000000010000000000001100000100, B=30'110111101010110111001100101101, Y=$memory\rom$rdmux[0][4][5]$b$2420
      New ports: A=2'10, B=2'01, Y={ $memory\rom$rdmux[0][4][5]$b$2420 [22] $memory\rom$rdmux[0][4][5]$b$2420 [0] }
      New connections: { $memory\rom$rdmux[0][4][5]$b$2420 [29:23] $memory\rom$rdmux[0][4][5]$b$2420 [21:1] } = { $memory\rom$rdmux[0][4][5]$b$2420 [0] $memory\rom$rdmux[0][4][5]$b$2420 [0] 1'0 $memory\rom$rdmux[0][4][5]$b$2420 [0] $memory\rom$rdmux[0][4][5]$b$2420 [0] $memory\rom$rdmux[0][4][5]$b$2420 [0] $memory\rom$rdmux[0][4][5]$b$2420 [0] $memory\rom$rdmux[0][4][5]$b$2420 [0] 1'0 $memory\rom$rdmux[0][4][5]$b$2420 [0] 1'0 $memory\rom$rdmux[0][4][5]$b$2420 [0] $memory\rom$rdmux[0][4][5]$b$2420 [0] 1'0 $memory\rom$rdmux[0][4][5]$b$2420 [0] $memory\rom$rdmux[0][4][5]$b$2420 [0] $memory\rom$rdmux[0][4][5]$b$2420 [0] 6'001100 $memory\rom$rdmux[0][4][5]$b$2420 [0] 1'0 $memory\rom$rdmux[0][4][5]$b$2420 [0] 2'10 }
    Consolidated identical input bits for $mux cell $memory\rom$rdmux[0][5][10]$2481:
      Old ports: A=30'000100100011010001010000101101, B=30'000000000000000000000001000101, Y=$memory\rom$rdmux[0][4][5]$a$2419
      New ports: A=2'01, B=2'10, Y={ $memory\rom$rdmux[0][4][5]$a$2419 [6] $memory\rom$rdmux[0][4][5]$a$2419 [3] }
      New connections: { $memory\rom$rdmux[0][4][5]$a$2419 [29:7] $memory\rom$rdmux[0][4][5]$a$2419 [5:4] $memory\rom$rdmux[0][4][5]$a$2419 [2:0] } = { 3'000 $memory\rom$rdmux[0][4][5]$a$2419 [3] 2'00 $memory\rom$rdmux[0][4][5]$a$2419 [3] 3'000 $memory\rom$rdmux[0][4][5]$a$2419 [3] $memory\rom$rdmux[0][4][5]$a$2419 [3] 1'0 $memory\rom$rdmux[0][4][5]$a$2419 [3] 3'000 $memory\rom$rdmux[0][4][5]$a$2419 [3] 1'0 $memory\rom$rdmux[0][4][5]$a$2419 [3] 3'000 $memory\rom$rdmux[0][4][5]$a$2419 [3] 4'0101 }
    Consolidated identical input bits for $mux cell $memory\rom$rdmux[0][5][9]$2478:
      Old ports: A=30'000000001001000111101011001100, B=30'000000001001000111111011101100, Y=$memory\rom$rdmux[0][4][4]$b$2417
      New ports: A=1'0, B=1'1, Y=$memory\rom$rdmux[0][4][4]$b$2417 [5]
      New connections: { $memory\rom$rdmux[0][4][4]$b$2417 [29:6] $memory\rom$rdmux[0][4][4]$b$2417 [4:0] } = { 19'0000000010010001111 $memory\rom$rdmux[0][4][4]$b$2417 [5] 9'101101100 }
    Consolidated identical input bits for $mux cell $memory\rom$rdmux[0][5][8]$2475:
      Old ports: A=30'000000000100000110111010001100, B=30'000000000100000111001010101100, Y=$memory\rom$rdmux[0][4][4]$a$2416
      New ports: A=2'10, B=2'01, Y={ $memory\rom$rdmux[0][4][4]$a$2416 [10] $memory\rom$rdmux[0][4][4]$a$2416 [5] }
      New connections: { $memory\rom$rdmux[0][4][4]$a$2416 [29:11] $memory\rom$rdmux[0][4][4]$a$2416 [9:6] $memory\rom$rdmux[0][4][4]$a$2416 [4:0] } = { 17'00000000010000011 $memory\rom$rdmux[0][4][4]$a$2416 [5] $memory\rom$rdmux[0][4][4]$a$2416 [10] 9'101001100 }
    Consolidated identical input bits for $mux cell $memory\rom$rdmux[0][5][7]$2472:
      Old ports: A=30'010000001001001001011001001100, B=30'000000000011001000101001101100, Y=$memory\rom$rdmux[0][4][3]$b$2414
      New ports: A=2'10, B=2'01, Y={ $memory\rom$rdmux[0][4][3]$b$2414 [10] $memory\rom$rdmux[0][4][3]$b$2414 [5] }
      New connections: { $memory\rom$rdmux[0][4][3]$b$2414 [29:11] $memory\rom$rdmux[0][4][3]$b$2414 [9:6] $memory\rom$rdmux[0][4][3]$b$2414 [4:0] } = { 1'0 $memory\rom$rdmux[0][4][3]$b$2414 [10] 6'000000 $memory\rom$rdmux[0][4][3]$b$2414 [10] 1'0 $memory\rom$rdmux[0][4][3]$b$2414 [5] 6'100100 $memory\rom$rdmux[0][4][3]$b$2414 [10] $memory\rom$rdmux[0][4][3]$b$2414 [5] 9'100101100 }
    Consolidated identical input bits for $mux cell $memory\rom$rdmux[0][5][6]$2469:
      Old ports: A=30'000000001001000110010111101100, B=30'000000001001000111011000101100, Y=$memory\rom$rdmux[0][4][3]$a$2413
      New ports: A=2'01, B=2'10, Y={ $memory\rom$rdmux[0][4][3]$a$2413 [9] $memory\rom$rdmux[0][4][3]$a$2413 [6] }
      New connections: { $memory\rom$rdmux[0][4][3]$a$2413 [29:10] $memory\rom$rdmux[0][4][3]$a$2413 [8:7] $memory\rom$rdmux[0][4][3]$a$2413 [5:0] } = { 17'00000000100100011 $memory\rom$rdmux[0][4][3]$a$2413 [9] 2'01 $memory\rom$rdmux[0][4][3]$a$2413 [6] $memory\rom$rdmux[0][4][3]$a$2413 [6] 6'101100 }
    Consolidated identical input bits for $mux cell $memory\rom$rdmux[0][5][5]$2466:
      Old ports: A=30'000000000100000110000010101100, B=30'010000000100000110000011001100, Y=$memory\rom$rdmux[0][4][2]$b$2411
      New ports: A=2'01, B=2'10, Y=$memory\rom$rdmux[0][4][2]$b$2411 [6:5]
      New connections: { $memory\rom$rdmux[0][4][2]$b$2411 [29:7] $memory\rom$rdmux[0][4][2]$b$2411 [4:0] } = { 1'0 $memory\rom$rdmux[0][4][2]$b$2411 [6] 26'00000001000001100000101100 }
    Consolidated identical input bits for $mux cell $memory\rom$rdmux[0][5][4]$2463:
      Old ports: A=30'000000000010000111010110100100, B=30'010000000001001001010111000100, Y=$memory\rom$rdmux[0][4][2]$a$2410
      New ports: A=2'01, B=2'10, Y=$memory\rom$rdmux[0][4][2]$a$2410 [6:5]
      New connections: { $memory\rom$rdmux[0][4][2]$a$2410 [29:7] $memory\rom$rdmux[0][4][2]$a$2410 [4:0] } = { 1'0 $memory\rom$rdmux[0][4][2]$a$2410 [6] 8'00000000 $memory\rom$rdmux[0][4][2]$a$2410 [5] $memory\rom$rdmux[0][4][2]$a$2410 [6] 2'00 $memory\rom$rdmux[0][4][2]$a$2410 [6:5] $memory\rom$rdmux[0][4][2]$a$2410 [5] 11'10101100100 }
    Consolidated identical input bits for $mux cell $memory\rom$rdmux[0][5][3]$2460:
      Old ports: A=30'000000000000001000110101100100, B=30'000000000100000110010110000100, Y=$memory\rom$rdmux[0][4][1]$b$2408
      New ports: A=2'01, B=2'10, Y={ $memory\rom$rdmux[0][4][1]$b$2408 [7] $memory\rom$rdmux[0][4][1]$b$2408 [5] }
      New connections: { $memory\rom$rdmux[0][4][1]$b$2408 [29:8] $memory\rom$rdmux[0][4][1]$b$2408 [6] $memory\rom$rdmux[0][4][1]$b$2408 [4:0] } = { 9'000000000 $memory\rom$rdmux[0][4][1]$b$2408 [7] 4'0000 $memory\rom$rdmux[0][4][1]$b$2408 [5] $memory\rom$rdmux[0][4][1]$b$2408 [7] $memory\rom$rdmux[0][4][1]$b$2408 [7] 1'0 $memory\rom$rdmux[0][4][1]$b$2408 [5] 3'101 $memory\rom$rdmux[0][4][1]$b$2408 [5] 5'00100 }
    Consolidated identical input bits for $mux cell $memory\rom$rdmux[0][5][2]$2457:
      Old ports: A=30'000000001111000111110100100100, B=30'000000000000001000100101000100, Y=$memory\rom$rdmux[0][4][1]$a$2407
      New ports: A=2'01, B=2'10, Y=$memory\rom$rdmux[0][4][1]$a$2407 [6:5]
      New connections: { $memory\rom$rdmux[0][4][1]$a$2407 [29:7] $memory\rom$rdmux[0][4][1]$a$2407 [4:0] } = { 8'00000000 $memory\rom$rdmux[0][4][1]$a$2407 [5] $memory\rom$rdmux[0][4][1]$a$2407 [5] $memory\rom$rdmux[0][4][1]$a$2407 [5] $memory\rom$rdmux[0][4][1]$a$2407 [5] 2'00 $memory\rom$rdmux[0][4][1]$a$2407 [6:5] $memory\rom$rdmux[0][4][1]$a$2407 [5] $memory\rom$rdmux[0][4][1]$a$2407 [5] 1'1 $memory\rom$rdmux[0][4][1]$a$2407 [5] 8'01000100 }
    Consolidated identical input bits for $mux cell $memory\rom$rdmux[0][5][1]$2454:
      Old ports: A=30'000011110000000111000011100100, B=30'000000000001000111100100000100, Y=$memory\rom$rdmux[0][4][0]$b$2405
      New ports: A=2'01, B=2'10, Y={ $memory\rom$rdmux[0][4][0]$b$2405 [8] $memory\rom$rdmux[0][4][0]$b$2405 [5] }
      New connections: { $memory\rom$rdmux[0][4][0]$b$2405 [29:9] $memory\rom$rdmux[0][4][0]$b$2405 [7:6] $memory\rom$rdmux[0][4][0]$b$2405 [4:0] } = { 4'0000 $memory\rom$rdmux[0][4][0]$b$2405 [5] $memory\rom$rdmux[0][4][0]$b$2405 [5] $memory\rom$rdmux[0][4][0]$b$2405 [5] $memory\rom$rdmux[0][4][0]$b$2405 [5] 3'000 $memory\rom$rdmux[0][4][0]$b$2405 [8] 6'000111 $memory\rom$rdmux[0][4][0]$b$2405 [8] 2'00 $memory\rom$rdmux[0][4][0]$b$2405 [5] $memory\rom$rdmux[0][4][0]$b$2405 [5] 5'00100 }
    Consolidated identical input bits for $mux cell $memory\rom$rdmux[0][5][0]$2451:
      Old ports: A=30'000001100100000000000001100100, B=30'111111001110000000000010000100, Y=$memory\rom$rdmux[0][4][0]$a$2404
      New ports: A=2'01, B=2'10, Y={ $memory\rom$rdmux[0][4][0]$a$2404 [7] $memory\rom$rdmux[0][4][0]$a$2404 [5] }
      New connections: { $memory\rom$rdmux[0][4][0]$a$2404 [29:8] $memory\rom$rdmux[0][4][0]$a$2404 [6] $memory\rom$rdmux[0][4][0]$a$2404 [4:0] } = { $memory\rom$rdmux[0][4][0]$a$2404 [7] $memory\rom$rdmux[0][4][0]$a$2404 [7] $memory\rom$rdmux[0][4][0]$a$2404 [7] $memory\rom$rdmux[0][4][0]$a$2404 [7] $memory\rom$rdmux[0][4][0]$a$2404 [7] 1'1 $memory\rom$rdmux[0][4][0]$a$2404 [5] 1'0 $memory\rom$rdmux[0][4][0]$a$2404 [7] 1'1 $memory\rom$rdmux[0][4][0]$a$2404 [7] 11'00000000000 $memory\rom$rdmux[0][4][0]$a$2404 [5] 5'00100 }
    Consolidated identical input bits for $mux cell $memory\rom$rdmux[0][5][31]$2544:
      Old ports: A=30'000000000000000000000000011100, B=30'000000000000000000000000011000, Y=$memory\rom$rdmux[0][4][15]$b$2450
      New ports: A=1'1, B=1'0, Y=$memory\rom$rdmux[0][4][15]$b$2450 [2]
      New connections: { $memory\rom$rdmux[0][4][15]$b$2450 [29:3] $memory\rom$rdmux[0][4][15]$b$2450 [1:0] } = 29'00000000000000000000000001100
  Optimizing cells in module \cleave_imem.
    Consolidated identical input bits for $mux cell $memory\rom$rdmux[0][4][15]$2448:
      Old ports: A=$memory\rom$rdmux[0][4][15]$a$2449, B=$memory\rom$rdmux[0][4][15]$b$2450, Y=$memory\rom$rdmux[0][3][7]$b$2402
      New ports: A={ $memory\rom$rdmux[0][4][15]$a$2449 [3] $memory\rom$rdmux[0][4][15]$a$2449 [3] 1'0 $memory\rom$rdmux[0][4][15]$a$2449 [1] 1'1 }, B={ 2'01 $memory\rom$rdmux[0][4][15]$b$2450 [2] 2'00 }, Y={ $memory\rom$rdmux[0][3][7]$b$2402 [17] $memory\rom$rdmux[0][3][7]$b$2402 [3:0] }
      New connections: { $memory\rom$rdmux[0][3][7]$b$2402 [29:18] $memory\rom$rdmux[0][3][7]$b$2402 [16:4] } = { 24'000000000000000000000000 $memory\rom$rdmux[0][3][7]$b$2402 [3] }
    Consolidated identical input bits for $mux cell $memory\rom$rdmux[0][4][14]$2445:
      Old ports: A=$memory\rom$rdmux[0][4][14]$a$2446, B=$memory\rom$rdmux[0][4][14]$b$2447, Y=$memory\rom$rdmux[0][3][7]$a$2401
      New ports: A={ 2'01 $memory\rom$rdmux[0][4][14]$a$2446 [2] $memory\rom$rdmux[0][4][14]$a$2446 [0] $memory\rom$rdmux[0][4][14]$a$2446 [2] $memory\rom$rdmux[0][4][14]$a$2446 [0] }, B={ $memory\rom$rdmux[0][4][14]$b$2447 [2] 3'001 $memory\rom$rdmux[0][4][14]$b$2447 [2] $memory\rom$rdmux[0][4][14]$b$2447 [0] }, Y={ $memory\rom$rdmux[0][3][7]$a$2401 [28] $memory\rom$rdmux[0][3][7]$a$2401 [9] $memory\rom$rdmux[0][3][7]$a$2401 [5] $memory\rom$rdmux[0][3][7]$a$2401 [3:2] $memory\rom$rdmux[0][3][7]$a$2401 [0] }
      New connections: { $memory\rom$rdmux[0][3][7]$a$2401 [29] $memory\rom$rdmux[0][3][7]$a$2401 [27:10] $memory\rom$rdmux[0][3][7]$a$2401 [8:6] $memory\rom$rdmux[0][3][7]$a$2401 [4] $memory\rom$rdmux[0][3][7]$a$2401 [1] } = { 2'00 $memory\rom$rdmux[0][3][7]$a$2401 [5] 4'0000 $memory\rom$rdmux[0][3][7]$a$2401 [0] $memory\rom$rdmux[0][3][7]$a$2401 [3] 2'00 $memory\rom$rdmux[0][3][7]$a$2401 [5] $memory\rom$rdmux[0][3][7]$a$2401 [5] $memory\rom$rdmux[0][3][7]$a$2401 [5] $memory\rom$rdmux[0][3][7]$a$2401 [2] $memory\rom$rdmux[0][3][7]$a$2401 [2] 3'000 $memory\rom$rdmux[0][3][7]$a$2401 [5] $memory\rom$rdmux[0][3][7]$a$2401 [2] $memory\rom$rdmux[0][3][7]$a$2401 [2] $memory\rom$rdmux[0][3][7]$a$2401 [0] $memory\rom$rdmux[0][3][7]$a$2401 [0] }
    Consolidated identical input bits for $mux cell $memory\rom$rdmux[0][4][13]$2442:
      Old ports: A=$memory\rom$rdmux[0][4][13]$a$2443, B=$memory\rom$rdmux[0][4][13]$b$2444, Y=$memory\rom$rdmux[0][3][6]$b$2399
      New ports: A={ 1'0 $memory\rom$rdmux[0][4][13]$a$2443 [2] $memory\rom$rdmux[0][4][13]$a$2443 [3] 1'0 $memory\rom$rdmux[0][4][13]$a$2443 [3:2] }, B={ $memory\rom$rdmux[0][4][13]$b$2444 [2] 2'00 $memory\rom$rdmux[0][4][13]$b$2444 [3] $memory\rom$rdmux[0][4][13]$b$2444 [3:2] }, Y={ $memory\rom$rdmux[0][3][6]$b$2399 [25:24] $memory\rom$rdmux[0][3][6]$b$2399 [20] $memory\rom$rdmux[0][3][6]$b$2399 [10] $memory\rom$rdmux[0][3][6]$b$2399 [3:2] }
      New connections: { $memory\rom$rdmux[0][3][6]$b$2399 [29:26] $memory\rom$rdmux[0][3][6]$b$2399 [23:21] $memory\rom$rdmux[0][3][6]$b$2399 [19:11] $memory\rom$rdmux[0][3][6]$b$2399 [9:4] $memory\rom$rdmux[0][3][6]$b$2399 [1:0] } = { 7'0000000 $memory\rom$rdmux[0][3][6]$b$2399 [10] $memory\rom$rdmux[0][3][6]$b$2399 [10] $memory\rom$rdmux[0][3][6]$b$2399 [2] $memory\rom$rdmux[0][3][6]$b$2399 [2] $memory\rom$rdmux[0][3][6]$b$2399 [2] 4'1100 $memory\rom$rdmux[0][3][6]$b$2399 [2] 1'1 $memory\rom$rdmux[0][3][6]$b$2399 [2] $memory\rom$rdmux[0][3][6]$b$2399 [2] $memory\rom$rdmux[0][3][6]$b$2399 [2] $memory\rom$rdmux[0][3][6]$b$2399 [3] 2'00 }
    Consolidated identical input bits for $mux cell $memory\rom$rdmux[0][4][12]$2439:
      Old ports: A=$memory\rom$rdmux[0][4][12]$a$2440, B=$memory\rom$rdmux[0][4][12]$b$2441, Y=$memory\rom$rdmux[0][3][6]$a$2398
      New ports: A={ 2'00 $memory\rom$rdmux[0][4][12]$a$2440 [2] $memory\rom$rdmux[0][4][12]$a$2440 [3:2] }, B={ $memory\rom$rdmux[0][4][12]$b$2441 [28] $memory\rom$rdmux[0][4][12]$b$2441 [23] 3'001 }, Y={ $memory\rom$rdmux[0][3][6]$a$2398 [28] $memory\rom$rdmux[0][3][6]$a$2398 [23:22] $memory\rom$rdmux[0][3][6]$a$2398 [3:2] }
      New connections: { $memory\rom$rdmux[0][3][6]$a$2398 [29] $memory\rom$rdmux[0][3][6]$a$2398 [27:24] $memory\rom$rdmux[0][3][6]$a$2398 [21:4] $memory\rom$rdmux[0][3][6]$a$2398 [1:0] } = { 7'0000000 $memory\rom$rdmux[0][3][6]$a$2398 [3] $memory\rom$rdmux[0][3][6]$a$2398 [3:2] $memory\rom$rdmux[0][3][6]$a$2398 [2] 1'1 $memory\rom$rdmux[0][3][6]$a$2398 [2] $memory\rom$rdmux[0][3][6]$a$2398 [2] $memory\rom$rdmux[0][3][6]$a$2398 [3] $memory\rom$rdmux[0][3][6]$a$2398 [3] $memory\rom$rdmux[0][3][6]$a$2398 [3:2] 1'1 $memory\rom$rdmux[0][3][6]$a$2398 [2] $memory\rom$rdmux[0][3][6]$a$2398 [2] $memory\rom$rdmux[0][3][6]$a$2398 [2] $memory\rom$rdmux[0][3][6]$a$2398 [3] 2'00 }
    Consolidated identical input bits for $mux cell $memory\rom$rdmux[0][4][11]$2436:
      Old ports: A=$memory\rom$rdmux[0][4][11]$a$2437, B=$memory\rom$rdmux[0][4][11]$b$2438, Y=$memory\rom$rdmux[0][3][5]$b$2396
      New ports: A={ $memory\rom$rdmux[0][4][11]$a$2437 [28] $memory\rom$rdmux[0][4][11]$a$2437 [21] 2'01 }, B={ $memory\rom$rdmux[0][4][11]$b$2438 [2] 1'0 $memory\rom$rdmux[0][4][11]$b$2438 [3:2] }, Y={ $memory\rom$rdmux[0][3][5]$b$2396 [28] $memory\rom$rdmux[0][3][5]$b$2396 [21] $memory\rom$rdmux[0][3][5]$b$2396 [3:2] }
      New connections: { $memory\rom$rdmux[0][3][5]$b$2396 [29] $memory\rom$rdmux[0][3][5]$b$2396 [27:22] $memory\rom$rdmux[0][3][5]$b$2396 [20:4] $memory\rom$rdmux[0][3][5]$b$2396 [1:0] } = { 7'0000000 $memory\rom$rdmux[0][3][5]$b$2396 [3] 2'00 $memory\rom$rdmux[0][3][5]$b$2396 [2] $memory\rom$rdmux[0][3][5]$b$2396 [2] $memory\rom$rdmux[0][3][5]$b$2396 [2] 2'11 $memory\rom$rdmux[0][3][5]$b$2396 [3] $memory\rom$rdmux[0][3][5]$b$2396 [3] 1'0 $memory\rom$rdmux[0][3][5]$b$2396 [2] 1'1 $memory\rom$rdmux[0][3][5]$b$2396 [2] $memory\rom$rdmux[0][3][5]$b$2396 [2] $memory\rom$rdmux[0][3][5]$b$2396 [2] $memory\rom$rdmux[0][3][5]$b$2396 [3] 2'00 }
    Consolidated identical input bits for $mux cell $memory\rom$rdmux[0][4][10]$2433:
      Old ports: A=$memory\rom$rdmux[0][4][10]$a$2434, B=$memory\rom$rdmux[0][4][10]$b$2435, Y=$memory\rom$rdmux[0][3][5]$a$2395
      New ports: A={ $memory\rom$rdmux[0][4][10]$a$2434 [2] 1'0 $memory\rom$rdmux[0][4][10]$a$2434 [3] 1'1 $memory\rom$rdmux[0][4][10]$a$2434 [2] 1'0 $memory\rom$rdmux[0][4][10]$a$2434 [3:2] }, B={ 3'010 $memory\rom$rdmux[0][4][10]$b$2435 [2] 1'1 $memory\rom$rdmux[0][4][10]$b$2435 [3] $memory\rom$rdmux[0][4][10]$b$2435 [3:2] }, Y={ $memory\rom$rdmux[0][3][5]$a$2395 [28] $memory\rom$rdmux[0][3][5]$a$2395 [20] $memory\rom$rdmux[0][3][5]$a$2395 [18] $memory\rom$rdmux[0][3][5]$a$2395 [15] $memory\rom$rdmux[0][3][5]$a$2395 [13] $memory\rom$rdmux[0][3][5]$a$2395 [10] $memory\rom$rdmux[0][3][5]$a$2395 [3:2] }
      New connections: { $memory\rom$rdmux[0][3][5]$a$2395 [29] $memory\rom$rdmux[0][3][5]$a$2395 [27:21] $memory\rom$rdmux[0][3][5]$a$2395 [19] $memory\rom$rdmux[0][3][5]$a$2395 [17:16] $memory\rom$rdmux[0][3][5]$a$2395 [14] $memory\rom$rdmux[0][3][5]$a$2395 [12:11] $memory\rom$rdmux[0][3][5]$a$2395 [9:4] $memory\rom$rdmux[0][3][5]$a$2395 [1:0] } = { 8'00000000 $memory\rom$rdmux[0][3][5]$a$2395 [18] $memory\rom$rdmux[0][3][5]$a$2395 [2] $memory\rom$rdmux[0][3][5]$a$2395 [2] $memory\rom$rdmux[0][3][5]$a$2395 [13] $memory\rom$rdmux[0][3][5]$a$2395 [3] 1'0 $memory\rom$rdmux[0][3][5]$a$2395 [2] 1'1 $memory\rom$rdmux[0][3][5]$a$2395 [2] $memory\rom$rdmux[0][3][5]$a$2395 [2] $memory\rom$rdmux[0][3][5]$a$2395 [2] $memory\rom$rdmux[0][3][5]$a$2395 [3] 2'00 }
    Consolidated identical input bits for $mux cell $memory\rom$rdmux[0][4][9]$2430:
      Old ports: A=$memory\rom$rdmux[0][4][9]$a$2431, B=$memory\rom$rdmux[0][4][9]$b$2432, Y=$memory\rom$rdmux[0][3][4]$b$2393
      New ports: A={ 2'00 $memory\rom$rdmux[0][4][9]$a$2431 [2] $memory\rom$rdmux[0][4][9]$a$2431 [3:2] }, B={ $memory\rom$rdmux[0][4][9]$b$2432 [27] $memory\rom$rdmux[0][4][9]$b$2432 [19] 3'001 }, Y={ $memory\rom$rdmux[0][3][4]$b$2393 [27] $memory\rom$rdmux[0][3][4]$b$2393 [19:18] $memory\rom$rdmux[0][3][4]$b$2393 [3:2] }
      New connections: { $memory\rom$rdmux[0][3][4]$b$2393 [29:28] $memory\rom$rdmux[0][3][4]$b$2393 [26:20] $memory\rom$rdmux[0][3][4]$b$2393 [17:4] $memory\rom$rdmux[0][3][4]$b$2393 [1:0] } = { 8'00000000 $memory\rom$rdmux[0][3][4]$b$2393 [3:2] $memory\rom$rdmux[0][3][4]$b$2393 [2] $memory\rom$rdmux[0][3][4]$b$2393 [2] 4'1100 $memory\rom$rdmux[0][3][4]$b$2393 [3:2] 1'1 $memory\rom$rdmux[0][3][4]$b$2393 [2] $memory\rom$rdmux[0][3][4]$b$2393 [2] $memory\rom$rdmux[0][3][4]$b$2393 [2] $memory\rom$rdmux[0][3][4]$b$2393 [3] 2'00 }
    Consolidated identical input bits for $mux cell $memory\rom$rdmux[0][4][8]$2427:
      Old ports: A=$memory\rom$rdmux[0][4][8]$a$2428, B=$memory\rom$rdmux[0][4][8]$b$2429, Y=$memory\rom$rdmux[0][3][4]$a$2392
      New ports: A={ $memory\rom$rdmux[0][4][8]$a$2428 [3] 1'0 $memory\rom$rdmux[0][4][8]$a$2428 [3] 2'10 $memory\rom$rdmux[0][4][8]$a$2428 [3:2] }, B={ $memory\rom$rdmux[0][4][8]$b$2429 [2] $memory\rom$rdmux[0][4][8]$b$2429 [2] 1'0 $memory\rom$rdmux[0][4][8]$b$2429 [2] $memory\rom$rdmux[0][4][8]$b$2429 [3] $memory\rom$rdmux[0][4][8]$b$2429 [3:2] }, Y={ $memory\rom$rdmux[0][3][4]$a$2392 [16] $memory\rom$rdmux[0][3][4]$a$2392 [13] $memory\rom$rdmux[0][3][4]$a$2392 [10] $memory\rom$rdmux[0][3][4]$a$2392 [7] $memory\rom$rdmux[0][3][4]$a$2392 [4:2] }
      New connections: { $memory\rom$rdmux[0][3][4]$a$2392 [29:17] $memory\rom$rdmux[0][3][4]$a$2392 [15:14] $memory\rom$rdmux[0][3][4]$a$2392 [12:11] $memory\rom$rdmux[0][3][4]$a$2392 [9:8] $memory\rom$rdmux[0][3][4]$a$2392 [6:5] $memory\rom$rdmux[0][3][4]$a$2392 [1:0] } = { 3'000 $memory\rom$rdmux[0][3][4]$a$2392 [13] 3'000 $memory\rom$rdmux[0][3][4]$a$2392 [10] $memory\rom$rdmux[0][3][4]$a$2392 [10] 2'00 $memory\rom$rdmux[0][3][4]$a$2392 [10] $memory\rom$rdmux[0][3][4]$a$2392 [16] $memory\rom$rdmux[0][3][4]$a$2392 [13] $memory\rom$rdmux[0][3][4]$a$2392 [13] 2'00 $memory\rom$rdmux[0][3][4]$a$2392 [2] 1'1 $memory\rom$rdmux[0][3][4]$a$2392 [2] $memory\rom$rdmux[0][3][4]$a$2392 [2] 2'00 }
    Consolidated identical input bits for $mux cell $memory\rom$rdmux[0][4][7]$2424:
      Old ports: A=$memory\rom$rdmux[0][4][7]$a$2425, B=$memory\rom$rdmux[0][4][7]$b$2426, Y=$memory\rom$rdmux[0][3][3]$b$2390
      New ports: A={ 1'0 $memory\rom$rdmux[0][4][7]$a$2425 [10] $memory\rom$rdmux[0][4][7]$a$2425 [10] 2'10 $memory\rom$rdmux[0][4][7]$a$2425 [5] 1'0 }, B={ 1'1 $memory\rom$rdmux[0][4][7]$b$2426 [6] 1'0 $memory\rom$rdmux[0][4][7]$b$2426 [6] $memory\rom$rdmux[0][4][7]$b$2426 [6] 1'0 $memory\rom$rdmux[0][4][7]$b$2426 [3] }, Y={ $memory\rom$rdmux[0][3][3]$b$2390 [18] $memory\rom$rdmux[0][3][3]$b$2390 [12] $memory\rom$rdmux[0][3][3]$b$2390 [10] $memory\rom$rdmux[0][3][3]$b$2390 [7:5] $memory\rom$rdmux[0][3][3]$b$2390 [3] }
      New connections: { $memory\rom$rdmux[0][3][3]$b$2390 [29:19] $memory\rom$rdmux[0][3][3]$b$2390 [17:13] $memory\rom$rdmux[0][3][3]$b$2390 [11] $memory\rom$rdmux[0][3][3]$b$2390 [9:8] $memory\rom$rdmux[0][3][3]$b$2390 [4] $memory\rom$rdmux[0][3][3]$b$2390 [2:0] } = { 7'0000000 $memory\rom$rdmux[0][3][3]$b$2390 [3] $memory\rom$rdmux[0][3][3]$b$2390 [3] 8'00110000 $memory\rom$rdmux[0][3][3]$b$2390 [7] 5'10000 }
    Consolidated identical input bits for $mux cell $memory\rom$rdmux[0][4][6]$2421:
      Old ports: A=$memory\rom$rdmux[0][4][6]$a$2422, B=$memory\rom$rdmux[0][4][6]$b$2423, Y=$memory\rom$rdmux[0][3][3]$a$2389
      New ports: A={ 3'110 $memory\rom$rdmux[0][4][6]$a$2422 [2] 1'0 $memory\rom$rdmux[0][4][6]$a$2422 [2] $memory\rom$rdmux[0][4][6]$a$2422 [3:2] }, B={ 1'0 $memory\rom$rdmux[0][4][6]$b$2423 [11] $memory\rom$rdmux[0][4][6]$b$2423 [5] 2'11 $memory\rom$rdmux[0][4][6]$b$2423 [5] 2'00 }, Y={ $memory\rom$rdmux[0][3][3]$a$2389 [21] $memory\rom$rdmux[0][3][3]$a$2389 [11:10] $memory\rom$rdmux[0][3][3]$a$2389 [8] $memory\rom$rdmux[0][3][3]$a$2389 [6:5] $memory\rom$rdmux[0][3][3]$a$2389 [3:2] }
      New connections: { $memory\rom$rdmux[0][3][3]$a$2389 [29:22] $memory\rom$rdmux[0][3][3]$a$2389 [20:12] $memory\rom$rdmux[0][3][3]$a$2389 [9] $memory\rom$rdmux[0][3][3]$a$2389 [7] $memory\rom$rdmux[0][3][3]$a$2389 [4] $memory\rom$rdmux[0][3][3]$a$2389 [1:0] } = { 4'0000 $memory\rom$rdmux[0][3][3]$a$2389 [2] $memory\rom$rdmux[0][3][3]$a$2389 [2] 1'0 $memory\rom$rdmux[0][3][3]$a$2389 [21] $memory\rom$rdmux[0][3][3]$a$2389 [2] $memory\rom$rdmux[0][3][3]$a$2389 [2] $memory\rom$rdmux[0][3][3]$a$2389 [3] 4'1100 $memory\rom$rdmux[0][3][3]$a$2389 [2] $memory\rom$rdmux[0][3][3]$a$2389 [2] $memory\rom$rdmux[0][3][3]$a$2389 [8] 4'0000 }
    Consolidated identical input bits for $mux cell $memory\rom$rdmux[0][4][5]$2418:
      Old ports: A=$memory\rom$rdmux[0][4][5]$a$2419, B=$memory\rom$rdmux[0][4][5]$b$2420, Y=$memory\rom$rdmux[0][3][2]$b$2387
      New ports: A={ 2'00 $memory\rom$rdmux[0][4][5]$a$2419 [3] 1'0 $memory\rom$rdmux[0][4][5]$a$2419 [6] $memory\rom$rdmux[0][4][5]$a$2419 [3] 1'1 }, B={ $memory\rom$rdmux[0][4][5]$b$2420 [22] $memory\rom$rdmux[0][4][5]$b$2420 [0] 3'010 $memory\rom$rdmux[0][4][5]$b$2420 [0] $memory\rom$rdmux[0][4][5]$b$2420 [0] }, Y={ $memory\rom$rdmux[0][3][2]$b$2387 [22] $memory\rom$rdmux[0][3][2]$b$2387 [13] $memory\rom$rdmux[0][3][2]$b$2387 [10] $memory\rom$rdmux[0][3][2]$b$2387 [8] $memory\rom$rdmux[0][3][2]$b$2387 [6] $memory\rom$rdmux[0][3][2]$b$2387 [3] $memory\rom$rdmux[0][3][2]$b$2387 [0] }
      New connections: { $memory\rom$rdmux[0][3][2]$b$2387 [29:23] $memory\rom$rdmux[0][3][2]$b$2387 [21:14] $memory\rom$rdmux[0][3][2]$b$2387 [12:11] $memory\rom$rdmux[0][3][2]$b$2387 [9] $memory\rom$rdmux[0][3][2]$b$2387 [7] $memory\rom$rdmux[0][3][2]$b$2387 [5:4] $memory\rom$rdmux[0][3][2]$b$2387 [2:1] } = { $memory\rom$rdmux[0][3][2]$b$2387 [13] $memory\rom$rdmux[0][3][2]$b$2387 [13] 1'0 $memory\rom$rdmux[0][3][2]$b$2387 [3] $memory\rom$rdmux[0][3][2]$b$2387 [13] $memory\rom$rdmux[0][3][2]$b$2387 [13] $memory\rom$rdmux[0][3][2]$b$2387 [3] $memory\rom$rdmux[0][3][2]$b$2387 [13] 1'0 $memory\rom$rdmux[0][3][2]$b$2387 [3] $memory\rom$rdmux[0][3][2]$b$2387 [10] $memory\rom$rdmux[0][3][2]$b$2387 [13] $memory\rom$rdmux[0][3][2]$b$2387 [3] 1'0 $memory\rom$rdmux[0][3][2]$b$2387 [13] $memory\rom$rdmux[0][3][2]$b$2387 [3] 1'0 $memory\rom$rdmux[0][3][2]$b$2387 [8] 1'0 $memory\rom$rdmux[0][3][2]$b$2387 [3] 3'010 }
    Consolidated identical input bits for $mux cell $memory\rom$rdmux[0][4][4]$2415:
      Old ports: A=$memory\rom$rdmux[0][4][4]$a$2416, B=$memory\rom$rdmux[0][4][4]$b$2417, Y=$memory\rom$rdmux[0][3][2]$a$2386
      New ports: A={ 1'1 $memory\rom$rdmux[0][4][4]$a$2416 [5] $memory\rom$rdmux[0][4][4]$a$2416 [10] $memory\rom$rdmux[0][4][4]$a$2416 [10] 1'0 $memory\rom$rdmux[0][4][4]$a$2416 [5] }, B={ 3'011 $memory\rom$rdmux[0][4][4]$b$2417 [5] 1'1 $memory\rom$rdmux[0][4][4]$b$2417 [5] }, Y={ $memory\rom$rdmux[0][3][2]$a$2386 [20] $memory\rom$rdmux[0][3][2]$a$2386 [12:10] $memory\rom$rdmux[0][3][2]$a$2386 [6:5] }
      New connections: { $memory\rom$rdmux[0][3][2]$a$2386 [29:21] $memory\rom$rdmux[0][3][2]$a$2386 [19:13] $memory\rom$rdmux[0][3][2]$a$2386 [9:7] $memory\rom$rdmux[0][3][2]$a$2386 [4:0] } = { 8'00000000 $memory\rom$rdmux[0][3][2]$a$2386 [6] 1'0 $memory\rom$rdmux[0][3][2]$a$2386 [6] 13'0001110101100 }
    Consolidated identical input bits for $mux cell $memory\rom$rdmux[0][4][3]$2412:
      Old ports: A=$memory\rom$rdmux[0][4][3]$a$2413, B=$memory\rom$rdmux[0][4][3]$b$2414, Y=$memory\rom$rdmux[0][3][1]$b$2384
      New ports: A={ 3'001 $memory\rom$rdmux[0][4][3]$a$2413 [9] 2'01 $memory\rom$rdmux[0][4][3]$a$2413 [9] $memory\rom$rdmux[0][4][3]$a$2413 [6] $memory\rom$rdmux[0][4][3]$a$2413 [6] 1'1 }, B={ $memory\rom$rdmux[0][4][3]$b$2414 [10] 2'10 $memory\rom$rdmux[0][4][3]$b$2414 [10] $memory\rom$rdmux[0][4][3]$b$2414 [5] $memory\rom$rdmux[0][4][3]$b$2414 [10] 3'101 $memory\rom$rdmux[0][4][3]$b$2414 [5] }, Y={ $memory\rom$rdmux[0][3][1]$b$2384 [28] $memory\rom$rdmux[0][3][1]$b$2384 [15] $memory\rom$rdmux[0][3][1]$b$2384 [13:9] $memory\rom$rdmux[0][3][1]$b$2384 [7:5] }
      New connections: { $memory\rom$rdmux[0][3][1]$b$2384 [29] $memory\rom$rdmux[0][3][1]$b$2384 [27:16] $memory\rom$rdmux[0][3][1]$b$2384 [14] $memory\rom$rdmux[0][3][1]$b$2384 [8] $memory\rom$rdmux[0][3][1]$b$2384 [4:0] } = { 7'0000000 $memory\rom$rdmux[0][3][1]$b$2384 [10] 1'0 $memory\rom$rdmux[0][3][1]$b$2384 [11] 3'100 $memory\rom$rdmux[0][3][1]$b$2384 [13] $memory\rom$rdmux[0][3][1]$b$2384 [7] 5'01100 }
    Consolidated identical input bits for $mux cell $memory\rom$rdmux[0][4][2]$2409:
      Old ports: A=$memory\rom$rdmux[0][4][2]$a$2410, B=$memory\rom$rdmux[0][4][2]$b$2411, Y=$memory\rom$rdmux[0][3][1]$a$2383
      New ports: A={ $memory\rom$rdmux[0][4][2]$a$2410 [5] $memory\rom$rdmux[0][4][2]$a$2410 [6:5] 1'1 $memory\rom$rdmux[0][4][2]$a$2410 [6:5] 1'0 }, B={ 4'0010 $memory\rom$rdmux[0][4][2]$b$2411 [6:5] 1'1 }, Y={ $memory\rom$rdmux[0][3][1]$a$2383 [19] $memory\rom$rdmux[0][3][1]$a$2383 [15] $memory\rom$rdmux[0][3][1]$a$2383 [13] $memory\rom$rdmux[0][3][1]$a$2383 [8] $memory\rom$rdmux[0][3][1]$a$2383 [6:5] $memory\rom$rdmux[0][3][1]$a$2383 [3] }
      New connections: { $memory\rom$rdmux[0][3][1]$a$2383 [29:20] $memory\rom$rdmux[0][3][1]$a$2383 [18:16] $memory\rom$rdmux[0][3][1]$a$2383 [14] $memory\rom$rdmux[0][3][1]$a$2383 [12:9] $memory\rom$rdmux[0][3][1]$a$2383 [7] $memory\rom$rdmux[0][3][1]$a$2383 [4] $memory\rom$rdmux[0][3][1]$a$2383 [2:0] } = { 1'0 $memory\rom$rdmux[0][3][1]$a$2383 [6] 7'0000000 $memory\rom$rdmux[0][3][1]$a$2383 [3] $memory\rom$rdmux[0][3][1]$a$2383 [15] 2'00 $memory\rom$rdmux[0][3][1]$a$2383 [13] $memory\rom$rdmux[0][3][1]$a$2383 [8] 1'0 $memory\rom$rdmux[0][3][1]$a$2383 [8] 6'010100 }
    Consolidated identical input bits for $mux cell $memory\rom$rdmux[0][4][1]$2406:
      Old ports: A=$memory\rom$rdmux[0][4][1]$a$2407, B=$memory\rom$rdmux[0][4][1]$b$2408, Y=$memory\rom$rdmux[0][3][0]$b$2381
      New ports: A={ $memory\rom$rdmux[0][4][1]$a$2407 [5] $memory\rom$rdmux[0][4][1]$a$2407 [5] 1'1 $memory\rom$rdmux[0][4][1]$a$2407 [5] 1'0 $memory\rom$rdmux[0][4][1]$a$2407 [6:5] }, B={ $memory\rom$rdmux[0][4][1]$b$2408 [7] 1'0 $memory\rom$rdmux[0][4][1]$b$2408 [5] 1'1 $memory\rom$rdmux[0][4][1]$b$2408 [7] $memory\rom$rdmux[0][4][1]$b$2408 [5] $memory\rom$rdmux[0][4][1]$b$2408 [5] }, Y={ $memory\rom$rdmux[0][3][0]$b$2381 [13:10] $memory\rom$rdmux[0][3][0]$b$2381 [7:5] }
      New connections: { $memory\rom$rdmux[0][3][0]$b$2381 [29:14] $memory\rom$rdmux[0][3][0]$b$2381 [9:8] $memory\rom$rdmux[0][3][0]$b$2381 [4:0] } = { 8'00000000 $memory\rom$rdmux[0][3][0]$b$2381 [12] $memory\rom$rdmux[0][3][0]$b$2381 [13:12] $memory\rom$rdmux[0][3][0]$b$2381 [12] 2'00 $memory\rom$rdmux[0][3][0]$b$2381 [6] $memory\rom$rdmux[0][3][0]$b$2381 [13] 7'0100100 }
    Consolidated identical input bits for $mux cell $memory\rom$rdmux[0][4][0]$2403:
      Old ports: A=$memory\rom$rdmux[0][4][0]$a$2404, B=$memory\rom$rdmux[0][4][0]$b$2405, Y=$memory\rom$rdmux[0][3][0]$a$2380
      New ports: A={ 3'101 $memory\rom$rdmux[0][4][0]$a$2404 [7] 2'00 $memory\rom$rdmux[0][4][0]$a$2404 [7] $memory\rom$rdmux[0][4][0]$a$2404 [5] }, B={ $memory\rom$rdmux[0][4][0]$b$2405 [5] $memory\rom$rdmux[0][4][0]$b$2405 [5] 3'001 $memory\rom$rdmux[0][4][0]$b$2405 [8] $memory\rom$rdmux[0][4][0]$b$2405 [5] $memory\rom$rdmux[0][4][0]$b$2405 [5] }, Y={ $memory\rom$rdmux[0][3][0]$a$2380 [24] $memory\rom$rdmux[0][3][0]$a$2380 [22] $memory\rom$rdmux[0][3][0]$a$2380 [20:19] $memory\rom$rdmux[0][3][0]$a$2380 [12] $memory\rom$rdmux[0][3][0]$a$2380 [8:7] $memory\rom$rdmux[0][3][0]$a$2380 [5] }
      New connections: { $memory\rom$rdmux[0][3][0]$a$2380 [29:25] $memory\rom$rdmux[0][3][0]$a$2380 [23] $memory\rom$rdmux[0][3][0]$a$2380 [21] $memory\rom$rdmux[0][3][0]$a$2380 [18:13] $memory\rom$rdmux[0][3][0]$a$2380 [11:9] $memory\rom$rdmux[0][3][0]$a$2380 [6] $memory\rom$rdmux[0][3][0]$a$2380 [4:0] } = { $memory\rom$rdmux[0][3][0]$a$2380 [19] $memory\rom$rdmux[0][3][0]$a$2380 [19] $memory\rom$rdmux[0][3][0]$a$2380 [19] $memory\rom$rdmux[0][3][0]$a$2380 [19] $memory\rom$rdmux[0][3][0]$a$2380 [7] $memory\rom$rdmux[0][3][0]$a$2380 [5] $memory\rom$rdmux[0][3][0]$a$2380 [19] $memory\rom$rdmux[0][3][0]$a$2380 [8] 3'000 $memory\rom$rdmux[0][3][0]$a$2380 [12] $memory\rom$rdmux[0][3][0]$a$2380 [12] $memory\rom$rdmux[0][3][0]$a$2380 [8] 2'00 $memory\rom$rdmux[0][3][0]$a$2380 [5] 5'00100 }
  Optimizing cells in module \cleave_imem.
    Consolidated identical input bits for $mux cell $memory\rom$rdmux[0][3][7]$2400:
      Old ports: A=$memory\rom$rdmux[0][3][7]$a$2401, B=$memory\rom$rdmux[0][3][7]$b$2402, Y=$memory\rom$rdmux[0][2][3]$b$2378
      New ports: A={ $memory\rom$rdmux[0][3][7]$a$2401 [28] $memory\rom$rdmux[0][3][7]$a$2401 [0] $memory\rom$rdmux[0][3][7]$a$2401 [3] $memory\rom$rdmux[0][3][7]$a$2401 [5] $memory\rom$rdmux[0][3][7]$a$2401 [9] $memory\rom$rdmux[0][3][7]$a$2401 [2] $memory\rom$rdmux[0][3][7]$a$2401 [5] $memory\rom$rdmux[0][3][7]$a$2401 [0] $memory\rom$rdmux[0][3][7]$a$2401 [3:2] $memory\rom$rdmux[0][3][7]$a$2401 [0] $memory\rom$rdmux[0][3][7]$a$2401 [0] }, B={ 3'000 $memory\rom$rdmux[0][3][7]$b$2402 [17] 3'000 $memory\rom$rdmux[0][3][7]$b$2402 [3] $memory\rom$rdmux[0][3][7]$b$2402 [3:0] }, Y={ $memory\rom$rdmux[0][2][3]$b$2378 [28] $memory\rom$rdmux[0][2][3]$b$2378 [21:20] $memory\rom$rdmux[0][2][3]$b$2378 [17] $memory\rom$rdmux[0][2][3]$b$2378 [9] $memory\rom$rdmux[0][2][3]$b$2378 [6:0] }
      New connections: { $memory\rom$rdmux[0][2][3]$b$2378 [29] $memory\rom$rdmux[0][2][3]$b$2378 [27:22] $memory\rom$rdmux[0][2][3]$b$2378 [19:18] $memory\rom$rdmux[0][2][3]$b$2378 [16:10] $memory\rom$rdmux[0][2][3]$b$2378 [8:7] } = { 2'00 $memory\rom$rdmux[0][2][3]$b$2378 [5] 6'000000 $memory\rom$rdmux[0][2][3]$b$2378 [5] $memory\rom$rdmux[0][2][3]$b$2378 [5] $memory\rom$rdmux[0][2][3]$b$2378 [6] $memory\rom$rdmux[0][2][3]$b$2378 [6] 3'000 $memory\rom$rdmux[0][2][3]$b$2378 [5] $memory\rom$rdmux[0][2][3]$b$2378 [6] }
    Consolidated identical input bits for $mux cell $memory\rom$rdmux[0][3][6]$2397:
      Old ports: A=$memory\rom$rdmux[0][3][6]$a$2398, B=$memory\rom$rdmux[0][3][6]$b$2399, Y=$memory\rom$rdmux[0][2][3]$a$2377
      New ports: A={ $memory\rom$rdmux[0][3][6]$a$2398 [28] 2'00 $memory\rom$rdmux[0][3][6]$a$2398 [23:22] 2'01 $memory\rom$rdmux[0][3][6]$a$2398 [2] $memory\rom$rdmux[0][3][6]$a$2398 [3] $memory\rom$rdmux[0][3][6]$a$2398 [3] $memory\rom$rdmux[0][3][6]$a$2398 [3:2] }, B={ 1'0 $memory\rom$rdmux[0][3][6]$b$2399 [25:24] 2'00 $memory\rom$rdmux[0][3][6]$b$2399 [20] $memory\rom$rdmux[0][3][6]$b$2399 [2] 2'10 $memory\rom$rdmux[0][3][6]$b$2399 [10] $memory\rom$rdmux[0][3][6]$b$2399 [3:2] }, Y={ $memory\rom$rdmux[0][2][3]$a$2377 [28] $memory\rom$rdmux[0][2][3]$a$2377 [25:22] $memory\rom$rdmux[0][2][3]$a$2377 [20] $memory\rom$rdmux[0][2][3]$a$2377 [15] $memory\rom$rdmux[0][2][3]$a$2377 [13] $memory\rom$rdmux[0][2][3]$a$2377 [11:10] $memory\rom$rdmux[0][2][3]$a$2377 [3:2] }
      New connections: { $memory\rom$rdmux[0][2][3]$a$2377 [29] $memory\rom$rdmux[0][2][3]$a$2377 [27:26] $memory\rom$rdmux[0][2][3]$a$2377 [21] $memory\rom$rdmux[0][2][3]$a$2377 [19:16] $memory\rom$rdmux[0][2][3]$a$2377 [14] $memory\rom$rdmux[0][2][3]$a$2377 [12] $memory\rom$rdmux[0][2][3]$a$2377 [9:4] $memory\rom$rdmux[0][2][3]$a$2377 [1:0] } = { 4'0000 $memory\rom$rdmux[0][2][3]$a$2377 [10] $memory\rom$rdmux[0][2][3]$a$2377 [10] $memory\rom$rdmux[0][2][3]$a$2377 [2] $memory\rom$rdmux[0][2][3]$a$2377 [2] $memory\rom$rdmux[0][2][3]$a$2377 [13] $memory\rom$rdmux[0][2][3]$a$2377 [11] $memory\rom$rdmux[0][2][3]$a$2377 [2] 1'1 $memory\rom$rdmux[0][2][3]$a$2377 [2] $memory\rom$rdmux[0][2][3]$a$2377 [2] $memory\rom$rdmux[0][2][3]$a$2377 [2] $memory\rom$rdmux[0][2][3]$a$2377 [3] 2'00 }
    Consolidated identical input bits for $mux cell $memory\rom$rdmux[0][3][5]$2394:
      Old ports: A=$memory\rom$rdmux[0][3][5]$a$2395, B=$memory\rom$rdmux[0][3][5]$b$2396, Y=$memory\rom$rdmux[0][2][2]$b$2375
      New ports: A={ $memory\rom$rdmux[0][3][5]$a$2395 [28] 1'0 $memory\rom$rdmux[0][3][5]$a$2395 [20] $memory\rom$rdmux[0][3][5]$a$2395 [18] $memory\rom$rdmux[0][3][5]$a$2395 [15] $memory\rom$rdmux[0][3][5]$a$2395 [13] 1'0 $memory\rom$rdmux[0][3][5]$a$2395 [10] $memory\rom$rdmux[0][3][5]$a$2395 [3:2] }, B={ $memory\rom$rdmux[0][3][5]$b$2396 [28] $memory\rom$rdmux[0][3][5]$b$2396 [21] $memory\rom$rdmux[0][3][5]$b$2396 [3] 1'0 $memory\rom$rdmux[0][3][5]$b$2396 [2] 1'1 $memory\rom$rdmux[0][3][5]$b$2396 [3] 1'0 $memory\rom$rdmux[0][3][5]$b$2396 [3:2] }, Y={ $memory\rom$rdmux[0][2][2]$b$2375 [28] $memory\rom$rdmux[0][2][2]$b$2375 [21:20] $memory\rom$rdmux[0][2][2]$b$2375 [18] $memory\rom$rdmux[0][2][2]$b$2375 [15] $memory\rom$rdmux[0][2][2]$b$2375 [13] $memory\rom$rdmux[0][2][2]$b$2375 [11:10] $memory\rom$rdmux[0][2][2]$b$2375 [3:2] }
      New connections: { $memory\rom$rdmux[0][2][2]$b$2375 [29] $memory\rom$rdmux[0][2][2]$b$2375 [27:22] $memory\rom$rdmux[0][2][2]$b$2375 [19] $memory\rom$rdmux[0][2][2]$b$2375 [17:16] $memory\rom$rdmux[0][2][2]$b$2375 [14] $memory\rom$rdmux[0][2][2]$b$2375 [12] $memory\rom$rdmux[0][2][2]$b$2375 [9:4] $memory\rom$rdmux[0][2][2]$b$2375 [1:0] } = { 7'0000000 $memory\rom$rdmux[0][2][2]$b$2375 [18] $memory\rom$rdmux[0][2][2]$b$2375 [2] $memory\rom$rdmux[0][2][2]$b$2375 [2] $memory\rom$rdmux[0][2][2]$b$2375 [13] $memory\rom$rdmux[0][2][2]$b$2375 [3:2] 1'1 $memory\rom$rdmux[0][2][2]$b$2375 [2] $memory\rom$rdmux[0][2][2]$b$2375 [2] $memory\rom$rdmux[0][2][2]$b$2375 [2] $memory\rom$rdmux[0][2][2]$b$2375 [3] 2'00 }
    Consolidated identical input bits for $mux cell $memory\rom$rdmux[0][3][4]$2391:
      Old ports: A=$memory\rom$rdmux[0][3][4]$a$2392, B=$memory\rom$rdmux[0][3][4]$b$2393, Y=$memory\rom$rdmux[0][2][2]$a$2374
      New ports: A={ 1'0 $memory\rom$rdmux[0][3][4]$a$2392 [13] $memory\rom$rdmux[0][3][4]$a$2392 [10] 2'00 $memory\rom$rdmux[0][3][4]$a$2392 [10] $memory\rom$rdmux[0][3][4]$a$2392 [16] $memory\rom$rdmux[0][3][4]$a$2392 [13] $memory\rom$rdmux[0][3][4]$a$2392 [13] $memory\rom$rdmux[0][3][4]$a$2392 [10] $memory\rom$rdmux[0][3][4]$a$2392 [7] $memory\rom$rdmux[0][3][4]$a$2392 [4:2] }, B={ $memory\rom$rdmux[0][3][4]$b$2393 [27] 2'00 $memory\rom$rdmux[0][3][4]$b$2393 [3] $memory\rom$rdmux[0][3][4]$b$2393 [19:18] $memory\rom$rdmux[0][3][4]$b$2393 [2] $memory\rom$rdmux[0][3][4]$b$2393 [2] 1'1 $memory\rom$rdmux[0][3][4]$b$2393 [3:2] $memory\rom$rdmux[0][3][4]$b$2393 [3] $memory\rom$rdmux[0][3][4]$b$2393 [3:2] }, Y={ $memory\rom$rdmux[0][2][2]$a$2374 [27:26] $memory\rom$rdmux[0][2][2]$a$2374 [21:18] $memory\rom$rdmux[0][2][2]$a$2374 [16:15] $memory\rom$rdmux[0][2][2]$a$2374 [13] $memory\rom$rdmux[0][2][2]$a$2374 [10] $memory\rom$rdmux[0][2][2]$a$2374 [7] $memory\rom$rdmux[0][2][2]$a$2374 [4:2] }
      New connections: { $memory\rom$rdmux[0][2][2]$a$2374 [29:28] $memory\rom$rdmux[0][2][2]$a$2374 [25:22] $memory\rom$rdmux[0][2][2]$a$2374 [17] $memory\rom$rdmux[0][2][2]$a$2374 [14] $memory\rom$rdmux[0][2][2]$a$2374 [12:11] $memory\rom$rdmux[0][2][2]$a$2374 [9:8] $memory\rom$rdmux[0][2][2]$a$2374 [6:5] $memory\rom$rdmux[0][2][2]$a$2374 [1:0] } = { 5'00000 $memory\rom$rdmux[0][2][2]$a$2374 [21] $memory\rom$rdmux[0][2][2]$a$2374 [16] $memory\rom$rdmux[0][2][2]$a$2374 [13] 2'00 $memory\rom$rdmux[0][2][2]$a$2374 [2] 1'1 $memory\rom$rdmux[0][2][2]$a$2374 [2] $memory\rom$rdmux[0][2][2]$a$2374 [2] 2'00 }
    Consolidated identical input bits for $mux cell $memory\rom$rdmux[0][3][3]$2388:
      Old ports: A=$memory\rom$rdmux[0][3][3]$a$2389, B=$memory\rom$rdmux[0][3][3]$b$2390, Y=$memory\rom$rdmux[0][2][1]$b$2372
      New ports: A={ $memory\rom$rdmux[0][3][3]$a$2389 [21] $memory\rom$rdmux[0][3][3]$a$2389 [3:2] $memory\rom$rdmux[0][3][3]$a$2389 [11:10] $memory\rom$rdmux[0][3][3]$a$2389 [8] $memory\rom$rdmux[0][3][3]$a$2389 [8] 1'0 $memory\rom$rdmux[0][3][3]$a$2389 [6:5] $memory\rom$rdmux[0][3][3]$a$2389 [3:2] }, B={ $memory\rom$rdmux[0][3][3]$b$2390 [3] $memory\rom$rdmux[0][3][3]$b$2390 [18] $memory\rom$rdmux[0][3][3]$b$2390 [12] 1'0 $memory\rom$rdmux[0][3][3]$b$2390 [10] $memory\rom$rdmux[0][3][3]$b$2390 [7] 1'1 $memory\rom$rdmux[0][3][3]$b$2390 [7:5] $memory\rom$rdmux[0][3][3]$b$2390 [3] 1'0 }, Y={ $memory\rom$rdmux[0][2][1]$b$2372 [21] $memory\rom$rdmux[0][2][1]$b$2372 [18] $memory\rom$rdmux[0][2][1]$b$2372 [12:5] $memory\rom$rdmux[0][2][1]$b$2372 [3:2] }
      New connections: { $memory\rom$rdmux[0][2][1]$b$2372 [29:22] $memory\rom$rdmux[0][2][1]$b$2372 [20:19] $memory\rom$rdmux[0][2][1]$b$2372 [17:13] $memory\rom$rdmux[0][2][1]$b$2372 [4] $memory\rom$rdmux[0][2][1]$b$2372 [1:0] } = { 4'0000 $memory\rom$rdmux[0][2][1]$b$2372 [2] $memory\rom$rdmux[0][2][1]$b$2372 [2] 1'0 $memory\rom$rdmux[0][2][1]$b$2372 [21] $memory\rom$rdmux[0][2][1]$b$2372 [2] $memory\rom$rdmux[0][2][1]$b$2372 [2] 4'1100 $memory\rom$rdmux[0][2][1]$b$2372 [2] 3'000 }
    Consolidated identical input bits for $mux cell $memory\rom$rdmux[0][3][2]$2385:
      Old ports: A=$memory\rom$rdmux[0][3][2]$a$2386, B=$memory\rom$rdmux[0][3][2]$b$2387, Y=$memory\rom$rdmux[0][2][1]$a$2371
      New ports: A={ 1'0 $memory\rom$rdmux[0][3][2]$a$2386 [6] $memory\rom$rdmux[0][3][2]$a$2386 [20] $memory\rom$rdmux[0][3][2]$a$2386 [6] 3'001 $memory\rom$rdmux[0][3][2]$a$2386 [12:10] 3'101 $memory\rom$rdmux[0][3][2]$a$2386 [6:5] 2'10 }, B={ $memory\rom$rdmux[0][3][2]$b$2387 [22] $memory\rom$rdmux[0][3][2]$b$2387 [13] 1'0 $memory\rom$rdmux[0][3][2]$b$2387 [10] $memory\rom$rdmux[0][3][2]$b$2387 [13] $memory\rom$rdmux[0][3][2]$b$2387 [3] $memory\rom$rdmux[0][3][2]$b$2387 [13] $memory\rom$rdmux[0][3][2]$b$2387 [3] 1'0 $memory\rom$rdmux[0][3][2]$b$2387 [10] $memory\rom$rdmux[0][3][2]$b$2387 [8] $memory\rom$rdmux[0][3][2]$b$2387 [8] 1'0 $memory\rom$rdmux[0][3][2]$b$2387 [6] $memory\rom$rdmux[0][3][2]$b$2387 [3] $memory\rom$rdmux[0][3][2]$b$2387 [3] $memory\rom$rdmux[0][3][2]$b$2387 [0] }, Y={ $memory\rom$rdmux[0][2][1]$a$2371 [22:20] $memory\rom$rdmux[0][2][1]$a$2371 [18:16] $memory\rom$rdmux[0][2][1]$a$2371 [13:5] $memory\rom$rdmux[0][2][1]$a$2371 [3] $memory\rom$rdmux[0][2][1]$a$2371 [0] }
      New connections: { $memory\rom$rdmux[0][2][1]$a$2371 [29:23] $memory\rom$rdmux[0][2][1]$a$2371 [19] $memory\rom$rdmux[0][2][1]$a$2371 [15:14] $memory\rom$rdmux[0][2][1]$a$2371 [4] $memory\rom$rdmux[0][2][1]$a$2371 [2:1] } = { $memory\rom$rdmux[0][2][1]$a$2371 [17] $memory\rom$rdmux[0][2][1]$a$2371 [17] 1'0 $memory\rom$rdmux[0][2][1]$a$2371 [16] $memory\rom$rdmux[0][2][1]$a$2371 [17] $memory\rom$rdmux[0][2][1]$a$2371 [17:16] $memory\rom$rdmux[0][2][1]$a$2371 [16] 1'0 $memory\rom$rdmux[0][2][1]$a$2371 [13] 3'010 }
    Consolidated identical input bits for $mux cell $memory\rom$rdmux[0][3][1]$2382:
      Old ports: A=$memory\rom$rdmux[0][3][1]$a$2383, B=$memory\rom$rdmux[0][3][1]$b$2384, Y=$memory\rom$rdmux[0][2][0]$b$2369
      New ports: A={ $memory\rom$rdmux[0][3][1]$a$2383 [6] 1'0 $memory\rom$rdmux[0][3][1]$a$2383 [3] $memory\rom$rdmux[0][3][1]$a$2383 [19] $memory\rom$rdmux[0][3][1]$a$2383 [15] $memory\rom$rdmux[0][3][1]$a$2383 [15] $memory\rom$rdmux[0][3][1]$a$2383 [13] $memory\rom$rdmux[0][3][1]$a$2383 [8] 1'0 $memory\rom$rdmux[0][3][1]$a$2383 [8] 1'0 $memory\rom$rdmux[0][3][1]$a$2383 [8] 1'1 $memory\rom$rdmux[0][3][1]$a$2383 [6:5] $memory\rom$rdmux[0][3][1]$a$2383 [3] }, B={ $memory\rom$rdmux[0][3][1]$b$2384 [28] $memory\rom$rdmux[0][3][1]$b$2384 [10] 1'0 $memory\rom$rdmux[0][3][1]$b$2384 [11] 1'1 $memory\rom$rdmux[0][3][1]$b$2384 [15] $memory\rom$rdmux[0][3][1]$b$2384 [13:9] $memory\rom$rdmux[0][3][1]$b$2384 [7] $memory\rom$rdmux[0][3][1]$b$2384 [7:5] 1'1 }, Y={ $memory\rom$rdmux[0][2][0]$b$2369 [28] $memory\rom$rdmux[0][2][0]$b$2369 [21:18] $memory\rom$rdmux[0][2][0]$b$2369 [15] $memory\rom$rdmux[0][2][0]$b$2369 [13:5] $memory\rom$rdmux[0][2][0]$b$2369 [3] }
      New connections: { $memory\rom$rdmux[0][2][0]$b$2369 [29] $memory\rom$rdmux[0][2][0]$b$2369 [27:22] $memory\rom$rdmux[0][2][0]$b$2369 [17:16] $memory\rom$rdmux[0][2][0]$b$2369 [14] $memory\rom$rdmux[0][2][0]$b$2369 [4] $memory\rom$rdmux[0][2][0]$b$2369 [2:0] } = { 9'000000000 $memory\rom$rdmux[0][2][0]$b$2369 [13] 4'0100 }
    Consolidated identical input bits for $mux cell $memory\rom$rdmux[0][3][0]$2379:
      Old ports: A=$memory\rom$rdmux[0][3][0]$a$2380, B=$memory\rom$rdmux[0][3][0]$b$2381, Y=$memory\rom$rdmux[0][2][0]$a$2368
      New ports: A={ $memory\rom$rdmux[0][3][0]$a$2380 [19] $memory\rom$rdmux[0][3][0]$a$2380 [7] $memory\rom$rdmux[0][3][0]$a$2380 [24] $memory\rom$rdmux[0][3][0]$a$2380 [5] $memory\rom$rdmux[0][3][0]$a$2380 [22] $memory\rom$rdmux[0][3][0]$a$2380 [20:19] $memory\rom$rdmux[0][3][0]$a$2380 [8] 1'0 $memory\rom$rdmux[0][3][0]$a$2380 [12] $memory\rom$rdmux[0][3][0]$a$2380 [12] $memory\rom$rdmux[0][3][0]$a$2380 [8] 1'0 $memory\rom$rdmux[0][3][0]$a$2380 [8:7] $memory\rom$rdmux[0][3][0]$a$2380 [5] $memory\rom$rdmux[0][3][0]$a$2380 [5] }, B={ 5'00000 $memory\rom$rdmux[0][3][0]$b$2381 [13:12] $memory\rom$rdmux[0][3][0]$b$2381 [12] $memory\rom$rdmux[0][3][0]$b$2381 [6] $memory\rom$rdmux[0][3][0]$b$2381 [13:10] 1'1 $memory\rom$rdmux[0][3][0]$b$2381 [7:5] }, Y={ $memory\rom$rdmux[0][2][0]$a$2368 [26:22] $memory\rom$rdmux[0][2][0]$a$2368 [20:18] $memory\rom$rdmux[0][2][0]$a$2368 [15] $memory\rom$rdmux[0][2][0]$a$2368 [13:10] $memory\rom$rdmux[0][2][0]$a$2368 [8:5] }
      New connections: { $memory\rom$rdmux[0][2][0]$a$2368 [29:27] $memory\rom$rdmux[0][2][0]$a$2368 [21] $memory\rom$rdmux[0][2][0]$a$2368 [17:16] $memory\rom$rdmux[0][2][0]$a$2368 [14] $memory\rom$rdmux[0][2][0]$a$2368 [9] $memory\rom$rdmux[0][2][0]$a$2368 [4:0] } = { $memory\rom$rdmux[0][2][0]$a$2368 [26] $memory\rom$rdmux[0][2][0]$a$2368 [26] $memory\rom$rdmux[0][2][0]$a$2368 [26] $memory\rom$rdmux[0][2][0]$a$2368 [19] 2'00 $memory\rom$rdmux[0][2][0]$a$2368 [13] 6'000100 }
  Optimizing cells in module \cleave_imem.
    Consolidated identical input bits for $mux cell $memory\rom$rdmux[0][2][3]$2376:
      Old ports: A=$memory\rom$rdmux[0][2][3]$a$2377, B=$memory\rom$rdmux[0][2][3]$b$2378, Y=$memory\rom$rdmux[0][1][1]$b$2366
      New ports: A={ $memory\rom$rdmux[0][2][3]$a$2377 [28] 1'0 $memory\rom$rdmux[0][2][3]$a$2377 [25:22] 1'0 $memory\rom$rdmux[0][2][3]$a$2377 [20] $memory\rom$rdmux[0][2][3]$a$2377 [2] $memory\rom$rdmux[0][2][3]$a$2377 [15] $memory\rom$rdmux[0][2][3]$a$2377 [13] $memory\rom$rdmux[0][2][3]$a$2377 [11:10] $memory\rom$rdmux[0][2][3]$a$2377 [2] 1'1 $memory\rom$rdmux[0][2][3]$a$2377 [2] $memory\rom$rdmux[0][2][3]$a$2377 [2] $memory\rom$rdmux[0][2][3]$a$2377 [3] $memory\rom$rdmux[0][2][3]$a$2377 [3:2] 2'00 }, B={ $memory\rom$rdmux[0][2][3]$b$2378 [28] $memory\rom$rdmux[0][2][3]$b$2378 [5] 4'0000 $memory\rom$rdmux[0][2][3]$b$2378 [21:20] $memory\rom$rdmux[0][2][3]$b$2378 [17] $memory\rom$rdmux[0][2][3]$b$2378 [5] $memory\rom$rdmux[0][2][3]$b$2378 [6] 2'00 $memory\rom$rdmux[0][2][3]$b$2378 [9] $memory\rom$rdmux[0][2][3]$b$2378 [5] $memory\rom$rdmux[0][2][3]$b$2378 [6:0] }, Y={ $memory\rom$rdmux[0][1][1]$b$2366 [28] $memory\rom$rdmux[0][1][1]$b$2366 [26:20] $memory\rom$rdmux[0][1][1]$b$2366 [17] $memory\rom$rdmux[0][1][1]$b$2366 [15] $memory\rom$rdmux[0][1][1]$b$2366 [13] $memory\rom$rdmux[0][1][1]$b$2366 [11:8] $memory\rom$rdmux[0][1][1]$b$2366 [6:0] }
      New connections: { $memory\rom$rdmux[0][1][1]$b$2366 [29] $memory\rom$rdmux[0][1][1]$b$2366 [27] $memory\rom$rdmux[0][1][1]$b$2366 [19:18] $memory\rom$rdmux[0][1][1]$b$2366 [16] $memory\rom$rdmux[0][1][1]$b$2366 [14] $memory\rom$rdmux[0][1][1]$b$2366 [12] $memory\rom$rdmux[0][1][1]$b$2366 [7] } = { 2'00 $memory\rom$rdmux[0][1][1]$b$2366 [10] $memory\rom$rdmux[0][1][1]$b$2366 [10] $memory\rom$rdmux[0][1][1]$b$2366 [5] $memory\rom$rdmux[0][1][1]$b$2366 [13] $memory\rom$rdmux[0][1][1]$b$2366 [11] $memory\rom$rdmux[0][1][1]$b$2366 [6] }
    Consolidated identical input bits for $mux cell $memory\rom$rdmux[0][2][2]$2373:
      Old ports: A=$memory\rom$rdmux[0][2][2]$a$2374, B=$memory\rom$rdmux[0][2][2]$b$2375, Y=$memory\rom$rdmux[0][1][1]$a$2365
      New ports: A={ 1'0 $memory\rom$rdmux[0][2][2]$a$2374 [27:26] $memory\rom$rdmux[0][2][2]$a$2374 [21] $memory\rom$rdmux[0][2][2]$a$2374 [21:18] $memory\rom$rdmux[0][2][2]$a$2374 [16:15] $memory\rom$rdmux[0][2][2]$a$2374 [13] 2'00 $memory\rom$rdmux[0][2][2]$a$2374 [10] $memory\rom$rdmux[0][2][2]$a$2374 [7] $memory\rom$rdmux[0][2][2]$a$2374 [4:2] }, B={ $memory\rom$rdmux[0][2][2]$b$2375 [28] 3'000 $memory\rom$rdmux[0][2][2]$b$2375 [21:20] $memory\rom$rdmux[0][2][2]$b$2375 [18] $memory\rom$rdmux[0][2][2]$b$2375 [18] $memory\rom$rdmux[0][2][2]$b$2375 [2] $memory\rom$rdmux[0][2][2]$b$2375 [15] $memory\rom$rdmux[0][2][2]$b$2375 [13] $memory\rom$rdmux[0][2][2]$b$2375 [3] $memory\rom$rdmux[0][2][2]$b$2375 [11:10] $memory\rom$rdmux[0][2][2]$b$2375 [2] $memory\rom$rdmux[0][2][2]$b$2375 [3] $memory\rom$rdmux[0][2][2]$b$2375 [3:2] }, Y={ $memory\rom$rdmux[0][1][1]$a$2365 [28:26] $memory\rom$rdmux[0][1][1]$a$2365 [22:18] $memory\rom$rdmux[0][1][1]$a$2365 [16:15] $memory\rom$rdmux[0][1][1]$a$2365 [13:10] $memory\rom$rdmux[0][1][1]$a$2365 [7] $memory\rom$rdmux[0][1][1]$a$2365 [4:2] }
      New connections: { $memory\rom$rdmux[0][1][1]$a$2365 [29] $memory\rom$rdmux[0][1][1]$a$2365 [25:23] $memory\rom$rdmux[0][1][1]$a$2365 [17] $memory\rom$rdmux[0][1][1]$a$2365 [14] $memory\rom$rdmux[0][1][1]$a$2365 [9:8] $memory\rom$rdmux[0][1][1]$a$2365 [6:5] $memory\rom$rdmux[0][1][1]$a$2365 [1:0] } = { 4'0000 $memory\rom$rdmux[0][1][1]$a$2365 [16] $memory\rom$rdmux[0][1][1]$a$2365 [13] $memory\rom$rdmux[0][1][1]$a$2365 [2] 1'1 $memory\rom$rdmux[0][1][1]$a$2365 [2] $memory\rom$rdmux[0][1][1]$a$2365 [2] 2'00 }
    Consolidated identical input bits for $mux cell $memory\rom$rdmux[0][2][1]$2370:
      Old ports: A=$memory\rom$rdmux[0][2][1]$a$2371, B=$memory\rom$rdmux[0][2][1]$b$2372, Y=$memory\rom$rdmux[0][1][0]$b$2363
      New ports: A={ $memory\rom$rdmux[0][2][1]$a$2371 [17] $memory\rom$rdmux[0][2][1]$a$2371 [17:16] $memory\rom$rdmux[0][2][1]$a$2371 [22:20] $memory\rom$rdmux[0][2][1]$a$2371 [16] $memory\rom$rdmux[0][2][1]$a$2371 [18:16] $memory\rom$rdmux[0][2][1]$a$2371 [13] $memory\rom$rdmux[0][2][1]$a$2371 [13:5] $memory\rom$rdmux[0][2][1]$a$2371 [3] 1'1 $memory\rom$rdmux[0][2][1]$a$2371 [0] }, B={ 1'0 $memory\rom$rdmux[0][2][1]$b$2372 [2] 1'0 $memory\rom$rdmux[0][2][1]$b$2372 [21] $memory\rom$rdmux[0][2][1]$b$2372 [21] $memory\rom$rdmux[0][2][1]$b$2372 [2] $memory\rom$rdmux[0][2][1]$b$2372 [2] $memory\rom$rdmux[0][2][1]$b$2372 [18] 3'110 $memory\rom$rdmux[0][2][1]$b$2372 [2] $memory\rom$rdmux[0][2][1]$b$2372 [12:5] $memory\rom$rdmux[0][2][1]$b$2372 [3:2] 1'0 }, Y={ $memory\rom$rdmux[0][1][0]$b$2363 [28] $memory\rom$rdmux[0][1][0]$b$2363 [24:16] $memory\rom$rdmux[0][1][0]$b$2363 [14:5] $memory\rom$rdmux[0][1][0]$b$2363 [3:2] $memory\rom$rdmux[0][1][0]$b$2363 [0] }
      New connections: { $memory\rom$rdmux[0][1][0]$b$2363 [29] $memory\rom$rdmux[0][1][0]$b$2363 [27:25] $memory\rom$rdmux[0][1][0]$b$2363 [15] $memory\rom$rdmux[0][1][0]$b$2363 [4] $memory\rom$rdmux[0][1][0]$b$2363 [1] } = { $memory\rom$rdmux[0][1][0]$b$2363 [28] 1'0 $memory\rom$rdmux[0][1][0]$b$2363 [23] $memory\rom$rdmux[0][1][0]$b$2363 [24] 3'000 }
    Consolidated identical input bits for $mux cell $memory\rom$rdmux[0][2][0]$2367:
      Old ports: A=$memory\rom$rdmux[0][2][0]$a$2368, B=$memory\rom$rdmux[0][2][0]$b$2369, Y=$memory\rom$rdmux[0][1][0]$a$2362
      New ports: A={ $memory\rom$rdmux[0][2][0]$a$2368 [26] $memory\rom$rdmux[0][2][0]$a$2368 [26:22] $memory\rom$rdmux[0][2][0]$a$2368 [19] $memory\rom$rdmux[0][2][0]$a$2368 [20:18] $memory\rom$rdmux[0][2][0]$a$2368 [15] $memory\rom$rdmux[0][2][0]$a$2368 [13:10] 1'0 $memory\rom$rdmux[0][2][0]$a$2368 [8:5] 1'0 }, B={ $memory\rom$rdmux[0][2][0]$b$2369 [28] 5'00000 $memory\rom$rdmux[0][2][0]$b$2369 [21:18] $memory\rom$rdmux[0][2][0]$b$2369 [15] $memory\rom$rdmux[0][2][0]$b$2369 [13:5] $memory\rom$rdmux[0][2][0]$b$2369 [3] }, Y={ $memory\rom$rdmux[0][1][0]$a$2362 [28] $memory\rom$rdmux[0][1][0]$a$2362 [26:18] $memory\rom$rdmux[0][1][0]$a$2362 [15] $memory\rom$rdmux[0][1][0]$a$2362 [13:5] $memory\rom$rdmux[0][1][0]$a$2362 [3] }
      New connections: { $memory\rom$rdmux[0][1][0]$a$2362 [29] $memory\rom$rdmux[0][1][0]$a$2362 [27] $memory\rom$rdmux[0][1][0]$a$2362 [17:16] $memory\rom$rdmux[0][1][0]$a$2362 [14] $memory\rom$rdmux[0][1][0]$a$2362 [4] $memory\rom$rdmux[0][1][0]$a$2362 [2:0] } = { $memory\rom$rdmux[0][1][0]$a$2362 [26] $memory\rom$rdmux[0][1][0]$a$2362 [26] 2'00 $memory\rom$rdmux[0][1][0]$a$2362 [13] 4'0100 }
  Optimizing cells in module \cleave_imem.
    Consolidated identical input bits for $mux cell $memory\rom$rdmux[0][1][1]$2364:
      Old ports: A=$memory\rom$rdmux[0][1][1]$a$2365, B=$memory\rom$rdmux[0][1][1]$b$2366, Y=$memory\rom$rdmux[0][0][0]$b$2360
      New ports: A={ $memory\rom$rdmux[0][1][1]$a$2365 [28:26] 3'000 $memory\rom$rdmux[0][1][1]$a$2365 [22:18] $memory\rom$rdmux[0][1][1]$a$2365 [16] $memory\rom$rdmux[0][1][1]$a$2365 [16:15] $memory\rom$rdmux[0][1][1]$a$2365 [13:10] $memory\rom$rdmux[0][1][1]$a$2365 [2] 1'1 $memory\rom$rdmux[0][1][1]$a$2365 [7] $memory\rom$rdmux[0][1][1]$a$2365 [2] $memory\rom$rdmux[0][1][1]$a$2365 [2] $memory\rom$rdmux[0][1][1]$a$2365 [4:2] 2'00 }, B={ $memory\rom$rdmux[0][1][1]$b$2366 [28] 1'0 $memory\rom$rdmux[0][1][1]$b$2366 [26:20] $memory\rom$rdmux[0][1][1]$b$2366 [10] $memory\rom$rdmux[0][1][1]$b$2366 [10] $memory\rom$rdmux[0][1][1]$b$2366 [17] $memory\rom$rdmux[0][1][1]$b$2366 [5] $memory\rom$rdmux[0][1][1]$b$2366 [15] $memory\rom$rdmux[0][1][1]$b$2366 [13] $memory\rom$rdmux[0][1][1]$b$2366 [11] $memory\rom$rdmux[0][1][1]$b$2366 [11:8] $memory\rom$rdmux[0][1][1]$b$2366 [6] $memory\rom$rdmux[0][1][1]$b$2366 [6:0] }, Y={ $memory\rom$rdmux[0][0][0]$b$2360 [28:15] $memory\rom$rdmux[0][0][0]$b$2360 [13:0] }
      New connections: { $memory\rom$rdmux[0][0][0]$b$2360 [29] $memory\rom$rdmux[0][0][0]$b$2360 [14] } = { 1'0 $memory\rom$rdmux[0][0][0]$b$2360 [13] }
    Consolidated identical input bits for $mux cell $memory\rom$rdmux[0][1][0]$2361:
      Old ports: A=$memory\rom$rdmux[0][1][0]$a$2362, B=$memory\rom$rdmux[0][1][0]$b$2363, Y=$memory\rom$rdmux[0][0][0]$a$2359
      New ports: A={ $memory\rom$rdmux[0][1][0]$a$2362 [26] $memory\rom$rdmux[0][1][0]$a$2362 [28] $memory\rom$rdmux[0][1][0]$a$2362 [26] $memory\rom$rdmux[0][1][0]$a$2362 [26:18] 2'00 $memory\rom$rdmux[0][1][0]$a$2362 [15] $memory\rom$rdmux[0][1][0]$a$2362 [13] $memory\rom$rdmux[0][1][0]$a$2362 [13:5] $memory\rom$rdmux[0][1][0]$a$2362 [3] 2'10 }, B={ $memory\rom$rdmux[0][1][0]$b$2363 [28] $memory\rom$rdmux[0][1][0]$b$2363 [28] 1'0 $memory\rom$rdmux[0][1][0]$b$2363 [23] $memory\rom$rdmux[0][1][0]$b$2363 [24] $memory\rom$rdmux[0][1][0]$b$2363 [24:16] 1'0 $memory\rom$rdmux[0][1][0]$b$2363 [14:5] $memory\rom$rdmux[0][1][0]$b$2363 [3:2] $memory\rom$rdmux[0][1][0]$b$2363 [0] }, Y={ $memory\rom$rdmux[0][0][0]$a$2359 [29:5] $memory\rom$rdmux[0][0][0]$a$2359 [3:2] $memory\rom$rdmux[0][0][0]$a$2359 [0] }
      New connections: { $memory\rom$rdmux[0][0][0]$a$2359 [4] $memory\rom$rdmux[0][0][0]$a$2359 [1] } = 2'00
  Optimizing cells in module \cleave_imem.
  Optimizing cells in module \cleave_immgen.
    Consolidated identical input bits for $pmux cell $procmux$630:
      Old ports: A={ \instr [31] \instr [31] \instr [31] \instr [31] \instr [31] \instr [31] \instr [31] \instr [31] \instr [31] \instr [31] \instr [31] \instr [31] \instr [31] \instr [31] \instr [31] \instr [31] \instr [31] \instr [31] \instr [31] \instr [31] \instr [31:20] }, B={ \instr [31] \instr [31] \instr [31] \instr [31] \instr [31] \instr [31] \instr [31] \instr [31] \instr [31] \instr [31] \instr [31] \instr [31] \instr [31] \instr [31] \instr [31] \instr [31] \instr [31] \instr [31] \instr [31] \instr [31] \instr [31:25] \instr [11:7] \instr [31] \instr [31] \instr [31] \instr [31] \instr [31] \instr [31] \instr [31] \instr [31] \instr [31] \instr [31] \instr [31] \instr [31] \instr [31] \instr [31] \instr [31] \instr [31] \instr [31] \instr [31] \instr [31] \instr [31] \instr [7] \instr [30:25] \instr [11:8] 1'0 \instr [31:12] 12'000000000000 \instr [31] \instr [31] \instr [31] \instr [31] \instr [31] \instr [31] \instr [31] \instr [31] \instr [31] \instr [31] \instr [31] \instr [31] \instr [19:12] \instr [20] \instr [30:21] 1'0 }, Y=\imm
      New ports: A={ \instr [31] \instr [31] \instr [31] \instr [31] \instr [31] \instr [31] \instr [31] \instr [31] \instr [31] \instr [31] \instr [31] \instr [31] \instr [31] \instr [31] \instr [31] \instr [31] \instr [31] \instr [31] \instr [31] \instr [31:20] }, B={ \instr [31] \instr [31] \instr [31] \instr [31] \instr [31] \instr [31] \instr [31] \instr [31] \instr [31] \instr [31] \instr [31] \instr [31] \instr [31] \instr [31] \instr [31] \instr [31] \instr [31] \instr [31] \instr [31] \instr [31:25] \instr [11:7] \instr [31] \instr [31] \instr [31] \instr [31] \instr [31] \instr [31] \instr [31] \instr [31] \instr [31] \instr [31] \instr [31] \instr [31] \instr [31] \instr [31] \instr [31] \instr [31] \instr [31] \instr [31] \instr [31] \instr [7] \instr [30:25] \instr [11:8] 1'0 \instr [30:12] 12'000000000000 \instr [31] \instr [31] \instr [31] \instr [31] \instr [31] \instr [31] \instr [31] \instr [31] \instr [31] \instr [31] \instr [31] \instr [19:12] \instr [20] \instr [30:21] 1'0 }, Y=\imm [30:0]
      New connections: \imm [31] = \instr [31]
  Optimizing cells in module \cleave_immgen.
  Optimizing cells in module \cleave_pc.
  Optimizing cells in module \cleave_regfile.
  Optimizing cells in module \tt_um_cleave.
Performed a total of 64 changes.

12.19.5. Executing OPT_MERGE pass (detect identical cells).
Finding identical cells in module `\cleave_alu'.
Finding identical cells in module `\cleave_branch'.
Finding identical cells in module `\cleave_control'.
Finding identical cells in module `\cleave_core'.
Finding identical cells in module `\cleave_dmem'.
Finding identical cells in module `\cleave_imem'.
<suppressed ~87 debug messages>
Finding identical cells in module `\cleave_immgen'.
Finding identical cells in module `\cleave_pc'.
Finding identical cells in module `\cleave_regfile'.
Finding identical cells in module `\tt_um_cleave'.
Removed a total of 29 cells.

12.19.6. Executing OPT_SHARE pass.
    Found cells that share an operand and can be merged by moving the $pmux $procmux$699 in front of them:
        $shl$cleave_dmem.v:72$21
        $shl$cleave_dmem.v:71$20

12.19.7. Executing OPT_DFF pass (perform DFF optimizations).

12.19.8. Executing OPT_CLEAN pass (remove unused cells and wires).
Finding unused cells or wires in module \cleave_alu..
Finding unused cells or wires in module \cleave_branch..
Finding unused cells or wires in module \cleave_control..
Finding unused cells or wires in module \cleave_core..
Finding unused cells or wires in module \cleave_dmem..
Finding unused cells or wires in module \cleave_imem..
Finding unused cells or wires in module \cleave_immgen..
Finding unused cells or wires in module \cleave_pc..
Finding unused cells or wires in module \cleave_regfile..
Finding unused cells or wires in module \tt_um_cleave..
Removed 0 unused cells and 361 unused wires.
<suppressed ~3 debug messages>

12.19.9. Executing OPT_EXPR pass (perform const folding).
Optimizing module cleave_alu.
Optimizing module cleave_branch.
Optimizing module cleave_control.
<suppressed ~1 debug messages>
Optimizing module cleave_core.
Optimizing module cleave_dmem.
<suppressed ~1 debug messages>
Optimizing module cleave_imem.
<suppressed ~2 debug messages>
Optimizing module cleave_immgen.
Optimizing module cleave_pc.
Optimizing module cleave_regfile.
<suppressed ~3 debug messages>
Optimizing module tt_um_cleave.

12.19.10. Rerunning OPT passes. (Maybe there is more to do..)

12.19.11. Executing OPT_MUXTREE pass (detect dead branches in mux trees).
Running muxtree optimizer on module \cleave_alu..
  Creating internal representation of mux trees.
  Evaluating internal representation of mux trees.
  Analyzing evaluation results.
Running muxtree optimizer on module \cleave_branch..
  Creating internal representation of mux trees.
  Evaluating internal representation of mux trees.
  Analyzing evaluation results.
Running muxtree optimizer on module \cleave_control..
  Creating internal representation of mux trees.
  Evaluating internal representation of mux trees.
  Analyzing evaluation results.
Running muxtree optimizer on module \cleave_core..
  Creating internal representation of mux trees.
  Evaluating internal representation of mux trees.
  Analyzing evaluation results.
Running muxtree optimizer on module \cleave_dmem..
  Creating internal representation of mux trees.
  Evaluating internal representation of mux trees.
  Analyzing evaluation results.
Running muxtree optimizer on module \cleave_imem..
  Creating internal representation of mux trees.
  Evaluating internal representation of mux trees.
  Analyzing evaluation results.
Running muxtree optimizer on module \cleave_immgen..
  Creating internal representation of mux trees.
  Evaluating internal representation of mux trees.
  Analyzing evaluation results.
Running muxtree optimizer on module \cleave_pc..
  Creating internal representation of mux trees.
  No muxes found in this module.
Running muxtree optimizer on module \cleave_regfile..
  Creating internal representation of mux trees.
  Evaluating internal representation of mux trees.
  Analyzing evaluation results.
Running muxtree optimizer on module \tt_um_cleave..
  Creating internal representation of mux trees.
  No muxes found in this module.
Removed 0 multiplexer ports.
<suppressed ~314 debug messages>

12.19.12. Executing OPT_REDUCE pass (consolidate $*mux and $reduce_* inputs).
  Optimizing cells in module \cleave_alu.
  Optimizing cells in module \cleave_branch.
  Optimizing cells in module \cleave_control.
  Optimizing cells in module \cleave_core.
  Optimizing cells in module \cleave_dmem.
    Consolidated identical input bits for $mux cell $auto$opt_share.cc:246:merge_operators$3127:
      Old ports: A=2'01, B=2'11, Y=$auto$rtlil.cc:2500:Pmux$3128
      New ports: A=1'0, B=1'1, Y=$auto$rtlil.cc:2500:Pmux$3128 [1]
      New connections: $auto$rtlil.cc:2500:Pmux$3128 [0] = 1'1
    New ctrl vector for $pmux cell $procmux$699: { $auto$opt_reduce.cc:134:opt_pmux$3130 $procmux$656_CMP }
  Optimizing cells in module \cleave_dmem.
  Optimizing cells in module \cleave_imem.
    Consolidated identical input bits for $mux cell $memory\rom$rdmux[0][4][0]$2403:
      Old ports: A={ 3'101 $memory\rom$rdmux[0][4][0]$a$2404 [29] 2'00 $memory\rom$rdmux[0][4][0]$a$2404 [29] $memory\rom$rdmux[0][4][0]$a$2404 [23] }, B={ $memory\rom$rdmux[0][4][0]$a$2404 [23] $memory\rom$rdmux[0][4][0]$a$2404 [23] 3'001 $memory\rom$rdmux[0][4][0]$a$2404 [29] $memory\rom$rdmux[0][4][0]$a$2404 [23] $memory\rom$rdmux[0][4][0]$a$2404 [23] }, Y={ $memory\rom$rdmux[0][3][0]$a$2380 [24] $memory\rom$rdmux[0][3][0]$a$2380 [22] $memory\rom$rdmux[0][3][0]$a$2380 [20] $memory\rom$rdmux[0][3][0]$a$2380 [29] $memory\rom$rdmux[0][3][0]$a$2380 [14] $memory\rom$rdmux[0][3][0]$a$2380 [18] $memory\rom$rdmux[0][3][0]$a$2380 [25] $memory\rom$rdmux[0][3][0]$a$2380 [23] }
      New ports: A={ 3'101 $memory\rom$rdmux[0][4][0]$a$2404 [29] 2'00 $memory\rom$rdmux[0][4][0]$a$2404 [29] }, B={ $memory\rom$rdmux[0][4][0]$a$2404 [23] $memory\rom$rdmux[0][4][0]$a$2404 [23] 3'001 $memory\rom$rdmux[0][4][0]$a$2404 [29] $memory\rom$rdmux[0][4][0]$a$2404 [23] }, Y={ $memory\rom$rdmux[0][3][0]$a$2380 [24] $memory\rom$rdmux[0][3][0]$a$2380 [22] $memory\rom$rdmux[0][3][0]$a$2380 [20] $memory\rom$rdmux[0][3][0]$a$2380 [29] $memory\rom$rdmux[0][3][0]$a$2380 [14] $memory\rom$rdmux[0][3][0]$a$2380 [18] $memory\rom$rdmux[0][3][0]$a$2380 [25] }
      New connections: $memory\rom$rdmux[0][3][0]$a$2380 [23] = $memory\rom$rdmux[0][4][0]$a$2404 [23]
    Consolidated identical input bits for $mux cell $memory\rom$rdmux[0][4][13]$2442:
      Old ports: A={ 1'0 $memory\rom$rdmux[0][4][10]$a$2434 [28] $memory\rom$rdmux[0][4][10]$a$2434 [19] 1'0 $memory\rom$rdmux[0][4][10]$a$2434 [19] $memory\rom$rdmux[0][4][10]$a$2434 [28] }, B={ $memory\rom$rdmux[0][4][10]$a$2434 [28] 2'00 $memory\rom$rdmux[0][4][10]$a$2434 [19] $memory\rom$rdmux[0][4][10]$a$2434 [19] $memory\rom$rdmux[0][4][10]$a$2434 [28] }, Y={ $memory\rom$rdmux[0][3][6]$b$2399 [25:24] $memory\rom$rdmux[0][3][6]$b$2399 [20:19] $memory\rom$rdmux[0][3][6]$b$2399 [4] $memory\rom$rdmux[0][3][6]$b$2399 [17] }
      New ports: A={ 1'0 $memory\rom$rdmux[0][4][10]$a$2434 [28] $memory\rom$rdmux[0][4][10]$a$2434 [19] 1'0 }, B={ $memory\rom$rdmux[0][4][10]$a$2434 [28] 2'00 $memory\rom$rdmux[0][4][10]$a$2434 [19] }, Y={ $memory\rom$rdmux[0][3][6]$b$2399 [25:24] $memory\rom$rdmux[0][3][6]$b$2399 [20:19] }
      New connections: { $memory\rom$rdmux[0][3][6]$b$2399 [4] $memory\rom$rdmux[0][3][6]$b$2399 [17] } = { $memory\rom$rdmux[0][4][10]$a$2434 [19] $memory\rom$rdmux[0][4][10]$a$2434 [28] }
    Consolidated identical input bits for $mux cell $memory\rom$rdmux[0][4][14]$2445:
      Old ports: A={ 2'01 $memory\rom$rdmux[0][4][0]$a$2404 [29] $memory\rom$rdmux[0][4][0]$a$2404 [23] $memory\rom$rdmux[0][4][0]$a$2404 [29] $memory\rom$rdmux[0][4][0]$a$2404 [23] }, B={ $memory\rom$rdmux[0][4][0]$a$2404 [29] 3'001 $memory\rom$rdmux[0][4][0]$a$2404 [29] $memory\rom$rdmux[0][4][0]$a$2404 [23] }, Y={ $memory\rom$rdmux[0][3][7]$a$2401 [28] $memory\rom$rdmux[0][3][7]$a$2401 [9] $memory\rom$rdmux[0][3][7]$a$2401 [26] $memory\rom$rdmux[0][3][7]$a$2401 [20] $memory\rom$rdmux[0][3][7]$a$2401 [14] $memory\rom$rdmux[0][3][7]$a$2401 [21] }
      New ports: A={ 2'01 $memory\rom$rdmux[0][4][0]$a$2404 [29] $memory\rom$rdmux[0][4][0]$a$2404 [23] }, B={ $memory\rom$rdmux[0][4][0]$a$2404 [29] 3'001 }, Y={ $memory\rom$rdmux[0][3][7]$a$2401 [28] $memory\rom$rdmux[0][3][7]$a$2401 [9] $memory\rom$rdmux[0][3][7]$a$2401 [26] $memory\rom$rdmux[0][3][7]$a$2401 [20] }
      New connections: { $memory\rom$rdmux[0][3][7]$a$2401 [14] $memory\rom$rdmux[0][3][7]$a$2401 [21] } = { $memory\rom$rdmux[0][4][0]$a$2404 [29] $memory\rom$rdmux[0][4][0]$a$2404 [23] }
    Consolidated identical input bits for $mux cell $memory\rom$rdmux[0][4][1]$2406:
      Old ports: A={ $memory\rom$rdmux[0][4][0]$a$2404 [23] $memory\rom$rdmux[0][4][0]$a$2404 [23] 1'1 $memory\rom$rdmux[0][4][0]$a$2404 [23] 1'0 $memory\rom$rdmux[0][4][0]$a$2404 [29] $memory\rom$rdmux[0][4][0]$a$2404 [23] }, B={ $memory\rom$rdmux[0][4][0]$a$2404 [29] 1'0 $memory\rom$rdmux[0][4][0]$a$2404 [23] 1'1 $memory\rom$rdmux[0][4][0]$a$2404 [29] $memory\rom$rdmux[0][4][0]$a$2404 [23] $memory\rom$rdmux[0][4][0]$a$2404 [23] }, Y={ $memory\rom$rdmux[0][3][0]$b$2381 [20] $memory\rom$rdmux[0][3][0]$b$2381 [21] $memory\rom$rdmux[0][3][0]$b$2381 [11:10] $memory\rom$rdmux[0][3][0]$b$2381 [7] $memory\rom$rdmux[0][3][0]$b$2381 [15] $memory\rom$rdmux[0][3][0]$b$2381 [5] }
      New ports: A={ $memory\rom$rdmux[0][4][0]$a$2404 [23] $memory\rom$rdmux[0][4][0]$a$2404 [23] 1'1 $memory\rom$rdmux[0][4][0]$a$2404 [23] 1'0 $memory\rom$rdmux[0][4][0]$a$2404 [29] }, B={ $memory\rom$rdmux[0][4][0]$a$2404 [29] 1'0 $memory\rom$rdmux[0][4][0]$a$2404 [23] 1'1 $memory\rom$rdmux[0][4][0]$a$2404 [29] $memory\rom$rdmux[0][4][0]$a$2404 [23] }, Y={ $memory\rom$rdmux[0][3][0]$b$2381 [20] $memory\rom$rdmux[0][3][0]$b$2381 [21] $memory\rom$rdmux[0][3][0]$b$2381 [11:10] $memory\rom$rdmux[0][3][0]$b$2381 [7] $memory\rom$rdmux[0][3][0]$b$2381 [15] }
      New connections: $memory\rom$rdmux[0][3][0]$b$2381 [5] = $memory\rom$rdmux[0][4][0]$a$2404 [23]
    Consolidated identical input bits for $mux cell $memory\rom$rdmux[0][4][2]$2409:
      Old ports: A={ $memory\rom$rdmux[0][4][0]$a$2404 [23] $memory\rom$rdmux[0][4][0]$a$2404 [29] $memory\rom$rdmux[0][4][0]$a$2404 [23] 1'1 $memory\rom$rdmux[0][4][0]$a$2404 [29] $memory\rom$rdmux[0][4][0]$a$2404 [23] 1'0 }, B={ 4'0010 $memory\rom$rdmux[0][4][0]$a$2404 [29] $memory\rom$rdmux[0][4][0]$a$2404 [23] 1'1 }, Y={ $memory\rom$rdmux[0][3][1]$a$2383 [19:18] $memory\rom$rdmux[0][3][1]$a$2383 [14] $memory\rom$rdmux[0][3][1]$a$2383 [12] $memory\rom$rdmux[0][3][1]$a$2383 [28] $memory\rom$rdmux[0][3][1]$a$2383 [5] $memory\rom$rdmux[0][3][1]$a$2383 [20] }
      New ports: A={ $memory\rom$rdmux[0][4][0]$a$2404 [23] $memory\rom$rdmux[0][4][0]$a$2404 [29] $memory\rom$rdmux[0][4][0]$a$2404 [23] 2'10 }, B=5'00101, Y={ $memory\rom$rdmux[0][3][1]$a$2383 [19:18] $memory\rom$rdmux[0][3][1]$a$2383 [14] $memory\rom$rdmux[0][3][1]$a$2383 [12] $memory\rom$rdmux[0][3][1]$a$2383 [20] }
      New connections: { $memory\rom$rdmux[0][3][1]$a$2383 [28] $memory\rom$rdmux[0][3][1]$a$2383 [5] } = { $memory\rom$rdmux[0][4][0]$a$2404 [29] $memory\rom$rdmux[0][4][0]$a$2404 [23] }
    Consolidated identical input bits for $mux cell $memory\rom$rdmux[0][4][7]$2424:
      Old ports: A={ 1'0 $memory\rom$rdmux[0][4][10]$a$2434 [19] $memory\rom$rdmux[0][4][10]$a$2434 [19] 2'10 $memory\rom$rdmux[0][4][10]$a$2434 [28] 1'0 }, B={ 1'1 $memory\rom$rdmux[0][4][10]$a$2434 [19] 1'0 $memory\rom$rdmux[0][4][10]$a$2434 [19] $memory\rom$rdmux[0][4][10]$a$2434 [19] 1'0 $memory\rom$rdmux[0][4][10]$a$2434 [28] }, Y={ $memory\rom$rdmux[0][3][3]$b$2390 [18] $memory\rom$rdmux[0][3][3]$b$2390 [12] $memory\rom$rdmux[0][3][3]$b$2390 [10:9] $memory\rom$rdmux[0][3][3]$b$2390 [6:5] $memory\rom$rdmux[0][3][3]$b$2390 [22] }
      New ports: A={ 1'0 $memory\rom$rdmux[0][4][10]$a$2434 [19] 2'10 $memory\rom$rdmux[0][4][10]$a$2434 [28] 1'0 }, B={ 2'10 $memory\rom$rdmux[0][4][10]$a$2434 [19] $memory\rom$rdmux[0][4][10]$a$2434 [19] 1'0 $memory\rom$rdmux[0][4][10]$a$2434 [28] }, Y={ $memory\rom$rdmux[0][3][3]$b$2390 [18] $memory\rom$rdmux[0][3][3]$b$2390 [10:9] $memory\rom$rdmux[0][3][3]$b$2390 [6:5] $memory\rom$rdmux[0][3][3]$b$2390 [22] }
      New connections: $memory\rom$rdmux[0][3][3]$b$2390 [12] = $memory\rom$rdmux[0][4][10]$a$2434 [19]
    Consolidated identical input bits for $mux cell $memory\rom$rdmux[0][4][8]$2427:
      Old ports: A={ $memory\rom$rdmux[0][4][10]$a$2434 [19] 1'0 $memory\rom$rdmux[0][4][10]$a$2434 [19] 2'10 $memory\rom$rdmux[0][4][10]$a$2434 [19] $memory\rom$rdmux[0][4][10]$a$2434 [28] }, B={ $memory\rom$rdmux[0][4][10]$a$2434 [28] $memory\rom$rdmux[0][4][10]$a$2434 [28] 1'0 $memory\rom$rdmux[0][4][10]$a$2434 [28] $memory\rom$rdmux[0][4][10]$a$2434 [19] $memory\rom$rdmux[0][4][10]$a$2434 [19] $memory\rom$rdmux[0][4][10]$a$2434 [28] }, Y={ $memory\rom$rdmux[0][3][4]$a$2392 [17] $memory\rom$rdmux[0][3][4]$a$2392 [26] $memory\rom$rdmux[0][3][4]$a$2392 [22] $memory\rom$rdmux[0][3][4]$a$2392 [7] $memory\rom$rdmux[0][3][4]$a$2392 [4:3] $memory\rom$rdmux[0][3][4]$a$2392 [9] }
      New ports: A={ $memory\rom$rdmux[0][4][10]$a$2434 [19] 1'0 $memory\rom$rdmux[0][4][10]$a$2434 [19] 2'10 }, B={ $memory\rom$rdmux[0][4][10]$a$2434 [28] $memory\rom$rdmux[0][4][10]$a$2434 [28] 1'0 $memory\rom$rdmux[0][4][10]$a$2434 [28] $memory\rom$rdmux[0][4][10]$a$2434 [19] }, Y={ $memory\rom$rdmux[0][3][4]$a$2392 [17] $memory\rom$rdmux[0][3][4]$a$2392 [26] $memory\rom$rdmux[0][3][4]$a$2392 [22] $memory\rom$rdmux[0][3][4]$a$2392 [7] $memory\rom$rdmux[0][3][4]$a$2392 [4] }
      New connections: { $memory\rom$rdmux[0][3][4]$a$2392 [3] $memory\rom$rdmux[0][3][4]$a$2392 [9] } = { $memory\rom$rdmux[0][4][10]$a$2434 [19] $memory\rom$rdmux[0][4][10]$a$2434 [28] }
  Optimizing cells in module \cleave_imem.
    Consolidated identical input bits for $mux cell $memory\rom$rdmux[0][3][0]$2379:
      Old ports: A={ $memory\rom$rdmux[0][3][0]$a$2380 [29] $memory\rom$rdmux[0][3][0]$a$2380 [25:22] $memory\rom$rdmux[0][3][0]$a$2380 [20] $memory\rom$rdmux[0][3][0]$a$2380 [29] $memory\rom$rdmux[0][3][0]$a$2380 [18] 1'0 $memory\rom$rdmux[0][3][0]$a$2380 [14] $memory\rom$rdmux[0][3][0]$a$2380 [14] $memory\rom$rdmux[0][3][0]$a$2380 [18] 1'0 $memory\rom$rdmux[0][3][0]$a$2380 [18] $memory\rom$rdmux[0][3][0]$a$2380 [25] $memory\rom$rdmux[0][3][0]$a$2380 [23] $memory\rom$rdmux[0][3][0]$a$2380 [23] }, B={ 5'00000 $memory\rom$rdmux[0][3][0]$b$2381 [20] $memory\rom$rdmux[0][3][0]$b$2381 [21] $memory\rom$rdmux[0][3][0]$b$2381 [21] $memory\rom$rdmux[0][3][0]$b$2381 [15] $memory\rom$rdmux[0][3][0]$b$2381 [20] $memory\rom$rdmux[0][3][0]$b$2381 [21] $memory\rom$rdmux[0][3][0]$b$2381 [11:10] 1'1 $memory\rom$rdmux[0][3][0]$b$2381 [7] $memory\rom$rdmux[0][3][0]$b$2381 [15] $memory\rom$rdmux[0][3][0]$b$2381 [5] }, Y={ $memory\rom$rdmux[0][2][0]$a$2368 [29] $memory\rom$rdmux[0][2][0]$a$2368 [25:22] $memory\rom$rdmux[0][2][0]$a$2368 [20] $memory\rom$rdmux[0][2][0]$a$2368 [21] $memory\rom$rdmux[0][2][0]$a$2368 [18] $memory\rom$rdmux[0][2][0]$a$2368 [15:14] $memory\rom$rdmux[0][2][0]$a$2368 [12:10] $memory\rom$rdmux[0][2][0]$a$2368 [8:5] }
      New ports: A={ $memory\rom$rdmux[0][3][0]$a$2380 [29] $memory\rom$rdmux[0][3][0]$a$2380 [25:24] $memory\rom$rdmux[0][4][0]$a$2404 [23] $memory\rom$rdmux[0][3][0]$a$2380 [22] $memory\rom$rdmux[0][3][0]$a$2380 [20] $memory\rom$rdmux[0][3][0]$a$2380 [29] $memory\rom$rdmux[0][3][0]$a$2380 [18] 1'0 $memory\rom$rdmux[0][3][0]$a$2380 [14] $memory\rom$rdmux[0][3][0]$a$2380 [14] $memory\rom$rdmux[0][3][0]$a$2380 [18] 1'0 $memory\rom$rdmux[0][3][0]$a$2380 [18] $memory\rom$rdmux[0][3][0]$a$2380 [25] $memory\rom$rdmux[0][4][0]$a$2404 [23] }, B={ 5'00000 $memory\rom$rdmux[0][3][0]$b$2381 [20] $memory\rom$rdmux[0][3][0]$b$2381 [21] $memory\rom$rdmux[0][3][0]$b$2381 [21] $memory\rom$rdmux[0][3][0]$b$2381 [15] $memory\rom$rdmux[0][3][0]$b$2381 [20] $memory\rom$rdmux[0][3][0]$b$2381 [21] $memory\rom$rdmux[0][3][0]$b$2381 [11:10] 1'1 $memory\rom$rdmux[0][3][0]$b$2381 [7] $memory\rom$rdmux[0][3][0]$b$2381 [15] }, Y={ $memory\rom$rdmux[0][2][0]$a$2368 [29] $memory\rom$rdmux[0][2][0]$a$2368 [25:22] $memory\rom$rdmux[0][2][0]$a$2368 [20] $memory\rom$rdmux[0][2][0]$a$2368 [21] $memory\rom$rdmux[0][2][0]$a$2368 [18] $memory\rom$rdmux[0][2][0]$a$2368 [15:14] $memory\rom$rdmux[0][2][0]$a$2368 [12:10] $memory\rom$rdmux[0][2][0]$a$2368 [8:6] }
      New connections: $memory\rom$rdmux[0][2][0]$a$2368 [5] = $memory\rom$rdmux[0][4][0]$a$2404 [23]
  Optimizing cells in module \cleave_imem.
  Optimizing cells in module \cleave_immgen.
  Optimizing cells in module \cleave_pc.
  Optimizing cells in module \cleave_regfile.
  Optimizing cells in module \tt_um_cleave.
Performed a total of 10 changes.

12.19.13. Executing OPT_MERGE pass (detect identical cells).
Finding identical cells in module `\cleave_alu'.
Finding identical cells in module `\cleave_branch'.
Finding identical cells in module `\cleave_control'.
Finding identical cells in module `\cleave_core'.
Finding identical cells in module `\cleave_dmem'.
Finding identical cells in module `\cleave_imem'.
Finding identical cells in module `\cleave_immgen'.
Finding identical cells in module `\cleave_pc'.
Finding identical cells in module `\cleave_regfile'.
Finding identical cells in module `\tt_um_cleave'.
Removed a total of 0 cells.

12.19.14. Executing OPT_SHARE pass.

12.19.15. Executing OPT_DFF pass (perform DFF optimizations).
Adding EN signal on $memory\ram[9]$835 ($dff) from module cleave_dmem (D = \wdata_aligned [31:24], Q = \ram[9] [31:24]).
Adding EN signal on $memory\ram[9]$835 ($dff) from module cleave_dmem (D = \wdata_aligned [23:16], Q = \ram[9] [23:16]).
Adding EN signal on $memory\ram[9]$835 ($dff) from module cleave_dmem (D = \wdata_aligned [15:8], Q = \ram[9] [15:8]).
Adding EN signal on $memory\ram[9]$835 ($dff) from module cleave_dmem (D = \wdata_aligned [7:0], Q = \ram[9] [7:0]).
Adding EN signal on $memory\ram[8]$833 ($dff) from module cleave_dmem (D = \wdata_aligned [31:24], Q = \ram[8] [31:24]).
Adding EN signal on $memory\ram[8]$833 ($dff) from module cleave_dmem (D = \wdata_aligned [23:16], Q = \ram[8] [23:16]).
Adding EN signal on $memory\ram[8]$833 ($dff) from module cleave_dmem (D = \wdata_aligned [15:8], Q = \ram[8] [15:8]).
Adding EN signal on $memory\ram[8]$833 ($dff) from module cleave_dmem (D = \wdata_aligned [7:0], Q = \ram[8] [7:0]).
Adding EN signal on $memory\ram[7]$831 ($dff) from module cleave_dmem (D = \wdata_aligned [31:24], Q = \ram[7] [31:24]).
Adding EN signal on $memory\ram[7]$831 ($dff) from module cleave_dmem (D = \wdata_aligned [23:16], Q = \ram[7] [23:16]).
Adding EN signal on $memory\ram[7]$831 ($dff) from module cleave_dmem (D = \wdata_aligned [15:8], Q = \ram[7] [15:8]).
Adding EN signal on $memory\ram[7]$831 ($dff) from module cleave_dmem (D = \wdata_aligned [7:0], Q = \ram[7] [7:0]).
Adding EN signal on $memory\ram[6]$829 ($dff) from module cleave_dmem (D = \wdata_aligned [31:24], Q = \ram[6] [31:24]).
Adding EN signal on $memory\ram[6]$829 ($dff) from module cleave_dmem (D = \wdata_aligned [23:16], Q = \ram[6] [23:16]).
Adding EN signal on $memory\ram[6]$829 ($dff) from module cleave_dmem (D = \wdata_aligned [15:8], Q = \ram[6] [15:8]).
Adding EN signal on $memory\ram[6]$829 ($dff) from module cleave_dmem (D = \wdata_aligned [7:0], Q = \ram[6] [7:0]).
Adding EN signal on $memory\ram[63]$943 ($dff) from module cleave_dmem (D = \wdata_aligned [7:0], Q = \ram[63] [7:0]).
Adding EN signal on $memory\ram[63]$943 ($dff) from module cleave_dmem (D = \wdata_aligned [15:8], Q = \ram[63] [15:8]).
Adding EN signal on $memory\ram[63]$943 ($dff) from module cleave_dmem (D = \wdata_aligned [23:16], Q = \ram[63] [23:16]).
Adding EN signal on $memory\ram[63]$943 ($dff) from module cleave_dmem (D = \wdata_aligned [31:24], Q = \ram[63] [31:24]).
Adding EN signal on $memory\ram[62]$941 ($dff) from module cleave_dmem (D = \wdata_aligned [7:0], Q = \ram[62] [7:0]).
Adding EN signal on $memory\ram[62]$941 ($dff) from module cleave_dmem (D = \wdata_aligned [15:8], Q = \ram[62] [15:8]).
Adding EN signal on $memory\ram[62]$941 ($dff) from module cleave_dmem (D = \wdata_aligned [23:16], Q = \ram[62] [23:16]).
Adding EN signal on $memory\ram[62]$941 ($dff) from module cleave_dmem (D = \wdata_aligned [31:24], Q = \ram[62] [31:24]).
Adding EN signal on $memory\ram[61]$939 ($dff) from module cleave_dmem (D = \wdata_aligned [7:0], Q = \ram[61] [7:0]).
Adding EN signal on $memory\ram[61]$939 ($dff) from module cleave_dmem (D = \wdata_aligned [15:8], Q = \ram[61] [15:8]).
Adding EN signal on $memory\ram[61]$939 ($dff) from module cleave_dmem (D = \wdata_aligned [23:16], Q = \ram[61] [23:16]).
Adding EN signal on $memory\ram[61]$939 ($dff) from module cleave_dmem (D = \wdata_aligned [31:24], Q = \ram[61] [31:24]).
Adding EN signal on $memory\ram[60]$937 ($dff) from module cleave_dmem (D = \wdata_aligned [7:0], Q = \ram[60] [7:0]).
Adding EN signal on $memory\ram[60]$937 ($dff) from module cleave_dmem (D = \wdata_aligned [15:8], Q = \ram[60] [15:8]).
Adding EN signal on $memory\ram[60]$937 ($dff) from module cleave_dmem (D = \wdata_aligned [23:16], Q = \ram[60] [23:16]).
Adding EN signal on $memory\ram[60]$937 ($dff) from module cleave_dmem (D = \wdata_aligned [31:24], Q = \ram[60] [31:24]).
Adding EN signal on $memory\ram[5]$827 ($dff) from module cleave_dmem (D = \wdata_aligned [31:24], Q = \ram[5] [31:24]).
Adding EN signal on $memory\ram[5]$827 ($dff) from module cleave_dmem (D = \wdata_aligned [23:16], Q = \ram[5] [23:16]).
Adding EN signal on $memory\ram[5]$827 ($dff) from module cleave_dmem (D = \wdata_aligned [15:8], Q = \ram[5] [15:8]).
Adding EN signal on $memory\ram[5]$827 ($dff) from module cleave_dmem (D = \wdata_aligned [7:0], Q = \ram[5] [7:0]).
Adding EN signal on $memory\ram[59]$935 ($dff) from module cleave_dmem (D = \wdata_aligned [7:0], Q = \ram[59] [7:0]).
Adding EN signal on $memory\ram[59]$935 ($dff) from module cleave_dmem (D = \wdata_aligned [15:8], Q = \ram[59] [15:8]).
Adding EN signal on $memory\ram[59]$935 ($dff) from module cleave_dmem (D = \wdata_aligned [23:16], Q = \ram[59] [23:16]).
Adding EN signal on $memory\ram[59]$935 ($dff) from module cleave_dmem (D = \wdata_aligned [31:24], Q = \ram[59] [31:24]).
Adding EN signal on $memory\ram[58]$933 ($dff) from module cleave_dmem (D = \wdata_aligned [7:0], Q = \ram[58] [7:0]).
Adding EN signal on $memory\ram[58]$933 ($dff) from module cleave_dmem (D = \wdata_aligned [15:8], Q = \ram[58] [15:8]).
Adding EN signal on $memory\ram[58]$933 ($dff) from module cleave_dmem (D = \wdata_aligned [23:16], Q = \ram[58] [23:16]).
Adding EN signal on $memory\ram[58]$933 ($dff) from module cleave_dmem (D = \wdata_aligned [31:24], Q = \ram[58] [31:24]).
Adding EN signal on $memory\ram[57]$931 ($dff) from module cleave_dmem (D = \wdata_aligned [7:0], Q = \ram[57] [7:0]).
Adding EN signal on $memory\ram[57]$931 ($dff) from module cleave_dmem (D = \wdata_aligned [15:8], Q = \ram[57] [15:8]).
Adding EN signal on $memory\ram[57]$931 ($dff) from module cleave_dmem (D = \wdata_aligned [23:16], Q = \ram[57] [23:16]).
Adding EN signal on $memory\ram[57]$931 ($dff) from module cleave_dmem (D = \wdata_aligned [31:24], Q = \ram[57] [31:24]).
Adding EN signal on $memory\ram[56]$929 ($dff) from module cleave_dmem (D = \wdata_aligned [7:0], Q = \ram[56] [7:0]).
Adding EN signal on $memory\ram[56]$929 ($dff) from module cleave_dmem (D = \wdata_aligned [15:8], Q = \ram[56] [15:8]).
Adding EN signal on $memory\ram[56]$929 ($dff) from module cleave_dmem (D = \wdata_aligned [23:16], Q = \ram[56] [23:16]).
Adding EN signal on $memory\ram[56]$929 ($dff) from module cleave_dmem (D = \wdata_aligned [31:24], Q = \ram[56] [31:24]).
Adding EN signal on $memory\ram[55]$927 ($dff) from module cleave_dmem (D = \wdata_aligned [7:0], Q = \ram[55] [7:0]).
Adding EN signal on $memory\ram[55]$927 ($dff) from module cleave_dmem (D = \wdata_aligned [15:8], Q = \ram[55] [15:8]).
Adding EN signal on $memory\ram[55]$927 ($dff) from module cleave_dmem (D = \wdata_aligned [23:16], Q = \ram[55] [23:16]).
Adding EN signal on $memory\ram[55]$927 ($dff) from module cleave_dmem (D = \wdata_aligned [31:24], Q = \ram[55] [31:24]).
Adding EN signal on $memory\ram[54]$925 ($dff) from module cleave_dmem (D = \wdata_aligned [7:0], Q = \ram[54] [7:0]).
Adding EN signal on $memory\ram[54]$925 ($dff) from module cleave_dmem (D = \wdata_aligned [15:8], Q = \ram[54] [15:8]).
Adding EN signal on $memory\ram[54]$925 ($dff) from module cleave_dmem (D = \wdata_aligned [23:16], Q = \ram[54] [23:16]).
Adding EN signal on $memory\ram[54]$925 ($dff) from module cleave_dmem (D = \wdata_aligned [31:24], Q = \ram[54] [31:24]).
Adding EN signal on $memory\ram[53]$923 ($dff) from module cleave_dmem (D = \wdata_aligned [7:0], Q = \ram[53] [7:0]).
Adding EN signal on $memory\ram[53]$923 ($dff) from module cleave_dmem (D = \wdata_aligned [15:8], Q = \ram[53] [15:8]).
Adding EN signal on $memory\ram[53]$923 ($dff) from module cleave_dmem (D = \wdata_aligned [23:16], Q = \ram[53] [23:16]).
Adding EN signal on $memory\ram[53]$923 ($dff) from module cleave_dmem (D = \wdata_aligned [31:24], Q = \ram[53] [31:24]).
Adding EN signal on $memory\ram[52]$921 ($dff) from module cleave_dmem (D = \wdata_aligned [7:0], Q = \ram[52] [7:0]).
Adding EN signal on $memory\ram[52]$921 ($dff) from module cleave_dmem (D = \wdata_aligned [15:8], Q = \ram[52] [15:8]).
Adding EN signal on $memory\ram[52]$921 ($dff) from module cleave_dmem (D = \wdata_aligned [23:16], Q = \ram[52] [23:16]).
Adding EN signal on $memory\ram[52]$921 ($dff) from module cleave_dmem (D = \wdata_aligned [31:24], Q = \ram[52] [31:24]).
Adding EN signal on $memory\ram[51]$919 ($dff) from module cleave_dmem (D = \wdata_aligned [7:0], Q = \ram[51] [7:0]).
Adding EN signal on $memory\ram[51]$919 ($dff) from module cleave_dmem (D = \wdata_aligned [15:8], Q = \ram[51] [15:8]).
Adding EN signal on $memory\ram[51]$919 ($dff) from module cleave_dmem (D = \wdata_aligned [23:16], Q = \ram[51] [23:16]).
Adding EN signal on $memory\ram[51]$919 ($dff) from module cleave_dmem (D = \wdata_aligned [31:24], Q = \ram[51] [31:24]).
Adding EN signal on $memory\ram[50]$917 ($dff) from module cleave_dmem (D = \wdata_aligned [7:0], Q = \ram[50] [7:0]).
Adding EN signal on $memory\ram[50]$917 ($dff) from module cleave_dmem (D = \wdata_aligned [15:8], Q = \ram[50] [15:8]).
Adding EN signal on $memory\ram[50]$917 ($dff) from module cleave_dmem (D = \wdata_aligned [23:16], Q = \ram[50] [23:16]).
Adding EN signal on $memory\ram[50]$917 ($dff) from module cleave_dmem (D = \wdata_aligned [31:24], Q = \ram[50] [31:24]).
Adding EN signal on $memory\ram[4]$825 ($dff) from module cleave_dmem (D = \wdata_aligned [31:24], Q = \ram[4] [31:24]).
Adding EN signal on $memory\ram[4]$825 ($dff) from module cleave_dmem (D = \wdata_aligned [23:16], Q = \ram[4] [23:16]).
Adding EN signal on $memory\ram[4]$825 ($dff) from module cleave_dmem (D = \wdata_aligned [15:8], Q = \ram[4] [15:8]).
Adding EN signal on $memory\ram[4]$825 ($dff) from module cleave_dmem (D = \wdata_aligned [7:0], Q = \ram[4] [7:0]).
Adding EN signal on $memory\ram[49]$915 ($dff) from module cleave_dmem (D = \wdata_aligned [7:0], Q = \ram[49] [7:0]).
Adding EN signal on $memory\ram[49]$915 ($dff) from module cleave_dmem (D = \wdata_aligned [15:8], Q = \ram[49] [15:8]).
Adding EN signal on $memory\ram[49]$915 ($dff) from module cleave_dmem (D = \wdata_aligned [23:16], Q = \ram[49] [23:16]).
Adding EN signal on $memory\ram[49]$915 ($dff) from module cleave_dmem (D = \wdata_aligned [31:24], Q = \ram[49] [31:24]).
Adding EN signal on $memory\ram[48]$913 ($dff) from module cleave_dmem (D = \wdata_aligned [7:0], Q = \ram[48] [7:0]).
Adding EN signal on $memory\ram[48]$913 ($dff) from module cleave_dmem (D = \wdata_aligned [15:8], Q = \ram[48] [15:8]).
Adding EN signal on $memory\ram[48]$913 ($dff) from module cleave_dmem (D = \wdata_aligned [23:16], Q = \ram[48] [23:16]).
Adding EN signal on $memory\ram[48]$913 ($dff) from module cleave_dmem (D = \wdata_aligned [31:24], Q = \ram[48] [31:24]).
Adding EN signal on $memory\ram[47]$911 ($dff) from module cleave_dmem (D = \wdata_aligned [7:0], Q = \ram[47] [7:0]).
Adding EN signal on $memory\ram[47]$911 ($dff) from module cleave_dmem (D = \wdata_aligned [15:8], Q = \ram[47] [15:8]).
Adding EN signal on $memory\ram[47]$911 ($dff) from module cleave_dmem (D = \wdata_aligned [23:16], Q = \ram[47] [23:16]).
Adding EN signal on $memory\ram[47]$911 ($dff) from module cleave_dmem (D = \wdata_aligned [31:24], Q = \ram[47] [31:24]).
Adding EN signal on $memory\ram[46]$909 ($dff) from module cleave_dmem (D = \wdata_aligned [7:0], Q = \ram[46] [7:0]).
Adding EN signal on $memory\ram[46]$909 ($dff) from module cleave_dmem (D = \wdata_aligned [15:8], Q = \ram[46] [15:8]).
Adding EN signal on $memory\ram[46]$909 ($dff) from module cleave_dmem (D = \wdata_aligned [23:16], Q = \ram[46] [23:16]).
Adding EN signal on $memory\ram[46]$909 ($dff) from module cleave_dmem (D = \wdata_aligned [31:24], Q = \ram[46] [31:24]).
Adding EN signal on $memory\ram[45]$907 ($dff) from module cleave_dmem (D = \wdata_aligned [7:0], Q = \ram[45] [7:0]).
Adding EN signal on $memory\ram[45]$907 ($dff) from module cleave_dmem (D = \wdata_aligned [15:8], Q = \ram[45] [15:8]).
Adding EN signal on $memory\ram[45]$907 ($dff) from module cleave_dmem (D = \wdata_aligned [23:16], Q = \ram[45] [23:16]).
Adding EN signal on $memory\ram[45]$907 ($dff) from module cleave_dmem (D = \wdata_aligned [31:24], Q = \ram[45] [31:24]).
Adding EN signal on $memory\ram[44]$905 ($dff) from module cleave_dmem (D = \wdata_aligned [7:0], Q = \ram[44] [7:0]).
Adding EN signal on $memory\ram[44]$905 ($dff) from module cleave_dmem (D = \wdata_aligned [15:8], Q = \ram[44] [15:8]).
Adding EN signal on $memory\ram[44]$905 ($dff) from module cleave_dmem (D = \wdata_aligned [23:16], Q = \ram[44] [23:16]).
Adding EN signal on $memory\ram[44]$905 ($dff) from module cleave_dmem (D = \wdata_aligned [31:24], Q = \ram[44] [31:24]).
Adding EN signal on $memory\ram[43]$903 ($dff) from module cleave_dmem (D = \wdata_aligned [7:0], Q = \ram[43] [7:0]).
Adding EN signal on $memory\ram[43]$903 ($dff) from module cleave_dmem (D = \wdata_aligned [15:8], Q = \ram[43] [15:8]).
Adding EN signal on $memory\ram[43]$903 ($dff) from module cleave_dmem (D = \wdata_aligned [23:16], Q = \ram[43] [23:16]).
Adding EN signal on $memory\ram[43]$903 ($dff) from module cleave_dmem (D = \wdata_aligned [31:24], Q = \ram[43] [31:24]).
Adding EN signal on $memory\ram[42]$901 ($dff) from module cleave_dmem (D = \wdata_aligned [7:0], Q = \ram[42] [7:0]).
Adding EN signal on $memory\ram[42]$901 ($dff) from module cleave_dmem (D = \wdata_aligned [15:8], Q = \ram[42] [15:8]).
Adding EN signal on $memory\ram[42]$901 ($dff) from module cleave_dmem (D = \wdata_aligned [23:16], Q = \ram[42] [23:16]).
Adding EN signal on $memory\ram[42]$901 ($dff) from module cleave_dmem (D = \wdata_aligned [31:24], Q = \ram[42] [31:24]).
Adding EN signal on $memory\ram[41]$899 ($dff) from module cleave_dmem (D = \wdata_aligned [7:0], Q = \ram[41] [7:0]).
Adding EN signal on $memory\ram[41]$899 ($dff) from module cleave_dmem (D = \wdata_aligned [15:8], Q = \ram[41] [15:8]).
Adding EN signal on $memory\ram[41]$899 ($dff) from module cleave_dmem (D = \wdata_aligned [23:16], Q = \ram[41] [23:16]).
Adding EN signal on $memory\ram[41]$899 ($dff) from module cleave_dmem (D = \wdata_aligned [31:24], Q = \ram[41] [31:24]).
Adding EN signal on $memory\ram[40]$897 ($dff) from module cleave_dmem (D = \wdata_aligned [7:0], Q = \ram[40] [7:0]).
Adding EN signal on $memory\ram[40]$897 ($dff) from module cleave_dmem (D = \wdata_aligned [15:8], Q = \ram[40] [15:8]).
Adding EN signal on $memory\ram[40]$897 ($dff) from module cleave_dmem (D = \wdata_aligned [23:16], Q = \ram[40] [23:16]).
Adding EN signal on $memory\ram[40]$897 ($dff) from module cleave_dmem (D = \wdata_aligned [31:24], Q = \ram[40] [31:24]).
Adding EN signal on $memory\ram[3]$823 ($dff) from module cleave_dmem (D = \wdata_aligned [31:24], Q = \ram[3] [31:24]).
Adding EN signal on $memory\ram[3]$823 ($dff) from module cleave_dmem (D = \wdata_aligned [23:16], Q = \ram[3] [23:16]).
Adding EN signal on $memory\ram[3]$823 ($dff) from module cleave_dmem (D = \wdata_aligned [15:8], Q = \ram[3] [15:8]).
Adding EN signal on $memory\ram[3]$823 ($dff) from module cleave_dmem (D = \wdata_aligned [7:0], Q = \ram[3] [7:0]).
Adding EN signal on $memory\ram[39]$895 ($dff) from module cleave_dmem (D = \wdata_aligned [7:0], Q = \ram[39] [7:0]).
Adding EN signal on $memory\ram[39]$895 ($dff) from module cleave_dmem (D = \wdata_aligned [15:8], Q = \ram[39] [15:8]).
Adding EN signal on $memory\ram[39]$895 ($dff) from module cleave_dmem (D = \wdata_aligned [23:16], Q = \ram[39] [23:16]).
Adding EN signal on $memory\ram[39]$895 ($dff) from module cleave_dmem (D = \wdata_aligned [31:24], Q = \ram[39] [31:24]).
Adding EN signal on $memory\ram[38]$893 ($dff) from module cleave_dmem (D = \wdata_aligned [7:0], Q = \ram[38] [7:0]).
Adding EN signal on $memory\ram[38]$893 ($dff) from module cleave_dmem (D = \wdata_aligned [15:8], Q = \ram[38] [15:8]).
Adding EN signal on $memory\ram[38]$893 ($dff) from module cleave_dmem (D = \wdata_aligned [23:16], Q = \ram[38] [23:16]).
Adding EN signal on $memory\ram[38]$893 ($dff) from module cleave_dmem (D = \wdata_aligned [31:24], Q = \ram[38] [31:24]).
Adding EN signal on $memory\ram[37]$891 ($dff) from module cleave_dmem (D = \wdata_aligned [7:0], Q = \ram[37] [7:0]).
Adding EN signal on $memory\ram[37]$891 ($dff) from module cleave_dmem (D = \wdata_aligned [15:8], Q = \ram[37] [15:8]).
Adding EN signal on $memory\ram[37]$891 ($dff) from module cleave_dmem (D = \wdata_aligned [23:16], Q = \ram[37] [23:16]).
Adding EN signal on $memory\ram[37]$891 ($dff) from module cleave_dmem (D = \wdata_aligned [31:24], Q = \ram[37] [31:24]).
Adding EN signal on $memory\ram[36]$889 ($dff) from module cleave_dmem (D = \wdata_aligned [7:0], Q = \ram[36] [7:0]).
Adding EN signal on $memory\ram[36]$889 ($dff) from module cleave_dmem (D = \wdata_aligned [15:8], Q = \ram[36] [15:8]).
Adding EN signal on $memory\ram[36]$889 ($dff) from module cleave_dmem (D = \wdata_aligned [23:16], Q = \ram[36] [23:16]).
Adding EN signal on $memory\ram[36]$889 ($dff) from module cleave_dmem (D = \wdata_aligned [31:24], Q = \ram[36] [31:24]).
Adding EN signal on $memory\ram[35]$887 ($dff) from module cleave_dmem (D = \wdata_aligned [7:0], Q = \ram[35] [7:0]).
Adding EN signal on $memory\ram[35]$887 ($dff) from module cleave_dmem (D = \wdata_aligned [15:8], Q = \ram[35] [15:8]).
Adding EN signal on $memory\ram[35]$887 ($dff) from module cleave_dmem (D = \wdata_aligned [23:16], Q = \ram[35] [23:16]).
Adding EN signal on $memory\ram[35]$887 ($dff) from module cleave_dmem (D = \wdata_aligned [31:24], Q = \ram[35] [31:24]).
Adding EN signal on $memory\ram[34]$885 ($dff) from module cleave_dmem (D = \wdata_aligned [7:0], Q = \ram[34] [7:0]).
Adding EN signal on $memory\ram[34]$885 ($dff) from module cleave_dmem (D = \wdata_aligned [15:8], Q = \ram[34] [15:8]).
Adding EN signal on $memory\ram[34]$885 ($dff) from module cleave_dmem (D = \wdata_aligned [23:16], Q = \ram[34] [23:16]).
Adding EN signal on $memory\ram[34]$885 ($dff) from module cleave_dmem (D = \wdata_aligned [31:24], Q = \ram[34] [31:24]).
Adding EN signal on $memory\ram[33]$883 ($dff) from module cleave_dmem (D = \wdata_aligned [7:0], Q = \ram[33] [7:0]).
Adding EN signal on $memory\ram[33]$883 ($dff) from module cleave_dmem (D = \wdata_aligned [15:8], Q = \ram[33] [15:8]).
Adding EN signal on $memory\ram[33]$883 ($dff) from module cleave_dmem (D = \wdata_aligned [23:16], Q = \ram[33] [23:16]).
Adding EN signal on $memory\ram[33]$883 ($dff) from module cleave_dmem (D = \wdata_aligned [31:24], Q = \ram[33] [31:24]).
Adding EN signal on $memory\ram[32]$881 ($dff) from module cleave_dmem (D = \wdata_aligned [7:0], Q = \ram[32] [7:0]).
Adding EN signal on $memory\ram[32]$881 ($dff) from module cleave_dmem (D = \wdata_aligned [15:8], Q = \ram[32] [15:8]).
Adding EN signal on $memory\ram[32]$881 ($dff) from module cleave_dmem (D = \wdata_aligned [23:16], Q = \ram[32] [23:16]).
Adding EN signal on $memory\ram[32]$881 ($dff) from module cleave_dmem (D = \wdata_aligned [31:24], Q = \ram[32] [31:24]).
Adding EN signal on $memory\ram[31]$879 ($dff) from module cleave_dmem (D = \wdata_aligned [7:0], Q = \ram[31] [7:0]).
Adding EN signal on $memory\ram[31]$879 ($dff) from module cleave_dmem (D = \wdata_aligned [15:8], Q = \ram[31] [15:8]).
Adding EN signal on $memory\ram[31]$879 ($dff) from module cleave_dmem (D = \wdata_aligned [23:16], Q = \ram[31] [23:16]).
Adding EN signal on $memory\ram[31]$879 ($dff) from module cleave_dmem (D = \wdata_aligned [31:24], Q = \ram[31] [31:24]).
Adding EN signal on $memory\ram[30]$877 ($dff) from module cleave_dmem (D = \wdata_aligned [7:0], Q = \ram[30] [7:0]).
Adding EN signal on $memory\ram[30]$877 ($dff) from module cleave_dmem (D = \wdata_aligned [15:8], Q = \ram[30] [15:8]).
Adding EN signal on $memory\ram[30]$877 ($dff) from module cleave_dmem (D = \wdata_aligned [23:16], Q = \ram[30] [23:16]).
Adding EN signal on $memory\ram[30]$877 ($dff) from module cleave_dmem (D = \wdata_aligned [31:24], Q = \ram[30] [31:24]).
Adding EN signal on $memory\ram[2]$821 ($dff) from module cleave_dmem (D = \wdata_aligned [31:24], Q = \ram[2] [31:24]).
Adding EN signal on $memory\ram[2]$821 ($dff) from module cleave_dmem (D = \wdata_aligned [23:16], Q = \ram[2] [23:16]).
Adding EN signal on $memory\ram[2]$821 ($dff) from module cleave_dmem (D = \wdata_aligned [15:8], Q = \ram[2] [15:8]).
Adding EN signal on $memory\ram[2]$821 ($dff) from module cleave_dmem (D = \wdata_aligned [7:0], Q = \ram[2] [7:0]).
Adding EN signal on $memory\ram[29]$875 ($dff) from module cleave_dmem (D = \wdata_aligned [7:0], Q = \ram[29] [7:0]).
Adding EN signal on $memory\ram[29]$875 ($dff) from module cleave_dmem (D = \wdata_aligned [15:8], Q = \ram[29] [15:8]).
Adding EN signal on $memory\ram[29]$875 ($dff) from module cleave_dmem (D = \wdata_aligned [23:16], Q = \ram[29] [23:16]).
Adding EN signal on $memory\ram[29]$875 ($dff) from module cleave_dmem (D = \wdata_aligned [31:24], Q = \ram[29] [31:24]).
Adding EN signal on $memory\ram[28]$873 ($dff) from module cleave_dmem (D = \wdata_aligned [7:0], Q = \ram[28] [7:0]).
Adding EN signal on $memory\ram[28]$873 ($dff) from module cleave_dmem (D = \wdata_aligned [15:8], Q = \ram[28] [15:8]).
Adding EN signal on $memory\ram[28]$873 ($dff) from module cleave_dmem (D = \wdata_aligned [23:16], Q = \ram[28] [23:16]).
Adding EN signal on $memory\ram[28]$873 ($dff) from module cleave_dmem (D = \wdata_aligned [31:24], Q = \ram[28] [31:24]).
Adding EN signal on $memory\ram[27]$871 ($dff) from module cleave_dmem (D = \wdata_aligned [7:0], Q = \ram[27] [7:0]).
Adding EN signal on $memory\ram[27]$871 ($dff) from module cleave_dmem (D = \wdata_aligned [15:8], Q = \ram[27] [15:8]).
Adding EN signal on $memory\ram[27]$871 ($dff) from module cleave_dmem (D = \wdata_aligned [23:16], Q = \ram[27] [23:16]).
Adding EN signal on $memory\ram[27]$871 ($dff) from module cleave_dmem (D = \wdata_aligned [31:24], Q = \ram[27] [31:24]).
Adding EN signal on $memory\ram[26]$869 ($dff) from module cleave_dmem (D = \wdata_aligned [7:0], Q = \ram[26] [7:0]).
Adding EN signal on $memory\ram[26]$869 ($dff) from module cleave_dmem (D = \wdata_aligned [15:8], Q = \ram[26] [15:8]).
Adding EN signal on $memory\ram[26]$869 ($dff) from module cleave_dmem (D = \wdata_aligned [23:16], Q = \ram[26] [23:16]).
Adding EN signal on $memory\ram[26]$869 ($dff) from module cleave_dmem (D = \wdata_aligned [31:24], Q = \ram[26] [31:24]).
Adding EN signal on $memory\ram[25]$867 ($dff) from module cleave_dmem (D = \wdata_aligned [7:0], Q = \ram[25] [7:0]).
Adding EN signal on $memory\ram[25]$867 ($dff) from module cleave_dmem (D = \wdata_aligned [15:8], Q = \ram[25] [15:8]).
Adding EN signal on $memory\ram[25]$867 ($dff) from module cleave_dmem (D = \wdata_aligned [23:16], Q = \ram[25] [23:16]).
Adding EN signal on $memory\ram[25]$867 ($dff) from module cleave_dmem (D = \wdata_aligned [31:24], Q = \ram[25] [31:24]).
Adding EN signal on $memory\ram[24]$865 ($dff) from module cleave_dmem (D = \wdata_aligned [7:0], Q = \ram[24] [7:0]).
Adding EN signal on $memory\ram[24]$865 ($dff) from module cleave_dmem (D = \wdata_aligned [15:8], Q = \ram[24] [15:8]).
Adding EN signal on $memory\ram[24]$865 ($dff) from module cleave_dmem (D = \wdata_aligned [23:16], Q = \ram[24] [23:16]).
Adding EN signal on $memory\ram[24]$865 ($dff) from module cleave_dmem (D = \wdata_aligned [31:24], Q = \ram[24] [31:24]).
Adding EN signal on $memory\ram[23]$863 ($dff) from module cleave_dmem (D = \wdata_aligned [7:0], Q = \ram[23] [7:0]).
Adding EN signal on $memory\ram[23]$863 ($dff) from module cleave_dmem (D = \wdata_aligned [15:8], Q = \ram[23] [15:8]).
Adding EN signal on $memory\ram[23]$863 ($dff) from module cleave_dmem (D = \wdata_aligned [23:16], Q = \ram[23] [23:16]).
Adding EN signal on $memory\ram[23]$863 ($dff) from module cleave_dmem (D = \wdata_aligned [31:24], Q = \ram[23] [31:24]).
Adding EN signal on $memory\ram[22]$861 ($dff) from module cleave_dmem (D = \wdata_aligned [7:0], Q = \ram[22] [7:0]).
Adding EN signal on $memory\ram[22]$861 ($dff) from module cleave_dmem (D = \wdata_aligned [15:8], Q = \ram[22] [15:8]).
Adding EN signal on $memory\ram[22]$861 ($dff) from module cleave_dmem (D = \wdata_aligned [23:16], Q = \ram[22] [23:16]).
Adding EN signal on $memory\ram[22]$861 ($dff) from module cleave_dmem (D = \wdata_aligned [31:24], Q = \ram[22] [31:24]).
Adding EN signal on $memory\ram[21]$859 ($dff) from module cleave_dmem (D = \wdata_aligned [7:0], Q = \ram[21] [7:0]).
Adding EN signal on $memory\ram[21]$859 ($dff) from module cleave_dmem (D = \wdata_aligned [15:8], Q = \ram[21] [15:8]).
Adding EN signal on $memory\ram[21]$859 ($dff) from module cleave_dmem (D = \wdata_aligned [23:16], Q = \ram[21] [23:16]).
Adding EN signal on $memory\ram[21]$859 ($dff) from module cleave_dmem (D = \wdata_aligned [31:24], Q = \ram[21] [31:24]).
Adding EN signal on $memory\ram[20]$857 ($dff) from module cleave_dmem (D = \wdata_aligned [7:0], Q = \ram[20] [7:0]).
Adding EN signal on $memory\ram[20]$857 ($dff) from module cleave_dmem (D = \wdata_aligned [15:8], Q = \ram[20] [15:8]).
Adding EN signal on $memory\ram[20]$857 ($dff) from module cleave_dmem (D = \wdata_aligned [23:16], Q = \ram[20] [23:16]).
Adding EN signal on $memory\ram[20]$857 ($dff) from module cleave_dmem (D = \wdata_aligned [31:24], Q = \ram[20] [31:24]).
Adding EN signal on $memory\ram[1]$819 ($dff) from module cleave_dmem (D = \wdata_aligned [31:24], Q = \ram[1] [31:24]).
Adding EN signal on $memory\ram[1]$819 ($dff) from module cleave_dmem (D = \wdata_aligned [23:16], Q = \ram[1] [23:16]).
Adding EN signal on $memory\ram[1]$819 ($dff) from module cleave_dmem (D = \wdata_aligned [15:8], Q = \ram[1] [15:8]).
Adding EN signal on $memory\ram[1]$819 ($dff) from module cleave_dmem (D = \wdata_aligned [7:0], Q = \ram[1] [7:0]).
Adding EN signal on $memory\ram[19]$855 ($dff) from module cleave_dmem (D = \wdata_aligned [7:0], Q = \ram[19] [7:0]).
Adding EN signal on $memory\ram[19]$855 ($dff) from module cleave_dmem (D = \wdata_aligned [15:8], Q = \ram[19] [15:8]).
Adding EN signal on $memory\ram[19]$855 ($dff) from module cleave_dmem (D = \wdata_aligned [23:16], Q = \ram[19] [23:16]).
Adding EN signal on $memory\ram[19]$855 ($dff) from module cleave_dmem (D = \wdata_aligned [31:24], Q = \ram[19] [31:24]).
Adding EN signal on $memory\ram[18]$853 ($dff) from module cleave_dmem (D = \wdata_aligned [7:0], Q = \ram[18] [7:0]).
Adding EN signal on $memory\ram[18]$853 ($dff) from module cleave_dmem (D = \wdata_aligned [15:8], Q = \ram[18] [15:8]).
Adding EN signal on $memory\ram[18]$853 ($dff) from module cleave_dmem (D = \wdata_aligned [23:16], Q = \ram[18] [23:16]).
Adding EN signal on $memory\ram[18]$853 ($dff) from module cleave_dmem (D = \wdata_aligned [31:24], Q = \ram[18] [31:24]).
Adding EN signal on $memory\ram[17]$851 ($dff) from module cleave_dmem (D = \wdata_aligned [7:0], Q = \ram[17] [7:0]).
Adding EN signal on $memory\ram[17]$851 ($dff) from module cleave_dmem (D = \wdata_aligned [15:8], Q = \ram[17] [15:8]).
Adding EN signal on $memory\ram[17]$851 ($dff) from module cleave_dmem (D = \wdata_aligned [23:16], Q = \ram[17] [23:16]).
Adding EN signal on $memory\ram[17]$851 ($dff) from module cleave_dmem (D = \wdata_aligned [31:24], Q = \ram[17] [31:24]).
Adding EN signal on $memory\ram[16]$849 ($dff) from module cleave_dmem (D = \wdata_aligned [7:0], Q = \ram[16] [7:0]).
Adding EN signal on $memory\ram[16]$849 ($dff) from module cleave_dmem (D = \wdata_aligned [15:8], Q = \ram[16] [15:8]).
Adding EN signal on $memory\ram[16]$849 ($dff) from module cleave_dmem (D = \wdata_aligned [23:16], Q = \ram[16] [23:16]).
Adding EN signal on $memory\ram[16]$849 ($dff) from module cleave_dmem (D = \wdata_aligned [31:24], Q = \ram[16] [31:24]).
Adding EN signal on $memory\ram[15]$847 ($dff) from module cleave_dmem (D = \wdata_aligned [31:24], Q = \ram[15] [31:24]).
Adding EN signal on $memory\ram[15]$847 ($dff) from module cleave_dmem (D = \wdata_aligned [23:16], Q = \ram[15] [23:16]).
Adding EN signal on $memory\ram[15]$847 ($dff) from module cleave_dmem (D = \wdata_aligned [15:8], Q = \ram[15] [15:8]).
Adding EN signal on $memory\ram[15]$847 ($dff) from module cleave_dmem (D = \wdata_aligned [7:0], Q = \ram[15] [7:0]).
Adding EN signal on $memory\ram[14]$845 ($dff) from module cleave_dmem (D = \wdata_aligned [31:24], Q = \ram[14] [31:24]).
Adding EN signal on $memory\ram[14]$845 ($dff) from module cleave_dmem (D = \wdata_aligned [23:16], Q = \ram[14] [23:16]).
Adding EN signal on $memory\ram[14]$845 ($dff) from module cleave_dmem (D = \wdata_aligned [15:8], Q = \ram[14] [15:8]).
Adding EN signal on $memory\ram[14]$845 ($dff) from module cleave_dmem (D = \wdata_aligned [7:0], Q = \ram[14] [7:0]).
Adding EN signal on $memory\ram[13]$843 ($dff) from module cleave_dmem (D = \wdata_aligned [31:24], Q = \ram[13] [31:24]).
Adding EN signal on $memory\ram[13]$843 ($dff) from module cleave_dmem (D = \wdata_aligned [23:16], Q = \ram[13] [23:16]).
Adding EN signal on $memory\ram[13]$843 ($dff) from module cleave_dmem (D = \wdata_aligned [15:8], Q = \ram[13] [15:8]).
Adding EN signal on $memory\ram[13]$843 ($dff) from module cleave_dmem (D = \wdata_aligned [7:0], Q = \ram[13] [7:0]).
Adding EN signal on $memory\ram[12]$841 ($dff) from module cleave_dmem (D = \wdata_aligned [31:24], Q = \ram[12] [31:24]).
Adding EN signal on $memory\ram[12]$841 ($dff) from module cleave_dmem (D = \wdata_aligned [23:16], Q = \ram[12] [23:16]).
Adding EN signal on $memory\ram[12]$841 ($dff) from module cleave_dmem (D = \wdata_aligned [15:8], Q = \ram[12] [15:8]).
Adding EN signal on $memory\ram[12]$841 ($dff) from module cleave_dmem (D = \wdata_aligned [7:0], Q = \ram[12] [7:0]).
Adding EN signal on $memory\ram[11]$839 ($dff) from module cleave_dmem (D = \wdata_aligned [31:24], Q = \ram[11] [31:24]).
Adding EN signal on $memory\ram[11]$839 ($dff) from module cleave_dmem (D = \wdata_aligned [23:16], Q = \ram[11] [23:16]).
Adding EN signal on $memory\ram[11]$839 ($dff) from module cleave_dmem (D = \wdata_aligned [15:8], Q = \ram[11] [15:8]).
Adding EN signal on $memory\ram[11]$839 ($dff) from module cleave_dmem (D = \wdata_aligned [7:0], Q = \ram[11] [7:0]).
Adding EN signal on $memory\ram[10]$837 ($dff) from module cleave_dmem (D = \wdata_aligned [31:24], Q = \ram[10] [31:24]).
Adding EN signal on $memory\ram[10]$837 ($dff) from module cleave_dmem (D = \wdata_aligned [23:16], Q = \ram[10] [23:16]).
Adding EN signal on $memory\ram[10]$837 ($dff) from module cleave_dmem (D = \wdata_aligned [15:8], Q = \ram[10] [15:8]).
Adding EN signal on $memory\ram[10]$837 ($dff) from module cleave_dmem (D = \wdata_aligned [7:0], Q = \ram[10] [7:0]).
Adding EN signal on $memory\ram[0]$817 ($dff) from module cleave_dmem (D = \wdata_aligned [7:0], Q = \ram[0] [7:0]).
Adding EN signal on $memory\ram[0]$817 ($dff) from module cleave_dmem (D = \wdata_aligned [31:24], Q = \ram[0] [31:24]).
Adding EN signal on $memory\ram[0]$817 ($dff) from module cleave_dmem (D = \wdata_aligned [23:16], Q = \ram[0] [23:16]).
Adding EN signal on $memory\ram[0]$817 ($dff) from module cleave_dmem (D = \wdata_aligned [15:8], Q = \ram[0] [15:8]).
Adding EN signal on $memory\regs[9]$2563 ($dff) from module cleave_regfile (D = \wd, Q = \regs[9]).
Adding EN signal on $memory\regs[8]$2561 ($dff) from module cleave_regfile (D = \wd, Q = \regs[8]).
Adding EN signal on $memory\regs[7]$2559 ($dff) from module cleave_regfile (D = \wd, Q = \regs[7]).
Adding EN signal on $memory\regs[6]$2557 ($dff) from module cleave_regfile (D = \wd, Q = \regs[6]).
Adding EN signal on $memory\regs[5]$2555 ($dff) from module cleave_regfile (D = \wd, Q = \regs[5]).
Adding EN signal on $memory\regs[4]$2553 ($dff) from module cleave_regfile (D = \wd, Q = \regs[4]).
Adding EN signal on $memory\regs[3]$2551 ($dff) from module cleave_regfile (D = \wd, Q = \regs[3]).
Adding EN signal on $memory\regs[31]$2607 ($dff) from module cleave_regfile (D = \wd, Q = \regs[31]).
Adding EN signal on $memory\regs[30]$2605 ($dff) from module cleave_regfile (D = \wd, Q = \regs[30]).
Adding EN signal on $memory\regs[2]$2549 ($dff) from module cleave_regfile (D = \wd, Q = \regs[2]).
Adding EN signal on $memory\regs[29]$2603 ($dff) from module cleave_regfile (D = \wd, Q = \regs[29]).
Adding EN signal on $memory\regs[28]$2601 ($dff) from module cleave_regfile (D = \wd, Q = \regs[28]).
Adding EN signal on $memory\regs[27]$2599 ($dff) from module cleave_regfile (D = \wd, Q = \regs[27]).
Adding EN signal on $memory\regs[26]$2597 ($dff) from module cleave_regfile (D = \wd, Q = \regs[26]).
Adding EN signal on $memory\regs[25]$2595 ($dff) from module cleave_regfile (D = \wd, Q = \regs[25]).
Adding EN signal on $memory\regs[24]$2593 ($dff) from module cleave_regfile (D = \wd, Q = \regs[24]).
Adding EN signal on $memory\regs[23]$2591 ($dff) from module cleave_regfile (D = \wd, Q = \regs[23]).
Adding EN signal on $memory\regs[22]$2589 ($dff) from module cleave_regfile (D = \wd, Q = \regs[22]).
Adding EN signal on $memory\regs[21]$2587 ($dff) from module cleave_regfile (D = \wd, Q = \regs[21]).
Adding EN signal on $memory\regs[20]$2585 ($dff) from module cleave_regfile (D = \wd, Q = \regs[20]).
Adding EN signal on $memory\regs[1]$2547 ($dff) from module cleave_regfile (D = \wd, Q = \regs[1]).
Adding EN signal on $memory\regs[19]$2583 ($dff) from module cleave_regfile (D = \wd, Q = \regs[19]).
Adding EN signal on $memory\regs[18]$2581 ($dff) from module cleave_regfile (D = \wd, Q = \regs[18]).
Adding EN signal on $memory\regs[17]$2579 ($dff) from module cleave_regfile (D = \wd, Q = \regs[17]).
Adding EN signal on $memory\regs[16]$2577 ($dff) from module cleave_regfile (D = \wd, Q = \regs[16]).
Adding EN signal on $memory\regs[15]$2575 ($dff) from module cleave_regfile (D = \wd, Q = \regs[15]).
Adding EN signal on $memory\regs[14]$2573 ($dff) from module cleave_regfile (D = \wd, Q = \regs[14]).
Adding EN signal on $memory\regs[13]$2571 ($dff) from module cleave_regfile (D = \wd, Q = \regs[13]).
Adding EN signal on $memory\regs[12]$2569 ($dff) from module cleave_regfile (D = \wd, Q = \regs[12]).
Adding EN signal on $memory\regs[11]$2567 ($dff) from module cleave_regfile (D = \wd, Q = \regs[11]).
Adding EN signal on $memory\regs[10]$2565 ($dff) from module cleave_regfile (D = \wd, Q = \regs[10]).

12.19.16. Executing OPT_CLEAN pass (remove unused cells and wires).
Finding unused cells or wires in module \cleave_alu..
Finding unused cells or wires in module \cleave_branch..
Finding unused cells or wires in module \cleave_control..
Finding unused cells or wires in module \cleave_core..
Finding unused cells or wires in module \cleave_dmem..
Finding unused cells or wires in module \cleave_imem..
Finding unused cells or wires in module \cleave_immgen..
Finding unused cells or wires in module \cleave_pc..
Finding unused cells or wires in module \cleave_regfile..
Finding unused cells or wires in module \tt_um_cleave..
Removed 287 unused cells and 293 unused wires.
<suppressed ~290 debug messages>

12.19.17. Executing OPT_EXPR pass (perform const folding).
Optimizing module cleave_alu.
Optimizing module cleave_branch.
Optimizing module cleave_control.
Optimizing module cleave_core.
Optimizing module cleave_dmem.
<suppressed ~1 debug messages>
Optimizing module cleave_imem.
Optimizing module cleave_immgen.
Optimizing module cleave_pc.
Optimizing module cleave_regfile.
Optimizing module tt_um_cleave.

12.19.18. Rerunning OPT passes. (Maybe there is more to do..)

12.19.19. Executing OPT_MUXTREE pass (detect dead branches in mux trees).
Running muxtree optimizer on module \cleave_alu..
  Creating internal representation of mux trees.
  Evaluating internal representation of mux trees.
  Analyzing evaluation results.
Running muxtree optimizer on module \cleave_branch..
  Creating internal representation of mux trees.
  Evaluating internal representation of mux trees.
  Analyzing evaluation results.
Running muxtree optimizer on module \cleave_control..
  Creating internal representation of mux trees.
  Evaluating internal representation of mux trees.
  Analyzing evaluation results.
Running muxtree optimizer on module \cleave_core..
  Creating internal representation of mux trees.
  Evaluating internal representation of mux trees.
  Analyzing evaluation results.
Running muxtree optimizer on module \cleave_dmem..
  Creating internal representation of mux trees.
  Evaluating internal representation of mux trees.
  Analyzing evaluation results.
Running muxtree optimizer on module \cleave_imem..
  Creating internal representation of mux trees.
  Evaluating internal representation of mux trees.
  Analyzing evaluation results.
Running muxtree optimizer on module \cleave_immgen..
  Creating internal representation of mux trees.
  Evaluating internal representation of mux trees.
  Analyzing evaluation results.
Running muxtree optimizer on module \cleave_pc..
  Creating internal representation of mux trees.
  No muxes found in this module.
Running muxtree optimizer on module \cleave_regfile..
  Creating internal representation of mux trees.
  Evaluating internal representation of mux trees.
  Analyzing evaluation results.
Running muxtree optimizer on module \tt_um_cleave..
  Creating internal representation of mux trees.
  No muxes found in this module.
Removed 0 multiplexer ports.
<suppressed ~26 debug messages>

12.19.20. Executing OPT_REDUCE pass (consolidate $*mux and $reduce_* inputs).
  Optimizing cells in module \cleave_alu.
  Optimizing cells in module \cleave_branch.
  Optimizing cells in module \cleave_control.
  Optimizing cells in module \cleave_core.
  Optimizing cells in module \cleave_dmem.
  Optimizing cells in module \cleave_imem.
  Optimizing cells in module \cleave_immgen.
  Optimizing cells in module \cleave_pc.
  Optimizing cells in module \cleave_regfile.
  Optimizing cells in module \tt_um_cleave.
Performed a total of 0 changes.

12.19.21. Executing OPT_MERGE pass (detect identical cells).
Finding identical cells in module `\cleave_alu'.
Finding identical cells in module `\cleave_branch'.
Finding identical cells in module `\cleave_control'.
Finding identical cells in module `\cleave_core'.
Finding identical cells in module `\cleave_dmem'.
Finding identical cells in module `\cleave_imem'.
Finding identical cells in module `\cleave_immgen'.
Finding identical cells in module `\cleave_pc'.
Finding identical cells in module `\cleave_regfile'.
Finding identical cells in module `\tt_um_cleave'.
Removed a total of 0 cells.

12.19.22. Executing OPT_SHARE pass.

12.19.23. Executing OPT_DFF pass (perform DFF optimizations).

12.19.24. Executing OPT_CLEAN pass (remove unused cells and wires).
Finding unused cells or wires in module \cleave_alu..
Finding unused cells or wires in module \cleave_branch..
Finding unused cells or wires in module \cleave_control..
Finding unused cells or wires in module \cleave_core..
Finding unused cells or wires in module \cleave_dmem..
Finding unused cells or wires in module \cleave_imem..
Finding unused cells or wires in module \cleave_immgen..
Finding unused cells or wires in module \cleave_pc..
Finding unused cells or wires in module \cleave_regfile..
Finding unused cells or wires in module \tt_um_cleave..
Removed 0 unused cells and 1 unused wires.
<suppressed ~1 debug messages>

12.19.25. Executing OPT_EXPR pass (perform const folding).
Optimizing module cleave_alu.
Optimizing module cleave_branch.
Optimizing module cleave_control.
Optimizing module cleave_core.
Optimizing module cleave_dmem.
Optimizing module cleave_imem.
Optimizing module cleave_immgen.
Optimizing module cleave_pc.
Optimizing module cleave_regfile.
Optimizing module tt_um_cleave.

12.19.26. Rerunning OPT passes. (Maybe there is more to do..)

12.19.27. Executing OPT_MUXTREE pass (detect dead branches in mux trees).
Running muxtree optimizer on module \cleave_alu..
  Creating internal representation of mux trees.
  Evaluating internal representation of mux trees.
  Analyzing evaluation results.
Running muxtree optimizer on module \cleave_branch..
  Creating internal representation of mux trees.
  Evaluating internal representation of mux trees.
  Analyzing evaluation results.
Running muxtree optimizer on module \cleave_control..
  Creating internal representation of mux trees.
  Evaluating internal representation of mux trees.
  Analyzing evaluation results.
Running muxtree optimizer on module \cleave_core..
  Creating internal representation of mux trees.
  Evaluating internal representation of mux trees.
  Analyzing evaluation results.
Running muxtree optimizer on module \cleave_dmem..
  Creating internal representation of mux trees.
  Evaluating internal representation of mux trees.
  Analyzing evaluation results.
Running muxtree optimizer on module \cleave_imem..
  Creating internal representation of mux trees.
  Evaluating internal representation of mux trees.
  Analyzing evaluation results.
Running muxtree optimizer on module \cleave_immgen..
  Creating internal representation of mux trees.
  Evaluating internal representation of mux trees.
  Analyzing evaluation results.
Running muxtree optimizer on module \cleave_pc..
  Creating internal representation of mux trees.
  No muxes found in this module.
Running muxtree optimizer on module \cleave_regfile..
  Creating internal representation of mux trees.
  Evaluating internal representation of mux trees.
  Analyzing evaluation results.
Running muxtree optimizer on module \tt_um_cleave..
  Creating internal representation of mux trees.
  No muxes found in this module.
Removed 0 multiplexer ports.
<suppressed ~26 debug messages>

12.19.28. Executing OPT_REDUCE pass (consolidate $*mux and $reduce_* inputs).
  Optimizing cells in module \cleave_alu.
  Optimizing cells in module \cleave_branch.
  Optimizing cells in module \cleave_control.
  Optimizing cells in module \cleave_core.
  Optimizing cells in module \cleave_dmem.
  Optimizing cells in module \cleave_imem.
  Optimizing cells in module \cleave_immgen.
  Optimizing cells in module \cleave_pc.
  Optimizing cells in module \cleave_regfile.
  Optimizing cells in module \tt_um_cleave.
Performed a total of 0 changes.

12.19.29. Executing OPT_MERGE pass (detect identical cells).
Finding identical cells in module `\cleave_alu'.
Finding identical cells in module `\cleave_branch'.
Finding identical cells in module `\cleave_control'.
Finding identical cells in module `\cleave_core'.
Finding identical cells in module `\cleave_dmem'.
Finding identical cells in module `\cleave_imem'.
Finding identical cells in module `\cleave_immgen'.
Finding identical cells in module `\cleave_pc'.
Finding identical cells in module `\cleave_regfile'.
Finding identical cells in module `\tt_um_cleave'.
Removed a total of 0 cells.

12.19.30. Executing OPT_SHARE pass.

12.19.31. Executing OPT_DFF pass (perform DFF optimizations).

12.19.32. Executing OPT_CLEAN pass (remove unused cells and wires).
Finding unused cells or wires in module \cleave_alu..
Finding unused cells or wires in module \cleave_branch..
Finding unused cells or wires in module \cleave_control..
Finding unused cells or wires in module \cleave_core..
Finding unused cells or wires in module \cleave_dmem..
Finding unused cells or wires in module \cleave_imem..
Finding unused cells or wires in module \cleave_immgen..
Finding unused cells or wires in module \cleave_pc..
Finding unused cells or wires in module \cleave_regfile..
Finding unused cells or wires in module \tt_um_cleave..

12.19.33. Executing OPT_EXPR pass (perform const folding).
Optimizing module cleave_alu.
Optimizing module cleave_branch.
Optimizing module cleave_control.
Optimizing module cleave_core.
Optimizing module cleave_dmem.
Optimizing module cleave_imem.
Optimizing module cleave_immgen.
Optimizing module cleave_pc.
Optimizing module cleave_regfile.
Optimizing module tt_um_cleave.

12.19.34. Finished OPT passes. (There is nothing left to do.)

12.20. Executing TECHMAP pass (map to technology primitives).

12.20.1. Executing Verilog-2005 frontend: /usr/bin/../share/yosys/techmap.v
Parsing Verilog input from `/usr/bin/../share/yosys/techmap.v' to AST representation.
Generating RTLIL representation for module `\_90_simplemap_bool_ops'.
Generating RTLIL representation for module `\_90_simplemap_reduce_ops'.
Generating RTLIL representation for module `\_90_simplemap_logic_ops'.
Generating RTLIL representation for module `\_90_simplemap_compare_ops'.
Generating RTLIL representation for module `\_90_simplemap_various'.
Generating RTLIL representation for module `\_90_simplemap_registers'.
Generating RTLIL representation for module `\_90_shift_ops_shr_shl_sshl_sshr'.
Generating RTLIL representation for module `\_90_shift_shiftx'.
Generating RTLIL representation for module `\_90_fa'.
Generating RTLIL representation for module `\_90_lcu'.
Generating RTLIL representation for module `\_90_alu'.
Generating RTLIL representation for module `\_90_macc'.
Generating RTLIL representation for module `\_90_alumacc'.
Generating RTLIL representation for module `\$__div_mod_u'.
Generating RTLIL representation for module `\$__div_mod_trunc'.
Generating RTLIL representation for module `\_90_div'.
Generating RTLIL representation for module `\_90_mod'.
Generating RTLIL representation for module `\$__div_mod_floor'.
Generating RTLIL representation for module `\_90_divfloor'.
Generating RTLIL representation for module `\_90_modfloor'.
Generating RTLIL representation for module `\_90_pow'.
Generating RTLIL representation for module `\_90_pmux'.
Generating RTLIL representation for module `\_90_demux'.
Generating RTLIL representation for module `\_90_lut'.
Successfully finished Verilog frontend.

12.20.2. Continuing TECHMAP pass.
Using extmapper simplemap for cells of type $not.
Using extmapper simplemap for cells of type $logic_not.
Using extmapper simplemap for cells of type $mux.
Using extmapper simplemap for cells of type $dffe.
Using extmapper simplemap for cells of type $reduce_bool.
Using extmapper simplemap for cells of type $logic_and.
Using extmapper simplemap for cells of type $and.
Using extmapper simplemap for cells of type $sdff.
Using extmapper simplemap for cells of type $eq.
Using template $paramod$0ae36a7056fbae1b1191049d3533163e46c0843a\_90_pmux for cells of type $pmux.
Using extmapper simplemap for cells of type $reduce_or.
Using template $paramod$constmap:5afde6bdbe1e8a5aa913681d6fc3d8fb35a4b87a$paramod$cbc044d1bfac1f26bafb5691fcbb649e98f6b6fc\_90_shift_ops_shr_shl_sshl_sshr for cells of type $shl.
Using template $paramod$constmap:02ee4fad4c1ffc2bbdc3e6fbc37bedbf9185352a$paramod$335cfd09f1afa8139c4aafcbbe5f361887b79c5e\_90_shift_ops_shr_shl_sshl_sshr for cells of type $shl.
Using template $paramod$constmap:37b3cc4e06391b7a7ef418215dc52e2abb59f048$paramod$282e2f6c0b1116d84b8f8102ddacd7ff760b6794\_90_shift_shiftx for cells of type $shiftx.
Using template $paramod$b098bc6f249c0ac91c4d6e19d54b23c285914115\_90_pmux for cells of type $pmux.
Using template $paramod$bf2533632d512eac76dd186c0da49367e29b8e98\_90_pmux for cells of type $pmux.
Using template $paramod$fbc7873bff55778c0b3173955b7e4bce1d9d6834\_90_alu for cells of type $alu.
Using extmapper simplemap for cells of type $or.
Using template $paramod$44a13d10af618e7fbe7b9aad2f6151ffcee1e2fa\_90_alu for cells of type $alu.
Using template $paramod$645fe0cc96ae5edb83bff90cc2c78f4a20ca3e3c\_90_pmux for cells of type $pmux.
Using template $paramod$54d740639e1393b22262823179ff783ea9f17a35\_90_pmux for cells of type $pmux.
Using extmapper simplemap for cells of type $xor.
Using template $paramod\_90_lcu\WIDTH=32'00000000000000000000000000100000 for cells of type $lcu.
Using extmapper simplemap for cells of type $pos.
Using template $paramod\_90_lcu\WIDTH=32'00000000000000000000000000011110 for cells of type $lcu.
Using extmapper simplemap for cells of type $logic_or.
Using template $paramod$d31bf4d7d72e59528d18fbd4f322e9d608532043\_90_pmux for cells of type $pmux.
Using template $paramod$97565c3687be688407d1272a293bd9d0ae6852dc\_90_pmux for cells of type $pmux.
Using extmapper simplemap for cells of type $reduce_and.
Using template $paramod$b3b6ac92d800c6f07aa48f510f923d86a674e5a7\_90_pmux for cells of type $pmux.
Using template $paramod$constmap:87f69c0bea22f84de4bcd0314b57cb19e61b5eb7$paramod$455891ae50d34e43581a517459d55825f76fa58e\_90_shift_ops_shr_shl_sshl_sshr for cells of type $sshr.
Analyzing pattern of constant bits for this cell:
Creating constmapped module `$paramod$constmap:4621fcf06a436d1e2a4080e2ed9866a7d07a6e07$paramod$335cfd09f1afa8139c4aafcbbe5f361887b79c5e\_90_shift_ops_shr_shl_sshl_sshr'.

12.20.51. Executing OPT_MUXTREE pass (detect dead branches in mux trees).
Running muxtree optimizer on module $paramod$constmap:4621fcf06a436d1e2a4080e2ed9866a7d07a6e07$paramod$335cfd09f1afa8139c4aafcbbe5f361887b79c5e\_90_shift_ops_shr_shl_sshl_sshr..
  Creating internal representation of mux trees.
  No muxes found in this module.
Removed 0 multiplexer ports.
<suppressed ~3246 debug messages>

12.20.52. Executing OPT_EXPR pass (perform const folding).
Optimizing module $paramod$constmap:4621fcf06a436d1e2a4080e2ed9866a7d07a6e07$paramod$335cfd09f1afa8139c4aafcbbe5f361887b79c5e\_90_shift_ops_shr_shl_sshl_sshr.
<suppressed ~160 debug messages>
Removed 0 unused cells and 9 unused wires.
Using template $paramod$constmap:4621fcf06a436d1e2a4080e2ed9866a7d07a6e07$paramod$335cfd09f1afa8139c4aafcbbe5f361887b79c5e\_90_shift_ops_shr_shl_sshl_sshr for cells of type $shl.
Using template $paramod$c96def1cdcef2eee3c62e5dfb7ba2dd09c9f74dd\_90_pmux for cells of type $pmux.
No more expansions possible.
<suppressed ~372 debug messages>

12.21. Executing OPT pass (performing simple optimizations).

12.21.1. Executing OPT_EXPR pass (perform const folding).
Optimizing module cleave_alu.
<suppressed ~200 debug messages>
Optimizing module cleave_branch.
<suppressed ~51 debug messages>
Optimizing module cleave_control.
<suppressed ~120 debug messages>
Optimizing module cleave_core.
<suppressed ~213 debug messages>
Optimizing module cleave_dmem.
<suppressed ~160 debug messages>
Optimizing module cleave_imem.
<suppressed ~11 debug messages>
Optimizing module cleave_immgen.
<suppressed ~40 debug messages>
Optimizing module cleave_pc.
Optimizing module cleave_regfile.
<suppressed ~96 debug messages>
Optimizing module tt_um_cleave.

12.21.2. Executing OPT_MERGE pass (detect identical cells).
Finding identical cells in module `\cleave_alu'.
<suppressed ~243 debug messages>
Finding identical cells in module `\cleave_branch'.
<suppressed ~102 debug messages>
Finding identical cells in module `\cleave_control'.
<suppressed ~279 debug messages>
Finding identical cells in module `\cleave_core'.
<suppressed ~99 debug messages>
Finding identical cells in module `\cleave_dmem'.
<suppressed ~60 debug messages>
Finding identical cells in module `\cleave_imem'.
<suppressed ~324 debug messages>
Finding identical cells in module `\cleave_immgen'.
<suppressed ~201 debug messages>
Finding identical cells in module `\cleave_pc'.
Finding identical cells in module `\cleave_regfile'.
Finding identical cells in module `\tt_um_cleave'.
Removed a total of 436 cells.

12.21.3. Executing OPT_DFF pass (perform DFF optimizations).

12.21.4. Executing OPT_CLEAN pass (remove unused cells and wires).
Finding unused cells or wires in module \cleave_alu..
Finding unused cells or wires in module \cleave_branch..
Finding unused cells or wires in module \cleave_control..
Finding unused cells or wires in module \cleave_core..
Finding unused cells or wires in module \cleave_dmem..
Finding unused cells or wires in module \cleave_imem..
Finding unused cells or wires in module \cleave_immgen..
Finding unused cells or wires in module \cleave_pc..
Finding unused cells or wires in module \cleave_regfile..
Finding unused cells or wires in module \tt_um_cleave..
Removed 274 unused cells and 1153 unused wires.
<suppressed ~282 debug messages>

12.21.5. Finished fast OPT passes.

12.22. Executing ABC pass (technology mapping using ABC).

12.22.1. Extracting gate netlist of module `\cleave_alu' to `<abc-temp-dir>/input.blif'..
Extracted 1291 gates and 1360 wires to a netlist network with 68 inputs and 33 outputs.

12.22.1.1. Executing ABC.
Running ABC command: "<yosys-exe-dir>/yosys-abc" -s -f <abc-temp-dir>/abc.script 2>&1
ABC: ABC command line: "source <abc-temp-dir>/abc.script".
ABC: 
ABC: + read_blif <abc-temp-dir>/input.blif 
ABC: + read_library <abc-temp-dir>/stdcells.genlib 
ABC: Entered genlib library with 13 gates from file "<abc-temp-dir>/stdcells.genlib".
ABC: + strash 
ABC: + dretime 
ABC: + map 
ABC: + write_blif <abc-temp-dir>/output.blif 

12.22.1.2. Re-integrating ABC results.
ABC RESULTS:               NOT cells:       48
ABC RESULTS:             ORNOT cells:       43
ABC RESULTS:               XOR cells:       89
ABC RESULTS:              NAND cells:       53
ABC RESULTS:               NOR cells:       68
ABC RESULTS:              XNOR cells:       40
ABC RESULTS:               AND cells:       15
ABC RESULTS:               MUX cells:      322
ABC RESULTS:                OR cells:      223
ABC RESULTS:            ANDNOT cells:      353
ABC RESULTS:        internal signals:     1259
ABC RESULTS:           input signals:       68
ABC RESULTS:          output signals:       33
Removing temp directory.

12.22.2. Extracting gate netlist of module `\cleave_branch' to `<abc-temp-dir>/input.blif'..
Extracted 294 gates and 362 wires to a netlist network with 67 inputs and 1 outputs.

12.22.2.1. Executing ABC.
Running ABC command: "<yosys-exe-dir>/yosys-abc" -s -f <abc-temp-dir>/abc.script 2>&1
ABC: ABC command line: "source <abc-temp-dir>/abc.script".
ABC: 
ABC: + read_blif <abc-temp-dir>/input.blif 
ABC: + read_library <abc-temp-dir>/stdcells.genlib 
ABC: Entered genlib library with 13 gates from file "<abc-temp-dir>/stdcells.genlib".
ABC: + strash 
ABC: + dretime 
ABC: + map 
ABC: + write_blif <abc-temp-dir>/output.blif 

12.22.2.2. Re-integrating ABC results.
ABC RESULTS:              XNOR cells:       11
ABC RESULTS:               AND cells:        3
ABC RESULTS:             ORNOT cells:       33
ABC RESULTS:               NOR cells:        2
ABC RESULTS:               XOR cells:       55
ABC RESULTS:                OR cells:       47
ABC RESULTS:               MUX cells:        2
ABC RESULTS:              NAND cells:        4
ABC RESULTS:            ANDNOT cells:       84
ABC RESULTS:        internal signals:      294
ABC RESULTS:           input signals:       67
ABC RESULTS:          output signals:        1
Removing temp directory.

12.22.3. Extracting gate netlist of module `\cleave_control' to `<abc-temp-dir>/input.blif'..
Extracted 110 gates and 123 wires to a netlist network with 11 inputs and 18 outputs.

12.22.3.1. Executing ABC.
Running ABC command: "<yosys-exe-dir>/yosys-abc" -s -f <abc-temp-dir>/abc.script 2>&1
ABC: ABC command line: "source <abc-temp-dir>/abc.script".
ABC: 
ABC: + read_blif <abc-temp-dir>/input.blif 
ABC: + read_library <abc-temp-dir>/stdcells.genlib 
ABC: Entered genlib library with 13 gates from file "<abc-temp-dir>/stdcells.genlib".
ABC: + strash 
ABC: + dretime 
ABC: + map 
ABC: + write_blif <abc-temp-dir>/output.blif 

12.22.3.2. Re-integrating ABC results.
ABC RESULTS:               NOT cells:        1
ABC RESULTS:               AND cells:        3
ABC RESULTS:             ORNOT cells:        5
ABC RESULTS:              NAND cells:        5
ABC RESULTS:               MUX cells:        4
ABC RESULTS:               NOR cells:       13
ABC RESULTS:                OR cells:       36
ABC RESULTS:            ANDNOT cells:       17
ABC RESULTS:        internal signals:       94
ABC RESULTS:           input signals:       11
ABC RESULTS:          output signals:       18
Removing temp directory.

12.22.4. Extracting gate netlist of module `\cleave_core' to `<abc-temp-dir>/input.blif'..
Extracted 689 gates and 924 wires to a netlist network with 234 inputs and 136 outputs.

12.22.4.1. Executing ABC.
Running ABC command: "<yosys-exe-dir>/yosys-abc" -s -f <abc-temp-dir>/abc.script 2>&1
ABC: ABC command line: "source <abc-temp-dir>/abc.script".
ABC: 
ABC: + read_blif <abc-temp-dir>/input.blif 
ABC: + read_library <abc-temp-dir>/stdcells.genlib 
ABC: Entered genlib library with 13 gates from file "<abc-temp-dir>/stdcells.genlib".
ABC: + strash 
ABC: + dretime 
ABC: + map 
ABC: + write_blif <abc-temp-dir>/output.blif 

12.22.4.2. Re-integrating ABC results.
ABC RESULTS:               NOT cells:        1
ABC RESULTS:              XNOR cells:       34
ABC RESULTS:               XOR cells:       58
ABC RESULTS:               AND cells:       29
ABC RESULTS:               NOR cells:       29
ABC RESULTS:              NAND cells:       33
ABC RESULTS:             ORNOT cells:       12
ABC RESULTS:            ANDNOT cells:      182
ABC RESULTS:                OR cells:      132
ABC RESULTS:               MUX cells:      167
ABC RESULTS:        internal signals:      554
ABC RESULTS:           input signals:      234
ABC RESULTS:          output signals:      136
Removing temp directory.

12.22.5. Extracting gate netlist of module `\cleave_dmem' to `<abc-temp-dir>/input.blif'..
Extracted 2674 gates and 4768 wires to a netlist network with 2092 inputs and 320 outputs.

12.22.5.1. Executing ABC.
Running ABC command: "<yosys-exe-dir>/yosys-abc" -s -f <abc-temp-dir>/abc.script 2>&1
ABC: ABC command line: "source <abc-temp-dir>/abc.script".
ABC: 
ABC: + read_blif <abc-temp-dir>/input.blif 
ABC: + read_library <abc-temp-dir>/stdcells.genlib 
ABC: Entered genlib library with 13 gates from file "<abc-temp-dir>/stdcells.genlib".
ABC: + strash 
ABC: + dretime 
ABC: + map 
ABC: + write_blif <abc-temp-dir>/output.blif 

12.22.5.2. Re-integrating ABC results.
ABC RESULTS:               NOR cells:        3
ABC RESULTS:               NOT cells:       12
ABC RESULTS:             ORNOT cells:        7
ABC RESULTS:              NAND cells:        2
ABC RESULTS:                OR cells:      146
ABC RESULTS:               AND cells:        6
ABC RESULTS:            ANDNOT cells:      364
ABC RESULTS:               MUX cells:     2131
ABC RESULTS:        internal signals:     2356
ABC RESULTS:           input signals:     2092
ABC RESULTS:          output signals:      320
Removing temp directory.

12.22.6. Extracting gate netlist of module `\cleave_imem' to `<abc-temp-dir>/input.blif'..
Extracted 255 gates and 263 wires to a netlist network with 6 inputs and 30 outputs.

12.22.6.1. Executing ABC.
Running ABC command: "<yosys-exe-dir>/yosys-abc" -s -f <abc-temp-dir>/abc.script 2>&1
ABC: ABC command line: "source <abc-temp-dir>/abc.script".
ABC: 
ABC: + read_blif <abc-temp-dir>/input.blif 
ABC: + read_library <abc-temp-dir>/stdcells.genlib 
ABC: Entered genlib library with 13 gates from file "<abc-temp-dir>/stdcells.genlib".
ABC: + strash 
ABC: + dretime 
ABC: + map 
ABC: + write_blif <abc-temp-dir>/output.blif 

12.22.6.2. Re-integrating ABC results.
ABC RESULTS:              XNOR cells:        1
ABC RESULTS:               NOT cells:        6
ABC RESULTS:               AND cells:        2
ABC RESULTS:               NOR cells:        3
ABC RESULTS:             ORNOT cells:        6
ABC RESULTS:              NAND cells:        9
ABC RESULTS:                OR cells:       25
ABC RESULTS:               MUX cells:      163
ABC RESULTS:            ANDNOT cells:       54
ABC RESULTS:        internal signals:      227
ABC RESULTS:           input signals:        6
ABC RESULTS:          output signals:       30
Removing temp directory.

12.22.7. Extracting gate netlist of module `\cleave_immgen' to `<abc-temp-dir>/input.blif'..
Extracted 173 gates and 201 wires to a netlist network with 28 inputs and 31 outputs.

12.22.7.1. Executing ABC.
Running ABC command: "<yosys-exe-dir>/yosys-abc" -s -f <abc-temp-dir>/abc.script 2>&1
ABC: ABC command line: "source <abc-temp-dir>/abc.script".
ABC: 
ABC: + read_blif <abc-temp-dir>/input.blif 
ABC: + read_library <abc-temp-dir>/stdcells.genlib 
ABC: Entered genlib library with 13 gates from file "<abc-temp-dir>/stdcells.genlib".
ABC: + strash 
ABC: + dretime 
ABC: + map 
ABC: + write_blif <abc-temp-dir>/output.blif 

12.22.7.2. Re-integrating ABC results.
ABC RESULTS:               NOR cells:        1
ABC RESULTS:               AND cells:        1
ABC RESULTS:             ORNOT cells:        2
ABC RESULTS:              NAND cells:        3
ABC RESULTS:            ANDNOT cells:       64
ABC RESULTS:                OR cells:       64
ABC RESULTS:               MUX cells:       31
ABC RESULTS:        internal signals:      142
ABC RESULTS:           input signals:       28
ABC RESULTS:          output signals:       31
Removing temp directory.

12.22.8. Extracting gate netlist of module `\cleave_pc' to `<abc-temp-dir>/input.blif'..
Extracted 0 gates and 0 wires to a netlist network with 0 inputs and 0 outputs.
Don't call ABC as there is nothing to map.
Removing temp directory.

12.22.9. Extracting gate netlist of module `\cleave_regfile' to `<abc-temp-dir>/input.blif'..
Extracted 3076 gates and 4090 wires to a netlist network with 1013 inputs and 127 outputs.

12.22.9.1. Executing ABC.
Running ABC command: "<yosys-exe-dir>/yosys-abc" -s -f <abc-temp-dir>/abc.script 2>&1
ABC: ABC command line: "source <abc-temp-dir>/abc.script".
ABC: 
ABC: + read_blif <abc-temp-dir>/input.blif 
ABC: + read_library <abc-temp-dir>/stdcells.genlib 
ABC: Entered genlib library with 13 gates from file "<abc-temp-dir>/stdcells.genlib".
ABC: + strash 
ABC: + dretime 
ABC: + map 
ABC: + write_blif <abc-temp-dir>/output.blif 

12.22.9.2. Re-integrating ABC results.
ABC RESULTS:               MUX cells:     2880
ABC RESULTS:               NOR cells:        2
ABC RESULTS:               AND cells:        1
ABC RESULTS:               NOT cells:       13
ABC RESULTS:             ORNOT cells:        4
ABC RESULTS:              NAND cells:        2
ABC RESULTS:                OR cells:       50
ABC RESULTS:            ANDNOT cells:      131
ABC RESULTS:        internal signals:     2950
ABC RESULTS:           input signals:     1013
ABC RESULTS:          output signals:      127
Removing temp directory.

12.22.10. Extracting gate netlist of module `\tt_um_cleave' to `<abc-temp-dir>/input.blif'..
Extracted 1 gates and 2 wires to a netlist network with 1 inputs and 1 outputs.

12.22.10.1. Executing ABC.
Running ABC command: "<yosys-exe-dir>/yosys-abc" -s -f <abc-temp-dir>/abc.script 2>&1
ABC: ABC command line: "source <abc-temp-dir>/abc.script".
ABC: 
ABC: + read_blif <abc-temp-dir>/input.blif 
ABC: + read_library <abc-temp-dir>/stdcells.genlib 
ABC: Entered genlib library with 13 gates from file "<abc-temp-dir>/stdcells.genlib".
ABC: + strash 
ABC: + dretime 
ABC: + map 
ABC: + write_blif <abc-temp-dir>/output.blif 

12.22.10.2. Re-integrating ABC results.
ABC RESULTS:               NOT cells:        1
ABC RESULTS:        internal signals:        0
ABC RESULTS:           input signals:        1
ABC RESULTS:          output signals:        1
Removing temp directory.

12.23. Executing OPT pass (performing simple optimizations).

12.23.1. Executing OPT_EXPR pass (perform const folding).
Optimizing module cleave_alu.
<suppressed ~132 debug messages>
Optimizing module cleave_branch.
Optimizing module cleave_control.
Optimizing module cleave_core.
Optimizing module cleave_dmem.
<suppressed ~1034 debug messages>
Optimizing module cleave_imem.
<suppressed ~115 debug messages>
Optimizing module cleave_immgen.
Optimizing module cleave_pc.
Optimizing module cleave_regfile.
<suppressed ~1440 debug messages>
Optimizing module tt_um_cleave.

12.23.2. Executing OPT_MERGE pass (detect identical cells).
Finding identical cells in module `\cleave_alu'.
<suppressed ~6 debug messages>
Finding identical cells in module `\cleave_branch'.
<suppressed ~87 debug messages>
Finding identical cells in module `\cleave_control'.
Finding identical cells in module `\cleave_core'.
Finding identical cells in module `\cleave_dmem'.
Finding identical cells in module `\cleave_imem'.
<suppressed ~18 debug messages>
Finding identical cells in module `\cleave_immgen'.
Finding identical cells in module `\cleave_pc'.
Finding identical cells in module `\cleave_regfile'.
Finding identical cells in module `\tt_um_cleave'.
Removed a total of 37 cells.

12.23.3. Executing OPT_DFF pass (perform DFF optimizations).

12.23.4. Executing OPT_CLEAN pass (remove unused cells and wires).
Finding unused cells or wires in module \cleave_alu..
Finding unused cells or wires in module \cleave_branch..
Finding unused cells or wires in module \cleave_control..
Finding unused cells or wires in module \cleave_core..
Finding unused cells or wires in module \cleave_dmem..
Finding unused cells or wires in module \cleave_imem..
Finding unused cells or wires in module \cleave_immgen..
Finding unused cells or wires in module \cleave_pc..
Finding unused cells or wires in module \cleave_regfile..
Finding unused cells or wires in module \tt_um_cleave..
Removed 14 unused cells and 5334 unused wires.
<suppressed ~41 debug messages>

12.23.5. Finished fast OPT passes.

12.24. Executing HIERARCHY pass (managing design hierarchy).

12.24.1. Analyzing design hierarchy..
Top module:  \tt_um_cleave
Used module:     \cleave_core
Used module:         \cleave_alu
Used module:         \cleave_branch
Used module:         \cleave_control
Used module:         \cleave_dmem
Used module:         \cleave_imem
Used module:         \cleave_immgen
Used module:         \cleave_pc
Used module:         \cleave_regfile

12.24.2. Analyzing design hierarchy..
Top module:  \tt_um_cleave
Used module:     \cleave_core
Used module:         \cleave_alu
Used module:         \cleave_branch
Used module:         \cleave_control
Used module:         \cleave_dmem
Used module:         \cleave_imem
Used module:         \cleave_immgen
Used module:         \cleave_pc
Used module:         \cleave_regfile
Removed 0 unused modules.

12.25. Printing statistics.

=== cleave_alu ===

   Number of wires:               1224
   Number of wire bits:           1324
   Number of public wires:           6
   Number of public wire bits:     106
   Number of memories:               0
   Number of memory bits:            0
   Number of processes:              0
   Number of cells:               1251
     $_ANDNOT_                     353
     $_AND_                         15
     $_MUX_                        322
     $_NAND_                        53
     $_NOR_                         68
     $_NOT_                         47
     $_ORNOT_                       43
     $_OR_                         223
     $_XNOR_                        38
     $_XOR_                         89

=== cleave_branch ===

   Number of wires:                215
   Number of wire bits:            279
   Number of public wires:           4
   Number of public wire bits:      68
   Number of memories:               0
   Number of memory bits:            0
   Number of processes:              0
   Number of cells:                212
     $_ANDNOT_                      84
     $_AND_                          3
     $_MUX_                          2
     $_NAND_                         4
     $_NOR_                          2
     $_ORNOT_                       33
     $_OR_                          40
     $_XNOR_                        11
     $_XOR_                         33

=== cleave_control ===

   Number of wires:                 81
   Number of wire bits:             95
   Number of public wires:          15
   Number of public wire bits:      29
   Number of memories:               0
   Number of memory bits:            0
   Number of processes:              0
   Number of cells:                 84
     $_ANDNOT_                      17
     $_AND_                          3
     $_MUX_                          4
     $_NAND_                         5
     $_NOR_                         13
     $_NOT_                          1
     $_ORNOT_                        5
     $_OR_                          36

=== cleave_core ===

   Number of wires:                582
   Number of wire bits:           1067
   Number of public wires:          41
   Number of public wire bits:     526
   Number of memories:               0
   Number of memory bits:            0
   Number of processes:              0
   Number of cells:                685
     $_ANDNOT_                     182
     $_AND_                         29
     $_MUX_                        167
     $_NAND_                        33
     $_NOR_                         29
     $_NOT_                          1
     $_ORNOT_                       12
     $_OR_                         132
     $_XNOR_                        34
     $_XOR_                         58
     cleave_alu                      1
     cleave_branch                   1
     cleave_control                  1
     cleave_dmem                     1
     cleave_imem                     1
     cleave_immgen                   1
     cleave_pc                       1
     cleave_regfile                  1

=== cleave_dmem ===

   Number of wires:               2676
   Number of wire bits:           4792
   Number of public wires:          73
   Number of public wire bits:    2189
   Number of memories:               0
   Number of memory bits:            0
   Number of processes:              0
   Number of cells:               4715
     $_ANDNOT_                     364
     $_AND_                          6
     $_DFFE_PP_                   2048
     $_MUX_                       2131
     $_NAND_                         2
     $_NOR_                          3
     $_NOT_                          8
     $_ORNOT_                        7
     $_OR_                         146

=== cleave_imem ===

   Number of wires:                237
   Number of wire bits:            335
   Number of public wires:           4
   Number of public wire bits:     102
   Number of memories:               0
   Number of memory bits:            0
   Number of processes:              0
   Number of cells:                263
     $_ANDNOT_                      54
     $_AND_                          2
     $_MUX_                        161
     $_NAND_                         9
     $_NOR_                          2
     $_NOT_                          6
     $_ORNOT_                        4
     $_OR_                          24
     $_XNOR_                         1

=== cleave_immgen ===

   Number of wires:                138
   Number of wire bits:            202
   Number of public wires:           3
   Number of public wire bits:      67
   Number of memories:               0
   Number of memory bits:            0
   Number of processes:              0
   Number of cells:                166
     $_ANDNOT_                      64
     $_AND_                          1
     $_MUX_                         31
     $_NAND_                         3
     $_NOR_                          1
     $_ORNOT_                        2
     $_OR_                          64

=== cleave_pc ===

   Number of wires:                  4
   Number of wire bits:             66
   Number of public wires:           4
   Number of public wire bits:      66
   Number of memories:               0
   Number of memory bits:            0
   Number of processes:              0
   Number of cells:                 32
     $_SDFF_PP0_                    32

=== cleave_regfile ===

   Number of wires:               3019
   Number of wire bits:           4120
   Number of public wires:          41
   Number of public wire bits:    1142
   Number of memories:               0
   Number of memory bits:            0
   Number of processes:              0
   Number of cells:               4066
     $_ANDNOT_                     131
     $_AND_                          1
     $_DFFE_PP_                    992
     $_MUX_                       2880
     $_NAND_                         2
     $_NOR_                          2
     $_NOT_                          4
     $_ORNOT_                        4
     $_OR_                          50

=== tt_um_cleave ===

   Number of wires:                 11
   Number of wire bits:             53
   Number of public wires:          11
   Number of public wire bits:      53
   Number of memories:               0
   Number of memory bits:            0
   Number of processes:              0
   Number of cells:                  2
     $_NOT_                          1
     cleave_core                     1

=== design hierarchy ===

   tt_um_cleave                      1
     cleave_core                     1
       cleave_alu                    1
       cleave_branch                 1
       cleave_control                1
       cleave_dmem                   1
       cleave_imem                   1
       cleave_immgen                 1
       cleave_pc                     1
       cleave_regfile                1

   Number of wires:               8187
   Number of wire bits:          12333
   Number of public wires:         202
   Number of public wire bits:    4348
   Number of memories:               0
   Number of memory bits:            0
   Number of processes:              0
   Number of cells:              11467
     $_ANDNOT_                    1249
     $_AND_                         60
     $_DFFE_PP_                   3040
     $_MUX_                       5698
     $_NAND_                       111
     $_NOR_                        120
     $_NOT_                         68
     $_ORNOT_                      110
     $_OR_                         715
     $_SDFF_PP0_                    32
     $_XNOR_                        84
     $_XOR_                        180

12.26. Executing CHECK pass (checking for obvious problems).
Checking module cleave_alu...
Checking module cleave_branch...
Checking module cleave_control...
Checking module cleave_core...
Checking module cleave_dmem...
Checking module cleave_imem...
Checking module cleave_immgen...
Checking module cleave_pc...
Checking module cleave_regfile...
Checking module tt_um_cleave...
Found and reported 0 problems.

13. Executing DFFLIBMAP pass (mapping DFF cells to sequential cells from liberty file).
Warning: Found unsupported expression 'D&!SCE|SCD&SCE' in pin attribute of cell 'sky130_fd_sc_hd__sdfbbn_1' - skipping.
Warning: Found unsupported expression 'D&!SCE|SCD&SCE' in pin attribute of cell 'sky130_fd_sc_hd__sdfbbn_2' - skipping.
Warning: Found unsupported expression 'D&!SCE|SCD&SCE' in pin attribute of cell 'sky130_fd_sc_hd__sdfrtn_1' - skipping.
Warning: Found unsupported expression 'D&DE|IQ&!DE' in pin attribute of cell 'sky130_fd_sc_hd__edfxbp_1' - skipping.
Warning: Found unsupported expression 'D&DE|IQ&!DE' in pin attribute of cell 'sky130_fd_sc_hd__edfxtp_1' - skipping.
Warning: Found unsupported expression 'D&!SCE|SCD&SCE' in pin attribute of cell 'sky130_fd_sc_hd__sdfbbp_1' - skipping.
Warning: Found unsupported expression 'D&!SCE|SCD&SCE' in pin attribute of cell 'sky130_fd_sc_hd__sdfrbp_1' - skipping.
Warning: Found unsupported expression 'D&!SCE|SCD&SCE' in pin attribute of cell 'sky130_fd_sc_hd__sdfrbp_2' - skipping.
Warning: Found unsupported expression 'D&!SCE|SCD&SCE' in pin attribute of cell 'sky130_fd_sc_hd__sdfrtp_1' - skipping.
Warning: Found unsupported expression 'D&!SCE|SCD&SCE' in pin attribute of cell 'sky130_fd_sc_hd__sdfrtp_2' - skipping.
Warning: Found unsupported expression 'D&!SCE|SCD&SCE' in pin attribute of cell 'sky130_fd_sc_hd__sdfrtp_4' - skipping.
Warning: Found unsupported expression 'D&!SCE|SCD&SCE' in pin attribute of cell 'sky130_fd_sc_hd__sdfsbp_1' - skipping.
Warning: Found unsupported expression 'D&!SCE|SCD&SCE' in pin attribute of cell 'sky130_fd_sc_hd__sdfsbp_2' - skipping.
Warning: Found unsupported expression 'D&!SCE|SCD&SCE' in pin attribute of cell 'sky130_fd_sc_hd__sdfstp_1' - skipping.
Warning: Found unsupported expression 'D&!SCE|SCD&SCE' in pin attribute of cell 'sky130_fd_sc_hd__sdfstp_2' - skipping.
Warning: Found unsupported expression 'D&!SCE|SCD&SCE' in pin attribute of cell 'sky130_fd_sc_hd__sdfstp_4' - skipping.
Warning: Found unsupported expression 'D&!SCE|SCD&SCE' in pin attribute of cell 'sky130_fd_sc_hd__sdfxbp_1' - skipping.
Warning: Found unsupported expression 'D&!SCE|SCD&SCE' in pin attribute of cell 'sky130_fd_sc_hd__sdfxbp_2' - skipping.
Warning: Found unsupported expression 'D&!SCE|SCD&SCE' in pin attribute of cell 'sky130_fd_sc_hd__sdfxtp_1' - skipping.
Warning: Found unsupported expression 'D&!SCE|SCD&SCE' in pin attribute of cell 'sky130_fd_sc_hd__sdfxtp_2' - skipping.
Warning: Found unsupported expression 'D&!SCE|SCD&SCE' in pin attribute of cell 'sky130_fd_sc_hd__sdfxtp_4' - skipping.
Warning: Found unsupported expression 'D&DE&!SCE|IQ&!DE&!SCE|SCD&SCE' in pin attribute of cell 'sky130_fd_sc_hd__sedfxbp_1' - skipping.
Warning: Found unsupported expression 'D&DE&!SCE|IQ&!DE&!SCE|SCD&SCE' in pin attribute of cell 'sky130_fd_sc_hd__sedfxbp_2' - skipping.
Warning: Found unsupported expression 'D&DE&!SCE|IQ&!DE&!SCE|SCD&SCE' in pin attribute of cell 'sky130_fd_sc_hd__sedfxtp_1' - skipping.
Warning: Found unsupported expression 'D&DE&!SCE|IQ&!DE&!SCE|SCD&SCE' in pin attribute of cell 'sky130_fd_sc_hd__sedfxtp_2' - skipping.
Warning: Found unsupported expression 'D&DE&!SCE|IQ&!DE&!SCE|SCD&SCE' in pin attribute of cell 'sky130_fd_sc_hd__sedfxtp_4' - skipping.
  cell sky130_fd_sc_hd__dfxtp_1 (noninv, pins=3, area=20.02) is a direct match for cell type $_DFF_P_.
Warning: Found unsupported expression 'D&!SCE|SCD&SCE' in pin attribute of cell 'sky130_fd_sc_hd__sdfbbn_1' - skipping.
Warning: Found unsupported expression 'D&!SCE|SCD&SCE' in pin attribute of cell 'sky130_fd_sc_hd__sdfbbn_2' - skipping.
Warning: Found unsupported expression 'D&!SCE|SCD&SCE' in pin attribute of cell 'sky130_fd_sc_hd__sdfrtn_1' - skipping.
  cell sky130_fd_sc_hd__dfrtn_1 (noninv, pins=4, area=25.02) is a direct match for cell type $_DFF_NN0_.
Warning: Found unsupported expression 'D&!SCE|SCD&SCE' in pin attribute of cell 'sky130_fd_sc_hd__sdfbbn_1' - skipping.
Warning: Found unsupported expression 'D&!SCE|SCD&SCE' in pin attribute of cell 'sky130_fd_sc_hd__sdfbbn_2' - skipping.
Warning: Found unsupported expression 'D&!SCE|SCD&SCE' in pin attribute of cell 'sky130_fd_sc_hd__sdfrtn_1' - skipping.
Warning: Found unsupported expression 'D&!SCE|SCD&SCE' in pin attribute of cell 'sky130_fd_sc_hd__sdfbbn_1' - skipping.
Warning: Found unsupported expression 'D&!SCE|SCD&SCE' in pin attribute of cell 'sky130_fd_sc_hd__sdfbbn_2' - skipping.
Warning: Found unsupported expression 'D&!SCE|SCD&SCE' in pin attribute of cell 'sky130_fd_sc_hd__sdfrtn_1' - skipping.
Warning: Found unsupported expression 'D&!SCE|SCD&SCE' in pin attribute of cell 'sky130_fd_sc_hd__sdfbbn_1' - skipping.
Warning: Found unsupported expression 'D&!SCE|SCD&SCE' in pin attribute of cell 'sky130_fd_sc_hd__sdfbbn_2' - skipping.
Warning: Found unsupported expression 'D&!SCE|SCD&SCE' in pin attribute of cell 'sky130_fd_sc_hd__sdfrtn_1' - skipping.
Warning: Found unsupported expression 'D&DE|IQ&!DE' in pin attribute of cell 'sky130_fd_sc_hd__edfxbp_1' - skipping.
Warning: Found unsupported expression 'D&DE|IQ&!DE' in pin attribute of cell 'sky130_fd_sc_hd__edfxtp_1' - skipping.
Warning: Found unsupported expression 'D&!SCE|SCD&SCE' in pin attribute of cell 'sky130_fd_sc_hd__sdfbbp_1' - skipping.
Warning: Found unsupported expression 'D&!SCE|SCD&SCE' in pin attribute of cell 'sky130_fd_sc_hd__sdfrbp_1' - skipping.
Warning: Found unsupported expression 'D&!SCE|SCD&SCE' in pin attribute of cell 'sky130_fd_sc_hd__sdfrbp_2' - skipping.
Warning: Found unsupported expression 'D&!SCE|SCD&SCE' in pin attribute of cell 'sky130_fd_sc_hd__sdfrtp_1' - skipping.
Warning: Found unsupported expression 'D&!SCE|SCD&SCE' in pin attribute of cell 'sky130_fd_sc_hd__sdfrtp_2' - skipping.
Warning: Found unsupported expression 'D&!SCE|SCD&SCE' in pin attribute of cell 'sky130_fd_sc_hd__sdfrtp_4' - skipping.
Warning: Found unsupported expression 'D&!SCE|SCD&SCE' in pin attribute of cell 'sky130_fd_sc_hd__sdfsbp_1' - skipping.
Warning: Found unsupported expression 'D&!SCE|SCD&SCE' in pin attribute of cell 'sky130_fd_sc_hd__sdfsbp_2' - skipping.
Warning: Found unsupported expression 'D&!SCE|SCD&SCE' in pin attribute of cell 'sky130_fd_sc_hd__sdfstp_1' - skipping.
Warning: Found unsupported expression 'D&!SCE|SCD&SCE' in pin attribute of cell 'sky130_fd_sc_hd__sdfstp_2' - skipping.
Warning: Found unsupported expression 'D&!SCE|SCD&SCE' in pin attribute of cell 'sky130_fd_sc_hd__sdfstp_4' - skipping.
Warning: Found unsupported expression 'D&!SCE|SCD&SCE' in pin attribute of cell 'sky130_fd_sc_hd__sdfxbp_1' - skipping.
Warning: Found unsupported expression 'D&!SCE|SCD&SCE' in pin attribute of cell 'sky130_fd_sc_hd__sdfxbp_2' - skipping.
Warning: Found unsupported expression 'D&!SCE|SCD&SCE' in pin attribute of cell 'sky130_fd_sc_hd__sdfxtp_1' - skipping.
Warning: Found unsupported expression 'D&!SCE|SCD&SCE' in pin attribute of cell 'sky130_fd_sc_hd__sdfxtp_2' - skipping.
Warning: Found unsupported expression 'D&!SCE|SCD&SCE' in pin attribute of cell 'sky130_fd_sc_hd__sdfxtp_4' - skipping.
Warning: Found unsupported expression 'D&DE&!SCE|IQ&!DE&!SCE|SCD&SCE' in pin attribute of cell 'sky130_fd_sc_hd__sedfxbp_1' - skipping.
Warning: Found unsupported expression 'D&DE&!SCE|IQ&!DE&!SCE|SCD&SCE' in pin attribute of cell 'sky130_fd_sc_hd__sedfxbp_2' - skipping.
Warning: Found unsupported expression 'D&DE&!SCE|IQ&!DE&!SCE|SCD&SCE' in pin attribute of cell 'sky130_fd_sc_hd__sedfxtp_1' - skipping.
Warning: Found unsupported expression 'D&DE&!SCE|IQ&!DE&!SCE|SCD&SCE' in pin attribute of cell 'sky130_fd_sc_hd__sedfxtp_2' - skipping.
Warning: Found unsupported expression 'D&DE&!SCE|IQ&!DE&!SCE|SCD&SCE' in pin attribute of cell 'sky130_fd_sc_hd__sedfxtp_4' - skipping.
  cell sky130_fd_sc_hd__dfrtp_1 (noninv, pins=4, area=25.02) is a direct match for cell type $_DFF_PN0_.
Warning: Found unsupported expression 'D&DE|IQ&!DE' in pin attribute of cell 'sky130_fd_sc_hd__edfxbp_1' - skipping.
Warning: Found unsupported expression 'D&DE|IQ&!DE' in pin attribute of cell 'sky130_fd_sc_hd__edfxtp_1' - skipping.
Warning: Found unsupported expression 'D&!SCE|SCD&SCE' in pin attribute of cell 'sky130_fd_sc_hd__sdfbbp_1' - skipping.
Warning: Found unsupported expression 'D&!SCE|SCD&SCE' in pin attribute of cell 'sky130_fd_sc_hd__sdfrbp_1' - skipping.
Warning: Found unsupported expression 'D&!SCE|SCD&SCE' in pin attribute of cell 'sky130_fd_sc_hd__sdfrbp_2' - skipping.
Warning: Found unsupported expression 'D&!SCE|SCD&SCE' in pin attribute of cell 'sky130_fd_sc_hd__sdfrtp_1' - skipping.
Warning: Found unsupported expression 'D&!SCE|SCD&SCE' in pin attribute of cell 'sky130_fd_sc_hd__sdfrtp_2' - skipping.
Warning: Found unsupported expression 'D&!SCE|SCD&SCE' in pin attribute of cell 'sky130_fd_sc_hd__sdfrtp_4' - skipping.
Warning: Found unsupported expression 'D&!SCE|SCD&SCE' in pin attribute of cell 'sky130_fd_sc_hd__sdfsbp_1' - skipping.
Warning: Found unsupported expression 'D&!SCE|SCD&SCE' in pin attribute of cell 'sky130_fd_sc_hd__sdfsbp_2' - skipping.
Warning: Found unsupported expression 'D&!SCE|SCD&SCE' in pin attribute of cell 'sky130_fd_sc_hd__sdfstp_1' - skipping.
Warning: Found unsupported expression 'D&!SCE|SCD&SCE' in pin attribute of cell 'sky130_fd_sc_hd__sdfstp_2' - skipping.
Warning: Found unsupported expression 'D&!SCE|SCD&SCE' in pin attribute of cell 'sky130_fd_sc_hd__sdfstp_4' - skipping.
Warning: Found unsupported expression 'D&!SCE|SCD&SCE' in pin attribute of cell 'sky130_fd_sc_hd__sdfxbp_1' - skipping.
Warning: Found unsupported expression 'D&!SCE|SCD&SCE' in pin attribute of cell 'sky130_fd_sc_hd__sdfxbp_2' - skipping.
Warning: Found unsupported expression 'D&!SCE|SCD&SCE' in pin attribute of cell 'sky130_fd_sc_hd__sdfxtp_1' - skipping.
Warning: Found unsupported expression 'D&!SCE|SCD&SCE' in pin attribute of cell 'sky130_fd_sc_hd__sdfxtp_2' - skipping.
Warning: Found unsupported expression 'D&!SCE|SCD&SCE' in pin attribute of cell 'sky130_fd_sc_hd__sdfxtp_4' - skipping.
Warning: Found unsupported expression 'D&DE&!SCE|IQ&!DE&!SCE|SCD&SCE' in pin attribute of cell 'sky130_fd_sc_hd__sedfxbp_1' - skipping.
Warning: Found unsupported expression 'D&DE&!SCE|IQ&!DE&!SCE|SCD&SCE' in pin attribute of cell 'sky130_fd_sc_hd__sedfxbp_2' - skipping.
Warning: Found unsupported expression 'D&DE&!SCE|IQ&!DE&!SCE|SCD&SCE' in pin attribute of cell 'sky130_fd_sc_hd__sedfxtp_1' - skipping.
Warning: Found unsupported expression 'D&DE&!SCE|IQ&!DE&!SCE|SCD&SCE' in pin attribute of cell 'sky130_fd_sc_hd__sedfxtp_2' - skipping.
Warning: Found unsupported expression 'D&DE&!SCE|IQ&!DE&!SCE|SCD&SCE' in pin attribute of cell 'sky130_fd_sc_hd__sedfxtp_4' - skipping.
  cell sky130_fd_sc_hd__dfstp_2 (noninv, pins=4, area=26.28) is a direct match for cell type $_DFF_PN1_.
Warning: Found unsupported expression 'D&DE|IQ&!DE' in pin attribute of cell 'sky130_fd_sc_hd__edfxbp_1' - skipping.
Warning: Found unsupported expression 'D&DE|IQ&!DE' in pin attribute of cell 'sky130_fd_sc_hd__edfxtp_1' - skipping.
Warning: Found unsupported expression 'D&!SCE|SCD&SCE' in pin attribute of cell 'sky130_fd_sc_hd__sdfbbp_1' - skipping.
Warning: Found unsupported expression 'D&!SCE|SCD&SCE' in pin attribute of cell 'sky130_fd_sc_hd__sdfrbp_1' - skipping.
Warning: Found unsupported expression 'D&!SCE|SCD&SCE' in pin attribute of cell 'sky130_fd_sc_hd__sdfrbp_2' - skipping.
Warning: Found unsupported expression 'D&!SCE|SCD&SCE' in pin attribute of cell 'sky130_fd_sc_hd__sdfrtp_1' - skipping.
Warning: Found unsupported expression 'D&!SCE|SCD&SCE' in pin attribute of cell 'sky130_fd_sc_hd__sdfrtp_2' - skipping.
Warning: Found unsupported expression 'D&!SCE|SCD&SCE' in pin attribute of cell 'sky130_fd_sc_hd__sdfrtp_4' - skipping.
Warning: Found unsupported expression 'D&!SCE|SCD&SCE' in pin attribute of cell 'sky130_fd_sc_hd__sdfsbp_1' - skipping.
Warning: Found unsupported expression 'D&!SCE|SCD&SCE' in pin attribute of cell 'sky130_fd_sc_hd__sdfsbp_2' - skipping.
Warning: Found unsupported expression 'D&!SCE|SCD&SCE' in pin attribute of cell 'sky130_fd_sc_hd__sdfstp_1' - skipping.
Warning: Found unsupported expression 'D&!SCE|SCD&SCE' in pin attribute of cell 'sky130_fd_sc_hd__sdfstp_2' - skipping.
Warning: Found unsupported expression 'D&!SCE|SCD&SCE' in pin attribute of cell 'sky130_fd_sc_hd__sdfstp_4' - skipping.
Warning: Found unsupported expression 'D&!SCE|SCD&SCE' in pin attribute of cell 'sky130_fd_sc_hd__sdfxbp_1' - skipping.
Warning: Found unsupported expression 'D&!SCE|SCD&SCE' in pin attribute of cell 'sky130_fd_sc_hd__sdfxbp_2' - skipping.
Warning: Found unsupported expression 'D&!SCE|SCD&SCE' in pin attribute of cell 'sky130_fd_sc_hd__sdfxtp_1' - skipping.
Warning: Found unsupported expression 'D&!SCE|SCD&SCE' in pin attribute of cell 'sky130_fd_sc_hd__sdfxtp_2' - skipping.
Warning: Found unsupported expression 'D&!SCE|SCD&SCE' in pin attribute of cell 'sky130_fd_sc_hd__sdfxtp_4' - skipping.
Warning: Found unsupported expression 'D&DE&!SCE|IQ&!DE&!SCE|SCD&SCE' in pin attribute of cell 'sky130_fd_sc_hd__sedfxbp_1' - skipping.
Warning: Found unsupported expression 'D&DE&!SCE|IQ&!DE&!SCE|SCD&SCE' in pin attribute of cell 'sky130_fd_sc_hd__sedfxbp_2' - skipping.
Warning: Found unsupported expression 'D&DE&!SCE|IQ&!DE&!SCE|SCD&SCE' in pin attribute of cell 'sky130_fd_sc_hd__sedfxtp_1' - skipping.
Warning: Found unsupported expression 'D&DE&!SCE|IQ&!DE&!SCE|SCD&SCE' in pin attribute of cell 'sky130_fd_sc_hd__sedfxtp_2' - skipping.
Warning: Found unsupported expression 'D&DE&!SCE|IQ&!DE&!SCE|SCD&SCE' in pin attribute of cell 'sky130_fd_sc_hd__sedfxtp_4' - skipping.
Warning: Found unsupported expression 'D&DE|IQ&!DE' in pin attribute of cell 'sky130_fd_sc_hd__edfxbp_1' - skipping.
Warning: Found unsupported expression 'D&DE|IQ&!DE' in pin attribute of cell 'sky130_fd_sc_hd__edfxtp_1' - skipping.
Warning: Found unsupported expression 'D&!SCE|SCD&SCE' in pin attribute of cell 'sky130_fd_sc_hd__sdfbbp_1' - skipping.
Warning: Found unsupported expression 'D&!SCE|SCD&SCE' in pin attribute of cell 'sky130_fd_sc_hd__sdfrbp_1' - skipping.
Warning: Found unsupported expression 'D&!SCE|SCD&SCE' in pin attribute of cell 'sky130_fd_sc_hd__sdfrbp_2' - skipping.
Warning: Found unsupported expression 'D&!SCE|SCD&SCE' in pin attribute of cell 'sky130_fd_sc_hd__sdfrtp_1' - skipping.
Warning: Found unsupported expression 'D&!SCE|SCD&SCE' in pin attribute of cell 'sky130_fd_sc_hd__sdfrtp_2' - skipping.
Warning: Found unsupported expression 'D&!SCE|SCD&SCE' in pin attribute of cell 'sky130_fd_sc_hd__sdfrtp_4' - skipping.
Warning: Found unsupported expression 'D&!SCE|SCD&SCE' in pin attribute of cell 'sky130_fd_sc_hd__sdfsbp_1' - skipping.
Warning: Found unsupported expression 'D&!SCE|SCD&SCE' in pin attribute of cell 'sky130_fd_sc_hd__sdfsbp_2' - skipping.
Warning: Found unsupported expression 'D&!SCE|SCD&SCE' in pin attribute of cell 'sky130_fd_sc_hd__sdfstp_1' - skipping.
Warning: Found unsupported expression 'D&!SCE|SCD&SCE' in pin attribute of cell 'sky130_fd_sc_hd__sdfstp_2' - skipping.
Warning: Found unsupported expression 'D&!SCE|SCD&SCE' in pin attribute of cell 'sky130_fd_sc_hd__sdfstp_4' - skipping.
Warning: Found unsupported expression 'D&!SCE|SCD&SCE' in pin attribute of cell 'sky130_fd_sc_hd__sdfxbp_1' - skipping.
Warning: Found unsupported expression 'D&!SCE|SCD&SCE' in pin attribute of cell 'sky130_fd_sc_hd__sdfxbp_2' - skipping.
Warning: Found unsupported expression 'D&!SCE|SCD&SCE' in pin attribute of cell 'sky130_fd_sc_hd__sdfxtp_1' - skipping.
Warning: Found unsupported expression 'D&!SCE|SCD&SCE' in pin attribute of cell 'sky130_fd_sc_hd__sdfxtp_2' - skipping.
Warning: Found unsupported expression 'D&!SCE|SCD&SCE' in pin attribute of cell 'sky130_fd_sc_hd__sdfxtp_4' - skipping.
Warning: Found unsupported expression 'D&DE&!SCE|IQ&!DE&!SCE|SCD&SCE' in pin attribute of cell 'sky130_fd_sc_hd__sedfxbp_1' - skipping.
Warning: Found unsupported expression 'D&DE&!SCE|IQ&!DE&!SCE|SCD&SCE' in pin attribute of cell 'sky130_fd_sc_hd__sedfxbp_2' - skipping.
Warning: Found unsupported expression 'D&DE&!SCE|IQ&!DE&!SCE|SCD&SCE' in pin attribute of cell 'sky130_fd_sc_hd__sedfxtp_1' - skipping.
Warning: Found unsupported expression 'D&DE&!SCE|IQ&!DE&!SCE|SCD&SCE' in pin attribute of cell 'sky130_fd_sc_hd__sedfxtp_2' - skipping.
Warning: Found unsupported expression 'D&DE&!SCE|IQ&!DE&!SCE|SCD&SCE' in pin attribute of cell 'sky130_fd_sc_hd__sedfxtp_4' - skipping.
Warning: Found unsupported expression 'D&!SCE|SCD&SCE' in pin attribute of cell 'sky130_fd_sc_hd__sdfbbn_1' - skipping.
Warning: Found unsupported expression 'D&!SCE|SCD&SCE' in pin attribute of cell 'sky130_fd_sc_hd__sdfbbn_2' - skipping.
Warning: Found unsupported expression 'D&!SCE|SCD&SCE' in pin attribute of cell 'sky130_fd_sc_hd__sdfrtn_1' - skipping.
  cell sky130_fd_sc_hd__dfbbn_1 (noninv, pins=6, area=32.53) is a direct match for cell type $_DFFSR_NNN_.
Warning: Found unsupported expression 'D&!SCE|SCD&SCE' in pin attribute of cell 'sky130_fd_sc_hd__sdfbbn_1' - skipping.
Warning: Found unsupported expression 'D&!SCE|SCD&SCE' in pin attribute of cell 'sky130_fd_sc_hd__sdfbbn_2' - skipping.
Warning: Found unsupported expression 'D&!SCE|SCD&SCE' in pin attribute of cell 'sky130_fd_sc_hd__sdfrtn_1' - skipping.
Warning: Found unsupported expression 'D&!SCE|SCD&SCE' in pin attribute of cell 'sky130_fd_sc_hd__sdfbbn_1' - skipping.
Warning: Found unsupported expression 'D&!SCE|SCD&SCE' in pin attribute of cell 'sky130_fd_sc_hd__sdfbbn_2' - skipping.
Warning: Found unsupported expression 'D&!SCE|SCD&SCE' in pin attribute of cell 'sky130_fd_sc_hd__sdfrtn_1' - skipping.
Warning: Found unsupported expression 'D&!SCE|SCD&SCE' in pin attribute of cell 'sky130_fd_sc_hd__sdfbbn_1' - skipping.
Warning: Found unsupported expression 'D&!SCE|SCD&SCE' in pin attribute of cell 'sky130_fd_sc_hd__sdfbbn_2' - skipping.
Warning: Found unsupported expression 'D&!SCE|SCD&SCE' in pin attribute of cell 'sky130_fd_sc_hd__sdfrtn_1' - skipping.
Warning: Found unsupported expression 'D&DE|IQ&!DE' in pin attribute of cell 'sky130_fd_sc_hd__edfxbp_1' - skipping.
Warning: Found unsupported expression 'D&DE|IQ&!DE' in pin attribute of cell 'sky130_fd_sc_hd__edfxtp_1' - skipping.
Warning: Found unsupported expression 'D&!SCE|SCD&SCE' in pin attribute of cell 'sky130_fd_sc_hd__sdfbbp_1' - skipping.
Warning: Found unsupported expression 'D&!SCE|SCD&SCE' in pin attribute of cell 'sky130_fd_sc_hd__sdfrbp_1' - skipping.
Warning: Found unsupported expression 'D&!SCE|SCD&SCE' in pin attribute of cell 'sky130_fd_sc_hd__sdfrbp_2' - skipping.
Warning: Found unsupported expression 'D&!SCE|SCD&SCE' in pin attribute of cell 'sky130_fd_sc_hd__sdfrtp_1' - skipping.
Warning: Found unsupported expression 'D&!SCE|SCD&SCE' in pin attribute of cell 'sky130_fd_sc_hd__sdfrtp_2' - skipping.
Warning: Found unsupported expression 'D&!SCE|SCD&SCE' in pin attribute of cell 'sky130_fd_sc_hd__sdfrtp_4' - skipping.
Warning: Found unsupported expression 'D&!SCE|SCD&SCE' in pin attribute of cell 'sky130_fd_sc_hd__sdfsbp_1' - skipping.
Warning: Found unsupported expression 'D&!SCE|SCD&SCE' in pin attribute of cell 'sky130_fd_sc_hd__sdfsbp_2' - skipping.
Warning: Found unsupported expression 'D&!SCE|SCD&SCE' in pin attribute of cell 'sky130_fd_sc_hd__sdfstp_1' - skipping.
Warning: Found unsupported expression 'D&!SCE|SCD&SCE' in pin attribute of cell 'sky130_fd_sc_hd__sdfstp_2' - skipping.
Warning: Found unsupported expression 'D&!SCE|SCD&SCE' in pin attribute of cell 'sky130_fd_sc_hd__sdfstp_4' - skipping.
Warning: Found unsupported expression 'D&!SCE|SCD&SCE' in pin attribute of cell 'sky130_fd_sc_hd__sdfxbp_1' - skipping.
Warning: Found unsupported expression 'D&!SCE|SCD&SCE' in pin attribute of cell 'sky130_fd_sc_hd__sdfxbp_2' - skipping.
Warning: Found unsupported expression 'D&!SCE|SCD&SCE' in pin attribute of cell 'sky130_fd_sc_hd__sdfxtp_1' - skipping.
Warning: Found unsupported expression 'D&!SCE|SCD&SCE' in pin attribute of cell 'sky130_fd_sc_hd__sdfxtp_2' - skipping.
Warning: Found unsupported expression 'D&!SCE|SCD&SCE' in pin attribute of cell 'sky130_fd_sc_hd__sdfxtp_4' - skipping.
Warning: Found unsupported expression 'D&DE&!SCE|IQ&!DE&!SCE|SCD&SCE' in pin attribute of cell 'sky130_fd_sc_hd__sedfxbp_1' - skipping.
Warning: Found unsupported expression 'D&DE&!SCE|IQ&!DE&!SCE|SCD&SCE' in pin attribute of cell 'sky130_fd_sc_hd__sedfxbp_2' - skipping.
Warning: Found unsupported expression 'D&DE&!SCE|IQ&!DE&!SCE|SCD&SCE' in pin attribute of cell 'sky130_fd_sc_hd__sedfxtp_1' - skipping.
Warning: Found unsupported expression 'D&DE&!SCE|IQ&!DE&!SCE|SCD&SCE' in pin attribute of cell 'sky130_fd_sc_hd__sedfxtp_2' - skipping.
Warning: Found unsupported expression 'D&DE&!SCE|IQ&!DE&!SCE|SCD&SCE' in pin attribute of cell 'sky130_fd_sc_hd__sedfxtp_4' - skipping.
  cell sky130_fd_sc_hd__dfbbp_1 (noninv, pins=6, area=32.53) is a direct match for cell type $_DFFSR_PNN_.
Warning: Found unsupported expression 'D&DE|IQ&!DE' in pin attribute of cell 'sky130_fd_sc_hd__edfxbp_1' - skipping.
Warning: Found unsupported expression 'D&DE|IQ&!DE' in pin attribute of cell 'sky130_fd_sc_hd__edfxtp_1' - skipping.
Warning: Found unsupported expression 'D&!SCE|SCD&SCE' in pin attribute of cell 'sky130_fd_sc_hd__sdfbbp_1' - skipping.
Warning: Found unsupported expression 'D&!SCE|SCD&SCE' in pin attribute of cell 'sky130_fd_sc_hd__sdfrbp_1' - skipping.
Warning: Found unsupported expression 'D&!SCE|SCD&SCE' in pin attribute of cell 'sky130_fd_sc_hd__sdfrbp_2' - skipping.
Warning: Found unsupported expression 'D&!SCE|SCD&SCE' in pin attribute of cell 'sky130_fd_sc_hd__sdfrtp_1' - skipping.
Warning: Found unsupported expression 'D&!SCE|SCD&SCE' in pin attribute of cell 'sky130_fd_sc_hd__sdfrtp_2' - skipping.
Warning: Found unsupported expression 'D&!SCE|SCD&SCE' in pin attribute of cell 'sky130_fd_sc_hd__sdfrtp_4' - skipping.
Warning: Found unsupported expression 'D&!SCE|SCD&SCE' in pin attribute of cell 'sky130_fd_sc_hd__sdfsbp_1' - skipping.
Warning: Found unsupported expression 'D&!SCE|SCD&SCE' in pin attribute of cell 'sky130_fd_sc_hd__sdfsbp_2' - skipping.
Warning: Found unsupported expression 'D&!SCE|SCD&SCE' in pin attribute of cell 'sky130_fd_sc_hd__sdfstp_1' - skipping.
Warning: Found unsupported expression 'D&!SCE|SCD&SCE' in pin attribute of cell 'sky130_fd_sc_hd__sdfstp_2' - skipping.
Warning: Found unsupported expression 'D&!SCE|SCD&SCE' in pin attribute of cell 'sky130_fd_sc_hd__sdfstp_4' - skipping.
Warning: Found unsupported expression 'D&!SCE|SCD&SCE' in pin attribute of cell 'sky130_fd_sc_hd__sdfxbp_1' - skipping.
Warning: Found unsupported expression 'D&!SCE|SCD&SCE' in pin attribute of cell 'sky130_fd_sc_hd__sdfxbp_2' - skipping.
Warning: Found unsupported expression 'D&!SCE|SCD&SCE' in pin attribute of cell 'sky130_fd_sc_hd__sdfxtp_1' - skipping.
Warning: Found unsupported expression 'D&!SCE|SCD&SCE' in pin attribute of cell 'sky130_fd_sc_hd__sdfxtp_2' - skipping.
Warning: Found unsupported expression 'D&!SCE|SCD&SCE' in pin attribute of cell 'sky130_fd_sc_hd__sdfxtp_4' - skipping.
Warning: Found unsupported expression 'D&DE&!SCE|IQ&!DE&!SCE|SCD&SCE' in pin attribute of cell 'sky130_fd_sc_hd__sedfxbp_1' - skipping.
Warning: Found unsupported expression 'D&DE&!SCE|IQ&!DE&!SCE|SCD&SCE' in pin attribute of cell 'sky130_fd_sc_hd__sedfxbp_2' - skipping.
Warning: Found unsupported expression 'D&DE&!SCE|IQ&!DE&!SCE|SCD&SCE' in pin attribute of cell 'sky130_fd_sc_hd__sedfxtp_1' - skipping.
Warning: Found unsupported expression 'D&DE&!SCE|IQ&!DE&!SCE|SCD&SCE' in pin attribute of cell 'sky130_fd_sc_hd__sedfxtp_2' - skipping.
Warning: Found unsupported expression 'D&DE&!SCE|IQ&!DE&!SCE|SCD&SCE' in pin attribute of cell 'sky130_fd_sc_hd__sedfxtp_4' - skipping.
Warning: Found unsupported expression 'D&DE|IQ&!DE' in pin attribute of cell 'sky130_fd_sc_hd__edfxbp_1' - skipping.
Warning: Found unsupported expression 'D&DE|IQ&!DE' in pin attribute of cell 'sky130_fd_sc_hd__edfxtp_1' - skipping.
Warning: Found unsupported expression 'D&!SCE|SCD&SCE' in pin attribute of cell 'sky130_fd_sc_hd__sdfbbp_1' - skipping.
Warning: Found unsupported expression 'D&!SCE|SCD&SCE' in pin attribute of cell 'sky130_fd_sc_hd__sdfrbp_1' - skipping.
Warning: Found unsupported expression 'D&!SCE|SCD&SCE' in pin attribute of cell 'sky130_fd_sc_hd__sdfrbp_2' - skipping.
Warning: Found unsupported expression 'D&!SCE|SCD&SCE' in pin attribute of cell 'sky130_fd_sc_hd__sdfrtp_1' - skipping.
Warning: Found unsupported expression 'D&!SCE|SCD&SCE' in pin attribute of cell 'sky130_fd_sc_hd__sdfrtp_2' - skipping.
Warning: Found unsupported expression 'D&!SCE|SCD&SCE' in pin attribute of cell 'sky130_fd_sc_hd__sdfrtp_4' - skipping.
Warning: Found unsupported expression 'D&!SCE|SCD&SCE' in pin attribute of cell 'sky130_fd_sc_hd__sdfsbp_1' - skipping.
Warning: Found unsupported expression 'D&!SCE|SCD&SCE' in pin attribute of cell 'sky130_fd_sc_hd__sdfsbp_2' - skipping.
Warning: Found unsupported expression 'D&!SCE|SCD&SCE' in pin attribute of cell 'sky130_fd_sc_hd__sdfstp_1' - skipping.
Warning: Found unsupported expression 'D&!SCE|SCD&SCE' in pin attribute of cell 'sky130_fd_sc_hd__sdfstp_2' - skipping.
Warning: Found unsupported expression 'D&!SCE|SCD&SCE' in pin attribute of cell 'sky130_fd_sc_hd__sdfstp_4' - skipping.
Warning: Found unsupported expression 'D&!SCE|SCD&SCE' in pin attribute of cell 'sky130_fd_sc_hd__sdfxbp_1' - skipping.
Warning: Found unsupported expression 'D&!SCE|SCD&SCE' in pin attribute of cell 'sky130_fd_sc_hd__sdfxbp_2' - skipping.
Warning: Found unsupported expression 'D&!SCE|SCD&SCE' in pin attribute of cell 'sky130_fd_sc_hd__sdfxtp_1' - skipping.
Warning: Found unsupported expression 'D&!SCE|SCD&SCE' in pin attribute of cell 'sky130_fd_sc_hd__sdfxtp_2' - skipping.
Warning: Found unsupported expression 'D&!SCE|SCD&SCE' in pin attribute of cell 'sky130_fd_sc_hd__sdfxtp_4' - skipping.
Warning: Found unsupported expression 'D&DE&!SCE|IQ&!DE&!SCE|SCD&SCE' in pin attribute of cell 'sky130_fd_sc_hd__sedfxbp_1' - skipping.
Warning: Found unsupported expression 'D&DE&!SCE|IQ&!DE&!SCE|SCD&SCE' in pin attribute of cell 'sky130_fd_sc_hd__sedfxbp_2' - skipping.
Warning: Found unsupported expression 'D&DE&!SCE|IQ&!DE&!SCE|SCD&SCE' in pin attribute of cell 'sky130_fd_sc_hd__sedfxtp_1' - skipping.
Warning: Found unsupported expression 'D&DE&!SCE|IQ&!DE&!SCE|SCD&SCE' in pin attribute of cell 'sky130_fd_sc_hd__sedfxtp_2' - skipping.
Warning: Found unsupported expression 'D&DE&!SCE|IQ&!DE&!SCE|SCD&SCE' in pin attribute of cell 'sky130_fd_sc_hd__sedfxtp_4' - skipping.
Warning: Found unsupported expression 'D&DE|IQ&!DE' in pin attribute of cell 'sky130_fd_sc_hd__edfxbp_1' - skipping.
Warning: Found unsupported expression 'D&DE|IQ&!DE' in pin attribute of cell 'sky130_fd_sc_hd__edfxtp_1' - skipping.
Warning: Found unsupported expression 'D&!SCE|SCD&SCE' in pin attribute of cell 'sky130_fd_sc_hd__sdfbbp_1' - skipping.
Warning: Found unsupported expression 'D&!SCE|SCD&SCE' in pin attribute of cell 'sky130_fd_sc_hd__sdfrbp_1' - skipping.
Warning: Found unsupported expression 'D&!SCE|SCD&SCE' in pin attribute of cell 'sky130_fd_sc_hd__sdfrbp_2' - skipping.
Warning: Found unsupported expression 'D&!SCE|SCD&SCE' in pin attribute of cell 'sky130_fd_sc_hd__sdfrtp_1' - skipping.
Warning: Found unsupported expression 'D&!SCE|SCD&SCE' in pin attribute of cell 'sky130_fd_sc_hd__sdfrtp_2' - skipping.
Warning: Found unsupported expression 'D&!SCE|SCD&SCE' in pin attribute of cell 'sky130_fd_sc_hd__sdfrtp_4' - skipping.
Warning: Found unsupported expression 'D&!SCE|SCD&SCE' in pin attribute of cell 'sky130_fd_sc_hd__sdfsbp_1' - skipping.
Warning: Found unsupported expression 'D&!SCE|SCD&SCE' in pin attribute of cell 'sky130_fd_sc_hd__sdfsbp_2' - skipping.
Warning: Found unsupported expression 'D&!SCE|SCD&SCE' in pin attribute of cell 'sky130_fd_sc_hd__sdfstp_1' - skipping.
Warning: Found unsupported expression 'D&!SCE|SCD&SCE' in pin attribute of cell 'sky130_fd_sc_hd__sdfstp_2' - skipping.
Warning: Found unsupported expression 'D&!SCE|SCD&SCE' in pin attribute of cell 'sky130_fd_sc_hd__sdfstp_4' - skipping.
Warning: Found unsupported expression 'D&!SCE|SCD&SCE' in pin attribute of cell 'sky130_fd_sc_hd__sdfxbp_1' - skipping.
Warning: Found unsupported expression 'D&!SCE|SCD&SCE' in pin attribute of cell 'sky130_fd_sc_hd__sdfxbp_2' - skipping.
Warning: Found unsupported expression 'D&!SCE|SCD&SCE' in pin attribute of cell 'sky130_fd_sc_hd__sdfxtp_1' - skipping.
Warning: Found unsupported expression 'D&!SCE|SCD&SCE' in pin attribute of cell 'sky130_fd_sc_hd__sdfxtp_2' - skipping.
Warning: Found unsupported expression 'D&!SCE|SCD&SCE' in pin attribute of cell 'sky130_fd_sc_hd__sdfxtp_4' - skipping.
Warning: Found unsupported expression 'D&DE&!SCE|IQ&!DE&!SCE|SCD&SCE' in pin attribute of cell 'sky130_fd_sc_hd__sedfxbp_1' - skipping.
Warning: Found unsupported expression 'D&DE&!SCE|IQ&!DE&!SCE|SCD&SCE' in pin attribute of cell 'sky130_fd_sc_hd__sedfxbp_2' - skipping.
Warning: Found unsupported expression 'D&DE&!SCE|IQ&!DE&!SCE|SCD&SCE' in pin attribute of cell 'sky130_fd_sc_hd__sedfxtp_1' - skipping.
Warning: Found unsupported expression 'D&DE&!SCE|IQ&!DE&!SCE|SCD&SCE' in pin attribute of cell 'sky130_fd_sc_hd__sedfxtp_2' - skipping.
Warning: Found unsupported expression 'D&DE&!SCE|IQ&!DE&!SCE|SCD&SCE' in pin attribute of cell 'sky130_fd_sc_hd__sedfxtp_4' - skipping.
  final dff cell mappings:
    unmapped dff cell: $_DFF_N_
    \sky130_fd_sc_hd__dfxtp_1 _DFF_P_ (.CLK( C), .D( D), .Q( Q));
    \sky130_fd_sc_hd__dfrtn_1 _DFF_NN0_ (.CLK_N( C), .D( D), .Q( Q), .RESET_B( R));
    unmapped dff cell: $_DFF_NN1_
    unmapped dff cell: $_DFF_NP0_
    unmapped dff cell: $_DFF_NP1_
    \sky130_fd_sc_hd__dfrtp_1 _DFF_PN0_ (.CLK( C), .D( D), .Q( Q), .RESET_B( R));
    \sky130_fd_sc_hd__dfstp_2 _DFF_PN1_ (.CLK( C), .D( D), .Q( Q), .SET_B( R));
    unmapped dff cell: $_DFF_PP0_
    unmapped dff cell: $_DFF_PP1_
    \sky130_fd_sc_hd__dfbbn_1 _DFFSR_NNN_ (.CLK_N( C), .D( D), .Q( Q), .Q_N(~Q), .RESET_B( R), .SET_B( S));
    unmapped dff cell: $_DFFSR_NNP_
    unmapped dff cell: $_DFFSR_NPN_
    unmapped dff cell: $_DFFSR_NPP_
    \sky130_fd_sc_hd__dfbbp_1 _DFFSR_PNN_ (.CLK( C), .D( D), .Q( Q), .Q_N(~Q), .RESET_B( R), .SET_B( S));
    unmapped dff cell: $_DFFSR_PNP_
    unmapped dff cell: $_DFFSR_PPN_
    unmapped dff cell: $_DFFSR_PPP_

13.1. Executing DFFLEGALIZE pass (convert FFs to types supported by the target).
Mapping DFF cells in module `\cleave_alu':
Mapping DFF cells in module `\cleave_branch':
Mapping DFF cells in module `\cleave_control':
Mapping DFF cells in module `\cleave_core':
Mapping DFF cells in module `\cleave_dmem':
  mapped 2048 $_DFF_P_ cells to \sky130_fd_sc_hd__dfxtp_1 cells.
Mapping DFF cells in module `\cleave_imem':
Mapping DFF cells in module `\cleave_immgen':
Mapping DFF cells in module `\cleave_pc':
  mapped 32 $_DFF_P_ cells to \sky130_fd_sc_hd__dfxtp_1 cells.
Mapping DFF cells in module `\cleave_regfile':
  mapped 992 $_DFF_P_ cells to \sky130_fd_sc_hd__dfxtp_1 cells.
Mapping DFF cells in module `\tt_um_cleave':

14. Executing OPT pass (performing simple optimizations).

14.1. Executing OPT_EXPR pass (perform const folding).
Optimizing module cleave_alu.
Optimizing module cleave_branch.
Optimizing module cleave_control.
Optimizing module cleave_core.
Optimizing module cleave_dmem.
Optimizing module cleave_imem.
Optimizing module cleave_immgen.
Optimizing module cleave_pc.
Optimizing module cleave_regfile.
Optimizing module tt_um_cleave.

14.2. Executing OPT_MERGE pass (detect identical cells).
Finding identical cells in module `\cleave_alu'.
Finding identical cells in module `\cleave_branch'.
Finding identical cells in module `\cleave_control'.
Finding identical cells in module `\cleave_core'.
Finding identical cells in module `\cleave_dmem'.
Finding identical cells in module `\cleave_imem'.
Finding identical cells in module `\cleave_immgen'.
Finding identical cells in module `\cleave_pc'.
Finding identical cells in module `\cleave_regfile'.
Finding identical cells in module `\tt_um_cleave'.
Removed a total of 0 cells.

14.3. Executing OPT_MUXTREE pass (detect dead branches in mux trees).
Running muxtree optimizer on module \cleave_alu..
  Creating internal representation of mux trees.
  No muxes found in this module.
Running muxtree optimizer on module \cleave_branch..
  Creating internal representation of mux trees.
  No muxes found in this module.
Running muxtree optimizer on module \cleave_control..
  Creating internal representation of mux trees.
  No muxes found in this module.
Running muxtree optimizer on module \cleave_core..
  Creating internal representation of mux trees.
  No muxes found in this module.
Running muxtree optimizer on module \cleave_dmem..
  Creating internal representation of mux trees.
  No muxes found in this module.
Running muxtree optimizer on module \cleave_imem..
  Creating internal representation of mux trees.
  No muxes found in this module.
Running muxtree optimizer on module \cleave_immgen..
  Creating internal representation of mux trees.
  No muxes found in this module.
Running muxtree optimizer on module \cleave_pc..
  Creating internal representation of mux trees.
  No muxes found in this module.
Running muxtree optimizer on module \cleave_regfile..
  Creating internal representation of mux trees.
  No muxes found in this module.
Running muxtree optimizer on module \tt_um_cleave..
  Creating internal representation of mux trees.
  No muxes found in this module.
Removed 0 multiplexer ports.

14.4. Executing OPT_REDUCE pass (consolidate $*mux and $reduce_* inputs).
  Optimizing cells in module \cleave_alu.
  Optimizing cells in module \cleave_branch.
  Optimizing cells in module \cleave_control.
  Optimizing cells in module \cleave_core.
  Optimizing cells in module \cleave_dmem.
  Optimizing cells in module \cleave_imem.
  Optimizing cells in module \cleave_immgen.
  Optimizing cells in module \cleave_pc.
  Optimizing cells in module \cleave_regfile.
  Optimizing cells in module \tt_um_cleave.
Performed a total of 0 changes.

14.5. Executing OPT_MERGE pass (detect identical cells).
Finding identical cells in module `\cleave_alu'.
Finding identical cells in module `\cleave_branch'.
Finding identical cells in module `\cleave_control'.
Finding identical cells in module `\cleave_core'.
Finding identical cells in module `\cleave_dmem'.
Finding identical cells in module `\cleave_imem'.
Finding identical cells in module `\cleave_immgen'.
Finding identical cells in module `\cleave_pc'.
Finding identical cells in module `\cleave_regfile'.
Finding identical cells in module `\tt_um_cleave'.
Removed a total of 0 cells.

14.6. Executing OPT_DFF pass (perform DFF optimizations).

14.7. Executing OPT_CLEAN pass (remove unused cells and wires).
Finding unused cells or wires in module \cleave_alu..
Finding unused cells or wires in module \cleave_branch..
Finding unused cells or wires in module \cleave_control..
Finding unused cells or wires in module \cleave_core..
Finding unused cells or wires in module \cleave_dmem..
Finding unused cells or wires in module \cleave_imem..
Finding unused cells or wires in module \cleave_immgen..
Finding unused cells or wires in module \cleave_pc..
Finding unused cells or wires in module \cleave_regfile..
Finding unused cells or wires in module \tt_um_cleave..

14.8. Executing OPT_EXPR pass (perform const folding).
Optimizing module cleave_alu.
Optimizing module cleave_branch.
Optimizing module cleave_control.
Optimizing module cleave_core.
Optimizing module cleave_dmem.
Optimizing module cleave_imem.
Optimizing module cleave_immgen.
Optimizing module cleave_pc.
Optimizing module cleave_regfile.
Optimizing module tt_um_cleave.

14.9. Finished OPT passes. (There is nothing left to do.)

15. Executing ABC pass (technology mapping using ABC).

15.1. Extracting gate netlist of module `\cleave_alu' to `<abc-temp-dir>/input.blif'..
Extracted 1251 gates and 1319 wires to a netlist network with 68 inputs and 33 outputs.

15.1.1. Executing ABC.
Running ABC command: "/usr/local/share/qflow/bin/yosys-abc" -s -f <abc-temp-dir>/abc.script 2>&1
ABC: ABC command line: "source <abc-temp-dir>/abc.script".
ABC: 
ABC: + read_blif <abc-temp-dir>/input.blif 
ABC: + read_lib -w /home/nitro/work/open_pdks/open_pdks/root/volare/sky130/build/c6d73a35f524070e85faff4a6a9eef49553ebc2b/sky130A/libs.ref/sky130_fd_sc_hd/lib/sky130_fd_sc_hd__ff_n40C_1v95.lib 
ABC: Parsing finished successfully.  Parsing time =     0.08 sec
ABC: Scl_LibertyReadGenlib() skipped cell "sky130_fd_sc_hd__decap_12" without logic function.
ABC: Scl_LibertyReadGenlib() skipped cell "sky130_fd_sc_hd__decap_3" without logic function.
ABC: Scl_LibertyReadGenlib() skipped cell "sky130_fd_sc_hd__decap_4" without logic function.
ABC: Scl_LibertyReadGenlib() skipped cell "sky130_fd_sc_hd__decap_6" without logic function.
ABC: Scl_LibertyReadGenlib() skipped cell "sky130_fd_sc_hd__decap_8" without logic function.
ABC: Scl_LibertyReadGenlib() skipped sequential cell "sky130_fd_sc_hd__dfbbn_1".
ABC: Scl_LibertyReadGenlib() skipped sequential cell "sky130_fd_sc_hd__dfbbn_2".
ABC: Scl_LibertyReadGenlib() skipped sequential cell "sky130_fd_sc_hd__dfbbp_1".
ABC: Scl_LibertyReadGenlib() skipped sequential cell "sky130_fd_sc_hd__dfrbp_1".
ABC: Scl_LibertyReadGenlib() skipped sequential cell "sky130_fd_sc_hd__dfrbp_2".
ABC: Scl_LibertyReadGenlib() skipped sequential cell "sky130_fd_sc_hd__dfrtn_1".
ABC: Scl_LibertyReadGenlib() skipped sequential cell "sky130_fd_sc_hd__dfrtp_1".
ABC: Scl_LibertyReadGenlib() skipped sequential cell "sky130_fd_sc_hd__dfrtp_2".
ABC: Scl_LibertyReadGenlib() skipped sequential cell "sky130_fd_sc_hd__dfrtp_4".
ABC: Scl_LibertyReadGenlib() skipped sequential cell "sky130_fd_sc_hd__dfsbp_1".
ABC: Scl_LibertyReadGenlib() skipped sequential cell "sky130_fd_sc_hd__dfsbp_2".
ABC: Scl_LibertyReadGenlib() skipped sequential cell "sky130_fd_sc_hd__dfstp_1".
ABC: Scl_LibertyReadGenlib() skipped sequential cell "sky130_fd_sc_hd__dfstp_2".
ABC: Scl_LibertyReadGenlib() skipped sequential cell "sky130_fd_sc_hd__dfstp_4".
ABC: Scl_LibertyReadGenlib() skipped sequential cell "sky130_fd_sc_hd__dfxbp_1".
ABC: Scl_LibertyReadGenlib() skipped sequential cell "sky130_fd_sc_hd__dfxbp_2".
ABC: Scl_LibertyReadGenlib() skipped sequential cell "sky130_fd_sc_hd__dfxtp_1".
ABC: Scl_LibertyReadGenlib() skipped sequential cell "sky130_fd_sc_hd__dfxtp_2".
ABC: Scl_LibertyReadGenlib() skipped sequential cell "sky130_fd_sc_hd__dfxtp_4".
ABC: Scl_LibertyReadGenlib() skipped cell "sky130_fd_sc_hd__diode_2" without logic function.
ABC: Scl_LibertyReadGenlib() skipped cell "sky130_fd_sc_hd__dlclkp_1" without logic function.
ABC: Scl_LibertyReadGenlib() skipped cell "sky130_fd_sc_hd__dlclkp_2" without logic function.
ABC: Scl_LibertyReadGenlib() skipped cell "sky130_fd_sc_hd__dlclkp_4" without logic function.
ABC: Scl_LibertyReadGenlib() skipped sequential cell "sky130_fd_sc_hd__dlrbn_1".
ABC: Scl_LibertyReadGenlib() skipped sequential cell "sky130_fd_sc_hd__dlrbn_2".
ABC: Scl_LibertyReadGenlib() skipped sequential cell "sky130_fd_sc_hd__dlrbp_1".
ABC: Scl_LibertyReadGenlib() skipped sequential cell "sky130_fd_sc_hd__dlrbp_2".
ABC: Scl_LibertyReadGenlib() skipped sequential cell "sky130_fd_sc_hd__dlrtn_1".
ABC: Scl_LibertyReadGenlib() skipped sequential cell "sky130_fd_sc_hd__dlrtn_2".
ABC: Scl_LibertyReadGenlib() skipped sequential cell "sky130_fd_sc_hd__dlrtn_4".
ABC: Scl_LibertyReadGenlib() skipped sequential cell "sky130_fd_sc_hd__dlrtp_1".
ABC: Scl_LibertyReadGenlib() skipped sequential cell "sky130_fd_sc_hd__dlrtp_2".
ABC: Scl_LibertyReadGenlib() skipped sequential cell "sky130_fd_sc_hd__dlrtp_4".
ABC: Scl_LibertyReadGenlib() skipped sequential cell "sky130_fd_sc_hd__dlxbn_1".
ABC: Scl_LibertyReadGenlib() skipped sequential cell "sky130_fd_sc_hd__dlxbn_2".
ABC: Scl_LibertyReadGenlib() skipped sequential cell "sky130_fd_sc_hd__dlxbp_1".
ABC: Scl_LibertyReadGenlib() skipped sequential cell "sky130_fd_sc_hd__dlxtn_1".
ABC: Scl_LibertyReadGenlib() skipped sequential cell "sky130_fd_sc_hd__dlxtn_2".
ABC: Scl_LibertyReadGenlib() skipped sequential cell "sky130_fd_sc_hd__dlxtn_4".
ABC: Scl_LibertyReadGenlib() skipped sequential cell "sky130_fd_sc_hd__dlxtp_1".
ABC: Scl_LibertyReadGenlib() skipped three-state cell "sky130_fd_sc_hd__ebufn_1".
ABC: Scl_LibertyReadGenlib() skipped three-state cell "sky130_fd_sc_hd__ebufn_2".
ABC: Scl_LibertyReadGenlib() skipped three-state cell "sky130_fd_sc_hd__ebufn_4".
ABC: Scl_LibertyReadGenlib() skipped three-state cell "sky130_fd_sc_hd__ebufn_8".
ABC: Scl_LibertyReadGenlib() skipped sequential cell "sky130_fd_sc_hd__edfxbp_1".
ABC: Scl_LibertyReadGenlib() skipped sequential cell "sky130_fd_sc_hd__edfxtp_1".
ABC: Scl_LibertyReadGenlib() skipped three-state cell "sky130_fd_sc_hd__einvn_0".
ABC: Scl_LibertyReadGenlib() skipped three-state cell "sky130_fd_sc_hd__einvn_1".
ABC: Scl_LibertyReadGenlib() skipped three-state cell "sky130_fd_sc_hd__einvn_2".
ABC: Scl_LibertyReadGenlib() skipped three-state cell "sky130_fd_sc_hd__einvn_4".
ABC: Scl_LibertyReadGenlib() skipped three-state cell "sky130_fd_sc_hd__einvn_8".
ABC: Scl_LibertyReadGenlib() skipped three-state cell "sky130_fd_sc_hd__einvp_1".
ABC: Scl_LibertyReadGenlib() skipped three-state cell "sky130_fd_sc_hd__einvp_2".
ABC: Scl_LibertyReadGenlib() skipped three-state cell "sky130_fd_sc_hd__einvp_4".
ABC: Scl_LibertyReadGenlib() skipped three-state cell "sky130_fd_sc_hd__einvp_8".
ABC: Scl_LibertyReadGenlib() skipped cell "sky130_fd_sc_hd__lpflow_bleeder_1" without logic function.
ABC: Scl_LibertyReadGenlib() skipped cell "sky130_fd_sc_hd__lpflow_decapkapwr_12" without logic function.
ABC: Scl_LibertyReadGenlib() skipped cell "sky130_fd_sc_hd__lpflow_decapkapwr_3" without logic function.
ABC: Scl_LibertyReadGenlib() skipped cell "sky130_fd_sc_hd__lpflow_decapkapwr_4" without logic function.
ABC: Scl_LibertyReadGenlib() skipped cell "sky130_fd_sc_hd__lpflow_decapkapwr_6" without logic function.
ABC: Scl_LibertyReadGenlib() skipped cell "sky130_fd_sc_hd__lpflow_decapkapwr_8" without logic function.
ABC: Scl_LibertyReadGenlib() skipped sequential cell "sky130_fd_sc_hd__lpflow_inputisolatch_1".
ABC: Scl_LibertyReadGenlib() skipped sequential cell "sky130_fd_sc_hd__sdfbbn_1".
ABC: Scl_LibertyReadGenlib() skipped sequential cell "sky130_fd_sc_hd__sdfbbn_2".
ABC: Scl_LibertyReadGenlib() skipped sequential cell "sky130_fd_sc_hd__sdfbbp_1".
ABC: Scl_LibertyReadGenlib() skipped sequential cell "sky130_fd_sc_hd__sdfrbp_1".
ABC: Scl_LibertyReadGenlib() skipped sequential cell "sky130_fd_sc_hd__sdfrbp_2".
ABC: Scl_LibertyReadGenlib() skipped sequential cell "sky130_fd_sc_hd__sdfrtn_1".
ABC: Scl_LibertyReadGenlib() skipped sequential cell "sky130_fd_sc_hd__sdfrtp_1".
ABC: Scl_LibertyReadGenlib() skipped sequential cell "sky130_fd_sc_hd__sdfrtp_2".
ABC: Scl_LibertyReadGenlib() skipped sequential cell "sky130_fd_sc_hd__sdfrtp_4".
ABC: Scl_LibertyReadGenlib() skipped sequential cell "sky130_fd_sc_hd__sdfsbp_1".
ABC: Scl_LibertyReadGenlib() skipped sequential cell "sky130_fd_sc_hd__sdfsbp_2".
ABC: Scl_LibertyReadGenlib() skipped sequential cell "sky130_fd_sc_hd__sdfstp_1".
ABC: Scl_LibertyReadGenlib() skipped sequential cell "sky130_fd_sc_hd__sdfstp_2".
ABC: Scl_LibertyReadGenlib() skipped sequential cell "sky130_fd_sc_hd__sdfstp_4".
ABC: Scl_LibertyReadGenlib() skipped sequential cell "sky130_fd_sc_hd__sdfxbp_1".
ABC: Scl_LibertyReadGenlib() skipped sequential cell "sky130_fd_sc_hd__sdfxbp_2".
ABC: Scl_LibertyReadGenlib() skipped sequential cell "sky130_fd_sc_hd__sdfxtp_1".
ABC: Scl_LibertyReadGenlib() skipped sequential cell "sky130_fd_sc_hd__sdfxtp_2".
ABC: Scl_LibertyReadGenlib() skipped sequential cell "sky130_fd_sc_hd__sdfxtp_4".
ABC: Scl_LibertyReadGenlib() skipped cell "sky130_fd_sc_hd__sdlclkp_1" without logic function.
ABC: Scl_LibertyReadGenlib() skipped cell "sky130_fd_sc_hd__sdlclkp_2" without logic function.
ABC: Scl_LibertyReadGenlib() skipped cell "sky130_fd_sc_hd__sdlclkp_4" without logic function.
ABC: Scl_LibertyReadGenlib() skipped sequential cell "sky130_fd_sc_hd__sedfxbp_1".
ABC: Scl_LibertyReadGenlib() skipped sequential cell "sky130_fd_sc_hd__sedfxbp_2".
ABC: Scl_LibertyReadGenlib() skipped sequential cell "sky130_fd_sc_hd__sedfxtp_1".
ABC: Scl_LibertyReadGenlib() skipped sequential cell "sky130_fd_sc_hd__sedfxtp_2".
ABC: Scl_LibertyReadGenlib() skipped sequential cell "sky130_fd_sc_hd__sedfxtp_4".
ABC: Library "sky130_fd_sc_hd__ff_n40C_1v95" from "/home/nitro/work/open_pdks/open_pdks/root/volare/sky130/build/c6d73a35f524070e85faff4a6a9eef49553ebc2b/sky130A/libs.ref/sky130_fd_sc_hd/lib/sky130_fd_sc_hd__ff_n40C_1v95.lib" has 334 cells (94 skipped: 63 seq; 13 tri-state; 18 no func; 0 dont_use).  Time =     0.12 sec
ABC: Memory =   20.06 MB. Time =     0.12 sec
ABC: Warning: Detected 9 multi-output gates (for example, "sky130_fd_sc_hd__fa_1").
ABC: + strash 
ABC: + scorr 
ABC: Warning: The network is combinational (run "fraig" or "fraig_sweep").
ABC: + ifraig 
ABC: + retime 
ABC: + strash 
ABC: + dch -f 
ABC: + map -M 1 
ABC: + write_blif <abc-temp-dir>/output.blif 

15.1.2. Re-integrating ABC results.
ABC RESULTS:   sky130_fd_sc_hd__nor3b_1 cells:        1
ABC RESULTS:   sky130_fd_sc_hd__nor4b_1 cells:        1
ABC RESULTS:   sky130_fd_sc_hd__a311oi_1 cells:        1
ABC RESULTS:   sky130_fd_sc_hd__xnor2_1 cells:        4
ABC RESULTS:   sky130_fd_sc_hd__a41oi_1 cells:        1
ABC RESULTS:   sky130_fd_sc_hd__o311ai_0 cells:        2
ABC RESULTS:   sky130_fd_sc_hd__a21boi_0 cells:        6
ABC RESULTS:   sky130_fd_sc_hd__and3_2 cells:        2
ABC RESULTS:   sky130_fd_sc_hd__a31o_1 cells:        1
ABC RESULTS:   sky130_fd_sc_hd__nor4_1 cells:        5
ABC RESULTS:   sky130_fd_sc_hd__xnor3_4 cells:       11
ABC RESULTS:   sky130_fd_sc_hd__a2111oi_0 cells:        8
ABC RESULTS:   sky130_fd_sc_hd__nand3b_1 cells:        3
ABC RESULTS:   sky130_fd_sc_hd__o21a_1 cells:       11
ABC RESULTS:   sky130_fd_sc_hd__lpflow_inputiso0p_1 cells:        1
ABC RESULTS:   sky130_fd_sc_hd__o21bai_1 cells:        8
ABC RESULTS:   sky130_fd_sc_hd__o211ai_1 cells:       22
ABC RESULTS:   sky130_fd_sc_hd__o22ai_1 cells:       11
ABC RESULTS:   sky130_fd_sc_hd__o2bb2ai_1 cells:        2
ABC RESULTS:   sky130_fd_sc_hd__o221a_2 cells:        2
ABC RESULTS:   sky130_fd_sc_hd__xor2_1 cells:       18
ABC RESULTS:   sky130_fd_sc_hd__or2_2 cells:       10
ABC RESULTS:   sky130_fd_sc_hd__a21o_2 cells:        1
ABC RESULTS:   sky130_fd_sc_hd__nand3_1 cells:       77
ABC RESULTS:   sky130_fd_sc_hd__or3_2 cells:        1
ABC RESULTS:   sky130_fd_sc_hd__a31oi_1 cells:       25
ABC RESULTS:   sky130_fd_sc_hd__clkinv_1 cells:      128
ABC RESULTS:   sky130_fd_sc_hd__a22oi_1 cells:        7
ABC RESULTS:   sky130_fd_sc_hd__and2_2 cells:        8
ABC RESULTS:   sky130_fd_sc_hd__o211a_1 cells:        5
ABC RESULTS:   sky130_fd_sc_hd__a21oi_1 cells:      109
ABC RESULTS:   sky130_fd_sc_hd__mux2i_1 cells:       17
ABC RESULTS:   sky130_fd_sc_hd__o21ai_0 cells:      188
ABC RESULTS:   sky130_fd_sc_hd__o221ai_1 cells:       11
ABC RESULTS:   sky130_fd_sc_hd__a221oi_1 cells:        6
ABC RESULTS:   sky130_fd_sc_hd__nand2_1 cells:      457
ABC RESULTS:   sky130_fd_sc_hd__a211oi_1 cells:       11
ABC RESULTS:   sky130_fd_sc_hd__o2111ai_1 cells:        6
ABC RESULTS:   sky130_fd_sc_hd__o2111a_1 cells:        2
ABC RESULTS:   sky130_fd_sc_hd__nor2_1 cells:      137
ABC RESULTS:   sky130_fd_sc_hd__nand4_1 cells:       39
ABC RESULTS:   sky130_fd_sc_hd__nor3_1 cells:       13
ABC RESULTS:        internal signals:     1218
ABC RESULTS:           input signals:       68
ABC RESULTS:          output signals:       33
Removing temp directory.

15.2. Extracting gate netlist of module `\cleave_branch' to `<abc-temp-dir>/input.blif'..
Extracted 212 gates and 279 wires to a netlist network with 67 inputs and 1 outputs.

15.2.1. Executing ABC.
Running ABC command: "/usr/local/share/qflow/bin/yosys-abc" -s -f <abc-temp-dir>/abc.script 2>&1
ABC: ABC command line: "source <abc-temp-dir>/abc.script".
ABC: 
ABC: + read_blif <abc-temp-dir>/input.blif 
ABC: + read_lib -w /home/nitro/work/open_pdks/open_pdks/root/volare/sky130/build/c6d73a35f524070e85faff4a6a9eef49553ebc2b/sky130A/libs.ref/sky130_fd_sc_hd/lib/sky130_fd_sc_hd__ff_n40C_1v95.lib 
ABC: Parsing finished successfully.  Parsing time =     0.09 sec
ABC: Scl_LibertyReadGenlib() skipped cell "sky130_fd_sc_hd__decap_12" without logic function.
ABC: Scl_LibertyReadGenlib() skipped cell "sky130_fd_sc_hd__decap_3" without logic function.
ABC: Scl_LibertyReadGenlib() skipped cell "sky130_fd_sc_hd__decap_4" without logic function.
ABC: Scl_LibertyReadGenlib() skipped cell "sky130_fd_sc_hd__decap_6" without logic function.
ABC: Scl_LibertyReadGenlib() skipped cell "sky130_fd_sc_hd__decap_8" without logic function.
ABC: Scl_LibertyReadGenlib() skipped sequential cell "sky130_fd_sc_hd__dfbbn_1".
ABC: Scl_LibertyReadGenlib() skipped sequential cell "sky130_fd_sc_hd__dfbbn_2".
ABC: Scl_LibertyReadGenlib() skipped sequential cell "sky130_fd_sc_hd__dfbbp_1".
ABC: Scl_LibertyReadGenlib() skipped sequential cell "sky130_fd_sc_hd__dfrbp_1".
ABC: Scl_LibertyReadGenlib() skipped sequential cell "sky130_fd_sc_hd__dfrbp_2".
ABC: Scl_LibertyReadGenlib() skipped sequential cell "sky130_fd_sc_hd__dfrtn_1".
ABC: Scl_LibertyReadGenlib() skipped sequential cell "sky130_fd_sc_hd__dfrtp_1".
ABC: Scl_LibertyReadGenlib() skipped sequential cell "sky130_fd_sc_hd__dfrtp_2".
ABC: Scl_LibertyReadGenlib() skipped sequential cell "sky130_fd_sc_hd__dfrtp_4".
ABC: Scl_LibertyReadGenlib() skipped sequential cell "sky130_fd_sc_hd__dfsbp_1".
ABC: Scl_LibertyReadGenlib() skipped sequential cell "sky130_fd_sc_hd__dfsbp_2".
ABC: Scl_LibertyReadGenlib() skipped sequential cell "sky130_fd_sc_hd__dfstp_1".
ABC: Scl_LibertyReadGenlib() skipped sequential cell "sky130_fd_sc_hd__dfstp_2".
ABC: Scl_LibertyReadGenlib() skipped sequential cell "sky130_fd_sc_hd__dfstp_4".
ABC: Scl_LibertyReadGenlib() skipped sequential cell "sky130_fd_sc_hd__dfxbp_1".
ABC: Scl_LibertyReadGenlib() skipped sequential cell "sky130_fd_sc_hd__dfxbp_2".
ABC: Scl_LibertyReadGenlib() skipped sequential cell "sky130_fd_sc_hd__dfxtp_1".
ABC: Scl_LibertyReadGenlib() skipped sequential cell "sky130_fd_sc_hd__dfxtp_2".
ABC: Scl_LibertyReadGenlib() skipped sequential cell "sky130_fd_sc_hd__dfxtp_4".
ABC: Scl_LibertyReadGenlib() skipped cell "sky130_fd_sc_hd__diode_2" without logic function.
ABC: Scl_LibertyReadGenlib() skipped cell "sky130_fd_sc_hd__dlclkp_1" without logic function.
ABC: Scl_LibertyReadGenlib() skipped cell "sky130_fd_sc_hd__dlclkp_2" without logic function.
ABC: Scl_LibertyReadGenlib() skipped cell "sky130_fd_sc_hd__dlclkp_4" without logic function.
ABC: Scl_LibertyReadGenlib() skipped sequential cell "sky130_fd_sc_hd__dlrbn_1".
ABC: Scl_LibertyReadGenlib() skipped sequential cell "sky130_fd_sc_hd__dlrbn_2".
ABC: Scl_LibertyReadGenlib() skipped sequential cell "sky130_fd_sc_hd__dlrbp_1".
ABC: Scl_LibertyReadGenlib() skipped sequential cell "sky130_fd_sc_hd__dlrbp_2".
ABC: Scl_LibertyReadGenlib() skipped sequential cell "sky130_fd_sc_hd__dlrtn_1".
ABC: Scl_LibertyReadGenlib() skipped sequential cell "sky130_fd_sc_hd__dlrtn_2".
ABC: Scl_LibertyReadGenlib() skipped sequential cell "sky130_fd_sc_hd__dlrtn_4".
ABC: Scl_LibertyReadGenlib() skipped sequential cell "sky130_fd_sc_hd__dlrtp_1".
ABC: Scl_LibertyReadGenlib() skipped sequential cell "sky130_fd_sc_hd__dlrtp_2".
ABC: Scl_LibertyReadGenlib() skipped sequential cell "sky130_fd_sc_hd__dlrtp_4".
ABC: Scl_LibertyReadGenlib() skipped sequential cell "sky130_fd_sc_hd__dlxbn_1".
ABC: Scl_LibertyReadGenlib() skipped sequential cell "sky130_fd_sc_hd__dlxbn_2".
ABC: Scl_LibertyReadGenlib() skipped sequential cell "sky130_fd_sc_hd__dlxbp_1".
ABC: Scl_LibertyReadGenlib() skipped sequential cell "sky130_fd_sc_hd__dlxtn_1".
ABC: Scl_LibertyReadGenlib() skipped sequential cell "sky130_fd_sc_hd__dlxtn_2".
ABC: Scl_LibertyReadGenlib() skipped sequential cell "sky130_fd_sc_hd__dlxtn_4".
ABC: Scl_LibertyReadGenlib() skipped sequential cell "sky130_fd_sc_hd__dlxtp_1".
ABC: Scl_LibertyReadGenlib() skipped three-state cell "sky130_fd_sc_hd__ebufn_1".
ABC: Scl_LibertyReadGenlib() skipped three-state cell "sky130_fd_sc_hd__ebufn_2".
ABC: Scl_LibertyReadGenlib() skipped three-state cell "sky130_fd_sc_hd__ebufn_4".
ABC: Scl_LibertyReadGenlib() skipped three-state cell "sky130_fd_sc_hd__ebufn_8".
ABC: Scl_LibertyReadGenlib() skipped sequential cell "sky130_fd_sc_hd__edfxbp_1".
ABC: Scl_LibertyReadGenlib() skipped sequential cell "sky130_fd_sc_hd__edfxtp_1".
ABC: Scl_LibertyReadGenlib() skipped three-state cell "sky130_fd_sc_hd__einvn_0".
ABC: Scl_LibertyReadGenlib() skipped three-state cell "sky130_fd_sc_hd__einvn_1".
ABC: Scl_LibertyReadGenlib() skipped three-state cell "sky130_fd_sc_hd__einvn_2".
ABC: Scl_LibertyReadGenlib() skipped three-state cell "sky130_fd_sc_hd__einvn_4".
ABC: Scl_LibertyReadGenlib() skipped three-state cell "sky130_fd_sc_hd__einvn_8".
ABC: Scl_LibertyReadGenlib() skipped three-state cell "sky130_fd_sc_hd__einvp_1".
ABC: Scl_LibertyReadGenlib() skipped three-state cell "sky130_fd_sc_hd__einvp_2".
ABC: Scl_LibertyReadGenlib() skipped three-state cell "sky130_fd_sc_hd__einvp_4".
ABC: Scl_LibertyReadGenlib() skipped three-state cell "sky130_fd_sc_hd__einvp_8".
ABC: Scl_LibertyReadGenlib() skipped cell "sky130_fd_sc_hd__lpflow_bleeder_1" without logic function.
ABC: Scl_LibertyReadGenlib() skipped cell "sky130_fd_sc_hd__lpflow_decapkapwr_12" without logic function.
ABC: Scl_LibertyReadGenlib() skipped cell "sky130_fd_sc_hd__lpflow_decapkapwr_3" without logic function.
ABC: Scl_LibertyReadGenlib() skipped cell "sky130_fd_sc_hd__lpflow_decapkapwr_4" without logic function.
ABC: Scl_LibertyReadGenlib() skipped cell "sky130_fd_sc_hd__lpflow_decapkapwr_6" without logic function.
ABC: Scl_LibertyReadGenlib() skipped cell "sky130_fd_sc_hd__lpflow_decapkapwr_8" without logic function.
ABC: Scl_LibertyReadGenlib() skipped sequential cell "sky130_fd_sc_hd__lpflow_inputisolatch_1".
ABC: Scl_LibertyReadGenlib() skipped sequential cell "sky130_fd_sc_hd__sdfbbn_1".
ABC: Scl_LibertyReadGenlib() skipped sequential cell "sky130_fd_sc_hd__sdfbbn_2".
ABC: Scl_LibertyReadGenlib() skipped sequential cell "sky130_fd_sc_hd__sdfbbp_1".
ABC: Scl_LibertyReadGenlib() skipped sequential cell "sky130_fd_sc_hd__sdfrbp_1".
ABC: Scl_LibertyReadGenlib() skipped sequential cell "sky130_fd_sc_hd__sdfrbp_2".
ABC: Scl_LibertyReadGenlib() skipped sequential cell "sky130_fd_sc_hd__sdfrtn_1".
ABC: Scl_LibertyReadGenlib() skipped sequential cell "sky130_fd_sc_hd__sdfrtp_1".
ABC: Scl_LibertyReadGenlib() skipped sequential cell "sky130_fd_sc_hd__sdfrtp_2".
ABC: Scl_LibertyReadGenlib() skipped sequential cell "sky130_fd_sc_hd__sdfrtp_4".
ABC: Scl_LibertyReadGenlib() skipped sequential cell "sky130_fd_sc_hd__sdfsbp_1".
ABC: Scl_LibertyReadGenlib() skipped sequential cell "sky130_fd_sc_hd__sdfsbp_2".
ABC: Scl_LibertyReadGenlib() skipped sequential cell "sky130_fd_sc_hd__sdfstp_1".
ABC: Scl_LibertyReadGenlib() skipped sequential cell "sky130_fd_sc_hd__sdfstp_2".
ABC: Scl_LibertyReadGenlib() skipped sequential cell "sky130_fd_sc_hd__sdfstp_4".
ABC: Scl_LibertyReadGenlib() skipped sequential cell "sky130_fd_sc_hd__sdfxbp_1".
ABC: Scl_LibertyReadGenlib() skipped sequential cell "sky130_fd_sc_hd__sdfxbp_2".
ABC: Scl_LibertyReadGenlib() skipped sequential cell "sky130_fd_sc_hd__sdfxtp_1".
ABC: Scl_LibertyReadGenlib() skipped sequential cell "sky130_fd_sc_hd__sdfxtp_2".
ABC: Scl_LibertyReadGenlib() skipped sequential cell "sky130_fd_sc_hd__sdfxtp_4".
ABC: Scl_LibertyReadGenlib() skipped cell "sky130_fd_sc_hd__sdlclkp_1" without logic function.
ABC: Scl_LibertyReadGenlib() skipped cell "sky130_fd_sc_hd__sdlclkp_2" without logic function.
ABC: Scl_LibertyReadGenlib() skipped cell "sky130_fd_sc_hd__sdlclkp_4" without logic function.
ABC: Scl_LibertyReadGenlib() skipped sequential cell "sky130_fd_sc_hd__sedfxbp_1".
ABC: Scl_LibertyReadGenlib() skipped sequential cell "sky130_fd_sc_hd__sedfxbp_2".
ABC: Scl_LibertyReadGenlib() skipped sequential cell "sky130_fd_sc_hd__sedfxtp_1".
ABC: Scl_LibertyReadGenlib() skipped sequential cell "sky130_fd_sc_hd__sedfxtp_2".
ABC: Scl_LibertyReadGenlib() skipped sequential cell "sky130_fd_sc_hd__sedfxtp_4".
ABC: Library "sky130_fd_sc_hd__ff_n40C_1v95" from "/home/nitro/work/open_pdks/open_pdks/root/volare/sky130/build/c6d73a35f524070e85faff4a6a9eef49553ebc2b/sky130A/libs.ref/sky130_fd_sc_hd/lib/sky130_fd_sc_hd__ff_n40C_1v95.lib" has 334 cells (94 skipped: 63 seq; 13 tri-state; 18 no func; 0 dont_use).  Time =     0.12 sec
ABC: Memory =   20.06 MB. Time =     0.12 sec
ABC: Warning: Detected 9 multi-output gates (for example, "sky130_fd_sc_hd__fa_1").
ABC: + strash 
ABC: + scorr 
ABC: Warning: The network is combinational (run "fraig" or "fraig_sweep").
ABC: + ifraig 
ABC: + retime 
ABC: + strash 
ABC: + dch -f 
ABC: + map -M 1 
ABC: + write_blif <abc-temp-dir>/output.blif 

15.2.2. Re-integrating ABC results.
ABC RESULTS:   sky130_fd_sc_hd__xor2_1 cells:        3
ABC RESULTS:   sky130_fd_sc_hd__nor4_1 cells:        4
ABC RESULTS:   sky130_fd_sc_hd__lpflow_inputiso0p_1 cells:        1
ABC RESULTS:   sky130_fd_sc_hd__or2b_2 cells:        4
ABC RESULTS:   sky130_fd_sc_hd__nand4_1 cells:       12
ABC RESULTS:   sky130_fd_sc_hd__and2b_2 cells:        2
ABC RESULTS:   sky130_fd_sc_hd__a21boi_0 cells:        1
ABC RESULTS:   sky130_fd_sc_hd__o21bai_1 cells:        3
ABC RESULTS:   sky130_fd_sc_hd__a31oi_1 cells:        3
ABC RESULTS:   sky130_fd_sc_hd__clkinv_1 cells:       64
ABC RESULTS:   sky130_fd_sc_hd__nor2_1 cells:       21
ABC RESULTS:   sky130_fd_sc_hd__nand3_1 cells:        1
ABC RESULTS:   sky130_fd_sc_hd__nand2_1 cells:       56
ABC RESULTS:   sky130_fd_sc_hd__o221ai_1 cells:        6
ABC RESULTS:   sky130_fd_sc_hd__o21ai_0 cells:        4
ABC RESULTS:   sky130_fd_sc_hd__a21oi_1 cells:       11
ABC RESULTS:   sky130_fd_sc_hd__a221oi_1 cells:        1
ABC RESULTS:   sky130_fd_sc_hd__a21o_2 cells:        1
ABC RESULTS:   sky130_fd_sc_hd__a22oi_1 cells:        1
ABC RESULTS:   sky130_fd_sc_hd__o32ai_1 cells:        1
ABC RESULTS:        internal signals:      211
ABC RESULTS:           input signals:       67
ABC RESULTS:          output signals:        1
Removing temp directory.

15.3. Extracting gate netlist of module `\cleave_control' to `<abc-temp-dir>/input.blif'..
Extracted 84 gates and 95 wires to a netlist network with 11 inputs and 18 outputs.

15.3.1. Executing ABC.
Running ABC command: "/usr/local/share/qflow/bin/yosys-abc" -s -f <abc-temp-dir>/abc.script 2>&1
ABC: ABC command line: "source <abc-temp-dir>/abc.script".
ABC: 
ABC: + read_blif <abc-temp-dir>/input.blif 
ABC: + read_lib -w /home/nitro/work/open_pdks/open_pdks/root/volare/sky130/build/c6d73a35f524070e85faff4a6a9eef49553ebc2b/sky130A/libs.ref/sky130_fd_sc_hd/lib/sky130_fd_sc_hd__ff_n40C_1v95.lib 
ABC: Parsing finished successfully.  Parsing time =     0.07 sec
ABC: Scl_LibertyReadGenlib() skipped cell "sky130_fd_sc_hd__decap_12" without logic function.
ABC: Scl_LibertyReadGenlib() skipped cell "sky130_fd_sc_hd__decap_3" without logic function.
ABC: Scl_LibertyReadGenlib() skipped cell "sky130_fd_sc_hd__decap_4" without logic function.
ABC: Scl_LibertyReadGenlib() skipped cell "sky130_fd_sc_hd__decap_6" without logic function.
ABC: Scl_LibertyReadGenlib() skipped cell "sky130_fd_sc_hd__decap_8" without logic function.
ABC: Scl_LibertyReadGenlib() skipped sequential cell "sky130_fd_sc_hd__dfbbn_1".
ABC: Scl_LibertyReadGenlib() skipped sequential cell "sky130_fd_sc_hd__dfbbn_2".
ABC: Scl_LibertyReadGenlib() skipped sequential cell "sky130_fd_sc_hd__dfbbp_1".
ABC: Scl_LibertyReadGenlib() skipped sequential cell "sky130_fd_sc_hd__dfrbp_1".
ABC: Scl_LibertyReadGenlib() skipped sequential cell "sky130_fd_sc_hd__dfrbp_2".
ABC: Scl_LibertyReadGenlib() skipped sequential cell "sky130_fd_sc_hd__dfrtn_1".
ABC: Scl_LibertyReadGenlib() skipped sequential cell "sky130_fd_sc_hd__dfrtp_1".
ABC: Scl_LibertyReadGenlib() skipped sequential cell "sky130_fd_sc_hd__dfrtp_2".
ABC: Scl_LibertyReadGenlib() skipped sequential cell "sky130_fd_sc_hd__dfrtp_4".
ABC: Scl_LibertyReadGenlib() skipped sequential cell "sky130_fd_sc_hd__dfsbp_1".
ABC: Scl_LibertyReadGenlib() skipped sequential cell "sky130_fd_sc_hd__dfsbp_2".
ABC: Scl_LibertyReadGenlib() skipped sequential cell "sky130_fd_sc_hd__dfstp_1".
ABC: Scl_LibertyReadGenlib() skipped sequential cell "sky130_fd_sc_hd__dfstp_2".
ABC: Scl_LibertyReadGenlib() skipped sequential cell "sky130_fd_sc_hd__dfstp_4".
ABC: Scl_LibertyReadGenlib() skipped sequential cell "sky130_fd_sc_hd__dfxbp_1".
ABC: Scl_LibertyReadGenlib() skipped sequential cell "sky130_fd_sc_hd__dfxbp_2".
ABC: Scl_LibertyReadGenlib() skipped sequential cell "sky130_fd_sc_hd__dfxtp_1".
ABC: Scl_LibertyReadGenlib() skipped sequential cell "sky130_fd_sc_hd__dfxtp_2".
ABC: Scl_LibertyReadGenlib() skipped sequential cell "sky130_fd_sc_hd__dfxtp_4".
ABC: Scl_LibertyReadGenlib() skipped cell "sky130_fd_sc_hd__diode_2" without logic function.
ABC: Scl_LibertyReadGenlib() skipped cell "sky130_fd_sc_hd__dlclkp_1" without logic function.
ABC: Scl_LibertyReadGenlib() skipped cell "sky130_fd_sc_hd__dlclkp_2" without logic function.
ABC: Scl_LibertyReadGenlib() skipped cell "sky130_fd_sc_hd__dlclkp_4" without logic function.
ABC: Scl_LibertyReadGenlib() skipped sequential cell "sky130_fd_sc_hd__dlrbn_1".
ABC: Scl_LibertyReadGenlib() skipped sequential cell "sky130_fd_sc_hd__dlrbn_2".
ABC: Scl_LibertyReadGenlib() skipped sequential cell "sky130_fd_sc_hd__dlrbp_1".
ABC: Scl_LibertyReadGenlib() skipped sequential cell "sky130_fd_sc_hd__dlrbp_2".
ABC: Scl_LibertyReadGenlib() skipped sequential cell "sky130_fd_sc_hd__dlrtn_1".
ABC: Scl_LibertyReadGenlib() skipped sequential cell "sky130_fd_sc_hd__dlrtn_2".
ABC: Scl_LibertyReadGenlib() skipped sequential cell "sky130_fd_sc_hd__dlrtn_4".
ABC: Scl_LibertyReadGenlib() skipped sequential cell "sky130_fd_sc_hd__dlrtp_1".
ABC: Scl_LibertyReadGenlib() skipped sequential cell "sky130_fd_sc_hd__dlrtp_2".
ABC: Scl_LibertyReadGenlib() skipped sequential cell "sky130_fd_sc_hd__dlrtp_4".
ABC: Scl_LibertyReadGenlib() skipped sequential cell "sky130_fd_sc_hd__dlxbn_1".
ABC: Scl_LibertyReadGenlib() skipped sequential cell "sky130_fd_sc_hd__dlxbn_2".
ABC: Scl_LibertyReadGenlib() skipped sequential cell "sky130_fd_sc_hd__dlxbp_1".
ABC: Scl_LibertyReadGenlib() skipped sequential cell "sky130_fd_sc_hd__dlxtn_1".
ABC: Scl_LibertyReadGenlib() skipped sequential cell "sky130_fd_sc_hd__dlxtn_2".
ABC: Scl_LibertyReadGenlib() skipped sequential cell "sky130_fd_sc_hd__dlxtn_4".
ABC: Scl_LibertyReadGenlib() skipped sequential cell "sky130_fd_sc_hd__dlxtp_1".
ABC: Scl_LibertyReadGenlib() skipped three-state cell "sky130_fd_sc_hd__ebufn_1".
ABC: Scl_LibertyReadGenlib() skipped three-state cell "sky130_fd_sc_hd__ebufn_2".
ABC: Scl_LibertyReadGenlib() skipped three-state cell "sky130_fd_sc_hd__ebufn_4".
ABC: Scl_LibertyReadGenlib() skipped three-state cell "sky130_fd_sc_hd__ebufn_8".
ABC: Scl_LibertyReadGenlib() skipped sequential cell "sky130_fd_sc_hd__edfxbp_1".
ABC: Scl_LibertyReadGenlib() skipped sequential cell "sky130_fd_sc_hd__edfxtp_1".
ABC: Scl_LibertyReadGenlib() skipped three-state cell "sky130_fd_sc_hd__einvn_0".
ABC: Scl_LibertyReadGenlib() skipped three-state cell "sky130_fd_sc_hd__einvn_1".
ABC: Scl_LibertyReadGenlib() skipped three-state cell "sky130_fd_sc_hd__einvn_2".
ABC: Scl_LibertyReadGenlib() skipped three-state cell "sky130_fd_sc_hd__einvn_4".
ABC: Scl_LibertyReadGenlib() skipped three-state cell "sky130_fd_sc_hd__einvn_8".
ABC: Scl_LibertyReadGenlib() skipped three-state cell "sky130_fd_sc_hd__einvp_1".
ABC: Scl_LibertyReadGenlib() skipped three-state cell "sky130_fd_sc_hd__einvp_2".
ABC: Scl_LibertyReadGenlib() skipped three-state cell "sky130_fd_sc_hd__einvp_4".
ABC: Scl_LibertyReadGenlib() skipped three-state cell "sky130_fd_sc_hd__einvp_8".
ABC: Scl_LibertyReadGenlib() skipped cell "sky130_fd_sc_hd__lpflow_bleeder_1" without logic function.
ABC: Scl_LibertyReadGenlib() skipped cell "sky130_fd_sc_hd__lpflow_decapkapwr_12" without logic function.
ABC: Scl_LibertyReadGenlib() skipped cell "sky130_fd_sc_hd__lpflow_decapkapwr_3" without logic function.
ABC: Scl_LibertyReadGenlib() skipped cell "sky130_fd_sc_hd__lpflow_decapkapwr_4" without logic function.
ABC: Scl_LibertyReadGenlib() skipped cell "sky130_fd_sc_hd__lpflow_decapkapwr_6" without logic function.
ABC: Scl_LibertyReadGenlib() skipped cell "sky130_fd_sc_hd__lpflow_decapkapwr_8" without logic function.
ABC: Scl_LibertyReadGenlib() skipped sequential cell "sky130_fd_sc_hd__lpflow_inputisolatch_1".
ABC: Scl_LibertyReadGenlib() skipped sequential cell "sky130_fd_sc_hd__sdfbbn_1".
ABC: Scl_LibertyReadGenlib() skipped sequential cell "sky130_fd_sc_hd__sdfbbn_2".
ABC: Scl_LibertyReadGenlib() skipped sequential cell "sky130_fd_sc_hd__sdfbbp_1".
ABC: Scl_LibertyReadGenlib() skipped sequential cell "sky130_fd_sc_hd__sdfrbp_1".
ABC: Scl_LibertyReadGenlib() skipped sequential cell "sky130_fd_sc_hd__sdfrbp_2".
ABC: Scl_LibertyReadGenlib() skipped sequential cell "sky130_fd_sc_hd__sdfrtn_1".
ABC: Scl_LibertyReadGenlib() skipped sequential cell "sky130_fd_sc_hd__sdfrtp_1".
ABC: Scl_LibertyReadGenlib() skipped sequential cell "sky130_fd_sc_hd__sdfrtp_2".
ABC: Scl_LibertyReadGenlib() skipped sequential cell "sky130_fd_sc_hd__sdfrtp_4".
ABC: Scl_LibertyReadGenlib() skipped sequential cell "sky130_fd_sc_hd__sdfsbp_1".
ABC: Scl_LibertyReadGenlib() skipped sequential cell "sky130_fd_sc_hd__sdfsbp_2".
ABC: Scl_LibertyReadGenlib() skipped sequential cell "sky130_fd_sc_hd__sdfstp_1".
ABC: Scl_LibertyReadGenlib() skipped sequential cell "sky130_fd_sc_hd__sdfstp_2".
ABC: Scl_LibertyReadGenlib() skipped sequential cell "sky130_fd_sc_hd__sdfstp_4".
ABC: Scl_LibertyReadGenlib() skipped sequential cell "sky130_fd_sc_hd__sdfxbp_1".
ABC: Scl_LibertyReadGenlib() skipped sequential cell "sky130_fd_sc_hd__sdfxbp_2".
ABC: Scl_LibertyReadGenlib() skipped sequential cell "sky130_fd_sc_hd__sdfxtp_1".
ABC: Scl_LibertyReadGenlib() skipped sequential cell "sky130_fd_sc_hd__sdfxtp_2".
ABC: Scl_LibertyReadGenlib() skipped sequential cell "sky130_fd_sc_hd__sdfxtp_4".
ABC: Scl_LibertyReadGenlib() skipped cell "sky130_fd_sc_hd__sdlclkp_1" without logic function.
ABC: Scl_LibertyReadGenlib() skipped cell "sky130_fd_sc_hd__sdlclkp_2" without logic function.
ABC: Scl_LibertyReadGenlib() skipped cell "sky130_fd_sc_hd__sdlclkp_4" without logic function.
ABC: Scl_LibertyReadGenlib() skipped sequential cell "sky130_fd_sc_hd__sedfxbp_1".
ABC: Scl_LibertyReadGenlib() skipped sequential cell "sky130_fd_sc_hd__sedfxbp_2".
ABC: Scl_LibertyReadGenlib() skipped sequential cell "sky130_fd_sc_hd__sedfxtp_1".
ABC: Scl_LibertyReadGenlib() skipped sequential cell "sky130_fd_sc_hd__sedfxtp_2".
ABC: Scl_LibertyReadGenlib() skipped sequential cell "sky130_fd_sc_hd__sedfxtp_4".
ABC: Library "sky130_fd_sc_hd__ff_n40C_1v95" from "/home/nitro/work/open_pdks/open_pdks/root/volare/sky130/build/c6d73a35f524070e85faff4a6a9eef49553ebc2b/sky130A/libs.ref/sky130_fd_sc_hd/lib/sky130_fd_sc_hd__ff_n40C_1v95.lib" has 334 cells (94 skipped: 63 seq; 13 tri-state; 18 no func; 0 dont_use).  Time =     0.11 sec
ABC: Memory =   20.06 MB. Time =     0.11 sec
ABC: Warning: Detected 9 multi-output gates (for example, "sky130_fd_sc_hd__fa_1").
ABC: + strash 
ABC: + scorr 
ABC: Warning: The network is combinational (run "fraig" or "fraig_sweep").
ABC: + ifraig 
ABC: + retime 
ABC: + strash 
ABC: + dch -f 
ABC: + map -M 1 
ABC: + write_blif <abc-temp-dir>/output.blif 

15.3.2. Re-integrating ABC results.
ABC RESULTS:   sky130_fd_sc_hd__and2_2 cells:        1
ABC RESULTS:   sky130_fd_sc_hd__nor4_1 cells:        1
ABC RESULTS:   sky130_fd_sc_hd__and3b_2 cells:        1
ABC RESULTS:   sky130_fd_sc_hd__and2b_2 cells:        2
ABC RESULTS:   sky130_fd_sc_hd__nor3b_1 cells:        1
ABC RESULTS:   sky130_fd_sc_hd__and3_2 cells:        1
ABC RESULTS:   sky130_fd_sc_hd__a32oi_1 cells:        3
ABC RESULTS:   sky130_fd_sc_hd__a41o_2 cells:        1
ABC RESULTS:   sky130_fd_sc_hd__o211ai_1 cells:        4
ABC RESULTS:   sky130_fd_sc_hd__clkinv_1 cells:        8
ABC RESULTS:   sky130_fd_sc_hd__nand4_1 cells:        2
ABC RESULTS:   sky130_fd_sc_hd__o22ai_1 cells:        1
ABC RESULTS:   sky130_fd_sc_hd__a211oi_1 cells:        1
ABC RESULTS:   sky130_fd_sc_hd__nand2_1 cells:       17
ABC RESULTS:   sky130_fd_sc_hd__nor3_1 cells:        7
ABC RESULTS:   sky130_fd_sc_hd__nand3_1 cells:        7
ABC RESULTS:   sky130_fd_sc_hd__nor2_1 cells:        8
ABC RESULTS:        internal signals:       66
ABC RESULTS:           input signals:       11
ABC RESULTS:          output signals:       18
Removing temp directory.

15.4. Extracting gate netlist of module `\cleave_core' to `<abc-temp-dir>/input.blif'..
Extracted 677 gates and 911 wires to a netlist network with 234 inputs and 136 outputs.

15.4.1. Executing ABC.
Running ABC command: "/usr/local/share/qflow/bin/yosys-abc" -s -f <abc-temp-dir>/abc.script 2>&1
ABC: ABC command line: "source <abc-temp-dir>/abc.script".
ABC: 
ABC: + read_blif <abc-temp-dir>/input.blif 
ABC: + read_lib -w /home/nitro/work/open_pdks/open_pdks/root/volare/sky130/build/c6d73a35f524070e85faff4a6a9eef49553ebc2b/sky130A/libs.ref/sky130_fd_sc_hd/lib/sky130_fd_sc_hd__ff_n40C_1v95.lib 
ABC: Parsing finished successfully.  Parsing time =     0.06 sec
ABC: Scl_LibertyReadGenlib() skipped cell "sky130_fd_sc_hd__decap_12" without logic function.
ABC: Scl_LibertyReadGenlib() skipped cell "sky130_fd_sc_hd__decap_3" without logic function.
ABC: Scl_LibertyReadGenlib() skipped cell "sky130_fd_sc_hd__decap_4" without logic function.
ABC: Scl_LibertyReadGenlib() skipped cell "sky130_fd_sc_hd__decap_6" without logic function.
ABC: Scl_LibertyReadGenlib() skipped cell "sky130_fd_sc_hd__decap_8" without logic function.
ABC: Scl_LibertyReadGenlib() skipped sequential cell "sky130_fd_sc_hd__dfbbn_1".
ABC: Scl_LibertyReadGenlib() skipped sequential cell "sky130_fd_sc_hd__dfbbn_2".
ABC: Scl_LibertyReadGenlib() skipped sequential cell "sky130_fd_sc_hd__dfbbp_1".
ABC: Scl_LibertyReadGenlib() skipped sequential cell "sky130_fd_sc_hd__dfrbp_1".
ABC: Scl_LibertyReadGenlib() skipped sequential cell "sky130_fd_sc_hd__dfrbp_2".
ABC: Scl_LibertyReadGenlib() skipped sequential cell "sky130_fd_sc_hd__dfrtn_1".
ABC: Scl_LibertyReadGenlib() skipped sequential cell "sky130_fd_sc_hd__dfrtp_1".
ABC: Scl_LibertyReadGenlib() skipped sequential cell "sky130_fd_sc_hd__dfrtp_2".
ABC: Scl_LibertyReadGenlib() skipped sequential cell "sky130_fd_sc_hd__dfrtp_4".
ABC: Scl_LibertyReadGenlib() skipped sequential cell "sky130_fd_sc_hd__dfsbp_1".
ABC: Scl_LibertyReadGenlib() skipped sequential cell "sky130_fd_sc_hd__dfsbp_2".
ABC: Scl_LibertyReadGenlib() skipped sequential cell "sky130_fd_sc_hd__dfstp_1".
ABC: Scl_LibertyReadGenlib() skipped sequential cell "sky130_fd_sc_hd__dfstp_2".
ABC: Scl_LibertyReadGenlib() skipped sequential cell "sky130_fd_sc_hd__dfstp_4".
ABC: Scl_LibertyReadGenlib() skipped sequential cell "sky130_fd_sc_hd__dfxbp_1".
ABC: Scl_LibertyReadGenlib() skipped sequential cell "sky130_fd_sc_hd__dfxbp_2".
ABC: Scl_LibertyReadGenlib() skipped sequential cell "sky130_fd_sc_hd__dfxtp_1".
ABC: Scl_LibertyReadGenlib() skipped sequential cell "sky130_fd_sc_hd__dfxtp_2".
ABC: Scl_LibertyReadGenlib() skipped sequential cell "sky130_fd_sc_hd__dfxtp_4".
ABC: Scl_LibertyReadGenlib() skipped cell "sky130_fd_sc_hd__diode_2" without logic function.
ABC: Scl_LibertyReadGenlib() skipped cell "sky130_fd_sc_hd__dlclkp_1" without logic function.
ABC: Scl_LibertyReadGenlib() skipped cell "sky130_fd_sc_hd__dlclkp_2" without logic function.
ABC: Scl_LibertyReadGenlib() skipped cell "sky130_fd_sc_hd__dlclkp_4" without logic function.
ABC: Scl_LibertyReadGenlib() skipped sequential cell "sky130_fd_sc_hd__dlrbn_1".
ABC: Scl_LibertyReadGenlib() skipped sequential cell "sky130_fd_sc_hd__dlrbn_2".
ABC: Scl_LibertyReadGenlib() skipped sequential cell "sky130_fd_sc_hd__dlrbp_1".
ABC: Scl_LibertyReadGenlib() skipped sequential cell "sky130_fd_sc_hd__dlrbp_2".
ABC: Scl_LibertyReadGenlib() skipped sequential cell "sky130_fd_sc_hd__dlrtn_1".
ABC: Scl_LibertyReadGenlib() skipped sequential cell "sky130_fd_sc_hd__dlrtn_2".
ABC: Scl_LibertyReadGenlib() skipped sequential cell "sky130_fd_sc_hd__dlrtn_4".
ABC: Scl_LibertyReadGenlib() skipped sequential cell "sky130_fd_sc_hd__dlrtp_1".
ABC: Scl_LibertyReadGenlib() skipped sequential cell "sky130_fd_sc_hd__dlrtp_2".
ABC: Scl_LibertyReadGenlib() skipped sequential cell "sky130_fd_sc_hd__dlrtp_4".
ABC: Scl_LibertyReadGenlib() skipped sequential cell "sky130_fd_sc_hd__dlxbn_1".
ABC: Scl_LibertyReadGenlib() skipped sequential cell "sky130_fd_sc_hd__dlxbn_2".
ABC: Scl_LibertyReadGenlib() skipped sequential cell "sky130_fd_sc_hd__dlxbp_1".
ABC: Scl_LibertyReadGenlib() skipped sequential cell "sky130_fd_sc_hd__dlxtn_1".
ABC: Scl_LibertyReadGenlib() skipped sequential cell "sky130_fd_sc_hd__dlxtn_2".
ABC: Scl_LibertyReadGenlib() skipped sequential cell "sky130_fd_sc_hd__dlxtn_4".
ABC: Scl_LibertyReadGenlib() skipped sequential cell "sky130_fd_sc_hd__dlxtp_1".
ABC: Scl_LibertyReadGenlib() skipped three-state cell "sky130_fd_sc_hd__ebufn_1".
ABC: Scl_LibertyReadGenlib() skipped three-state cell "sky130_fd_sc_hd__ebufn_2".
ABC: Scl_LibertyReadGenlib() skipped three-state cell "sky130_fd_sc_hd__ebufn_4".
ABC: Scl_LibertyReadGenlib() skipped three-state cell "sky130_fd_sc_hd__ebufn_8".
ABC: Scl_LibertyReadGenlib() skipped sequential cell "sky130_fd_sc_hd__edfxbp_1".
ABC: Scl_LibertyReadGenlib() skipped sequential cell "sky130_fd_sc_hd__edfxtp_1".
ABC: Scl_LibertyReadGenlib() skipped three-state cell "sky130_fd_sc_hd__einvn_0".
ABC: Scl_LibertyReadGenlib() skipped three-state cell "sky130_fd_sc_hd__einvn_1".
ABC: Scl_LibertyReadGenlib() skipped three-state cell "sky130_fd_sc_hd__einvn_2".
ABC: Scl_LibertyReadGenlib() skipped three-state cell "sky130_fd_sc_hd__einvn_4".
ABC: Scl_LibertyReadGenlib() skipped three-state cell "sky130_fd_sc_hd__einvn_8".
ABC: Scl_LibertyReadGenlib() skipped three-state cell "sky130_fd_sc_hd__einvp_1".
ABC: Scl_LibertyReadGenlib() skipped three-state cell "sky130_fd_sc_hd__einvp_2".
ABC: Scl_LibertyReadGenlib() skipped three-state cell "sky130_fd_sc_hd__einvp_4".
ABC: Scl_LibertyReadGenlib() skipped three-state cell "sky130_fd_sc_hd__einvp_8".
ABC: Scl_LibertyReadGenlib() skipped cell "sky130_fd_sc_hd__lpflow_bleeder_1" without logic function.
ABC: Scl_LibertyReadGenlib() skipped cell "sky130_fd_sc_hd__lpflow_decapkapwr_12" without logic function.
ABC: Scl_LibertyReadGenlib() skipped cell "sky130_fd_sc_hd__lpflow_decapkapwr_3" without logic function.
ABC: Scl_LibertyReadGenlib() skipped cell "sky130_fd_sc_hd__lpflow_decapkapwr_4" without logic function.
ABC: Scl_LibertyReadGenlib() skipped cell "sky130_fd_sc_hd__lpflow_decapkapwr_6" without logic function.
ABC: Scl_LibertyReadGenlib() skipped cell "sky130_fd_sc_hd__lpflow_decapkapwr_8" without logic function.
ABC: Scl_LibertyReadGenlib() skipped sequential cell "sky130_fd_sc_hd__lpflow_inputisolatch_1".
ABC: Scl_LibertyReadGenlib() skipped sequential cell "sky130_fd_sc_hd__sdfbbn_1".
ABC: Scl_LibertyReadGenlib() skipped sequential cell "sky130_fd_sc_hd__sdfbbn_2".
ABC: Scl_LibertyReadGenlib() skipped sequential cell "sky130_fd_sc_hd__sdfbbp_1".
ABC: Scl_LibertyReadGenlib() skipped sequential cell "sky130_fd_sc_hd__sdfrbp_1".
ABC: Scl_LibertyReadGenlib() skipped sequential cell "sky130_fd_sc_hd__sdfrbp_2".
ABC: Scl_LibertyReadGenlib() skipped sequential cell "sky130_fd_sc_hd__sdfrtn_1".
ABC: Scl_LibertyReadGenlib() skipped sequential cell "sky130_fd_sc_hd__sdfrtp_1".
ABC: Scl_LibertyReadGenlib() skipped sequential cell "sky130_fd_sc_hd__sdfrtp_2".
ABC: Scl_LibertyReadGenlib() skipped sequential cell "sky130_fd_sc_hd__sdfrtp_4".
ABC: Scl_LibertyReadGenlib() skipped sequential cell "sky130_fd_sc_hd__sdfsbp_1".
ABC: Scl_LibertyReadGenlib() skipped sequential cell "sky130_fd_sc_hd__sdfsbp_2".
ABC: Scl_LibertyReadGenlib() skipped sequential cell "sky130_fd_sc_hd__sdfstp_1".
ABC: Scl_LibertyReadGenlib() skipped sequential cell "sky130_fd_sc_hd__sdfstp_2".
ABC: Scl_LibertyReadGenlib() skipped sequential cell "sky130_fd_sc_hd__sdfstp_4".
ABC: Scl_LibertyReadGenlib() skipped sequential cell "sky130_fd_sc_hd__sdfxbp_1".
ABC: Scl_LibertyReadGenlib() skipped sequential cell "sky130_fd_sc_hd__sdfxbp_2".
ABC: Scl_LibertyReadGenlib() skipped sequential cell "sky130_fd_sc_hd__sdfxtp_1".
ABC: Scl_LibertyReadGenlib() skipped sequential cell "sky130_fd_sc_hd__sdfxtp_2".
ABC: Scl_LibertyReadGenlib() skipped sequential cell "sky130_fd_sc_hd__sdfxtp_4".
ABC: Scl_LibertyReadGenlib() skipped cell "sky130_fd_sc_hd__sdlclkp_1" without logic function.
ABC: Scl_LibertyReadGenlib() skipped cell "sky130_fd_sc_hd__sdlclkp_2" without logic function.
ABC: Scl_LibertyReadGenlib() skipped cell "sky130_fd_sc_hd__sdlclkp_4" without logic function.
ABC: Scl_LibertyReadGenlib() skipped sequential cell "sky130_fd_sc_hd__sedfxbp_1".
ABC: Scl_LibertyReadGenlib() skipped sequential cell "sky130_fd_sc_hd__sedfxbp_2".
ABC: Scl_LibertyReadGenlib() skipped sequential cell "sky130_fd_sc_hd__sedfxtp_1".
ABC: Scl_LibertyReadGenlib() skipped sequential cell "sky130_fd_sc_hd__sedfxtp_2".
ABC: Scl_LibertyReadGenlib() skipped sequential cell "sky130_fd_sc_hd__sedfxtp_4".
ABC: Library "sky130_fd_sc_hd__ff_n40C_1v95" from "/home/nitro/work/open_pdks/open_pdks/root/volare/sky130/build/c6d73a35f524070e85faff4a6a9eef49553ebc2b/sky130A/libs.ref/sky130_fd_sc_hd/lib/sky130_fd_sc_hd__ff_n40C_1v95.lib" has 334 cells (94 skipped: 63 seq; 13 tri-state; 18 no func; 0 dont_use).  Time =     0.09 sec
ABC: Memory =   20.06 MB. Time =     0.09 sec
ABC: Warning: Detected 9 multi-output gates (for example, "sky130_fd_sc_hd__fa_1").
ABC: + strash 
ABC: + scorr 
ABC: Warning: The network is combinational (run "fraig" or "fraig_sweep").
ABC: + ifraig 
ABC: + retime 
ABC: + strash 
ABC: + dch -f 
ABC: + map -M 1 
ABC: + write_blif <abc-temp-dir>/output.blif 

15.4.2. Re-integrating ABC results.
ABC RESULTS:   sky130_fd_sc_hd__mux2_2 cells:        6
ABC RESULTS:   sky130_fd_sc_hd__a32oi_1 cells:        1
ABC RESULTS:   sky130_fd_sc_hd__xnor2_1 cells:        4
ABC RESULTS:   sky130_fd_sc_hd__lpflow_inputiso0p_1 cells:        4
ABC RESULTS:   sky130_fd_sc_hd__a31o_1 cells:        3
ABC RESULTS:   sky130_fd_sc_hd__nor4_1 cells:        2
ABC RESULTS:   sky130_fd_sc_hd__a31oi_1 cells:        6
ABC RESULTS:   sky130_fd_sc_hd__o31ai_1 cells:        1
ABC RESULTS:   sky130_fd_sc_hd__o21a_1 cells:        3
ABC RESULTS:   sky130_fd_sc_hd__or2_2 cells:        4
ABC RESULTS:   sky130_fd_sc_hd__a21boi_0 cells:        2
ABC RESULTS:   sky130_fd_sc_hd__nand4_1 cells:       11
ABC RESULTS:   sky130_fd_sc_hd__xor2_1 cells:       23
ABC RESULTS:   sky130_fd_sc_hd__a21o_2 cells:        3
ABC RESULTS:   sky130_fd_sc_hd__o211ai_1 cells:        2
ABC RESULTS:   sky130_fd_sc_hd__o22ai_1 cells:        3
ABC RESULTS:   sky130_fd_sc_hd__a21oi_1 cells:      101
ABC RESULTS:   sky130_fd_sc_hd__o21bai_1 cells:        8
ABC RESULTS:   sky130_fd_sc_hd__o21ai_0 cells:       59
ABC RESULTS:   sky130_fd_sc_hd__clkinv_1 cells:       98
ABC RESULTS:   sky130_fd_sc_hd__nor2_1 cells:      187
ABC RESULTS:   sky130_fd_sc_hd__nor3_1 cells:       14
ABC RESULTS:   sky130_fd_sc_hd__a221oi_1 cells:        1
ABC RESULTS:   sky130_fd_sc_hd__o311ai_0 cells:        7
ABC RESULTS:   sky130_fd_sc_hd__nand2_1 cells:      209
ABC RESULTS:   sky130_fd_sc_hd__a22oi_1 cells:       44
ABC RESULTS:   sky130_fd_sc_hd__nand3_1 cells:       49
ABC RESULTS:        internal signals:      541
ABC RESULTS:           input signals:      234
ABC RESULTS:          output signals:      136
Removing temp directory.

15.5. Extracting gate netlist of module `\cleave_dmem' to `<abc-temp-dir>/input.blif'..
Extracted 4715 gates and 6807 wires to a netlist network with 2092 inputs and 2080 outputs.

15.5.1. Executing ABC.
Running ABC command: "/usr/local/share/qflow/bin/yosys-abc" -s -f <abc-temp-dir>/abc.script 2>&1
ABC: ABC command line: "source <abc-temp-dir>/abc.script".
ABC: 
ABC: + read_blif <abc-temp-dir>/input.blif 
ABC: + read_lib -w /home/nitro/work/open_pdks/open_pdks/root/volare/sky130/build/c6d73a35f524070e85faff4a6a9eef49553ebc2b/sky130A/libs.ref/sky130_fd_sc_hd/lib/sky130_fd_sc_hd__ff_n40C_1v95.lib 
ABC: Parsing finished successfully.  Parsing time =     0.10 sec
ABC: Scl_LibertyReadGenlib() skipped cell "sky130_fd_sc_hd__decap_12" without logic function.
ABC: Scl_LibertyReadGenlib() skipped cell "sky130_fd_sc_hd__decap_3" without logic function.
ABC: Scl_LibertyReadGenlib() skipped cell "sky130_fd_sc_hd__decap_4" without logic function.
ABC: Scl_LibertyReadGenlib() skipped cell "sky130_fd_sc_hd__decap_6" without logic function.
ABC: Scl_LibertyReadGenlib() skipped cell "sky130_fd_sc_hd__decap_8" without logic function.
ABC: Scl_LibertyReadGenlib() skipped sequential cell "sky130_fd_sc_hd__dfbbn_1".
ABC: Scl_LibertyReadGenlib() skipped sequential cell "sky130_fd_sc_hd__dfbbn_2".
ABC: Scl_LibertyReadGenlib() skipped sequential cell "sky130_fd_sc_hd__dfbbp_1".
ABC: Scl_LibertyReadGenlib() skipped sequential cell "sky130_fd_sc_hd__dfrbp_1".
ABC: Scl_LibertyReadGenlib() skipped sequential cell "sky130_fd_sc_hd__dfrbp_2".
ABC: Scl_LibertyReadGenlib() skipped sequential cell "sky130_fd_sc_hd__dfrtn_1".
ABC: Scl_LibertyReadGenlib() skipped sequential cell "sky130_fd_sc_hd__dfrtp_1".
ABC: Scl_LibertyReadGenlib() skipped sequential cell "sky130_fd_sc_hd__dfrtp_2".
ABC: Scl_LibertyReadGenlib() skipped sequential cell "sky130_fd_sc_hd__dfrtp_4".
ABC: Scl_LibertyReadGenlib() skipped sequential cell "sky130_fd_sc_hd__dfsbp_1".
ABC: Scl_LibertyReadGenlib() skipped sequential cell "sky130_fd_sc_hd__dfsbp_2".
ABC: Scl_LibertyReadGenlib() skipped sequential cell "sky130_fd_sc_hd__dfstp_1".
ABC: Scl_LibertyReadGenlib() skipped sequential cell "sky130_fd_sc_hd__dfstp_2".
ABC: Scl_LibertyReadGenlib() skipped sequential cell "sky130_fd_sc_hd__dfstp_4".
ABC: Scl_LibertyReadGenlib() skipped sequential cell "sky130_fd_sc_hd__dfxbp_1".
ABC: Scl_LibertyReadGenlib() skipped sequential cell "sky130_fd_sc_hd__dfxbp_2".
ABC: Scl_LibertyReadGenlib() skipped sequential cell "sky130_fd_sc_hd__dfxtp_1".
ABC: Scl_LibertyReadGenlib() skipped sequential cell "sky130_fd_sc_hd__dfxtp_2".
ABC: Scl_LibertyReadGenlib() skipped sequential cell "sky130_fd_sc_hd__dfxtp_4".
ABC: Scl_LibertyReadGenlib() skipped cell "sky130_fd_sc_hd__diode_2" without logic function.
ABC: Scl_LibertyReadGenlib() skipped cell "sky130_fd_sc_hd__dlclkp_1" without logic function.
ABC: Scl_LibertyReadGenlib() skipped cell "sky130_fd_sc_hd__dlclkp_2" without logic function.
ABC: Scl_LibertyReadGenlib() skipped cell "sky130_fd_sc_hd__dlclkp_4" without logic function.
ABC: Scl_LibertyReadGenlib() skipped sequential cell "sky130_fd_sc_hd__dlrbn_1".
ABC: Scl_LibertyReadGenlib() skipped sequential cell "sky130_fd_sc_hd__dlrbn_2".
ABC: Scl_LibertyReadGenlib() skipped sequential cell "sky130_fd_sc_hd__dlrbp_1".
ABC: Scl_LibertyReadGenlib() skipped sequential cell "sky130_fd_sc_hd__dlrbp_2".
ABC: Scl_LibertyReadGenlib() skipped sequential cell "sky130_fd_sc_hd__dlrtn_1".
ABC: Scl_LibertyReadGenlib() skipped sequential cell "sky130_fd_sc_hd__dlrtn_2".
ABC: Scl_LibertyReadGenlib() skipped sequential cell "sky130_fd_sc_hd__dlrtn_4".
ABC: Scl_LibertyReadGenlib() skipped sequential cell "sky130_fd_sc_hd__dlrtp_1".
ABC: Scl_LibertyReadGenlib() skipped sequential cell "sky130_fd_sc_hd__dlrtp_2".
ABC: Scl_LibertyReadGenlib() skipped sequential cell "sky130_fd_sc_hd__dlrtp_4".
ABC: Scl_LibertyReadGenlib() skipped sequential cell "sky130_fd_sc_hd__dlxbn_1".
ABC: Scl_LibertyReadGenlib() skipped sequential cell "sky130_fd_sc_hd__dlxbn_2".
ABC: Scl_LibertyReadGenlib() skipped sequential cell "sky130_fd_sc_hd__dlxbp_1".
ABC: Scl_LibertyReadGenlib() skipped sequential cell "sky130_fd_sc_hd__dlxtn_1".
ABC: Scl_LibertyReadGenlib() skipped sequential cell "sky130_fd_sc_hd__dlxtn_2".
ABC: Scl_LibertyReadGenlib() skipped sequential cell "sky130_fd_sc_hd__dlxtn_4".
ABC: Scl_LibertyReadGenlib() skipped sequential cell "sky130_fd_sc_hd__dlxtp_1".
ABC: Scl_LibertyReadGenlib() skipped three-state cell "sky130_fd_sc_hd__ebufn_1".
ABC: Scl_LibertyReadGenlib() skipped three-state cell "sky130_fd_sc_hd__ebufn_2".
ABC: Scl_LibertyReadGenlib() skipped three-state cell "sky130_fd_sc_hd__ebufn_4".
ABC: Scl_LibertyReadGenlib() skipped three-state cell "sky130_fd_sc_hd__ebufn_8".
ABC: Scl_LibertyReadGenlib() skipped sequential cell "sky130_fd_sc_hd__edfxbp_1".
ABC: Scl_LibertyReadGenlib() skipped sequential cell "sky130_fd_sc_hd__edfxtp_1".
ABC: Scl_LibertyReadGenlib() skipped three-state cell "sky130_fd_sc_hd__einvn_0".
ABC: Scl_LibertyReadGenlib() skipped three-state cell "sky130_fd_sc_hd__einvn_1".
ABC: Scl_LibertyReadGenlib() skipped three-state cell "sky130_fd_sc_hd__einvn_2".
ABC: Scl_LibertyReadGenlib() skipped three-state cell "sky130_fd_sc_hd__einvn_4".
ABC: Scl_LibertyReadGenlib() skipped three-state cell "sky130_fd_sc_hd__einvn_8".
ABC: Scl_LibertyReadGenlib() skipped three-state cell "sky130_fd_sc_hd__einvp_1".
ABC: Scl_LibertyReadGenlib() skipped three-state cell "sky130_fd_sc_hd__einvp_2".
ABC: Scl_LibertyReadGenlib() skipped three-state cell "sky130_fd_sc_hd__einvp_4".
ABC: Scl_LibertyReadGenlib() skipped three-state cell "sky130_fd_sc_hd__einvp_8".
ABC: Scl_LibertyReadGenlib() skipped cell "sky130_fd_sc_hd__lpflow_bleeder_1" without logic function.
ABC: Scl_LibertyReadGenlib() skipped cell "sky130_fd_sc_hd__lpflow_decapkapwr_12" without logic function.
ABC: Scl_LibertyReadGenlib() skipped cell "sky130_fd_sc_hd__lpflow_decapkapwr_3" without logic function.
ABC: Scl_LibertyReadGenlib() skipped cell "sky130_fd_sc_hd__lpflow_decapkapwr_4" without logic function.
ABC: Scl_LibertyReadGenlib() skipped cell "sky130_fd_sc_hd__lpflow_decapkapwr_6" without logic function.
ABC: Scl_LibertyReadGenlib() skipped cell "sky130_fd_sc_hd__lpflow_decapkapwr_8" without logic function.
ABC: Scl_LibertyReadGenlib() skipped sequential cell "sky130_fd_sc_hd__lpflow_inputisolatch_1".
ABC: Scl_LibertyReadGenlib() skipped sequential cell "sky130_fd_sc_hd__sdfbbn_1".
ABC: Scl_LibertyReadGenlib() skipped sequential cell "sky130_fd_sc_hd__sdfbbn_2".
ABC: Scl_LibertyReadGenlib() skipped sequential cell "sky130_fd_sc_hd__sdfbbp_1".
ABC: Scl_LibertyReadGenlib() skipped sequential cell "sky130_fd_sc_hd__sdfrbp_1".
ABC: Scl_LibertyReadGenlib() skipped sequential cell "sky130_fd_sc_hd__sdfrbp_2".
ABC: Scl_LibertyReadGenlib() skipped sequential cell "sky130_fd_sc_hd__sdfrtn_1".
ABC: Scl_LibertyReadGenlib() skipped sequential cell "sky130_fd_sc_hd__sdfrtp_1".
ABC: Scl_LibertyReadGenlib() skipped sequential cell "sky130_fd_sc_hd__sdfrtp_2".
ABC: Scl_LibertyReadGenlib() skipped sequential cell "sky130_fd_sc_hd__sdfrtp_4".
ABC: Scl_LibertyReadGenlib() skipped sequential cell "sky130_fd_sc_hd__sdfsbp_1".
ABC: Scl_LibertyReadGenlib() skipped sequential cell "sky130_fd_sc_hd__sdfsbp_2".
ABC: Scl_LibertyReadGenlib() skipped sequential cell "sky130_fd_sc_hd__sdfstp_1".
ABC: Scl_LibertyReadGenlib() skipped sequential cell "sky130_fd_sc_hd__sdfstp_2".
ABC: Scl_LibertyReadGenlib() skipped sequential cell "sky130_fd_sc_hd__sdfstp_4".
ABC: Scl_LibertyReadGenlib() skipped sequential cell "sky130_fd_sc_hd__sdfxbp_1".
ABC: Scl_LibertyReadGenlib() skipped sequential cell "sky130_fd_sc_hd__sdfxbp_2".
ABC: Scl_LibertyReadGenlib() skipped sequential cell "sky130_fd_sc_hd__sdfxtp_1".
ABC: Scl_LibertyReadGenlib() skipped sequential cell "sky130_fd_sc_hd__sdfxtp_2".
ABC: Scl_LibertyReadGenlib() skipped sequential cell "sky130_fd_sc_hd__sdfxtp_4".
ABC: Scl_LibertyReadGenlib() skipped cell "sky130_fd_sc_hd__sdlclkp_1" without logic function.
ABC: Scl_LibertyReadGenlib() skipped cell "sky130_fd_sc_hd__sdlclkp_2" without logic function.
ABC: Scl_LibertyReadGenlib() skipped cell "sky130_fd_sc_hd__sdlclkp_4" without logic function.
ABC: Scl_LibertyReadGenlib() skipped sequential cell "sky130_fd_sc_hd__sedfxbp_1".
ABC: Scl_LibertyReadGenlib() skipped sequential cell "sky130_fd_sc_hd__sedfxbp_2".
ABC: Scl_LibertyReadGenlib() skipped sequential cell "sky130_fd_sc_hd__sedfxtp_1".
ABC: Scl_LibertyReadGenlib() skipped sequential cell "sky130_fd_sc_hd__sedfxtp_2".
ABC: Scl_LibertyReadGenlib() skipped sequential cell "sky130_fd_sc_hd__sedfxtp_4".
ABC: Library "sky130_fd_sc_hd__ff_n40C_1v95" from "/home/nitro/work/open_pdks/open_pdks/root/volare/sky130/build/c6d73a35f524070e85faff4a6a9eef49553ebc2b/sky130A/libs.ref/sky130_fd_sc_hd/lib/sky130_fd_sc_hd__ff_n40C_1v95.lib" has 334 cells (94 skipped: 63 seq; 13 tri-state; 18 no func; 0 dont_use).  Time =     0.14 sec
ABC: Memory =   20.06 MB. Time =     0.14 sec
ABC: Warning: Detected 9 multi-output gates (for example, "sky130_fd_sc_hd__fa_1").
ABC: + strash 
ABC: + scorr 
ABC: Warning: The network is combinational (run "fraig" or "fraig_sweep").
ABC: + ifraig 
ABC: + retime 
ABC: + strash 
ABC: + dch -f 
ABC: + map -M 1 
ABC: + write_blif <abc-temp-dir>/output.blif 

15.5.2. Re-integrating ABC results.
ABC RESULTS:   sky130_fd_sc_hd__o22ai_1 cells:      144
ABC RESULTS:   sky130_fd_sc_hd__a221oi_1 cells:      144
ABC RESULTS:   sky130_fd_sc_hd__o2111ai_1 cells:       33
ABC RESULTS:   sky130_fd_sc_hd__o21bai_1 cells:        2
ABC RESULTS:   sky130_fd_sc_hd__or2_2 cells:        1
ABC RESULTS:   sky130_fd_sc_hd__a22oi_1 cells:      600
ABC RESULTS:   sky130_fd_sc_hd__o2111a_1 cells:        2
ABC RESULTS:   sky130_fd_sc_hd__and2_2 cells:        4
ABC RESULTS:   sky130_fd_sc_hd__nand4_1 cells:      350
ABC RESULTS:   sky130_fd_sc_hd__a32oi_1 cells:      156
ABC RESULTS:   sky130_fd_sc_hd__a31oi_1 cells:       13
ABC RESULTS:   sky130_fd_sc_hd__nor4_1 cells:        1
ABC RESULTS:   sky130_fd_sc_hd__o31ai_1 cells:      264
ABC RESULTS:   sky130_fd_sc_hd__nand3_1 cells:      638
ABC RESULTS:   sky130_fd_sc_hd__clkinv_1 cells:      489
ABC RESULTS:   sky130_fd_sc_hd__o21ai_0 cells:      228
ABC RESULTS:   sky130_fd_sc_hd__nand2_1 cells:     1804
ABC RESULTS:   sky130_fd_sc_hd__mux2_2 cells:      398
ABC RESULTS:   sky130_fd_sc_hd__nor3_1 cells:       24
ABC RESULTS:   sky130_fd_sc_hd__nor2_1 cells:      824
ABC RESULTS:   sky130_fd_sc_hd__a21oi_1 cells:      729
ABC RESULTS:        internal signals:     2635
ABC RESULTS:           input signals:     2092
ABC RESULTS:          output signals:     2080
Removing temp directory.

15.6. Extracting gate netlist of module `\cleave_imem' to `<abc-temp-dir>/input.blif'..
Extracted 263 gates and 269 wires to a netlist network with 6 inputs and 30 outputs.

15.6.1. Executing ABC.
Running ABC command: "/usr/local/share/qflow/bin/yosys-abc" -s -f <abc-temp-dir>/abc.script 2>&1
ABC: ABC command line: "source <abc-temp-dir>/abc.script".
ABC: 
ABC: + read_blif <abc-temp-dir>/input.blif 
ABC: + read_lib -w /home/nitro/work/open_pdks/open_pdks/root/volare/sky130/build/c6d73a35f524070e85faff4a6a9eef49553ebc2b/sky130A/libs.ref/sky130_fd_sc_hd/lib/sky130_fd_sc_hd__ff_n40C_1v95.lib 
ABC: Parsing finished successfully.  Parsing time =     0.08 sec
ABC: Scl_LibertyReadGenlib() skipped cell "sky130_fd_sc_hd__decap_12" without logic function.
ABC: Scl_LibertyReadGenlib() skipped cell "sky130_fd_sc_hd__decap_3" without logic function.
ABC: Scl_LibertyReadGenlib() skipped cell "sky130_fd_sc_hd__decap_4" without logic function.
ABC: Scl_LibertyReadGenlib() skipped cell "sky130_fd_sc_hd__decap_6" without logic function.
ABC: Scl_LibertyReadGenlib() skipped cell "sky130_fd_sc_hd__decap_8" without logic function.
ABC: Scl_LibertyReadGenlib() skipped sequential cell "sky130_fd_sc_hd__dfbbn_1".
ABC: Scl_LibertyReadGenlib() skipped sequential cell "sky130_fd_sc_hd__dfbbn_2".
ABC: Scl_LibertyReadGenlib() skipped sequential cell "sky130_fd_sc_hd__dfbbp_1".
ABC: Scl_LibertyReadGenlib() skipped sequential cell "sky130_fd_sc_hd__dfrbp_1".
ABC: Scl_LibertyReadGenlib() skipped sequential cell "sky130_fd_sc_hd__dfrbp_2".
ABC: Scl_LibertyReadGenlib() skipped sequential cell "sky130_fd_sc_hd__dfrtn_1".
ABC: Scl_LibertyReadGenlib() skipped sequential cell "sky130_fd_sc_hd__dfrtp_1".
ABC: Scl_LibertyReadGenlib() skipped sequential cell "sky130_fd_sc_hd__dfrtp_2".
ABC: Scl_LibertyReadGenlib() skipped sequential cell "sky130_fd_sc_hd__dfrtp_4".
ABC: Scl_LibertyReadGenlib() skipped sequential cell "sky130_fd_sc_hd__dfsbp_1".
ABC: Scl_LibertyReadGenlib() skipped sequential cell "sky130_fd_sc_hd__dfsbp_2".
ABC: Scl_LibertyReadGenlib() skipped sequential cell "sky130_fd_sc_hd__dfstp_1".
ABC: Scl_LibertyReadGenlib() skipped sequential cell "sky130_fd_sc_hd__dfstp_2".
ABC: Scl_LibertyReadGenlib() skipped sequential cell "sky130_fd_sc_hd__dfstp_4".
ABC: Scl_LibertyReadGenlib() skipped sequential cell "sky130_fd_sc_hd__dfxbp_1".
ABC: Scl_LibertyReadGenlib() skipped sequential cell "sky130_fd_sc_hd__dfxbp_2".
ABC: Scl_LibertyReadGenlib() skipped sequential cell "sky130_fd_sc_hd__dfxtp_1".
ABC: Scl_LibertyReadGenlib() skipped sequential cell "sky130_fd_sc_hd__dfxtp_2".
ABC: Scl_LibertyReadGenlib() skipped sequential cell "sky130_fd_sc_hd__dfxtp_4".
ABC: Scl_LibertyReadGenlib() skipped cell "sky130_fd_sc_hd__diode_2" without logic function.
ABC: Scl_LibertyReadGenlib() skipped cell "sky130_fd_sc_hd__dlclkp_1" without logic function.
ABC: Scl_LibertyReadGenlib() skipped cell "sky130_fd_sc_hd__dlclkp_2" without logic function.
ABC: Scl_LibertyReadGenlib() skipped cell "sky130_fd_sc_hd__dlclkp_4" without logic function.
ABC: Scl_LibertyReadGenlib() skipped sequential cell "sky130_fd_sc_hd__dlrbn_1".
ABC: Scl_LibertyReadGenlib() skipped sequential cell "sky130_fd_sc_hd__dlrbn_2".
ABC: Scl_LibertyReadGenlib() skipped sequential cell "sky130_fd_sc_hd__dlrbp_1".
ABC: Scl_LibertyReadGenlib() skipped sequential cell "sky130_fd_sc_hd__dlrbp_2".
ABC: Scl_LibertyReadGenlib() skipped sequential cell "sky130_fd_sc_hd__dlrtn_1".
ABC: Scl_LibertyReadGenlib() skipped sequential cell "sky130_fd_sc_hd__dlrtn_2".
ABC: Scl_LibertyReadGenlib() skipped sequential cell "sky130_fd_sc_hd__dlrtn_4".
ABC: Scl_LibertyReadGenlib() skipped sequential cell "sky130_fd_sc_hd__dlrtp_1".
ABC: Scl_LibertyReadGenlib() skipped sequential cell "sky130_fd_sc_hd__dlrtp_2".
ABC: Scl_LibertyReadGenlib() skipped sequential cell "sky130_fd_sc_hd__dlrtp_4".
ABC: Scl_LibertyReadGenlib() skipped sequential cell "sky130_fd_sc_hd__dlxbn_1".
ABC: Scl_LibertyReadGenlib() skipped sequential cell "sky130_fd_sc_hd__dlxbn_2".
ABC: Scl_LibertyReadGenlib() skipped sequential cell "sky130_fd_sc_hd__dlxbp_1".
ABC: Scl_LibertyReadGenlib() skipped sequential cell "sky130_fd_sc_hd__dlxtn_1".
ABC: Scl_LibertyReadGenlib() skipped sequential cell "sky130_fd_sc_hd__dlxtn_2".
ABC: Scl_LibertyReadGenlib() skipped sequential cell "sky130_fd_sc_hd__dlxtn_4".
ABC: Scl_LibertyReadGenlib() skipped sequential cell "sky130_fd_sc_hd__dlxtp_1".
ABC: Scl_LibertyReadGenlib() skipped three-state cell "sky130_fd_sc_hd__ebufn_1".
ABC: Scl_LibertyReadGenlib() skipped three-state cell "sky130_fd_sc_hd__ebufn_2".
ABC: Scl_LibertyReadGenlib() skipped three-state cell "sky130_fd_sc_hd__ebufn_4".
ABC: Scl_LibertyReadGenlib() skipped three-state cell "sky130_fd_sc_hd__ebufn_8".
ABC: Scl_LibertyReadGenlib() skipped sequential cell "sky130_fd_sc_hd__edfxbp_1".
ABC: Scl_LibertyReadGenlib() skipped sequential cell "sky130_fd_sc_hd__edfxtp_1".
ABC: Scl_LibertyReadGenlib() skipped three-state cell "sky130_fd_sc_hd__einvn_0".
ABC: Scl_LibertyReadGenlib() skipped three-state cell "sky130_fd_sc_hd__einvn_1".
ABC: Scl_LibertyReadGenlib() skipped three-state cell "sky130_fd_sc_hd__einvn_2".
ABC: Scl_LibertyReadGenlib() skipped three-state cell "sky130_fd_sc_hd__einvn_4".
ABC: Scl_LibertyReadGenlib() skipped three-state cell "sky130_fd_sc_hd__einvn_8".
ABC: Scl_LibertyReadGenlib() skipped three-state cell "sky130_fd_sc_hd__einvp_1".
ABC: Scl_LibertyReadGenlib() skipped three-state cell "sky130_fd_sc_hd__einvp_2".
ABC: Scl_LibertyReadGenlib() skipped three-state cell "sky130_fd_sc_hd__einvp_4".
ABC: Scl_LibertyReadGenlib() skipped three-state cell "sky130_fd_sc_hd__einvp_8".
ABC: Scl_LibertyReadGenlib() skipped cell "sky130_fd_sc_hd__lpflow_bleeder_1" without logic function.
ABC: Scl_LibertyReadGenlib() skipped cell "sky130_fd_sc_hd__lpflow_decapkapwr_12" without logic function.
ABC: Scl_LibertyReadGenlib() skipped cell "sky130_fd_sc_hd__lpflow_decapkapwr_3" without logic function.
ABC: Scl_LibertyReadGenlib() skipped cell "sky130_fd_sc_hd__lpflow_decapkapwr_4" without logic function.
ABC: Scl_LibertyReadGenlib() skipped cell "sky130_fd_sc_hd__lpflow_decapkapwr_6" without logic function.
ABC: Scl_LibertyReadGenlib() skipped cell "sky130_fd_sc_hd__lpflow_decapkapwr_8" without logic function.
ABC: Scl_LibertyReadGenlib() skipped sequential cell "sky130_fd_sc_hd__lpflow_inputisolatch_1".
ABC: Scl_LibertyReadGenlib() skipped sequential cell "sky130_fd_sc_hd__sdfbbn_1".
ABC: Scl_LibertyReadGenlib() skipped sequential cell "sky130_fd_sc_hd__sdfbbn_2".
ABC: Scl_LibertyReadGenlib() skipped sequential cell "sky130_fd_sc_hd__sdfbbp_1".
ABC: Scl_LibertyReadGenlib() skipped sequential cell "sky130_fd_sc_hd__sdfrbp_1".
ABC: Scl_LibertyReadGenlib() skipped sequential cell "sky130_fd_sc_hd__sdfrbp_2".
ABC: Scl_LibertyReadGenlib() skipped sequential cell "sky130_fd_sc_hd__sdfrtn_1".
ABC: Scl_LibertyReadGenlib() skipped sequential cell "sky130_fd_sc_hd__sdfrtp_1".
ABC: Scl_LibertyReadGenlib() skipped sequential cell "sky130_fd_sc_hd__sdfrtp_2".
ABC: Scl_LibertyReadGenlib() skipped sequential cell "sky130_fd_sc_hd__sdfrtp_4".
ABC: Scl_LibertyReadGenlib() skipped sequential cell "sky130_fd_sc_hd__sdfsbp_1".
ABC: Scl_LibertyReadGenlib() skipped sequential cell "sky130_fd_sc_hd__sdfsbp_2".
ABC: Scl_LibertyReadGenlib() skipped sequential cell "sky130_fd_sc_hd__sdfstp_1".
ABC: Scl_LibertyReadGenlib() skipped sequential cell "sky130_fd_sc_hd__sdfstp_2".
ABC: Scl_LibertyReadGenlib() skipped sequential cell "sky130_fd_sc_hd__sdfstp_4".
ABC: Scl_LibertyReadGenlib() skipped sequential cell "sky130_fd_sc_hd__sdfxbp_1".
ABC: Scl_LibertyReadGenlib() skipped sequential cell "sky130_fd_sc_hd__sdfxbp_2".
ABC: Scl_LibertyReadGenlib() skipped sequential cell "sky130_fd_sc_hd__sdfxtp_1".
ABC: Scl_LibertyReadGenlib() skipped sequential cell "sky130_fd_sc_hd__sdfxtp_2".
ABC: Scl_LibertyReadGenlib() skipped sequential cell "sky130_fd_sc_hd__sdfxtp_4".
ABC: Scl_LibertyReadGenlib() skipped cell "sky130_fd_sc_hd__sdlclkp_1" without logic function.
ABC: Scl_LibertyReadGenlib() skipped cell "sky130_fd_sc_hd__sdlclkp_2" without logic function.
ABC: Scl_LibertyReadGenlib() skipped cell "sky130_fd_sc_hd__sdlclkp_4" without logic function.
ABC: Scl_LibertyReadGenlib() skipped sequential cell "sky130_fd_sc_hd__sedfxbp_1".
ABC: Scl_LibertyReadGenlib() skipped sequential cell "sky130_fd_sc_hd__sedfxbp_2".
ABC: Scl_LibertyReadGenlib() skipped sequential cell "sky130_fd_sc_hd__sedfxtp_1".
ABC: Scl_LibertyReadGenlib() skipped sequential cell "sky130_fd_sc_hd__sedfxtp_2".
ABC: Scl_LibertyReadGenlib() skipped sequential cell "sky130_fd_sc_hd__sedfxtp_4".
ABC: Library "sky130_fd_sc_hd__ff_n40C_1v95" from "/home/nitro/work/open_pdks/open_pdks/root/volare/sky130/build/c6d73a35f524070e85faff4a6a9eef49553ebc2b/sky130A/libs.ref/sky130_fd_sc_hd/lib/sky130_fd_sc_hd__ff_n40C_1v95.lib" has 334 cells (94 skipped: 63 seq; 13 tri-state; 18 no func; 0 dont_use).  Time =     0.13 sec
ABC: Memory =   20.06 MB. Time =     0.13 sec
ABC: Warning: Detected 9 multi-output gates (for example, "sky130_fd_sc_hd__fa_1").
ABC: + strash 
ABC: + scorr 
ABC: Warning: The network is combinational (run "fraig" or "fraig_sweep").
ABC: + ifraig 
ABC: + retime 
ABC: + strash 
ABC: + dch -f 
ABC: + map -M 1 
ABC: + write_blif <abc-temp-dir>/output.blif 

15.6.2. Re-integrating ABC results.
ABC RESULTS:   sky130_fd_sc_hd__nor3b_1 cells:        1
ABC RESULTS:   sky130_fd_sc_hd__or2b_2 cells:        2
ABC RESULTS:   sky130_fd_sc_hd__and2_2 cells:        1
ABC RESULTS:   sky130_fd_sc_hd__a311oi_1 cells:        1
ABC RESULTS:   sky130_fd_sc_hd__nor4_1 cells:        2
ABC RESULTS:   sky130_fd_sc_hd__xor2_1 cells:        1
ABC RESULTS:   sky130_fd_sc_hd__mux2i_1 cells:        5
ABC RESULTS:   sky130_fd_sc_hd__a21boi_0 cells:        2
ABC RESULTS:   sky130_fd_sc_hd__nand3_1 cells:       14
ABC RESULTS:   sky130_fd_sc_hd__o211ai_1 cells:        2
ABC RESULTS:   sky130_fd_sc_hd__a211oi_1 cells:        2
ABC RESULTS:   sky130_fd_sc_hd__clkinv_1 cells:       20
ABC RESULTS:   sky130_fd_sc_hd__nand4_1 cells:        2
ABC RESULTS:   sky130_fd_sc_hd__a32oi_1 cells:        6
ABC RESULTS:   sky130_fd_sc_hd__o21bai_1 cells:        7
ABC RESULTS:   sky130_fd_sc_hd__o31a_2 cells:        1
ABC RESULTS:   sky130_fd_sc_hd__a31oi_1 cells:        4
ABC RESULTS:   sky130_fd_sc_hd__o2bb2ai_1 cells:        1
ABC RESULTS:   sky130_fd_sc_hd__a21oi_1 cells:       29
ABC RESULTS:   sky130_fd_sc_hd__o221ai_1 cells:        5
ABC RESULTS:   sky130_fd_sc_hd__nor3_1 cells:        5
ABC RESULTS:   sky130_fd_sc_hd__nand2_1 cells:       48
ABC RESULTS:   sky130_fd_sc_hd__o21ai_0 cells:       31
ABC RESULTS:   sky130_fd_sc_hd__a22oi_1 cells:        5
ABC RESULTS:   sky130_fd_sc_hd__o22ai_1 cells:       11
ABC RESULTS:   sky130_fd_sc_hd__nor2_1 cells:       34
ABC RESULTS:        internal signals:      233
ABC RESULTS:           input signals:        6
ABC RESULTS:          output signals:       30
Removing temp directory.

15.7. Extracting gate netlist of module `\cleave_immgen' to `<abc-temp-dir>/input.blif'..
Extracted 166 gates and 194 wires to a netlist network with 28 inputs and 31 outputs.

15.7.1. Executing ABC.
Running ABC command: "/usr/local/share/qflow/bin/yosys-abc" -s -f <abc-temp-dir>/abc.script 2>&1
ABC: ABC command line: "source <abc-temp-dir>/abc.script".
ABC: 
ABC: + read_blif <abc-temp-dir>/input.blif 
ABC: + read_lib -w /home/nitro/work/open_pdks/open_pdks/root/volare/sky130/build/c6d73a35f524070e85faff4a6a9eef49553ebc2b/sky130A/libs.ref/sky130_fd_sc_hd/lib/sky130_fd_sc_hd__ff_n40C_1v95.lib 
ABC: Parsing finished successfully.  Parsing time =     0.07 sec
ABC: Scl_LibertyReadGenlib() skipped cell "sky130_fd_sc_hd__decap_12" without logic function.
ABC: Scl_LibertyReadGenlib() skipped cell "sky130_fd_sc_hd__decap_3" without logic function.
ABC: Scl_LibertyReadGenlib() skipped cell "sky130_fd_sc_hd__decap_4" without logic function.
ABC: Scl_LibertyReadGenlib() skipped cell "sky130_fd_sc_hd__decap_6" without logic function.
ABC: Scl_LibertyReadGenlib() skipped cell "sky130_fd_sc_hd__decap_8" without logic function.
ABC: Scl_LibertyReadGenlib() skipped sequential cell "sky130_fd_sc_hd__dfbbn_1".
ABC: Scl_LibertyReadGenlib() skipped sequential cell "sky130_fd_sc_hd__dfbbn_2".
ABC: Scl_LibertyReadGenlib() skipped sequential cell "sky130_fd_sc_hd__dfbbp_1".
ABC: Scl_LibertyReadGenlib() skipped sequential cell "sky130_fd_sc_hd__dfrbp_1".
ABC: Scl_LibertyReadGenlib() skipped sequential cell "sky130_fd_sc_hd__dfrbp_2".
ABC: Scl_LibertyReadGenlib() skipped sequential cell "sky130_fd_sc_hd__dfrtn_1".
ABC: Scl_LibertyReadGenlib() skipped sequential cell "sky130_fd_sc_hd__dfrtp_1".
ABC: Scl_LibertyReadGenlib() skipped sequential cell "sky130_fd_sc_hd__dfrtp_2".
ABC: Scl_LibertyReadGenlib() skipped sequential cell "sky130_fd_sc_hd__dfrtp_4".
ABC: Scl_LibertyReadGenlib() skipped sequential cell "sky130_fd_sc_hd__dfsbp_1".
ABC: Scl_LibertyReadGenlib() skipped sequential cell "sky130_fd_sc_hd__dfsbp_2".
ABC: Scl_LibertyReadGenlib() skipped sequential cell "sky130_fd_sc_hd__dfstp_1".
ABC: Scl_LibertyReadGenlib() skipped sequential cell "sky130_fd_sc_hd__dfstp_2".
ABC: Scl_LibertyReadGenlib() skipped sequential cell "sky130_fd_sc_hd__dfstp_4".
ABC: Scl_LibertyReadGenlib() skipped sequential cell "sky130_fd_sc_hd__dfxbp_1".
ABC: Scl_LibertyReadGenlib() skipped sequential cell "sky130_fd_sc_hd__dfxbp_2".
ABC: Scl_LibertyReadGenlib() skipped sequential cell "sky130_fd_sc_hd__dfxtp_1".
ABC: Scl_LibertyReadGenlib() skipped sequential cell "sky130_fd_sc_hd__dfxtp_2".
ABC: Scl_LibertyReadGenlib() skipped sequential cell "sky130_fd_sc_hd__dfxtp_4".
ABC: Scl_LibertyReadGenlib() skipped cell "sky130_fd_sc_hd__diode_2" without logic function.
ABC: Scl_LibertyReadGenlib() skipped cell "sky130_fd_sc_hd__dlclkp_1" without logic function.
ABC: Scl_LibertyReadGenlib() skipped cell "sky130_fd_sc_hd__dlclkp_2" without logic function.
ABC: Scl_LibertyReadGenlib() skipped cell "sky130_fd_sc_hd__dlclkp_4" without logic function.
ABC: Scl_LibertyReadGenlib() skipped sequential cell "sky130_fd_sc_hd__dlrbn_1".
ABC: Scl_LibertyReadGenlib() skipped sequential cell "sky130_fd_sc_hd__dlrbn_2".
ABC: Scl_LibertyReadGenlib() skipped sequential cell "sky130_fd_sc_hd__dlrbp_1".
ABC: Scl_LibertyReadGenlib() skipped sequential cell "sky130_fd_sc_hd__dlrbp_2".
ABC: Scl_LibertyReadGenlib() skipped sequential cell "sky130_fd_sc_hd__dlrtn_1".
ABC: Scl_LibertyReadGenlib() skipped sequential cell "sky130_fd_sc_hd__dlrtn_2".
ABC: Scl_LibertyReadGenlib() skipped sequential cell "sky130_fd_sc_hd__dlrtn_4".
ABC: Scl_LibertyReadGenlib() skipped sequential cell "sky130_fd_sc_hd__dlrtp_1".
ABC: Scl_LibertyReadGenlib() skipped sequential cell "sky130_fd_sc_hd__dlrtp_2".
ABC: Scl_LibertyReadGenlib() skipped sequential cell "sky130_fd_sc_hd__dlrtp_4".
ABC: Scl_LibertyReadGenlib() skipped sequential cell "sky130_fd_sc_hd__dlxbn_1".
ABC: Scl_LibertyReadGenlib() skipped sequential cell "sky130_fd_sc_hd__dlxbn_2".
ABC: Scl_LibertyReadGenlib() skipped sequential cell "sky130_fd_sc_hd__dlxbp_1".
ABC: Scl_LibertyReadGenlib() skipped sequential cell "sky130_fd_sc_hd__dlxtn_1".
ABC: Scl_LibertyReadGenlib() skipped sequential cell "sky130_fd_sc_hd__dlxtn_2".
ABC: Scl_LibertyReadGenlib() skipped sequential cell "sky130_fd_sc_hd__dlxtn_4".
ABC: Scl_LibertyReadGenlib() skipped sequential cell "sky130_fd_sc_hd__dlxtp_1".
ABC: Scl_LibertyReadGenlib() skipped three-state cell "sky130_fd_sc_hd__ebufn_1".
ABC: Scl_LibertyReadGenlib() skipped three-state cell "sky130_fd_sc_hd__ebufn_2".
ABC: Scl_LibertyReadGenlib() skipped three-state cell "sky130_fd_sc_hd__ebufn_4".
ABC: Scl_LibertyReadGenlib() skipped three-state cell "sky130_fd_sc_hd__ebufn_8".
ABC: Scl_LibertyReadGenlib() skipped sequential cell "sky130_fd_sc_hd__edfxbp_1".
ABC: Scl_LibertyReadGenlib() skipped sequential cell "sky130_fd_sc_hd__edfxtp_1".
ABC: Scl_LibertyReadGenlib() skipped three-state cell "sky130_fd_sc_hd__einvn_0".
ABC: Scl_LibertyReadGenlib() skipped three-state cell "sky130_fd_sc_hd__einvn_1".
ABC: Scl_LibertyReadGenlib() skipped three-state cell "sky130_fd_sc_hd__einvn_2".
ABC: Scl_LibertyReadGenlib() skipped three-state cell "sky130_fd_sc_hd__einvn_4".
ABC: Scl_LibertyReadGenlib() skipped three-state cell "sky130_fd_sc_hd__einvn_8".
ABC: Scl_LibertyReadGenlib() skipped three-state cell "sky130_fd_sc_hd__einvp_1".
ABC: Scl_LibertyReadGenlib() skipped three-state cell "sky130_fd_sc_hd__einvp_2".
ABC: Scl_LibertyReadGenlib() skipped three-state cell "sky130_fd_sc_hd__einvp_4".
ABC: Scl_LibertyReadGenlib() skipped three-state cell "sky130_fd_sc_hd__einvp_8".
ABC: Scl_LibertyReadGenlib() skipped cell "sky130_fd_sc_hd__lpflow_bleeder_1" without logic function.
ABC: Scl_LibertyReadGenlib() skipped cell "sky130_fd_sc_hd__lpflow_decapkapwr_12" without logic function.
ABC: Scl_LibertyReadGenlib() skipped cell "sky130_fd_sc_hd__lpflow_decapkapwr_3" without logic function.
ABC: Scl_LibertyReadGenlib() skipped cell "sky130_fd_sc_hd__lpflow_decapkapwr_4" without logic function.
ABC: Scl_LibertyReadGenlib() skipped cell "sky130_fd_sc_hd__lpflow_decapkapwr_6" without logic function.
ABC: Scl_LibertyReadGenlib() skipped cell "sky130_fd_sc_hd__lpflow_decapkapwr_8" without logic function.
ABC: Scl_LibertyReadGenlib() skipped sequential cell "sky130_fd_sc_hd__lpflow_inputisolatch_1".
ABC: Scl_LibertyReadGenlib() skipped sequential cell "sky130_fd_sc_hd__sdfbbn_1".
ABC: Scl_LibertyReadGenlib() skipped sequential cell "sky130_fd_sc_hd__sdfbbn_2".
ABC: Scl_LibertyReadGenlib() skipped sequential cell "sky130_fd_sc_hd__sdfbbp_1".
ABC: Scl_LibertyReadGenlib() skipped sequential cell "sky130_fd_sc_hd__sdfrbp_1".
ABC: Scl_LibertyReadGenlib() skipped sequential cell "sky130_fd_sc_hd__sdfrbp_2".
ABC: Scl_LibertyReadGenlib() skipped sequential cell "sky130_fd_sc_hd__sdfrtn_1".
ABC: Scl_LibertyReadGenlib() skipped sequential cell "sky130_fd_sc_hd__sdfrtp_1".
ABC: Scl_LibertyReadGenlib() skipped sequential cell "sky130_fd_sc_hd__sdfrtp_2".
ABC: Scl_LibertyReadGenlib() skipped sequential cell "sky130_fd_sc_hd__sdfrtp_4".
ABC: Scl_LibertyReadGenlib() skipped sequential cell "sky130_fd_sc_hd__sdfsbp_1".
ABC: Scl_LibertyReadGenlib() skipped sequential cell "sky130_fd_sc_hd__sdfsbp_2".
ABC: Scl_LibertyReadGenlib() skipped sequential cell "sky130_fd_sc_hd__sdfstp_1".
ABC: Scl_LibertyReadGenlib() skipped sequential cell "sky130_fd_sc_hd__sdfstp_2".
ABC: Scl_LibertyReadGenlib() skipped sequential cell "sky130_fd_sc_hd__sdfstp_4".
ABC: Scl_LibertyReadGenlib() skipped sequential cell "sky130_fd_sc_hd__sdfxbp_1".
ABC: Scl_LibertyReadGenlib() skipped sequential cell "sky130_fd_sc_hd__sdfxbp_2".
ABC: Scl_LibertyReadGenlib() skipped sequential cell "sky130_fd_sc_hd__sdfxtp_1".
ABC: Scl_LibertyReadGenlib() skipped sequential cell "sky130_fd_sc_hd__sdfxtp_2".
ABC: Scl_LibertyReadGenlib() skipped sequential cell "sky130_fd_sc_hd__sdfxtp_4".
ABC: Scl_LibertyReadGenlib() skipped cell "sky130_fd_sc_hd__sdlclkp_1" without logic function.
ABC: Scl_LibertyReadGenlib() skipped cell "sky130_fd_sc_hd__sdlclkp_2" without logic function.
ABC: Scl_LibertyReadGenlib() skipped cell "sky130_fd_sc_hd__sdlclkp_4" without logic function.
ABC: Scl_LibertyReadGenlib() skipped sequential cell "sky130_fd_sc_hd__sedfxbp_1".
ABC: Scl_LibertyReadGenlib() skipped sequential cell "sky130_fd_sc_hd__sedfxbp_2".
ABC: Scl_LibertyReadGenlib() skipped sequential cell "sky130_fd_sc_hd__sedfxtp_1".
ABC: Scl_LibertyReadGenlib() skipped sequential cell "sky130_fd_sc_hd__sedfxtp_2".
ABC: Scl_LibertyReadGenlib() skipped sequential cell "sky130_fd_sc_hd__sedfxtp_4".
ABC: Library "sky130_fd_sc_hd__ff_n40C_1v95" from "/home/nitro/work/open_pdks/open_pdks/root/volare/sky130/build/c6d73a35f524070e85faff4a6a9eef49553ebc2b/sky130A/libs.ref/sky130_fd_sc_hd/lib/sky130_fd_sc_hd__ff_n40C_1v95.lib" has 334 cells (94 skipped: 63 seq; 13 tri-state; 18 no func; 0 dont_use).  Time =     0.10 sec
ABC: Memory =   20.06 MB. Time =     0.10 sec
ABC: Warning: Detected 9 multi-output gates (for example, "sky130_fd_sc_hd__fa_1").
ABC: + strash 
ABC: + scorr 
ABC: Warning: The network is combinational (run "fraig" or "fraig_sweep").
ABC: + ifraig 
ABC: + retime 
ABC: + strash 
ABC: + dch -f 
ABC: + map -M 1 
ABC: + write_blif <abc-temp-dir>/output.blif 

15.7.2. Re-integrating ABC results.
ABC RESULTS:   sky130_fd_sc_hd__nand2_1 cells:        1
ABC RESULTS:   sky130_fd_sc_hd__o2111ai_1 cells:        1
ABC RESULTS:   sky130_fd_sc_hd__o22ai_1 cells:        1
ABC RESULTS:   sky130_fd_sc_hd__nand3b_1 cells:        1
ABC RESULTS:   sky130_fd_sc_hd__nor2_1 cells:        6
ABC RESULTS:   sky130_fd_sc_hd__nand3_1 cells:        8
ABC RESULTS:   sky130_fd_sc_hd__o21bai_1 cells:        5
ABC RESULTS:   sky130_fd_sc_hd__clkinv_1 cells:       25
ABC RESULTS:   sky130_fd_sc_hd__nand4_1 cells:       25
ABC RESULTS:   sky130_fd_sc_hd__o2111a_1 cells:       19
ABC RESULTS:   sky130_fd_sc_hd__o21ai_0 cells:       19
ABC RESULTS:        internal signals:      135
ABC RESULTS:           input signals:       28
ABC RESULTS:          output signals:       31
Removing temp directory.

15.8. Extracting gate netlist of module `\cleave_pc' to `<abc-temp-dir>/input.blif'..
Extracted 32 gates and 66 wires to a netlist network with 33 inputs and 32 outputs.

15.8.1. Executing ABC.
Running ABC command: "/usr/local/share/qflow/bin/yosys-abc" -s -f <abc-temp-dir>/abc.script 2>&1
ABC: ABC command line: "source <abc-temp-dir>/abc.script".
ABC: 
ABC: + read_blif <abc-temp-dir>/input.blif 
ABC: + read_lib -w /home/nitro/work/open_pdks/open_pdks/root/volare/sky130/build/c6d73a35f524070e85faff4a6a9eef49553ebc2b/sky130A/libs.ref/sky130_fd_sc_hd/lib/sky130_fd_sc_hd__ff_n40C_1v95.lib 
ABC: Parsing finished successfully.  Parsing time =     0.06 sec
ABC: Scl_LibertyReadGenlib() skipped cell "sky130_fd_sc_hd__decap_12" without logic function.
ABC: Scl_LibertyReadGenlib() skipped cell "sky130_fd_sc_hd__decap_3" without logic function.
ABC: Scl_LibertyReadGenlib() skipped cell "sky130_fd_sc_hd__decap_4" without logic function.
ABC: Scl_LibertyReadGenlib() skipped cell "sky130_fd_sc_hd__decap_6" without logic function.
ABC: Scl_LibertyReadGenlib() skipped cell "sky130_fd_sc_hd__decap_8" without logic function.
ABC: Scl_LibertyReadGenlib() skipped sequential cell "sky130_fd_sc_hd__dfbbn_1".
ABC: Scl_LibertyReadGenlib() skipped sequential cell "sky130_fd_sc_hd__dfbbn_2".
ABC: Scl_LibertyReadGenlib() skipped sequential cell "sky130_fd_sc_hd__dfbbp_1".
ABC: Scl_LibertyReadGenlib() skipped sequential cell "sky130_fd_sc_hd__dfrbp_1".
ABC: Scl_LibertyReadGenlib() skipped sequential cell "sky130_fd_sc_hd__dfrbp_2".
ABC: Scl_LibertyReadGenlib() skipped sequential cell "sky130_fd_sc_hd__dfrtn_1".
ABC: Scl_LibertyReadGenlib() skipped sequential cell "sky130_fd_sc_hd__dfrtp_1".
ABC: Scl_LibertyReadGenlib() skipped sequential cell "sky130_fd_sc_hd__dfrtp_2".
ABC: Scl_LibertyReadGenlib() skipped sequential cell "sky130_fd_sc_hd__dfrtp_4".
ABC: Scl_LibertyReadGenlib() skipped sequential cell "sky130_fd_sc_hd__dfsbp_1".
ABC: Scl_LibertyReadGenlib() skipped sequential cell "sky130_fd_sc_hd__dfsbp_2".
ABC: Scl_LibertyReadGenlib() skipped sequential cell "sky130_fd_sc_hd__dfstp_1".
ABC: Scl_LibertyReadGenlib() skipped sequential cell "sky130_fd_sc_hd__dfstp_2".
ABC: Scl_LibertyReadGenlib() skipped sequential cell "sky130_fd_sc_hd__dfstp_4".
ABC: Scl_LibertyReadGenlib() skipped sequential cell "sky130_fd_sc_hd__dfxbp_1".
ABC: Scl_LibertyReadGenlib() skipped sequential cell "sky130_fd_sc_hd__dfxbp_2".
ABC: Scl_LibertyReadGenlib() skipped sequential cell "sky130_fd_sc_hd__dfxtp_1".
ABC: Scl_LibertyReadGenlib() skipped sequential cell "sky130_fd_sc_hd__dfxtp_2".
ABC: Scl_LibertyReadGenlib() skipped sequential cell "sky130_fd_sc_hd__dfxtp_4".
ABC: Scl_LibertyReadGenlib() skipped cell "sky130_fd_sc_hd__diode_2" without logic function.
ABC: Scl_LibertyReadGenlib() skipped cell "sky130_fd_sc_hd__dlclkp_1" without logic function.
ABC: Scl_LibertyReadGenlib() skipped cell "sky130_fd_sc_hd__dlclkp_2" without logic function.
ABC: Scl_LibertyReadGenlib() skipped cell "sky130_fd_sc_hd__dlclkp_4" without logic function.
ABC: Scl_LibertyReadGenlib() skipped sequential cell "sky130_fd_sc_hd__dlrbn_1".
ABC: Scl_LibertyReadGenlib() skipped sequential cell "sky130_fd_sc_hd__dlrbn_2".
ABC: Scl_LibertyReadGenlib() skipped sequential cell "sky130_fd_sc_hd__dlrbp_1".
ABC: Scl_LibertyReadGenlib() skipped sequential cell "sky130_fd_sc_hd__dlrbp_2".
ABC: Scl_LibertyReadGenlib() skipped sequential cell "sky130_fd_sc_hd__dlrtn_1".
ABC: Scl_LibertyReadGenlib() skipped sequential cell "sky130_fd_sc_hd__dlrtn_2".
ABC: Scl_LibertyReadGenlib() skipped sequential cell "sky130_fd_sc_hd__dlrtn_4".
ABC: Scl_LibertyReadGenlib() skipped sequential cell "sky130_fd_sc_hd__dlrtp_1".
ABC: Scl_LibertyReadGenlib() skipped sequential cell "sky130_fd_sc_hd__dlrtp_2".
ABC: Scl_LibertyReadGenlib() skipped sequential cell "sky130_fd_sc_hd__dlrtp_4".
ABC: Scl_LibertyReadGenlib() skipped sequential cell "sky130_fd_sc_hd__dlxbn_1".
ABC: Scl_LibertyReadGenlib() skipped sequential cell "sky130_fd_sc_hd__dlxbn_2".
ABC: Scl_LibertyReadGenlib() skipped sequential cell "sky130_fd_sc_hd__dlxbp_1".
ABC: Scl_LibertyReadGenlib() skipped sequential cell "sky130_fd_sc_hd__dlxtn_1".
ABC: Scl_LibertyReadGenlib() skipped sequential cell "sky130_fd_sc_hd__dlxtn_2".
ABC: Scl_LibertyReadGenlib() skipped sequential cell "sky130_fd_sc_hd__dlxtn_4".
ABC: Scl_LibertyReadGenlib() skipped sequential cell "sky130_fd_sc_hd__dlxtp_1".
ABC: Scl_LibertyReadGenlib() skipped three-state cell "sky130_fd_sc_hd__ebufn_1".
ABC: Scl_LibertyReadGenlib() skipped three-state cell "sky130_fd_sc_hd__ebufn_2".
ABC: Scl_LibertyReadGenlib() skipped three-state cell "sky130_fd_sc_hd__ebufn_4".
ABC: Scl_LibertyReadGenlib() skipped three-state cell "sky130_fd_sc_hd__ebufn_8".
ABC: Scl_LibertyReadGenlib() skipped sequential cell "sky130_fd_sc_hd__edfxbp_1".
ABC: Scl_LibertyReadGenlib() skipped sequential cell "sky130_fd_sc_hd__edfxtp_1".
ABC: Scl_LibertyReadGenlib() skipped three-state cell "sky130_fd_sc_hd__einvn_0".
ABC: Scl_LibertyReadGenlib() skipped three-state cell "sky130_fd_sc_hd__einvn_1".
ABC: Scl_LibertyReadGenlib() skipped three-state cell "sky130_fd_sc_hd__einvn_2".
ABC: Scl_LibertyReadGenlib() skipped three-state cell "sky130_fd_sc_hd__einvn_4".
ABC: Scl_LibertyReadGenlib() skipped three-state cell "sky130_fd_sc_hd__einvn_8".
ABC: Scl_LibertyReadGenlib() skipped three-state cell "sky130_fd_sc_hd__einvp_1".
ABC: Scl_LibertyReadGenlib() skipped three-state cell "sky130_fd_sc_hd__einvp_2".
ABC: Scl_LibertyReadGenlib() skipped three-state cell "sky130_fd_sc_hd__einvp_4".
ABC: Scl_LibertyReadGenlib() skipped three-state cell "sky130_fd_sc_hd__einvp_8".
ABC: Scl_LibertyReadGenlib() skipped cell "sky130_fd_sc_hd__lpflow_bleeder_1" without logic function.
ABC: Scl_LibertyReadGenlib() skipped cell "sky130_fd_sc_hd__lpflow_decapkapwr_12" without logic function.
ABC: Scl_LibertyReadGenlib() skipped cell "sky130_fd_sc_hd__lpflow_decapkapwr_3" without logic function.
ABC: Scl_LibertyReadGenlib() skipped cell "sky130_fd_sc_hd__lpflow_decapkapwr_4" without logic function.
ABC: Scl_LibertyReadGenlib() skipped cell "sky130_fd_sc_hd__lpflow_decapkapwr_6" without logic function.
ABC: Scl_LibertyReadGenlib() skipped cell "sky130_fd_sc_hd__lpflow_decapkapwr_8" without logic function.
ABC: Scl_LibertyReadGenlib() skipped sequential cell "sky130_fd_sc_hd__lpflow_inputisolatch_1".
ABC: Scl_LibertyReadGenlib() skipped sequential cell "sky130_fd_sc_hd__sdfbbn_1".
ABC: Scl_LibertyReadGenlib() skipped sequential cell "sky130_fd_sc_hd__sdfbbn_2".
ABC: Scl_LibertyReadGenlib() skipped sequential cell "sky130_fd_sc_hd__sdfbbp_1".
ABC: Scl_LibertyReadGenlib() skipped sequential cell "sky130_fd_sc_hd__sdfrbp_1".
ABC: Scl_LibertyReadGenlib() skipped sequential cell "sky130_fd_sc_hd__sdfrbp_2".
ABC: Scl_LibertyReadGenlib() skipped sequential cell "sky130_fd_sc_hd__sdfrtn_1".
ABC: Scl_LibertyReadGenlib() skipped sequential cell "sky130_fd_sc_hd__sdfrtp_1".
ABC: Scl_LibertyReadGenlib() skipped sequential cell "sky130_fd_sc_hd__sdfrtp_2".
ABC: Scl_LibertyReadGenlib() skipped sequential cell "sky130_fd_sc_hd__sdfrtp_4".
ABC: Scl_LibertyReadGenlib() skipped sequential cell "sky130_fd_sc_hd__sdfsbp_1".
ABC: Scl_LibertyReadGenlib() skipped sequential cell "sky130_fd_sc_hd__sdfsbp_2".
ABC: Scl_LibertyReadGenlib() skipped sequential cell "sky130_fd_sc_hd__sdfstp_1".
ABC: Scl_LibertyReadGenlib() skipped sequential cell "sky130_fd_sc_hd__sdfstp_2".
ABC: Scl_LibertyReadGenlib() skipped sequential cell "sky130_fd_sc_hd__sdfstp_4".
ABC: Scl_LibertyReadGenlib() skipped sequential cell "sky130_fd_sc_hd__sdfxbp_1".
ABC: Scl_LibertyReadGenlib() skipped sequential cell "sky130_fd_sc_hd__sdfxbp_2".
ABC: Scl_LibertyReadGenlib() skipped sequential cell "sky130_fd_sc_hd__sdfxtp_1".
ABC: Scl_LibertyReadGenlib() skipped sequential cell "sky130_fd_sc_hd__sdfxtp_2".
ABC: Scl_LibertyReadGenlib() skipped sequential cell "sky130_fd_sc_hd__sdfxtp_4".
ABC: Scl_LibertyReadGenlib() skipped cell "sky130_fd_sc_hd__sdlclkp_1" without logic function.
ABC: Scl_LibertyReadGenlib() skipped cell "sky130_fd_sc_hd__sdlclkp_2" without logic function.
ABC: Scl_LibertyReadGenlib() skipped cell "sky130_fd_sc_hd__sdlclkp_4" without logic function.
ABC: Scl_LibertyReadGenlib() skipped sequential cell "sky130_fd_sc_hd__sedfxbp_1".
ABC: Scl_LibertyReadGenlib() skipped sequential cell "sky130_fd_sc_hd__sedfxbp_2".
ABC: Scl_LibertyReadGenlib() skipped sequential cell "sky130_fd_sc_hd__sedfxtp_1".
ABC: Scl_LibertyReadGenlib() skipped sequential cell "sky130_fd_sc_hd__sedfxtp_2".
ABC: Scl_LibertyReadGenlib() skipped sequential cell "sky130_fd_sc_hd__sedfxtp_4".
ABC: Library "sky130_fd_sc_hd__ff_n40C_1v95" from "/home/nitro/work/open_pdks/open_pdks/root/volare/sky130/build/c6d73a35f524070e85faff4a6a9eef49553ebc2b/sky130A/libs.ref/sky130_fd_sc_hd/lib/sky130_fd_sc_hd__ff_n40C_1v95.lib" has 334 cells (94 skipped: 63 seq; 13 tri-state; 18 no func; 0 dont_use).  Time =     0.10 sec
ABC: Memory =   20.06 MB. Time =     0.10 sec
ABC: Warning: Detected 9 multi-output gates (for example, "sky130_fd_sc_hd__fa_1").
ABC: + strash 
ABC: + scorr 
ABC: Warning: The network is combinational (run "fraig" or "fraig_sweep").
ABC: + ifraig 
ABC: + retime 
ABC: + strash 
ABC: + dch -f 
ABC: + map -M 1 
ABC: + write_blif <abc-temp-dir>/output.blif 

15.8.2. Re-integrating ABC results.
ABC RESULTS:   sky130_fd_sc_hd__and2b_2 cells:       32
ABC RESULTS:        internal signals:        1
ABC RESULTS:           input signals:       33
ABC RESULTS:          output signals:       32
Removing temp directory.

15.9. Extracting gate netlist of module `\cleave_regfile' to `<abc-temp-dir>/input.blif'..
Extracted 4066 gates and 5111 wires to a netlist network with 1045 inputs and 1088 outputs.

15.9.1. Executing ABC.
Running ABC command: "/usr/local/share/qflow/bin/yosys-abc" -s -f <abc-temp-dir>/abc.script 2>&1
ABC: ABC command line: "source <abc-temp-dir>/abc.script".
ABC: 
ABC: + read_blif <abc-temp-dir>/input.blif 
ABC: + read_lib -w /home/nitro/work/open_pdks/open_pdks/root/volare/sky130/build/c6d73a35f524070e85faff4a6a9eef49553ebc2b/sky130A/libs.ref/sky130_fd_sc_hd/lib/sky130_fd_sc_hd__ff_n40C_1v95.lib 
ABC: Parsing finished successfully.  Parsing time =     0.08 sec
ABC: Scl_LibertyReadGenlib() skipped cell "sky130_fd_sc_hd__decap_12" without logic function.
ABC: Scl_LibertyReadGenlib() skipped cell "sky130_fd_sc_hd__decap_3" without logic function.
ABC: Scl_LibertyReadGenlib() skipped cell "sky130_fd_sc_hd__decap_4" without logic function.
ABC: Scl_LibertyReadGenlib() skipped cell "sky130_fd_sc_hd__decap_6" without logic function.
ABC: Scl_LibertyReadGenlib() skipped cell "sky130_fd_sc_hd__decap_8" without logic function.
ABC: Scl_LibertyReadGenlib() skipped sequential cell "sky130_fd_sc_hd__dfbbn_1".
ABC: Scl_LibertyReadGenlib() skipped sequential cell "sky130_fd_sc_hd__dfbbn_2".
ABC: Scl_LibertyReadGenlib() skipped sequential cell "sky130_fd_sc_hd__dfbbp_1".
ABC: Scl_LibertyReadGenlib() skipped sequential cell "sky130_fd_sc_hd__dfrbp_1".
ABC: Scl_LibertyReadGenlib() skipped sequential cell "sky130_fd_sc_hd__dfrbp_2".
ABC: Scl_LibertyReadGenlib() skipped sequential cell "sky130_fd_sc_hd__dfrtn_1".
ABC: Scl_LibertyReadGenlib() skipped sequential cell "sky130_fd_sc_hd__dfrtp_1".
ABC: Scl_LibertyReadGenlib() skipped sequential cell "sky130_fd_sc_hd__dfrtp_2".
ABC: Scl_LibertyReadGenlib() skipped sequential cell "sky130_fd_sc_hd__dfrtp_4".
ABC: Scl_LibertyReadGenlib() skipped sequential cell "sky130_fd_sc_hd__dfsbp_1".
ABC: Scl_LibertyReadGenlib() skipped sequential cell "sky130_fd_sc_hd__dfsbp_2".
ABC: Scl_LibertyReadGenlib() skipped sequential cell "sky130_fd_sc_hd__dfstp_1".
ABC: Scl_LibertyReadGenlib() skipped sequential cell "sky130_fd_sc_hd__dfstp_2".
ABC: Scl_LibertyReadGenlib() skipped sequential cell "sky130_fd_sc_hd__dfstp_4".
ABC: Scl_LibertyReadGenlib() skipped sequential cell "sky130_fd_sc_hd__dfxbp_1".
ABC: Scl_LibertyReadGenlib() skipped sequential cell "sky130_fd_sc_hd__dfxbp_2".
ABC: Scl_LibertyReadGenlib() skipped sequential cell "sky130_fd_sc_hd__dfxtp_1".
ABC: Scl_LibertyReadGenlib() skipped sequential cell "sky130_fd_sc_hd__dfxtp_2".
ABC: Scl_LibertyReadGenlib() skipped sequential cell "sky130_fd_sc_hd__dfxtp_4".
ABC: Scl_LibertyReadGenlib() skipped cell "sky130_fd_sc_hd__diode_2" without logic function.
ABC: Scl_LibertyReadGenlib() skipped cell "sky130_fd_sc_hd__dlclkp_1" without logic function.
ABC: Scl_LibertyReadGenlib() skipped cell "sky130_fd_sc_hd__dlclkp_2" without logic function.
ABC: Scl_LibertyReadGenlib() skipped cell "sky130_fd_sc_hd__dlclkp_4" without logic function.
ABC: Scl_LibertyReadGenlib() skipped sequential cell "sky130_fd_sc_hd__dlrbn_1".
ABC: Scl_LibertyReadGenlib() skipped sequential cell "sky130_fd_sc_hd__dlrbn_2".
ABC: Scl_LibertyReadGenlib() skipped sequential cell "sky130_fd_sc_hd__dlrbp_1".
ABC: Scl_LibertyReadGenlib() skipped sequential cell "sky130_fd_sc_hd__dlrbp_2".
ABC: Scl_LibertyReadGenlib() skipped sequential cell "sky130_fd_sc_hd__dlrtn_1".
ABC: Scl_LibertyReadGenlib() skipped sequential cell "sky130_fd_sc_hd__dlrtn_2".
ABC: Scl_LibertyReadGenlib() skipped sequential cell "sky130_fd_sc_hd__dlrtn_4".
ABC: Scl_LibertyReadGenlib() skipped sequential cell "sky130_fd_sc_hd__dlrtp_1".
ABC: Scl_LibertyReadGenlib() skipped sequential cell "sky130_fd_sc_hd__dlrtp_2".
ABC: Scl_LibertyReadGenlib() skipped sequential cell "sky130_fd_sc_hd__dlrtp_4".
ABC: Scl_LibertyReadGenlib() skipped sequential cell "sky130_fd_sc_hd__dlxbn_1".
ABC: Scl_LibertyReadGenlib() skipped sequential cell "sky130_fd_sc_hd__dlxbn_2".
ABC: Scl_LibertyReadGenlib() skipped sequential cell "sky130_fd_sc_hd__dlxbp_1".
ABC: Scl_LibertyReadGenlib() skipped sequential cell "sky130_fd_sc_hd__dlxtn_1".
ABC: Scl_LibertyReadGenlib() skipped sequential cell "sky130_fd_sc_hd__dlxtn_2".
ABC: Scl_LibertyReadGenlib() skipped sequential cell "sky130_fd_sc_hd__dlxtn_4".
ABC: Scl_LibertyReadGenlib() skipped sequential cell "sky130_fd_sc_hd__dlxtp_1".
ABC: Scl_LibertyReadGenlib() skipped three-state cell "sky130_fd_sc_hd__ebufn_1".
ABC: Scl_LibertyReadGenlib() skipped three-state cell "sky130_fd_sc_hd__ebufn_2".
ABC: Scl_LibertyReadGenlib() skipped three-state cell "sky130_fd_sc_hd__ebufn_4".
ABC: Scl_LibertyReadGenlib() skipped three-state cell "sky130_fd_sc_hd__ebufn_8".
ABC: Scl_LibertyReadGenlib() skipped sequential cell "sky130_fd_sc_hd__edfxbp_1".
ABC: Scl_LibertyReadGenlib() skipped sequential cell "sky130_fd_sc_hd__edfxtp_1".
ABC: Scl_LibertyReadGenlib() skipped three-state cell "sky130_fd_sc_hd__einvn_0".
ABC: Scl_LibertyReadGenlib() skipped three-state cell "sky130_fd_sc_hd__einvn_1".
ABC: Scl_LibertyReadGenlib() skipped three-state cell "sky130_fd_sc_hd__einvn_2".
ABC: Scl_LibertyReadGenlib() skipped three-state cell "sky130_fd_sc_hd__einvn_4".
ABC: Scl_LibertyReadGenlib() skipped three-state cell "sky130_fd_sc_hd__einvn_8".
ABC: Scl_LibertyReadGenlib() skipped three-state cell "sky130_fd_sc_hd__einvp_1".
ABC: Scl_LibertyReadGenlib() skipped three-state cell "sky130_fd_sc_hd__einvp_2".
ABC: Scl_LibertyReadGenlib() skipped three-state cell "sky130_fd_sc_hd__einvp_4".
ABC: Scl_LibertyReadGenlib() skipped three-state cell "sky130_fd_sc_hd__einvp_8".
ABC: Scl_LibertyReadGenlib() skipped cell "sky130_fd_sc_hd__lpflow_bleeder_1" without logic function.
ABC: Scl_LibertyReadGenlib() skipped cell "sky130_fd_sc_hd__lpflow_decapkapwr_12" without logic function.
ABC: Scl_LibertyReadGenlib() skipped cell "sky130_fd_sc_hd__lpflow_decapkapwr_3" without logic function.
ABC: Scl_LibertyReadGenlib() skipped cell "sky130_fd_sc_hd__lpflow_decapkapwr_4" without logic function.
ABC: Scl_LibertyReadGenlib() skipped cell "sky130_fd_sc_hd__lpflow_decapkapwr_6" without logic function.
ABC: Scl_LibertyReadGenlib() skipped cell "sky130_fd_sc_hd__lpflow_decapkapwr_8" without logic function.
ABC: Scl_LibertyReadGenlib() skipped sequential cell "sky130_fd_sc_hd__lpflow_inputisolatch_1".
ABC: Scl_LibertyReadGenlib() skipped sequential cell "sky130_fd_sc_hd__sdfbbn_1".
ABC: Scl_LibertyReadGenlib() skipped sequential cell "sky130_fd_sc_hd__sdfbbn_2".
ABC: Scl_LibertyReadGenlib() skipped sequential cell "sky130_fd_sc_hd__sdfbbp_1".
ABC: Scl_LibertyReadGenlib() skipped sequential cell "sky130_fd_sc_hd__sdfrbp_1".
ABC: Scl_LibertyReadGenlib() skipped sequential cell "sky130_fd_sc_hd__sdfrbp_2".
ABC: Scl_LibertyReadGenlib() skipped sequential cell "sky130_fd_sc_hd__sdfrtn_1".
ABC: Scl_LibertyReadGenlib() skipped sequential cell "sky130_fd_sc_hd__sdfrtp_1".
ABC: Scl_LibertyReadGenlib() skipped sequential cell "sky130_fd_sc_hd__sdfrtp_2".
ABC: Scl_LibertyReadGenlib() skipped sequential cell "sky130_fd_sc_hd__sdfrtp_4".
ABC: Scl_LibertyReadGenlib() skipped sequential cell "sky130_fd_sc_hd__sdfsbp_1".
ABC: Scl_LibertyReadGenlib() skipped sequential cell "sky130_fd_sc_hd__sdfsbp_2".
ABC: Scl_LibertyReadGenlib() skipped sequential cell "sky130_fd_sc_hd__sdfstp_1".
ABC: Scl_LibertyReadGenlib() skipped sequential cell "sky130_fd_sc_hd__sdfstp_2".
ABC: Scl_LibertyReadGenlib() skipped sequential cell "sky130_fd_sc_hd__sdfstp_4".
ABC: Scl_LibertyReadGenlib() skipped sequential cell "sky130_fd_sc_hd__sdfxbp_1".
ABC: Scl_LibertyReadGenlib() skipped sequential cell "sky130_fd_sc_hd__sdfxbp_2".
ABC: Scl_LibertyReadGenlib() skipped sequential cell "sky130_fd_sc_hd__sdfxtp_1".
ABC: Scl_LibertyReadGenlib() skipped sequential cell "sky130_fd_sc_hd__sdfxtp_2".
ABC: Scl_LibertyReadGenlib() skipped sequential cell "sky130_fd_sc_hd__sdfxtp_4".
ABC: Scl_LibertyReadGenlib() skipped cell "sky130_fd_sc_hd__sdlclkp_1" without logic function.
ABC: Scl_LibertyReadGenlib() skipped cell "sky130_fd_sc_hd__sdlclkp_2" without logic function.
ABC: Scl_LibertyReadGenlib() skipped cell "sky130_fd_sc_hd__sdlclkp_4" without logic function.
ABC: Scl_LibertyReadGenlib() skipped sequential cell "sky130_fd_sc_hd__sedfxbp_1".
ABC: Scl_LibertyReadGenlib() skipped sequential cell "sky130_fd_sc_hd__sedfxbp_2".
ABC: Scl_LibertyReadGenlib() skipped sequential cell "sky130_fd_sc_hd__sedfxtp_1".
ABC: Scl_LibertyReadGenlib() skipped sequential cell "sky130_fd_sc_hd__sedfxtp_2".
ABC: Scl_LibertyReadGenlib() skipped sequential cell "sky130_fd_sc_hd__sedfxtp_4".
ABC: Library "sky130_fd_sc_hd__ff_n40C_1v95" from "/home/nitro/work/open_pdks/open_pdks/root/volare/sky130/build/c6d73a35f524070e85faff4a6a9eef49553ebc2b/sky130A/libs.ref/sky130_fd_sc_hd/lib/sky130_fd_sc_hd__ff_n40C_1v95.lib" has 334 cells (94 skipped: 63 seq; 13 tri-state; 18 no func; 0 dont_use).  Time =     0.11 sec
ABC: Memory =   20.06 MB. Time =     0.11 sec
ABC: Warning: Detected 9 multi-output gates (for example, "sky130_fd_sc_hd__fa_1").
ABC: + strash 
ABC: + scorr 
ABC: Warning: The network is combinational (run "fraig" or "fraig_sweep").
ABC: + ifraig 
ABC: + retime 
ABC: + strash 
ABC: + dch -f 
ABC: + map -M 1 
ABC: + write_blif <abc-temp-dir>/output.blif 

15.9.2. Re-integrating ABC results.
ABC RESULTS:   sky130_fd_sc_hd__o211ai_1 cells:       96
ABC RESULTS:   sky130_fd_sc_hd__a21o_2 cells:       96
ABC RESULTS:   sky130_fd_sc_hd__a21boi_0 cells:      768
ABC RESULTS:   sky130_fd_sc_hd__mux2i_1 cells:      576
ABC RESULTS:   sky130_fd_sc_hd__a32oi_1 cells:       96
ABC RESULTS:   sky130_fd_sc_hd__nor4_1 cells:        1
ABC RESULTS:   sky130_fd_sc_hd__nand4_1 cells:        1
ABC RESULTS:   sky130_fd_sc_hd__clkinv_1 cells:      377
ABC RESULTS:   sky130_fd_sc_hd__nand3_1 cells:      489
ABC RESULTS:   sky130_fd_sc_hd__nor2_1 cells:      707
ABC RESULTS:   sky130_fd_sc_hd__a21oi_1 cells:      128
ABC RESULTS:   sky130_fd_sc_hd__nor3_1 cells:       13
ABC RESULTS:   sky130_fd_sc_hd__nand2_1 cells:     2614
ABC RESULTS:   sky130_fd_sc_hd__o21ai_0 cells:     1633
ABC RESULTS:        internal signals:     2978
ABC RESULTS:           input signals:     1045
ABC RESULTS:          output signals:     1088
Removing temp directory.

15.10. Extracting gate netlist of module `\tt_um_cleave' to `<abc-temp-dir>/input.blif'..
Extracted 1 gates and 2 wires to a netlist network with 1 inputs and 1 outputs.

15.10.1. Executing ABC.
Running ABC command: "/usr/local/share/qflow/bin/yosys-abc" -s -f <abc-temp-dir>/abc.script 2>&1
ABC: ABC command line: "source <abc-temp-dir>/abc.script".
ABC: 
ABC: + read_blif <abc-temp-dir>/input.blif 
ABC: + read_lib -w /home/nitro/work/open_pdks/open_pdks/root/volare/sky130/build/c6d73a35f524070e85faff4a6a9eef49553ebc2b/sky130A/libs.ref/sky130_fd_sc_hd/lib/sky130_fd_sc_hd__ff_n40C_1v95.lib 
ABC: Parsing finished successfully.  Parsing time =     0.06 sec
ABC: Scl_LibertyReadGenlib() skipped cell "sky130_fd_sc_hd__decap_12" without logic function.
ABC: Scl_LibertyReadGenlib() skipped cell "sky130_fd_sc_hd__decap_3" without logic function.
ABC: Scl_LibertyReadGenlib() skipped cell "sky130_fd_sc_hd__decap_4" without logic function.
ABC: Scl_LibertyReadGenlib() skipped cell "sky130_fd_sc_hd__decap_6" without logic function.
ABC: Scl_LibertyReadGenlib() skipped cell "sky130_fd_sc_hd__decap_8" without logic function.
ABC: Scl_LibertyReadGenlib() skipped sequential cell "sky130_fd_sc_hd__dfbbn_1".
ABC: Scl_LibertyReadGenlib() skipped sequential cell "sky130_fd_sc_hd__dfbbn_2".
ABC: Scl_LibertyReadGenlib() skipped sequential cell "sky130_fd_sc_hd__dfbbp_1".
ABC: Scl_LibertyReadGenlib() skipped sequential cell "sky130_fd_sc_hd__dfrbp_1".
ABC: Scl_LibertyReadGenlib() skipped sequential cell "sky130_fd_sc_hd__dfrbp_2".
ABC: Scl_LibertyReadGenlib() skipped sequential cell "sky130_fd_sc_hd__dfrtn_1".
ABC: Scl_LibertyReadGenlib() skipped sequential cell "sky130_fd_sc_hd__dfrtp_1".
ABC: Scl_LibertyReadGenlib() skipped sequential cell "sky130_fd_sc_hd__dfrtp_2".
ABC: Scl_LibertyReadGenlib() skipped sequential cell "sky130_fd_sc_hd__dfrtp_4".
ABC: Scl_LibertyReadGenlib() skipped sequential cell "sky130_fd_sc_hd__dfsbp_1".
ABC: Scl_LibertyReadGenlib() skipped sequential cell "sky130_fd_sc_hd__dfsbp_2".
ABC: Scl_LibertyReadGenlib() skipped sequential cell "sky130_fd_sc_hd__dfstp_1".
ABC: Scl_LibertyReadGenlib() skipped sequential cell "sky130_fd_sc_hd__dfstp_2".
ABC: Scl_LibertyReadGenlib() skipped sequential cell "sky130_fd_sc_hd__dfstp_4".
ABC: Scl_LibertyReadGenlib() skipped sequential cell "sky130_fd_sc_hd__dfxbp_1".
ABC: Scl_LibertyReadGenlib() skipped sequential cell "sky130_fd_sc_hd__dfxbp_2".
ABC: Scl_LibertyReadGenlib() skipped sequential cell "sky130_fd_sc_hd__dfxtp_1".
ABC: Scl_LibertyReadGenlib() skipped sequential cell "sky130_fd_sc_hd__dfxtp_2".
ABC: Scl_LibertyReadGenlib() skipped sequential cell "sky130_fd_sc_hd__dfxtp_4".
ABC: Scl_LibertyReadGenlib() skipped cell "sky130_fd_sc_hd__diode_2" without logic function.
ABC: Scl_LibertyReadGenlib() skipped cell "sky130_fd_sc_hd__dlclkp_1" without logic function.
ABC: Scl_LibertyReadGenlib() skipped cell "sky130_fd_sc_hd__dlclkp_2" without logic function.
ABC: Scl_LibertyReadGenlib() skipped cell "sky130_fd_sc_hd__dlclkp_4" without logic function.
ABC: Scl_LibertyReadGenlib() skipped sequential cell "sky130_fd_sc_hd__dlrbn_1".
ABC: Scl_LibertyReadGenlib() skipped sequential cell "sky130_fd_sc_hd__dlrbn_2".
ABC: Scl_LibertyReadGenlib() skipped sequential cell "sky130_fd_sc_hd__dlrbp_1".
ABC: Scl_LibertyReadGenlib() skipped sequential cell "sky130_fd_sc_hd__dlrbp_2".
ABC: Scl_LibertyReadGenlib() skipped sequential cell "sky130_fd_sc_hd__dlrtn_1".
ABC: Scl_LibertyReadGenlib() skipped sequential cell "sky130_fd_sc_hd__dlrtn_2".
ABC: Scl_LibertyReadGenlib() skipped sequential cell "sky130_fd_sc_hd__dlrtn_4".
ABC: Scl_LibertyReadGenlib() skipped sequential cell "sky130_fd_sc_hd__dlrtp_1".
ABC: Scl_LibertyReadGenlib() skipped sequential cell "sky130_fd_sc_hd__dlrtp_2".
ABC: Scl_LibertyReadGenlib() skipped sequential cell "sky130_fd_sc_hd__dlrtp_4".
ABC: Scl_LibertyReadGenlib() skipped sequential cell "sky130_fd_sc_hd__dlxbn_1".
ABC: Scl_LibertyReadGenlib() skipped sequential cell "sky130_fd_sc_hd__dlxbn_2".
ABC: Scl_LibertyReadGenlib() skipped sequential cell "sky130_fd_sc_hd__dlxbp_1".
ABC: Scl_LibertyReadGenlib() skipped sequential cell "sky130_fd_sc_hd__dlxtn_1".
ABC: Scl_LibertyReadGenlib() skipped sequential cell "sky130_fd_sc_hd__dlxtn_2".
ABC: Scl_LibertyReadGenlib() skipped sequential cell "sky130_fd_sc_hd__dlxtn_4".
ABC: Scl_LibertyReadGenlib() skipped sequential cell "sky130_fd_sc_hd__dlxtp_1".
ABC: Scl_LibertyReadGenlib() skipped three-state cell "sky130_fd_sc_hd__ebufn_1".
ABC: Scl_LibertyReadGenlib() skipped three-state cell "sky130_fd_sc_hd__ebufn_2".
ABC: Scl_LibertyReadGenlib() skipped three-state cell "sky130_fd_sc_hd__ebufn_4".
ABC: Scl_LibertyReadGenlib() skipped three-state cell "sky130_fd_sc_hd__ebufn_8".
ABC: Scl_LibertyReadGenlib() skipped sequential cell "sky130_fd_sc_hd__edfxbp_1".
ABC: Scl_LibertyReadGenlib() skipped sequential cell "sky130_fd_sc_hd__edfxtp_1".
ABC: Scl_LibertyReadGenlib() skipped three-state cell "sky130_fd_sc_hd__einvn_0".
ABC: Scl_LibertyReadGenlib() skipped three-state cell "sky130_fd_sc_hd__einvn_1".
ABC: Scl_LibertyReadGenlib() skipped three-state cell "sky130_fd_sc_hd__einvn_2".
ABC: Scl_LibertyReadGenlib() skipped three-state cell "sky130_fd_sc_hd__einvn_4".
ABC: Scl_LibertyReadGenlib() skipped three-state cell "sky130_fd_sc_hd__einvn_8".
ABC: Scl_LibertyReadGenlib() skipped three-state cell "sky130_fd_sc_hd__einvp_1".
ABC: Scl_LibertyReadGenlib() skipped three-state cell "sky130_fd_sc_hd__einvp_2".
ABC: Scl_LibertyReadGenlib() skipped three-state cell "sky130_fd_sc_hd__einvp_4".
ABC: Scl_LibertyReadGenlib() skipped three-state cell "sky130_fd_sc_hd__einvp_8".
ABC: Scl_LibertyReadGenlib() skipped cell "sky130_fd_sc_hd__lpflow_bleeder_1" without logic function.
ABC: Scl_LibertyReadGenlib() skipped cell "sky130_fd_sc_hd__lpflow_decapkapwr_12" without logic function.
ABC: Scl_LibertyReadGenlib() skipped cell "sky130_fd_sc_hd__lpflow_decapkapwr_3" without logic function.
ABC: Scl_LibertyReadGenlib() skipped cell "sky130_fd_sc_hd__lpflow_decapkapwr_4" without logic function.
ABC: Scl_LibertyReadGenlib() skipped cell "sky130_fd_sc_hd__lpflow_decapkapwr_6" without logic function.
ABC: Scl_LibertyReadGenlib() skipped cell "sky130_fd_sc_hd__lpflow_decapkapwr_8" without logic function.
ABC: Scl_LibertyReadGenlib() skipped sequential cell "sky130_fd_sc_hd__lpflow_inputisolatch_1".
ABC: Scl_LibertyReadGenlib() skipped sequential cell "sky130_fd_sc_hd__sdfbbn_1".
ABC: Scl_LibertyReadGenlib() skipped sequential cell "sky130_fd_sc_hd__sdfbbn_2".
ABC: Scl_LibertyReadGenlib() skipped sequential cell "sky130_fd_sc_hd__sdfbbp_1".
ABC: Scl_LibertyReadGenlib() skipped sequential cell "sky130_fd_sc_hd__sdfrbp_1".
ABC: Scl_LibertyReadGenlib() skipped sequential cell "sky130_fd_sc_hd__sdfrbp_2".
ABC: Scl_LibertyReadGenlib() skipped sequential cell "sky130_fd_sc_hd__sdfrtn_1".
ABC: Scl_LibertyReadGenlib() skipped sequential cell "sky130_fd_sc_hd__sdfrtp_1".
ABC: Scl_LibertyReadGenlib() skipped sequential cell "sky130_fd_sc_hd__sdfrtp_2".
ABC: Scl_LibertyReadGenlib() skipped sequential cell "sky130_fd_sc_hd__sdfrtp_4".
ABC: Scl_LibertyReadGenlib() skipped sequential cell "sky130_fd_sc_hd__sdfsbp_1".
ABC: Scl_LibertyReadGenlib() skipped sequential cell "sky130_fd_sc_hd__sdfsbp_2".
ABC: Scl_LibertyReadGenlib() skipped sequential cell "sky130_fd_sc_hd__sdfstp_1".
ABC: Scl_LibertyReadGenlib() skipped sequential cell "sky130_fd_sc_hd__sdfstp_2".
ABC: Scl_LibertyReadGenlib() skipped sequential cell "sky130_fd_sc_hd__sdfstp_4".
ABC: Scl_LibertyReadGenlib() skipped sequential cell "sky130_fd_sc_hd__sdfxbp_1".
ABC: Scl_LibertyReadGenlib() skipped sequential cell "sky130_fd_sc_hd__sdfxbp_2".
ABC: Scl_LibertyReadGenlib() skipped sequential cell "sky130_fd_sc_hd__sdfxtp_1".
ABC: Scl_LibertyReadGenlib() skipped sequential cell "sky130_fd_sc_hd__sdfxtp_2".
ABC: Scl_LibertyReadGenlib() skipped sequential cell "sky130_fd_sc_hd__sdfxtp_4".
ABC: Scl_LibertyReadGenlib() skipped cell "sky130_fd_sc_hd__sdlclkp_1" without logic function.
ABC: Scl_LibertyReadGenlib() skipped cell "sky130_fd_sc_hd__sdlclkp_2" without logic function.
ABC: Scl_LibertyReadGenlib() skipped cell "sky130_fd_sc_hd__sdlclkp_4" without logic function.
ABC: Scl_LibertyReadGenlib() skipped sequential cell "sky130_fd_sc_hd__sedfxbp_1".
ABC: Scl_LibertyReadGenlib() skipped sequential cell "sky130_fd_sc_hd__sedfxbp_2".
ABC: Scl_LibertyReadGenlib() skipped sequential cell "sky130_fd_sc_hd__sedfxtp_1".
ABC: Scl_LibertyReadGenlib() skipped sequential cell "sky130_fd_sc_hd__sedfxtp_2".
ABC: Scl_LibertyReadGenlib() skipped sequential cell "sky130_fd_sc_hd__sedfxtp_4".
ABC: Library "sky130_fd_sc_hd__ff_n40C_1v95" from "/home/nitro/work/open_pdks/open_pdks/root/volare/sky130/build/c6d73a35f524070e85faff4a6a9eef49553ebc2b/sky130A/libs.ref/sky130_fd_sc_hd/lib/sky130_fd_sc_hd__ff_n40C_1v95.lib" has 334 cells (94 skipped: 63 seq; 13 tri-state; 18 no func; 0 dont_use).  Time =     0.09 sec
ABC: Memory =   20.06 MB. Time =     0.09 sec
ABC: Warning: Detected 9 multi-output gates (for example, "sky130_fd_sc_hd__fa_1").
ABC: + strash 
ABC: + scorr 
ABC: Warning: The network is combinational (run "fraig" or "fraig_sweep").
ABC: + ifraig 
ABC: + retime 
ABC: + strash 
ABC: + dch -f 
ABC: + map -M 1 
ABC: + write_blif <abc-temp-dir>/output.blif 

15.10.2. Re-integrating ABC results.
ABC RESULTS:   sky130_fd_sc_hd__clkinv_1 cells:        1
ABC RESULTS:        internal signals:        0
ABC RESULTS:           input signals:        1
ABC RESULTS:          output signals:        1
Removing temp directory.

16. Executing FLATTEN pass (flatten design).
Deleting now unused module cleave_alu.
Deleting now unused module cleave_branch.
Deleting now unused module cleave_control.
Deleting now unused module cleave_core.
Deleting now unused module cleave_dmem.
Deleting now unused module cleave_imem.
Deleting now unused module cleave_immgen.
Deleting now unused module cleave_pc.
Deleting now unused module cleave_regfile.
<suppressed ~9 debug messages>

17. Executing SETUNDEF pass (replace undef values with defined constants).
Removed 25 unused cells and 15115 unused wires.

18. Executing HILOMAP pass (mapping to constant drivers).

19. Executing HILOMAP pass (mapping to constant drivers).

20. Executing IOPADMAP pass (mapping inputs/outputs to IO-PAD cells).
Don't map input port tt_um_cleave.clk: Missing option -inpad.
Don't map input port tt_um_cleave.ena: Missing option -inpad.
Don't map input port tt_um_cleave.rst_n: Missing option -inpad.
Don't map input port tt_um_cleave.ui_in: Missing option -inpad.
Don't map input port tt_um_cleave.uio_in: Missing option -inpad.
Mapping port tt_um_cleave.uio_oe using sky130_fd_sc_hd__buf_1.
Mapping port tt_um_cleave.uio_out using sky130_fd_sc_hd__buf_1.
Mapping port tt_um_cleave.uo_out using sky130_fd_sc_hd__buf_1.

21. Executing OPT pass (performing simple optimizations).

21.1. Executing OPT_EXPR pass (perform const folding).
Optimizing module tt_um_cleave.

21.2. Executing OPT_MERGE pass (detect identical cells).
Finding identical cells in module `\tt_um_cleave'.
Removed a total of 0 cells.

21.3. Executing OPT_MUXTREE pass (detect dead branches in mux trees).
Running muxtree optimizer on module \tt_um_cleave..
  Creating internal representation of mux trees.
  No muxes found in this module.
Removed 0 multiplexer ports.

21.4. Executing OPT_REDUCE pass (consolidate $*mux and $reduce_* inputs).
  Optimizing cells in module \tt_um_cleave.
Performed a total of 0 changes.

21.5. Executing OPT_MERGE pass (detect identical cells).
Finding identical cells in module `\tt_um_cleave'.
Removed a total of 0 cells.

21.6. Executing OPT_DFF pass (perform DFF optimizations).

21.7. Executing OPT_CLEAN pass (remove unused cells and wires).
Finding unused cells or wires in module \tt_um_cleave..
Removed 2 unused cells and 4 unused wires.
<suppressed ~3 debug messages>

21.8. Executing OPT_EXPR pass (perform const folding).
Optimizing module tt_um_cleave.

21.9. Rerunning OPT passes. (Maybe there is more to do..)

21.10. Executing OPT_MUXTREE pass (detect dead branches in mux trees).
Running muxtree optimizer on module \tt_um_cleave..
  Creating internal representation of mux trees.
  No muxes found in this module.
Removed 0 multiplexer ports.

21.11. Executing OPT_REDUCE pass (consolidate $*mux and $reduce_* inputs).
  Optimizing cells in module \tt_um_cleave.
Performed a total of 0 changes.

21.12. Executing OPT_MERGE pass (detect identical cells).
Finding identical cells in module `\tt_um_cleave'.
Removed a total of 0 cells.

21.13. Executing OPT_DFF pass (perform DFF optimizations).

21.14. Executing OPT_CLEAN pass (remove unused cells and wires).
Finding unused cells or wires in module \tt_um_cleave..

21.15. Executing OPT_EXPR pass (perform const folding).
Optimizing module tt_um_cleave.

21.16. Finished OPT passes. (There is nothing left to do.)

22. Executing Verilog backend.

22.1. Executing BMUXMAP pass.

22.2. Executing DEMUXMAP pass.
Dumping module `\tt_um_cleave'.

23. Printing statistics.

=== tt_um_cleave ===

   Number of wires:              17079
   Number of wire bits:          20446
   Number of public wires:       17079
   Number of public wire bits:   20446
   Number of memories:               0
   Number of memory bits:            0
   Number of processes:              0
   Number of cells:              20420
     sky130_fd_sc_hd__a2111oi_0      8
     sky130_fd_sc_hd__a211oi_1      13
     sky130_fd_sc_hd__a21boi_0     779
     sky130_fd_sc_hd__a21o_2       101
     sky130_fd_sc_hd__a21oi_1     1107
     sky130_fd_sc_hd__a221oi_1     152
     sky130_fd_sc_hd__a22oi_1      657
     sky130_fd_sc_hd__a311oi_1       2
     sky130_fd_sc_hd__a31o_1         4
     sky130_fd_sc_hd__a31oi_1       51
     sky130_fd_sc_hd__a32oi_1      262
     sky130_fd_sc_hd__a41o_2         1
     sky130_fd_sc_hd__a41oi_1        1
     sky130_fd_sc_hd__and2_2        14
     sky130_fd_sc_hd__and2b_2       36
     sky130_fd_sc_hd__and3_2         3
     sky130_fd_sc_hd__and3b_2        1
     sky130_fd_sc_hd__buf_1         24
     sky130_fd_sc_hd__clkinv_1    1210
     sky130_fd_sc_hd__conb_1        20
     sky130_fd_sc_hd__dfxtp_1     3072
     sky130_fd_sc_hd__lpflow_inputiso0p_1      6
     sky130_fd_sc_hd__mux2_2       404
     sky130_fd_sc_hd__mux2i_1      598
     sky130_fd_sc_hd__nand2_1     5205
     sky130_fd_sc_hd__nand3_1     1281
     sky130_fd_sc_hd__nand3b_1       4
     sky130_fd_sc_hd__nand4_1      433
     sky130_fd_sc_hd__nor2_1      1921
     sky130_fd_sc_hd__nor3_1        73
     sky130_fd_sc_hd__nor3b_1        3
     sky130_fd_sc_hd__nor4_1        15
     sky130_fd_sc_hd__nor4b_1        1
     sky130_fd_sc_hd__o2111a_1      21
     sky130_fd_sc_hd__o2111ai_1     37
     sky130_fd_sc_hd__o211a_1        5
     sky130_fd_sc_hd__o211ai_1     126
     sky130_fd_sc_hd__o21a_1        14
     sky130_fd_sc_hd__o21ai_0     2162
     sky130_fd_sc_hd__o21bai_1      33
     sky130_fd_sc_hd__o221a_2        2
     sky130_fd_sc_hd__o221ai_1      22
     sky130_fd_sc_hd__o22ai_1      171
     sky130_fd_sc_hd__o2bb2ai_1      3
     sky130_fd_sc_hd__o311ai_0       9
     sky130_fd_sc_hd__o31a_2         1
     sky130_fd_sc_hd__o31ai_1      265
     sky130_fd_sc_hd__o32ai_1        1
     sky130_fd_sc_hd__or2_2         15
     sky130_fd_sc_hd__or2b_2         6
     sky130_fd_sc_hd__or3_2          1
     sky130_fd_sc_hd__xnor2_1        8
     sky130_fd_sc_hd__xnor3_4       11
     sky130_fd_sc_hd__xor2_1        45

Warnings: 26 unique messages, 234 total
End of script. Logfile hash: c1e039a1ef, CPU: user 5.50s system 0.12s, MEM: 107.25 MB peak
Yosys 0.33 (git sha1 2584903a060)
Time spent: 58% 2x abc (6 sec), 9% 38x opt_expr (1 sec), ...
Running getpowerground to determine power and ground net names.
getpowerground.tcl  /home/nitro/work/open_pdks/open_pdks/root/volare/sky130/build/c6d73a35f524070e85faff4a6a9eef49553ebc2b/sky130A/libs.ref/sky130_fd_sc_hd/lef/sky130_fd_sc_hd.lef
Running vlogFanout
vlogFanout -l 200 -c 20 -I tt_um_cleave_nofanout -s nullstring -p /home/nitro/work/open_pdks/open_pdks/root/volare/sky130/build/c6d73a35f524070e85faff4a6a9eef49553ebc2b/sky130A/libs.ref/sky130_fd_sc_hd/lib/sky130_fd_sc_hd__ff_n40C_1v95.lib -b sky130_fd_sc_hd__buf_1,sky130_fd_sc_hd__clkbuf_1 -i A,A -o X,X tt_um_cleave_mapped.v tt_um_cleave_sized.v

vlogFanout for qflow 1.4.104
Parsing library "sky130_fd_sc_hd__ff_n40C_1v95"
End of library at line 174985
Lib Read:  Processed 174986 lines.
Top internal fanout is 611 (load 1364.18) from node \u_core.instr [15],
driven by sky130_fd_sc_hd__o21bai_1 with strength 38.5652 (fF driven at latency 200)
Top fanout load-to-strength ratio is 56.2379 (latency = 11247.6 ps)
Top input node fanout is 3072 (load 5707.78) from node clk.
0 gates exceed specified minimum load.
2138 buffers were added.
Warning 1: load of 273.967 is 1.15786 times greater than strongest gate sky130_fd_sc_hd__mux2_8
This warning will only be repeated for larger overload ratios.  Warning count reflects
the total number of overloaded nets.
Warning 2: load of 159.9 is 2.04718 times greater than strongest gate sky130_fd_sc_hd__a21oi_4
Warning 5: load of 73.4448 is 2.29818 times greater than strongest gate sky130_fd_sc_hd__nor4_4
Warning 7: load of 681.891 is 2.7815 times greater than strongest gate sky130_fd_sc_hd__nand2_8
Warning 8: load of 510.752 is 4.09828 times greater than strongest gate sky130_fd_sc_hd__o21ai_4
Warning 15: load of 558.647 is 4.94028 times greater than strongest gate sky130_fd_sc_hd__nor2_8
Warning 18: load of 561.559 is 4.96604 times greater than strongest gate sky130_fd_sc_hd__nor2_8
Warning 40: load of 1326.64 is 11.7319 times greater than strongest gate sky130_fd_sc_hd__nor2_8
740 gates were changed.

Gate counts by drive strength:

	"0" gates	In: 2958    	Out: 2947    	-11
	"1" gates	In: 19004    	Out: 18278    	-726
	"2" gates	In: 585    	Out: 1063    	+478
	"4" gates	In: 11    	Out: 205    	+194

89 gates exceed specified minimum load.
73 buffers were added.
0 gates were changed.

Gate counts by drive strength:

	"0" gates	In: 2958    	Out: 2947    	-11
	"1" gates	In: 19077    	Out: 18351    	-726
	"2" gates	In: 585    	Out: 1063    	+478
	"4" gates	In: 11    	Out: 205    	+194

Number of gates changed: 73
Running vlog2Verilog for antenna cell mapping.
vlog2Verilog -c -p -v VPWR,VPB -g VGND,VNB  -l /home/nitro/work/open_pdks/open_pdks/root/volare/sky130/build/c6d73a35f524070e85faff4a6a9eef49553ebc2b/sky130A/libs.ref/sky130_fd_sc_hd/lef/sky130_fd_sc_hd.lef -a sky130_fd_sc_hd__diode_
   -o tt_um_cleave.v tt_um_cleave_sized.v

Generating RTL verilog and SPICE netlist file in directory
	 /mnt/c/Users/Nitro/Desktop/ASIC/Projects/cleave/synthesis
Files:
   Verilog: /mnt/c/Users/Nitro/Desktop/ASIC/Projects/cleave/synthesis/tt_um_cleave.rtl.v
   Verilog: /mnt/c/Users/Nitro/Desktop/ASIC/Projects/cleave/synthesis/tt_um_cleave.rtlnopwr.v
   Verilog: /mnt/c/Users/Nitro/Desktop/ASIC/Projects/cleave/synthesis/tt_um_cleave.rtlbb.v
   Spice:   /mnt/c/Users/Nitro/Desktop/ASIC/Projects/cleave/synthesis/tt_um_cleave.spc

Running vlog2Verilog.
vlog2Verilog -c -v VPWR,VPB -g VGND,VNB  -l /home/nitro/work/open_pdks/open_pdks/root/volare/sky130/build/c6d73a35f524070e85faff4a6a9eef49553ebc2b/sky130A/libs.ref/sky130_fd_sc_hd/lef/sky130_fd_sc_hd.lef 
	-o tt_um_cleave.rtl.v
   tt_um_cleave.v
vlog2Verilog -c -p -v VPWR,VPB -g VGND,VNB  -l /home/nitro/work/open_pdks/open_pdks/root/volare/sky130/build/c6d73a35f524070e85faff4a6a9eef49553ebc2b/sky130A/libs.ref/sky130_fd_sc_hd/lef/sky130_fd_sc_hd.lef 
	-o tt_um_cleave.rtlnopwr.v
   tt_um_cleave.v
/usr/local/share/qflow/bin/vlog2Verilog -c -p -b -n -v VPWR,VPB -g VGND,VNB  -l /home/nitro/work/open_pdks/open_pdks/root/volare/sky130/build/c6d73a35f524070e85faff4a6a9eef49553ebc2b/sky130A/libs.ref/sky130_fd_sc_hd/lef/sky130_fd_sc_hd.lef
   -o tt_um_cleave.rtlbb.v
Running vlog2Spice.
vlog2Spice -i -l  /home/nitro/work/open_pdks/open_pdks/root/volare/sky130/build/c6d73a35f524070e85faff4a6a9eef49553ebc2b/sky130A/libs.ref/sky130_fd_sc_hd/spice/sky130_fd_sc_hd.spice -o tt_um_cleave.spc tt_um_cleave.rtl.v
Error:  Instance _16951_ has no port LO!
Error:  Instance _16952_ has no port LO!
Error:  Instance _16953_ has no port LO!
Error:  Instance _16954_ has no port LO!
Error:  Instance _16955_ has no port HI!
Error:  Instance _16956_ has no port HI!
Error:  Instance _16957_ has no port HI!
Error:  Instance _16958_ has no port HI!
Error:  Instance _16959_ has no port HI!
Error:  Instance _16960_ has no port HI!
Error:  Instance _16961_ has no port HI!
Error:  Instance _16962_ has no port HI!
Error:  Instance _16963_ has no port HI!
Error:  Instance _16964_ has no port HI!
Error:  Instance _16965_ has no port HI!
Error:  Instance _16966_ has no port HI!
Error:  Instance _16967_ has no port HI!
Error:  Instance _16968_ has no port HI!
Error:  Instance _16969_ has no port HI!
Error:  Instance _16970_ has no port HI!
Running spi2xspice.py
spi2xspice.py "/home/nitro/work/open_pdks/open_pdks/root/volare/sky130/build/c6d73a35f524070e85faff4a6a9eef49553ebc2b/sky130A/libs.ref/sky130_fd_sc_hd/lib/sky130_fd_sc_hd__ff_n40C_1v95.lib" -io_time=500p -time=50p -idelay=5p -odelay=50p -cload=250f tt_um_cleave.spc tt_um_cleave.xspice

Synthesis script ended on Tue Sep 1 03:25:05 +03 2026
