Reading timing models for corner nom_tt_025C_1v80…
Reading timing library for the 'nom_tt_025C_1v80' corner at '/home/nitro/.ciel/ciel/sky130/versions/8afc8346a57fe1ab7934ba5a6056ea8b43078e71/sky130A/libs.ref/sky130_fd_sc_hd/lib/sky130_fd_sc_hd__tt_025C_1v80.lib'…
Reading OpenROAD database at '/mnt/c/Users/Nitro/Desktop/ASIC/Projects/cleave/runs/RUN_2026-09-01_13-22-07/35-openroad-globalrouting/tt_um_cleave.odb'…
Reading design constraints file at '/nix/store/pyjad0nmv834qyrz9qicmvljgxnyd00p-python3-3.13.9-env/lib/python3.13/site-packages/librelane/scripts/base.sdc'…
[INFO] Using clock clk…
[INFO] Setting output delay to: 8.0
[INFO] Setting input delay to: 8.0
[INFO] Setting load to: 0.033442
[INFO] Setting clock uncertainty to: 0.25
[INFO] Setting clock transition to: 0.1499999999999999944488848768742172978818416595458984375
[INFO] Setting timing derate to: 5.0%
%OL_CREATE_REPORT /mnt/c/Users/Nitro/Desktop/ASIC/Projects/cleave/runs/RUN_2026-09-01_13-22-07/36-openroad-checkantennas/reports/antenna.rpt
Net: _03307_
  Pin:   _15216_/B1 (sky130_fd_sc_hd__a31o_2)
    Layer: mcon
      Partial area ratio:    0.12
      Required ratio:    3.00 (Gate area) 
      Cumulative area ratio:    0.12
      Required ratio:    0.00 (Cumulative area) 

    Layer: met1
      Partial area ratio:    3.06
      Required ratio:    0.00 (Gate area) 
      Cumulative area ratio:    3.06
      Required ratio:    0.00 (Cumulative area) 
      Partial area ratio:   14.55
      Required ratio:  400.00 (Side area) 
      Cumulative area ratio:   14.55
      Required ratio:    0.00 (Cumulative side area) 

    Layer: via
      Partial area ratio:    0.18
      Required ratio:    6.00 (Gate area) 
      Cumulative area ratio:    0.30
      Required ratio:    0.00 (Cumulative area) 

    Layer: met2
      Partial area ratio:  274.60
      Required ratio:    0.00 (Gate area) 
      Cumulative area ratio:  277.66
      Required ratio:    0.00 (Cumulative area) 
      Partial area ratio: 1371.79
      Required ratio:  400.00 (Side area) (VIOLATED)
      Cumulative area ratio: 1386.33
      Required ratio:    0.00 (Cumulative side area) 

    Layer: via2
      Partial area ratio:    0.16
      Required ratio:    6.00 (Gate area) 
      Cumulative area ratio:    0.46
      Required ratio:    0.00 (Cumulative area) 

    Layer: met3
      Partial area ratio:   58.72
      Required ratio:    0.00 (Gate area) 
      Cumulative area ratio:  336.37
      Required ratio:    0.00 (Cumulative area) 
      Partial area ratio:  314.16
      Required ratio: 2778.20 (Side area) 
      Cumulative area ratio: 1700.50
      Required ratio:    0.00 (Cumulative side area) 


  Pin:   fanout545/A (sky130_fd_sc_hd__clkdlybuf4s25_1)
    Layer: mcon
      Partial area ratio:    0.14
      Required ratio:    3.00 (Gate area) 
      Cumulative area ratio:    0.14
      Required ratio:    0.00 (Cumulative area) 

    Layer: met1
      Partial area ratio:    3.70
      Required ratio:    0.00 (Gate area) 
      Cumulative area ratio:    3.70
      Required ratio:    0.00 (Cumulative area) 
      Partial area ratio:   17.61
      Required ratio:  400.00 (Side area) 
      Cumulative area ratio:   17.61
      Required ratio:    0.00 (Cumulative side area) 

    Layer: via
      Partial area ratio:    0.21
      Required ratio:    6.00 (Gate area) 
      Cumulative area ratio:    0.35
      Required ratio:    0.00 (Cumulative area) 

    Layer: met2
      Partial area ratio:    0.88
      Required ratio:    0.00 (Gate area) 
      Cumulative area ratio:    4.57
      Required ratio:    0.00 (Cumulative area) 
      Partial area ratio:    4.04
      Required ratio:  400.00 (Side area) 
      Cumulative area ratio:   21.65
      Required ratio:    0.00 (Cumulative side area) 

    Layer: via2
      Partial area ratio:    0.19
      Required ratio:    6.00 (Gate area) 
      Cumulative area ratio:    0.53
      Required ratio:    0.00 (Cumulative area) 

    Layer: met3
      Partial area ratio:   58.72
      Required ratio:    0.00 (Gate area) 
      Cumulative area ratio:   63.29
      Required ratio:    0.00 (Cumulative area) 
      Partial area ratio:  314.16
      Required ratio: 2778.20 (Side area) 
      Cumulative area ratio:  335.81
      Required ratio:    0.00 (Cumulative side area) 



Net: _03369_
  Pin:   fanout1387/A (sky130_fd_sc_hd__clkdlybuf4s25_1)
    Layer: mcon
      Partial area ratio:    0.14
      Required ratio:    3.00 (Gate area) 
      Cumulative area ratio:    0.14
      Required ratio:    0.00 (Cumulative area) 

    Layer: met1
      Partial area ratio:    3.88
      Required ratio:    0.00 (Gate area) 
      Cumulative area ratio:    3.88
      Required ratio:    0.00 (Cumulative area) 
      Partial area ratio:   18.53
      Required ratio:  400.00 (Side area) 
      Cumulative area ratio:   18.53
      Required ratio:    0.00 (Cumulative side area) 

    Layer: via
      Partial area ratio:    0.21
      Required ratio:    6.00 (Gate area) 
      Cumulative area ratio:    0.35
      Required ratio:    0.00 (Cumulative area) 

    Layer: met2
      Partial area ratio:   10.11
      Required ratio:    0.00 (Gate area) 
      Cumulative area ratio:   13.99
      Required ratio:    0.00 (Cumulative area) 
      Partial area ratio:   49.71
      Required ratio:  400.00 (Side area) 
      Cumulative area ratio:   68.23
      Required ratio:    0.00 (Cumulative side area) 

    Layer: via2
      Partial area ratio:    0.19
      Required ratio:    6.00 (Gate area) 
      Cumulative area ratio:    0.53
      Required ratio:    0.00 (Cumulative area) 

    Layer: met3
      Partial area ratio:   88.08
      Required ratio:    0.00 (Gate area) 
      Cumulative area ratio:  102.07
      Required ratio:    0.00 (Cumulative area) 
      Partial area ratio:  471.92
      Required ratio:  400.00 (Side area) (VIOLATED)
      Cumulative area ratio:  540.16
      Required ratio:    0.00 (Cumulative side area) 

    Layer: via3
      Partial area ratio:    0.38
      Required ratio:    6.00 (Gate area) 
      Cumulative area ratio:    0.91
      Required ratio:    0.00 (Cumulative area) 

    Layer: met4
      Partial area ratio:  119.47
      Required ratio:    0.00 (Gate area) 
      Cumulative area ratio:  221.54
      Required ratio:    0.00 (Cumulative area) 
      Partial area ratio:  638.82
      Required ratio: 2778.20 (Side area) 
      Cumulative area ratio: 1178.97
      Required ratio:    0.00 (Cumulative side area) 


  Pin:   fanout1390/A (sky130_fd_sc_hd__clkdlybuf4s25_1)
    Layer: mcon
      Partial area ratio:    0.14
      Required ratio:    3.00 (Gate area) 
      Cumulative area ratio:    0.14
      Required ratio:    0.00 (Cumulative area) 

    Layer: met1
      Partial area ratio:    2.94
      Required ratio:    0.00 (Gate area) 
      Cumulative area ratio:    2.94
      Required ratio:    0.00 (Cumulative area) 
      Partial area ratio:   13.81
      Required ratio:  400.00 (Side area) 
      Cumulative area ratio:   13.81
      Required ratio:    0.00 (Cumulative side area) 

    Layer: via
      Partial area ratio:    0.21
      Required ratio:    6.00 (Gate area) 
      Cumulative area ratio:    0.35
      Required ratio:    0.00 (Cumulative area) 

    Layer: met2
      Partial area ratio:    0.88
      Required ratio:    0.00 (Gate area) 
      Cumulative area ratio:    3.81
      Required ratio:    0.00 (Cumulative area) 
      Partial area ratio:    4.04
      Required ratio:  400.00 (Side area) 
      Cumulative area ratio:   17.85
      Required ratio:    0.00 (Cumulative side area) 

    Layer: via2
      Partial area ratio:    0.19
      Required ratio:    6.00 (Gate area) 
      Cumulative area ratio:    0.53
      Required ratio:    0.00 (Cumulative area) 

    Layer: met3
      Partial area ratio:   20.02
      Required ratio:    0.00 (Gate area) 
      Cumulative area ratio:   23.83
      Required ratio:    0.00 (Cumulative area) 
      Partial area ratio:  108.96
      Required ratio:  400.00 (Side area) 
      Cumulative area ratio:  126.81
      Required ratio:    0.00 (Cumulative side area) 

    Layer: via3
      Partial area ratio:    0.19
      Required ratio:    6.00 (Gate area) 
      Cumulative area ratio:    0.72
      Required ratio:    0.00 (Cumulative area) 

    Layer: met4
      Partial area ratio:  119.47
      Required ratio:    0.00 (Gate area) 
      Cumulative area ratio:  143.30
      Required ratio:    0.00 (Cumulative area) 
      Partial area ratio:  638.82
      Required ratio: 2778.20 (Side area) 
      Cumulative area ratio:  765.63
      Required ratio:    0.00 (Cumulative side area) 


  Pin:   fanout1392/A (sky130_fd_sc_hd__clkdlybuf4s25_1)
    Layer: mcon
      Partial area ratio:    0.14
      Required ratio:    3.00 (Gate area) 
      Cumulative area ratio:    0.14
      Required ratio:    0.00 (Cumulative area) 

    Layer: met1
      Partial area ratio:    3.71
      Required ratio:    0.00 (Gate area) 
      Cumulative area ratio:    3.71
      Required ratio:    0.00 (Cumulative area) 
      Partial area ratio:   17.65
      Required ratio:  400.00 (Side area) 
      Cumulative area ratio:   17.65
      Required ratio:    0.00 (Cumulative side area) 

    Layer: via
      Partial area ratio:    0.21
      Required ratio:    6.00 (Gate area) 
      Cumulative area ratio:    0.35
      Required ratio:    0.00 (Cumulative area) 

    Layer: met2
      Partial area ratio:   10.11
      Required ratio:    0.00 (Gate area) 
      Cumulative area ratio:   13.82
      Required ratio:    0.00 (Cumulative area) 
      Partial area ratio:   49.71
      Required ratio:  400.00 (Side area) 
      Cumulative area ratio:   67.36
      Required ratio:    0.00 (Cumulative side area) 

    Layer: via2
      Partial area ratio:    0.19
      Required ratio:    6.00 (Gate area) 
      Cumulative area ratio:    0.53
      Required ratio:    0.00 (Cumulative area) 

    Layer: met3
      Partial area ratio:   63.49
      Required ratio:    0.00 (Gate area) 
      Cumulative area ratio:   77.30
      Required ratio:    0.00 (Cumulative area) 
      Partial area ratio:  339.68
      Required ratio:  400.00 (Side area) 
      Cumulative area ratio:  407.04
      Required ratio:    0.00 (Cumulative side area) 

    Layer: via3
      Partial area ratio:    0.19
      Required ratio:    6.00 (Gate area) 
      Cumulative area ratio:    0.72
      Required ratio:    0.00 (Cumulative area) 

    Layer: met4
      Partial area ratio:  119.47
      Required ratio:    0.00 (Gate area) 
      Cumulative area ratio:  196.77
      Required ratio:    0.00 (Cumulative area) 
      Partial area ratio:  638.82
      Required ratio: 2778.20 (Side area) 
      Cumulative area ratio: 1045.86
      Required ratio:    0.00 (Cumulative side area) 


  Pin:   fanout1395/A (sky130_fd_sc_hd__clkdlybuf4s25_1)
    Layer: mcon
      Partial area ratio:    0.14
      Required ratio:    3.00 (Gate area) 
      Cumulative area ratio:    0.14
      Required ratio:    0.00 (Cumulative area) 

    Layer: met1
      Partial area ratio:   25.46
      Required ratio:    0.00 (Gate area) 
      Cumulative area ratio:   25.46
      Required ratio:    0.00 (Cumulative area) 
      Partial area ratio:  126.45
      Required ratio:  400.00 (Side area) 
      Cumulative area ratio:  126.45
      Required ratio:    0.00 (Cumulative side area) 

    Layer: via
      Partial area ratio:    0.21
      Required ratio:    6.00 (Gate area) 
      Cumulative area ratio:    0.35
      Required ratio:    0.00 (Cumulative area) 

    Layer: met2
      Partial area ratio:    0.88
      Required ratio:    0.00 (Gate area) 
      Cumulative area ratio:   26.34
      Required ratio:    0.00 (Cumulative area) 
      Partial area ratio:    4.04
      Required ratio:  400.00 (Side area) 
      Cumulative area ratio:  130.49
      Required ratio:    0.00 (Cumulative side area) 

    Layer: via2
      Partial area ratio:    0.19
      Required ratio:    6.00 (Gate area) 
      Cumulative area ratio:    0.53
      Required ratio:    0.00 (Cumulative area) 

    Layer: met3
      Partial area ratio:   63.49
      Required ratio:    0.00 (Gate area) 
      Cumulative area ratio:   89.83
      Required ratio:    0.00 (Cumulative area) 
      Partial area ratio:  339.68
      Required ratio:  400.00 (Side area) 
      Cumulative area ratio:  470.17
      Required ratio:    0.00 (Cumulative side area) 

    Layer: via3
      Partial area ratio:    0.19
      Required ratio:    6.00 (Gate area) 
      Cumulative area ratio:    0.72
      Required ratio:    0.00 (Cumulative area) 

    Layer: met4
      Partial area ratio:  119.47
      Required ratio:    0.00 (Gate area) 
      Cumulative area ratio:  209.30
      Required ratio:    0.00 (Cumulative area) 
      Partial area ratio:  638.82
      Required ratio: 2778.20 (Side area) 
      Cumulative area ratio: 1108.99
      Required ratio:    0.00 (Cumulative side area) 



Net: _03503_
  Pin:   _15262_/A1 (sky130_fd_sc_hd__mux2_1)
    Layer: mcon
      Partial area ratio:    0.23
      Required ratio:    3.00 (Gate area) 
      Cumulative area ratio:    0.23
      Required ratio:    0.00 (Cumulative area) 

    Layer: met1
      Partial area ratio:    4.96
      Required ratio:    0.00 (Gate area) 
      Cumulative area ratio:    4.96
      Required ratio:    0.00 (Cumulative area) 
      Partial area ratio:   23.33
      Required ratio:  400.00 (Side area) 
      Cumulative area ratio:   23.33
      Required ratio:    0.00 (Cumulative side area) 

    Layer: via
      Partial area ratio:    0.36
      Required ratio:    6.00 (Gate area) 
      Cumulative area ratio:    0.59
      Required ratio:    0.00 (Cumulative area) 

    Layer: met2
      Partial area ratio:   65.90
      Required ratio:    0.00 (Gate area) 
      Cumulative area ratio:   70.86
      Required ratio:    0.00 (Cumulative area) 
      Partial area ratio:  328.40
      Required ratio:  400.00 (Side area) 
      Cumulative area ratio:  351.73
      Required ratio:    0.00 (Cumulative side area) 

    Layer: via2
      Partial area ratio:    0.14
      Required ratio:    6.00 (Gate area) 
      Cumulative area ratio:    0.73
      Required ratio:    0.00 (Cumulative area) 

    Layer: met3
      Partial area ratio:  160.22
      Required ratio:    0.00 (Gate area) 
      Cumulative area ratio:  231.08
      Required ratio:    0.00 (Cumulative area) 
      Partial area ratio:  856.17
      Required ratio:  400.00 (Side area) (VIOLATED)
      Cumulative area ratio: 1207.90
      Required ratio:    0.00 (Cumulative side area) 

    Layer: via3
      Partial area ratio:    0.14
      Required ratio:    6.00 (Gate area) 
      Cumulative area ratio:    0.87
      Required ratio:    0.00 (Cumulative area) 

    Layer: met4
      Partial area ratio:  203.79
      Required ratio:    0.00 (Gate area) 
      Cumulative area ratio:  434.87
      Required ratio:    0.00 (Cumulative area) 
      Partial area ratio: 1088.51
      Required ratio: 2778.20 (Side area) 
      Cumulative area ratio: 2296.41
      Required ratio:    0.00 (Cumulative side area) 


  Pin:   _16585_/A1_N (sky130_fd_sc_hd__o2bb2a_2)
    Layer: mcon
      Partial area ratio:    0.18
      Required ratio:    3.00 (Gate area) 
      Cumulative area ratio:    0.18
      Required ratio:    0.00 (Cumulative area) 

    Layer: met1
      Partial area ratio:   63.62
      Required ratio:    0.00 (Gate area) 
      Cumulative area ratio:   63.62
      Required ratio:    0.00 (Cumulative area) 
      Partial area ratio:  316.28
      Required ratio:  400.00 (Side area) 
      Cumulative area ratio:  316.28
      Required ratio:    0.00 (Cumulative side area) 

    Layer: via
      Partial area ratio:    0.42
      Required ratio:    6.00 (Gate area) 
      Cumulative area ratio:    0.61
      Required ratio:    0.00 (Cumulative area) 

    Layer: met2
      Partial area ratio:   65.90
      Required ratio:    0.00 (Gate area) 
      Cumulative area ratio:  129.52
      Required ratio:    0.00 (Cumulative area) 
      Partial area ratio:  328.40
      Required ratio:  400.00 (Side area) 
      Cumulative area ratio:  644.67
      Required ratio:    0.00 (Cumulative side area) 

    Layer: via2
      Partial area ratio:    0.14
      Required ratio:    6.00 (Gate area) 
      Cumulative area ratio:    0.75
      Required ratio:    0.00 (Cumulative area) 

    Layer: met3
      Partial area ratio:  160.22
      Required ratio:    0.00 (Gate area) 
      Cumulative area ratio:  289.75
      Required ratio:    0.00 (Cumulative area) 
      Partial area ratio:  856.17
      Required ratio:  400.00 (Side area) (VIOLATED)
      Cumulative area ratio: 1500.84
      Required ratio:    0.00 (Cumulative side area) 

    Layer: via3
      Partial area ratio:    0.14
      Required ratio:    6.00 (Gate area) 
      Cumulative area ratio:    0.89
      Required ratio:    0.00 (Cumulative area) 

    Layer: met4
      Partial area ratio:  203.79
      Required ratio:    0.00 (Gate area) 
      Cumulative area ratio:  493.53
      Required ratio:    0.00 (Cumulative area) 
      Partial area ratio: 1088.51
      Required ratio: 2778.20 (Side area) 
      Cumulative area ratio: 2589.35
      Required ratio:    0.00 (Cumulative side area) 



Net: _03598_
  Pin:   _15318_/A (sky130_fd_sc_hd__and3_2)
    Layer: mcon
      Partial area ratio:    0.23
      Required ratio:    3.00 (Gate area) 
      Cumulative area ratio:    0.23
      Required ratio:    0.00 (Cumulative area) 

    Layer: met1
      Partial area ratio:   17.25
      Required ratio:    0.00 (Gate area) 
      Cumulative area ratio:   17.25
      Required ratio:    0.00 (Cumulative area) 
      Partial area ratio:   84.76
      Required ratio:  400.00 (Side area) 
      Cumulative area ratio:   84.76
      Required ratio:    0.00 (Cumulative side area) 

    Layer: via
      Partial area ratio:    0.36
      Required ratio:    6.00 (Gate area) 
      Cumulative area ratio:    0.59
      Required ratio:    0.00 (Cumulative area) 

    Layer: met2
      Partial area ratio:    9.43
      Required ratio:    0.00 (Gate area) 
      Cumulative area ratio:   26.67
      Required ratio:    0.00 (Cumulative area) 
      Partial area ratio:   45.69
      Required ratio:  400.00 (Side area) 
      Cumulative area ratio:  130.46
      Required ratio:    0.00 (Cumulative side area) 

    Layer: via2
      Partial area ratio:    0.32
      Required ratio:    6.00 (Gate area) 
      Cumulative area ratio:    0.90
      Required ratio:    0.00 (Cumulative area) 

    Layer: met3
      Partial area ratio:  115.98
      Required ratio:    0.00 (Gate area) 
      Cumulative area ratio:  142.66
      Required ratio:    0.00 (Cumulative area) 
      Partial area ratio:  622.29
      Required ratio:  400.00 (Side area) (VIOLATED)
      Cumulative area ratio:  752.74
      Required ratio:    0.00 (Cumulative side area) 

    Layer: via3
      Partial area ratio:    0.32
      Required ratio:    6.00 (Gate area) 
      Cumulative area ratio:    1.22
      Required ratio:    0.00 (Cumulative area) 

    Layer: met4
      Partial area ratio:   99.51
      Required ratio:    0.00 (Gate area) 
      Cumulative area ratio:  242.17
      Required ratio:    0.00 (Cumulative area) 
      Partial area ratio:  534.48
      Required ratio: 2778.20 (Side area) 
      Cumulative area ratio: 1287.22
      Required ratio:    0.00 (Cumulative side area) 



Net: _03698_
  Pin:   _15449_/A (sky130_fd_sc_hd__nand4_1)
    Layer: mcon
      Partial area ratio:    0.12
      Required ratio:    3.00 (Gate area) 
      Cumulative area ratio:    0.12
      Required ratio:    0.00 (Cumulative area) 

    Layer: met1
      Partial area ratio:   95.28
      Required ratio:    0.00 (Gate area) 
      Cumulative area ratio:   95.28
      Required ratio:    0.00 (Cumulative area) 
      Partial area ratio:  475.63
      Required ratio:  400.00 (Side area) (VIOLATED)
      Cumulative area ratio:  475.63
      Required ratio:    0.00 (Cumulative side area) 

    Layer: via
      Partial area ratio:    0.18
      Required ratio:    6.00 (Gate area) 
      Cumulative area ratio:    0.30
      Required ratio:    0.00 (Cumulative area) 

    Layer: met2
      Partial area ratio:    5.07
      Required ratio:    0.00 (Gate area) 
      Cumulative area ratio:  100.34
      Required ratio:    0.00 (Cumulative area) 
      Partial area ratio:   24.78
      Required ratio: 2778.20 (Side area) 
      Cumulative area ratio:  500.41
      Required ratio:    0.00 (Cumulative side area) 



Net: _03784_
  Pin:   _15503_/C (sky130_fd_sc_hd__and3_2)
    Layer: mcon
      Partial area ratio:    0.23
      Required ratio:    3.00 (Gate area) 
      Cumulative area ratio:    0.23
      Required ratio:    0.00 (Cumulative area) 

    Layer: met1
      Partial area ratio:   88.70
      Required ratio:    0.00 (Gate area) 
      Cumulative area ratio:   88.70
      Required ratio:    0.00 (Cumulative area) 
      Partial area ratio:  442.02
      Required ratio:  400.00 (Side area) (VIOLATED)
      Cumulative area ratio:  442.02
      Required ratio:    0.00 (Cumulative side area) 

    Layer: via
      Partial area ratio:    0.36
      Required ratio:    6.00 (Gate area) 
      Cumulative area ratio:    0.59
      Required ratio:    0.00 (Cumulative area) 

    Layer: met2
      Partial area ratio:   17.62
      Required ratio:    0.00 (Gate area) 
      Cumulative area ratio:  106.32
      Required ratio:    0.00 (Cumulative area) 
      Partial area ratio:   87.00
      Required ratio: 2831.00 (Side area) 
      Cumulative area ratio:  529.02
      Required ratio:    0.00 (Cumulative side area) 



Net: _03922_
  Pin:   wire127/A (sky130_fd_sc_hd__buf_2)
    Layer: mcon
      Partial area ratio:    0.18
      Required ratio:    3.00 (Gate area) 
      Cumulative area ratio:    0.18
      Required ratio:    0.00 (Cumulative area) 

    Layer: met1
      Partial area ratio:   33.17
      Required ratio:    0.00 (Gate area) 
      Cumulative area ratio:   33.17
      Required ratio:    0.00 (Cumulative area) 
      Partial area ratio:  164.67
      Required ratio:  400.00 (Side area) 
      Cumulative area ratio:  164.67
      Required ratio:    0.00 (Cumulative side area) 

    Layer: via
      Partial area ratio:    0.28
      Required ratio:    6.00 (Gate area) 
      Cumulative area ratio:    0.46
      Required ratio:    0.00 (Cumulative area) 

    Layer: met2
      Partial area ratio:  104.68
      Required ratio:    0.00 (Gate area) 
      Cumulative area ratio:  137.84
      Required ratio:    0.00 (Cumulative area) 
      Partial area ratio:  522.25
      Required ratio:  400.00 (Side area) (VIOLATED)
      Cumulative area ratio:  686.92
      Required ratio:    0.00 (Cumulative side area) 

    Layer: via2
      Partial area ratio:    0.25
      Required ratio:    6.00 (Gate area) 
      Cumulative area ratio:    0.72
      Required ratio:    0.00 (Cumulative area) 

    Layer: met3
      Partial area ratio:   78.86
      Required ratio:    0.00 (Gate area) 
      Cumulative area ratio:  216.70
      Required ratio:    0.00 (Cumulative area) 
      Partial area ratio:  423.55
      Required ratio: 2851.00 (Side area) 
      Cumulative area ratio: 1110.46
      Required ratio:    0.00 (Cumulative side area) 



Net: _04195_
  Pin:   wire506/A (sky130_fd_sc_hd__clkbuf_4)
    Layer: mcon
      Partial area ratio:    0.14
      Required ratio:    3.00 (Gate area) 
      Cumulative area ratio:    0.14
      Required ratio:    0.00 (Cumulative area) 

    Layer: met1
      Partial area ratio:    2.06
      Required ratio:    0.00 (Gate area) 
      Cumulative area ratio:    2.06
      Required ratio:    0.00 (Cumulative area) 
      Partial area ratio:    9.45
      Required ratio:  400.00 (Side area) 
      Cumulative area ratio:    9.45
      Required ratio:    0.00 (Cumulative side area) 

    Layer: via
      Partial area ratio:    0.21
      Required ratio:    6.00 (Gate area) 
      Cumulative area ratio:    0.35
      Required ratio:    0.00 (Cumulative area) 

    Layer: met2
      Partial area ratio:    0.88
      Required ratio:    0.00 (Gate area) 
      Cumulative area ratio:    2.94
      Required ratio:    0.00 (Cumulative area) 
      Partial area ratio:    4.04
      Required ratio:  400.00 (Side area) 
      Cumulative area ratio:   13.49
      Required ratio:    0.00 (Cumulative side area) 

    Layer: via2
      Partial area ratio:    0.19
      Required ratio:    6.00 (Gate area) 
      Cumulative area ratio:    0.53
      Required ratio:    0.00 (Cumulative area) 

    Layer: met3
      Partial area ratio:   98.32
      Required ratio:    0.00 (Gate area) 
      Cumulative area ratio:  101.26
      Required ratio:    0.00 (Cumulative area) 
      Partial area ratio:  528.79
      Required ratio:  400.00 (Side area) (VIOLATED)
      Cumulative area ratio:  542.28
      Required ratio:    0.00 (Cumulative side area) 

    Layer: via3
      Partial area ratio:    0.19
      Required ratio:    6.00 (Gate area) 
      Cumulative area ratio:    0.72
      Required ratio:    0.00 (Cumulative area) 

    Layer: met4
      Partial area ratio:   49.15
      Required ratio:    0.00 (Gate area) 
      Cumulative area ratio:  150.41
      Required ratio:    0.00 (Cumulative area) 
      Partial area ratio:  264.34
      Required ratio: 2918.00 (Side area) 
      Cumulative area ratio:  806.62
      Required ratio:    0.00 (Cumulative side area) 



Net: _04291_
  Pin:   fanout116/A (sky130_fd_sc_hd__clkdlybuf4s25_1)
    Layer: mcon
      Partial area ratio:    0.14
      Required ratio:    3.00 (Gate area) 
      Cumulative area ratio:    0.14
      Required ratio:    0.00 (Cumulative area) 

    Layer: met1
      Partial area ratio:    2.56
      Required ratio:    0.00 (Gate area) 
      Cumulative area ratio:    2.56
      Required ratio:    0.00 (Cumulative area) 
      Partial area ratio:   11.91
      Required ratio:  400.00 (Side area) 
      Cumulative area ratio:   11.91
      Required ratio:    0.00 (Cumulative side area) 

    Layer: via
      Partial area ratio:    0.21
      Required ratio:    6.00 (Gate area) 
      Cumulative area ratio:    0.35
      Required ratio:    0.00 (Cumulative area) 

    Layer: met2
      Partial area ratio:    6.90
      Required ratio:    0.00 (Gate area) 
      Cumulative area ratio:    9.46
      Required ratio:    0.00 (Cumulative area) 
      Partial area ratio:   33.86
      Required ratio:  400.00 (Side area) 
      Cumulative area ratio:   45.76
      Required ratio:    0.00 (Cumulative side area) 

    Layer: via2
      Partial area ratio:    0.06
      Required ratio:    6.00 (Gate area) 
      Cumulative area ratio:    0.41
      Required ratio:    0.00 (Cumulative area) 

    Layer: met3
      Partial area ratio:    0.20
      Required ratio:    0.00 (Gate area) 
      Cumulative area ratio:    9.66
      Required ratio:    0.00 (Cumulative area) 
      Partial area ratio:    1.78
      Required ratio:  400.00 (Side area) 
      Cumulative area ratio:   47.54
      Required ratio:    0.00 (Cumulative side area) 

    Layer: via3
      Partial area ratio:    0.06
      Required ratio:    6.00 (Gate area) 
      Cumulative area ratio:    0.47
      Required ratio:    0.00 (Cumulative area) 

    Layer: met4
      Partial area ratio:   65.75
      Required ratio:    0.00 (Gate area) 
      Cumulative area ratio:   75.41
      Required ratio:    0.00 (Cumulative area) 
      Partial area ratio:  351.21
      Required ratio: 2781.50 (Side area) 
      Cumulative area ratio:  398.75
      Required ratio:    0.00 (Cumulative side area) 


  Pin:   fanout117/A (sky130_fd_sc_hd__clkdlybuf4s25_1)
    Layer: mcon
      Partial area ratio:    0.14
      Required ratio:    3.00 (Gate area) 
      Cumulative area ratio:    0.14
      Required ratio:    0.00 (Cumulative area) 

    Layer: met1
      Partial area ratio:    1.33
      Required ratio:    0.00 (Gate area) 
      Cumulative area ratio:    1.33
      Required ratio:    0.00 (Cumulative area) 
      Partial area ratio:    5.60
      Required ratio:  400.00 (Side area) 
      Cumulative area ratio:    5.60
      Required ratio:    0.00 (Cumulative side area) 

    Layer: via
      Partial area ratio:    0.21
      Required ratio:    6.00 (Gate area) 
      Cumulative area ratio:    0.35
      Required ratio:    0.00 (Cumulative area) 

    Layer: met2
      Partial area ratio:    0.88
      Required ratio:    0.00 (Gate area) 
      Cumulative area ratio:    2.20
      Required ratio:    0.00 (Cumulative area) 
      Partial area ratio:    4.04
      Required ratio:  400.00 (Side area) 
      Cumulative area ratio:    9.64
      Required ratio:    0.00 (Cumulative side area) 

    Layer: via2
      Partial area ratio:    0.19
      Required ratio:    6.00 (Gate area) 
      Cumulative area ratio:    0.53
      Required ratio:    0.00 (Cumulative area) 

    Layer: met3
      Partial area ratio:   78.33
      Required ratio:    0.00 (Gate area) 
      Cumulative area ratio:   80.53
      Required ratio:    0.00 (Cumulative area) 
      Partial area ratio:  419.94
      Required ratio:  400.00 (Side area) (VIOLATED)
      Cumulative area ratio:  429.58
      Required ratio:    0.00 (Cumulative side area) 

    Layer: via3
      Partial area ratio:    0.19
      Required ratio:    6.00 (Gate area) 
      Cumulative area ratio:    0.72
      Required ratio:    0.00 (Cumulative area) 

    Layer: met4
      Partial area ratio:   65.75
      Required ratio:    0.00 (Gate area) 
      Cumulative area ratio:  146.28
      Required ratio:    0.00 (Cumulative area) 
      Partial area ratio:  351.21
      Required ratio: 2781.50 (Side area) 
      Cumulative area ratio:  780.79
      Required ratio:    0.00 (Cumulative side area) 


  Pin:   fanout118/A (sky130_fd_sc_hd__clkdlybuf4s25_1)
    Layer: mcon
      Partial area ratio:    0.14
      Required ratio:    3.00 (Gate area) 
      Cumulative area ratio:    0.14
      Required ratio:    0.00 (Cumulative area) 

    Layer: met1
      Partial area ratio:    3.96
      Required ratio:    0.00 (Gate area) 
      Cumulative area ratio:    3.96
      Required ratio:    0.00 (Cumulative area) 
      Partial area ratio:   18.91
      Required ratio:  400.00 (Side area) 
      Cumulative area ratio:   18.91
      Required ratio:    0.00 (Cumulative side area) 

    Layer: via
      Partial area ratio:    0.21
      Required ratio:    6.00 (Gate area) 
      Cumulative area ratio:    0.35
      Required ratio:    0.00 (Cumulative area) 

    Layer: met2
      Partial area ratio:    6.90
      Required ratio:    0.00 (Gate area) 
      Cumulative area ratio:   10.86
      Required ratio:    0.00 (Cumulative area) 
      Partial area ratio:   33.86
      Required ratio:  400.00 (Side area) 
      Cumulative area ratio:   52.76
      Required ratio:    0.00 (Cumulative side area) 

    Layer: via2
      Partial area ratio:    0.06
      Required ratio:    6.00 (Gate area) 
      Cumulative area ratio:    0.41
      Required ratio:    0.00 (Cumulative area) 

    Layer: met3
      Partial area ratio:    0.20
      Required ratio:    0.00 (Gate area) 
      Cumulative area ratio:   11.06
      Required ratio:    0.00 (Cumulative area) 
      Partial area ratio:    1.78
      Required ratio:  400.00 (Side area) 
      Cumulative area ratio:   54.54
      Required ratio:    0.00 (Cumulative side area) 

    Layer: via3
      Partial area ratio:    0.06
      Required ratio:    6.00 (Gate area) 
      Cumulative area ratio:    0.47
      Required ratio:    0.00 (Cumulative area) 

    Layer: met4
      Partial area ratio:   65.75
      Required ratio:    0.00 (Gate area) 
      Cumulative area ratio:   76.81
      Required ratio:    0.00 (Cumulative area) 
      Partial area ratio:  351.21
      Required ratio: 2781.50 (Side area) 
      Cumulative area ratio:  405.75
      Required ratio:    0.00 (Cumulative side area) 


  Pin:   fanout119/A (sky130_fd_sc_hd__clkdlybuf4s25_1)
    Layer: mcon
      Partial area ratio:    0.14
      Required ratio:    3.00 (Gate area) 
      Cumulative area ratio:    0.14
      Required ratio:    0.00 (Cumulative area) 

    Layer: met1
      Partial area ratio:    3.37
      Required ratio:    0.00 (Gate area) 
      Cumulative area ratio:    3.37
      Required ratio:    0.00 (Cumulative area) 
      Partial area ratio:   15.98
      Required ratio:  400.00 (Side area) 
      Cumulative area ratio:   15.98
      Required ratio:    0.00 (Cumulative side area) 

    Layer: via
      Partial area ratio:    0.21
      Required ratio:    6.00 (Gate area) 
      Cumulative area ratio:    0.35
      Required ratio:    0.00 (Cumulative area) 

    Layer: met2
      Partial area ratio:    6.90
      Required ratio:    0.00 (Gate area) 
      Cumulative area ratio:   10.28
      Required ratio:    0.00 (Cumulative area) 
      Partial area ratio:   33.86
      Required ratio:  400.00 (Side area) 
      Cumulative area ratio:   49.84
      Required ratio:    0.00 (Cumulative side area) 

    Layer: via2
      Partial area ratio:    0.06
      Required ratio:    6.00 (Gate area) 
      Cumulative area ratio:    0.41
      Required ratio:    0.00 (Cumulative area) 

    Layer: met3
      Partial area ratio:    0.20
      Required ratio:    0.00 (Gate area) 
      Cumulative area ratio:   10.47
      Required ratio:    0.00 (Cumulative area) 
      Partial area ratio:    1.78
      Required ratio:  400.00 (Side area) 
      Cumulative area ratio:   51.61
      Required ratio:    0.00 (Cumulative side area) 

    Layer: via3
      Partial area ratio:    0.06
      Required ratio:    6.00 (Gate area) 
      Cumulative area ratio:    0.47
      Required ratio:    0.00 (Cumulative area) 

    Layer: met4
      Partial area ratio:   65.75
      Required ratio:    0.00 (Gate area) 
      Cumulative area ratio:   76.22
      Required ratio:    0.00 (Cumulative area) 
      Partial area ratio:  351.21
      Required ratio: 2781.50 (Side area) 
      Cumulative area ratio:  402.83
      Required ratio:    0.00 (Cumulative side area) 



Net: _04484_
  Pin:   _16232_/B1 (sky130_fd_sc_hd__o31a_2)
    Layer: mcon
      Partial area ratio:    0.12
      Required ratio:    3.00 (Gate area) 
      Cumulative area ratio:    0.12
      Required ratio:    0.00 (Cumulative area) 

    Layer: met1
      Partial area ratio:    5.61
      Required ratio:    0.00 (Gate area) 
      Cumulative area ratio:    5.61
      Required ratio:    0.00 (Cumulative area) 
      Partial area ratio:   27.32
      Required ratio:  400.00 (Side area) 
      Cumulative area ratio:   27.32
      Required ratio:    0.00 (Cumulative side area) 

    Layer: via
      Partial area ratio:    0.18
      Required ratio:    6.00 (Gate area) 
      Cumulative area ratio:    0.30
      Required ratio:    0.00 (Cumulative area) 

    Layer: met2
      Partial area ratio:   12.60
      Required ratio:    0.00 (Gate area) 
      Cumulative area ratio:   18.22
      Required ratio:    0.00 (Cumulative area) 
      Partial area ratio:   62.29
      Required ratio:  400.00 (Side area) 
      Cumulative area ratio:   89.61
      Required ratio:    0.00 (Cumulative side area) 

    Layer: via2
      Partial area ratio:    0.16
      Required ratio:    6.00 (Gate area) 
      Cumulative area ratio:    0.46
      Required ratio:    0.00 (Cumulative area) 

    Layer: met3
      Partial area ratio:   75.77
      Required ratio:    0.00 (Gate area) 
      Cumulative area ratio:   93.99
      Required ratio:    0.00 (Cumulative area) 
      Partial area ratio:  406.01
      Required ratio:  400.00 (Side area) (VIOLATED)
      Cumulative area ratio:  495.63
      Required ratio:    0.00 (Cumulative side area) 

    Layer: via3
      Partial area ratio:    0.16
      Required ratio:    6.00 (Gate area) 
      Cumulative area ratio:    0.62
      Required ratio:    0.00 (Cumulative area) 

    Layer: met4
      Partial area ratio:   59.03
      Required ratio:    0.00 (Gate area) 
      Cumulative area ratio:  153.02
      Required ratio:    0.00 (Cumulative area) 
      Partial area ratio:  316.70
      Required ratio: 2778.20 (Side area) 
      Cumulative area ratio:  812.33
      Required ratio:    0.00 (Cumulative side area) 



Net: _04616_
  Pin:   _16344_/B (sky130_fd_sc_hd__or3_2)
    Layer: mcon
      Partial area ratio:    0.23
      Required ratio:    3.00 (Gate area) 
      Cumulative area ratio:    0.23
      Required ratio:    0.00 (Cumulative area) 

    Layer: met1
      Partial area ratio:    5.61
      Required ratio:    0.00 (Gate area) 
      Cumulative area ratio:    5.61
      Required ratio:    0.00 (Cumulative area) 
      Partial area ratio:   26.59
      Required ratio:  400.00 (Side area) 
      Cumulative area ratio:   26.59
      Required ratio:    0.00 (Cumulative side area) 

    Layer: via
      Partial area ratio:    0.36
      Required ratio:    6.00 (Gate area) 
      Cumulative area ratio:    0.59
      Required ratio:    0.00 (Cumulative area) 

    Layer: met2
      Partial area ratio:    1.48
      Required ratio:    0.00 (Gate area) 
      Cumulative area ratio:    7.10
      Required ratio:    0.00 (Cumulative area) 
      Partial area ratio:    6.83
      Required ratio:  400.00 (Side area) 
      Cumulative area ratio:   33.43
      Required ratio:    0.00 (Cumulative side area) 

    Layer: via2
      Partial area ratio:    0.32
      Required ratio:    6.00 (Gate area) 
      Cumulative area ratio:    0.90
      Required ratio:    0.00 (Cumulative area) 

    Layer: met3
      Partial area ratio:  181.70
      Required ratio:    0.00 (Gate area) 
      Cumulative area ratio:  188.79
      Required ratio:    0.00 (Cumulative area) 
      Partial area ratio:  972.76
      Required ratio:  400.00 (Side area) (VIOLATED)
      Cumulative area ratio: 1006.19
      Required ratio:    0.00 (Cumulative side area) 

    Layer: via3
      Partial area ratio:    0.32
      Required ratio:    6.00 (Gate area) 
      Cumulative area ratio:    1.22
      Required ratio:    0.00 (Cumulative area) 

    Layer: met4
      Partial area ratio:   17.37
      Required ratio:    0.00 (Gate area) 
      Cumulative area ratio:  206.17
      Required ratio:    0.00 (Cumulative area) 
      Partial area ratio:   96.38
      Required ratio: 2784.80 (Side area) 
      Cumulative area ratio: 1102.57
      Required ratio:    0.00 (Cumulative side area) 



Net: _04675_
  Pin:   _16399_/B2 (sky130_fd_sc_hd__o22a_2)
    Layer: mcon
      Partial area ratio:    0.12
      Required ratio:    3.00 (Gate area) 
      Cumulative area ratio:    0.12
      Required ratio:    0.00 (Cumulative area) 

    Layer: met1
      Partial area ratio:    2.35
      Required ratio:    0.00 (Gate area) 
      Cumulative area ratio:    2.35
      Required ratio:    0.00 (Cumulative area) 
      Partial area ratio:   10.98
      Required ratio:  400.00 (Side area) 
      Cumulative area ratio:   10.98
      Required ratio:    0.00 (Cumulative side area) 

    Layer: via
      Partial area ratio:    0.18
      Required ratio:    6.00 (Gate area) 
      Cumulative area ratio:    0.30
      Required ratio:    0.00 (Cumulative area) 

    Layer: met2
      Partial area ratio:    0.75
      Required ratio:    0.00 (Gate area) 
      Cumulative area ratio:    3.10
      Required ratio:    0.00 (Cumulative area) 
      Partial area ratio:    3.48
      Required ratio:  400.00 (Side area) 
      Cumulative area ratio:   14.46
      Required ratio:    0.00 (Cumulative side area) 

    Layer: via2
      Partial area ratio:    0.16
      Required ratio:    6.00 (Gate area) 
      Cumulative area ratio:    0.46
      Required ratio:    0.00 (Cumulative area) 

    Layer: met3
      Partial area ratio:  159.41
      Required ratio:    0.00 (Gate area) 
      Cumulative area ratio:  162.51
      Required ratio:    0.00 (Cumulative area) 
      Partial area ratio:  852.07
      Required ratio:  400.00 (Side area) (VIOLATED)
      Cumulative area ratio:  866.53
      Required ratio:    0.00 (Cumulative side area) 

    Layer: via3
      Partial area ratio:    0.16
      Required ratio:    6.00 (Gate area) 
      Cumulative area ratio:    0.62
      Required ratio:    0.00 (Cumulative area) 

    Layer: met4
      Partial area ratio:   17.21
      Required ratio:    0.00 (Gate area) 
      Cumulative area ratio:  179.72
      Required ratio:    0.00 (Cumulative area) 
      Partial area ratio:   93.67
      Required ratio: 2778.20 (Side area) 
      Cumulative area ratio:  960.20
      Required ratio:    0.00 (Cumulative side area) 



Net: _04829_
  Pin:   _16554_/B1 (sky130_fd_sc_hd__a211o_2)
    Layer: mcon
      Partial area ratio:    0.12
      Required ratio:    3.00 (Gate area) 
      Cumulative area ratio:    0.12
      Required ratio:    0.00 (Cumulative area) 

    Layer: met1
      Partial area ratio:    1.94
      Required ratio:    0.00 (Gate area) 
      Cumulative area ratio:    1.94
      Required ratio:    0.00 (Cumulative area) 
      Partial area ratio:    9.05
      Required ratio:  400.00 (Side area) 
      Cumulative area ratio:    9.05
      Required ratio:    0.00 (Cumulative side area) 

    Layer: via
      Partial area ratio:    0.18
      Required ratio:    6.00 (Gate area) 
      Cumulative area ratio:    0.30
      Required ratio:    0.00 (Cumulative area) 

    Layer: met2
      Partial area ratio:    0.75
      Required ratio:    0.00 (Gate area) 
      Cumulative area ratio:    2.69
      Required ratio:    0.00 (Cumulative area) 
      Partial area ratio:    3.48
      Required ratio:  400.00 (Side area) 
      Cumulative area ratio:   12.53
      Required ratio:    0.00 (Cumulative side area) 

    Layer: via2
      Partial area ratio:    0.16
      Required ratio:    6.00 (Gate area) 
      Cumulative area ratio:    0.46
      Required ratio:    0.00 (Cumulative area) 

    Layer: met3
      Partial area ratio:  151.53
      Required ratio:    0.00 (Gate area) 
      Cumulative area ratio:  154.22
      Required ratio:    0.00 (Cumulative area) 
      Partial area ratio:  811.93
      Required ratio:  400.00 (Side area) (VIOLATED)
      Cumulative area ratio:  824.46
      Required ratio:    0.00 (Cumulative side area) 

    Layer: via3
      Partial area ratio:    0.16
      Required ratio:    6.00 (Gate area) 
      Cumulative area ratio:    0.62
      Required ratio:    0.00 (Cumulative area) 

    Layer: met4
      Partial area ratio:  111.18
      Required ratio:    0.00 (Gate area) 
      Cumulative area ratio:  265.40
      Required ratio:    0.00 (Cumulative area) 
      Partial area ratio:  594.38
      Required ratio: 2817.80 (Side area) 
      Cumulative area ratio: 1418.83
      Required ratio:    0.00 (Cumulative side area) 


  Pin:   _16784_/B (sky130_fd_sc_hd__nand2_2)
    Layer: mcon
      Partial area ratio:    0.06
      Required ratio:    3.00 (Gate area) 
      Cumulative area ratio:    0.06
      Required ratio:    0.00 (Cumulative area) 

    Layer: met1
      Partial area ratio:    0.97
      Required ratio:    0.00 (Gate area) 
      Cumulative area ratio:    0.97
      Required ratio:    0.00 (Cumulative area) 
      Partial area ratio:    4.45
      Required ratio:  400.00 (Side area) 
      Cumulative area ratio:    4.45
      Required ratio:    0.00 (Cumulative side area) 

    Layer: via
      Partial area ratio:    0.09
      Required ratio:    6.00 (Gate area) 
      Cumulative area ratio:    0.15
      Required ratio:    0.00 (Cumulative area) 

    Layer: met2
      Partial area ratio:    1.85
      Required ratio:    0.00 (Gate area) 
      Cumulative area ratio:    2.82
      Required ratio:    0.00 (Cumulative area) 
      Partial area ratio:    8.91
      Required ratio:  400.00 (Side area) 
      Cumulative area ratio:   13.37
      Required ratio:    0.00 (Cumulative side area) 

    Layer: via2
      Partial area ratio:    0.11
      Required ratio:    6.00 (Gate area) 
      Cumulative area ratio:    0.26
      Required ratio:    0.00 (Cumulative area) 

    Layer: met3
      Partial area ratio:    0.34
      Required ratio:    0.00 (Gate area) 
      Cumulative area ratio:    3.15
      Required ratio:    0.00 (Cumulative area) 
      Partial area ratio:    3.06
      Required ratio:  400.00 (Side area) 
      Cumulative area ratio:   16.43
      Required ratio:    0.00 (Cumulative side area) 

    Layer: via3
      Partial area ratio:    0.11
      Required ratio:    6.00 (Gate area) 
      Cumulative area ratio:    0.36
      Required ratio:    0.00 (Cumulative area) 

    Layer: met4
      Partial area ratio:  111.18
      Required ratio:    0.00 (Gate area) 
      Cumulative area ratio:  114.33
      Required ratio:    0.00 (Cumulative area) 
      Partial area ratio:  594.38
      Required ratio: 2817.80 (Side area) 
      Cumulative area ratio:  610.80
      Required ratio:    0.00 (Cumulative side area) 


  Pin:   _16785_/B1 (sky130_fd_sc_hd__a22o_2)
    Layer: mcon
      Partial area ratio:    0.12
      Required ratio:    3.00 (Gate area) 
      Cumulative area ratio:    0.12
      Required ratio:    0.00 (Cumulative area) 

    Layer: met1
      Partial area ratio:   11.72
      Required ratio:    0.00 (Gate area) 
      Cumulative area ratio:   11.72
      Required ratio:    0.00 (Cumulative area) 
      Partial area ratio:   57.41
      Required ratio:  400.00 (Side area) 
      Cumulative area ratio:   57.41
      Required ratio:    0.00 (Cumulative side area) 

    Layer: via
      Partial area ratio:    0.27
      Required ratio:    6.00 (Gate area) 
      Cumulative area ratio:    0.39
      Required ratio:    0.00 (Cumulative area) 

    Layer: met2
      Partial area ratio:    1.85
      Required ratio:    0.00 (Gate area) 
      Cumulative area ratio:   13.57
      Required ratio:    0.00 (Cumulative area) 
      Partial area ratio:    8.91
      Required ratio:  400.00 (Side area) 
      Cumulative area ratio:   66.33
      Required ratio:    0.00 (Cumulative side area) 

    Layer: via2
      Partial area ratio:    0.11
      Required ratio:    6.00 (Gate area) 
      Cumulative area ratio:    0.50
      Required ratio:    0.00 (Cumulative area) 

    Layer: met3
      Partial area ratio:    0.34
      Required ratio:    0.00 (Gate area) 
      Cumulative area ratio:   13.91
      Required ratio:    0.00 (Cumulative area) 
      Partial area ratio:    3.06
      Required ratio:  400.00 (Side area) 
      Cumulative area ratio:   69.39
      Required ratio:    0.00 (Cumulative side area) 

    Layer: via3
      Partial area ratio:    0.11
      Required ratio:    6.00 (Gate area) 
      Cumulative area ratio:    0.60
      Required ratio:    0.00 (Cumulative area) 

    Layer: met4
      Partial area ratio:  111.18
      Required ratio:    0.00 (Gate area) 
      Cumulative area ratio:  125.09
      Required ratio:    0.00 (Cumulative area) 
      Partial area ratio:  594.38
      Required ratio: 2817.80 (Side area) 
      Cumulative area ratio:  663.76
      Required ratio:    0.00 (Cumulative side area) 



Net: _04982_
  Pin:   fanout90/A (sky130_fd_sc_hd__clkdlybuf4s25_1)
    Layer: mcon
      Partial area ratio:    0.14
      Required ratio:    3.00 (Gate area) 
      Cumulative area ratio:    0.14
      Required ratio:    0.00 (Cumulative area) 

    Layer: met1
      Partial area ratio:    2.87
      Required ratio:    0.00 (Gate area) 
      Cumulative area ratio:    2.87
      Required ratio:    0.00 (Cumulative area) 
      Partial area ratio:   13.50
      Required ratio:  400.00 (Side area) 
      Cumulative area ratio:   13.50
      Required ratio:    0.00 (Cumulative side area) 

    Layer: via
      Partial area ratio:    0.21
      Required ratio:    6.00 (Gate area) 
      Cumulative area ratio:    0.35
      Required ratio:    0.00 (Cumulative area) 

    Layer: met2
      Partial area ratio:    0.88
      Required ratio:    0.00 (Gate area) 
      Cumulative area ratio:    3.75
      Required ratio:    0.00 (Cumulative area) 
      Partial area ratio:    4.04
      Required ratio:  400.00 (Side area) 
      Cumulative area ratio:   17.54
      Required ratio:    0.00 (Cumulative side area) 

    Layer: via2
      Partial area ratio:    0.19
      Required ratio:    6.00 (Gate area) 
      Cumulative area ratio:    0.53
      Required ratio:    0.00 (Cumulative area) 

    Layer: met3
      Partial area ratio:  108.04
      Required ratio:    0.00 (Gate area) 
      Cumulative area ratio:  111.79
      Required ratio:    0.00 (Cumulative area) 
      Partial area ratio:  580.62
      Required ratio:  400.00 (Side area) (VIOLATED)
      Cumulative area ratio:  598.16
      Required ratio:    0.00 (Cumulative side area) 

    Layer: via3
      Partial area ratio:    0.19
      Required ratio:    6.00 (Gate area) 
      Cumulative area ratio:    0.72
      Required ratio:    0.00 (Cumulative area) 

    Layer: met4
      Partial area ratio:  156.05
      Required ratio:    0.00 (Gate area) 
      Cumulative area ratio:  267.84
      Required ratio:    0.00 (Cumulative area) 
      Partial area ratio:  834.48
      Required ratio: 2778.20 (Side area) 
      Cumulative area ratio: 1432.64
      Required ratio:    0.00 (Cumulative side area) 



Net: _04996_
  Pin:   _16727_/B1 (sky130_fd_sc_hd__a211o_2)
    Layer: mcon
      Partial area ratio:    0.12
      Required ratio:    3.00 (Gate area) 
      Cumulative area ratio:    0.12
      Required ratio:    0.00 (Cumulative area) 

    Layer: met1
      Partial area ratio:    2.32
      Required ratio:    0.00 (Gate area) 
      Cumulative area ratio:    2.32
      Required ratio:    0.00 (Cumulative area) 
      Partial area ratio:   10.83
      Required ratio:  400.00 (Side area) 
      Cumulative area ratio:   10.83
      Required ratio:    0.00 (Cumulative side area) 

    Layer: via
      Partial area ratio:    0.18
      Required ratio:    6.00 (Gate area) 
      Cumulative area ratio:    0.30
      Required ratio:    0.00 (Cumulative area) 

    Layer: met2
      Partial area ratio:    4.80
      Required ratio:    0.00 (Gate area) 
      Cumulative area ratio:    7.12
      Required ratio:    0.00 (Cumulative area) 
      Partial area ratio:   23.26
      Required ratio:  400.00 (Side area) 
      Cumulative area ratio:   34.09
      Required ratio:    0.00 (Cumulative side area) 

    Layer: via2
      Partial area ratio:    0.16
      Required ratio:    6.00 (Gate area) 
      Cumulative area ratio:    0.46
      Required ratio:    0.00 (Cumulative area) 

    Layer: met3
      Partial area ratio:   75.77
      Required ratio:    0.00 (Gate area) 
      Cumulative area ratio:   82.89
      Required ratio:    0.00 (Cumulative area) 
      Partial area ratio:  406.01
      Required ratio:  400.00 (Side area) (VIOLATED)
      Cumulative area ratio:  440.11
      Required ratio:    0.00 (Cumulative side area) 

    Layer: via3
      Partial area ratio:    0.16
      Required ratio:    6.00 (Gate area) 
      Cumulative area ratio:    0.62
      Required ratio:    0.00 (Cumulative area) 

    Layer: met4
      Partial area ratio:   92.48
      Required ratio:    0.00 (Gate area) 
      Cumulative area ratio:  175.37
      Required ratio:    0.00 (Cumulative area) 
      Partial area ratio:  495.13
      Required ratio: 2784.80 (Side area) 
      Cumulative area ratio:  935.23
      Required ratio:    0.00 (Cumulative side area) 



Net: _05060_
  Pin:   fanout79/A (sky130_fd_sc_hd__clkdlybuf4s25_1)
    Layer: mcon
      Partial area ratio:    0.14
      Required ratio:    3.00 (Gate area) 
      Cumulative area ratio:    0.14
      Required ratio:    0.00 (Cumulative area) 

    Layer: met1
      Partial area ratio:    2.26
      Required ratio:    0.00 (Gate area) 
      Cumulative area ratio:    2.26
      Required ratio:    0.00 (Cumulative area) 
      Partial area ratio:   10.79
      Required ratio:  400.00 (Side area) 
      Cumulative area ratio:   10.79
      Required ratio:    0.00 (Cumulative side area) 

    Layer: via
      Partial area ratio:    0.14
      Required ratio:    6.00 (Gate area) 
      Cumulative area ratio:    0.28
      Required ratio:    0.00 (Cumulative area) 

    Layer: met2
      Partial area ratio:    0.55
      Required ratio:    0.00 (Gate area) 
      Cumulative area ratio:    2.81
      Required ratio:    0.00 (Cumulative area) 
      Partial area ratio:    2.28
      Required ratio:  400.00 (Side area) 
      Cumulative area ratio:   13.07
      Required ratio:    0.00 (Cumulative side area) 

    Layer: via2
      Partial area ratio:    0.19
      Required ratio:    6.00 (Gate area) 
      Cumulative area ratio:    0.47
      Required ratio:    0.00 (Cumulative area) 

    Layer: met3
      Partial area ratio:    0.59
      Required ratio:    0.00 (Gate area) 
      Cumulative area ratio:    3.40
      Required ratio:    0.00 (Cumulative area) 
      Partial area ratio:    5.33
      Required ratio:  400.00 (Side area) 
      Cumulative area ratio:   18.40
      Required ratio:    0.00 (Cumulative side area) 

    Layer: via3
      Partial area ratio:    0.19
      Required ratio:    6.00 (Gate area) 
      Cumulative area ratio:    0.66
      Required ratio:    0.00 (Cumulative area) 

    Layer: met4
      Partial area ratio:  535.06
      Required ratio:    0.00 (Gate area) 
      Cumulative area ratio:  538.47
      Required ratio:    0.00 (Cumulative area) 
      Partial area ratio: 2855.89
      Required ratio: 2778.20 (Side area) (VIOLATED)
      Cumulative area ratio: 2874.29
      Required ratio:    0.00 (Cumulative side area) 



Net: _05116_
  Pin:   _16850_/B1 (sky130_fd_sc_hd__a32o_2)
    Layer: mcon
      Partial area ratio:    0.12
      Required ratio:    3.00 (Gate area) 
      Cumulative area ratio:    0.12
      Required ratio:    0.00 (Cumulative area) 

    Layer: met1
      Partial area ratio:    2.46
      Required ratio:    0.00 (Gate area) 
      Cumulative area ratio:    2.46
      Required ratio:    0.00 (Cumulative area) 
      Partial area ratio:   11.57
      Required ratio:  400.00 (Side area) 
      Cumulative area ratio:   11.57
      Required ratio:    0.00 (Cumulative side area) 

    Layer: via
      Partial area ratio:    0.18
      Required ratio:    6.00 (Gate area) 
      Cumulative area ratio:    0.30
      Required ratio:    0.00 (Cumulative area) 

    Layer: met2
      Partial area ratio:    0.75
      Required ratio:    0.00 (Gate area) 
      Cumulative area ratio:    3.22
      Required ratio:    0.00 (Cumulative area) 
      Partial area ratio:    3.48
      Required ratio:  400.00 (Side area) 
      Cumulative area ratio:   15.05
      Required ratio:    0.00 (Cumulative side area) 

    Layer: via2
      Partial area ratio:    0.16
      Required ratio:    6.00 (Gate area) 
      Cumulative area ratio:    0.46
      Required ratio:    0.00 (Cumulative area) 

    Layer: met3
      Partial area ratio:  142.68
      Required ratio:    0.00 (Gate area) 
      Cumulative area ratio:  145.90
      Required ratio:    0.00 (Cumulative area) 
      Partial area ratio:  762.86
      Required ratio:  400.00 (Side area) (VIOLATED)
      Cumulative area ratio:  777.91
      Required ratio:    0.00 (Cumulative side area) 

    Layer: via3
      Partial area ratio:    0.16
      Required ratio:    6.00 (Gate area) 
      Cumulative area ratio:    0.62
      Required ratio:    0.00 (Cumulative area) 

    Layer: met4
      Partial area ratio:   16.97
      Required ratio:    0.00 (Gate area) 
      Cumulative area ratio:  162.87
      Required ratio:    0.00 (Cumulative area) 
      Partial area ratio:   91.76
      Required ratio: 2848.40 (Side area) 
      Cumulative area ratio:  869.67
      Required ratio:    0.00 (Cumulative side area) 


  Pin:   _18289_/A0 (sky130_fd_sc_hd__mux2_1)
    Layer: mcon
      Partial area ratio:    0.23
      Required ratio:    3.00 (Gate area) 
      Cumulative area ratio:    0.23
      Required ratio:    0.00 (Cumulative area) 

    Layer: met1
      Partial area ratio:    7.98
      Required ratio:    0.00 (Gate area) 
      Cumulative area ratio:    7.98
      Required ratio:    0.00 (Cumulative area) 
      Partial area ratio:   38.41
      Required ratio:  400.00 (Side area) 
      Cumulative area ratio:   38.41
      Required ratio:    0.00 (Cumulative side area) 

    Layer: via
      Partial area ratio:    0.36
      Required ratio:    6.00 (Gate area) 
      Cumulative area ratio:    0.59
      Required ratio:    0.00 (Cumulative area) 

    Layer: met2
      Partial area ratio:    1.48
      Required ratio:    0.00 (Gate area) 
      Cumulative area ratio:    9.46
      Required ratio:    0.00 (Cumulative area) 
      Partial area ratio:    6.83
      Required ratio:  400.00 (Side area) 
      Cumulative area ratio:   45.24
      Required ratio:    0.00 (Cumulative side area) 

    Layer: via2
      Partial area ratio:    0.32
      Required ratio:    6.00 (Gate area) 
      Cumulative area ratio:    0.90
      Required ratio:    0.00 (Cumulative area) 

    Layer: met3
      Partial area ratio:    0.99
      Required ratio:    0.00 (Gate area) 
      Cumulative area ratio:   10.45
      Required ratio:    0.00 (Cumulative area) 
      Partial area ratio:    9.02
      Required ratio:  400.00 (Side area) 
      Cumulative area ratio:   54.25
      Required ratio:    0.00 (Cumulative side area) 

    Layer: via3
      Partial area ratio:    0.32
      Required ratio:    6.00 (Gate area) 
      Cumulative area ratio:    1.22
      Required ratio:    0.00 (Cumulative area) 

    Layer: met4
      Partial area ratio:   16.97
      Required ratio:    0.00 (Gate area) 
      Cumulative area ratio:   27.42
      Required ratio:    0.00 (Cumulative area) 
      Partial area ratio:   91.76
      Required ratio: 2848.40 (Side area) 
      Cumulative area ratio:  146.01
      Required ratio:    0.00 (Cumulative side area) 



Net: _05471_
  Pin:   fanout1351/A (sky130_fd_sc_hd__clkdlybuf4s25_1)
    Layer: mcon
      Partial area ratio:    0.14
      Required ratio:    3.00 (Gate area) 
      Cumulative area ratio:    0.14
      Required ratio:    0.00 (Cumulative area) 

    Layer: met1
      Partial area ratio:    2.39
      Required ratio:    0.00 (Gate area) 
      Cumulative area ratio:    2.39
      Required ratio:    0.00 (Cumulative area) 
      Partial area ratio:   11.08
      Required ratio:  400.00 (Side area) 
      Cumulative area ratio:   11.08
      Required ratio:    0.00 (Cumulative side area) 

    Layer: via
      Partial area ratio:    0.21
      Required ratio:    6.00 (Gate area) 
      Cumulative area ratio:    0.35
      Required ratio:    0.00 (Cumulative area) 

    Layer: met2
      Partial area ratio:    0.88
      Required ratio:    0.00 (Gate area) 
      Cumulative area ratio:    3.27
      Required ratio:    0.00 (Cumulative area) 
      Partial area ratio:    4.04
      Required ratio:  400.00 (Side area) 
      Cumulative area ratio:   15.13
      Required ratio:    0.00 (Cumulative side area) 

    Layer: via2
      Partial area ratio:    0.19
      Required ratio:    6.00 (Gate area) 
      Cumulative area ratio:    0.53
      Required ratio:    0.00 (Cumulative area) 

    Layer: met3
      Partial area ratio:   92.62
      Required ratio:    0.00 (Gate area) 
      Cumulative area ratio:   95.89
      Required ratio:    0.00 (Cumulative area) 
      Partial area ratio:  495.08
      Required ratio:  400.00 (Side area) (VIOLATED)
      Cumulative area ratio:  510.21
      Required ratio:    0.00 (Cumulative side area) 

    Layer: via3
      Partial area ratio:    0.09
      Required ratio:    6.00 (Gate area) 
      Cumulative area ratio:    0.63
      Required ratio:    0.00 (Cumulative area) 

    Layer: met4
      Partial area ratio:   21.69
      Required ratio:    0.00 (Gate area) 
      Cumulative area ratio:  117.58
      Required ratio:    0.00 (Cumulative area) 
      Partial area ratio:  116.38
      Required ratio: 2848.40 (Side area) 
      Cumulative area ratio:  626.59
      Required ratio:    0.00 (Cumulative side area) 


  Pin:   fanout1354/A (sky130_fd_sc_hd__clkdlybuf4s25_1)
    Layer: mcon
      Partial area ratio:    0.14
      Required ratio:    3.00 (Gate area) 
      Cumulative area ratio:    0.14
      Required ratio:    0.00 (Cumulative area) 

    Layer: met1
      Partial area ratio:    2.83
      Required ratio:    0.00 (Gate area) 
      Cumulative area ratio:    2.83
      Required ratio:    0.00 (Cumulative area) 
      Partial area ratio:   13.27
      Required ratio:  400.00 (Side area) 
      Cumulative area ratio:   13.27
      Required ratio:    0.00 (Cumulative side area) 

    Layer: via
      Partial area ratio:    0.21
      Required ratio:    6.00 (Gate area) 
      Cumulative area ratio:    0.35
      Required ratio:    0.00 (Cumulative area) 

    Layer: met2
      Partial area ratio:    0.88
      Required ratio:    0.00 (Gate area) 
      Cumulative area ratio:    3.71
      Required ratio:    0.00 (Cumulative area) 
      Partial area ratio:    4.04
      Required ratio:  400.00 (Side area) 
      Cumulative area ratio:   17.31
      Required ratio:    0.00 (Cumulative side area) 

    Layer: via2
      Partial area ratio:    0.19
      Required ratio:    6.00 (Gate area) 
      Cumulative area ratio:    0.53
      Required ratio:    0.00 (Cumulative area) 

    Layer: met3
      Partial area ratio:   92.62
      Required ratio:    0.00 (Gate area) 
      Cumulative area ratio:   96.33
      Required ratio:    0.00 (Cumulative area) 
      Partial area ratio:  495.08
      Required ratio:  400.00 (Side area) (VIOLATED)
      Cumulative area ratio:  512.39
      Required ratio:    0.00 (Cumulative side area) 

    Layer: via3
      Partial area ratio:    0.09
      Required ratio:    6.00 (Gate area) 
      Cumulative area ratio:    0.63
      Required ratio:    0.00 (Cumulative area) 

    Layer: met4
      Partial area ratio:   21.69
      Required ratio:    0.00 (Gate area) 
      Cumulative area ratio:  118.02
      Required ratio:    0.00 (Cumulative area) 
      Partial area ratio:  116.38
      Required ratio: 2848.40 (Side area) 
      Cumulative area ratio:  628.78
      Required ratio:    0.00 (Cumulative side area) 


  Pin:   max_cap1355/A (sky130_fd_sc_hd__buf_4)
    Layer: mcon
      Partial area ratio:    0.12
      Required ratio:    3.00 (Gate area) 
      Cumulative area ratio:    0.12
      Required ratio:    0.00 (Cumulative area) 

    Layer: met1
      Partial area ratio:   15.44
      Required ratio:    0.00 (Gate area) 
      Cumulative area ratio:   15.44
      Required ratio:    0.00 (Cumulative area) 
      Partial area ratio:   75.74
      Required ratio: 2848.40 (Side area) 
      Cumulative area ratio:   75.74
      Required ratio:    0.00 (Cumulative side area) 

    Layer: via
      Partial area ratio:    0.27
      Required ratio:   28.36 (Gate area) 
      Cumulative area ratio:    0.39
      Required ratio:    0.00 (Cumulative area) 

    Layer: met2
      Partial area ratio:    1.09
      Required ratio:    0.00 (Gate area) 
      Cumulative area ratio:   16.53
      Required ratio:    0.00 (Cumulative area) 
      Partial area ratio:    5.12
      Required ratio: 2848.40 (Side area) 
      Cumulative area ratio:   80.86
      Required ratio:    0.00 (Cumulative side area) 

    Layer: via2
      Partial area ratio:    0.16
      Required ratio:   28.36 (Gate area) 
      Cumulative area ratio:    0.55
      Required ratio:    0.00 (Cumulative area) 

    Layer: met3
      Partial area ratio:    0.50
      Required ratio:    0.00 (Gate area) 
      Cumulative area ratio:   17.04
      Required ratio:    0.00 (Cumulative area) 
      Partial area ratio:    4.59
      Required ratio: 2848.40 (Side area) 
      Cumulative area ratio:   85.45
      Required ratio:    0.00 (Cumulative side area) 

    Layer: via3
      Partial area ratio:    0.16
      Required ratio:   28.36 (Gate area) 
      Cumulative area ratio:    0.71
      Required ratio:    0.00 (Cumulative area) 

    Layer: met4
      Partial area ratio:   21.69
      Required ratio:    0.00 (Gate area) 
      Cumulative area ratio:   38.73
      Required ratio:    0.00 (Cumulative area) 
      Partial area ratio:  116.38
      Required ratio: 2848.40 (Side area) 
      Cumulative area ratio:  201.83
      Required ratio:    0.00 (Cumulative side area) 



Net: _05475_
  Pin:   fanout1526/A (sky130_fd_sc_hd__clkdlybuf4s25_1)
    Layer: mcon
      Partial area ratio:    0.14
      Required ratio:    3.00 (Gate area) 
      Cumulative area ratio:    0.14
      Required ratio:    0.00 (Cumulative area) 

    Layer: met1
      Partial area ratio:    2.88
      Required ratio:    0.00 (Gate area) 
      Cumulative area ratio:    2.88
      Required ratio:    0.00 (Cumulative area) 
      Partial area ratio:   13.53
      Required ratio:  400.00 (Side area) 
      Cumulative area ratio:   13.53
      Required ratio:    0.00 (Cumulative side area) 

    Layer: via
      Partial area ratio:    0.21
      Required ratio:    6.00 (Gate area) 
      Cumulative area ratio:    0.35
      Required ratio:    0.00 (Cumulative area) 

    Layer: met2
      Partial area ratio:   10.11
      Required ratio:    0.00 (Gate area) 
      Cumulative area ratio:   12.99
      Required ratio:    0.00 (Cumulative area) 
      Partial area ratio:   49.71
      Required ratio:  400.00 (Side area) 
      Cumulative area ratio:   63.24
      Required ratio:    0.00 (Cumulative side area) 

    Layer: via2
      Partial area ratio:    0.19
      Required ratio:    6.00 (Gate area) 
      Cumulative area ratio:    0.53
      Required ratio:    0.00 (Cumulative area) 

    Layer: met3
      Partial area ratio:  107.20
      Required ratio:    0.00 (Gate area) 
      Cumulative area ratio:  120.19
      Required ratio:    0.00 (Cumulative area) 
      Partial area ratio:  572.83
      Required ratio:  400.00 (Side area) (VIOLATED)
      Cumulative area ratio:  636.06
      Required ratio:    0.00 (Cumulative side area) 

    Layer: via3
      Partial area ratio:    0.09
      Required ratio:    6.00 (Gate area) 
      Cumulative area ratio:    0.63
      Required ratio:    0.00 (Cumulative area) 

    Layer: met4
      Partial area ratio:   43.87
      Required ratio:    0.00 (Gate area) 
      Cumulative area ratio:  164.06
      Required ratio:    0.00 (Cumulative area) 
      Partial area ratio:  234.54
      Required ratio: 2778.20 (Side area) 
      Cumulative area ratio:  870.60
      Required ratio:    0.00 (Cumulative side area) 


  Pin:   fanout1529/A (sky130_fd_sc_hd__clkdlybuf4s25_1)
    Layer: mcon
      Partial area ratio:    0.14
      Required ratio:    3.00 (Gate area) 
      Cumulative area ratio:    0.14
      Required ratio:    0.00 (Cumulative area) 

    Layer: met1
      Partial area ratio:    2.36
      Required ratio:    0.00 (Gate area) 
      Cumulative area ratio:    2.36
      Required ratio:    0.00 (Cumulative area) 
      Partial area ratio:   10.92
      Required ratio:  400.00 (Side area) 
      Cumulative area ratio:   10.92
      Required ratio:    0.00 (Cumulative side area) 

    Layer: via
      Partial area ratio:    0.21
      Required ratio:    6.00 (Gate area) 
      Cumulative area ratio:    0.35
      Required ratio:    0.00 (Cumulative area) 

    Layer: met2
      Partial area ratio:    0.88
      Required ratio:    0.00 (Gate area) 
      Cumulative area ratio:    3.23
      Required ratio:    0.00 (Cumulative area) 
      Partial area ratio:    4.04
      Required ratio:  400.00 (Side area) 
      Cumulative area ratio:   14.96
      Required ratio:    0.00 (Cumulative side area) 

    Layer: via2
      Partial area ratio:    0.19
      Required ratio:    6.00 (Gate area) 
      Cumulative area ratio:    0.53
      Required ratio:    0.00 (Cumulative area) 

    Layer: met3
      Partial area ratio:  107.20
      Required ratio:    0.00 (Gate area) 
      Cumulative area ratio:  110.43
      Required ratio:    0.00 (Cumulative area) 
      Partial area ratio:  572.83
      Required ratio:  400.00 (Side area) (VIOLATED)
      Cumulative area ratio:  587.79
      Required ratio:    0.00 (Cumulative side area) 

    Layer: via3
      Partial area ratio:    0.09
      Required ratio:    6.00 (Gate area) 
      Cumulative area ratio:    0.63
      Required ratio:    0.00 (Cumulative area) 

    Layer: met4
      Partial area ratio:   43.87
      Required ratio:    0.00 (Gate area) 
      Cumulative area ratio:  154.31
      Required ratio:    0.00 (Cumulative area) 
      Partial area ratio:  234.54
      Required ratio: 2778.20 (Side area) 
      Cumulative area ratio:  822.32
      Required ratio:    0.00 (Cumulative side area) 


  Pin:   fanout1530/A (sky130_fd_sc_hd__clkdlybuf4s25_1)
    Layer: mcon
      Partial area ratio:    0.14
      Required ratio:    3.00 (Gate area) 
      Cumulative area ratio:    0.14
      Required ratio:    0.00 (Cumulative area) 

    Layer: met1
      Partial area ratio:    1.93
      Required ratio:    0.00 (Gate area) 
      Cumulative area ratio:    1.93
      Required ratio:    0.00 (Cumulative area) 
      Partial area ratio:    8.62
      Required ratio:  400.00 (Side area) 
      Cumulative area ratio:    8.62
      Required ratio:    0.00 (Cumulative side area) 

    Layer: via
      Partial area ratio:    0.21
      Required ratio:    6.00 (Gate area) 
      Cumulative area ratio:    0.35
      Required ratio:    0.00 (Cumulative area) 

    Layer: met2
      Partial area ratio:   24.35
      Required ratio:    0.00 (Gate area) 
      Cumulative area ratio:   26.28
      Required ratio:    0.00 (Cumulative area) 
      Partial area ratio:  120.10
      Required ratio: 2778.20 (Side area) 
      Cumulative area ratio:  128.72
      Required ratio:    0.00 (Cumulative side area) 

    Layer: via2
      Partial area ratio:    0.38
      Required ratio:   22.04 (Gate area) 
      Cumulative area ratio:    0.72
      Required ratio:    0.00 (Cumulative area) 

    Layer: met3
      Partial area ratio:   34.59
      Required ratio:    0.00 (Gate area) 
      Cumulative area ratio:   60.87
      Required ratio:    0.00 (Cumulative area) 
      Partial area ratio:  186.67
      Required ratio: 2778.20 (Side area) 
      Cumulative area ratio:  315.39
      Required ratio:    0.00 (Cumulative side area) 

    Layer: via3
      Partial area ratio:    0.09
      Required ratio:   22.04 (Gate area) 
      Cumulative area ratio:    0.82
      Required ratio:    0.00 (Cumulative area) 

    Layer: met4
      Partial area ratio:   43.87
      Required ratio:    0.00 (Gate area) 
      Cumulative area ratio:  104.74
      Required ratio:    0.00 (Cumulative area) 
      Partial area ratio:  234.54
      Required ratio: 2778.20 (Side area) 
      Cumulative area ratio:  549.92
      Required ratio:    0.00 (Cumulative side area) 


  Pin:   fanout1532/A (sky130_fd_sc_hd__clkdlybuf4s25_1)
    Layer: mcon
      Partial area ratio:    0.14
      Required ratio:    3.00 (Gate area) 
      Cumulative area ratio:    0.14
      Required ratio:    0.00 (Cumulative area) 

    Layer: met1
      Partial area ratio:    4.52
      Required ratio:    0.00 (Gate area) 
      Cumulative area ratio:    4.52
      Required ratio:    0.00 (Cumulative area) 
      Partial area ratio:   21.73
      Required ratio:  400.00 (Side area) 
      Cumulative area ratio:   21.73
      Required ratio:    0.00 (Cumulative side area) 

    Layer: via
      Partial area ratio:    0.21
      Required ratio:    6.00 (Gate area) 
      Cumulative area ratio:    0.35
      Required ratio:    0.00 (Cumulative area) 

    Layer: met2
      Partial area ratio:    0.88
      Required ratio:    0.00 (Gate area) 
      Cumulative area ratio:    5.40
      Required ratio:    0.00 (Cumulative area) 
      Partial area ratio:    4.04
      Required ratio:  400.00 (Side area) 
      Cumulative area ratio:   25.78
      Required ratio:    0.00 (Cumulative side area) 

    Layer: via2
      Partial area ratio:    0.19
      Required ratio:    6.00 (Gate area) 
      Cumulative area ratio:    0.53
      Required ratio:    0.00 (Cumulative area) 

    Layer: met3
      Partial area ratio:   34.59
      Required ratio:    0.00 (Gate area) 
      Cumulative area ratio:   39.98
      Required ratio:    0.00 (Cumulative area) 
      Partial area ratio:  186.67
      Required ratio: 2778.20 (Side area) 
      Cumulative area ratio:  212.44
      Required ratio:    0.00 (Cumulative side area) 

    Layer: via3
      Partial area ratio:    0.09
      Required ratio:   22.04 (Gate area) 
      Cumulative area ratio:    0.63
      Required ratio:    0.00 (Cumulative area) 

    Layer: met4
      Partial area ratio:   43.87
      Required ratio:    0.00 (Gate area) 
      Cumulative area ratio:   83.86
      Required ratio:    0.00 (Cumulative area) 
      Partial area ratio:  234.54
      Required ratio: 2778.20 (Side area) 
      Cumulative area ratio:  446.98
      Required ratio:    0.00 (Cumulative side area) 



Net: _05476_
  Pin:   fanout1518/A (sky130_fd_sc_hd__clkdlybuf4s25_1)
    Layer: mcon
      Partial area ratio:    0.14
      Required ratio:    3.00 (Gate area) 
      Cumulative area ratio:    0.14
      Required ratio:    0.00 (Cumulative area) 

    Layer: met1
      Partial area ratio:    1.99
      Required ratio:    0.00 (Gate area) 
      Cumulative area ratio:    1.99
      Required ratio:    0.00 (Cumulative area) 
      Partial area ratio:    9.06
      Required ratio:  400.00 (Side area) 
      Cumulative area ratio:    9.06
      Required ratio:    0.00 (Cumulative side area) 

    Layer: via
      Partial area ratio:    0.21
      Required ratio:    6.00 (Gate area) 
      Cumulative area ratio:    0.35
      Required ratio:    0.00 (Cumulative area) 

    Layer: met2
      Partial area ratio:    0.88
      Required ratio:    0.00 (Gate area) 
      Cumulative area ratio:    2.86
      Required ratio:    0.00 (Cumulative area) 
      Partial area ratio:    4.04
      Required ratio:  400.00 (Side area) 
      Cumulative area ratio:   13.11
      Required ratio:    0.00 (Cumulative side area) 

    Layer: via2
      Partial area ratio:    0.19
      Required ratio:    6.00 (Gate area) 
      Cumulative area ratio:    0.53
      Required ratio:    0.00 (Cumulative area) 

    Layer: met3
      Partial area ratio:  122.07
      Required ratio:    0.00 (Gate area) 
      Cumulative area ratio:  124.94
      Required ratio:    0.00 (Cumulative area) 
      Partial area ratio:  653.24
      Required ratio:  400.00 (Side area) (VIOLATED)
      Cumulative area ratio:  666.35
      Required ratio:    0.00 (Cumulative side area) 

    Layer: via3
      Partial area ratio:    0.09
      Required ratio:    6.00 (Gate area) 
      Cumulative area ratio:    0.63
      Required ratio:    0.00 (Cumulative area) 

    Layer: met4
      Partial area ratio:   55.26
      Required ratio:    0.00 (Gate area) 
      Cumulative area ratio:  180.19
      Required ratio:    0.00 (Cumulative area) 
      Partial area ratio:  295.44
      Required ratio: 2778.20 (Side area) 
      Cumulative area ratio:  961.78
      Required ratio:    0.00 (Cumulative side area) 


  Pin:   fanout1520/A (sky130_fd_sc_hd__clkdlybuf4s25_1)
    Layer: mcon
      Partial area ratio:    0.14
      Required ratio:    3.00 (Gate area) 
      Cumulative area ratio:    0.14
      Required ratio:    0.00 (Cumulative area) 

    Layer: met1
      Partial area ratio:    2.80
      Required ratio:    0.00 (Gate area) 
      Cumulative area ratio:    2.80
      Required ratio:    0.00 (Cumulative area) 
      Partial area ratio:   13.12
      Required ratio:  400.00 (Side area) 
      Cumulative area ratio:   13.12
      Required ratio:    0.00 (Cumulative side area) 

    Layer: via
      Partial area ratio:    0.21
      Required ratio:    6.00 (Gate area) 
      Cumulative area ratio:    0.35
      Required ratio:    0.00 (Cumulative area) 

    Layer: met2
      Partial area ratio:   19.18
      Required ratio:    0.00 (Gate area) 
      Cumulative area ratio:   21.98
      Required ratio:    0.00 (Cumulative area) 
      Partial area ratio:   95.06
      Required ratio:  400.00 (Side area) 
      Cumulative area ratio:  108.18
      Required ratio:    0.00 (Cumulative side area) 

    Layer: via2
      Partial area ratio:    0.19
      Required ratio:    6.00 (Gate area) 
      Cumulative area ratio:    0.53
      Required ratio:    0.00 (Cumulative area) 

    Layer: met3
      Partial area ratio:  122.07
      Required ratio:    0.00 (Gate area) 
      Cumulative area ratio:  144.05
      Required ratio:    0.00 (Cumulative area) 
      Partial area ratio:  653.24
      Required ratio:  400.00 (Side area) (VIOLATED)
      Cumulative area ratio:  761.42
      Required ratio:    0.00 (Cumulative side area) 

    Layer: via3
      Partial area ratio:    0.09
      Required ratio:    6.00 (Gate area) 
      Cumulative area ratio:    0.63
      Required ratio:    0.00 (Cumulative area) 

    Layer: met4
      Partial area ratio:   55.26
      Required ratio:    0.00 (Gate area) 
      Cumulative area ratio:  199.31
      Required ratio:    0.00 (Cumulative area) 
      Partial area ratio:  295.44
      Required ratio: 2778.20 (Side area) 
      Cumulative area ratio: 1056.85
      Required ratio:    0.00 (Cumulative side area) 


  Pin:   fanout1524/A (sky130_fd_sc_hd__clkdlybuf4s25_1)
    Layer: mcon
      Partial area ratio:    0.14
      Required ratio:    3.00 (Gate area) 
      Cumulative area ratio:    0.14
      Required ratio:    0.00 (Cumulative area) 

    Layer: met1
      Partial area ratio:    3.31
      Required ratio:    0.00 (Gate area) 
      Cumulative area ratio:    3.31
      Required ratio:    0.00 (Cumulative area) 
      Partial area ratio:   15.69
      Required ratio:  400.00 (Side area) 
      Cumulative area ratio:   15.69
      Required ratio:    0.00 (Cumulative side area) 

    Layer: via
      Partial area ratio:    0.21
      Required ratio:    6.00 (Gate area) 
      Cumulative area ratio:    0.35
      Required ratio:    0.00 (Cumulative area) 

    Layer: met2
      Partial area ratio:   19.75
      Required ratio:    0.00 (Gate area) 
      Cumulative area ratio:   23.06
      Required ratio:    0.00 (Cumulative area) 
      Partial area ratio:   97.36
      Required ratio: 2778.20 (Side area) 
      Cumulative area ratio:  113.05
      Required ratio:    0.00 (Cumulative side area) 

    Layer: via2
      Partial area ratio:    0.19
      Required ratio:   22.04 (Gate area) 
      Cumulative area ratio:    0.53
      Required ratio:    0.00 (Cumulative area) 

    Layer: met3
      Partial area ratio:   10.30
      Required ratio:    0.00 (Gate area) 
      Cumulative area ratio:   33.36
      Required ratio:    0.00 (Cumulative area) 
      Partial area ratio:   57.13
      Required ratio: 2778.20 (Side area) 
      Cumulative area ratio:  170.17
      Required ratio:    0.00 (Cumulative side area) 

    Layer: via3
      Partial area ratio:    0.19
      Required ratio:   22.04 (Gate area) 
      Cumulative area ratio:    0.72
      Required ratio:    0.00 (Cumulative area) 

    Layer: met4
      Partial area ratio:   55.26
      Required ratio:    0.00 (Gate area) 
      Cumulative area ratio:   88.62
      Required ratio:    0.00 (Cumulative area) 
      Partial area ratio:  295.44
      Required ratio: 2778.20 (Side area) 
      Cumulative area ratio:  465.61
      Required ratio:    0.00 (Cumulative side area) 



Net: _05477_
  Pin:   fanout1329/A (sky130_fd_sc_hd__clkdlybuf4s25_1)
    Layer: mcon
      Partial area ratio:    0.14
      Required ratio:    3.00 (Gate area) 
      Cumulative area ratio:    0.14
      Required ratio:    0.00 (Cumulative area) 

    Layer: met1
      Partial area ratio:    2.52
      Required ratio:    0.00 (Gate area) 
      Cumulative area ratio:    2.52
      Required ratio:    0.00 (Cumulative area) 
      Partial area ratio:   11.73
      Required ratio:  400.00 (Side area) 
      Cumulative area ratio:   11.73
      Required ratio:    0.00 (Cumulative side area) 

    Layer: via
      Partial area ratio:    0.21
      Required ratio:    6.00 (Gate area) 
      Cumulative area ratio:    0.35
      Required ratio:    0.00 (Cumulative area) 

    Layer: met2
      Partial area ratio:   10.19
      Required ratio:    0.00 (Gate area) 
      Cumulative area ratio:   12.71
      Required ratio:    0.00 (Cumulative area) 
      Partial area ratio:   49.85
      Required ratio:  400.00 (Side area) 
      Cumulative area ratio:   61.58
      Required ratio:    0.00 (Cumulative side area) 

    Layer: via2
      Partial area ratio:    0.38
      Required ratio:    6.00 (Gate area) 
      Cumulative area ratio:    0.72
      Required ratio:    0.00 (Cumulative area) 

    Layer: met3
      Partial area ratio:   20.61
      Required ratio:    0.00 (Gate area) 
      Cumulative area ratio:   33.32
      Required ratio:    0.00 (Cumulative area) 
      Partial area ratio:  114.29
      Required ratio:  400.00 (Side area) 
      Cumulative area ratio:  175.87
      Required ratio:    0.00 (Cumulative side area) 

    Layer: via3
      Partial area ratio:    0.38
      Required ratio:    6.00 (Gate area) 
      Cumulative area ratio:    1.10
      Required ratio:    0.00 (Cumulative area) 

    Layer: met4
      Partial area ratio:   78.16
      Required ratio:    0.00 (Gate area) 
      Cumulative area ratio:  111.48
      Required ratio:    0.00 (Cumulative area) 
      Partial area ratio:  418.54
      Required ratio: 2778.20 (Side area) 
      Cumulative area ratio:  594.41
      Required ratio:    0.00 (Cumulative side area) 


  Pin:   fanout1332/A (sky130_fd_sc_hd__clkdlybuf4s25_1)
    Layer: mcon
      Partial area ratio:    0.14
      Required ratio:    3.00 (Gate area) 
      Cumulative area ratio:    0.14
      Required ratio:    0.00 (Cumulative area) 

    Layer: met1
      Partial area ratio:    3.20
      Required ratio:    0.00 (Gate area) 
      Cumulative area ratio:    3.20
      Required ratio:    0.00 (Cumulative area) 
      Partial area ratio:   15.14
      Required ratio:  400.00 (Side area) 
      Cumulative area ratio:   15.14
      Required ratio:    0.00 (Cumulative side area) 

    Layer: via
      Partial area ratio:    0.21
      Required ratio:    6.00 (Gate area) 
      Cumulative area ratio:    0.35
      Required ratio:    0.00 (Cumulative area) 

    Layer: met2
      Partial area ratio:    5.58
      Required ratio:    0.00 (Gate area) 
      Cumulative area ratio:    8.78
      Required ratio:    0.00 (Cumulative area) 
      Partial area ratio:   27.03
      Required ratio:  400.00 (Side area) 
      Cumulative area ratio:   42.17
      Required ratio:    0.00 (Cumulative side area) 

    Layer: via2
      Partial area ratio:    0.19
      Required ratio:    6.00 (Gate area) 
      Cumulative area ratio:    0.53
      Required ratio:    0.00 (Cumulative area) 

    Layer: met3
      Partial area ratio:   88.05
      Required ratio:    0.00 (Gate area) 
      Cumulative area ratio:   96.83
      Required ratio:    0.00 (Cumulative area) 
      Partial area ratio:  471.77
      Required ratio:  400.00 (Side area) (VIOLATED)
      Cumulative area ratio:  513.95
      Required ratio:    0.00 (Cumulative side area) 

    Layer: via3
      Partial area ratio:    0.19
      Required ratio:    6.00 (Gate area) 
      Cumulative area ratio:    0.72
      Required ratio:    0.00 (Cumulative area) 

    Layer: met4
      Partial area ratio:   78.16
      Required ratio:    0.00 (Gate area) 
      Cumulative area ratio:  174.99
      Required ratio:    0.00 (Cumulative area) 
      Partial area ratio:  418.54
      Required ratio: 2778.20 (Side area) 
      Cumulative area ratio:  932.48
      Required ratio:    0.00 (Cumulative side area) 


  Pin:   fanout1333/A (sky130_fd_sc_hd__clkdlybuf4s25_1)
    Layer: mcon
      Partial area ratio:    0.14
      Required ratio:    3.00 (Gate area) 
      Cumulative area ratio:    0.14
      Required ratio:    0.00 (Cumulative area) 

    Layer: met1
      Partial area ratio:    2.34
      Required ratio:    0.00 (Gate area) 
      Cumulative area ratio:    2.34
      Required ratio:    0.00 (Cumulative area) 
      Partial area ratio:   10.84
      Required ratio:  400.00 (Side area) 
      Cumulative area ratio:   10.84
      Required ratio:    0.00 (Cumulative side area) 

    Layer: via
      Partial area ratio:    0.21
      Required ratio:    6.00 (Gate area) 
      Cumulative area ratio:    0.35
      Required ratio:    0.00 (Cumulative area) 

    Layer: met2
      Partial area ratio:   15.28
      Required ratio:    0.00 (Gate area) 
      Cumulative area ratio:   17.62
      Required ratio:    0.00 (Cumulative area) 
      Partial area ratio:   74.75
      Required ratio: 2778.20 (Side area) 
      Cumulative area ratio:   85.59
      Required ratio:    0.00 (Cumulative side area) 

    Layer: via2
      Partial area ratio:    0.38
      Required ratio:   22.04 (Gate area) 
      Cumulative area ratio:    0.72
      Required ratio:    0.00 (Cumulative area) 

    Layer: met3
      Partial area ratio:   88.04
      Required ratio:    0.00 (Gate area) 
      Cumulative area ratio:  105.66
      Required ratio:    0.00 (Cumulative area) 
      Partial area ratio:  471.74
      Required ratio: 2778.20 (Side area) 
      Cumulative area ratio:  557.32
      Required ratio:    0.00 (Cumulative side area) 

    Layer: via3
      Partial area ratio:    0.09
      Required ratio:   22.04 (Gate area) 
      Cumulative area ratio:    0.82
      Required ratio:    0.00 (Cumulative area) 

    Layer: met4
      Partial area ratio:   78.16
      Required ratio:    0.00 (Gate area) 
      Cumulative area ratio:  183.82
      Required ratio:    0.00 (Cumulative area) 
      Partial area ratio:  418.54
      Required ratio: 2778.20 (Side area) 
      Cumulative area ratio:  975.86
      Required ratio:    0.00 (Cumulative side area) 


  Pin:   fanout1336/A (sky130_fd_sc_hd__clkdlybuf4s25_1)
    Layer: mcon
      Partial area ratio:    0.14
      Required ratio:    3.00 (Gate area) 
      Cumulative area ratio:    0.14
      Required ratio:    0.00 (Cumulative area) 

    Layer: met1
      Partial area ratio:    2.34
      Required ratio:    0.00 (Gate area) 
      Cumulative area ratio:    2.34
      Required ratio:    0.00 (Cumulative area) 
      Partial area ratio:   10.85
      Required ratio:  400.00 (Side area) 
      Cumulative area ratio:   10.85
      Required ratio:    0.00 (Cumulative side area) 

    Layer: via
      Partial area ratio:    0.21
      Required ratio:    6.00 (Gate area) 
      Cumulative area ratio:    0.35
      Required ratio:    0.00 (Cumulative area) 

    Layer: met2
      Partial area ratio:    0.88
      Required ratio:    0.00 (Gate area) 
      Cumulative area ratio:    3.22
      Required ratio:    0.00 (Cumulative area) 
      Partial area ratio:    4.04
      Required ratio:  400.00 (Side area) 
      Cumulative area ratio:   14.89
      Required ratio:    0.00 (Cumulative side area) 

    Layer: via2
      Partial area ratio:    0.19
      Required ratio:    6.00 (Gate area) 
      Cumulative area ratio:    0.53
      Required ratio:    0.00 (Cumulative area) 

    Layer: met3
      Partial area ratio:   88.04
      Required ratio:    0.00 (Gate area) 
      Cumulative area ratio:   91.26
      Required ratio:    0.00 (Cumulative area) 
      Partial area ratio:  471.74
      Required ratio: 2778.20 (Side area) 
      Cumulative area ratio:  486.63
      Required ratio:    0.00 (Cumulative side area) 

    Layer: via3
      Partial area ratio:    0.09
      Required ratio:   22.04 (Gate area) 
      Cumulative area ratio:    0.63
      Required ratio:    0.00 (Cumulative area) 

    Layer: met4
      Partial area ratio:   78.16
      Required ratio:    0.00 (Gate area) 
      Cumulative area ratio:  169.42
      Required ratio:    0.00 (Cumulative area) 
      Partial area ratio:  418.54
      Required ratio: 2778.20 (Side area) 
      Cumulative area ratio:  905.17
      Required ratio:    0.00 (Cumulative side area) 



Net: _05491_
  Pin:   fanout1481/A (sky130_fd_sc_hd__clkdlybuf4s25_1)
    Layer: mcon
      Partial area ratio:    0.14
      Required ratio:    3.00 (Gate area) 
      Cumulative area ratio:    0.14
      Required ratio:    0.00 (Cumulative area) 

    Layer: met1
      Partial area ratio:   23.19
      Required ratio:    0.00 (Gate area) 
      Cumulative area ratio:   23.19
      Required ratio:    0.00 (Cumulative area) 
      Partial area ratio:  115.38
      Required ratio:  400.00 (Side area) 
      Cumulative area ratio:  115.38
      Required ratio:    0.00 (Cumulative side area) 

    Layer: via
      Partial area ratio:    0.21
      Required ratio:    6.00 (Gate area) 
      Cumulative area ratio:    0.35
      Required ratio:    0.00 (Cumulative area) 

    Layer: met2
      Partial area ratio:    0.88
      Required ratio:    0.00 (Gate area) 
      Cumulative area ratio:   24.06
      Required ratio:    0.00 (Cumulative area) 
      Partial area ratio:    4.04
      Required ratio:  400.00 (Side area) 
      Cumulative area ratio:  119.43
      Required ratio:    0.00 (Cumulative side area) 

    Layer: via2
      Partial area ratio:    0.19
      Required ratio:    6.00 (Gate area) 
      Cumulative area ratio:    0.53
      Required ratio:    0.00 (Cumulative area) 

    Layer: met3
      Partial area ratio:   88.64
      Required ratio:    0.00 (Gate area) 
      Cumulative area ratio:  112.71
      Required ratio:    0.00 (Cumulative area) 
      Partial area ratio:  477.15
      Required ratio:  400.00 (Side area) (VIOLATED)
      Cumulative area ratio:  596.57
      Required ratio:    0.00 (Cumulative side area) 

    Layer: via3
      Partial area ratio:    0.38
      Required ratio:    6.00 (Gate area) 
      Cumulative area ratio:    0.91
      Required ratio:    0.00 (Cumulative area) 

    Layer: met4
      Partial area ratio:   53.87
      Required ratio:    0.00 (Gate area) 
      Cumulative area ratio:  166.58
      Required ratio:    0.00 (Cumulative area) 
      Partial area ratio:  288.96
      Required ratio: 2778.20 (Side area) 
      Cumulative area ratio:  885.53
      Required ratio:    0.00 (Cumulative side area) 


  Pin:   fanout1483/A (sky130_fd_sc_hd__clkdlybuf4s25_1)
    Layer: mcon
      Partial area ratio:    0.14
      Required ratio:    3.00 (Gate area) 
      Cumulative area ratio:    0.14
      Required ratio:    0.00 (Cumulative area) 

    Layer: met1
      Partial area ratio:    3.71
      Required ratio:    0.00 (Gate area) 
      Cumulative area ratio:    3.71
      Required ratio:    0.00 (Cumulative area) 
      Partial area ratio:   17.70
      Required ratio:  400.00 (Side area) 
      Cumulative area ratio:   17.70
      Required ratio:    0.00 (Cumulative side area) 

    Layer: via
      Partial area ratio:    0.21
      Required ratio:    6.00 (Gate area) 
      Cumulative area ratio:    0.35
      Required ratio:    0.00 (Cumulative area) 

    Layer: met2
      Partial area ratio:    0.88
      Required ratio:    0.00 (Gate area) 
      Cumulative area ratio:    4.59
      Required ratio:    0.00 (Cumulative area) 
      Partial area ratio:    4.04
      Required ratio:  400.00 (Side area) 
      Cumulative area ratio:   21.75
      Required ratio:    0.00 (Cumulative side area) 

    Layer: via2
      Partial area ratio:    0.19
      Required ratio:    6.00 (Gate area) 
      Cumulative area ratio:    0.53
      Required ratio:    0.00 (Cumulative area) 

    Layer: met3
      Partial area ratio:    0.59
      Required ratio:    0.00 (Gate area) 
      Cumulative area ratio:    5.18
      Required ratio:    0.00 (Cumulative area) 
      Partial area ratio:    5.33
      Required ratio:  400.00 (Side area) 
      Cumulative area ratio:   27.08
      Required ratio:    0.00 (Cumulative side area) 

    Layer: via3
      Partial area ratio:    0.19
      Required ratio:    6.00 (Gate area) 
      Cumulative area ratio:    0.72
      Required ratio:    0.00 (Cumulative area) 

    Layer: met4
      Partial area ratio:   53.87
      Required ratio:    0.00 (Gate area) 
      Cumulative area ratio:   59.05
      Required ratio:    0.00 (Cumulative area) 
      Partial area ratio:  288.96
      Required ratio: 2778.20 (Side area) 
      Cumulative area ratio:  316.04
      Required ratio:    0.00 (Cumulative side area) 


  Pin:   fanout1485/A (sky130_fd_sc_hd__clkdlybuf4s25_1)
    Layer: mcon
      Partial area ratio:    0.14
      Required ratio:    3.00 (Gate area) 
      Cumulative area ratio:    0.14
      Required ratio:    0.00 (Cumulative area) 

    Layer: met1
      Partial area ratio:    4.40
      Required ratio:    0.00 (Gate area) 
      Cumulative area ratio:    4.40
      Required ratio:    0.00 (Cumulative area) 
      Partial area ratio:   21.14
      Required ratio:  400.00 (Side area) 
      Cumulative area ratio:   21.14
      Required ratio:    0.00 (Cumulative side area) 

    Layer: via
      Partial area ratio:    0.21
      Required ratio:    6.00 (Gate area) 
      Cumulative area ratio:    0.35
      Required ratio:    0.00 (Cumulative area) 

    Layer: met2
      Partial area ratio:   10.19
      Required ratio:    0.00 (Gate area) 
      Cumulative area ratio:   14.59
      Required ratio:    0.00 (Cumulative area) 
      Partial area ratio:   49.85
      Required ratio:  400.00 (Side area) 
      Cumulative area ratio:   70.99
      Required ratio:    0.00 (Cumulative side area) 

    Layer: via2
      Partial area ratio:    0.38
      Required ratio:    6.00 (Gate area) 
      Cumulative area ratio:    0.72
      Required ratio:    0.00 (Cumulative area) 

    Layer: met3
      Partial area ratio:   49.76
      Required ratio:    0.00 (Gate area) 
      Cumulative area ratio:   64.35
      Required ratio:    0.00 (Cumulative area) 
      Partial area ratio:  269.78
      Required ratio:  400.00 (Side area) 
      Cumulative area ratio:  340.78
      Required ratio:    0.00 (Cumulative side area) 

    Layer: via3
      Partial area ratio:    0.38
      Required ratio:    6.00 (Gate area) 
      Cumulative area ratio:    1.10
      Required ratio:    0.00 (Cumulative area) 

    Layer: met4
      Partial area ratio:   53.87
      Required ratio:    0.00 (Gate area) 
      Cumulative area ratio:  118.22
      Required ratio:    0.00 (Cumulative area) 
      Partial area ratio:  288.96
      Required ratio: 2778.20 (Side area) 
      Cumulative area ratio:  629.73
      Required ratio:    0.00 (Cumulative side area) 


  Pin:   fanout1487/A (sky130_fd_sc_hd__clkdlybuf4s25_1)
    Layer: mcon
      Partial area ratio:    0.14
      Required ratio:    3.00 (Gate area) 
      Cumulative area ratio:    0.14
      Required ratio:    0.00 (Cumulative area) 

    Layer: met1
      Partial area ratio:    1.27
      Required ratio:    0.00 (Gate area) 
      Cumulative area ratio:    1.27
      Required ratio:    0.00 (Cumulative area) 
      Partial area ratio:    5.48
      Required ratio:  400.00 (Side area) 
      Cumulative area ratio:    5.48
      Required ratio:    0.00 (Cumulative side area) 

    Layer: via
      Partial area ratio:    0.21
      Required ratio:    6.00 (Gate area) 
      Cumulative area ratio:    0.35
      Required ratio:    0.00 (Cumulative area) 

    Layer: met2
      Partial area ratio:    0.88
      Required ratio:    0.00 (Gate area) 
      Cumulative area ratio:    2.15
      Required ratio:    0.00 (Cumulative area) 
      Partial area ratio:    4.04
      Required ratio:  400.00 (Side area) 
      Cumulative area ratio:    9.52
      Required ratio:    0.00 (Cumulative side area) 

    Layer: via2
      Partial area ratio:    0.19
      Required ratio:    6.00 (Gate area) 
      Cumulative area ratio:    0.53
      Required ratio:    0.00 (Cumulative area) 

    Layer: met3
      Partial area ratio:  185.24
      Required ratio:    0.00 (Gate area) 
      Cumulative area ratio:  187.39
      Required ratio:    0.00 (Cumulative area) 
      Partial area ratio:  990.12
      Required ratio: 2778.20 (Side area) 
      Cumulative area ratio:  999.65
      Required ratio:    0.00 (Cumulative side area) 

    Layer: via3
      Partial area ratio:    0.19
      Required ratio:   22.04 (Gate area) 
      Cumulative area ratio:    0.72
      Required ratio:    0.00 (Cumulative area) 

    Layer: met4
      Partial area ratio:   53.87
      Required ratio:    0.00 (Gate area) 
      Cumulative area ratio:  241.26
      Required ratio:    0.00 (Cumulative area) 
      Partial area ratio:  288.96
      Required ratio: 2778.20 (Side area) 
      Cumulative area ratio: 1288.60
      Required ratio:    0.00 (Cumulative side area) 



Net: _05496_
  Pin:   fanout1230/A (sky130_fd_sc_hd__clkdlybuf4s25_1)
    Layer: mcon
      Partial area ratio:    0.14
      Required ratio:    3.00 (Gate area) 
      Cumulative area ratio:    0.14
      Required ratio:    0.00 (Cumulative area) 

    Layer: met1
      Partial area ratio:    3.58
      Required ratio:    0.00 (Gate area) 
      Cumulative area ratio:    3.58
      Required ratio:    0.00 (Cumulative area) 
      Partial area ratio:   17.03
      Required ratio:  400.00 (Side area) 
      Cumulative area ratio:   17.03
      Required ratio:    0.00 (Cumulative side area) 

    Layer: via
      Partial area ratio:    0.21
      Required ratio:    6.00 (Gate area) 
      Cumulative area ratio:    0.35
      Required ratio:    0.00 (Cumulative area) 

    Layer: met2
      Partial area ratio:    0.88
      Required ratio:    0.00 (Gate area) 
      Cumulative area ratio:    4.46
      Required ratio:    0.00 (Cumulative area) 
      Partial area ratio:    4.04
      Required ratio:  400.00 (Side area) 
      Cumulative area ratio:   21.08
      Required ratio:    0.00 (Cumulative side area) 

    Layer: via2
      Partial area ratio:    0.19
      Required ratio:    6.00 (Gate area) 
      Cumulative area ratio:    0.53
      Required ratio:    0.00 (Cumulative area) 

    Layer: met3
      Partial area ratio:  146.95
      Required ratio:    0.00 (Gate area) 
      Cumulative area ratio:  151.41
      Required ratio:    0.00 (Cumulative area) 
      Partial area ratio:  788.13
      Required ratio:  400.00 (Side area) (VIOLATED)
      Cumulative area ratio:  809.21
      Required ratio:    0.00 (Cumulative side area) 

    Layer: via3
      Partial area ratio:    0.38
      Required ratio:    6.00 (Gate area) 
      Cumulative area ratio:    0.91
      Required ratio:    0.00 (Cumulative area) 

    Layer: met4
      Partial area ratio:   27.00
      Required ratio:    0.00 (Gate area) 
      Cumulative area ratio:  178.42
      Required ratio:    0.00 (Cumulative area) 
      Partial area ratio:  145.13
      Required ratio: 2778.20 (Side area) 
      Cumulative area ratio:  954.33
      Required ratio:    0.00 (Cumulative side area) 


  Pin:   fanout1233/A (sky130_fd_sc_hd__clkdlybuf4s25_1)
    Layer: mcon
      Partial area ratio:    0.14
      Required ratio:    3.00 (Gate area) 
      Cumulative area ratio:    0.14
      Required ratio:    0.00 (Cumulative area) 

    Layer: met1
      Partial area ratio:   30.81
      Required ratio:    0.00 (Gate area) 
      Cumulative area ratio:   30.81
      Required ratio:    0.00 (Cumulative area) 
      Partial area ratio:  153.17
      Required ratio:  400.00 (Side area) 
      Cumulative area ratio:  153.17
      Required ratio:    0.00 (Cumulative side area) 

    Layer: via
      Partial area ratio:    0.21
      Required ratio:    6.00 (Gate area) 
      Cumulative area ratio:    0.35
      Required ratio:    0.00 (Cumulative area) 

    Layer: met2
      Partial area ratio:   28.25
      Required ratio:    0.00 (Gate area) 
      Cumulative area ratio:   59.06
      Required ratio:    0.00 (Cumulative area) 
      Partial area ratio:  140.41
      Required ratio:  400.00 (Side area) 
      Cumulative area ratio:  293.58
      Required ratio:    0.00 (Cumulative side area) 

    Layer: via2
      Partial area ratio:    0.19
      Required ratio:    6.00 (Gate area) 
      Cumulative area ratio:    0.53
      Required ratio:    0.00 (Cumulative area) 

    Layer: met3
      Partial area ratio:   20.02
      Required ratio:    0.00 (Gate area) 
      Cumulative area ratio:   79.08
      Required ratio:    0.00 (Cumulative area) 
      Partial area ratio:  108.96
      Required ratio:  400.00 (Side area) 
      Cumulative area ratio:  402.54
      Required ratio:    0.00 (Cumulative side area) 

    Layer: via3
      Partial area ratio:    0.19
      Required ratio:    6.00 (Gate area) 
      Cumulative area ratio:    0.72
      Required ratio:    0.00 (Cumulative area) 

    Layer: met4
      Partial area ratio:   27.00
      Required ratio:    0.00 (Gate area) 
      Cumulative area ratio:  106.08
      Required ratio:    0.00 (Cumulative area) 
      Partial area ratio:  145.13
      Required ratio: 2778.20 (Side area) 
      Cumulative area ratio:  547.67
      Required ratio:    0.00 (Cumulative side area) 


  Pin:   fanout1235/A (sky130_fd_sc_hd__clkdlybuf4s25_1)
    Layer: mcon
      Partial area ratio:    0.14
      Required ratio:    3.00 (Gate area) 
      Cumulative area ratio:    0.14
      Required ratio:    0.00 (Cumulative area) 

    Layer: met1
      Partial area ratio:    4.52
      Required ratio:    0.00 (Gate area) 
      Cumulative area ratio:    4.52
      Required ratio:    0.00 (Cumulative area) 
      Partial area ratio:   21.75
      Required ratio:  400.00 (Side area) 
      Cumulative area ratio:   21.75
      Required ratio:    0.00 (Cumulative side area) 

    Layer: via
      Partial area ratio:    0.21
      Required ratio:    6.00 (Gate area) 
      Cumulative area ratio:    0.35
      Required ratio:    0.00 (Cumulative area) 

    Layer: met2
      Partial area ratio:    8.08
      Required ratio:    0.00 (Gate area) 
      Cumulative area ratio:   12.60
      Required ratio:    0.00 (Cumulative area) 
      Partial area ratio:   39.40
      Required ratio: 2778.20 (Side area) 
      Cumulative area ratio:   61.15
      Required ratio:    0.00 (Cumulative side area) 

    Layer: via2
      Partial area ratio:    0.09
      Required ratio:   22.04 (Gate area) 
      Cumulative area ratio:    0.44
      Required ratio:    0.00 (Cumulative area) 

    Layer: met3
      Partial area ratio:   19.73
      Required ratio:    0.00 (Gate area) 
      Cumulative area ratio:   32.33
      Required ratio:    0.00 (Cumulative area) 
      Partial area ratio:  106.31
      Required ratio: 2778.20 (Side area) 
      Cumulative area ratio:  167.46
      Required ratio:    0.00 (Cumulative side area) 

    Layer: via3
      Partial area ratio:    0.09
      Required ratio:   22.04 (Gate area) 
      Cumulative area ratio:    0.53
      Required ratio:    0.00 (Cumulative area) 

    Layer: met4
      Partial area ratio:   27.00
      Required ratio:    0.00 (Gate area) 
      Cumulative area ratio:   59.34
      Required ratio:    0.00 (Cumulative area) 
      Partial area ratio:  145.13
      Required ratio: 2778.20 (Side area) 
      Cumulative area ratio:  312.59
      Required ratio:    0.00 (Cumulative side area) 


  Pin:   fanout1238/A (sky130_fd_sc_hd__clkdlybuf4s25_1)
    Layer: mcon
      Partial area ratio:    0.14
      Required ratio:    3.00 (Gate area) 
      Cumulative area ratio:    0.14
      Required ratio:    0.00 (Cumulative area) 

    Layer: met1
      Partial area ratio:   16.57
      Required ratio:    0.00 (Gate area) 
      Cumulative area ratio:   16.57
      Required ratio:    0.00 (Cumulative area) 
      Partial area ratio:   81.96
      Required ratio:  400.00 (Side area) 
      Cumulative area ratio:   81.96
      Required ratio:    0.00 (Cumulative side area) 

    Layer: via
      Partial area ratio:    0.21
      Required ratio:    6.00 (Gate area) 
      Cumulative area ratio:    0.35
      Required ratio:    0.00 (Cumulative area) 

    Layer: met2
      Partial area ratio:    8.08
      Required ratio:    0.00 (Gate area) 
      Cumulative area ratio:   24.65
      Required ratio:    0.00 (Cumulative area) 
      Partial area ratio:   39.40
      Required ratio: 2778.20 (Side area) 
      Cumulative area ratio:  121.36
      Required ratio:    0.00 (Cumulative side area) 

    Layer: via2
      Partial area ratio:    0.09
      Required ratio:   22.04 (Gate area) 
      Cumulative area ratio:    0.44
      Required ratio:    0.00 (Cumulative area) 

    Layer: met3
      Partial area ratio:   19.73
      Required ratio:    0.00 (Gate area) 
      Cumulative area ratio:   44.37
      Required ratio:    0.00 (Cumulative area) 
      Partial area ratio:  106.31
      Required ratio: 2778.20 (Side area) 
      Cumulative area ratio:  227.67
      Required ratio:    0.00 (Cumulative side area) 

    Layer: via3
      Partial area ratio:    0.09
      Required ratio:   22.04 (Gate area) 
      Cumulative area ratio:    0.53
      Required ratio:    0.00 (Cumulative area) 

    Layer: met4
      Partial area ratio:   27.00
      Required ratio:    0.00 (Gate area) 
      Cumulative area ratio:   71.38
      Required ratio:    0.00 (Cumulative area) 
      Partial area ratio:  145.13
      Required ratio: 2778.20 (Side area) 
      Cumulative area ratio:  372.80
      Required ratio:    0.00 (Cumulative side area) 



Net: _05497_
  Pin:   fanout1220/A (sky130_fd_sc_hd__clkdlybuf4s25_1)
    Layer: mcon
      Partial area ratio:    0.14
      Required ratio:    3.00 (Gate area) 
      Cumulative area ratio:    0.14
      Required ratio:    0.00 (Cumulative area) 

    Layer: met1
      Partial area ratio:    5.06
      Required ratio:    0.00 (Gate area) 
      Cumulative area ratio:    5.06
      Required ratio:    0.00 (Cumulative area) 
      Partial area ratio:   24.42
      Required ratio:  400.00 (Side area) 
      Cumulative area ratio:   24.42
      Required ratio:    0.00 (Cumulative side area) 

    Layer: via
      Partial area ratio:    0.21
      Required ratio:    6.00 (Gate area) 
      Cumulative area ratio:    0.35
      Required ratio:    0.00 (Cumulative area) 

    Layer: met2
      Partial area ratio:    0.88
      Required ratio:    0.00 (Gate area) 
      Cumulative area ratio:    5.94
      Required ratio:    0.00 (Cumulative area) 
      Partial area ratio:    4.04
      Required ratio:  400.00 (Side area) 
      Cumulative area ratio:   28.47
      Required ratio:    0.00 (Cumulative side area) 

    Layer: via2
      Partial area ratio:    0.19
      Required ratio:    6.00 (Gate area) 
      Cumulative area ratio:    0.53
      Required ratio:    0.00 (Cumulative area) 

    Layer: met3
      Partial area ratio:   78.37
      Required ratio:    0.00 (Gate area) 
      Cumulative area ratio:   84.30
      Required ratio:    0.00 (Cumulative area) 
      Partial area ratio:  420.13
      Required ratio:  400.00 (Side area) (VIOLATED)
      Cumulative area ratio:  448.60
      Required ratio:    0.00 (Cumulative side area) 

    Layer: via3
      Partial area ratio:    0.38
      Required ratio:    6.00 (Gate area) 
      Cumulative area ratio:    0.91
      Required ratio:    0.00 (Cumulative area) 

    Layer: met4
      Partial area ratio:   85.59
      Required ratio:    0.00 (Gate area) 
      Cumulative area ratio:  169.90
      Required ratio:    0.00 (Cumulative area) 
      Partial area ratio:  458.70
      Required ratio: 2778.20 (Side area) 
      Cumulative area ratio:  907.30
      Required ratio:    0.00 (Cumulative side area) 


  Pin:   fanout1223/A (sky130_fd_sc_hd__clkdlybuf4s25_1)
    Layer: mcon
      Partial area ratio:    0.14
      Required ratio:    3.00 (Gate area) 
      Cumulative area ratio:    0.14
      Required ratio:    0.00 (Cumulative area) 

    Layer: met1
      Partial area ratio:    3.41
      Required ratio:    0.00 (Gate area) 
      Cumulative area ratio:    3.41
      Required ratio:    0.00 (Cumulative area) 
      Partial area ratio:   16.16
      Required ratio:  400.00 (Side area) 
      Cumulative area ratio:   16.16
      Required ratio:    0.00 (Cumulative side area) 

    Layer: via
      Partial area ratio:    0.21
      Required ratio:    6.00 (Gate area) 
      Cumulative area ratio:    0.35
      Required ratio:    0.00 (Cumulative area) 

    Layer: met2
      Partial area ratio:    5.58
      Required ratio:    0.00 (Gate area) 
      Cumulative area ratio:    8.98
      Required ratio:    0.00 (Cumulative area) 
      Partial area ratio:   27.03
      Required ratio:  400.00 (Side area) 
      Cumulative area ratio:   43.19
      Required ratio:    0.00 (Cumulative side area) 

    Layer: via2
      Partial area ratio:    0.19
      Required ratio:    6.00 (Gate area) 
      Cumulative area ratio:    0.53
      Required ratio:    0.00 (Cumulative area) 

    Layer: met3
      Partial area ratio:   78.33
      Required ratio:    0.00 (Gate area) 
      Cumulative area ratio:   87.31
      Required ratio:    0.00 (Cumulative area) 
      Partial area ratio:  419.94
      Required ratio:  400.00 (Side area) (VIOLATED)
      Cumulative area ratio:  463.13
      Required ratio:    0.00 (Cumulative side area) 

    Layer: via3
      Partial area ratio:    0.19
      Required ratio:    6.00 (Gate area) 
      Cumulative area ratio:    0.72
      Required ratio:    0.00 (Cumulative area) 

    Layer: met4
      Partial area ratio:   85.59
      Required ratio:    0.00 (Gate area) 
      Cumulative area ratio:  172.90
      Required ratio:    0.00 (Cumulative area) 
      Partial area ratio:  458.70
      Required ratio: 2778.20 (Side area) 
      Cumulative area ratio:  921.84
      Required ratio:    0.00 (Cumulative side area) 


  Pin:   fanout1225/A (sky130_fd_sc_hd__clkdlybuf4s25_1)
    Layer: mcon
      Partial area ratio:    0.14
      Required ratio:    3.00 (Gate area) 
      Cumulative area ratio:    0.14
      Required ratio:    0.00 (Cumulative area) 

    Layer: met1
      Partial area ratio:   16.01
      Required ratio:    0.00 (Gate area) 
      Cumulative area ratio:   16.01
      Required ratio:    0.00 (Cumulative area) 
      Partial area ratio:   78.70
      Required ratio: 2778.20 (Side area) 
      Cumulative area ratio:   78.70
      Required ratio:    0.00 (Cumulative side area) 

    Layer: via
      Partial area ratio:    0.32
      Required ratio:   22.04 (Gate area) 
      Cumulative area ratio:    0.45
      Required ratio:    0.00 (Cumulative area) 

    Layer: met2
      Partial area ratio:    1.27
      Required ratio:    0.00 (Gate area) 
      Cumulative area ratio:   17.28
      Required ratio:    0.00 (Cumulative area) 
      Partial area ratio:    5.95
      Required ratio: 2778.20 (Side area) 
      Cumulative area ratio:   84.64
      Required ratio:    0.00 (Cumulative side area) 

    Layer: via2
      Partial area ratio:    0.19
      Required ratio:   22.04 (Gate area) 
      Cumulative area ratio:    0.64
      Required ratio:    0.00 (Cumulative area) 

    Layer: met3
      Partial area ratio:   97.80
      Required ratio:    0.00 (Gate area) 
      Cumulative area ratio:  115.08
      Required ratio:    0.00 (Cumulative area) 
      Partial area ratio:  523.76
      Required ratio: 2778.20 (Side area) 
      Cumulative area ratio:  608.40
      Required ratio:    0.00 (Cumulative side area) 

    Layer: via3
      Partial area ratio:    0.38
      Required ratio:   22.04 (Gate area) 
      Cumulative area ratio:    1.02
      Required ratio:    0.00 (Cumulative area) 

    Layer: met4
      Partial area ratio:   85.59
      Required ratio:    0.00 (Gate area) 
      Cumulative area ratio:  200.68
      Required ratio:    0.00 (Cumulative area) 
      Partial area ratio:  458.70
      Required ratio: 2778.20 (Side area) 
      Cumulative area ratio: 1067.10
      Required ratio:    0.00 (Cumulative side area) 


  Pin:   fanout1228/A (sky130_fd_sc_hd__clkdlybuf4s25_1)
    Layer: mcon
      Partial area ratio:    0.14
      Required ratio:    3.00 (Gate area) 
      Cumulative area ratio:    0.14
      Required ratio:    0.00 (Cumulative area) 

    Layer: met1
      Partial area ratio:    3.26
      Required ratio:    0.00 (Gate area) 
      Cumulative area ratio:    3.26
      Required ratio:    0.00 (Cumulative area) 
      Partial area ratio:   15.44
      Required ratio:  400.00 (Side area) 
      Cumulative area ratio:   15.44
      Required ratio:    0.00 (Cumulative side area) 

    Layer: via
      Partial area ratio:    0.21
      Required ratio:    6.00 (Gate area) 
      Cumulative area ratio:    0.35
      Required ratio:    0.00 (Cumulative area) 

    Layer: met2
      Partial area ratio:    0.88
      Required ratio:    0.00 (Gate area) 
      Cumulative area ratio:    4.14
      Required ratio:    0.00 (Cumulative area) 
      Partial area ratio:    4.04
      Required ratio:  400.00 (Side area) 
      Cumulative area ratio:   19.48
      Required ratio:    0.00 (Cumulative side area) 

    Layer: via2
      Partial area ratio:    0.19
      Required ratio:    6.00 (Gate area) 
      Cumulative area ratio:    0.53
      Required ratio:    0.00 (Cumulative area) 

    Layer: met3
      Partial area ratio:   39.46
      Required ratio:    0.00 (Gate area) 
      Cumulative area ratio:   43.59
      Required ratio:    0.00 (Cumulative area) 
      Partial area ratio:  212.62
      Required ratio:  400.00 (Side area) 
      Cumulative area ratio:  232.10
      Required ratio:    0.00 (Cumulative side area) 

    Layer: via3
      Partial area ratio:    0.19
      Required ratio:    6.00 (Gate area) 
      Cumulative area ratio:    0.72
      Required ratio:    0.00 (Cumulative area) 

    Layer: met4
      Partial area ratio:   85.59
      Required ratio:    0.00 (Gate area) 
      Cumulative area ratio:  129.19
      Required ratio:    0.00 (Cumulative area) 
      Partial area ratio:  458.70
      Required ratio: 2778.20 (Side area) 
      Cumulative area ratio:  690.81
      Required ratio:    0.00 (Cumulative side area) 



Net: _05498_
  Pin:   fanout1210/A (sky130_fd_sc_hd__clkdlybuf4s25_1)
    Layer: mcon
      Partial area ratio:    0.14
      Required ratio:    3.00 (Gate area) 
      Cumulative area ratio:    0.14
      Required ratio:    0.00 (Cumulative area) 

    Layer: met1
      Partial area ratio:   11.40
      Required ratio:    0.00 (Gate area) 
      Cumulative area ratio:   11.40
      Required ratio:    0.00 (Cumulative area) 
      Partial area ratio:   56.12
      Required ratio:  400.00 (Side area) 
      Cumulative area ratio:   56.12
      Required ratio:    0.00 (Cumulative side area) 

    Layer: via
      Partial area ratio:    0.21
      Required ratio:    6.00 (Gate area) 
      Cumulative area ratio:    0.35
      Required ratio:    0.00 (Cumulative area) 

    Layer: met2
      Partial area ratio:   23.80
      Required ratio:    0.00 (Gate area) 
      Cumulative area ratio:   35.20
      Required ratio:    0.00 (Cumulative area) 
      Partial area ratio:  117.88
      Required ratio:  400.00 (Side area) 
      Cumulative area ratio:  174.01
      Required ratio:    0.00 (Cumulative side area) 

    Layer: via2
      Partial area ratio:    0.38
      Required ratio:    6.00 (Gate area) 
      Cumulative area ratio:    0.72
      Required ratio:    0.00 (Cumulative area) 

    Layer: met3
      Partial area ratio:   81.55
      Required ratio:    0.00 (Gate area) 
      Cumulative area ratio:  116.75
      Required ratio:    0.00 (Cumulative area) 
      Partial area ratio:  437.16
      Required ratio: 2778.20 (Side area) 
      Cumulative area ratio:  611.17
      Required ratio:    0.00 (Cumulative side area) 

    Layer: via3
      Partial area ratio:    0.06
      Required ratio:   22.04 (Gate area) 
      Cumulative area ratio:    0.79
      Required ratio:    0.00 (Cumulative area) 

    Layer: met4
      Partial area ratio:    2.18
      Required ratio:    0.00 (Gate area) 
      Cumulative area ratio:  118.93
      Required ratio:    0.00 (Cumulative area) 
      Partial area ratio:    5.91
      Required ratio: 2778.20 (Side area) 
      Cumulative area ratio:  617.07
      Required ratio:    0.00 (Cumulative side area) 

    Layer: via4
      Partial area ratio:    1.00
      Required ratio:   22.04 (Gate area) 
      Cumulative area ratio:    1.79
      Required ratio:    0.00 (Cumulative area) 

    Layer: met5
      Partial area ratio:   80.75
      Required ratio:    0.00 (Gate area) 
      Cumulative area ratio:  199.68
      Required ratio:    0.00 (Cumulative area) 
      Partial area ratio:  125.63
      Required ratio: 2778.20 (Side area) 
      Cumulative area ratio:  742.71
      Required ratio:    0.00 (Cumulative side area) 


  Pin:   fanout1213/A (sky130_fd_sc_hd__clkdlybuf4s25_1)
    Layer: mcon
      Partial area ratio:    0.14
      Required ratio:    3.00 (Gate area) 
      Cumulative area ratio:    0.14
      Required ratio:    0.00 (Cumulative area) 

    Layer: met1
      Partial area ratio:    2.68
      Required ratio:    0.00 (Gate area) 
      Cumulative area ratio:    2.68
      Required ratio:    0.00 (Cumulative area) 
      Partial area ratio:   12.51
      Required ratio:  400.00 (Side area) 
      Cumulative area ratio:   12.51
      Required ratio:    0.00 (Cumulative side area) 

    Layer: via
      Partial area ratio:    0.21
      Required ratio:    6.00 (Gate area) 
      Cumulative area ratio:    0.35
      Required ratio:    0.00 (Cumulative area) 

    Layer: met2
      Partial area ratio:    0.88
      Required ratio:    0.00 (Gate area) 
      Cumulative area ratio:    3.55
      Required ratio:    0.00 (Cumulative area) 
      Partial area ratio:    4.04
      Required ratio:  400.00 (Side area) 
      Cumulative area ratio:   16.55
      Required ratio:    0.00 (Cumulative side area) 

    Layer: via2
      Partial area ratio:    0.19
      Required ratio:    6.00 (Gate area) 
      Cumulative area ratio:    0.53
      Required ratio:    0.00 (Cumulative area) 

    Layer: met3
      Partial area ratio:   10.30
      Required ratio:    0.00 (Gate area) 
      Cumulative area ratio:   13.85
      Required ratio:    0.00 (Cumulative area) 
      Partial area ratio:   57.13
      Required ratio:  400.00 (Side area) 
      Cumulative area ratio:   73.68
      Required ratio:    0.00 (Cumulative side area) 

    Layer: via3
      Partial area ratio:    0.19
      Required ratio:    6.00 (Gate area) 
      Cumulative area ratio:    0.72
      Required ratio:    0.00 (Cumulative area) 

    Layer: met4
      Partial area ratio:   74.01
      Required ratio:    0.00 (Gate area) 
      Cumulative area ratio:   87.87
      Required ratio:    0.00 (Cumulative area) 
      Partial area ratio:  377.58
      Required ratio:  400.00 (Side area) 
      Cumulative area ratio:  451.26
      Required ratio:    0.00 (Cumulative side area) 

    Layer: via4
      Partial area ratio:    3.00
      Required ratio:    6.00 (Gate area) 
      Cumulative area ratio:    3.73
      Required ratio:    0.00 (Cumulative area) 

    Layer: met5
      Partial area ratio:   80.75
      Required ratio:    0.00 (Gate area) 
      Cumulative area ratio:  168.62
      Required ratio:    0.00 (Cumulative area) 
      Partial area ratio:  125.63
      Required ratio: 2778.20 (Side area) 
      Cumulative area ratio:  576.89
      Required ratio:    0.00 (Cumulative side area) 


  Pin:   fanout1215/A (sky130_fd_sc_hd__clkdlybuf4s25_1)
    Layer: mcon
      Partial area ratio:    0.14
      Required ratio:    3.00 (Gate area) 
      Cumulative area ratio:    0.14
      Required ratio:    0.00 (Cumulative area) 

    Layer: met1
      Partial area ratio:    3.90
      Required ratio:    0.00 (Gate area) 
      Cumulative area ratio:    3.90
      Required ratio:    0.00 (Cumulative area) 
      Partial area ratio:   18.61
      Required ratio:  400.00 (Side area) 
      Cumulative area ratio:   18.61
      Required ratio:    0.00 (Cumulative side area) 

    Layer: via
      Partial area ratio:    0.21
      Required ratio:    6.00 (Gate area) 
      Cumulative area ratio:    0.35
      Required ratio:    0.00 (Cumulative area) 

    Layer: met2
      Partial area ratio:   10.11
      Required ratio:    0.00 (Gate area) 
      Cumulative area ratio:   14.01
      Required ratio:    0.00 (Cumulative area) 
      Partial area ratio:   49.71
      Required ratio: 2778.20 (Side area) 
      Cumulative area ratio:   68.32
      Required ratio:    0.00 (Cumulative side area) 

    Layer: via2
      Partial area ratio:    0.19
      Required ratio:   22.04 (Gate area) 
      Cumulative area ratio:    0.53
      Required ratio:    0.00 (Cumulative area) 

    Layer: met3
      Partial area ratio:   81.55
      Required ratio:    0.00 (Gate area) 
      Cumulative area ratio:   95.56
      Required ratio:    0.00 (Cumulative area) 
      Partial area ratio:  437.16
      Required ratio: 2778.20 (Side area) 
      Cumulative area ratio:  505.48
      Required ratio:    0.00 (Cumulative side area) 

    Layer: via3
      Partial area ratio:    0.06
      Required ratio:   22.04 (Gate area) 
      Cumulative area ratio:    0.60
      Required ratio:    0.00 (Cumulative area) 

    Layer: met4
      Partial area ratio:    2.18
      Required ratio:    0.00 (Gate area) 
      Cumulative area ratio:   97.74
      Required ratio:    0.00 (Cumulative area) 
      Partial area ratio:    5.91
      Required ratio: 2778.20 (Side area) 
      Cumulative area ratio:  511.38
      Required ratio:    0.00 (Cumulative side area) 

    Layer: via4
      Partial area ratio:    1.00
      Required ratio:   22.04 (Gate area) 
      Cumulative area ratio:    1.60
      Required ratio:    0.00 (Cumulative area) 

    Layer: met5
      Partial area ratio:   80.75
      Required ratio:    0.00 (Gate area) 
      Cumulative area ratio:  178.49
      Required ratio:    0.00 (Cumulative area) 
      Partial area ratio:  125.63
      Required ratio: 2778.20 (Side area) 
      Cumulative area ratio:  637.02
      Required ratio:    0.00 (Cumulative side area) 


  Pin:   fanout1218/A (sky130_fd_sc_hd__clkdlybuf4s25_1)
    Layer: mcon
      Partial area ratio:    0.14
      Required ratio:    3.00 (Gate area) 
      Cumulative area ratio:    0.14
      Required ratio:    0.00 (Cumulative area) 

    Layer: met1
      Partial area ratio:   10.41
      Required ratio:    0.00 (Gate area) 
      Cumulative area ratio:   10.41
      Required ratio:    0.00 (Cumulative area) 
      Partial area ratio:   51.19
      Required ratio:  400.00 (Side area) 
      Cumulative area ratio:   51.19
      Required ratio:    0.00 (Cumulative side area) 

    Layer: via
      Partial area ratio:    0.21
      Required ratio:    6.00 (Gate area) 
      Cumulative area ratio:    0.35
      Required ratio:    0.00 (Cumulative area) 

    Layer: met2
      Partial area ratio:   92.40
      Required ratio:    0.00 (Gate area) 
      Cumulative area ratio:  102.81
      Required ratio:    0.00 (Cumulative area) 
      Partial area ratio:  460.32
      Required ratio:  400.00 (Side area) (VIOLATED)
      Cumulative area ratio:  511.52
      Required ratio:    0.00 (Cumulative side area) 

    Layer: via2
      Partial area ratio:    0.38
      Required ratio:    6.00 (Gate area) 
      Cumulative area ratio:    0.72
      Required ratio:    0.00 (Cumulative area) 

    Layer: met3
      Partial area ratio:   81.55
      Required ratio:    0.00 (Gate area) 
      Cumulative area ratio:  184.36
      Required ratio:    0.00 (Cumulative area) 
      Partial area ratio:  437.16
      Required ratio: 2778.20 (Side area) 
      Cumulative area ratio:  948.67
      Required ratio:    0.00 (Cumulative side area) 

    Layer: via3
      Partial area ratio:    0.06
      Required ratio:   22.04 (Gate area) 
      Cumulative area ratio:    0.79
      Required ratio:    0.00 (Cumulative area) 

    Layer: met4
      Partial area ratio:    2.18
      Required ratio:    0.00 (Gate area) 
      Cumulative area ratio:  186.54
      Required ratio:    0.00 (Cumulative area) 
      Partial area ratio:    5.91
      Required ratio: 2778.20 (Side area) 
      Cumulative area ratio:  954.58
      Required ratio:    0.00 (Cumulative side area) 

    Layer: via4
      Partial area ratio:    1.00
      Required ratio:   22.04 (Gate area) 
      Cumulative area ratio:    1.79
      Required ratio:    0.00 (Cumulative area) 

    Layer: met5
      Partial area ratio:   80.75
      Required ratio:    0.00 (Gate area) 
      Cumulative area ratio:  267.29
      Required ratio:    0.00 (Cumulative area) 
      Partial area ratio:  125.63
      Required ratio: 2778.20 (Side area) 
      Cumulative area ratio: 1080.22
      Required ratio:    0.00 (Cumulative side area) 



Net: _05500_
  Pin:   fanout1189/A (sky130_fd_sc_hd__clkdlybuf4s25_1)
    Layer: mcon
      Partial area ratio:    0.14
      Required ratio:    3.00 (Gate area) 
      Cumulative area ratio:    0.14
      Required ratio:    0.00 (Cumulative area) 

    Layer: met1
      Partial area ratio:    4.80
      Required ratio:    0.00 (Gate area) 
      Cumulative area ratio:    4.80
      Required ratio:    0.00 (Cumulative area) 
      Partial area ratio:   23.11
      Required ratio:  400.00 (Side area) 
      Cumulative area ratio:   23.11
      Required ratio:    0.00 (Cumulative side area) 

    Layer: via
      Partial area ratio:    0.21
      Required ratio:    6.00 (Gate area) 
      Cumulative area ratio:    0.35
      Required ratio:    0.00 (Cumulative area) 

    Layer: met2
      Partial area ratio:    5.58
      Required ratio:    0.00 (Gate area) 
      Cumulative area ratio:   10.37
      Required ratio:    0.00 (Cumulative area) 
      Partial area ratio:   27.03
      Required ratio:  400.00 (Side area) 
      Cumulative area ratio:   50.14
      Required ratio:    0.00 (Cumulative side area) 

    Layer: via2
      Partial area ratio:    0.19
      Required ratio:    6.00 (Gate area) 
      Cumulative area ratio:    0.53
      Required ratio:    0.00 (Cumulative area) 

    Layer: met3
      Partial area ratio:   78.37
      Required ratio:    0.00 (Gate area) 
      Cumulative area ratio:   88.74
      Required ratio:    0.00 (Cumulative area) 
      Partial area ratio:  420.13
      Required ratio:  400.00 (Side area) (VIOLATED)
      Cumulative area ratio:  470.27
      Required ratio:    0.00 (Cumulative side area) 

    Layer: via3
      Partial area ratio:    0.38
      Required ratio:    6.00 (Gate area) 
      Cumulative area ratio:    0.91
      Required ratio:    0.00 (Cumulative area) 

    Layer: met4
      Partial area ratio:  109.89
      Required ratio:    0.00 (Gate area) 
      Cumulative area ratio:  198.63
      Required ratio:    0.00 (Cumulative area) 
      Partial area ratio:  588.28
      Required ratio: 2778.20 (Side area) 
      Cumulative area ratio: 1058.55
      Required ratio:    0.00 (Cumulative side area) 


  Pin:   fanout1192/A (sky130_fd_sc_hd__clkdlybuf4s25_1)
    Layer: mcon
      Partial area ratio:    0.14
      Required ratio:    3.00 (Gate area) 
      Cumulative area ratio:    0.14
      Required ratio:    0.00 (Cumulative area) 

    Layer: met1
      Partial area ratio:    3.59
      Required ratio:    0.00 (Gate area) 
      Cumulative area ratio:    3.59
      Required ratio:    0.00 (Cumulative area) 
      Partial area ratio:   17.06
      Required ratio:  400.00 (Side area) 
      Cumulative area ratio:   17.06
      Required ratio:    0.00 (Cumulative side area) 

    Layer: via
      Partial area ratio:    0.21
      Required ratio:    6.00 (Gate area) 
      Cumulative area ratio:    0.35
      Required ratio:    0.00 (Cumulative area) 

    Layer: met2
      Partial area ratio:    0.88
      Required ratio:    0.00 (Gate area) 
      Cumulative area ratio:    4.46
      Required ratio:    0.00 (Cumulative area) 
      Partial area ratio:    4.04
      Required ratio:  400.00 (Side area) 
      Cumulative area ratio:   21.11
      Required ratio:    0.00 (Cumulative side area) 

    Layer: via2
      Partial area ratio:    0.19
      Required ratio:    6.00 (Gate area) 
      Cumulative area ratio:    0.53
      Required ratio:    0.00 (Cumulative area) 

    Layer: met3
      Partial area ratio:   29.74
      Required ratio:    0.00 (Gate area) 
      Cumulative area ratio:   34.20
      Required ratio:    0.00 (Cumulative area) 
      Partial area ratio:  160.79
      Required ratio:  400.00 (Side area) 
      Cumulative area ratio:  181.89
      Required ratio:    0.00 (Cumulative side area) 

    Layer: via3
      Partial area ratio:    0.19
      Required ratio:    6.00 (Gate area) 
      Cumulative area ratio:    0.72
      Required ratio:    0.00 (Cumulative area) 

    Layer: met4
      Partial area ratio:  109.89
      Required ratio:    0.00 (Gate area) 
      Cumulative area ratio:  144.09
      Required ratio:    0.00 (Cumulative area) 
      Partial area ratio:  588.28
      Required ratio: 2778.20 (Side area) 
      Cumulative area ratio:  770.18
      Required ratio:    0.00 (Cumulative side area) 


  Pin:   fanout1194/A (sky130_fd_sc_hd__clkdlybuf4s25_1)
    Layer: mcon
      Partial area ratio:    0.14
      Required ratio:    3.00 (Gate area) 
      Cumulative area ratio:    0.14
      Required ratio:    0.00 (Cumulative area) 

    Layer: met1
      Partial area ratio:    3.42
      Required ratio:    0.00 (Gate area) 
      Cumulative area ratio:    3.42
      Required ratio:    0.00 (Cumulative area) 
      Partial area ratio:   16.24
      Required ratio:  400.00 (Side area) 
      Cumulative area ratio:   16.24
      Required ratio:    0.00 (Cumulative side area) 

    Layer: via
      Partial area ratio:    0.21
      Required ratio:    6.00 (Gate area) 
      Cumulative area ratio:    0.35
      Required ratio:    0.00 (Cumulative area) 

    Layer: met2
      Partial area ratio:    0.88
      Required ratio:    0.00 (Gate area) 
      Cumulative area ratio:    4.30
      Required ratio:    0.00 (Cumulative area) 
      Partial area ratio:    4.04
      Required ratio:  400.00 (Side area) 
      Cumulative area ratio:   20.28
      Required ratio:    0.00 (Cumulative side area) 

    Layer: via2
      Partial area ratio:    0.19
      Required ratio:    6.00 (Gate area) 
      Cumulative area ratio:    0.53
      Required ratio:    0.00 (Cumulative area) 

    Layer: met3
      Partial area ratio:    0.59
      Required ratio:    0.00 (Gate area) 
      Cumulative area ratio:    4.89
      Required ratio:    0.00 (Cumulative area) 
      Partial area ratio:    5.33
      Required ratio:  400.00 (Side area) 
      Cumulative area ratio:   25.62
      Required ratio:    0.00 (Cumulative side area) 

    Layer: via3
      Partial area ratio:    0.19
      Required ratio:    6.00 (Gate area) 
      Cumulative area ratio:    0.72
      Required ratio:    0.00 (Cumulative area) 

    Layer: met4
      Partial area ratio:  109.89
      Required ratio:    0.00 (Gate area) 
      Cumulative area ratio:  114.77
      Required ratio:    0.00 (Cumulative area) 
      Partial area ratio:  588.28
      Required ratio: 2778.20 (Side area) 
      Cumulative area ratio:  613.90
      Required ratio:    0.00 (Cumulative side area) 


  Pin:   fanout1197/A (sky130_fd_sc_hd__clkdlybuf4s25_1)
    Layer: mcon
      Partial area ratio:    0.14
      Required ratio:    3.00 (Gate area) 
      Cumulative area ratio:    0.14
      Required ratio:    0.00 (Cumulative area) 

    Layer: met1
      Partial area ratio:    3.60
      Required ratio:    0.00 (Gate area) 
      Cumulative area ratio:    3.60
      Required ratio:    0.00 (Cumulative area) 
      Partial area ratio:   17.15
      Required ratio:  400.00 (Side area) 
      Cumulative area ratio:   17.15
      Required ratio:    0.00 (Cumulative side area) 

    Layer: via
      Partial area ratio:    0.21
      Required ratio:    6.00 (Gate area) 
      Cumulative area ratio:    0.35
      Required ratio:    0.00 (Cumulative area) 

    Layer: met2
      Partial area ratio:    5.58
      Required ratio:    0.00 (Gate area) 
      Cumulative area ratio:    9.18
      Required ratio:    0.00 (Cumulative area) 
      Partial area ratio:   27.03
      Required ratio:  400.00 (Side area) 
      Cumulative area ratio:   44.18
      Required ratio:    0.00 (Cumulative side area) 

    Layer: via2
      Partial area ratio:    0.19
      Required ratio:    6.00 (Gate area) 
      Cumulative area ratio:    0.53
      Required ratio:    0.00 (Cumulative area) 

    Layer: met3
      Partial area ratio:  176.11
      Required ratio:    0.00 (Gate area) 
      Cumulative area ratio:  185.29
      Required ratio:    0.00 (Cumulative area) 
      Partial area ratio:  943.66
      Required ratio: 2778.20 (Side area) 
      Cumulative area ratio:  987.84
      Required ratio:    0.00 (Cumulative side area) 

    Layer: via3
      Partial area ratio:    0.38
      Required ratio:   22.04 (Gate area) 
      Cumulative area ratio:    0.91
      Required ratio:    0.00 (Cumulative area) 

    Layer: met4
      Partial area ratio:  109.89
      Required ratio:    0.00 (Gate area) 
      Cumulative area ratio:  295.18
      Required ratio:    0.00 (Cumulative area) 
      Partial area ratio:  588.28
      Required ratio: 2778.20 (Side area) 
      Cumulative area ratio: 1576.12
      Required ratio:    0.00 (Cumulative side area) 



Net: _05501_
  Pin:   fanout1180/A (sky130_fd_sc_hd__clkdlybuf4s25_1)
    Layer: mcon
      Partial area ratio:    0.14
      Required ratio:    3.00 (Gate area) 
      Cumulative area ratio:    0.14
      Required ratio:    0.00 (Cumulative area) 

    Layer: met1
      Partial area ratio:   26.94
      Required ratio:    0.00 (Gate area) 
      Cumulative area ratio:   26.94
      Required ratio:    0.00 (Cumulative area) 
      Partial area ratio:  133.83
      Required ratio:  400.00 (Side area) 
      Cumulative area ratio:  133.83
      Required ratio:    0.00 (Cumulative side area) 

    Layer: via
      Partial area ratio:    0.21
      Required ratio:    6.00 (Gate area) 
      Cumulative area ratio:    0.35
      Required ratio:    0.00 (Cumulative area) 

    Layer: met2
      Partial area ratio:   44.18
      Required ratio:    0.00 (Gate area) 
      Cumulative area ratio:   71.12
      Required ratio:    0.00 (Cumulative area) 
      Partial area ratio:  219.90
      Required ratio:  400.00 (Side area) 
      Cumulative area ratio:  353.73
      Required ratio:    0.00 (Cumulative side area) 

    Layer: via2
      Partial area ratio:    0.09
      Required ratio:    6.00 (Gate area) 
      Cumulative area ratio:    0.44
      Required ratio:    0.00 (Cumulative area) 

    Layer: met3
      Partial area ratio:   39.16
      Required ratio:    0.00 (Gate area) 
      Cumulative area ratio:  110.28
      Required ratio:    0.00 (Cumulative area) 
      Partial area ratio:  209.97
      Required ratio:  400.00 (Side area) 
      Cumulative area ratio:  563.70
      Required ratio:    0.00 (Cumulative side area) 

    Layer: via3
      Partial area ratio:    0.09
      Required ratio:    6.00 (Gate area) 
      Cumulative area ratio:    0.53
      Required ratio:    0.00 (Cumulative area) 

    Layer: met4
      Partial area ratio:   70.74
      Required ratio:    0.00 (Gate area) 
      Cumulative area ratio:  181.02
      Required ratio:    0.00 (Cumulative area) 
      Partial area ratio:  378.37
      Required ratio: 2778.20 (Side area) 
      Cumulative area ratio:  942.07
      Required ratio:    0.00 (Cumulative side area) 


  Pin:   fanout1183/A (sky130_fd_sc_hd__clkdlybuf4s25_1)
    Layer: mcon
      Partial area ratio:    0.14
      Required ratio:    3.00 (Gate area) 
      Cumulative area ratio:    0.14
      Required ratio:    0.00 (Cumulative area) 

    Layer: met1
      Partial area ratio:    2.55
      Required ratio:    0.00 (Gate area) 
      Cumulative area ratio:    2.55
      Required ratio:    0.00 (Cumulative area) 
      Partial area ratio:   11.89
      Required ratio:  400.00 (Side area) 
      Cumulative area ratio:   11.89
      Required ratio:    0.00 (Cumulative side area) 

    Layer: via
      Partial area ratio:    0.21
      Required ratio:    6.00 (Gate area) 
      Cumulative area ratio:    0.35
      Required ratio:    0.00 (Cumulative area) 

    Layer: met2
      Partial area ratio:   44.18
      Required ratio:    0.00 (Gate area) 
      Cumulative area ratio:   46.73
      Required ratio:    0.00 (Cumulative area) 
      Partial area ratio:  219.90
      Required ratio:  400.00 (Side area) 
      Cumulative area ratio:  231.79
      Required ratio:    0.00 (Cumulative side area) 

    Layer: via2
      Partial area ratio:    0.09
      Required ratio:    6.00 (Gate area) 
      Cumulative area ratio:    0.44
      Required ratio:    0.00 (Cumulative area) 

    Layer: met3
      Partial area ratio:   39.16
      Required ratio:    0.00 (Gate area) 
      Cumulative area ratio:   85.89
      Required ratio:    0.00 (Cumulative area) 
      Partial area ratio:  209.97
      Required ratio:  400.00 (Side area) 
      Cumulative area ratio:  441.76
      Required ratio:    0.00 (Cumulative side area) 

    Layer: via3
      Partial area ratio:    0.09
      Required ratio:    6.00 (Gate area) 
      Cumulative area ratio:    0.53
      Required ratio:    0.00 (Cumulative area) 

    Layer: met4
      Partial area ratio:   70.74
      Required ratio:    0.00 (Gate area) 
      Cumulative area ratio:  156.63
      Required ratio:    0.00 (Cumulative area) 
      Partial area ratio:  378.37
      Required ratio: 2778.20 (Side area) 
      Cumulative area ratio:  820.13
      Required ratio:    0.00 (Cumulative side area) 


  Pin:   fanout1185/A (sky130_fd_sc_hd__clkdlybuf4s25_1)
    Layer: mcon
      Partial area ratio:    0.14
      Required ratio:    3.00 (Gate area) 
      Cumulative area ratio:    0.14
      Required ratio:    0.00 (Cumulative area) 

    Layer: met1
      Partial area ratio:    1.38
      Required ratio:    0.00 (Gate area) 
      Cumulative area ratio:    1.38
      Required ratio:    0.00 (Cumulative area) 
      Partial area ratio:    6.37
      Required ratio:  400.00 (Side area) 
      Cumulative area ratio:    6.37
      Required ratio:    0.00 (Cumulative side area) 

    Layer: via
      Partial area ratio:    0.14
      Required ratio:    6.00 (Gate area) 
      Cumulative area ratio:    0.28
      Required ratio:    0.00 (Cumulative area) 

    Layer: met2
      Partial area ratio:    5.27
      Required ratio:    0.00 (Gate area) 
      Cumulative area ratio:    6.64
      Required ratio:    0.00 (Cumulative area) 
      Partial area ratio:   25.31
      Required ratio:  400.00 (Side area) 
      Cumulative area ratio:   31.67
      Required ratio:    0.00 (Cumulative side area) 

    Layer: via2
      Partial area ratio:    0.19
      Required ratio:    6.00 (Gate area) 
      Cumulative area ratio:    0.47
      Required ratio:    0.00 (Cumulative area) 

    Layer: met3
      Partial area ratio:   82.92
      Required ratio:    0.00 (Gate area) 
      Cumulative area ratio:   89.57
      Required ratio:    0.00 (Cumulative area) 
      Partial area ratio:  443.34
      Required ratio:  400.00 (Side area) (VIOLATED)
      Cumulative area ratio:  475.01
      Required ratio:    0.00 (Cumulative side area) 

    Layer: via3
      Partial area ratio:    0.19
      Required ratio:    6.00 (Gate area) 
      Cumulative area ratio:    0.66
      Required ratio:    0.00 (Cumulative area) 

    Layer: met4
      Partial area ratio:   70.74
      Required ratio:    0.00 (Gate area) 
      Cumulative area ratio:  160.31
      Required ratio:    0.00 (Cumulative area) 
      Partial area ratio:  378.37
      Required ratio: 2778.20 (Side area) 
      Cumulative area ratio:  853.38
      Required ratio:    0.00 (Cumulative side area) 


  Pin:   fanout1188/A (sky130_fd_sc_hd__clkdlybuf4s25_1)
    Layer: mcon
      Partial area ratio:    0.14
      Required ratio:    3.00 (Gate area) 
      Cumulative area ratio:    0.14
      Required ratio:    0.00 (Cumulative area) 

    Layer: met1
      Partial area ratio:    3.39
      Required ratio:    0.00 (Gate area) 
      Cumulative area ratio:    3.39
      Required ratio:    0.00 (Cumulative area) 
      Partial area ratio:   16.09
      Required ratio:  400.00 (Side area) 
      Cumulative area ratio:   16.09
      Required ratio:    0.00 (Cumulative side area) 

    Layer: via
      Partial area ratio:    0.21
      Required ratio:    6.00 (Gate area) 
      Cumulative area ratio:    0.35
      Required ratio:    0.00 (Cumulative area) 

    Layer: met2
      Partial area ratio:    0.88
      Required ratio:    0.00 (Gate area) 
      Cumulative area ratio:    4.27
      Required ratio:    0.00 (Cumulative area) 
      Partial area ratio:    4.04
      Required ratio:  400.00 (Side area) 
      Cumulative area ratio:   20.14
      Required ratio:    0.00 (Cumulative side area) 

    Layer: via2
      Partial area ratio:    0.19
      Required ratio:    6.00 (Gate area) 
      Cumulative area ratio:    0.53
      Required ratio:    0.00 (Cumulative area) 

    Layer: met3
      Partial area ratio:   82.92
      Required ratio:    0.00 (Gate area) 
      Cumulative area ratio:   87.19
      Required ratio:    0.00 (Cumulative area) 
      Partial area ratio:  443.34
      Required ratio:  400.00 (Side area) (VIOLATED)
      Cumulative area ratio:  463.48
      Required ratio:    0.00 (Cumulative side area) 

    Layer: via3
      Partial area ratio:    0.19
      Required ratio:    6.00 (Gate area) 
      Cumulative area ratio:    0.72
      Required ratio:    0.00 (Cumulative area) 

    Layer: met4
      Partial area ratio:   70.74
      Required ratio:    0.00 (Gate area) 
      Cumulative area ratio:  157.93
      Required ratio:    0.00 (Cumulative area) 
      Partial area ratio:  378.37
      Required ratio: 2778.20 (Side area) 
      Cumulative area ratio:  841.84
      Required ratio:    0.00 (Cumulative side area) 



Net: _05694_
  Pin:   fanout2352/A (sky130_fd_sc_hd__clkdlybuf4s25_1)
    Layer: mcon
      Partial area ratio:    0.14
      Required ratio:    3.00 (Gate area) 
      Cumulative area ratio:    0.14
      Required ratio:    0.00 (Cumulative area) 

    Layer: met1
      Partial area ratio:    3.85
      Required ratio:    0.00 (Gate area) 
      Cumulative area ratio:    3.85
      Required ratio:    0.00 (Cumulative area) 
      Partial area ratio:   18.38
      Required ratio:  400.00 (Side area) 
      Cumulative area ratio:   18.38
      Required ratio:    0.00 (Cumulative side area) 

    Layer: via
      Partial area ratio:    0.21
      Required ratio:    6.00 (Gate area) 
      Cumulative area ratio:    0.35
      Required ratio:    0.00 (Cumulative area) 

    Layer: met2
      Partial area ratio:   11.15
      Required ratio:    0.00 (Gate area) 
      Cumulative area ratio:   15.00
      Required ratio:    0.00 (Cumulative area) 
      Partial area ratio:   54.06
      Required ratio: 2778.20 (Side area) 
      Cumulative area ratio:   72.44
      Required ratio:    0.00 (Cumulative side area) 

    Layer: via2
      Partial area ratio:    0.38
      Required ratio:   22.04 (Gate area) 
      Cumulative area ratio:    0.72
      Required ratio:    0.00 (Cumulative area) 

    Layer: met3
      Partial area ratio:   73.46
      Required ratio:    0.00 (Gate area) 
      Cumulative area ratio:   88.46
      Required ratio:    0.00 (Cumulative area) 
      Partial area ratio:  393.97
      Required ratio: 2778.20 (Side area) 
      Cumulative area ratio:  466.41
      Required ratio:    0.00 (Cumulative side area) 

    Layer: via3
      Partial area ratio:    0.09
      Required ratio:   22.04 (Gate area) 
      Cumulative area ratio:    0.82
      Required ratio:    0.00 (Cumulative area) 

    Layer: met4
      Partial area ratio:   53.59
      Required ratio:    0.00 (Gate area) 
      Cumulative area ratio:  142.05
      Required ratio:    0.00 (Cumulative area) 
      Partial area ratio:  286.37
      Required ratio: 2778.20 (Side area) 
      Cumulative area ratio:  752.78
      Required ratio:    0.00 (Cumulative side area) 


  Pin:   fanout2355/A (sky130_fd_sc_hd__clkdlybuf4s25_1)
    Layer: mcon
      Partial area ratio:    0.14
      Required ratio:    3.00 (Gate area) 
      Cumulative area ratio:    0.14
      Required ratio:    0.00 (Cumulative area) 

    Layer: met1
      Partial area ratio:    2.96
      Required ratio:    0.00 (Gate area) 
      Cumulative area ratio:    2.96
      Required ratio:    0.00 (Cumulative area) 
      Partial area ratio:   13.94
      Required ratio:  400.00 (Side area) 
      Cumulative area ratio:   13.94
      Required ratio:    0.00 (Cumulative side area) 

    Layer: via
      Partial area ratio:    0.21
      Required ratio:    6.00 (Gate area) 
      Cumulative area ratio:    0.35
      Required ratio:    0.00 (Cumulative area) 

    Layer: met2
      Partial area ratio:    0.88
      Required ratio:    0.00 (Gate area) 
      Cumulative area ratio:    3.84
      Required ratio:    0.00 (Cumulative area) 
      Partial area ratio:    4.04
      Required ratio:  400.00 (Side area) 
      Cumulative area ratio:   17.98
      Required ratio:    0.00 (Cumulative side area) 

    Layer: via2
      Partial area ratio:    0.19
      Required ratio:    6.00 (Gate area) 
      Cumulative area ratio:    0.53
      Required ratio:    0.00 (Cumulative area) 

    Layer: met3
      Partial area ratio:   73.46
      Required ratio:    0.00 (Gate area) 
      Cumulative area ratio:   77.30
      Required ratio:    0.00 (Cumulative area) 
      Partial area ratio:  393.97
      Required ratio: 2778.20 (Side area) 
      Cumulative area ratio:  411.95
      Required ratio:    0.00 (Cumulative side area) 

    Layer: via3
      Partial area ratio:    0.09
      Required ratio:   22.04 (Gate area) 
      Cumulative area ratio:    0.63
      Required ratio:    0.00 (Cumulative area) 

    Layer: met4
      Partial area ratio:   53.59
      Required ratio:    0.00 (Gate area) 
      Cumulative area ratio:  130.89
      Required ratio:    0.00 (Cumulative area) 
      Partial area ratio:  286.37
      Required ratio: 2778.20 (Side area) 
      Cumulative area ratio:  698.32
      Required ratio:    0.00 (Cumulative side area) 


  Pin:   fanout2356/A (sky130_fd_sc_hd__clkdlybuf4s25_1)
    Layer: mcon
      Partial area ratio:    0.14
      Required ratio:    3.00 (Gate area) 
      Cumulative area ratio:    0.14
      Required ratio:    0.00 (Cumulative area) 

    Layer: met1
      Partial area ratio:    2.18
      Required ratio:    0.00 (Gate area) 
      Cumulative area ratio:    2.18
      Required ratio:    0.00 (Cumulative area) 
      Partial area ratio:   10.00
      Required ratio:  400.00 (Side area) 
      Cumulative area ratio:   10.00
      Required ratio:    0.00 (Cumulative side area) 

    Layer: via
      Partial area ratio:    0.21
      Required ratio:    6.00 (Gate area) 
      Cumulative area ratio:    0.35
      Required ratio:    0.00 (Cumulative area) 

    Layer: met2
      Partial area ratio:    0.88
      Required ratio:    0.00 (Gate area) 
      Cumulative area ratio:    3.06
      Required ratio:    0.00 (Cumulative area) 
      Partial area ratio:    4.04
      Required ratio:  400.00 (Side area) 
      Cumulative area ratio:   14.04
      Required ratio:    0.00 (Cumulative side area) 

    Layer: via2
      Partial area ratio:    0.19
      Required ratio:    6.00 (Gate area) 
      Cumulative area ratio:    0.53
      Required ratio:    0.00 (Cumulative area) 

    Layer: met3
      Partial area ratio:   88.06
      Required ratio:    0.00 (Gate area) 
      Cumulative area ratio:   91.11
      Required ratio:    0.00 (Cumulative area) 
      Partial area ratio:  471.83
      Required ratio:  400.00 (Side area) (VIOLATED)
      Cumulative area ratio:  485.87
      Required ratio:    0.00 (Cumulative side area) 

    Layer: via3
      Partial area ratio:    0.09
      Required ratio:    6.00 (Gate area) 
      Cumulative area ratio:    0.63
      Required ratio:    0.00 (Cumulative area) 

    Layer: met4
      Partial area ratio:   53.59
      Required ratio:    0.00 (Gate area) 
      Cumulative area ratio:  144.70
      Required ratio:    0.00 (Cumulative area) 
      Partial area ratio:  286.37
      Required ratio: 2778.20 (Side area) 
      Cumulative area ratio:  772.24
      Required ratio:    0.00 (Cumulative side area) 


  Pin:   fanout2358/A (sky130_fd_sc_hd__clkdlybuf4s25_1)
    Layer: mcon
      Partial area ratio:    0.14
      Required ratio:    3.00 (Gate area) 
      Cumulative area ratio:    0.14
      Required ratio:    0.00 (Cumulative area) 

    Layer: met1
      Partial area ratio:    3.74
      Required ratio:    0.00 (Gate area) 
      Cumulative area ratio:    3.74
      Required ratio:    0.00 (Cumulative area) 
      Partial area ratio:   17.84
      Required ratio:  400.00 (Side area) 
      Cumulative area ratio:   17.84
      Required ratio:    0.00 (Cumulative side area) 

    Layer: via
      Partial area ratio:    0.21
      Required ratio:    6.00 (Gate area) 
      Cumulative area ratio:    0.35
      Required ratio:    0.00 (Cumulative area) 

    Layer: met2
      Partial area ratio:    0.88
      Required ratio:    0.00 (Gate area) 
      Cumulative area ratio:    4.62
      Required ratio:    0.00 (Cumulative area) 
      Partial area ratio:    4.04
      Required ratio:  400.00 (Side area) 
      Cumulative area ratio:   21.88
      Required ratio:    0.00 (Cumulative side area) 

    Layer: via2
      Partial area ratio:    0.19
      Required ratio:    6.00 (Gate area) 
      Cumulative area ratio:    0.53
      Required ratio:    0.00 (Cumulative area) 

    Layer: met3
      Partial area ratio:   88.06
      Required ratio:    0.00 (Gate area) 
      Cumulative area ratio:   92.68
      Required ratio:    0.00 (Cumulative area) 
      Partial area ratio:  471.83
      Required ratio:  400.00 (Side area) (VIOLATED)
      Cumulative area ratio:  493.71
      Required ratio:    0.00 (Cumulative side area) 

    Layer: via3
      Partial area ratio:    0.09
      Required ratio:    6.00 (Gate area) 
      Cumulative area ratio:    0.63
      Required ratio:    0.00 (Cumulative area) 

    Layer: met4
      Partial area ratio:   53.59
      Required ratio:    0.00 (Gate area) 
      Cumulative area ratio:  146.27
      Required ratio:    0.00 (Cumulative area) 
      Partial area ratio:  286.37
      Required ratio: 2778.20 (Side area) 
      Cumulative area ratio:  780.08
      Required ratio:    0.00 (Cumulative side area) 



Net: _05720_
  Pin:   _09886_/B (sky130_fd_sc_hd__nor2_2)
    Layer: mcon
      Partial area ratio:    0.06
      Required ratio:    3.00 (Gate area) 
      Cumulative area ratio:    0.06
      Required ratio:    0.00 (Cumulative area) 

    Layer: met1
      Partial area ratio:    1.65
      Required ratio:    0.00 (Gate area) 
      Cumulative area ratio:    1.65
      Required ratio:    0.00 (Cumulative area) 
      Partial area ratio:    7.90
      Required ratio:  400.00 (Side area) 
      Cumulative area ratio:    7.90
      Required ratio:    0.00 (Cumulative side area) 

    Layer: via
      Partial area ratio:    0.09
      Required ratio:    6.00 (Gate area) 
      Cumulative area ratio:    0.15
      Required ratio:    0.00 (Cumulative area) 

    Layer: met2
      Partial area ratio:    5.03
      Required ratio:    0.00 (Gate area) 
      Cumulative area ratio:    6.69
      Required ratio:    0.00 (Cumulative area) 
      Partial area ratio:   24.87
      Required ratio: 2886.20 (Side area) 
      Cumulative area ratio:   32.77
      Required ratio:    0.00 (Cumulative side area) 

    Layer: via2
      Partial area ratio:    0.03
      Required ratio:   31.76 (Gate area) 
      Cumulative area ratio:    0.18
      Required ratio:    0.00 (Cumulative area) 

    Layer: met3
      Partial area ratio:    0.08
      Required ratio:    0.00 (Gate area) 
      Cumulative area ratio:    6.77
      Required ratio:    0.00 (Cumulative area) 
      Partial area ratio:    0.76
      Required ratio: 2886.20 (Side area) 
      Cumulative area ratio:   33.54
      Required ratio:    0.00 (Cumulative side area) 

    Layer: via3
      Partial area ratio:    0.03
      Required ratio:   31.76 (Gate area) 
      Cumulative area ratio:    0.20
      Required ratio:    0.00 (Cumulative area) 

    Layer: met4
      Partial area ratio:   10.35
      Required ratio:    0.00 (Gate area) 
      Cumulative area ratio:   17.13
      Required ratio:    0.00 (Cumulative area) 
      Partial area ratio:   55.51
      Required ratio: 2886.20 (Side area) 
      Cumulative area ratio:   89.04
      Required ratio:    0.00 (Cumulative side area) 


  Pin:   _09887_/B (sky130_fd_sc_hd__or3_2)
    Layer: mcon
      Partial area ratio:    0.23
      Required ratio:    3.00 (Gate area) 
      Cumulative area ratio:    0.23
      Required ratio:    0.00 (Cumulative area) 

    Layer: met1
      Partial area ratio:   32.88
      Required ratio:    0.00 (Gate area) 
      Cumulative area ratio:   32.88
      Required ratio:    0.00 (Cumulative area) 
      Partial area ratio:  162.92
      Required ratio:  400.00 (Side area) 
      Cumulative area ratio:  162.92
      Required ratio:    0.00 (Cumulative side area) 

    Layer: via
      Partial area ratio:    0.36
      Required ratio:    6.00 (Gate area) 
      Cumulative area ratio:    0.59
      Required ratio:    0.00 (Cumulative area) 

    Layer: met2
      Partial area ratio:    9.43
      Required ratio:    0.00 (Gate area) 
      Cumulative area ratio:   42.30
      Required ratio:    0.00 (Cumulative area) 
      Partial area ratio:   45.69
      Required ratio:  400.00 (Side area) 
      Cumulative area ratio:  208.61
      Required ratio:    0.00 (Cumulative side area) 

    Layer: via2
      Partial area ratio:    0.32
      Required ratio:    6.00 (Gate area) 
      Cumulative area ratio:    0.90
      Required ratio:    0.00 (Cumulative area) 

    Layer: met3
      Partial area ratio:   99.56
      Required ratio:    0.00 (Gate area) 
      Cumulative area ratio:  141.86
      Required ratio:    0.00 (Cumulative area) 
      Partial area ratio:  534.67
      Required ratio:  400.00 (Side area) (VIOLATED)
      Cumulative area ratio:  743.28
      Required ratio:    0.00 (Cumulative side area) 

    Layer: via3
      Partial area ratio:    0.32
      Required ratio:    6.00 (Gate area) 
      Cumulative area ratio:    1.22
      Required ratio:    0.00 (Cumulative area) 

    Layer: met4
      Partial area ratio:   10.35
      Required ratio:    0.00 (Gate area) 
      Cumulative area ratio:  152.21
      Required ratio:    0.00 (Cumulative area) 
      Partial area ratio:   55.51
      Required ratio: 2886.20 (Side area) 
      Cumulative area ratio:  798.79
      Required ratio:    0.00 (Cumulative side area) 


  Pin:   _12701_/A (sky130_fd_sc_hd__nor2_2)
    Layer: mcon
      Partial area ratio:    0.06
      Required ratio:    3.00 (Gate area) 
      Cumulative area ratio:    0.06
      Required ratio:    0.00 (Cumulative area) 

    Layer: met1
      Partial area ratio:    7.34
      Required ratio:    0.00 (Gate area) 
      Cumulative area ratio:    7.34
      Required ratio:    0.00 (Cumulative area) 
      Partial area ratio:   35.76
      Required ratio: 2886.20 (Side area) 
      Cumulative area ratio:   35.76
      Required ratio:    0.00 (Cumulative side area) 

    Layer: via
      Partial area ratio:    0.18
      Required ratio:   31.76 (Gate area) 
      Cumulative area ratio:    0.24
      Required ratio:    0.00 (Cumulative area) 

    Layer: met2
      Partial area ratio:    5.03
      Required ratio:    0.00 (Gate area) 
      Cumulative area ratio:   12.38
      Required ratio:    0.00 (Cumulative area) 
      Partial area ratio:   24.87
      Required ratio: 2886.20 (Side area) 
      Cumulative area ratio:   60.63
      Required ratio:    0.00 (Cumulative side area) 

    Layer: via2
      Partial area ratio:    0.03
      Required ratio:   31.76 (Gate area) 
      Cumulative area ratio:    0.27
      Required ratio:    0.00 (Cumulative area) 

    Layer: met3
      Partial area ratio:    0.08
      Required ratio:    0.00 (Gate area) 
      Cumulative area ratio:   12.46
      Required ratio:    0.00 (Cumulative area) 
      Partial area ratio:    0.76
      Required ratio: 2886.20 (Side area) 
      Cumulative area ratio:   61.39
      Required ratio:    0.00 (Cumulative side area) 

    Layer: via3
      Partial area ratio:    0.03
      Required ratio:   31.76 (Gate area) 
      Cumulative area ratio:    0.29
      Required ratio:    0.00 (Cumulative area) 

    Layer: met4
      Partial area ratio:   10.35
      Required ratio:    0.00 (Gate area) 
      Cumulative area ratio:   22.81
      Required ratio:    0.00 (Cumulative area) 
      Partial area ratio:   55.51
      Required ratio: 2886.20 (Side area) 
      Cumulative area ratio:  116.90
      Required ratio:    0.00 (Cumulative side area) 


  Pin:   _15264_/A (sky130_fd_sc_hd__nor2_2)
    Layer: mcon
      Partial area ratio:    0.06
      Required ratio:    3.00 (Gate area) 
      Cumulative area ratio:    0.06
      Required ratio:    0.00 (Cumulative area) 

    Layer: met1
      Partial area ratio:    1.32
      Required ratio:    0.00 (Gate area) 
      Cumulative area ratio:    1.32
      Required ratio:    0.00 (Cumulative area) 
      Partial area ratio:    6.22
      Required ratio:  400.00 (Side area) 
      Cumulative area ratio:    6.22
      Required ratio:    0.00 (Cumulative side area) 

    Layer: via
      Partial area ratio:    0.09
      Required ratio:    6.00 (Gate area) 
      Cumulative area ratio:    0.15
      Required ratio:    0.00 (Cumulative area) 

    Layer: met2
      Partial area ratio:    5.03
      Required ratio:    0.00 (Gate area) 
      Cumulative area ratio:    6.35
      Required ratio:    0.00 (Cumulative area) 
      Partial area ratio:   24.87
      Required ratio: 2886.20 (Side area) 
      Cumulative area ratio:   31.09
      Required ratio:    0.00 (Cumulative side area) 

    Layer: via2
      Partial area ratio:    0.03
      Required ratio:   31.76 (Gate area) 
      Cumulative area ratio:    0.18
      Required ratio:    0.00 (Cumulative area) 

    Layer: met3
      Partial area ratio:    0.08
      Required ratio:    0.00 (Gate area) 
      Cumulative area ratio:    6.44
      Required ratio:    0.00 (Cumulative area) 
      Partial area ratio:    0.76
      Required ratio: 2886.20 (Side area) 
      Cumulative area ratio:   31.86
      Required ratio:    0.00 (Cumulative side area) 

    Layer: via3
      Partial area ratio:    0.03
      Required ratio:   31.76 (Gate area) 
      Cumulative area ratio:    0.20
      Required ratio:    0.00 (Cumulative area) 

    Layer: met4
      Partial area ratio:   10.35
      Required ratio:    0.00 (Gate area) 
      Cumulative area ratio:   16.79
      Required ratio:    0.00 (Cumulative area) 
      Partial area ratio:   55.51
      Required ratio: 2886.20 (Side area) 
      Cumulative area ratio:   87.37
      Required ratio:    0.00 (Cumulative side area) 



Net: _05851_
  Pin:   _09920_/B1 (sky130_fd_sc_hd__o31a_2)
    Layer: mcon
      Partial area ratio:    0.12
      Required ratio:    3.00 (Gate area) 
      Cumulative area ratio:    0.12
      Required ratio:    0.00 (Cumulative area) 

    Layer: met1
      Partial area ratio:    3.91
      Required ratio:    0.00 (Gate area) 
      Cumulative area ratio:    3.91
      Required ratio:    0.00 (Cumulative area) 
      Partial area ratio:   18.81
      Required ratio:  400.00 (Side area) 
      Cumulative area ratio:   18.81
      Required ratio:    0.00 (Cumulative side area) 

    Layer: via
      Partial area ratio:    0.18
      Required ratio:    6.00 (Gate area) 
      Cumulative area ratio:    0.30
      Required ratio:    0.00 (Cumulative area) 

    Layer: met2
      Partial area ratio:    0.75
      Required ratio:    0.00 (Gate area) 
      Cumulative area ratio:    4.67
      Required ratio:    0.00 (Cumulative area) 
      Partial area ratio:    3.48
      Required ratio:  400.00 (Side area) 
      Cumulative area ratio:   22.29
      Required ratio:    0.00 (Cumulative side area) 

    Layer: via2
      Partial area ratio:    0.16
      Required ratio:    6.00 (Gate area) 
      Cumulative area ratio:    0.46
      Required ratio:    0.00 (Cumulative area) 

    Layer: met3
      Partial area ratio:    0.50
      Required ratio:    0.00 (Gate area) 
      Cumulative area ratio:    5.17
      Required ratio:    0.00 (Cumulative area) 
      Partial area ratio:    4.59
      Required ratio:  400.00 (Side area) 
      Cumulative area ratio:   26.88
      Required ratio:    0.00 (Cumulative side area) 

    Layer: via3
      Partial area ratio:    0.16
      Required ratio:    6.00 (Gate area) 
      Cumulative area ratio:    0.62
      Required ratio:    0.00 (Cumulative area) 

    Layer: met4
      Partial area ratio:    6.87
      Required ratio:    0.00 (Gate area) 
      Cumulative area ratio:   12.04
      Required ratio:    0.00 (Cumulative area) 
      Partial area ratio:   37.16
      Required ratio: 2778.20 (Side area) 
      Cumulative area ratio:   64.04
      Required ratio:    0.00 (Cumulative side area) 


  Pin:   _10417_/B1 (sky130_fd_sc_hd__o21a_2)
    Layer: mcon
      Partial area ratio:    0.12
      Required ratio:    3.00 (Gate area) 
      Cumulative area ratio:    0.12
      Required ratio:    0.00 (Cumulative area) 

    Layer: met1
      Partial area ratio:    2.86
      Required ratio:    0.00 (Gate area) 
      Cumulative area ratio:    2.86
      Required ratio:    0.00 (Cumulative area) 
      Partial area ratio:   13.57
      Required ratio:  400.00 (Side area) 
      Cumulative area ratio:   13.57
      Required ratio:    0.00 (Cumulative side area) 

    Layer: via
      Partial area ratio:    0.18
      Required ratio:    6.00 (Gate area) 
      Cumulative area ratio:    0.30
      Required ratio:    0.00 (Cumulative area) 

    Layer: met2
      Partial area ratio:    0.75
      Required ratio:    0.00 (Gate area) 
      Cumulative area ratio:    3.62
      Required ratio:    0.00 (Cumulative area) 
      Partial area ratio:    3.48
      Required ratio:  400.00 (Side area) 
      Cumulative area ratio:   17.05
      Required ratio:    0.00 (Cumulative side area) 

    Layer: via2
      Partial area ratio:    0.16
      Required ratio:    6.00 (Gate area) 
      Cumulative area ratio:    0.46
      Required ratio:    0.00 (Cumulative area) 

    Layer: met3
      Partial area ratio:   43.39
      Required ratio:    0.00 (Gate area) 
      Cumulative area ratio:   47.01
      Required ratio:    0.00 (Cumulative area) 
      Partial area ratio:  232.83
      Required ratio: 2778.20 (Side area) 
      Cumulative area ratio:  249.87
      Required ratio:    0.00 (Cumulative side area) 

    Layer: via3
      Partial area ratio:    0.06
      Required ratio:   22.04 (Gate area) 
      Cumulative area ratio:    0.52
      Required ratio:    0.00 (Cumulative area) 

    Layer: met4
      Partial area ratio:    6.87
      Required ratio:    0.00 (Gate area) 
      Cumulative area ratio:   53.88
      Required ratio:    0.00 (Cumulative area) 
      Partial area ratio:   37.16
      Required ratio: 2778.20 (Side area) 
      Cumulative area ratio:  287.03
      Required ratio:    0.00 (Cumulative side area) 


  Pin:   fanout1627/A (sky130_fd_sc_hd__clkdlybuf4s25_1)
    Layer: mcon
      Partial area ratio:    0.14
      Required ratio:    3.00 (Gate area) 
      Cumulative area ratio:    0.14
      Required ratio:    0.00 (Cumulative area) 

    Layer: met1
      Partial area ratio:    6.93
      Required ratio:    0.00 (Gate area) 
      Cumulative area ratio:    6.93
      Required ratio:    0.00 (Cumulative area) 
      Partial area ratio:   33.28
      Required ratio:  400.00 (Side area) 
      Cumulative area ratio:   33.28
      Required ratio:    0.00 (Cumulative side area) 

    Layer: via
      Partial area ratio:    0.32
      Required ratio:    6.00 (Gate area) 
      Cumulative area ratio:    0.45
      Required ratio:    0.00 (Cumulative area) 

    Layer: met2
      Partial area ratio:   89.89
      Required ratio:    0.00 (Gate area) 
      Cumulative area ratio:   96.83
      Required ratio:    0.00 (Cumulative area) 
      Partial area ratio:  447.98
      Required ratio:  400.00 (Side area) (VIOLATED)
      Cumulative area ratio:  481.26
      Required ratio:    0.00 (Cumulative side area) 

    Layer: via2
      Partial area ratio:    0.19
      Required ratio:    6.00 (Gate area) 
      Cumulative area ratio:    0.64
      Required ratio:    0.00 (Cumulative area) 

    Layer: met3
      Partial area ratio:   43.39
      Required ratio:    0.00 (Gate area) 
      Cumulative area ratio:  140.22
      Required ratio:    0.00 (Cumulative area) 
      Partial area ratio:  232.83
      Required ratio: 2778.20 (Side area) 
      Cumulative area ratio:  714.09
      Required ratio:    0.00 (Cumulative side area) 

    Layer: via3
      Partial area ratio:    0.06
      Required ratio:   22.04 (Gate area) 
      Cumulative area ratio:    0.70
      Required ratio:    0.00 (Cumulative area) 

    Layer: met4
      Partial area ratio:    6.87
      Required ratio:    0.00 (Gate area) 
      Cumulative area ratio:  147.09
      Required ratio:    0.00 (Cumulative area) 
      Partial area ratio:   37.16
      Required ratio: 2778.20 (Side area) 
      Cumulative area ratio:  751.25
      Required ratio:    0.00 (Cumulative side area) 


  Pin:   fanout1628/A (sky130_fd_sc_hd__clkdlybuf4s25_1)
    Layer: mcon
      Partial area ratio:    0.14
      Required ratio:    3.00 (Gate area) 
      Cumulative area ratio:    0.14
      Required ratio:    0.00 (Cumulative area) 

    Layer: met1
      Partial area ratio:    2.00
      Required ratio:    0.00 (Gate area) 
      Cumulative area ratio:    2.00
      Required ratio:    0.00 (Cumulative area) 
      Partial area ratio:    9.47
      Required ratio:  400.00 (Side area) 
      Cumulative area ratio:    9.47
      Required ratio:    0.00 (Cumulative side area) 

    Layer: via
      Partial area ratio:    0.14
      Required ratio:    6.00 (Gate area) 
      Cumulative area ratio:    0.28
      Required ratio:    0.00 (Cumulative area) 

    Layer: met2
      Partial area ratio:   89.89
      Required ratio:    0.00 (Gate area) 
      Cumulative area ratio:   91.89
      Required ratio:    0.00 (Cumulative area) 
      Partial area ratio:  447.98
      Required ratio:  400.00 (Side area) (VIOLATED)
      Cumulative area ratio:  457.45
      Required ratio:    0.00 (Cumulative side area) 

    Layer: via2
      Partial area ratio:    0.19
      Required ratio:    6.00 (Gate area) 
      Cumulative area ratio:    0.47
      Required ratio:    0.00 (Cumulative area) 

    Layer: met3
      Partial area ratio:   43.39
      Required ratio:    0.00 (Gate area) 
      Cumulative area ratio:  135.29
      Required ratio:    0.00 (Cumulative area) 
      Partial area ratio:  232.83
      Required ratio: 2778.20 (Side area) 
      Cumulative area ratio:  690.27
      Required ratio:    0.00 (Cumulative side area) 

    Layer: via3
      Partial area ratio:    0.06
      Required ratio:   22.04 (Gate area) 
      Cumulative area ratio:    0.53
      Required ratio:    0.00 (Cumulative area) 

    Layer: met4
      Partial area ratio:    6.87
      Required ratio:    0.00 (Gate area) 
      Cumulative area ratio:  142.16
      Required ratio:    0.00 (Cumulative area) 
      Partial area ratio:   37.16
      Required ratio: 2778.20 (Side area) 
      Cumulative area ratio:  727.43
      Required ratio:    0.00 (Cumulative side area) 



Net: _05852_
  Pin:   fanout1761/A (sky130_fd_sc_hd__clkdlybuf4s25_1)
    Layer: mcon
      Partial area ratio:    0.14
      Required ratio:    3.00 (Gate area) 
      Cumulative area ratio:    0.14
      Required ratio:    0.00 (Cumulative area) 

    Layer: met1
      Partial area ratio:    3.00
      Required ratio:    0.00 (Gate area) 
      Cumulative area ratio:    3.00
      Required ratio:    0.00 (Cumulative area) 
      Partial area ratio:   14.14
      Required ratio:  400.00 (Side area) 
      Cumulative area ratio:   14.14
      Required ratio:    0.00 (Cumulative side area) 

    Layer: via
      Partial area ratio:    0.21
      Required ratio:    6.00 (Gate area) 
      Cumulative area ratio:    0.35
      Required ratio:    0.00 (Cumulative area) 

    Layer: met2
      Partial area ratio:    0.88
      Required ratio:    0.00 (Gate area) 
      Cumulative area ratio:    3.88
      Required ratio:    0.00 (Cumulative area) 
      Partial area ratio:    4.04
      Required ratio:  400.00 (Side area) 
      Cumulative area ratio:   18.18
      Required ratio:    0.00 (Cumulative side area) 

    Layer: via2
      Partial area ratio:    0.19
      Required ratio:    6.00 (Gate area) 
      Cumulative area ratio:    0.53
      Required ratio:    0.00 (Cumulative area) 

    Layer: met3
      Partial area ratio:  185.28
      Required ratio:    0.00 (Gate area) 
      Cumulative area ratio:  189.16
      Required ratio:    0.00 (Cumulative area) 
      Partial area ratio:  990.31
      Required ratio: 2778.20 (Side area) 
      Cumulative area ratio: 1008.49
      Required ratio:    0.00 (Cumulative side area) 

    Layer: via3
      Partial area ratio:    0.38
      Required ratio:   22.04 (Gate area) 
      Cumulative area ratio:    0.91
      Required ratio:    0.00 (Cumulative area) 

    Layer: met4
      Partial area ratio:   70.75
      Required ratio:    0.00 (Gate area) 
      Cumulative area ratio:  259.91
      Required ratio:    0.00 (Cumulative area) 
      Partial area ratio:  378.42
      Required ratio: 2778.20 (Side area) 
      Cumulative area ratio: 1386.91
      Required ratio:    0.00 (Cumulative side area) 


  Pin:   fanout1763/A (sky130_fd_sc_hd__clkdlybuf4s25_1)
    Layer: mcon
      Partial area ratio:    0.14
      Required ratio:    3.00 (Gate area) 
      Cumulative area ratio:    0.14
      Required ratio:    0.00 (Cumulative area) 

    Layer: met1
      Partial area ratio:    3.59
      Required ratio:    0.00 (Gate area) 
      Cumulative area ratio:    3.59
      Required ratio:    0.00 (Cumulative area) 
      Partial area ratio:   17.08
      Required ratio:  400.00 (Side area) 
      Cumulative area ratio:   17.08
      Required ratio:    0.00 (Cumulative side area) 

    Layer: via
      Partial area ratio:    0.21
      Required ratio:    6.00 (Gate area) 
      Cumulative area ratio:    0.35
      Required ratio:    0.00 (Cumulative area) 

    Layer: met2
      Partial area ratio:    0.88
      Required ratio:    0.00 (Gate area) 
      Cumulative area ratio:    4.47
      Required ratio:    0.00 (Cumulative area) 
      Partial area ratio:    4.04
      Required ratio:  400.00 (Side area) 
      Cumulative area ratio:   21.12
      Required ratio:    0.00 (Cumulative side area) 

    Layer: via2
      Partial area ratio:    0.19
      Required ratio:    6.00 (Gate area) 
      Cumulative area ratio:    0.53
      Required ratio:    0.00 (Cumulative area) 

    Layer: met3
      Partial area ratio:    0.59
      Required ratio:    0.00 (Gate area) 
      Cumulative area ratio:    5.05
      Required ratio:    0.00 (Cumulative area) 
      Partial area ratio:    5.33
      Required ratio:  400.00 (Side area) 
      Cumulative area ratio:   26.46
      Required ratio:    0.00 (Cumulative side area) 

    Layer: via3
      Partial area ratio:    0.19
      Required ratio:    6.00 (Gate area) 
      Cumulative area ratio:    0.72
      Required ratio:    0.00 (Cumulative area) 

    Layer: met4
      Partial area ratio:   70.75
      Required ratio:    0.00 (Gate area) 
      Cumulative area ratio:   75.80
      Required ratio:    0.00 (Cumulative area) 
      Partial area ratio:  378.42
      Required ratio: 2778.20 (Side area) 
      Cumulative area ratio:  404.88
      Required ratio:    0.00 (Cumulative side area) 


  Pin:   fanout1765/A (sky130_fd_sc_hd__clkdlybuf4s25_1)
    Layer: mcon
      Partial area ratio:    0.14
      Required ratio:    3.00 (Gate area) 
      Cumulative area ratio:    0.14
      Required ratio:    0.00 (Cumulative area) 

    Layer: met1
      Partial area ratio:    3.81
      Required ratio:    0.00 (Gate area) 
      Cumulative area ratio:    3.81
      Required ratio:    0.00 (Cumulative area) 
      Partial area ratio:   18.20
      Required ratio:  400.00 (Side area) 
      Cumulative area ratio:   18.20
      Required ratio:    0.00 (Cumulative side area) 

    Layer: via
      Partial area ratio:    0.21
      Required ratio:    6.00 (Gate area) 
      Cumulative area ratio:    0.35
      Required ratio:    0.00 (Cumulative area) 

    Layer: met2
      Partial area ratio:    0.88
      Required ratio:    0.00 (Gate area) 
      Cumulative area ratio:    4.69
      Required ratio:    0.00 (Cumulative area) 
      Partial area ratio:    4.04
      Required ratio:  400.00 (Side area) 
      Cumulative area ratio:   22.24
      Required ratio:    0.00 (Cumulative side area) 

    Layer: via2
      Partial area ratio:    0.19
      Required ratio:    6.00 (Gate area) 
      Cumulative area ratio:    0.53
      Required ratio:    0.00 (Cumulative area) 

    Layer: met3
      Partial area ratio:  175.51
      Required ratio:    0.00 (Gate area) 
      Cumulative area ratio:  180.20
      Required ratio:    0.00 (Cumulative area) 
      Partial area ratio:  938.25
      Required ratio:  400.00 (Side area) (VIOLATED)
      Cumulative area ratio:  960.50
      Required ratio:    0.00 (Cumulative side area) 

    Layer: via3
      Partial area ratio:    0.19
      Required ratio:    6.00 (Gate area) 
      Cumulative area ratio:    0.72
      Required ratio:    0.00 (Cumulative area) 

    Layer: met4
      Partial area ratio:   70.75
      Required ratio:    0.00 (Gate area) 
      Cumulative area ratio:  250.95
      Required ratio:    0.00 (Cumulative area) 
      Partial area ratio:  378.42
      Required ratio: 2778.20 (Side area) 
      Cumulative area ratio: 1338.92
      Required ratio:    0.00 (Cumulative side area) 


  Pin:   fanout1768/A (sky130_fd_sc_hd__clkdlybuf4s25_1)
    Layer: mcon
      Partial area ratio:    0.14
      Required ratio:    3.00 (Gate area) 
      Cumulative area ratio:    0.14
      Required ratio:    0.00 (Cumulative area) 

    Layer: met1
      Partial area ratio:    2.62
      Required ratio:    0.00 (Gate area) 
      Cumulative area ratio:    2.62
      Required ratio:    0.00 (Cumulative area) 
      Partial area ratio:   12.25
      Required ratio:  400.00 (Side area) 
      Cumulative area ratio:   12.25
      Required ratio:    0.00 (Cumulative side area) 

    Layer: via
      Partial area ratio:    0.21
      Required ratio:    6.00 (Gate area) 
      Cumulative area ratio:    0.35
      Required ratio:    0.00 (Cumulative area) 

    Layer: met2
      Partial area ratio:    0.88
      Required ratio:    0.00 (Gate area) 
      Cumulative area ratio:    3.50
      Required ratio:    0.00 (Cumulative area) 
      Partial area ratio:    4.04
      Required ratio:  400.00 (Side area) 
      Cumulative area ratio:   16.29
      Required ratio:    0.00 (Cumulative side area) 

    Layer: via2
      Partial area ratio:    0.19
      Required ratio:    6.00 (Gate area) 
      Cumulative area ratio:    0.53
      Required ratio:    0.00 (Cumulative area) 

    Layer: met3
      Partial area ratio:    0.59
      Required ratio:    0.00 (Gate area) 
      Cumulative area ratio:    4.09
      Required ratio:    0.00 (Cumulative area) 
      Partial area ratio:    5.33
      Required ratio:  400.00 (Side area) 
      Cumulative area ratio:   21.62
      Required ratio:    0.00 (Cumulative side area) 

    Layer: via3
      Partial area ratio:    0.19
      Required ratio:    6.00 (Gate area) 
      Cumulative area ratio:    0.72
      Required ratio:    0.00 (Cumulative area) 

    Layer: met4
      Partial area ratio:   70.75
      Required ratio:    0.00 (Gate area) 
      Cumulative area ratio:   74.84
      Required ratio:    0.00 (Cumulative area) 
      Partial area ratio:  378.42
      Required ratio: 2778.20 (Side area) 
      Cumulative area ratio:  400.05
      Required ratio:    0.00 (Cumulative side area) 



Net: _05925_
  Pin:   wire1568/A (sky130_fd_sc_hd__clkbuf_2)
    Layer: mcon
      Partial area ratio:    0.14
      Required ratio:    3.00 (Gate area) 
      Cumulative area ratio:    0.14
      Required ratio:    0.00 (Cumulative area) 

    Layer: met1
      Partial area ratio:    3.29
      Required ratio:    0.00 (Gate area) 
      Cumulative area ratio:    3.29
      Required ratio:    0.00 (Cumulative area) 
      Partial area ratio:   15.56
      Required ratio:  400.00 (Side area) 
      Cumulative area ratio:   15.56
      Required ratio:    0.00 (Cumulative side area) 

    Layer: via
      Partial area ratio:    0.21
      Required ratio:    6.00 (Gate area) 
      Cumulative area ratio:    0.35
      Required ratio:    0.00 (Cumulative area) 

    Layer: met2
      Partial area ratio:   10.11
      Required ratio:    0.00 (Gate area) 
      Cumulative area ratio:   13.40
      Required ratio:    0.00 (Cumulative area) 
      Partial area ratio:   49.71
      Required ratio:  400.00 (Side area) 
      Cumulative area ratio:   65.27
      Required ratio:    0.00 (Cumulative side area) 

    Layer: via2
      Partial area ratio:    0.19
      Required ratio:    6.00 (Gate area) 
      Cumulative area ratio:    0.53
      Required ratio:    0.00 (Cumulative area) 

    Layer: met3
      Partial area ratio:   97.77
      Required ratio:    0.00 (Gate area) 
      Cumulative area ratio:  111.16
      Required ratio:    0.00 (Cumulative area) 
      Partial area ratio:  523.61
      Required ratio:  400.00 (Side area) (VIOLATED)
      Cumulative area ratio:  588.87
      Required ratio:    0.00 (Cumulative side area) 

    Layer: via3
      Partial area ratio:    0.19
      Required ratio:    6.00 (Gate area) 
      Cumulative area ratio:    0.72
      Required ratio:    0.00 (Cumulative area) 

    Layer: met4
      Partial area ratio:  156.05
      Required ratio:    0.00 (Gate area) 
      Cumulative area ratio:  267.21
      Required ratio:    0.00 (Cumulative area) 
      Partial area ratio:  834.48
      Required ratio: 2918.00 (Side area) 
      Cumulative area ratio: 1423.35
      Required ratio:    0.00 (Cumulative side area) 



Net: _06105_
  Pin:   _09634_/B1_N (sky130_fd_sc_hd__a21boi_2)
    Layer: mcon
      Partial area ratio:    0.23
      Required ratio:    3.00 (Gate area) 
      Cumulative area ratio:    0.23
      Required ratio:    0.00 (Cumulative area) 

    Layer: met1
      Partial area ratio:   98.46
      Required ratio:    0.00 (Gate area) 
      Cumulative area ratio:   98.46
      Required ratio:    0.00 (Cumulative area) 
      Partial area ratio:  490.84
      Required ratio:  400.00 (Side area) (VIOLATED)
      Cumulative area ratio:  490.84
      Required ratio:    0.00 (Cumulative side area) 

    Layer: via
      Partial area ratio:    0.36
      Required ratio:    6.00 (Gate area) 
      Cumulative area ratio:    0.59
      Required ratio:    0.00 (Cumulative area) 

    Layer: met2
      Partial area ratio:    9.95
      Required ratio:    0.00 (Gate area) 
      Cumulative area ratio:  108.42
      Required ratio:    0.00 (Cumulative area) 
      Partial area ratio:   48.67
      Required ratio: 2778.20 (Side area) 
      Cumulative area ratio:  539.51
      Required ratio:    0.00 (Cumulative side area) 



Net: _06483_
  Pin:   _10012_/A1 (sky130_fd_sc_hd__mux2_1)
    Layer: mcon
      Partial area ratio:    0.23
      Required ratio:    3.00 (Gate area) 
      Cumulative area ratio:    0.23
      Required ratio:    0.00 (Cumulative area) 

    Layer: met1
      Partial area ratio:    5.14
      Required ratio:    0.00 (Gate area) 
      Cumulative area ratio:    5.14
      Required ratio:    0.00 (Cumulative area) 
      Partial area ratio:   24.22
      Required ratio:  400.00 (Side area) 
      Cumulative area ratio:   24.22
      Required ratio:    0.00 (Cumulative side area) 

    Layer: via
      Partial area ratio:    0.36
      Required ratio:    6.00 (Gate area) 
      Cumulative area ratio:    0.59
      Required ratio:    0.00 (Cumulative area) 

    Layer: met2
      Partial area ratio:    1.48
      Required ratio:    0.00 (Gate area) 
      Cumulative area ratio:    6.62
      Required ratio:    0.00 (Cumulative area) 
      Partial area ratio:    6.83
      Required ratio:  400.00 (Side area) 
      Cumulative area ratio:   31.06
      Required ratio:    0.00 (Cumulative side area) 

    Layer: via2
      Partial area ratio:    0.32
      Required ratio:    6.00 (Gate area) 
      Cumulative area ratio:    0.90
      Required ratio:    0.00 (Cumulative area) 

    Layer: met3
      Partial area ratio:   17.41
      Required ratio:    0.00 (Gate area) 
      Cumulative area ratio:   24.03
      Required ratio:    0.00 (Cumulative area) 
      Partial area ratio:   96.57
      Required ratio:  400.00 (Side area) 
      Cumulative area ratio:  127.63
      Required ratio:    0.00 (Cumulative side area) 

    Layer: via3
      Partial area ratio:    0.32
      Required ratio:    6.00 (Gate area) 
      Cumulative area ratio:    1.22
      Required ratio:    0.00 (Cumulative area) 

    Layer: met4
      Partial area ratio:  252.40
      Required ratio:    0.00 (Gate area) 
      Cumulative area ratio:  276.44
      Required ratio:    0.00 (Cumulative area) 
      Partial area ratio: 1348.44
      Required ratio: 2778.20 (Side area) 
      Cumulative area ratio: 1476.06
      Required ratio:    0.00 (Cumulative side area) 


  Pin:   _11083_/A2_N (sky130_fd_sc_hd__o2bb2a_2)
    Layer: li1
      Partial area ratio:    0.05
      Required ratio:    0.00 (Gate area) 
      Cumulative area ratio:    0.05
      Required ratio:    0.00 (Cumulative area) 
      Partial area ratio:    0.23
      Required ratio:   75.00 (Side area) 
      Cumulative area ratio:    0.23
      Required ratio:    0.00 (Cumulative side area) 

    Layer: mcon
      Partial area ratio:    0.18
      Required ratio:    3.00 (Gate area) 
      Cumulative area ratio:    0.18
      Required ratio:    0.00 (Cumulative area) 

    Layer: met1
      Partial area ratio:    3.49
      Required ratio:    0.00 (Gate area) 
      Cumulative area ratio:    3.54
      Required ratio:    0.00 (Cumulative area) 
      Partial area ratio:   16.18
      Required ratio:  400.00 (Side area) 
      Cumulative area ratio:   16.42
      Required ratio:    0.00 (Cumulative side area) 

    Layer: via
      Partial area ratio:    0.24
      Required ratio:    6.00 (Gate area) 
      Cumulative area ratio:    0.42
      Required ratio:    0.00 (Cumulative area) 

    Layer: met2
      Partial area ratio:    4.46
      Required ratio:    0.00 (Gate area) 
      Cumulative area ratio:    8.00
      Required ratio:    0.00 (Cumulative area) 
      Partial area ratio:   21.63
      Required ratio:  400.00 (Side area) 
      Cumulative area ratio:   38.04
      Required ratio:    0.00 (Cumulative side area) 

    Layer: via2
      Partial area ratio:    0.14
      Required ratio:    6.00 (Gate area) 
      Cumulative area ratio:    0.56
      Required ratio:    0.00 (Cumulative area) 

    Layer: met3
      Partial area ratio:  138.46
      Required ratio:    0.00 (Gate area) 
      Cumulative area ratio:  146.46
      Required ratio:    0.00 (Cumulative area) 
      Partial area ratio:  740.10
      Required ratio:  400.00 (Side area) (VIOLATED)
      Cumulative area ratio:  778.14
      Required ratio:    0.00 (Cumulative side area) 

    Layer: via3
      Partial area ratio:    0.28
      Required ratio:    6.00 (Gate area) 
      Cumulative area ratio:    0.84
      Required ratio:    0.00 (Cumulative area) 

    Layer: met4
      Partial area ratio:  252.40
      Required ratio:    0.00 (Gate area) 
      Cumulative area ratio:  398.87
      Required ratio:    0.00 (Cumulative area) 
      Partial area ratio: 1348.44
      Required ratio: 2778.20 (Side area) 
      Cumulative area ratio: 2126.58
      Required ratio:    0.00 (Cumulative side area) 


  Pin:   _11086_/B (sky130_fd_sc_hd__or2_2)
    Layer: mcon
      Partial area ratio:    0.23
      Required ratio:    3.00 (Gate area) 
      Cumulative area ratio:    0.23
      Required ratio:    0.00 (Cumulative area) 

    Layer: met1
      Partial area ratio:    3.49
      Required ratio:    0.00 (Gate area) 
      Cumulative area ratio:    3.49
      Required ratio:    0.00 (Cumulative area) 
      Partial area ratio:   16.18
      Required ratio:  400.00 (Side area) 
      Cumulative area ratio:   16.18
      Required ratio:    0.00 (Cumulative side area) 

    Layer: via
      Partial area ratio:    0.24
      Required ratio:    6.00 (Gate area) 
      Cumulative area ratio:    0.47
      Required ratio:    0.00 (Cumulative area) 

    Layer: met2
      Partial area ratio:    4.46
      Required ratio:    0.00 (Gate area) 
      Cumulative area ratio:    7.95
      Required ratio:    0.00 (Cumulative area) 
      Partial area ratio:   21.63
      Required ratio:  400.00 (Side area) 
      Cumulative area ratio:   37.81
      Required ratio:    0.00 (Cumulative side area) 

    Layer: via2
      Partial area ratio:    0.14
      Required ratio:    6.00 (Gate area) 
      Cumulative area ratio:    0.61
      Required ratio:    0.00 (Cumulative area) 

    Layer: met3
      Partial area ratio:  138.46
      Required ratio:    0.00 (Gate area) 
      Cumulative area ratio:  146.41
      Required ratio:    0.00 (Cumulative area) 
      Partial area ratio:  740.10
      Required ratio:  400.00 (Side area) (VIOLATED)
      Cumulative area ratio:  777.91
      Required ratio:    0.00 (Cumulative side area) 

    Layer: via3
      Partial area ratio:    0.28
      Required ratio:    6.00 (Gate area) 
      Cumulative area ratio:    0.89
      Required ratio:    0.00 (Cumulative area) 

    Layer: met4
      Partial area ratio:  252.40
      Required ratio:    0.00 (Gate area) 
      Cumulative area ratio:  398.82
      Required ratio:    0.00 (Cumulative area) 
      Partial area ratio: 1348.44
      Required ratio: 2778.20 (Side area) 
      Cumulative area ratio: 2126.35
      Required ratio:    0.00 (Cumulative side area) 



Net: _06878_
  Pin:   _10407_/A1 (sky130_fd_sc_hd__mux2_1)
    Layer: mcon
      Partial area ratio:    0.23
      Required ratio:    3.00 (Gate area) 
      Cumulative area ratio:    0.23
      Required ratio:    0.00 (Cumulative area) 

    Layer: met1
      Partial area ratio:    9.76
      Required ratio:    0.00 (Gate area) 
      Cumulative area ratio:    9.76
      Required ratio:    0.00 (Cumulative area) 
      Partial area ratio:   47.33
      Required ratio:  400.00 (Side area) 
      Cumulative area ratio:   47.33
      Required ratio:    0.00 (Cumulative side area) 

    Layer: via
      Partial area ratio:    0.36
      Required ratio:    6.00 (Gate area) 
      Cumulative area ratio:    0.59
      Required ratio:    0.00 (Cumulative area) 

    Layer: met2
      Partial area ratio:    8.46
      Required ratio:    0.00 (Gate area) 
      Cumulative area ratio:   18.23
      Required ratio:    0.00 (Cumulative area) 
      Partial area ratio:   41.83
      Required ratio:  400.00 (Side area) 
      Cumulative area ratio:   89.16
      Required ratio:    0.00 (Cumulative side area) 

    Layer: via2
      Partial area ratio:    0.06
      Required ratio:    6.00 (Gate area) 
      Cumulative area ratio:    0.65
      Required ratio:    0.00 (Cumulative area) 

    Layer: met3
      Partial area ratio:    0.20
      Required ratio:    0.00 (Gate area) 
      Cumulative area ratio:   18.43
      Required ratio:    0.00 (Cumulative area) 
      Partial area ratio:    1.83
      Required ratio:  400.00 (Side area) 
      Cumulative area ratio:   90.99
      Required ratio:    0.00 (Cumulative side area) 

    Layer: via3
      Partial area ratio:    0.06
      Required ratio:    6.00 (Gate area) 
      Cumulative area ratio:    0.72
      Required ratio:    0.00 (Cumulative area) 

    Layer: met4
      Partial area ratio:  111.92
      Required ratio:    0.00 (Gate area) 
      Cumulative area ratio:  130.35
      Required ratio:    0.00 (Cumulative area) 
      Partial area ratio:  598.71
      Required ratio: 3115.20 (Side area) 
      Cumulative area ratio:  689.70
      Required ratio:    0.00 (Cumulative side area) 


  Pin:   _10656_/A (sky130_fd_sc_hd__nand2_2)
    Layer: mcon
      Partial area ratio:    0.06
      Required ratio:    3.00 (Gate area) 
      Cumulative area ratio:    0.06
      Required ratio:    0.00 (Cumulative area) 

    Layer: met1
      Partial area ratio:    1.67
      Required ratio:    0.00 (Gate area) 
      Cumulative area ratio:    1.67
      Required ratio:    0.00 (Cumulative area) 
      Partial area ratio:    7.98
      Required ratio:  400.00 (Side area) 
      Cumulative area ratio:    7.98
      Required ratio:    0.00 (Cumulative side area) 

    Layer: via
      Partial area ratio:    0.09
      Required ratio:    6.00 (Gate area) 
      Cumulative area ratio:    0.15
      Required ratio:    0.00 (Cumulative area) 

    Layer: met2
      Partial area ratio:    8.46
      Required ratio:    0.00 (Gate area) 
      Cumulative area ratio:   10.14
      Required ratio:    0.00 (Cumulative area) 
      Partial area ratio:   41.83
      Required ratio:  400.00 (Side area) 
      Cumulative area ratio:   49.81
      Required ratio:    0.00 (Cumulative side area) 

    Layer: via2
      Partial area ratio:    0.06
      Required ratio:    6.00 (Gate area) 
      Cumulative area ratio:    0.21
      Required ratio:    0.00 (Cumulative area) 

    Layer: met3
      Partial area ratio:    0.20
      Required ratio:    0.00 (Gate area) 
      Cumulative area ratio:   10.34
      Required ratio:    0.00 (Cumulative area) 
      Partial area ratio:    1.83
      Required ratio:  400.00 (Side area) 
      Cumulative area ratio:   51.64
      Required ratio:    0.00 (Cumulative side area) 

    Layer: via3
      Partial area ratio:    0.06
      Required ratio:    6.00 (Gate area) 
      Cumulative area ratio:    0.28
      Required ratio:    0.00 (Cumulative area) 

    Layer: met4
      Partial area ratio:  111.92
      Required ratio:    0.00 (Gate area) 
      Cumulative area ratio:  122.26
      Required ratio:    0.00 (Cumulative area) 
      Partial area ratio:  598.71
      Required ratio: 3115.20 (Side area) 
      Cumulative area ratio:  650.35
      Required ratio:    0.00 (Cumulative side area) 


  Pin:   _10715_/A1_N (sky130_fd_sc_hd__a2bb2o_2)
    Layer: mcon
      Partial area ratio:    0.18
      Required ratio:    3.00 (Gate area) 
      Cumulative area ratio:    0.18
      Required ratio:    0.00 (Cumulative area) 

    Layer: met1
      Partial area ratio:    3.08
      Required ratio:    0.00 (Gate area) 
      Cumulative area ratio:    3.08
      Required ratio:    0.00 (Cumulative area) 
      Partial area ratio:   14.13
      Required ratio:  400.00 (Side area) 
      Cumulative area ratio:   14.13
      Required ratio:    0.00 (Cumulative side area) 

    Layer: via
      Partial area ratio:    0.28
      Required ratio:    6.00 (Gate area) 
      Cumulative area ratio:    0.46
      Required ratio:    0.00 (Cumulative area) 

    Layer: met2
      Partial area ratio:   62.26
      Required ratio:    0.00 (Gate area) 
      Cumulative area ratio:   65.33
      Required ratio:    0.00 (Cumulative area) 
      Partial area ratio:  309.81
      Required ratio:  400.00 (Side area) 
      Cumulative area ratio:  323.94
      Required ratio:    0.00 (Cumulative side area) 

    Layer: via2
      Partial area ratio:    0.50
      Required ratio:    6.00 (Gate area) 
      Cumulative area ratio:    0.97
      Required ratio:    0.00 (Cumulative area) 

    Layer: met3
      Partial area ratio:  118.74
      Required ratio:    0.00 (Gate area) 
      Cumulative area ratio:  184.07
      Required ratio:    0.00 (Cumulative area) 
      Partial area ratio:  639.14
      Required ratio:  400.00 (Side area) (VIOLATED)
      Cumulative area ratio:  963.08
      Required ratio:    0.00 (Cumulative side area) 

    Layer: via3
      Partial area ratio:    0.50
      Required ratio:    6.00 (Gate area) 
      Cumulative area ratio:    1.47
      Required ratio:    0.00 (Cumulative area) 

    Layer: met4
      Partial area ratio:  111.92
      Required ratio:    0.00 (Gate area) 
      Cumulative area ratio:  295.99
      Required ratio:    0.00 (Cumulative area) 
      Partial area ratio:  598.71
      Required ratio: 3115.20 (Side area) 
      Cumulative area ratio: 1561.79
      Required ratio:    0.00 (Cumulative side area) 



Net: _07747_
  Pin:   _11305_/A2 (sky130_fd_sc_hd__a22o_2)
    Layer: mcon
      Partial area ratio:    0.12
      Required ratio:    3.00 (Gate area) 
      Cumulative area ratio:    0.12
      Required ratio:    0.00 (Cumulative area) 

    Layer: met1
      Partial area ratio:    1.57
      Required ratio:    0.00 (Gate area) 
      Cumulative area ratio:    1.57
      Required ratio:    0.00 (Cumulative area) 
      Partial area ratio:    6.98
      Required ratio:  400.00 (Side area) 
      Cumulative area ratio:    6.98
      Required ratio:    0.00 (Cumulative side area) 

    Layer: via
      Partial area ratio:    0.17
      Required ratio:    6.00 (Gate area) 
      Cumulative area ratio:    0.28
      Required ratio:    0.00 (Cumulative area) 

    Layer: met2
      Partial area ratio:    2.57
      Required ratio:    0.00 (Gate area) 
      Cumulative area ratio:    4.15
      Required ratio:    0.00 (Cumulative area) 
      Partial area ratio:   12.65
      Required ratio:  400.00 (Side area) 
      Cumulative area ratio:   19.63
      Required ratio:    0.00 (Cumulative side area) 

    Layer: via2
      Partial area ratio:    0.04
      Required ratio:    6.00 (Gate area) 
      Cumulative area ratio:    0.33
      Required ratio:    0.00 (Cumulative area) 

    Layer: met3
      Partial area ratio:   18.51
      Required ratio:    0.00 (Gate area) 
      Cumulative area ratio:   22.65
      Required ratio:    0.00 (Cumulative area) 
      Partial area ratio:   99.22
      Required ratio:  400.00 (Side area) 
      Cumulative area ratio:  118.85
      Required ratio:    0.00 (Cumulative side area) 

    Layer: via3
      Partial area ratio:    0.04
      Required ratio:    6.00 (Gate area) 
      Cumulative area ratio:    0.37
      Required ratio:    0.00 (Cumulative area) 

    Layer: met4
      Partial area ratio:   61.13
      Required ratio:    0.00 (Gate area) 
      Cumulative area ratio:   83.78
      Required ratio:    0.00 (Cumulative area) 
      Partial area ratio:  326.41
      Required ratio: 2857.40 (Side area) 
      Cumulative area ratio:  445.26
      Required ratio:    0.00 (Cumulative side area) 


  Pin:   _11339_/B2 (sky130_fd_sc_hd__o2bb2a_2)
    Layer: mcon
      Partial area ratio:    0.18
      Required ratio:    3.00 (Gate area) 
      Cumulative area ratio:    0.18
      Required ratio:    0.00 (Cumulative area) 

    Layer: met1
      Partial area ratio:    1.57
      Required ratio:    0.00 (Gate area) 
      Cumulative area ratio:    1.57
      Required ratio:    0.00 (Cumulative area) 
      Partial area ratio:    6.98
      Required ratio:  400.00 (Side area) 
      Cumulative area ratio:    6.98
      Required ratio:    0.00 (Cumulative side area) 

    Layer: via
      Partial area ratio:    0.17
      Required ratio:    6.00 (Gate area) 
      Cumulative area ratio:    0.35
      Required ratio:    0.00 (Cumulative area) 

    Layer: met2
      Partial area ratio:    2.57
      Required ratio:    0.00 (Gate area) 
      Cumulative area ratio:    4.15
      Required ratio:    0.00 (Cumulative area) 
      Partial area ratio:   12.65
      Required ratio:  400.00 (Side area) 
      Cumulative area ratio:   19.63
      Required ratio:    0.00 (Cumulative side area) 

    Layer: via2
      Partial area ratio:    0.04
      Required ratio:    6.00 (Gate area) 
      Cumulative area ratio:    0.39
      Required ratio:    0.00 (Cumulative area) 

    Layer: met3
      Partial area ratio:   18.51
      Required ratio:    0.00 (Gate area) 
      Cumulative area ratio:   22.65
      Required ratio:    0.00 (Cumulative area) 
      Partial area ratio:   99.22
      Required ratio:  400.00 (Side area) 
      Cumulative area ratio:  118.85
      Required ratio:    0.00 (Cumulative side area) 

    Layer: via3
      Partial area ratio:    0.04
      Required ratio:    6.00 (Gate area) 
      Cumulative area ratio:    0.44
      Required ratio:    0.00 (Cumulative area) 

    Layer: met4
      Partial area ratio:   61.13
      Required ratio:    0.00 (Gate area) 
      Cumulative area ratio:   83.78
      Required ratio:    0.00 (Cumulative area) 
      Partial area ratio:  326.41
      Required ratio: 2857.40 (Side area) 
      Cumulative area ratio:  445.26
      Required ratio:    0.00 (Cumulative side area) 


  Pin:   _12546_/A2 (sky130_fd_sc_hd__o21ai_2)
    Layer: mcon
      Partial area ratio:    0.06
      Required ratio:    3.00 (Gate area) 
      Cumulative area ratio:    0.06
      Required ratio:    0.00 (Cumulative area) 

    Layer: met1
      Partial area ratio:    1.39
      Required ratio:    0.00 (Gate area) 
      Cumulative area ratio:    1.39
      Required ratio:    0.00 (Cumulative area) 
      Partial area ratio:    6.59
      Required ratio:  400.00 (Side area) 
      Cumulative area ratio:    6.59
      Required ratio:    0.00 (Cumulative side area) 

    Layer: via
      Partial area ratio:    0.09
      Required ratio:    6.00 (Gate area) 
      Cumulative area ratio:    0.15
      Required ratio:    0.00 (Cumulative area) 

    Layer: met2
      Partial area ratio:    2.57
      Required ratio:    0.00 (Gate area) 
      Cumulative area ratio:    3.97
      Required ratio:    0.00 (Cumulative area) 
      Partial area ratio:   12.65
      Required ratio:  400.00 (Side area) 
      Cumulative area ratio:   19.23
      Required ratio:    0.00 (Cumulative side area) 

    Layer: via2
      Partial area ratio:    0.04
      Required ratio:    6.00 (Gate area) 
      Cumulative area ratio:    0.19
      Required ratio:    0.00 (Cumulative area) 

    Layer: met3
      Partial area ratio:   18.51
      Required ratio:    0.00 (Gate area) 
      Cumulative area ratio:   22.47
      Required ratio:    0.00 (Cumulative area) 
      Partial area ratio:   99.22
      Required ratio:  400.00 (Side area) 
      Cumulative area ratio:  118.46
      Required ratio:    0.00 (Cumulative side area) 

    Layer: via3
      Partial area ratio:    0.04
      Required ratio:    6.00 (Gate area) 
      Cumulative area ratio:    0.24
      Required ratio:    0.00 (Cumulative area) 

    Layer: met4
      Partial area ratio:   61.13
      Required ratio:    0.00 (Gate area) 
      Cumulative area ratio:   83.60
      Required ratio:    0.00 (Cumulative area) 
      Partial area ratio:  326.41
      Required ratio: 2857.40 (Side area) 
      Cumulative area ratio:  444.86
      Required ratio:    0.00 (Cumulative side area) 


  Pin:   _12723_/A0 (sky130_fd_sc_hd__mux2_1)
    Layer: mcon
      Partial area ratio:    0.23
      Required ratio:    3.00 (Gate area) 
      Cumulative area ratio:    0.23
      Required ratio:    0.00 (Cumulative area) 

    Layer: met1
      Partial area ratio:    2.87
      Required ratio:    0.00 (Gate area) 
      Cumulative area ratio:    2.87
      Required ratio:    0.00 (Cumulative area) 
      Partial area ratio:   13.48
      Required ratio:  400.00 (Side area) 
      Cumulative area ratio:   13.48
      Required ratio:    0.00 (Cumulative side area) 

    Layer: via
      Partial area ratio:    0.25
      Required ratio:    6.00 (Gate area) 
      Cumulative area ratio:    0.48
      Required ratio:    0.00 (Cumulative area) 

    Layer: met2
      Partial area ratio:    0.94
      Required ratio:    0.00 (Gate area) 
      Cumulative area ratio:    3.82
      Required ratio:    0.00 (Cumulative area) 
      Partial area ratio:    3.87
      Required ratio:  400.00 (Side area) 
      Cumulative area ratio:   17.36
      Required ratio:    0.00 (Cumulative side area) 

    Layer: via2
      Partial area ratio:    0.32
      Required ratio:    6.00 (Gate area) 
      Cumulative area ratio:    0.79
      Required ratio:    0.00 (Cumulative area) 

    Layer: met3
      Partial area ratio:  247.41
      Required ratio:    0.00 (Gate area) 
      Cumulative area ratio:  251.23
      Required ratio:    0.00 (Cumulative area) 
      Partial area ratio: 1323.24
      Required ratio:  400.00 (Side area) (VIOLATED)
      Cumulative area ratio: 1340.59
      Required ratio:    0.00 (Cumulative side area) 

    Layer: via3
      Partial area ratio:    0.32
      Required ratio:    6.00 (Gate area) 
      Cumulative area ratio:    1.11
      Required ratio:    0.00 (Cumulative area) 

    Layer: met4
      Partial area ratio:   61.13
      Required ratio:    0.00 (Gate area) 
      Cumulative area ratio:  312.35
      Required ratio:    0.00 (Cumulative area) 
      Partial area ratio:  326.41
      Required ratio: 2857.40 (Side area) 
      Cumulative area ratio: 1667.00
      Required ratio:    0.00 (Cumulative side area) 


  Pin:   _12753_/A1 (sky130_fd_sc_hd__mux2_1)
    Layer: mcon
      Partial area ratio:    0.23
      Required ratio:    3.00 (Gate area) 
      Cumulative area ratio:    0.23
      Required ratio:    0.00 (Cumulative area) 

    Layer: met1
      Partial area ratio:    4.32
      Required ratio:    0.00 (Gate area) 
      Cumulative area ratio:    4.32
      Required ratio:    0.00 (Cumulative area) 
      Partial area ratio:   20.11
      Required ratio:  400.00 (Side area) 
      Cumulative area ratio:   20.11
      Required ratio:    0.00 (Cumulative side area) 

    Layer: via
      Partial area ratio:    0.36
      Required ratio:    6.00 (Gate area) 
      Cumulative area ratio:    0.59
      Required ratio:    0.00 (Cumulative area) 

    Layer: met2
      Partial area ratio:  126.05
      Required ratio:    0.00 (Gate area) 
      Cumulative area ratio:  130.37
      Required ratio:    0.00 (Cumulative area) 
      Partial area ratio:  627.81
      Required ratio: 2857.40 (Side area) 
      Cumulative area ratio:  647.92
      Required ratio:    0.00 (Cumulative side area) 

    Layer: via2
      Partial area ratio:    0.32
      Required ratio:   29.17 (Gate area) 
      Cumulative area ratio:    0.90
      Required ratio:    0.00 (Cumulative area) 

    Layer: met3
      Partial area ratio:    0.99
      Required ratio:    0.00 (Gate area) 
      Cumulative area ratio:  131.36
      Required ratio:    0.00 (Cumulative area) 
      Partial area ratio:    9.02
      Required ratio: 2857.40 (Side area) 
      Cumulative area ratio:  656.93
      Required ratio:    0.00 (Cumulative side area) 

    Layer: via3
      Partial area ratio:    0.32
      Required ratio:   29.17 (Gate area) 
      Cumulative area ratio:    1.22
      Required ratio:    0.00 (Cumulative area) 

    Layer: met4
      Partial area ratio:   61.13
      Required ratio:    0.00 (Gate area) 
      Cumulative area ratio:  192.49
      Required ratio:    0.00 (Cumulative area) 
      Partial area ratio:  326.41
      Required ratio: 2857.40 (Side area) 
      Cumulative area ratio:  983.34
      Required ratio:    0.00 (Cumulative side area) 



Net: _08252_
  Pin:   _11981_/C1 (sky130_fd_sc_hd__o211a_2)
    Layer: mcon
      Partial area ratio:    0.12
      Required ratio:    3.00 (Gate area) 
      Cumulative area ratio:    0.12
      Required ratio:    0.00 (Cumulative area) 

    Layer: met1
      Partial area ratio:    2.76
      Required ratio:    0.00 (Gate area) 
      Cumulative area ratio:    2.76
      Required ratio:    0.00 (Cumulative area) 
      Partial area ratio:   13.06
      Required ratio:  400.00 (Side area) 
      Cumulative area ratio:   13.06
      Required ratio:    0.00 (Cumulative side area) 

    Layer: via
      Partial area ratio:    0.18
      Required ratio:    6.00 (Gate area) 
      Cumulative area ratio:    0.30
      Required ratio:    0.00 (Cumulative area) 

    Layer: met2
      Partial area ratio:    4.87
      Required ratio:    0.00 (Gate area) 
      Cumulative area ratio:    7.63
      Required ratio:    0.00 (Cumulative area) 
      Partial area ratio:   23.39
      Required ratio:  400.00 (Side area) 
      Cumulative area ratio:   36.45
      Required ratio:    0.00 (Cumulative side area) 

    Layer: via2
      Partial area ratio:    0.32
      Required ratio:    6.00 (Gate area) 
      Cumulative area ratio:    0.62
      Required ratio:    0.00 (Cumulative area) 

    Layer: met3
      Partial area ratio:    9.37
      Required ratio:    0.00 (Gate area) 
      Cumulative area ratio:   17.00
      Required ratio:    0.00 (Cumulative area) 
      Partial area ratio:   53.75
      Required ratio:  400.00 (Side area) 
      Cumulative area ratio:   90.20
      Required ratio:    0.00 (Cumulative side area) 

    Layer: via3
      Partial area ratio:    0.32
      Required ratio:    6.00 (Gate area) 
      Cumulative area ratio:    0.95
      Required ratio:    0.00 (Cumulative area) 

    Layer: met4
      Partial area ratio:   54.60
      Required ratio:    0.00 (Gate area) 
      Cumulative area ratio:   71.60
      Required ratio:    0.00 (Cumulative area) 
      Partial area ratio:  292.17
      Required ratio: 3096.80 (Side area) 
      Cumulative area ratio:  382.37
      Required ratio:    0.00 (Cumulative side area) 


  Pin:   _12261_/C1 (sky130_fd_sc_hd__o311a_2)
    Layer: mcon
      Partial area ratio:    0.12
      Required ratio:    3.00 (Gate area) 
      Cumulative area ratio:    0.12
      Required ratio:    0.00 (Cumulative area) 

    Layer: met1
      Partial area ratio:    1.89
      Required ratio:    0.00 (Gate area) 
      Cumulative area ratio:    1.89
      Required ratio:    0.00 (Cumulative area) 
      Partial area ratio:    8.72
      Required ratio:  400.00 (Side area) 
      Cumulative area ratio:    8.72
      Required ratio:    0.00 (Cumulative side area) 

    Layer: via
      Partial area ratio:    0.18
      Required ratio:    6.00 (Gate area) 
      Cumulative area ratio:    0.30
      Required ratio:    0.00 (Cumulative area) 

    Layer: met2
      Partial area ratio:    0.75
      Required ratio:    0.00 (Gate area) 
      Cumulative area ratio:    2.65
      Required ratio:    0.00 (Cumulative area) 
      Partial area ratio:    3.48
      Required ratio:  400.00 (Side area) 
      Cumulative area ratio:   12.20
      Required ratio:    0.00 (Cumulative side area) 

    Layer: via2
      Partial area ratio:    0.16
      Required ratio:    6.00 (Gate area) 
      Cumulative area ratio:    0.46
      Required ratio:    0.00 (Cumulative area) 

    Layer: met3
      Partial area ratio:   84.14
      Required ratio:    0.00 (Gate area) 
      Cumulative area ratio:   86.79
      Required ratio:    0.00 (Cumulative area) 
      Partial area ratio:  450.62
      Required ratio:  400.00 (Side area) (VIOLATED)
      Cumulative area ratio:  462.82
      Required ratio:    0.00 (Cumulative side area) 

    Layer: via3
      Partial area ratio:    0.16
      Required ratio:    6.00 (Gate area) 
      Cumulative area ratio:    0.62
      Required ratio:    0.00 (Cumulative area) 

    Layer: met4
      Partial area ratio:   54.60
      Required ratio:    0.00 (Gate area) 
      Cumulative area ratio:  141.39
      Required ratio:    0.00 (Cumulative area) 
      Partial area ratio:  292.17
      Required ratio: 3096.80 (Side area) 
      Cumulative area ratio:  754.99
      Required ratio:    0.00 (Cumulative side area) 


  Pin:   max_cap2305/A (sky130_fd_sc_hd__buf_6)
    Layer: mcon
      Partial area ratio:    0.06
      Required ratio:    3.00 (Gate area) 
      Cumulative area ratio:    0.06
      Required ratio:    0.00 (Cumulative area) 

    Layer: met1
      Partial area ratio:    2.94
      Required ratio:    0.00 (Gate area) 
      Cumulative area ratio:    2.94
      Required ratio:    0.00 (Cumulative area) 
      Partial area ratio:   13.95
      Required ratio: 3096.80 (Side area) 
      Cumulative area ratio:   13.95
      Required ratio:    0.00 (Cumulative side area) 

    Layer: via
      Partial area ratio:    0.14
      Required ratio:   50.71 (Gate area) 
      Cumulative area ratio:    0.19
      Required ratio:    0.00 (Cumulative area) 

    Layer: met2
      Partial area ratio:    0.55
      Required ratio:    0.00 (Gate area) 
      Cumulative area ratio:    3.48
      Required ratio:    0.00 (Cumulative area) 
      Partial area ratio:    2.56
      Required ratio: 3096.80 (Side area) 
      Cumulative area ratio:   16.51
      Required ratio:    0.00 (Cumulative side area) 

    Layer: via2
      Partial area ratio:    0.08
      Required ratio:   50.71 (Gate area) 
      Cumulative area ratio:    0.28
      Required ratio:    0.00 (Cumulative area) 

    Layer: met3
      Partial area ratio:    0.25
      Required ratio:    0.00 (Gate area) 
      Cumulative area ratio:    3.73
      Required ratio:    0.00 (Cumulative area) 
      Partial area ratio:    2.29
      Required ratio: 3096.80 (Side area) 
      Cumulative area ratio:   18.81
      Required ratio:    0.00 (Cumulative side area) 

    Layer: via3
      Partial area ratio:    0.08
      Required ratio:   50.71 (Gate area) 
      Cumulative area ratio:    0.36
      Required ratio:    0.00 (Cumulative area) 

    Layer: met4
      Partial area ratio:   54.60
      Required ratio:    0.00 (Gate area) 
      Cumulative area ratio:   58.34
      Required ratio:    0.00 (Cumulative area) 
      Partial area ratio:  292.17
      Required ratio: 3096.80 (Side area) 
      Cumulative area ratio:  310.98
      Required ratio:    0.00 (Cumulative side area) 



Net: _08270_
  Pin:   _11882_/A2 (sky130_fd_sc_hd__a31o_2)
    Layer: mcon
      Partial area ratio:    0.12
      Required ratio:    3.00 (Gate area) 
      Cumulative area ratio:    0.12
      Required ratio:    0.00 (Cumulative area) 

    Layer: met1
      Partial area ratio:    2.30
      Required ratio:    0.00 (Gate area) 
      Cumulative area ratio:    2.30
      Required ratio:    0.00 (Cumulative area) 
      Partial area ratio:   10.76
      Required ratio:  400.00 (Side area) 
      Cumulative area ratio:   10.76
      Required ratio:    0.00 (Cumulative side area) 

    Layer: via
      Partial area ratio:    0.18
      Required ratio:    6.00 (Gate area) 
      Cumulative area ratio:    0.30
      Required ratio:    0.00 (Cumulative area) 

    Layer: met2
      Partial area ratio:   36.75
      Required ratio:    0.00 (Gate area) 
      Cumulative area ratio:   39.05
      Required ratio:    0.00 (Cumulative area) 
      Partial area ratio:  181.87
      Required ratio: 2778.20 (Side area) 
      Cumulative area ratio:  192.63
      Required ratio:    0.00 (Cumulative side area) 

    Layer: via2
      Partial area ratio:    0.16
      Required ratio:   22.04 (Gate area) 
      Cumulative area ratio:    0.46
      Required ratio:    0.00 (Cumulative area) 

    Layer: met3
      Partial area ratio:    0.50
      Required ratio:    0.00 (Gate area) 
      Cumulative area ratio:   39.55
      Required ratio:    0.00 (Cumulative area) 
      Partial area ratio:    4.59
      Required ratio: 2778.20 (Side area) 
      Cumulative area ratio:  197.22
      Required ratio:    0.00 (Cumulative side area) 

    Layer: via3
      Partial area ratio:    0.16
      Required ratio:   22.04 (Gate area) 
      Cumulative area ratio:    0.62
      Required ratio:    0.00 (Cumulative area) 

    Layer: met4
      Partial area ratio:   80.13
      Required ratio:    0.00 (Gate area) 
      Cumulative area ratio:  119.69
      Required ratio:    0.00 (Cumulative area) 
      Partial area ratio:  423.70
      Required ratio: 2778.20 (Side area) 
      Cumulative area ratio:  620.92
      Required ratio:    0.00 (Cumulative side area) 

    Layer: via4
      Partial area ratio:    0.74
      Required ratio:   22.04 (Gate area) 
      Cumulative area ratio:    1.36
      Required ratio:    0.00 (Cumulative area) 

    Layer: met5
      Partial area ratio:  279.28
      Required ratio:    0.00 (Gate area) 
      Cumulative area ratio:  398.97
      Required ratio:    0.00 (Cumulative area) 
      Partial area ratio:  422.37
      Required ratio: 2778.20 (Side area) 
      Cumulative area ratio: 1043.29
      Required ratio:    0.00 (Cumulative side area) 


  Pin:   _12112_/A (sky130_fd_sc_hd__and3_2)
    Layer: mcon
      Partial area ratio:    0.23
      Required ratio:    3.00 (Gate area) 
      Cumulative area ratio:    0.23
      Required ratio:    0.00 (Cumulative area) 

    Layer: met1
      Partial area ratio:    4.12
      Required ratio:    0.00 (Gate area) 
      Cumulative area ratio:    4.12
      Required ratio:    0.00 (Cumulative area) 
      Partial area ratio:   19.13
      Required ratio:  400.00 (Side area) 
      Cumulative area ratio:   19.13
      Required ratio:    0.00 (Cumulative side area) 

    Layer: via
      Partial area ratio:    0.36
      Required ratio:    6.00 (Gate area) 
      Cumulative area ratio:    0.59
      Required ratio:    0.00 (Cumulative area) 

    Layer: met2
      Partial area ratio:    1.48
      Required ratio:    0.00 (Gate area) 
      Cumulative area ratio:    5.60
      Required ratio:    0.00 (Cumulative area) 
      Partial area ratio:    6.83
      Required ratio:  400.00 (Side area) 
      Cumulative area ratio:   25.96
      Required ratio:    0.00 (Cumulative side area) 

    Layer: via2
      Partial area ratio:    0.32
      Required ratio:    6.00 (Gate area) 
      Cumulative area ratio:    0.90
      Required ratio:    0.00 (Cumulative area) 

    Layer: met3
      Partial area ratio:   39.14
      Required ratio:    0.00 (Gate area) 
      Cumulative area ratio:   44.74
      Required ratio:    0.00 (Cumulative area) 
      Partial area ratio:  209.97
      Required ratio:  400.00 (Side area) 
      Cumulative area ratio:  235.93
      Required ratio:    0.00 (Cumulative side area) 

    Layer: via3
      Partial area ratio:    0.11
      Required ratio:    6.00 (Gate area) 
      Cumulative area ratio:    1.01
      Required ratio:    0.00 (Cumulative area) 

    Layer: met4
      Partial area ratio:   80.13
      Required ratio:    0.00 (Gate area) 
      Cumulative area ratio:  124.87
      Required ratio:    0.00 (Cumulative area) 
      Partial area ratio:  423.70
      Required ratio: 2778.20 (Side area) 
      Cumulative area ratio:  659.63
      Required ratio:    0.00 (Cumulative side area) 

    Layer: via4
      Partial area ratio:    0.74
      Required ratio:   22.04 (Gate area) 
      Cumulative area ratio:    1.75
      Required ratio:    0.00 (Cumulative area) 

    Layer: met5
      Partial area ratio:  279.28
      Required ratio:    0.00 (Gate area) 
      Cumulative area ratio:  404.16
      Required ratio:    0.00 (Cumulative area) 
      Partial area ratio:  422.37
      Required ratio: 2778.20 (Side area) 
      Cumulative area ratio: 1082.00
      Required ratio:    0.00 (Cumulative side area) 


  Pin:   _12223_/C1 (sky130_fd_sc_hd__o311a_2)
    Layer: mcon
      Partial area ratio:    0.12
      Required ratio:    3.00 (Gate area) 
      Cumulative area ratio:    0.12
      Required ratio:    0.00 (Cumulative area) 

    Layer: met1
      Partial area ratio:    3.79
      Required ratio:    0.00 (Gate area) 
      Cumulative area ratio:    3.79
      Required ratio:    0.00 (Cumulative area) 
      Partial area ratio:   18.18
      Required ratio:  400.00 (Side area) 
      Cumulative area ratio:   18.18
      Required ratio:    0.00 (Cumulative side area) 

    Layer: via
      Partial area ratio:    0.18
      Required ratio:    6.00 (Gate area) 
      Cumulative area ratio:    0.30
      Required ratio:    0.00 (Cumulative area) 

    Layer: met2
      Partial area ratio:    4.80
      Required ratio:    0.00 (Gate area) 
      Cumulative area ratio:    8.58
      Required ratio:    0.00 (Cumulative area) 
      Partial area ratio:   23.26
      Required ratio:  400.00 (Side area) 
      Cumulative area ratio:   41.44
      Required ratio:    0.00 (Cumulative side area) 

    Layer: via2
      Partial area ratio:    0.16
      Required ratio:    6.00 (Gate area) 
      Cumulative area ratio:    0.46
      Required ratio:    0.00 (Cumulative area) 

    Layer: met3
      Partial area ratio:   39.14
      Required ratio:    0.00 (Gate area) 
      Cumulative area ratio:   47.72
      Required ratio:    0.00 (Cumulative area) 
      Partial area ratio:  209.97
      Required ratio:  400.00 (Side area) 
      Cumulative area ratio:  251.41
      Required ratio:    0.00 (Cumulative side area) 

    Layer: via3
      Partial area ratio:    0.11
      Required ratio:    6.00 (Gate area) 
      Cumulative area ratio:    0.57
      Required ratio:    0.00 (Cumulative area) 

    Layer: met4
      Partial area ratio:   80.13
      Required ratio:    0.00 (Gate area) 
      Cumulative area ratio:  127.85
      Required ratio:    0.00 (Cumulative area) 
      Partial area ratio:  423.70
      Required ratio: 2778.20 (Side area) 
      Cumulative area ratio:  675.11
      Required ratio:    0.00 (Cumulative side area) 

    Layer: via4
      Partial area ratio:    0.74
      Required ratio:   22.04 (Gate area) 
      Cumulative area ratio:    1.30
      Required ratio:    0.00 (Cumulative area) 

    Layer: met5
      Partial area ratio:  279.28
      Required ratio:    0.00 (Gate area) 
      Cumulative area ratio:  407.14
      Required ratio:    0.00 (Cumulative area) 
      Partial area ratio:  422.37
      Required ratio: 2778.20 (Side area) 
      Cumulative area ratio: 1097.48
      Required ratio:    0.00 (Cumulative side area) 


  Pin:   _12336_/C1 (sky130_fd_sc_hd__o311a_2)
    Layer: mcon
      Partial area ratio:    0.12
      Required ratio:    3.00 (Gate area) 
      Cumulative area ratio:    0.12
      Required ratio:    0.00 (Cumulative area) 

    Layer: met1
      Partial area ratio:    2.22
      Required ratio:    0.00 (Gate area) 
      Cumulative area ratio:    2.22
      Required ratio:    0.00 (Cumulative area) 
      Partial area ratio:   10.23
      Required ratio:  400.00 (Side area) 
      Cumulative area ratio:   10.23
      Required ratio:    0.00 (Cumulative side area) 

    Layer: via
      Partial area ratio:    0.18
      Required ratio:    6.00 (Gate area) 
      Cumulative area ratio:    0.30
      Required ratio:    0.00 (Cumulative area) 

    Layer: met2
      Partial area ratio:    0.75
      Required ratio:    0.00 (Gate area) 
      Cumulative area ratio:    2.98
      Required ratio:    0.00 (Cumulative area) 
      Partial area ratio:    3.48
      Required ratio:  400.00 (Side area) 
      Cumulative area ratio:   13.71
      Required ratio:    0.00 (Cumulative side area) 

    Layer: via2
      Partial area ratio:    0.16
      Required ratio:    6.00 (Gate area) 
      Cumulative area ratio:    0.46
      Required ratio:    0.00 (Cumulative area) 

    Layer: met3
      Partial area ratio:    0.50
      Required ratio:    0.00 (Gate area) 
      Cumulative area ratio:    3.48
      Required ratio:    0.00 (Cumulative area) 
      Partial area ratio:    4.59
      Required ratio:  400.00 (Side area) 
      Cumulative area ratio:   18.30
      Required ratio:    0.00 (Cumulative side area) 

    Layer: via3
      Partial area ratio:    0.16
      Required ratio:    6.00 (Gate area) 
      Cumulative area ratio:    0.62
      Required ratio:    0.00 (Cumulative area) 

    Layer: met4
      Partial area ratio:    5.63
      Required ratio:    0.00 (Gate area) 
      Cumulative area ratio:    9.11
      Required ratio:    0.00 (Cumulative area) 
      Partial area ratio:   15.26
      Required ratio:  400.00 (Side area) 
      Cumulative area ratio:   33.56
      Required ratio:    0.00 (Cumulative side area) 

    Layer: via4
      Partial area ratio:    2.59
      Required ratio:    6.00 (Gate area) 
      Cumulative area ratio:    3.21
      Required ratio:    0.00 (Cumulative area) 

    Layer: met5
      Partial area ratio:  279.28
      Required ratio:    0.00 (Gate area) 
      Cumulative area ratio:  288.39
      Required ratio:    0.00 (Cumulative area) 
      Partial area ratio:  422.37
      Required ratio: 2778.20 (Side area) 
      Cumulative area ratio:  455.92
      Required ratio:    0.00 (Cumulative side area) 


  Pin:   _12411_/B1 (sky130_fd_sc_hd__o31a_2)
    Layer: mcon
      Partial area ratio:    0.12
      Required ratio:    3.00 (Gate area) 
      Cumulative area ratio:    0.12
      Required ratio:    0.00 (Cumulative area) 

    Layer: met1
      Partial area ratio:    1.62
      Required ratio:    0.00 (Gate area) 
      Cumulative area ratio:    1.62
      Required ratio:    0.00 (Cumulative area) 
      Partial area ratio:    7.35
      Required ratio:  400.00 (Side area) 
      Cumulative area ratio:    7.35
      Required ratio:    0.00 (Cumulative side area) 

    Layer: via
      Partial area ratio:    0.18
      Required ratio:    6.00 (Gate area) 
      Cumulative area ratio:    0.30
      Required ratio:    0.00 (Cumulative area) 

    Layer: met2
      Partial area ratio:    0.75
      Required ratio:    0.00 (Gate area) 
      Cumulative area ratio:    2.38
      Required ratio:    0.00 (Cumulative area) 
      Partial area ratio:    3.48
      Required ratio:  400.00 (Side area) 
      Cumulative area ratio:   10.83
      Required ratio:    0.00 (Cumulative side area) 

    Layer: via2
      Partial area ratio:    0.16
      Required ratio:    6.00 (Gate area) 
      Cumulative area ratio:    0.46
      Required ratio:    0.00 (Cumulative area) 

    Layer: met3
      Partial area ratio:  142.68
      Required ratio:    0.00 (Gate area) 
      Cumulative area ratio:  145.06
      Required ratio:    0.00 (Cumulative area) 
      Partial area ratio:  762.86
      Required ratio:  400.00 (Side area) (VIOLATED)
      Cumulative area ratio:  773.69
      Required ratio:    0.00 (Cumulative side area) 

    Layer: via3
      Partial area ratio:    0.16
      Required ratio:    6.00 (Gate area) 
      Cumulative area ratio:    0.62
      Required ratio:    0.00 (Cumulative area) 

    Layer: met4
      Partial area ratio:   80.13
      Required ratio:    0.00 (Gate area) 
      Cumulative area ratio:  225.19
      Required ratio:    0.00 (Cumulative area) 
      Partial area ratio:  423.70
      Required ratio: 2778.20 (Side area) 
      Cumulative area ratio: 1197.39
      Required ratio:    0.00 (Cumulative side area) 

    Layer: via4
      Partial area ratio:    0.74
      Required ratio:   22.04 (Gate area) 
      Cumulative area ratio:    1.36
      Required ratio:    0.00 (Cumulative area) 

    Layer: met5
      Partial area ratio:  279.28
      Required ratio:    0.00 (Gate area) 
      Cumulative area ratio:  504.47
      Required ratio:    0.00 (Cumulative area) 
      Partial area ratio:  422.37
      Required ratio: 2778.20 (Side area) 
      Cumulative area ratio: 1619.76
      Required ratio:    0.00 (Cumulative side area) 



Net: _08310_
  Pin:   _11881_/B1 (sky130_fd_sc_hd__o311a_2)
    Layer: mcon
      Partial area ratio:    0.12
      Required ratio:    3.00 (Gate area) 
      Cumulative area ratio:    0.12
      Required ratio:    0.00 (Cumulative area) 

    Layer: met1
      Partial area ratio:   13.23
      Required ratio:    0.00 (Gate area) 
      Cumulative area ratio:   13.23
      Required ratio:    0.00 (Cumulative area) 
      Partial area ratio:   64.95
      Required ratio:  400.00 (Side area) 
      Cumulative area ratio:   64.95
      Required ratio:    0.00 (Cumulative side area) 

    Layer: via
      Partial area ratio:    0.27
      Required ratio:    6.00 (Gate area) 
      Cumulative area ratio:    0.39
      Required ratio:    0.00 (Cumulative area) 

    Layer: met2
      Partial area ratio:   17.40
      Required ratio:    0.00 (Gate area) 
      Cumulative area ratio:   30.63
      Required ratio:    0.00 (Cumulative area) 
      Partial area ratio:   85.56
      Required ratio: 2778.20 (Side area) 
      Cumulative area ratio:  150.51
      Required ratio:    0.00 (Cumulative side area) 

    Layer: via2
      Partial area ratio:    0.32
      Required ratio:   22.04 (Gate area) 
      Cumulative area ratio:    0.71
      Required ratio:    0.00 (Cumulative area) 

    Layer: met3
      Partial area ratio:    9.37
      Required ratio:    0.00 (Gate area) 
      Cumulative area ratio:   40.00
      Required ratio:    0.00 (Cumulative area) 
      Partial area ratio:   53.75
      Required ratio: 2778.20 (Side area) 
      Cumulative area ratio:  204.26
      Required ratio:    0.00 (Cumulative side area) 

    Layer: via3
      Partial area ratio:    0.32
      Required ratio:   22.04 (Gate area) 
      Cumulative area ratio:    1.04
      Required ratio:    0.00 (Cumulative area) 

    Layer: met4
      Partial area ratio:   51.87
      Required ratio:    0.00 (Gate area) 
      Cumulative area ratio:   91.87
      Required ratio:    0.00 (Cumulative area) 
      Partial area ratio:  277.41
      Required ratio: 2778.20 (Side area) 
      Cumulative area ratio:  481.67
      Required ratio:    0.00 (Cumulative side area) 


  Pin:   _12075_/A1 (sky130_fd_sc_hd__a31o_2)
    Layer: mcon
      Partial area ratio:    0.12
      Required ratio:    3.00 (Gate area) 
      Cumulative area ratio:    0.12
      Required ratio:    0.00 (Cumulative area) 

    Layer: met1
      Partial area ratio:    3.59
      Required ratio:    0.00 (Gate area) 
      Cumulative area ratio:    3.59
      Required ratio:    0.00 (Cumulative area) 
      Partial area ratio:   17.22
      Required ratio:  400.00 (Side area) 
      Cumulative area ratio:   17.22
      Required ratio:    0.00 (Cumulative side area) 

    Layer: via
      Partial area ratio:    0.18
      Required ratio:    6.00 (Gate area) 
      Cumulative area ratio:    0.30
      Required ratio:    0.00 (Cumulative area) 

    Layer: met2
      Partial area ratio:    0.75
      Required ratio:    0.00 (Gate area) 
      Cumulative area ratio:    4.35
      Required ratio:    0.00 (Cumulative area) 
      Partial area ratio:    3.48
      Required ratio:  400.00 (Side area) 
      Cumulative area ratio:   20.69
      Required ratio:    0.00 (Cumulative side area) 

    Layer: via2
      Partial area ratio:    0.16
      Required ratio:    6.00 (Gate area) 
      Cumulative area ratio:    0.46
      Required ratio:    0.00 (Cumulative area) 

    Layer: met3
      Partial area ratio:    0.50
      Required ratio:    0.00 (Gate area) 
      Cumulative area ratio:    4.85
      Required ratio:    0.00 (Cumulative area) 
      Partial area ratio:    4.59
      Required ratio:  400.00 (Side area) 
      Cumulative area ratio:   25.28
      Required ratio:    0.00 (Cumulative side area) 

    Layer: via3
      Partial area ratio:    0.16
      Required ratio:    6.00 (Gate area) 
      Cumulative area ratio:    0.62
      Required ratio:    0.00 (Cumulative area) 

    Layer: met4
      Partial area ratio:   51.87
      Required ratio:    0.00 (Gate area) 
      Cumulative area ratio:   56.73
      Required ratio:    0.00 (Cumulative area) 
      Partial area ratio:  277.41
      Required ratio: 2778.20 (Side area) 
      Cumulative area ratio:  302.70
      Required ratio:    0.00 (Cumulative side area) 


  Pin:   _12167_/C1 (sky130_fd_sc_hd__o311a_2)
    Layer: mcon
      Partial area ratio:    0.12
      Required ratio:    3.00 (Gate area) 
      Cumulative area ratio:    0.12
      Required ratio:    0.00 (Cumulative area) 

    Layer: met1
      Partial area ratio:    3.85
      Required ratio:    0.00 (Gate area) 
      Cumulative area ratio:    3.85
      Required ratio:    0.00 (Cumulative area) 
      Partial area ratio:   18.51
      Required ratio:  400.00 (Side area) 
      Cumulative area ratio:   18.51
      Required ratio:    0.00 (Cumulative side area) 

    Layer: via
      Partial area ratio:    0.18
      Required ratio:    6.00 (Gate area) 
      Cumulative area ratio:    0.30
      Required ratio:    0.00 (Cumulative area) 

    Layer: met2
      Partial area ratio:    0.75
      Required ratio:    0.00 (Gate area) 
      Cumulative area ratio:    4.61
      Required ratio:    0.00 (Cumulative area) 
      Partial area ratio:    3.48
      Required ratio:  400.00 (Side area) 
      Cumulative area ratio:   21.98
      Required ratio:    0.00 (Cumulative side area) 

    Layer: via2
      Partial area ratio:    0.16
      Required ratio:    6.00 (Gate area) 
      Cumulative area ratio:    0.46
      Required ratio:    0.00 (Cumulative area) 

    Layer: met3
      Partial area ratio:   75.77
      Required ratio:    0.00 (Gate area) 
      Cumulative area ratio:   80.38
      Required ratio:    0.00 (Cumulative area) 
      Partial area ratio:  406.01
      Required ratio:  400.00 (Side area) (VIOLATED)
      Cumulative area ratio:  428.00
      Required ratio:    0.00 (Cumulative side area) 

    Layer: via3
      Partial area ratio:    0.16
      Required ratio:    6.00 (Gate area) 
      Cumulative area ratio:    0.62
      Required ratio:    0.00 (Cumulative area) 

    Layer: met4
      Partial area ratio:   51.87
      Required ratio:    0.00 (Gate area) 
      Cumulative area ratio:  132.25
      Required ratio:    0.00 (Cumulative area) 
      Partial area ratio:  277.41
      Required ratio: 2778.20 (Side area) 
      Cumulative area ratio:  705.41
      Required ratio:    0.00 (Cumulative side area) 


  Pin:   _12224_/A1 (sky130_fd_sc_hd__a31o_2)
    Layer: mcon
      Partial area ratio:    0.12
      Required ratio:    3.00 (Gate area) 
      Cumulative area ratio:    0.12
      Required ratio:    0.00 (Cumulative area) 

    Layer: met1
      Partial area ratio:    9.57
      Required ratio:    0.00 (Gate area) 
      Cumulative area ratio:    9.57
      Required ratio:    0.00 (Cumulative area) 
      Partial area ratio:   46.67
      Required ratio:  400.00 (Side area) 
      Cumulative area ratio:   46.67
      Required ratio:    0.00 (Cumulative side area) 

    Layer: via
      Partial area ratio:    0.27
      Required ratio:    6.00 (Gate area) 
      Cumulative area ratio:    0.39
      Required ratio:    0.00 (Cumulative area) 

    Layer: met2
      Partial area ratio:   25.22
      Required ratio:    0.00 (Gate area) 
      Cumulative area ratio:   34.80
      Required ratio:    0.00 (Cumulative area) 
      Partial area ratio:  124.66
      Required ratio:  400.00 (Side area) 
      Cumulative area ratio:  171.33
      Required ratio:    0.00 (Cumulative side area) 

    Layer: via2
      Partial area ratio:    0.32
      Required ratio:    6.00 (Gate area) 
      Cumulative area ratio:    0.71
      Required ratio:    0.00 (Cumulative area) 

    Layer: met3
      Partial area ratio:   50.53
      Required ratio:    0.00 (Gate area) 
      Cumulative area ratio:   85.33
      Required ratio:    0.00 (Cumulative area) 
      Partial area ratio:  272.02
      Required ratio:  400.00 (Side area) 
      Cumulative area ratio:  443.35
      Required ratio:    0.00 (Cumulative side area) 

    Layer: via3
      Partial area ratio:    0.11
      Required ratio:    6.00 (Gate area) 
      Cumulative area ratio:    0.82
      Required ratio:    0.00 (Cumulative area) 

    Layer: met4
      Partial area ratio:   51.87
      Required ratio:    0.00 (Gate area) 
      Cumulative area ratio:  137.20
      Required ratio:    0.00 (Cumulative area) 
      Partial area ratio:  277.41
      Required ratio: 2778.20 (Side area) 
      Cumulative area ratio:  720.76
      Required ratio:    0.00 (Cumulative side area) 


  Pin:   _12281_/A (sky130_fd_sc_hd__and3_2)
    Layer: mcon
      Partial area ratio:    0.23
      Required ratio:    3.00 (Gate area) 
      Cumulative area ratio:    0.23
      Required ratio:    0.00 (Cumulative area) 

    Layer: met1
      Partial area ratio:   49.64
      Required ratio:    0.00 (Gate area) 
      Cumulative area ratio:   49.64
      Required ratio:    0.00 (Cumulative area) 
      Partial area ratio:  246.71
      Required ratio:  400.00 (Side area) 
      Cumulative area ratio:  246.71
      Required ratio:    0.00 (Cumulative side area) 

    Layer: via
      Partial area ratio:    0.36
      Required ratio:    6.00 (Gate area) 
      Cumulative area ratio:    0.59
      Required ratio:    0.00 (Cumulative area) 

    Layer: met2
      Partial area ratio:   17.09
      Required ratio:    0.00 (Gate area) 
      Cumulative area ratio:   66.73
      Required ratio:    0.00 (Cumulative area) 
      Partial area ratio:   84.03
      Required ratio:  400.00 (Side area) 
      Cumulative area ratio:  330.74
      Required ratio:    0.00 (Cumulative side area) 

    Layer: via2
      Partial area ratio:    0.32
      Required ratio:    6.00 (Gate area) 
      Cumulative area ratio:    0.90
      Required ratio:    0.00 (Cumulative area) 

    Layer: met3
      Partial area ratio:   50.27
      Required ratio:    0.00 (Gate area) 
      Cumulative area ratio:  117.00
      Required ratio:    0.00 (Cumulative area) 
      Partial area ratio:  271.81
      Required ratio:  400.00 (Side area) 
      Cumulative area ratio:  602.55
      Required ratio:    0.00 (Cumulative side area) 

    Layer: via3
      Partial area ratio:    0.32
      Required ratio:    6.00 (Gate area) 
      Cumulative area ratio:    1.22
      Required ratio:    0.00 (Cumulative area) 

    Layer: met4
      Partial area ratio:   51.87
      Required ratio:    0.00 (Gate area) 
      Cumulative area ratio:  168.87
      Required ratio:    0.00 (Cumulative area) 
      Partial area ratio:  277.41
      Required ratio: 2778.20 (Side area) 
      Cumulative area ratio:  879.96
      Required ratio:    0.00 (Cumulative side area) 


  Pin:   _12357_/A (sky130_fd_sc_hd__and3_2)
    Layer: mcon
      Partial area ratio:    0.23
      Required ratio:    3.00 (Gate area) 
      Cumulative area ratio:    0.23
      Required ratio:    0.00 (Cumulative area) 

    Layer: met1
      Partial area ratio:    4.62
      Required ratio:    0.00 (Gate area) 
      Cumulative area ratio:    4.62
      Required ratio:    0.00 (Cumulative area) 
      Partial area ratio:   22.26
      Required ratio:  400.00 (Side area) 
      Cumulative area ratio:   22.26
      Required ratio:    0.00 (Cumulative side area) 

    Layer: via
      Partial area ratio:    0.23
      Required ratio:    6.00 (Gate area) 
      Cumulative area ratio:    0.46
      Required ratio:    0.00 (Cumulative area) 

    Layer: met2
      Partial area ratio:    0.92
      Required ratio:    0.00 (Gate area) 
      Cumulative area ratio:    5.54
      Required ratio:    0.00 (Cumulative area) 
      Partial area ratio:    3.82
      Required ratio:  400.00 (Side area) 
      Cumulative area ratio:   26.08
      Required ratio:    0.00 (Cumulative side area) 

    Layer: via2
      Partial area ratio:    0.32
      Required ratio:    6.00 (Gate area) 
      Cumulative area ratio:    0.78
      Required ratio:    0.00 (Cumulative area) 

    Layer: met3
      Partial area ratio:   50.53
      Required ratio:    0.00 (Gate area) 
      Cumulative area ratio:   56.07
      Required ratio:    0.00 (Cumulative area) 
      Partial area ratio:  272.02
      Required ratio:  400.00 (Side area) 
      Cumulative area ratio:  298.10
      Required ratio:    0.00 (Cumulative side area) 

    Layer: via3
      Partial area ratio:    0.11
      Required ratio:    6.00 (Gate area) 
      Cumulative area ratio:    0.89
      Required ratio:    0.00 (Cumulative area) 

    Layer: met4
      Partial area ratio:   51.87
      Required ratio:    0.00 (Gate area) 
      Cumulative area ratio:  107.94
      Required ratio:    0.00 (Cumulative area) 
      Partial area ratio:  277.41
      Required ratio: 2778.20 (Side area) 
      Cumulative area ratio:  575.51
      Required ratio:    0.00 (Cumulative side area) 



Net: _08360_
  Pin:   _11942_/B (sky130_fd_sc_hd__or3_2)
    Layer: mcon
      Partial area ratio:    0.23
      Required ratio:    3.00 (Gate area) 
      Cumulative area ratio:    0.23
      Required ratio:    0.00 (Cumulative area) 

    Layer: met1
      Partial area ratio:    4.61
      Required ratio:    0.00 (Gate area) 
      Cumulative area ratio:    4.61
      Required ratio:    0.00 (Cumulative area) 
      Partial area ratio:   21.59
      Required ratio:  400.00 (Side area) 
      Cumulative area ratio:   21.59
      Required ratio:    0.00 (Cumulative side area) 

    Layer: via
      Partial area ratio:    0.36
      Required ratio:    6.00 (Gate area) 
      Cumulative area ratio:    0.59
      Required ratio:    0.00 (Cumulative area) 

    Layer: met2
      Partial area ratio:    1.48
      Required ratio:    0.00 (Gate area) 
      Cumulative area ratio:    6.10
      Required ratio:    0.00 (Cumulative area) 
      Partial area ratio:    6.83
      Required ratio:  400.00 (Side area) 
      Cumulative area ratio:   28.43
      Required ratio:    0.00 (Cumulative side area) 

    Layer: via2
      Partial area ratio:    0.32
      Required ratio:    6.00 (Gate area) 
      Cumulative area ratio:    0.90
      Required ratio:    0.00 (Cumulative area) 

    Layer: met3
      Partial area ratio:  115.98
      Required ratio:    0.00 (Gate area) 
      Cumulative area ratio:  122.08
      Required ratio:    0.00 (Cumulative area) 
      Partial area ratio:  622.29
      Required ratio:  400.00 (Side area) (VIOLATED)
      Cumulative area ratio:  650.71
      Required ratio:    0.00 (Cumulative side area) 

    Layer: via3
      Partial area ratio:    0.32
      Required ratio:    6.00 (Gate area) 
      Cumulative area ratio:    1.22
      Required ratio:    0.00 (Cumulative area) 

    Layer: met4
      Partial area ratio:   17.37
      Required ratio:    0.00 (Gate area) 
      Cumulative area ratio:  139.45
      Required ratio:    0.00 (Cumulative area) 
      Partial area ratio:   96.38
      Required ratio: 2778.20 (Side area) 
      Cumulative area ratio:  747.09
      Required ratio:    0.00 (Cumulative side area) 



Net: _08379_
  Pin:   _11962_/B (sky130_fd_sc_hd__and3_2)
    Layer: mcon
      Partial area ratio:    0.23
      Required ratio:    3.00 (Gate area) 
      Cumulative area ratio:    0.23
      Required ratio:    0.00 (Cumulative area) 

    Layer: met1
      Partial area ratio:    3.73
      Required ratio:    0.00 (Gate area) 
      Cumulative area ratio:    3.73
      Required ratio:    0.00 (Cumulative area) 
      Partial area ratio:   17.12
      Required ratio:  400.00 (Side area) 
      Cumulative area ratio:   17.12
      Required ratio:    0.00 (Cumulative side area) 

    Layer: via
      Partial area ratio:    0.36
      Required ratio:    6.00 (Gate area) 
      Cumulative area ratio:    0.59
      Required ratio:    0.00 (Cumulative area) 

    Layer: met2
      Partial area ratio:    1.48
      Required ratio:    0.00 (Gate area) 
      Cumulative area ratio:    5.21
      Required ratio:    0.00 (Cumulative area) 
      Partial area ratio:    6.83
      Required ratio:  400.00 (Side area) 
      Cumulative area ratio:   23.96
      Required ratio:    0.00 (Cumulative side area) 

    Layer: via2
      Partial area ratio:    0.32
      Required ratio:    6.00 (Gate area) 
      Cumulative area ratio:    0.90
      Required ratio:    0.00 (Cumulative area) 

    Layer: met3
      Partial area ratio:  526.66
      Required ratio:    0.00 (Gate area) 
      Cumulative area ratio:  531.87
      Required ratio:    0.00 (Cumulative area) 
      Partial area ratio: 2812.57
      Required ratio: 2778.20 (Side area) (VIOLATED)
      Cumulative area ratio: 2836.53
      Required ratio:    0.00 (Cumulative side area) 



Net: _09021_
  Pin:   _12597_/C_N (sky130_fd_sc_hd__or3b_2)
    Layer: mcon
      Partial area ratio:    0.23
      Required ratio:    3.00 (Gate area) 
      Cumulative area ratio:    0.23
      Required ratio:    0.00 (Cumulative area) 

    Layer: met1
      Partial area ratio:   88.00
      Required ratio:    0.00 (Gate area) 
      Cumulative area ratio:   88.00
      Required ratio:    0.00 (Cumulative area) 
      Partial area ratio:  438.77
      Required ratio:  400.00 (Side area) (VIOLATED)
      Cumulative area ratio:  438.77
      Required ratio:    0.00 (Cumulative side area) 

    Layer: via
      Partial area ratio:    0.36
      Required ratio:    6.00 (Gate area) 
      Cumulative area ratio:    0.59
      Required ratio:    0.00 (Cumulative area) 

    Layer: met2
      Partial area ratio:    9.95
      Required ratio:    0.00 (Gate area) 
      Cumulative area ratio:   97.96
      Required ratio:    0.00 (Cumulative area) 
      Partial area ratio:   48.67
      Required ratio: 2778.20 (Side area) 
      Cumulative area ratio:  487.43
      Required ratio:    0.00 (Cumulative side area) 



Net: _09065_
  Pin:   fanout617/A (sky130_fd_sc_hd__clkdlybuf4s25_1)
    Layer: mcon
      Partial area ratio:    0.14
      Required ratio:    3.00 (Gate area) 
      Cumulative area ratio:    0.14
      Required ratio:    0.00 (Cumulative area) 

    Layer: met1
      Partial area ratio:   37.84
      Required ratio:    0.00 (Gate area) 
      Cumulative area ratio:   37.84
      Required ratio:    0.00 (Cumulative area) 
      Partial area ratio:  188.35
      Required ratio:  400.00 (Side area) 
      Cumulative area ratio:  188.35
      Required ratio:    0.00 (Cumulative side area) 

    Layer: via
      Partial area ratio:    0.21
      Required ratio:    6.00 (Gate area) 
      Cumulative area ratio:    0.35
      Required ratio:    0.00 (Cumulative area) 

    Layer: met2
      Partial area ratio:    5.58
      Required ratio:    0.00 (Gate area) 
      Cumulative area ratio:   43.42
      Required ratio:    0.00 (Cumulative area) 
      Partial area ratio:   27.03
      Required ratio:  400.00 (Side area) 
      Cumulative area ratio:  215.38
      Required ratio:    0.00 (Cumulative side area) 

    Layer: via2
      Partial area ratio:    0.19
      Required ratio:    6.00 (Gate area) 
      Cumulative area ratio:    0.53
      Required ratio:    0.00 (Cumulative area) 

    Layer: met3
      Partial area ratio:   88.05
      Required ratio:    0.00 (Gate area) 
      Cumulative area ratio:  131.47
      Required ratio:    0.00 (Cumulative area) 
      Partial area ratio:  471.77
      Required ratio:  400.00 (Side area) (VIOLATED)
      Cumulative area ratio:  687.16
      Required ratio:    0.00 (Cumulative side area) 

    Layer: via3
      Partial area ratio:    0.19
      Required ratio:    6.00 (Gate area) 
      Cumulative area ratio:    0.72
      Required ratio:    0.00 (Cumulative area) 

    Layer: met4
      Partial area ratio:   97.74
      Required ratio:    0.00 (Gate area) 
      Cumulative area ratio:  229.21
      Required ratio:    0.00 (Cumulative area) 
      Partial area ratio:  523.49
      Required ratio: 2778.20 (Side area) 
      Cumulative area ratio: 1210.65
      Required ratio:    0.00 (Cumulative side area) 



Net: _09066_
  Pin:   _12762_/A1_N (sky130_fd_sc_hd__a2bb2o_2)
    Layer: mcon
      Partial area ratio:    0.18
      Required ratio:    3.00 (Gate area) 
      Cumulative area ratio:    0.18
      Required ratio:    0.00 (Cumulative area) 

    Layer: met1
      Partial area ratio:    3.76
      Required ratio:    0.00 (Gate area) 
      Cumulative area ratio:    3.76
      Required ratio:    0.00 (Cumulative area) 
      Partial area ratio:   17.61
      Required ratio:  400.00 (Side area) 
      Cumulative area ratio:   17.61
      Required ratio:    0.00 (Cumulative side area) 

    Layer: via
      Partial area ratio:    0.28
      Required ratio:    6.00 (Gate area) 
      Cumulative area ratio:    0.46
      Required ratio:    0.00 (Cumulative area) 

    Layer: met2
      Partial area ratio:    1.17
      Required ratio:    0.00 (Gate area) 
      Cumulative area ratio:    4.93
      Required ratio:    0.00 (Cumulative area) 
      Partial area ratio:    5.42
      Required ratio:  400.00 (Side area) 
      Cumulative area ratio:   23.03
      Required ratio:    0.00 (Cumulative side area) 

    Layer: via2
      Partial area ratio:    0.25
      Required ratio:    6.00 (Gate area) 
      Cumulative area ratio:    0.72
      Required ratio:    0.00 (Cumulative area) 

    Layer: met3
      Partial area ratio:   84.12
      Required ratio:    0.00 (Gate area) 
      Cumulative area ratio:   89.05
      Required ratio:    0.00 (Cumulative area) 
      Partial area ratio:  451.16
      Required ratio:  400.00 (Side area) (VIOLATED)
      Cumulative area ratio:  474.19
      Required ratio:    0.00 (Cumulative side area) 

    Layer: via3
      Partial area ratio:    0.11
      Required ratio:    6.00 (Gate area) 
      Cumulative area ratio:    0.82
      Required ratio:    0.00 (Cumulative area) 

    Layer: met4
      Partial area ratio:   24.97
      Required ratio:    0.00 (Gate area) 
      Cumulative area ratio:  114.02
      Required ratio:    0.00 (Cumulative area) 
      Partial area ratio:  133.99
      Required ratio: 2778.20 (Side area) 
      Cumulative area ratio:  608.18
      Required ratio:    0.00 (Cumulative side area) 


  Pin:   fanout600/A (sky130_fd_sc_hd__clkdlybuf4s25_1)
    Layer: mcon
      Partial area ratio:    0.14
      Required ratio:    3.00 (Gate area) 
      Cumulative area ratio:    0.14
      Required ratio:    0.00 (Cumulative area) 

    Layer: met1
      Partial area ratio:    7.92
      Required ratio:    0.00 (Gate area) 
      Cumulative area ratio:    7.92
      Required ratio:    0.00 (Cumulative area) 
      Partial area ratio:   38.72
      Required ratio:  400.00 (Side area) 
      Cumulative area ratio:   38.72
      Required ratio:    0.00 (Cumulative side area) 

    Layer: via
      Partial area ratio:    0.21
      Required ratio:    6.00 (Gate area) 
      Cumulative area ratio:    0.35
      Required ratio:    0.00 (Cumulative area) 

    Layer: met2
      Partial area ratio:   91.82
      Required ratio:    0.00 (Gate area) 
      Cumulative area ratio:   99.74
      Required ratio:    0.00 (Cumulative area) 
      Partial area ratio:  458.02
      Required ratio:  400.00 (Side area) (VIOLATED)
      Cumulative area ratio:  496.75
      Required ratio:    0.00 (Cumulative side area) 

    Layer: via2
      Partial area ratio:    0.38
      Required ratio:    6.00 (Gate area) 
      Cumulative area ratio:    0.72
      Required ratio:    0.00 (Cumulative area) 

    Layer: met3
      Partial area ratio:   84.12
      Required ratio:    0.00 (Gate area) 
      Cumulative area ratio:  183.86
      Required ratio:    0.00 (Cumulative area) 
      Partial area ratio:  451.16
      Required ratio:  400.00 (Side area) (VIOLATED)
      Cumulative area ratio:  947.91
      Required ratio:    0.00 (Cumulative side area) 

    Layer: via3
      Partial area ratio:    0.11
      Required ratio:    6.00 (Gate area) 
      Cumulative area ratio:    0.83
      Required ratio:    0.00 (Cumulative area) 

    Layer: met4
      Partial area ratio:   24.97
      Required ratio:    0.00 (Gate area) 
      Cumulative area ratio:  208.84
      Required ratio:    0.00 (Cumulative area) 
      Partial area ratio:  133.99
      Required ratio: 2778.20 (Side area) 
      Cumulative area ratio: 1081.90
      Required ratio:    0.00 (Cumulative side area) 


  Pin:   fanout603/A (sky130_fd_sc_hd__clkdlybuf4s25_1)
    Layer: mcon
      Partial area ratio:    0.14
      Required ratio:    3.00 (Gate area) 
      Cumulative area ratio:    0.14
      Required ratio:    0.00 (Cumulative area) 

    Layer: met1
      Partial area ratio:    3.73
      Required ratio:    0.00 (Gate area) 
      Cumulative area ratio:    3.73
      Required ratio:    0.00 (Cumulative area) 
      Partial area ratio:   17.80
      Required ratio:  400.00 (Side area) 
      Cumulative area ratio:   17.80
      Required ratio:    0.00 (Cumulative side area) 

    Layer: via
      Partial area ratio:    0.21
      Required ratio:    6.00 (Gate area) 
      Cumulative area ratio:    0.35
      Required ratio:    0.00 (Cumulative area) 

    Layer: met2
      Partial area ratio:   37.89
      Required ratio:    0.00 (Gate area) 
      Cumulative area ratio:   41.63
      Required ratio:    0.00 (Cumulative area) 
      Partial area ratio:  188.06
      Required ratio: 2778.20 (Side area) 
      Cumulative area ratio:  205.87
      Required ratio:    0.00 (Cumulative side area) 

    Layer: via2
      Partial area ratio:    0.19
      Required ratio:   22.04 (Gate area) 
      Cumulative area ratio:    0.53
      Required ratio:    0.00 (Cumulative area) 

    Layer: met3
      Partial area ratio:   20.02
      Required ratio:    0.00 (Gate area) 
      Cumulative area ratio:   61.65
      Required ratio:    0.00 (Cumulative area) 
      Partial area ratio:  108.96
      Required ratio: 2778.20 (Side area) 
      Cumulative area ratio:  314.82
      Required ratio:    0.00 (Cumulative side area) 

    Layer: via3
      Partial area ratio:    0.19
      Required ratio:   22.04 (Gate area) 
      Cumulative area ratio:    0.72
      Required ratio:    0.00 (Cumulative area) 

    Layer: met4
      Partial area ratio:   24.97
      Required ratio:    0.00 (Gate area) 
      Cumulative area ratio:   86.62
      Required ratio:    0.00 (Cumulative area) 
      Partial area ratio:  133.99
      Required ratio: 2778.20 (Side area) 
      Cumulative area ratio:  448.81
      Required ratio:    0.00 (Cumulative side area) 



Net: _09077_
  Pin:   fanout492/A (sky130_fd_sc_hd__clkdlybuf4s25_1)
    Layer: mcon
      Partial area ratio:    0.14
      Required ratio:    3.00 (Gate area) 
      Cumulative area ratio:    0.14
      Required ratio:    0.00 (Cumulative area) 

    Layer: met1
      Partial area ratio:    2.93
      Required ratio:    0.00 (Gate area) 
      Cumulative area ratio:    2.93
      Required ratio:    0.00 (Cumulative area) 
      Partial area ratio:   13.76
      Required ratio:  400.00 (Side area) 
      Cumulative area ratio:   13.76
      Required ratio:    0.00 (Cumulative side area) 

    Layer: via
      Partial area ratio:    0.21
      Required ratio:    6.00 (Gate area) 
      Cumulative area ratio:    0.35
      Required ratio:    0.00 (Cumulative area) 

    Layer: met2
      Partial area ratio:   10.11
      Required ratio:    0.00 (Gate area) 
      Cumulative area ratio:   13.04
      Required ratio:    0.00 (Cumulative area) 
      Partial area ratio:   49.71
      Required ratio:  400.00 (Side area) 
      Cumulative area ratio:   63.47
      Required ratio:    0.00 (Cumulative side area) 

    Layer: via2
      Partial area ratio:    0.19
      Required ratio:    6.00 (Gate area) 
      Cumulative area ratio:    0.53
      Required ratio:    0.00 (Cumulative area) 

    Layer: met3
      Partial area ratio:  340.72
      Required ratio:    0.00 (Gate area) 
      Cumulative area ratio:  353.76
      Required ratio:    0.00 (Cumulative area) 
      Partial area ratio: 1819.38
      Required ratio:  400.00 (Side area) (VIOLATED)
      Cumulative area ratio: 1882.85
      Required ratio:    0.00 (Cumulative side area) 

    Layer: via3
      Partial area ratio:    0.19
      Required ratio:    6.00 (Gate area) 
      Cumulative area ratio:    0.72
      Required ratio:    0.00 (Cumulative area) 

    Layer: met4
      Partial area ratio:   19.99
      Required ratio:    0.00 (Gate area) 
      Cumulative area ratio:  373.75
      Required ratio:    0.00 (Cumulative area) 
      Partial area ratio:  108.85
      Required ratio: 2848.40 (Side area) 
      Cumulative area ratio: 1991.69
      Required ratio:    0.00 (Cumulative side area) 



Net: _09096_
  Pin:   _12676_/B (sky130_fd_sc_hd__nor2_2)
    Layer: mcon
      Partial area ratio:    0.06
      Required ratio:    3.00 (Gate area) 
      Cumulative area ratio:    0.06
      Required ratio:    0.00 (Cumulative area) 

    Layer: met1
      Partial area ratio:    1.22
      Required ratio:    0.00 (Gate area) 
      Cumulative area ratio:    1.22
      Required ratio:    0.00 (Cumulative area) 
      Partial area ratio:    5.75
      Required ratio:  400.00 (Side area) 
      Cumulative area ratio:    5.75
      Required ratio:    0.00 (Cumulative side area) 

    Layer: via
      Partial area ratio:    0.09
      Required ratio:    6.00 (Gate area) 
      Cumulative area ratio:    0.15
      Required ratio:    0.00 (Cumulative area) 

    Layer: met2
      Partial area ratio:    0.38
      Required ratio:    0.00 (Gate area) 
      Cumulative area ratio:    1.60
      Required ratio:    0.00 (Cumulative area) 
      Partial area ratio:    1.74
      Required ratio:  400.00 (Side area) 
      Cumulative area ratio:    7.49
      Required ratio:    0.00 (Cumulative side area) 

    Layer: via2
      Partial area ratio:    0.08
      Required ratio:    6.00 (Gate area) 
      Cumulative area ratio:    0.23
      Required ratio:    0.00 (Cumulative area) 

    Layer: met3
      Partial area ratio:    0.25
      Required ratio:    0.00 (Gate area) 
      Cumulative area ratio:    1.85
      Required ratio:    0.00 (Cumulative area) 
      Partial area ratio:    2.29
      Required ratio:  400.00 (Side area) 
      Cumulative area ratio:    9.78
      Required ratio:    0.00 (Cumulative side area) 

    Layer: via3
      Partial area ratio:    0.08
      Required ratio:    6.00 (Gate area) 
      Cumulative area ratio:    0.31
      Required ratio:    0.00 (Cumulative area) 

    Layer: met4
      Partial area ratio:   58.79
      Required ratio:    0.00 (Gate area) 
      Cumulative area ratio:   60.64
      Required ratio:    0.00 (Cumulative area) 
      Partial area ratio:  314.47
      Required ratio: 2771.60 (Side area) 
      Cumulative area ratio:  324.26
      Required ratio:    0.00 (Cumulative side area) 


  Pin:   _12738_/B (sky130_fd_sc_hd__nor2_2)
    Layer: mcon
      Partial area ratio:    0.06
      Required ratio:    3.00 (Gate area) 
      Cumulative area ratio:    0.06
      Required ratio:    0.00 (Cumulative area) 

    Layer: met1
      Partial area ratio:    1.45
      Required ratio:    0.00 (Gate area) 
      Cumulative area ratio:    1.45
      Required ratio:    0.00 (Cumulative area) 
      Partial area ratio:    6.88
      Required ratio:  400.00 (Side area) 
      Cumulative area ratio:    6.88
      Required ratio:    0.00 (Cumulative side area) 

    Layer: via
      Partial area ratio:    0.09
      Required ratio:    6.00 (Gate area) 
      Cumulative area ratio:    0.15
      Required ratio:    0.00 (Cumulative area) 

    Layer: met2
      Partial area ratio:    8.29
      Required ratio:    0.00 (Gate area) 
      Cumulative area ratio:    9.74
      Required ratio:    0.00 (Cumulative area) 
      Partial area ratio:   40.97
      Required ratio:  400.00 (Side area) 
      Cumulative area ratio:   47.85
      Required ratio:    0.00 (Cumulative side area) 

    Layer: via2
      Partial area ratio:    0.16
      Required ratio:    6.00 (Gate area) 
      Cumulative area ratio:    0.31
      Required ratio:    0.00 (Cumulative area) 

    Layer: met3
      Partial area ratio:   96.68
      Required ratio:    0.00 (Gate area) 
      Cumulative area ratio:  106.42
      Required ratio:    0.00 (Cumulative area) 
      Partial area ratio:  517.54
      Required ratio:  400.00 (Side area) (VIOLATED)
      Cumulative area ratio:  565.39
      Required ratio:    0.00 (Cumulative side area) 

    Layer: via3
      Partial area ratio:    0.16
      Required ratio:    6.00 (Gate area) 
      Cumulative area ratio:    0.47
      Required ratio:    0.00 (Cumulative area) 

    Layer: met4
      Partial area ratio:   58.79
      Required ratio:    0.00 (Gate area) 
      Cumulative area ratio:  165.21
      Required ratio:    0.00 (Cumulative area) 
      Partial area ratio:  314.47
      Required ratio: 2771.60 (Side area) 
      Cumulative area ratio:  879.86
      Required ratio:    0.00 (Cumulative side area) 



Net: _09101_
  Pin:   fanout389/A (sky130_fd_sc_hd__clkdlybuf4s25_1)
    Layer: mcon
      Partial area ratio:    0.14
      Required ratio:    3.00 (Gate area) 
      Cumulative area ratio:    0.14
      Required ratio:    0.00 (Cumulative area) 

    Layer: met1
      Partial area ratio:   19.85
      Required ratio:    0.00 (Gate area) 
      Cumulative area ratio:   19.85
      Required ratio:    0.00 (Cumulative area) 
      Partial area ratio:   98.37
      Required ratio:  400.00 (Side area) 
      Cumulative area ratio:   98.37
      Required ratio:    0.00 (Cumulative side area) 

    Layer: via
      Partial area ratio:    0.21
      Required ratio:    6.00 (Gate area) 
      Cumulative area ratio:    0.35
      Required ratio:    0.00 (Cumulative area) 

    Layer: met2
      Partial area ratio:   20.80
      Required ratio:    0.00 (Gate area) 
      Cumulative area ratio:   40.65
      Required ratio:    0.00 (Cumulative area) 
      Partial area ratio:  103.24
      Required ratio: 2857.40 (Side area) 
      Cumulative area ratio:  201.60
      Required ratio:    0.00 (Cumulative side area) 


  Pin:   fanout391/A (sky130_fd_sc_hd__clkdlybuf4s25_1)
    Layer: mcon
      Partial area ratio:    0.14
      Required ratio:    3.00 (Gate area) 
      Cumulative area ratio:    0.14
      Required ratio:    0.00 (Cumulative area) 

    Layer: met1
      Partial area ratio:   82.70
      Required ratio:    0.00 (Gate area) 
      Cumulative area ratio:   82.70
      Required ratio:    0.00 (Cumulative area) 
      Partial area ratio:  412.14
      Required ratio:  400.00 (Side area) (VIOLATED)
      Cumulative area ratio:  412.14
      Required ratio:    0.00 (Cumulative side area) 

    Layer: via
      Partial area ratio:    0.32
      Required ratio:    6.00 (Gate area) 
      Cumulative area ratio:    0.45
      Required ratio:    0.00 (Cumulative area) 

    Layer: met2
      Partial area ratio:   20.80
      Required ratio:    0.00 (Gate area) 
      Cumulative area ratio:  103.51
      Required ratio:    0.00 (Cumulative area) 
      Partial area ratio:  103.24
      Required ratio: 2857.40 (Side area) 
      Cumulative area ratio:  515.37
      Required ratio:    0.00 (Cumulative side area) 


  Pin:   fanout395/A (sky130_fd_sc_hd__clkdlybuf4s25_1)
    Layer: mcon
      Partial area ratio:    0.14
      Required ratio:    3.00 (Gate area) 
      Cumulative area ratio:    0.14
      Required ratio:    0.00 (Cumulative area) 

    Layer: met1
      Partial area ratio:    3.53
      Required ratio:    0.00 (Gate area) 
      Cumulative area ratio:    3.53
      Required ratio:    0.00 (Cumulative area) 
      Partial area ratio:   16.77
      Required ratio:  400.00 (Side area) 
      Cumulative area ratio:   16.77
      Required ratio:    0.00 (Cumulative side area) 

    Layer: via
      Partial area ratio:    0.21
      Required ratio:    6.00 (Gate area) 
      Cumulative area ratio:    0.35
      Required ratio:    0.00 (Cumulative area) 

    Layer: met2
      Partial area ratio:   20.80
      Required ratio:    0.00 (Gate area) 
      Cumulative area ratio:   24.33
      Required ratio:    0.00 (Cumulative area) 
      Partial area ratio:  103.24
      Required ratio: 2857.40 (Side area) 
      Cumulative area ratio:  120.00
      Required ratio:    0.00 (Cumulative side area) 



Net: _09110_
  Pin:   _12696_/B (sky130_fd_sc_hd__and2_2)
    Layer: mcon
      Partial area ratio:    0.23
      Required ratio:    3.00 (Gate area) 
      Cumulative area ratio:    0.23
      Required ratio:    0.00 (Cumulative area) 

    Layer: met1
      Partial area ratio:    5.97
      Required ratio:    0.00 (Gate area) 
      Cumulative area ratio:    5.97
      Required ratio:    0.00 (Cumulative area) 
      Partial area ratio:   28.36
      Required ratio:  400.00 (Side area) 
      Cumulative area ratio:   28.36
      Required ratio:    0.00 (Cumulative side area) 

    Layer: via
      Partial area ratio:    0.36
      Required ratio:    6.00 (Gate area) 
      Cumulative area ratio:    0.59
      Required ratio:    0.00 (Cumulative area) 

    Layer: met2
      Partial area ratio:    1.48
      Required ratio:    0.00 (Gate area) 
      Cumulative area ratio:    7.45
      Required ratio:    0.00 (Cumulative area) 
      Partial area ratio:    6.83
      Required ratio:  400.00 (Side area) 
      Cumulative area ratio:   35.19
      Required ratio:    0.00 (Cumulative side area) 

    Layer: via2
      Partial area ratio:    0.32
      Required ratio:    6.00 (Gate area) 
      Cumulative area ratio:    0.90
      Required ratio:    0.00 (Cumulative area) 

    Layer: met3
      Partial area ratio:    0.99
      Required ratio:    0.00 (Gate area) 
      Cumulative area ratio:    8.44
      Required ratio:    0.00 (Cumulative area) 
      Partial area ratio:    9.02
      Required ratio:  400.00 (Side area) 
      Cumulative area ratio:   44.21
      Required ratio:    0.00 (Cumulative side area) 

    Layer: via3
      Partial area ratio:    0.32
      Required ratio:    6.00 (Gate area) 
      Cumulative area ratio:    1.22
      Required ratio:    0.00 (Cumulative area) 

    Layer: met4
      Partial area ratio:  189.87
      Required ratio:    0.00 (Gate area) 
      Cumulative area ratio:  198.31
      Required ratio:    0.00 (Cumulative area) 
      Partial area ratio: 1016.38
      Required ratio: 2771.60 (Side area) 
      Cumulative area ratio: 1060.59
      Required ratio:    0.00 (Cumulative side area) 


  Pin:   _12758_/A0 (sky130_fd_sc_hd__mux2_1)
    Layer: mcon
      Partial area ratio:    0.23
      Required ratio:    3.00 (Gate area) 
      Cumulative area ratio:    0.23
      Required ratio:    0.00 (Cumulative area) 

    Layer: met1
      Partial area ratio:   20.68
      Required ratio:    0.00 (Gate area) 
      Cumulative area ratio:   20.68
      Required ratio:    0.00 (Cumulative area) 
      Partial area ratio:  101.06
      Required ratio:  400.00 (Side area) 
      Cumulative area ratio:  101.06
      Required ratio:    0.00 (Cumulative side area) 

    Layer: via
      Partial area ratio:    0.54
      Required ratio:    6.00 (Gate area) 
      Cumulative area ratio:    0.77
      Required ratio:    0.00 (Cumulative area) 

    Layer: met2
      Partial area ratio:   41.19
      Required ratio:    0.00 (Gate area) 
      Cumulative area ratio:   61.87
      Required ratio:    0.00 (Cumulative area) 
      Partial area ratio:  203.17
      Required ratio:  400.00 (Side area) 
      Cumulative area ratio:  304.22
      Required ratio:    0.00 (Cumulative side area) 

    Layer: via2
      Partial area ratio:    0.63
      Required ratio:    6.00 (Gate area) 
      Cumulative area ratio:    1.40
      Required ratio:    0.00 (Cumulative area) 

    Layer: met3
      Partial area ratio:  166.25
      Required ratio:    0.00 (Gate area) 
      Cumulative area ratio:  228.12
      Required ratio:    0.00 (Cumulative area) 
      Partial area ratio:  894.10
      Required ratio:  400.00 (Side area) (VIOLATED)
      Cumulative area ratio: 1198.32
      Required ratio:    0.00 (Cumulative side area) 

    Layer: via3
      Partial area ratio:    0.63
      Required ratio:    6.00 (Gate area) 
      Cumulative area ratio:    2.03
      Required ratio:    0.00 (Cumulative area) 

    Layer: met4
      Partial area ratio:  189.87
      Required ratio:    0.00 (Gate area) 
      Cumulative area ratio:  417.99
      Required ratio:    0.00 (Cumulative area) 
      Partial area ratio: 1016.38
      Required ratio: 2771.60 (Side area) 
      Cumulative area ratio: 2214.70
      Required ratio:    0.00 (Cumulative side area) 



Net: _09122_
  Pin:   fanout346/A (sky130_fd_sc_hd__clkdlybuf4s25_1)
    Layer: mcon
      Partial area ratio:    0.14
      Required ratio:    3.00 (Gate area) 
      Cumulative area ratio:    0.14
      Required ratio:    0.00 (Cumulative area) 

    Layer: met1
      Partial area ratio:    2.95
      Required ratio:    0.00 (Gate area) 
      Cumulative area ratio:    2.95
      Required ratio:    0.00 (Cumulative area) 
      Partial area ratio:   13.88
      Required ratio:  400.00 (Side area) 
      Cumulative area ratio:   13.88
      Required ratio:    0.00 (Cumulative side area) 

    Layer: via
      Partial area ratio:    0.21
      Required ratio:    6.00 (Gate area) 
      Cumulative area ratio:    0.35
      Required ratio:    0.00 (Cumulative area) 

    Layer: met2
      Partial area ratio:    0.88
      Required ratio:    0.00 (Gate area) 
      Cumulative area ratio:    3.83
      Required ratio:    0.00 (Cumulative area) 
      Partial area ratio:    4.04
      Required ratio:  400.00 (Side area) 
      Cumulative area ratio:   17.92
      Required ratio:    0.00 (Cumulative side area) 

    Layer: via2
      Partial area ratio:    0.19
      Required ratio:    6.00 (Gate area) 
      Cumulative area ratio:    0.53
      Required ratio:    0.00 (Cumulative area) 

    Layer: met3
      Partial area ratio:  107.52
      Required ratio:    0.00 (Gate area) 
      Cumulative area ratio:  111.35
      Required ratio:    0.00 (Cumulative area) 
      Partial area ratio:  575.62
      Required ratio:  400.00 (Side area) (VIOLATED)
      Cumulative area ratio:  593.54
      Required ratio:    0.00 (Cumulative side area) 

    Layer: via3
      Partial area ratio:    0.38
      Required ratio:    6.00 (Gate area) 
      Cumulative area ratio:    0.91
      Required ratio:    0.00 (Cumulative area) 

    Layer: met4
      Partial area ratio:   27.00
      Required ratio:    0.00 (Gate area) 
      Cumulative area ratio:  138.35
      Required ratio:    0.00 (Cumulative area) 
      Partial area ratio:  145.13
      Required ratio: 2778.20 (Side area) 
      Cumulative area ratio:  738.67
      Required ratio:    0.00 (Cumulative side area) 


  Pin:   fanout349/A (sky130_fd_sc_hd__clkdlybuf4s25_1)
    Layer: mcon
      Partial area ratio:    0.14
      Required ratio:    3.00 (Gate area) 
      Cumulative area ratio:    0.14
      Required ratio:    0.00 (Cumulative area) 

    Layer: met1
      Partial area ratio:    2.78
      Required ratio:    0.00 (Gate area) 
      Cumulative area ratio:    2.78
      Required ratio:    0.00 (Cumulative area) 
      Partial area ratio:   13.01
      Required ratio:  400.00 (Side area) 
      Cumulative area ratio:   13.01
      Required ratio:    0.00 (Cumulative side area) 

    Layer: via
      Partial area ratio:    0.21
      Required ratio:    6.00 (Gate area) 
      Cumulative area ratio:    0.35
      Required ratio:    0.00 (Cumulative area) 

    Layer: met2
      Partial area ratio:    0.88
      Required ratio:    0.00 (Gate area) 
      Cumulative area ratio:    3.65
      Required ratio:    0.00 (Cumulative area) 
      Partial area ratio:    4.04
      Required ratio:  400.00 (Side area) 
      Cumulative area ratio:   17.05
      Required ratio:    0.00 (Cumulative side area) 

    Layer: via2
      Partial area ratio:    0.19
      Required ratio:    6.00 (Gate area) 
      Cumulative area ratio:    0.53
      Required ratio:    0.00 (Cumulative area) 

    Layer: met3
      Partial area ratio:   52.03
      Required ratio:    0.00 (Gate area) 
      Cumulative area ratio:   55.68
      Required ratio:    0.00 (Cumulative area) 
      Partial area ratio:  278.22
      Required ratio:  400.00 (Side area) 
      Cumulative area ratio:  295.27
      Required ratio:    0.00 (Cumulative side area) 

    Layer: via3
      Partial area ratio:    0.06
      Required ratio:    6.00 (Gate area) 
      Cumulative area ratio:    0.60
      Required ratio:    0.00 (Cumulative area) 

    Layer: met4
      Partial area ratio:   27.00
      Required ratio:    0.00 (Gate area) 
      Cumulative area ratio:   82.69
      Required ratio:    0.00 (Cumulative area) 
      Partial area ratio:  145.13
      Required ratio: 2778.20 (Side area) 
      Cumulative area ratio:  440.40
      Required ratio:    0.00 (Cumulative side area) 


  Pin:   fanout350/A (sky130_fd_sc_hd__clkdlybuf4s25_1)
    Layer: mcon
      Partial area ratio:    0.14
      Required ratio:    3.00 (Gate area) 
      Cumulative area ratio:    0.14
      Required ratio:    0.00 (Cumulative area) 

    Layer: met1
      Partial area ratio:    3.97
      Required ratio:    0.00 (Gate area) 
      Cumulative area ratio:    3.97
      Required ratio:    0.00 (Cumulative area) 
      Partial area ratio:   18.96
      Required ratio:  400.00 (Side area) 
      Cumulative area ratio:   18.96
      Required ratio:    0.00 (Cumulative side area) 

    Layer: via
      Partial area ratio:    0.21
      Required ratio:    6.00 (Gate area) 
      Cumulative area ratio:    0.35
      Required ratio:    0.00 (Cumulative area) 

    Layer: met2
      Partial area ratio:   30.77
      Required ratio:    0.00 (Gate area) 
      Cumulative area ratio:   34.74
      Required ratio:    0.00 (Cumulative area) 
      Partial area ratio:  152.87
      Required ratio:  400.00 (Side area) 
      Cumulative area ratio:  171.82
      Required ratio:    0.00 (Cumulative side area) 

    Layer: via2
      Partial area ratio:    0.09
      Required ratio:    6.00 (Gate area) 
      Cumulative area ratio:    0.44
      Required ratio:    0.00 (Cumulative area) 

    Layer: met3
      Partial area ratio:   52.03
      Required ratio:    0.00 (Gate area) 
      Cumulative area ratio:   86.77
      Required ratio:    0.00 (Cumulative area) 
      Partial area ratio:  278.22
      Required ratio:  400.00 (Side area) 
      Cumulative area ratio:  450.04
      Required ratio:    0.00 (Cumulative side area) 

    Layer: via3
      Partial area ratio:    0.06
      Required ratio:    6.00 (Gate area) 
      Cumulative area ratio:    0.50
      Required ratio:    0.00 (Cumulative area) 

    Layer: met4
      Partial area ratio:   27.00
      Required ratio:    0.00 (Gate area) 
      Cumulative area ratio:  113.77
      Required ratio:    0.00 (Cumulative area) 
      Partial area ratio:  145.13
      Required ratio: 2778.20 (Side area) 
      Cumulative area ratio:  595.17
      Required ratio:    0.00 (Cumulative side area) 


  Pin:   fanout351/A (sky130_fd_sc_hd__clkdlybuf4s25_1)
    Layer: mcon
      Partial area ratio:    0.14
      Required ratio:    3.00 (Gate area) 
      Cumulative area ratio:    0.14
      Required ratio:    0.00 (Cumulative area) 

    Layer: met1
      Partial area ratio:    5.58
      Required ratio:    0.00 (Gate area) 
      Cumulative area ratio:    5.58
      Required ratio:    0.00 (Cumulative area) 
      Partial area ratio:   27.01
      Required ratio:  400.00 (Side area) 
      Cumulative area ratio:   27.01
      Required ratio:    0.00 (Cumulative side area) 

    Layer: via
      Partial area ratio:    0.21
      Required ratio:    6.00 (Gate area) 
      Cumulative area ratio:    0.35
      Required ratio:    0.00 (Cumulative area) 

    Layer: met2
      Partial area ratio:   30.77
      Required ratio:    0.00 (Gate area) 
      Cumulative area ratio:   36.35
      Required ratio:    0.00 (Cumulative area) 
      Partial area ratio:  152.87
      Required ratio:  400.00 (Side area) 
      Cumulative area ratio:  179.87
      Required ratio:    0.00 (Cumulative side area) 

    Layer: via2
      Partial area ratio:    0.09
      Required ratio:    6.00 (Gate area) 
      Cumulative area ratio:    0.44
      Required ratio:    0.00 (Cumulative area) 

    Layer: met3
      Partial area ratio:   52.03
      Required ratio:    0.00 (Gate area) 
      Cumulative area ratio:   88.38
      Required ratio:    0.00 (Cumulative area) 
      Partial area ratio:  278.22
      Required ratio:  400.00 (Side area) 
      Cumulative area ratio:  458.10
      Required ratio:    0.00 (Cumulative side area) 

    Layer: via3
      Partial area ratio:    0.06
      Required ratio:    6.00 (Gate area) 
      Cumulative area ratio:    0.50
      Required ratio:    0.00 (Cumulative area) 

    Layer: met4
      Partial area ratio:   27.00
      Required ratio:    0.00 (Gate area) 
      Cumulative area ratio:  115.38
      Required ratio:    0.00 (Cumulative area) 
      Partial area ratio:  145.13
      Required ratio: 2778.20 (Side area) 
      Cumulative area ratio:  603.22
      Required ratio:    0.00 (Cumulative side area) 



Net: _09145_
  Pin:   _12742_/A1 (sky130_fd_sc_hd__mux2_1)
    Layer: mcon
      Partial area ratio:    0.23
      Required ratio:    3.00 (Gate area) 
      Cumulative area ratio:    0.23
      Required ratio:    0.00 (Cumulative area) 

    Layer: met1
      Partial area ratio:    2.23
      Required ratio:    0.00 (Gate area) 
      Cumulative area ratio:    2.23
      Required ratio:    0.00 (Cumulative area) 
      Partial area ratio:   10.11
      Required ratio:  400.00 (Side area) 
      Cumulative area ratio:   10.11
      Required ratio:    0.00 (Cumulative side area) 

    Layer: via
      Partial area ratio:    0.29
      Required ratio:    6.00 (Gate area) 
      Cumulative area ratio:    0.52
      Required ratio:    0.00 (Cumulative area) 

    Layer: met2
      Partial area ratio:    1.03
      Required ratio:    0.00 (Gate area) 
      Cumulative area ratio:    3.26
      Required ratio:    0.00 (Cumulative area) 
      Partial area ratio:    4.06
      Required ratio:  400.00 (Side area) 
      Cumulative area ratio:   14.17
      Required ratio:    0.00 (Cumulative side area) 

    Layer: via2
      Partial area ratio:    0.32
      Required ratio:    6.00 (Gate area) 
      Cumulative area ratio:    0.83
      Required ratio:    0.00 (Cumulative area) 

    Layer: met3
      Partial area ratio:  132.41
      Required ratio:    0.00 (Gate area) 
      Cumulative area ratio:  135.67
      Required ratio:    0.00 (Cumulative area) 
      Partial area ratio:  709.90
      Required ratio:  400.00 (Side area) (VIOLATED)
      Cumulative area ratio:  724.07
      Required ratio:    0.00 (Cumulative side area) 

    Layer: via3
      Partial area ratio:    0.32
      Required ratio:    6.00 (Gate area) 
      Cumulative area ratio:    1.15
      Required ratio:    0.00 (Cumulative area) 

    Layer: met4
      Partial area ratio:  116.89
      Required ratio:    0.00 (Gate area) 
      Cumulative area ratio:  252.55
      Required ratio:    0.00 (Cumulative area) 
      Partial area ratio:  630.86
      Required ratio: 2771.60 (Side area) 
      Cumulative area ratio: 1354.93
      Required ratio:    0.00 (Cumulative side area) 



Net: _09149_
  Pin:   _12748_/A1 (sky130_fd_sc_hd__mux2_1)
    Layer: mcon
      Partial area ratio:    0.23
      Required ratio:    3.00 (Gate area) 
      Cumulative area ratio:    0.23
      Required ratio:    0.00 (Cumulative area) 

    Layer: met1
      Partial area ratio:    6.02
      Required ratio:    0.00 (Gate area) 
      Cumulative area ratio:    6.02
      Required ratio:    0.00 (Cumulative area) 
      Partial area ratio:   28.61
      Required ratio:  400.00 (Side area) 
      Cumulative area ratio:   28.61
      Required ratio:    0.00 (Cumulative side area) 

    Layer: via
      Partial area ratio:    0.36
      Required ratio:    6.00 (Gate area) 
      Cumulative area ratio:    0.59
      Required ratio:    0.00 (Cumulative area) 

    Layer: met2
      Partial area ratio:    1.48
      Required ratio:    0.00 (Gate area) 
      Cumulative area ratio:    7.50
      Required ratio:    0.00 (Cumulative area) 
      Partial area ratio:    6.83
      Required ratio:  400.00 (Side area) 
      Cumulative area ratio:   35.44
      Required ratio:    0.00 (Cumulative side area) 

    Layer: via2
      Partial area ratio:    0.32
      Required ratio:    6.00 (Gate area) 
      Cumulative area ratio:    0.90
      Required ratio:    0.00 (Cumulative area) 

    Layer: met3
      Partial area ratio:  576.89
      Required ratio:    0.00 (Gate area) 
      Cumulative area ratio:  584.38
      Required ratio:    0.00 (Cumulative area) 
      Partial area ratio: 3084.19
      Required ratio: 2771.60 (Side area) (VIOLATED)
      Cumulative area ratio: 3119.63
      Required ratio:    0.00 (Cumulative side area) 



Net: _09151_
  Pin:   _12751_/A1 (sky130_fd_sc_hd__mux2_1)
    Layer: mcon
      Partial area ratio:    0.23
      Required ratio:    3.00 (Gate area) 
      Cumulative area ratio:    0.23
      Required ratio:    0.00 (Cumulative area) 

    Layer: met1
      Partial area ratio:    5.45
      Required ratio:    0.00 (Gate area) 
      Cumulative area ratio:    5.45
      Required ratio:    0.00 (Cumulative area) 
      Partial area ratio:   25.78
      Required ratio:  400.00 (Side area) 
      Cumulative area ratio:   25.78
      Required ratio:    0.00 (Cumulative side area) 

    Layer: via
      Partial area ratio:    0.36
      Required ratio:    6.00 (Gate area) 
      Cumulative area ratio:    0.59
      Required ratio:    0.00 (Cumulative area) 

    Layer: met2
      Partial area ratio:    1.48
      Required ratio:    0.00 (Gate area) 
      Cumulative area ratio:    6.93
      Required ratio:    0.00 (Cumulative area) 
      Partial area ratio:    6.83
      Required ratio:  400.00 (Side area) 
      Cumulative area ratio:   32.61
      Required ratio:    0.00 (Cumulative side area) 

    Layer: via2
      Partial area ratio:    0.32
      Required ratio:    6.00 (Gate area) 
      Cumulative area ratio:    0.90
      Required ratio:    0.00 (Cumulative area) 

    Layer: met3
      Partial area ratio:  526.66
      Required ratio:    0.00 (Gate area) 
      Cumulative area ratio:  533.59
      Required ratio:    0.00 (Cumulative area) 
      Partial area ratio: 2812.57
      Required ratio: 2771.60 (Side area) (VIOLATED)
      Cumulative area ratio: 2845.18
      Required ratio:    0.00 (Cumulative side area) 



Net: _09188_
  Pin:   fanout765/A (sky130_fd_sc_hd__clkdlybuf4s25_1)
    Layer: mcon
      Partial area ratio:    0.14
      Required ratio:    3.00 (Gate area) 
      Cumulative area ratio:    0.14
      Required ratio:    0.00 (Cumulative area) 

    Layer: met1
      Partial area ratio:    1.23
      Required ratio:    0.00 (Gate area) 
      Cumulative area ratio:    1.23
      Required ratio:    0.00 (Cumulative area) 
      Partial area ratio:    5.30
      Required ratio:  400.00 (Side area) 
      Cumulative area ratio:    5.30
      Required ratio:    0.00 (Cumulative side area) 

    Layer: via
      Partial area ratio:    0.21
      Required ratio:    6.00 (Gate area) 
      Cumulative area ratio:    0.35
      Required ratio:    0.00 (Cumulative area) 

    Layer: met2
      Partial area ratio:    0.88
      Required ratio:    0.00 (Gate area) 
      Cumulative area ratio:    2.11
      Required ratio:    0.00 (Cumulative area) 
      Partial area ratio:    4.04
      Required ratio:  400.00 (Side area) 
      Cumulative area ratio:    9.34
      Required ratio:    0.00 (Cumulative side area) 

    Layer: via2
      Partial area ratio:    0.19
      Required ratio:    6.00 (Gate area) 
      Cumulative area ratio:    0.53
      Required ratio:    0.00 (Cumulative area) 

    Layer: met3
      Partial area ratio:   97.77
      Required ratio:    0.00 (Gate area) 
      Cumulative area ratio:   99.88
      Required ratio:    0.00 (Cumulative area) 
      Partial area ratio:  523.61
      Required ratio:  400.00 (Side area) (VIOLATED)
      Cumulative area ratio:  532.95
      Required ratio:    0.00 (Cumulative side area) 

    Layer: via3
      Partial area ratio:    0.19
      Required ratio:    6.00 (Gate area) 
      Cumulative area ratio:    0.72
      Required ratio:    0.00 (Cumulative area) 

    Layer: met4
      Partial area ratio:  209.50
      Required ratio:    0.00 (Gate area) 
      Cumulative area ratio:  309.38
      Required ratio:    0.00 (Cumulative area) 
      Partial area ratio: 1119.55
      Required ratio: 2994.20 (Side area) 
      Cumulative area ratio: 1652.49
      Required ratio:    0.00 (Cumulative side area) 


  Pin:   fanout796/A (sky130_fd_sc_hd__clkdlybuf4s25_1)
    Layer: mcon
      Partial area ratio:    0.14
      Required ratio:    3.00 (Gate area) 
      Cumulative area ratio:    0.14
      Required ratio:    0.00 (Cumulative area) 

    Layer: met1
      Partial area ratio:    7.30
      Required ratio:    0.00 (Gate area) 
      Cumulative area ratio:    7.30
      Required ratio:    0.00 (Cumulative area) 
      Partial area ratio:   34.52
      Required ratio: 2994.20 (Side area) 
      Cumulative area ratio:   34.52
      Required ratio:    0.00 (Cumulative side area) 

    Layer: via
      Partial area ratio:    0.32
      Required ratio:   41.48 (Gate area) 
      Cumulative area ratio:    0.45
      Required ratio:    0.00 (Cumulative area) 

    Layer: met2
      Partial area ratio:    1.27
      Required ratio:    0.00 (Gate area) 
      Cumulative area ratio:    8.57
      Required ratio:    0.00 (Cumulative area) 
      Partial area ratio:    5.95
      Required ratio: 2994.20 (Side area) 
      Cumulative area ratio:   40.47
      Required ratio:    0.00 (Cumulative side area) 

    Layer: via2
      Partial area ratio:    0.19
      Required ratio:   41.48 (Gate area) 
      Cumulative area ratio:    0.64
      Required ratio:    0.00 (Cumulative area) 

    Layer: met3
      Partial area ratio:    0.59
      Required ratio:    0.00 (Gate area) 
      Cumulative area ratio:    9.15
      Required ratio:    0.00 (Cumulative area) 
      Partial area ratio:    5.33
      Required ratio: 2994.20 (Side area) 
      Cumulative area ratio:   45.80
      Required ratio:    0.00 (Cumulative side area) 

    Layer: via3
      Partial area ratio:    0.19
      Required ratio:   41.48 (Gate area) 
      Cumulative area ratio:    0.83
      Required ratio:    0.00 (Cumulative area) 

    Layer: met4
      Partial area ratio:  209.50
      Required ratio:    0.00 (Gate area) 
      Cumulative area ratio:  218.65
      Required ratio:    0.00 (Cumulative area) 
      Partial area ratio: 1119.55
      Required ratio: 2994.20 (Side area) 
      Cumulative area ratio: 1165.35
      Required ratio:    0.00 (Cumulative side area) 



Net: _09193_
  Pin:   fanout740/A (sky130_fd_sc_hd__clkdlybuf4s25_1)
    Layer: mcon
      Partial area ratio:    0.14
      Required ratio:    3.00 (Gate area) 
      Cumulative area ratio:    0.14
      Required ratio:    0.00 (Cumulative area) 

    Layer: met1
      Partial area ratio:  156.24
      Required ratio:    0.00 (Gate area) 
      Cumulative area ratio:  156.24
      Required ratio:    0.00 (Cumulative area) 
      Partial area ratio:  780.33
      Required ratio:  400.00 (Side area) (VIOLATED)
      Cumulative area ratio:  780.33
      Required ratio:    0.00 (Cumulative side area) 

    Layer: via
      Partial area ratio:    0.21
      Required ratio:    6.00 (Gate area) 
      Cumulative area ratio:    0.35
      Required ratio:    0.00 (Cumulative area) 

    Layer: met2
      Partial area ratio:    5.89
      Required ratio:    0.00 (Gate area) 
      Cumulative area ratio:  162.13
      Required ratio:    0.00 (Cumulative area) 
      Partial area ratio:   28.79
      Required ratio: 2778.20 (Side area) 
      Cumulative area ratio:  809.12
      Required ratio:    0.00 (Cumulative side area) 



Net: clk
  Pin:   clkbuf_0_clk/A (sky130_fd_sc_hd__clkbuf_16)
    Layer: mcon
      Partial area ratio:    0.03
      Required ratio:    3.00 (Gate area) 
      Cumulative area ratio:    0.03
      Required ratio:    0.00 (Cumulative area) 

    Layer: met1
      Partial area ratio:    0.61
      Required ratio:    0.00 (Gate area) 
      Cumulative area ratio:    0.61
      Required ratio:    0.00 (Cumulative area) 
      Partial area ratio:    2.82
      Required ratio:  400.00 (Side area) 
      Cumulative area ratio:    2.82
      Required ratio:    0.00 (Cumulative side area) 

    Layer: via
      Partial area ratio:    0.05
      Required ratio:    6.00 (Gate area) 
      Cumulative area ratio:    0.09
      Required ratio:    0.00 (Cumulative area) 

    Layer: met2
      Partial area ratio:   51.42
      Required ratio:    0.00 (Gate area) 
      Cumulative area ratio:   52.03
      Required ratio:    0.00 (Cumulative area) 
      Partial area ratio:  256.77
      Required ratio:  400.00 (Side area) 
      Cumulative area ratio:  259.59
      Required ratio:    0.00 (Cumulative side area) 

    Layer: via2
      Partial area ratio:    0.05
      Required ratio:    6.00 (Gate area) 
      Cumulative area ratio:    0.13
      Required ratio:    0.00 (Cumulative area) 

    Layer: met3
      Partial area ratio:   84.34
      Required ratio:    0.00 (Gate area) 
      Cumulative area ratio:  136.37
      Required ratio:    0.00 (Cumulative area) 
      Partial area ratio:  450.38
      Required ratio:  400.00 (Side area) (VIOLATED)
      Cumulative area ratio:  709.96
      Required ratio:    0.00 (Cumulative side area) 



Net: net15
  Pin:   output15/A (sky130_fd_sc_hd__clkdlybuf4s25_1)
    Layer: mcon
      Partial area ratio:    0.14
      Required ratio:    3.00 (Gate area) 
      Cumulative area ratio:    0.14
      Required ratio:    0.00 (Cumulative area) 

    Layer: met1
      Partial area ratio:    2.25
      Required ratio:    0.00 (Gate area) 
      Cumulative area ratio:    2.25
      Required ratio:    0.00 (Cumulative area) 
      Partial area ratio:   10.38
      Required ratio:  400.00 (Side area) 
      Cumulative area ratio:   10.38
      Required ratio:    0.00 (Cumulative side area) 

    Layer: via
      Partial area ratio:    0.21
      Required ratio:    6.00 (Gate area) 
      Cumulative area ratio:    0.35
      Required ratio:    0.00 (Cumulative area) 

    Layer: met2
      Partial area ratio:    0.88
      Required ratio:    0.00 (Gate area) 
      Cumulative area ratio:    3.13
      Required ratio:    0.00 (Cumulative area) 
      Partial area ratio:    4.04
      Required ratio:  400.00 (Side area) 
      Cumulative area ratio:   14.42
      Required ratio:    0.00 (Cumulative side area) 

    Layer: via2
      Partial area ratio:    0.19
      Required ratio:    6.00 (Gate area) 
      Cumulative area ratio:    0.53
      Required ratio:    0.00 (Cumulative area) 

    Layer: met3
      Partial area ratio:  185.23
      Required ratio:    0.00 (Gate area) 
      Cumulative area ratio:  188.36
      Required ratio:    0.00 (Cumulative area) 
      Partial area ratio:  990.08
      Required ratio:  400.00 (Side area) (VIOLATED)
      Cumulative area ratio: 1004.51
      Required ratio:    0.00 (Cumulative side area) 

    Layer: via3
      Partial area ratio:    0.19
      Required ratio:    6.00 (Gate area) 
      Cumulative area ratio:    0.72
      Required ratio:    0.00 (Cumulative area) 

    Layer: met4
      Partial area ratio:   19.99
      Required ratio:    0.00 (Gate area) 
      Cumulative area ratio:  208.35
      Required ratio:    0.00 (Cumulative area) 
      Partial area ratio:  108.85
      Required ratio: 2831.00 (Side area) 
      Cumulative area ratio: 1113.35
      Required ratio:    0.00 (Cumulative side area) 



Net: net211
  Pin:   _13904_/A1 (sky130_fd_sc_hd__mux2_1)
    Layer: mcon
      Partial area ratio:    0.23
      Required ratio:    3.00 (Gate area) 
      Cumulative area ratio:    0.23
      Required ratio:    0.00 (Cumulative area) 

    Layer: met1
      Partial area ratio:   12.73
      Required ratio:    0.00 (Gate area) 
      Cumulative area ratio:   12.73
      Required ratio:    0.00 (Cumulative area) 
      Partial area ratio:   62.25
      Required ratio:  400.00 (Side area) 
      Cumulative area ratio:   62.25
      Required ratio:    0.00 (Cumulative side area) 

    Layer: via
      Partial area ratio:    0.27
      Required ratio:    6.00 (Gate area) 
      Cumulative area ratio:    0.49
      Required ratio:    0.00 (Cumulative area) 

    Layer: met2
      Partial area ratio:   21.90
      Required ratio:    0.00 (Gate area) 
      Cumulative area ratio:   34.63
      Required ratio:    0.00 (Cumulative area) 
      Partial area ratio:  108.89
      Required ratio: 2881.16 (Side area) 
      Cumulative area ratio:  171.14
      Required ratio:    0.00 (Cumulative side area) 


  Pin:   _13941_/A1 (sky130_fd_sc_hd__mux2_1)
    Layer: mcon
      Partial area ratio:    0.23
      Required ratio:    3.00 (Gate area) 
      Cumulative area ratio:    0.23
      Required ratio:    0.00 (Cumulative area) 

    Layer: met1
      Partial area ratio:   87.63
      Required ratio:    0.00 (Gate area) 
      Cumulative area ratio:   87.63
      Required ratio:    0.00 (Cumulative area) 
      Partial area ratio:  435.83
      Required ratio:  400.00 (Side area) (VIOLATED)
      Cumulative area ratio:  435.83
      Required ratio:    0.00 (Cumulative side area) 

    Layer: via
      Partial area ratio:    0.54
      Required ratio:    6.00 (Gate area) 
      Cumulative area ratio:    0.77
      Required ratio:    0.00 (Cumulative area) 

    Layer: met2
      Partial area ratio:   21.90
      Required ratio:    0.00 (Gate area) 
      Cumulative area ratio:  109.54
      Required ratio:    0.00 (Cumulative area) 
      Partial area ratio:  108.89
      Required ratio: 2881.16 (Side area) 
      Cumulative area ratio:  544.72
      Required ratio:    0.00 (Cumulative side area) 


  Pin:   _14997_/A1 (sky130_fd_sc_hd__mux2_1)
    Layer: mcon
      Partial area ratio:    0.23
      Required ratio:    3.00 (Gate area) 
      Cumulative area ratio:    0.23
      Required ratio:    0.00 (Cumulative area) 

    Layer: met1
      Partial area ratio:   42.15
      Required ratio:    0.00 (Gate area) 
      Cumulative area ratio:   42.15
      Required ratio:    0.00 (Cumulative area) 
      Partial area ratio:  209.28
      Required ratio:  400.00 (Side area) 
      Cumulative area ratio:  209.28
      Required ratio:    0.00 (Cumulative side area) 

    Layer: via
      Partial area ratio:    0.36
      Required ratio:    6.00 (Gate area) 
      Cumulative area ratio:    0.59
      Required ratio:    0.00 (Cumulative area) 

    Layer: met2
      Partial area ratio:   21.90
      Required ratio:    0.00 (Gate area) 
      Cumulative area ratio:   64.05
      Required ratio:    0.00 (Cumulative area) 
      Partial area ratio:  108.89
      Required ratio: 2881.16 (Side area) 
      Cumulative area ratio:  318.17
      Required ratio:    0.00 (Cumulative side area) 


  Pin:   fanout205/A (sky130_fd_sc_hd__clkdlybuf4s25_1)
    Layer: mcon
      Partial area ratio:    0.14
      Required ratio:    3.00 (Gate area) 
      Cumulative area ratio:    0.14
      Required ratio:    0.00 (Cumulative area) 

    Layer: met1
      Partial area ratio:    4.80
      Required ratio:    0.00 (Gate area) 
      Cumulative area ratio:    4.80
      Required ratio:    0.00 (Cumulative area) 
      Partial area ratio:   23.11
      Required ratio:  400.00 (Side area) 
      Cumulative area ratio:   23.11
      Required ratio:    0.00 (Cumulative side area) 

    Layer: via
      Partial area ratio:    0.21
      Required ratio:    6.00 (Gate area) 
      Cumulative area ratio:    0.35
      Required ratio:    0.00 (Cumulative area) 

    Layer: met2
      Partial area ratio:   21.90
      Required ratio:    0.00 (Gate area) 
      Cumulative area ratio:   26.70
      Required ratio:    0.00 (Cumulative area) 
      Partial area ratio:  108.89
      Required ratio: 2881.16 (Side area) 
      Cumulative area ratio:  132.00
      Required ratio:    0.00 (Cumulative side area) 


  Pin:   fanout207/A (sky130_fd_sc_hd__clkdlybuf4s25_1)
    Layer: mcon
      Partial area ratio:    0.14
      Required ratio:    3.00 (Gate area) 
      Cumulative area ratio:    0.14
      Required ratio:    0.00 (Cumulative area) 

    Layer: met1
      Partial area ratio:    2.65
      Required ratio:    0.00 (Gate area) 
      Cumulative area ratio:    2.65
      Required ratio:    0.00 (Cumulative area) 
      Partial area ratio:   12.36
      Required ratio:  400.00 (Side area) 
      Cumulative area ratio:   12.36
      Required ratio:    0.00 (Cumulative side area) 

    Layer: via
      Partial area ratio:    0.21
      Required ratio:    6.00 (Gate area) 
      Cumulative area ratio:    0.35
      Required ratio:    0.00 (Cumulative area) 

    Layer: met2
      Partial area ratio:   21.90
      Required ratio:    0.00 (Gate area) 
      Cumulative area ratio:   24.55
      Required ratio:    0.00 (Cumulative area) 
      Partial area ratio:  108.89
      Required ratio: 2881.16 (Side area) 
      Cumulative area ratio:  121.25
      Required ratio:    0.00 (Cumulative side area) 


  Pin:   fanout210/A (sky130_fd_sc_hd__clkdlybuf4s25_1)
    Layer: mcon
      Partial area ratio:    0.14
      Required ratio:    3.00 (Gate area) 
      Cumulative area ratio:    0.14
      Required ratio:    0.00 (Cumulative area) 

    Layer: met1
      Partial area ratio:   12.73
      Required ratio:    0.00 (Gate area) 
      Cumulative area ratio:   12.73
      Required ratio:    0.00 (Cumulative area) 
      Partial area ratio:   62.25
      Required ratio:  400.00 (Side area) 
      Cumulative area ratio:   62.25
      Required ratio:    0.00 (Cumulative side area) 

    Layer: via
      Partial area ratio:    0.27
      Required ratio:    6.00 (Gate area) 
      Cumulative area ratio:    0.40
      Required ratio:    0.00 (Cumulative area) 

    Layer: met2
      Partial area ratio:   21.90
      Required ratio:    0.00 (Gate area) 
      Cumulative area ratio:   34.63
      Required ratio:    0.00 (Cumulative area) 
      Partial area ratio:  108.89
      Required ratio: 2881.16 (Side area) 
      Cumulative area ratio:  171.14
      Required ratio:    0.00 (Cumulative side area) 



Net: net264
  Pin:   _14092_/A1 (sky130_fd_sc_hd__mux2_1)
    Layer: mcon
      Partial area ratio:    0.23
      Required ratio:    3.00 (Gate area) 
      Cumulative area ratio:    0.23
      Required ratio:    0.00 (Cumulative area) 

    Layer: met1
      Partial area ratio:    9.28
      Required ratio:    0.00 (Gate area) 
      Cumulative area ratio:    9.28
      Required ratio:    0.00 (Cumulative area) 
      Partial area ratio:   44.97
      Required ratio:  400.00 (Side area) 
      Cumulative area ratio:   44.97
      Required ratio:    0.00 (Cumulative side area) 

    Layer: via
      Partial area ratio:    0.27
      Required ratio:    6.00 (Gate area) 
      Cumulative area ratio:    0.50
      Required ratio:    0.00 (Cumulative area) 

    Layer: met2
      Partial area ratio:   13.40
      Required ratio:    0.00 (Gate area) 
      Cumulative area ratio:   22.69
      Required ratio:    0.00 (Cumulative area) 
      Partial area ratio:   66.31
      Required ratio: 2881.16 (Side area) 
      Cumulative area ratio:  111.28
      Required ratio:    0.00 (Cumulative side area) 


  Pin:   _14164_/A1 (sky130_fd_sc_hd__mux2_1)
    Layer: mcon
      Partial area ratio:    0.23
      Required ratio:    3.00 (Gate area) 
      Cumulative area ratio:    0.23
      Required ratio:    0.00 (Cumulative area) 

    Layer: met1
      Partial area ratio:    4.51
      Required ratio:    0.00 (Gate area) 
      Cumulative area ratio:    4.51
      Required ratio:    0.00 (Cumulative area) 
      Partial area ratio:   21.06
      Required ratio:  400.00 (Side area) 
      Cumulative area ratio:   21.06
      Required ratio:    0.00 (Cumulative side area) 

    Layer: via
      Partial area ratio:    0.36
      Required ratio:    6.00 (Gate area) 
      Cumulative area ratio:    0.59
      Required ratio:    0.00 (Cumulative area) 

    Layer: met2
      Partial area ratio:   13.40
      Required ratio:    0.00 (Gate area) 
      Cumulative area ratio:   17.91
      Required ratio:    0.00 (Cumulative area) 
      Partial area ratio:   66.31
      Required ratio: 2881.16 (Side area) 
      Cumulative area ratio:   87.37
      Required ratio:    0.00 (Cumulative side area) 


  Pin:   _14200_/A1 (sky130_fd_sc_hd__mux2_1)
    Layer: mcon
      Partial area ratio:    0.23
      Required ratio:    3.00 (Gate area) 
      Cumulative area ratio:    0.23
      Required ratio:    0.00 (Cumulative area) 

    Layer: met1
      Partial area ratio:    9.28
      Required ratio:    0.00 (Gate area) 
      Cumulative area ratio:    9.28
      Required ratio:    0.00 (Cumulative area) 
      Partial area ratio:   44.97
      Required ratio:  400.00 (Side area) 
      Cumulative area ratio:   44.97
      Required ratio:    0.00 (Cumulative side area) 

    Layer: via
      Partial area ratio:    0.27
      Required ratio:    6.00 (Gate area) 
      Cumulative area ratio:    0.50
      Required ratio:    0.00 (Cumulative area) 

    Layer: met2
      Partial area ratio:   13.40
      Required ratio:    0.00 (Gate area) 
      Cumulative area ratio:   22.69
      Required ratio:    0.00 (Cumulative area) 
      Partial area ratio:   66.31
      Required ratio: 2881.16 (Side area) 
      Cumulative area ratio:  111.28
      Required ratio:    0.00 (Cumulative side area) 


  Pin:   _14236_/A1 (sky130_fd_sc_hd__mux2_1)
    Layer: mcon
      Partial area ratio:    0.23
      Required ratio:    3.00 (Gate area) 
      Cumulative area ratio:    0.23
      Required ratio:    0.00 (Cumulative area) 

    Layer: met1
      Partial area ratio:   83.42
      Required ratio:    0.00 (Gate area) 
      Cumulative area ratio:   83.42
      Required ratio:    0.00 (Cumulative area) 
      Partial area ratio:  414.78
      Required ratio:  400.00 (Side area) (VIOLATED)
      Cumulative area ratio:  414.78
      Required ratio:    0.00 (Cumulative side area) 

    Layer: via
      Partial area ratio:    0.54
      Required ratio:    6.00 (Gate area) 
      Cumulative area ratio:    0.77
      Required ratio:    0.00 (Cumulative area) 

    Layer: met2
      Partial area ratio:   13.40
      Required ratio:    0.00 (Gate area) 
      Cumulative area ratio:   96.83
      Required ratio:    0.00 (Cumulative area) 
      Partial area ratio:   66.31
      Required ratio: 2881.16 (Side area) 
      Cumulative area ratio:  481.09
      Required ratio:    0.00 (Cumulative side area) 


  Pin:   _14311_/A1 (sky130_fd_sc_hd__mux2_1)
    Layer: mcon
      Partial area ratio:    0.23
      Required ratio:    3.00 (Gate area) 
      Cumulative area ratio:    0.23
      Required ratio:    0.00 (Cumulative area) 

    Layer: met1
      Partial area ratio:    6.34
      Required ratio:    0.00 (Gate area) 
      Cumulative area ratio:    6.34
      Required ratio:    0.00 (Cumulative area) 
      Partial area ratio:   30.22
      Required ratio:  400.00 (Side area) 
      Cumulative area ratio:   30.22
      Required ratio:    0.00 (Cumulative side area) 

    Layer: via
      Partial area ratio:    0.36
      Required ratio:    6.00 (Gate area) 
      Cumulative area ratio:    0.59
      Required ratio:    0.00 (Cumulative area) 

    Layer: met2
      Partial area ratio:   13.40
      Required ratio:    0.00 (Gate area) 
      Cumulative area ratio:   19.74
      Required ratio:    0.00 (Cumulative area) 
      Partial area ratio:   66.31
      Required ratio: 2881.16 (Side area) 
      Cumulative area ratio:   96.53
      Required ratio:    0.00 (Cumulative side area) 


  Pin:   _14347_/A1 (sky130_fd_sc_hd__mux2_1)
    Layer: mcon
      Partial area ratio:    0.23
      Required ratio:    3.00 (Gate area) 
      Cumulative area ratio:    0.23
      Required ratio:    0.00 (Cumulative area) 

    Layer: met1
      Partial area ratio:    7.39
      Required ratio:    0.00 (Gate area) 
      Cumulative area ratio:    7.39
      Required ratio:    0.00 (Cumulative area) 
      Partial area ratio:   35.50
      Required ratio:  400.00 (Side area) 
      Cumulative area ratio:   35.50
      Required ratio:    0.00 (Cumulative side area) 

    Layer: via
      Partial area ratio:    0.27
      Required ratio:    6.00 (Gate area) 
      Cumulative area ratio:    0.50
      Required ratio:    0.00 (Cumulative area) 

    Layer: met2
      Partial area ratio:   13.40
      Required ratio:    0.00 (Gate area) 
      Cumulative area ratio:   20.79
      Required ratio:    0.00 (Cumulative area) 
      Partial area ratio:   66.31
      Required ratio: 2881.16 (Side area) 
      Cumulative area ratio:  101.81
      Required ratio:    0.00 (Cumulative side area) 


  Pin:   _14420_/A1 (sky130_fd_sc_hd__mux2_1)
    Layer: mcon
      Partial area ratio:    0.23
      Required ratio:    3.00 (Gate area) 
      Cumulative area ratio:    0.23
      Required ratio:    0.00 (Cumulative area) 

    Layer: met1
      Partial area ratio:    1.76
      Required ratio:    0.00 (Gate area) 
      Cumulative area ratio:    1.76
      Required ratio:    0.00 (Cumulative area) 
      Partial area ratio:    7.39
      Required ratio:  400.00 (Side area) 
      Cumulative area ratio:    7.39
      Required ratio:    0.00 (Cumulative side area) 

    Layer: via
      Partial area ratio:    0.36
      Required ratio:    6.00 (Gate area) 
      Cumulative area ratio:    0.59
      Required ratio:    0.00 (Cumulative area) 

    Layer: met2
      Partial area ratio:   13.40
      Required ratio:    0.00 (Gate area) 
      Cumulative area ratio:   15.16
      Required ratio:    0.00 (Cumulative area) 
      Partial area ratio:   66.31
      Required ratio: 2881.16 (Side area) 
      Cumulative area ratio:   73.70
      Required ratio:    0.00 (Cumulative side area) 


  Pin:   _14456_/A1 (sky130_fd_sc_hd__mux2_1)
    Layer: mcon
      Partial area ratio:    0.23
      Required ratio:    3.00 (Gate area) 
      Cumulative area ratio:    0.23
      Required ratio:    0.00 (Cumulative area) 

    Layer: met1
      Partial area ratio:    7.39
      Required ratio:    0.00 (Gate area) 
      Cumulative area ratio:    7.39
      Required ratio:    0.00 (Cumulative area) 
      Partial area ratio:   35.50
      Required ratio:  400.00 (Side area) 
      Cumulative area ratio:   35.50
      Required ratio:    0.00 (Cumulative side area) 

    Layer: via
      Partial area ratio:    0.27
      Required ratio:    6.00 (Gate area) 
      Cumulative area ratio:    0.50
      Required ratio:    0.00 (Cumulative area) 

    Layer: met2
      Partial area ratio:   13.40
      Required ratio:    0.00 (Gate area) 
      Cumulative area ratio:   20.79
      Required ratio:    0.00 (Cumulative area) 
      Partial area ratio:   66.31
      Required ratio: 2881.16 (Side area) 
      Cumulative area ratio:  101.81
      Required ratio:    0.00 (Cumulative side area) 


  Pin:   _14492_/A1 (sky130_fd_sc_hd__mux2_1)
    Layer: mcon
      Partial area ratio:    0.23
      Required ratio:    3.00 (Gate area) 
      Cumulative area ratio:    0.23
      Required ratio:    0.00 (Cumulative area) 

    Layer: met1
      Partial area ratio:   75.19
      Required ratio:    0.00 (Gate area) 
      Cumulative area ratio:   75.19
      Required ratio:    0.00 (Cumulative area) 
      Partial area ratio:  372.21
      Required ratio: 2881.16 (Side area) 
      Cumulative area ratio:  372.21
      Required ratio:    0.00 (Cumulative side area) 

    Layer: via
      Partial area ratio:    0.71
      Required ratio:   31.30 (Gate area) 
      Cumulative area ratio:    0.94
      Required ratio:    0.00 (Cumulative area) 

    Layer: met2
      Partial area ratio:   13.40
      Required ratio:    0.00 (Gate area) 
      Cumulative area ratio:   88.59
      Required ratio:    0.00 (Cumulative area) 
      Partial area ratio:   66.31
      Required ratio: 2881.16 (Side area) 
      Cumulative area ratio:  438.52
      Required ratio:    0.00 (Cumulative side area) 


  Pin:   _14528_/A1 (sky130_fd_sc_hd__mux2_1)
    Layer: mcon
      Partial area ratio:    0.23
      Required ratio:    3.00 (Gate area) 
      Cumulative area ratio:    0.23
      Required ratio:    0.00 (Cumulative area) 

    Layer: met1
      Partial area ratio:    6.78
      Required ratio:    0.00 (Gate area) 
      Cumulative area ratio:    6.78
      Required ratio:    0.00 (Cumulative area) 
      Partial area ratio:   32.44
      Required ratio:  400.00 (Side area) 
      Cumulative area ratio:   32.44
      Required ratio:    0.00 (Cumulative side area) 

    Layer: via
      Partial area ratio:    0.36
      Required ratio:    6.00 (Gate area) 
      Cumulative area ratio:    0.59
      Required ratio:    0.00 (Cumulative area) 

    Layer: met2
      Partial area ratio:   13.40
      Required ratio:    0.00 (Gate area) 
      Cumulative area ratio:   20.19
      Required ratio:    0.00 (Cumulative area) 
      Partial area ratio:   66.31
      Required ratio: 2881.16 (Side area) 
      Cumulative area ratio:   98.76
      Required ratio:    0.00 (Cumulative side area) 



Net: net331
  Pin:   _14517_/A0 (sky130_fd_sc_hd__mux2_1)
    Layer: mcon
      Partial area ratio:    0.23
      Required ratio:    3.00 (Gate area) 
      Cumulative area ratio:    0.23
      Required ratio:    0.00 (Cumulative area) 

    Layer: met1
      Partial area ratio:   10.56
      Required ratio:    0.00 (Gate area) 
      Cumulative area ratio:   10.56
      Required ratio:    0.00 (Cumulative area) 
      Partial area ratio:   51.33
      Required ratio:  400.00 (Side area) 
      Cumulative area ratio:   51.33
      Required ratio:    0.00 (Cumulative side area) 

    Layer: via
      Partial area ratio:    0.36
      Required ratio:    6.00 (Gate area) 
      Cumulative area ratio:    0.59
      Required ratio:    0.00 (Cumulative area) 

    Layer: met2
      Partial area ratio:   13.43
      Required ratio:    0.00 (Gate area) 
      Cumulative area ratio:   24.00
      Required ratio:    0.00 (Cumulative area) 
      Partial area ratio:   66.61
      Required ratio: 2881.16 (Side area) 
      Cumulative area ratio:  117.95
      Required ratio:    0.00 (Cumulative side area) 


  Pin:   _14553_/A0 (sky130_fd_sc_hd__mux2_1)
    Layer: mcon
      Partial area ratio:    0.23
      Required ratio:    3.00 (Gate area) 
      Cumulative area ratio:    0.23
      Required ratio:    0.00 (Cumulative area) 

    Layer: met1
      Partial area ratio:   10.10
      Required ratio:    0.00 (Gate area) 
      Cumulative area ratio:   10.10
      Required ratio:    0.00 (Cumulative area) 
      Partial area ratio:   48.38
      Required ratio: 2881.16 (Side area) 
      Cumulative area ratio:   48.38
      Required ratio:    0.00 (Cumulative side area) 

    Layer: via
      Partial area ratio:    0.36
      Required ratio:   31.30 (Gate area) 
      Cumulative area ratio:    0.59
      Required ratio:    0.00 (Cumulative area) 

    Layer: met2
      Partial area ratio:   13.43
      Required ratio:    0.00 (Gate area) 
      Cumulative area ratio:   23.54
      Required ratio:    0.00 (Cumulative area) 
      Partial area ratio:   66.61
      Required ratio: 2881.16 (Side area) 
      Cumulative area ratio:  114.99
      Required ratio:    0.00 (Cumulative side area) 


  Pin:   _14589_/A0 (sky130_fd_sc_hd__mux2_1)
    Layer: mcon
      Partial area ratio:    0.23
      Required ratio:    3.00 (Gate area) 
      Cumulative area ratio:    0.23
      Required ratio:    0.00 (Cumulative area) 

    Layer: met1
      Partial area ratio:   10.10
      Required ratio:    0.00 (Gate area) 
      Cumulative area ratio:   10.10
      Required ratio:    0.00 (Cumulative area) 
      Partial area ratio:   48.38
      Required ratio: 2881.16 (Side area) 
      Cumulative area ratio:   48.38
      Required ratio:    0.00 (Cumulative side area) 

    Layer: via
      Partial area ratio:    0.36
      Required ratio:   31.30 (Gate area) 
      Cumulative area ratio:    0.59
      Required ratio:    0.00 (Cumulative area) 

    Layer: met2
      Partial area ratio:   13.43
      Required ratio:    0.00 (Gate area) 
      Cumulative area ratio:   23.54
      Required ratio:    0.00 (Cumulative area) 
      Partial area ratio:   66.61
      Required ratio: 2881.16 (Side area) 
      Cumulative area ratio:  114.99
      Required ratio:    0.00 (Cumulative side area) 


  Pin:   _15062_/A0 (sky130_fd_sc_hd__mux2_1)
    Layer: mcon
      Partial area ratio:    0.23
      Required ratio:    3.00 (Gate area) 
      Cumulative area ratio:    0.23
      Required ratio:    0.00 (Cumulative area) 

    Layer: met1
      Partial area ratio:   91.88
      Required ratio:    0.00 (Gate area) 
      Cumulative area ratio:   91.88
      Required ratio:    0.00 (Cumulative area) 
      Partial area ratio:  457.07
      Required ratio:  400.00 (Side area) (VIOLATED)
      Cumulative area ratio:  457.07
      Required ratio:    0.00 (Cumulative side area) 

    Layer: via
      Partial area ratio:    0.54
      Required ratio:    6.00 (Gate area) 
      Cumulative area ratio:    0.77
      Required ratio:    0.00 (Cumulative area) 

    Layer: met2
      Partial area ratio:   13.43
      Required ratio:    0.00 (Gate area) 
      Cumulative area ratio:  105.32
      Required ratio:    0.00 (Cumulative area) 
      Partial area ratio:   66.61
      Required ratio: 2881.16 (Side area) 
      Cumulative area ratio:  523.69
      Required ratio:    0.00 (Cumulative side area) 


  Pin:   fanout329/A (sky130_fd_sc_hd__clkdlybuf4s25_1)
    Layer: mcon
      Partial area ratio:    0.14
      Required ratio:    3.00 (Gate area) 
      Cumulative area ratio:    0.14
      Required ratio:    0.00 (Cumulative area) 

    Layer: met1
      Partial area ratio:    1.24
      Required ratio:    0.00 (Gate area) 
      Cumulative area ratio:    1.24
      Required ratio:    0.00 (Cumulative area) 
      Partial area ratio:    5.56
      Required ratio:  400.00 (Side area) 
      Cumulative area ratio:    5.56
      Required ratio:    0.00 (Cumulative side area) 

    Layer: via
      Partial area ratio:    0.21
      Required ratio:    6.00 (Gate area) 
      Cumulative area ratio:    0.35
      Required ratio:    0.00 (Cumulative area) 

    Layer: met2
      Partial area ratio:   13.43
      Required ratio:    0.00 (Gate area) 
      Cumulative area ratio:   14.67
      Required ratio:    0.00 (Cumulative area) 
      Partial area ratio:   66.61
      Required ratio: 2881.16 (Side area) 
      Cumulative area ratio:   72.18
      Required ratio:    0.00 (Cumulative side area) 


  Pin:   fanout330/A (sky130_fd_sc_hd__clkdlybuf4s25_1)
    Layer: mcon
      Partial area ratio:    0.14
      Required ratio:    3.00 (Gate area) 
      Cumulative area ratio:    0.14
      Required ratio:    0.00 (Cumulative area) 

    Layer: met1
      Partial area ratio:    2.70
      Required ratio:    0.00 (Gate area) 
      Cumulative area ratio:    2.70
      Required ratio:    0.00 (Cumulative area) 
      Partial area ratio:   12.64
      Required ratio:  400.00 (Side area) 
      Cumulative area ratio:   12.64
      Required ratio:    0.00 (Cumulative side area) 

    Layer: via
      Partial area ratio:    0.21
      Required ratio:    6.00 (Gate area) 
      Cumulative area ratio:    0.35
      Required ratio:    0.00 (Cumulative area) 

    Layer: met2
      Partial area ratio:   13.43
      Required ratio:    0.00 (Gate area) 
      Cumulative area ratio:   16.14
      Required ratio:    0.00 (Cumulative area) 
      Partial area ratio:   66.61
      Required ratio: 2881.16 (Side area) 
      Cumulative area ratio:   79.26
      Required ratio:    0.00 (Cumulative side area) 



Net: net365
  Pin:   _13631_/A1 (sky130_fd_sc_hd__mux2_1)
    Layer: mcon
      Partial area ratio:    0.23
      Required ratio:    3.00 (Gate area) 
      Cumulative area ratio:    0.23
      Required ratio:    0.00 (Cumulative area) 

    Layer: met1
      Partial area ratio:  128.47
      Required ratio:    0.00 (Gate area) 
      Cumulative area ratio:  128.47
      Required ratio:    0.00 (Cumulative area) 
      Partial area ratio:  640.00
      Required ratio:  400.00 (Side area) (VIOLATED)
      Cumulative area ratio:  640.00
      Required ratio:    0.00 (Cumulative side area) 

    Layer: via
      Partial area ratio:    0.54
      Required ratio:    6.00 (Gate area) 
      Cumulative area ratio:    0.77
      Required ratio:    0.00 (Cumulative area) 

    Layer: met2
      Partial area ratio:   10.36
      Required ratio:    0.00 (Gate area) 
      Cumulative area ratio:  138.82
      Required ratio:    0.00 (Cumulative area) 
      Partial area ratio:   51.21
      Required ratio: 2881.16 (Side area) 
      Cumulative area ratio:  691.21
      Required ratio:    0.00 (Cumulative side area) 


  Pin:   _14004_/A1 (sky130_fd_sc_hd__mux2_1)
    Layer: mcon
      Partial area ratio:    0.23
      Required ratio:    3.00 (Gate area) 
      Cumulative area ratio:    0.23
      Required ratio:    0.00 (Cumulative area) 

    Layer: met1
      Partial area ratio:    8.89
      Required ratio:    0.00 (Gate area) 
      Cumulative area ratio:    8.89
      Required ratio:    0.00 (Cumulative area) 
      Partial area ratio:   42.31
      Required ratio: 2881.16 (Side area) 
      Cumulative area ratio:   42.31
      Required ratio:    0.00 (Cumulative side area) 

    Layer: via
      Partial area ratio:    0.36
      Required ratio:   31.30 (Gate area) 
      Cumulative area ratio:    0.59
      Required ratio:    0.00 (Cumulative area) 

    Layer: met2
      Partial area ratio:   10.36
      Required ratio:    0.00 (Gate area) 
      Cumulative area ratio:   19.25
      Required ratio:    0.00 (Cumulative area) 
      Partial area ratio:   51.21
      Required ratio: 2881.16 (Side area) 
      Cumulative area ratio:   93.52
      Required ratio:    0.00 (Cumulative side area) 


  Pin:   _14040_/A1 (sky130_fd_sc_hd__mux2_1)
    Layer: mcon
      Partial area ratio:    0.23
      Required ratio:    3.00 (Gate area) 
      Cumulative area ratio:    0.23
      Required ratio:    0.00 (Cumulative area) 

    Layer: met1
      Partial area ratio:    5.68
      Required ratio:    0.00 (Gate area) 
      Cumulative area ratio:    5.68
      Required ratio:    0.00 (Cumulative area) 
      Partial area ratio:   26.94
      Required ratio:  400.00 (Side area) 
      Cumulative area ratio:   26.94
      Required ratio:    0.00 (Cumulative side area) 

    Layer: via
      Partial area ratio:    0.36
      Required ratio:    6.00 (Gate area) 
      Cumulative area ratio:    0.59
      Required ratio:    0.00 (Cumulative area) 

    Layer: met2
      Partial area ratio:   10.36
      Required ratio:    0.00 (Gate area) 
      Cumulative area ratio:   16.04
      Required ratio:    0.00 (Cumulative area) 
      Partial area ratio:   51.21
      Required ratio: 2881.16 (Side area) 
      Cumulative area ratio:   78.15
      Required ratio:    0.00 (Cumulative side area) 


  Pin:   _14076_/A1 (sky130_fd_sc_hd__mux2_1)
    Layer: mcon
      Partial area ratio:    0.23
      Required ratio:    3.00 (Gate area) 
      Cumulative area ratio:    0.23
      Required ratio:    0.00 (Cumulative area) 

    Layer: met1
      Partial area ratio:   10.32
      Required ratio:    0.00 (Gate area) 
      Cumulative area ratio:   10.32
      Required ratio:    0.00 (Cumulative area) 
      Partial area ratio:   49.78
      Required ratio:  400.00 (Side area) 
      Cumulative area ratio:   49.78
      Required ratio:    0.00 (Cumulative side area) 

    Layer: via
      Partial area ratio:    0.31
      Required ratio:    6.00 (Gate area) 
      Cumulative area ratio:    0.54
      Required ratio:    0.00 (Cumulative area) 

    Layer: met2
      Partial area ratio:   10.36
      Required ratio:    0.00 (Gate area) 
      Cumulative area ratio:   20.68
      Required ratio:    0.00 (Cumulative area) 
      Partial area ratio:   51.21
      Required ratio: 2881.16 (Side area) 
      Cumulative area ratio:  100.99
      Required ratio:    0.00 (Cumulative side area) 


  Pin:   _14112_/A1 (sky130_fd_sc_hd__mux2_1)
    Layer: mcon
      Partial area ratio:    0.23
      Required ratio:    3.00 (Gate area) 
      Cumulative area ratio:    0.23
      Required ratio:    0.00 (Cumulative area) 

    Layer: met1
      Partial area ratio:   10.32
      Required ratio:    0.00 (Gate area) 
      Cumulative area ratio:   10.32
      Required ratio:    0.00 (Cumulative area) 
      Partial area ratio:   49.78
      Required ratio:  400.00 (Side area) 
      Cumulative area ratio:   49.78
      Required ratio:    0.00 (Cumulative side area) 

    Layer: via
      Partial area ratio:    0.31
      Required ratio:    6.00 (Gate area) 
      Cumulative area ratio:    0.54
      Required ratio:    0.00 (Cumulative area) 

    Layer: met2
      Partial area ratio:   10.36
      Required ratio:    0.00 (Gate area) 
      Cumulative area ratio:   20.68
      Required ratio:    0.00 (Cumulative area) 
      Partial area ratio:   51.21
      Required ratio: 2881.16 (Side area) 
      Cumulative area ratio:  100.99
      Required ratio:    0.00 (Cumulative side area) 


  Pin:   _14148_/A1 (sky130_fd_sc_hd__mux2_1)
    Layer: mcon
      Partial area ratio:    0.23
      Required ratio:    3.00 (Gate area) 
      Cumulative area ratio:    0.23
      Required ratio:    0.00 (Cumulative area) 

    Layer: met1
      Partial area ratio:    4.29
      Required ratio:    0.00 (Gate area) 
      Cumulative area ratio:    4.29
      Required ratio:    0.00 (Cumulative area) 
      Partial area ratio:   20.00
      Required ratio:  400.00 (Side area) 
      Cumulative area ratio:   20.00
      Required ratio:    0.00 (Cumulative side area) 

    Layer: via
      Partial area ratio:    0.36
      Required ratio:    6.00 (Gate area) 
      Cumulative area ratio:    0.59
      Required ratio:    0.00 (Cumulative area) 

    Layer: met2
      Partial area ratio:   10.36
      Required ratio:    0.00 (Gate area) 
      Cumulative area ratio:   14.65
      Required ratio:    0.00 (Cumulative area) 
      Partial area ratio:   51.21
      Required ratio: 2881.16 (Side area) 
      Cumulative area ratio:   71.21
      Required ratio:    0.00 (Cumulative side area) 


  Pin:   _14184_/A1 (sky130_fd_sc_hd__mux2_1)
    Layer: mcon
      Partial area ratio:    0.23
      Required ratio:    3.00 (Gate area) 
      Cumulative area ratio:    0.23
      Required ratio:    0.00 (Cumulative area) 

    Layer: met1
      Partial area ratio:    8.89
      Required ratio:    0.00 (Gate area) 
      Cumulative area ratio:    8.89
      Required ratio:    0.00 (Cumulative area) 
      Partial area ratio:   42.31
      Required ratio: 2881.16 (Side area) 
      Cumulative area ratio:   42.31
      Required ratio:    0.00 (Cumulative side area) 

    Layer: via
      Partial area ratio:    0.36
      Required ratio:   31.30 (Gate area) 
      Cumulative area ratio:    0.59
      Required ratio:    0.00 (Cumulative area) 

    Layer: met2
      Partial area ratio:   10.36
      Required ratio:    0.00 (Gate area) 
      Cumulative area ratio:   19.25
      Required ratio:    0.00 (Cumulative area) 
      Partial area ratio:   51.21
      Required ratio: 2881.16 (Side area) 
      Cumulative area ratio:   93.52
      Required ratio:    0.00 (Cumulative side area) 


  Pin:   _14220_/A1 (sky130_fd_sc_hd__mux2_1)
    Layer: mcon
      Partial area ratio:    0.23
      Required ratio:    3.00 (Gate area) 
      Cumulative area ratio:    0.23
      Required ratio:    0.00 (Cumulative area) 

    Layer: met1
      Partial area ratio:   10.32
      Required ratio:    0.00 (Gate area) 
      Cumulative area ratio:   10.32
      Required ratio:    0.00 (Cumulative area) 
      Partial area ratio:   49.78
      Required ratio:  400.00 (Side area) 
      Cumulative area ratio:   49.78
      Required ratio:    0.00 (Cumulative side area) 

    Layer: via
      Partial area ratio:    0.31
      Required ratio:    6.00 (Gate area) 
      Cumulative area ratio:    0.54
      Required ratio:    0.00 (Cumulative area) 

    Layer: met2
      Partial area ratio:   10.36
      Required ratio:    0.00 (Gate area) 
      Cumulative area ratio:   20.68
      Required ratio:    0.00 (Cumulative area) 
      Partial area ratio:   51.21
      Required ratio: 2881.16 (Side area) 
      Cumulative area ratio:  100.99
      Required ratio:    0.00 (Cumulative side area) 


  Pin:   _14256_/A1 (sky130_fd_sc_hd__mux2_1)
    Layer: mcon
      Partial area ratio:    0.23
      Required ratio:    3.00 (Gate area) 
      Cumulative area ratio:    0.23
      Required ratio:    0.00 (Cumulative area) 

    Layer: met1
      Partial area ratio:   10.32
      Required ratio:    0.00 (Gate area) 
      Cumulative area ratio:   10.32
      Required ratio:    0.00 (Cumulative area) 
      Partial area ratio:   49.78
      Required ratio:  400.00 (Side area) 
      Cumulative area ratio:   49.78
      Required ratio:    0.00 (Cumulative side area) 

    Layer: via
      Partial area ratio:    0.31
      Required ratio:    6.00 (Gate area) 
      Cumulative area ratio:    0.54
      Required ratio:    0.00 (Cumulative area) 

    Layer: met2
      Partial area ratio:   10.36
      Required ratio:    0.00 (Gate area) 
      Cumulative area ratio:   20.68
      Required ratio:    0.00 (Cumulative area) 
      Partial area ratio:   51.21
      Required ratio: 2881.16 (Side area) 
      Cumulative area ratio:  100.99
      Required ratio:    0.00 (Cumulative side area) 


  Pin:   fanout364/A (sky130_fd_sc_hd__clkdlybuf4s25_1)
    Layer: mcon
      Partial area ratio:    0.14
      Required ratio:    3.00 (Gate area) 
      Cumulative area ratio:    0.14
      Required ratio:    0.00 (Cumulative area) 

    Layer: met1
      Partial area ratio:    2.32
      Required ratio:    0.00 (Gate area) 
      Cumulative area ratio:    2.32
      Required ratio:    0.00 (Cumulative area) 
      Partial area ratio:   10.75
      Required ratio:  400.00 (Side area) 
      Cumulative area ratio:   10.75
      Required ratio:    0.00 (Cumulative side area) 

    Layer: via
      Partial area ratio:    0.21
      Required ratio:    6.00 (Gate area) 
      Cumulative area ratio:    0.35
      Required ratio:    0.00 (Cumulative area) 

    Layer: met2
      Partial area ratio:   10.36
      Required ratio:    0.00 (Gate area) 
      Cumulative area ratio:   12.68
      Required ratio:    0.00 (Cumulative area) 
      Partial area ratio:   51.21
      Required ratio: 2881.16 (Side area) 
      Cumulative area ratio:   61.96
      Required ratio:    0.00 (Cumulative side area) 



Net: net381
  Pin:   _14328_/A1 (sky130_fd_sc_hd__mux2_1)
    Layer: mcon
      Partial area ratio:    0.23
      Required ratio:    3.00 (Gate area) 
      Cumulative area ratio:    0.23
      Required ratio:    0.00 (Cumulative area) 

    Layer: met1
      Partial area ratio:    6.88
      Required ratio:    0.00 (Gate area) 
      Cumulative area ratio:    6.88
      Required ratio:    0.00 (Cumulative area) 
      Partial area ratio:   32.15
      Required ratio: 2881.16 (Side area) 
      Cumulative area ratio:   32.15
      Required ratio:    0.00 (Cumulative side area) 

    Layer: via
      Partial area ratio:    0.42
      Required ratio:   31.30 (Gate area) 
      Cumulative area ratio:    0.65
      Required ratio:    0.00 (Cumulative area) 

    Layer: met2
      Partial area ratio:    5.58
      Required ratio:    0.00 (Gate area) 
      Cumulative area ratio:   12.46
      Required ratio:    0.00 (Cumulative area) 
      Partial area ratio:   27.28
      Required ratio: 2881.16 (Side area) 
      Cumulative area ratio:   59.43
      Required ratio:    0.00 (Cumulative side area) 


  Pin:   _14401_/A1 (sky130_fd_sc_hd__mux2_1)
    Layer: mcon
      Partial area ratio:    0.23
      Required ratio:    3.00 (Gate area) 
      Cumulative area ratio:    0.23
      Required ratio:    0.00 (Cumulative area) 

    Layer: met1
      Partial area ratio:    4.73
      Required ratio:    0.00 (Gate area) 
      Cumulative area ratio:    4.73
      Required ratio:    0.00 (Cumulative area) 
      Partial area ratio:   22.17
      Required ratio:  400.00 (Side area) 
      Cumulative area ratio:   22.17
      Required ratio:    0.00 (Cumulative side area) 

    Layer: via
      Partial area ratio:    0.36
      Required ratio:    6.00 (Gate area) 
      Cumulative area ratio:    0.59
      Required ratio:    0.00 (Cumulative area) 

    Layer: met2
      Partial area ratio:    5.58
      Required ratio:    0.00 (Gate area) 
      Cumulative area ratio:   10.31
      Required ratio:    0.00 (Cumulative area) 
      Partial area ratio:   27.28
      Required ratio: 2881.16 (Side area) 
      Cumulative area ratio:   49.44
      Required ratio:    0.00 (Cumulative side area) 


  Pin:   _14619_/A1 (sky130_fd_sc_hd__mux2_1)
    Layer: mcon
      Partial area ratio:    0.23
      Required ratio:    3.00 (Gate area) 
      Cumulative area ratio:    0.23
      Required ratio:    0.00 (Cumulative area) 

    Layer: met1
      Partial area ratio:    5.37
      Required ratio:    0.00 (Gate area) 
      Cumulative area ratio:    5.37
      Required ratio:    0.00 (Cumulative area) 
      Partial area ratio:   25.39
      Required ratio:  400.00 (Side area) 
      Cumulative area ratio:   25.39
      Required ratio:    0.00 (Cumulative side area) 

    Layer: via
      Partial area ratio:    0.36
      Required ratio:    6.00 (Gate area) 
      Cumulative area ratio:    0.59
      Required ratio:    0.00 (Cumulative area) 

    Layer: met2
      Partial area ratio:    5.58
      Required ratio:    0.00 (Gate area) 
      Cumulative area ratio:   10.95
      Required ratio:    0.00 (Cumulative area) 
      Partial area ratio:   27.28
      Required ratio: 2881.16 (Side area) 
      Cumulative area ratio:   52.67
      Required ratio:    0.00 (Cumulative side area) 


  Pin:   _14655_/A1 (sky130_fd_sc_hd__mux2_1)
    Layer: mcon
      Partial area ratio:    0.23
      Required ratio:    3.00 (Gate area) 
      Cumulative area ratio:    0.23
      Required ratio:    0.00 (Cumulative area) 

    Layer: met1
      Partial area ratio:    5.67
      Required ratio:    0.00 (Gate area) 
      Cumulative area ratio:    5.67
      Required ratio:    0.00 (Cumulative area) 
      Partial area ratio:   26.42
      Required ratio:  400.00 (Side area) 
      Cumulative area ratio:   26.42
      Required ratio:    0.00 (Cumulative side area) 

    Layer: via
      Partial area ratio:    0.36
      Required ratio:    6.00 (Gate area) 
      Cumulative area ratio:    0.59
      Required ratio:    0.00 (Cumulative area) 

    Layer: met2
      Partial area ratio:    5.58
      Required ratio:    0.00 (Gate area) 
      Cumulative area ratio:   11.25
      Required ratio:    0.00 (Cumulative area) 
      Partial area ratio:   27.28
      Required ratio: 2881.16 (Side area) 
      Cumulative area ratio:   53.69
      Required ratio:    0.00 (Cumulative side area) 


  Pin:   _14691_/A1 (sky130_fd_sc_hd__mux2_1)
    Layer: mcon
      Partial area ratio:    0.23
      Required ratio:    3.00 (Gate area) 
      Cumulative area ratio:    0.23
      Required ratio:    0.00 (Cumulative area) 

    Layer: met1
      Partial area ratio:    7.99
      Required ratio:    0.00 (Gate area) 
      Cumulative area ratio:    7.99
      Required ratio:    0.00 (Cumulative area) 
      Partial area ratio:   38.65
      Required ratio:  400.00 (Side area) 
      Cumulative area ratio:   38.65
      Required ratio:    0.00 (Cumulative side area) 

    Layer: via
      Partial area ratio:    0.21
      Required ratio:    6.00 (Gate area) 
      Cumulative area ratio:    0.43
      Required ratio:    0.00 (Cumulative area) 

    Layer: met2
      Partial area ratio:    5.58
      Required ratio:    0.00 (Gate area) 
      Cumulative area ratio:   13.57
      Required ratio:    0.00 (Cumulative area) 
      Partial area ratio:   27.28
      Required ratio: 2881.16 (Side area) 
      Cumulative area ratio:   65.93
      Required ratio:    0.00 (Cumulative side area) 


  Pin:   _14727_/A1 (sky130_fd_sc_hd__mux2_1)
    Layer: mcon
      Partial area ratio:    0.23
      Required ratio:    3.00 (Gate area) 
      Cumulative area ratio:    0.23
      Required ratio:    0.00 (Cumulative area) 

    Layer: met1
      Partial area ratio:   96.64
      Required ratio:    0.00 (Gate area) 
      Cumulative area ratio:   96.64
      Required ratio:    0.00 (Cumulative area) 
      Partial area ratio:  480.89
      Required ratio:  400.00 (Side area) (VIOLATED)
      Cumulative area ratio:  480.89
      Required ratio:    0.00 (Cumulative side area) 

    Layer: via
      Partial area ratio:    0.54
      Required ratio:    6.00 (Gate area) 
      Cumulative area ratio:    0.77
      Required ratio:    0.00 (Cumulative area) 

    Layer: met2
      Partial area ratio:    5.58
      Required ratio:    0.00 (Gate area) 
      Cumulative area ratio:  102.22
      Required ratio:    0.00 (Cumulative area) 
      Partial area ratio:   27.28
      Required ratio: 2881.16 (Side area) 
      Cumulative area ratio:  508.17
      Required ratio:    0.00 (Cumulative side area) 


  Pin:   _14800_/A1 (sky130_fd_sc_hd__mux2_1)
    Layer: mcon
      Partial area ratio:    0.23
      Required ratio:    3.00 (Gate area) 
      Cumulative area ratio:    0.23
      Required ratio:    0.00 (Cumulative area) 

    Layer: met1
      Partial area ratio:    7.99
      Required ratio:    0.00 (Gate area) 
      Cumulative area ratio:    7.99
      Required ratio:    0.00 (Cumulative area) 
      Partial area ratio:   38.65
      Required ratio:  400.00 (Side area) 
      Cumulative area ratio:   38.65
      Required ratio:    0.00 (Cumulative side area) 

    Layer: via
      Partial area ratio:    0.21
      Required ratio:    6.00 (Gate area) 
      Cumulative area ratio:    0.43
      Required ratio:    0.00 (Cumulative area) 

    Layer: met2
      Partial area ratio:    5.58
      Required ratio:    0.00 (Gate area) 
      Cumulative area ratio:   13.57
      Required ratio:    0.00 (Cumulative area) 
      Partial area ratio:   27.28
      Required ratio: 2881.16 (Side area) 
      Cumulative area ratio:   65.93
      Required ratio:    0.00 (Cumulative side area) 


  Pin:   _14836_/A1 (sky130_fd_sc_hd__mux2_1)
    Layer: mcon
      Partial area ratio:    0.23
      Required ratio:    3.00 (Gate area) 
      Cumulative area ratio:    0.23
      Required ratio:    0.00 (Cumulative area) 

    Layer: met1
      Partial area ratio:    7.99
      Required ratio:    0.00 (Gate area) 
      Cumulative area ratio:    7.99
      Required ratio:    0.00 (Cumulative area) 
      Partial area ratio:   38.65
      Required ratio:  400.00 (Side area) 
      Cumulative area ratio:   38.65
      Required ratio:    0.00 (Cumulative side area) 

    Layer: via
      Partial area ratio:    0.21
      Required ratio:    6.00 (Gate area) 
      Cumulative area ratio:    0.43
      Required ratio:    0.00 (Cumulative area) 

    Layer: met2
      Partial area ratio:    5.58
      Required ratio:    0.00 (Gate area) 
      Cumulative area ratio:   13.57
      Required ratio:    0.00 (Cumulative area) 
      Partial area ratio:   27.28
      Required ratio: 2881.16 (Side area) 
      Cumulative area ratio:   65.93
      Required ratio:    0.00 (Cumulative side area) 


  Pin:   _14872_/A1 (sky130_fd_sc_hd__mux2_1)
    Layer: mcon
      Partial area ratio:    0.23
      Required ratio:    3.00 (Gate area) 
      Cumulative area ratio:    0.23
      Required ratio:    0.00 (Cumulative area) 

    Layer: met1
      Partial area ratio:    5.67
      Required ratio:    0.00 (Gate area) 
      Cumulative area ratio:    5.67
      Required ratio:    0.00 (Cumulative area) 
      Partial area ratio:   26.42
      Required ratio:  400.00 (Side area) 
      Cumulative area ratio:   26.42
      Required ratio:    0.00 (Cumulative side area) 

    Layer: via
      Partial area ratio:    0.36
      Required ratio:    6.00 (Gate area) 
      Cumulative area ratio:    0.59
      Required ratio:    0.00 (Cumulative area) 

    Layer: met2
      Partial area ratio:    5.58
      Required ratio:    0.00 (Gate area) 
      Cumulative area ratio:   11.25
      Required ratio:    0.00 (Cumulative area) 
      Partial area ratio:   27.28
      Required ratio: 2881.16 (Side area) 
      Cumulative area ratio:   53.69
      Required ratio:    0.00 (Cumulative side area) 


  Pin:   _14908_/A1 (sky130_fd_sc_hd__mux2_1)
    Layer: mcon
      Partial area ratio:    0.23
      Required ratio:    3.00 (Gate area) 
      Cumulative area ratio:    0.23
      Required ratio:    0.00 (Cumulative area) 

    Layer: met1
      Partial area ratio:    7.99
      Required ratio:    0.00 (Gate area) 
      Cumulative area ratio:    7.99
      Required ratio:    0.00 (Cumulative area) 
      Partial area ratio:   38.65
      Required ratio:  400.00 (Side area) 
      Cumulative area ratio:   38.65
      Required ratio:    0.00 (Cumulative side area) 

    Layer: via
      Partial area ratio:    0.21
      Required ratio:    6.00 (Gate area) 
      Cumulative area ratio:    0.43
      Required ratio:    0.00 (Cumulative area) 

    Layer: met2
      Partial area ratio:    5.58
      Required ratio:    0.00 (Gate area) 
      Cumulative area ratio:   13.57
      Required ratio:    0.00 (Cumulative area) 
      Partial area ratio:   27.28
      Required ratio: 2881.16 (Side area) 
      Cumulative area ratio:   65.93
      Required ratio:    0.00 (Cumulative side area) 



Net: net404
  Pin:   _13008_/A1 (sky130_fd_sc_hd__mux2_1)
    Layer: mcon
      Partial area ratio:    0.23
      Required ratio:    3.00 (Gate area) 
      Cumulative area ratio:    0.23
      Required ratio:    0.00 (Cumulative area) 

    Layer: met1
      Partial area ratio:    3.94
      Required ratio:    0.00 (Gate area) 
      Cumulative area ratio:    3.94
      Required ratio:    0.00 (Cumulative area) 
      Partial area ratio:   18.41
      Required ratio:  400.00 (Side area) 
      Cumulative area ratio:   18.41
      Required ratio:    0.00 (Cumulative side area) 

    Layer: via
      Partial area ratio:    0.21
      Required ratio:    6.00 (Gate area) 
      Cumulative area ratio:    0.44
      Required ratio:    0.00 (Cumulative area) 

    Layer: met2
      Partial area ratio:   15.88
      Required ratio:    0.00 (Gate area) 
      Cumulative area ratio:   19.81
      Required ratio:    0.00 (Cumulative area) 
      Partial area ratio:   78.70
      Required ratio: 2881.16 (Side area) 
      Cumulative area ratio:   97.11
      Required ratio:    0.00 (Cumulative side area) 


  Pin:   _13082_/A1 (sky130_fd_sc_hd__mux2_1)
    Layer: mcon
      Partial area ratio:    0.23
      Required ratio:    3.00 (Gate area) 
      Cumulative area ratio:    0.23
      Required ratio:    0.00 (Cumulative area) 

    Layer: met1
      Partial area ratio:    3.94
      Required ratio:    0.00 (Gate area) 
      Cumulative area ratio:    3.94
      Required ratio:    0.00 (Cumulative area) 
      Partial area ratio:   18.41
      Required ratio:  400.00 (Side area) 
      Cumulative area ratio:   18.41
      Required ratio:    0.00 (Cumulative side area) 

    Layer: via
      Partial area ratio:    0.21
      Required ratio:    6.00 (Gate area) 
      Cumulative area ratio:    0.44
      Required ratio:    0.00 (Cumulative area) 

    Layer: met2
      Partial area ratio:   15.88
      Required ratio:    0.00 (Gate area) 
      Cumulative area ratio:   19.81
      Required ratio:    0.00 (Cumulative area) 
      Partial area ratio:   78.70
      Required ratio: 2881.16 (Side area) 
      Cumulative area ratio:   97.11
      Required ratio:    0.00 (Cumulative side area) 


  Pin:   _13118_/A1 (sky130_fd_sc_hd__mux2_1)
    Layer: mcon
      Partial area ratio:    0.23
      Required ratio:    3.00 (Gate area) 
      Cumulative area ratio:    0.23
      Required ratio:    0.00 (Cumulative area) 

    Layer: met1
      Partial area ratio:    3.94
      Required ratio:    0.00 (Gate area) 
      Cumulative area ratio:    3.94
      Required ratio:    0.00 (Cumulative area) 
      Partial area ratio:   18.41
      Required ratio:  400.00 (Side area) 
      Cumulative area ratio:   18.41
      Required ratio:    0.00 (Cumulative side area) 

    Layer: via
      Partial area ratio:    0.21
      Required ratio:    6.00 (Gate area) 
      Cumulative area ratio:    0.44
      Required ratio:    0.00 (Cumulative area) 

    Layer: met2
      Partial area ratio:   15.88
      Required ratio:    0.00 (Gate area) 
      Cumulative area ratio:   19.81
      Required ratio:    0.00 (Cumulative area) 
      Partial area ratio:   78.70
      Required ratio: 2881.16 (Side area) 
      Cumulative area ratio:   97.11
      Required ratio:    0.00 (Cumulative side area) 


  Pin:   fanout399/A (sky130_fd_sc_hd__clkdlybuf4s25_1)
    Layer: mcon
      Partial area ratio:    0.14
      Required ratio:    3.00 (Gate area) 
      Cumulative area ratio:    0.14
      Required ratio:    0.00 (Cumulative area) 

    Layer: met1
      Partial area ratio:   92.73
      Required ratio:    0.00 (Gate area) 
      Cumulative area ratio:   92.73
      Required ratio:    0.00 (Cumulative area) 
      Partial area ratio:  462.29
      Required ratio:  400.00 (Side area) (VIOLATED)
      Cumulative area ratio:  462.29
      Required ratio:    0.00 (Cumulative side area) 

    Layer: via
      Partial area ratio:    0.32
      Required ratio:    6.00 (Gate area) 
      Cumulative area ratio:    0.45
      Required ratio:    0.00 (Cumulative area) 

    Layer: met2
      Partial area ratio:   15.88
      Required ratio:    0.00 (Gate area) 
      Cumulative area ratio:  108.61
      Required ratio:    0.00 (Cumulative area) 
      Partial area ratio:   78.70
      Required ratio: 2881.16 (Side area) 
      Cumulative area ratio:  540.99
      Required ratio:    0.00 (Cumulative side area) 


  Pin:   fanout400/A (sky130_fd_sc_hd__clkdlybuf4s25_1)
    Layer: mcon
      Partial area ratio:    0.14
      Required ratio:    3.00 (Gate area) 
      Cumulative area ratio:    0.14
      Required ratio:    0.00 (Cumulative area) 

    Layer: met1
      Partial area ratio:    2.36
      Required ratio:    0.00 (Gate area) 
      Cumulative area ratio:    2.36
      Required ratio:    0.00 (Cumulative area) 
      Partial area ratio:   10.92
      Required ratio:  400.00 (Side area) 
      Cumulative area ratio:   10.92
      Required ratio:    0.00 (Cumulative side area) 

    Layer: via
      Partial area ratio:    0.21
      Required ratio:    6.00 (Gate area) 
      Cumulative area ratio:    0.35
      Required ratio:    0.00 (Cumulative area) 

    Layer: met2
      Partial area ratio:   15.88
      Required ratio:    0.00 (Gate area) 
      Cumulative area ratio:   18.23
      Required ratio:    0.00 (Cumulative area) 
      Partial area ratio:   78.70
      Required ratio: 2881.16 (Side area) 
      Cumulative area ratio:   89.62
      Required ratio:    0.00 (Cumulative side area) 


  Pin:   fanout401/A (sky130_fd_sc_hd__clkdlybuf4s25_1)
    Layer: mcon
      Partial area ratio:    0.14
      Required ratio:    3.00 (Gate area) 
      Cumulative area ratio:    0.14
      Required ratio:    0.00 (Cumulative area) 

    Layer: met1
      Partial area ratio:    3.55
      Required ratio:    0.00 (Gate area) 
      Cumulative area ratio:    3.55
      Required ratio:    0.00 (Cumulative area) 
      Partial area ratio:   16.89
      Required ratio:  400.00 (Side area) 
      Cumulative area ratio:   16.89
      Required ratio:    0.00 (Cumulative side area) 

    Layer: via
      Partial area ratio:    0.21
      Required ratio:    6.00 (Gate area) 
      Cumulative area ratio:    0.35
      Required ratio:    0.00 (Cumulative area) 

    Layer: met2
      Partial area ratio:   15.88
      Required ratio:    0.00 (Gate area) 
      Cumulative area ratio:   19.43
      Required ratio:    0.00 (Cumulative area) 
      Partial area ratio:   78.70
      Required ratio: 2881.16 (Side area) 
      Cumulative area ratio:   95.59
      Required ratio:    0.00 (Cumulative side area) 


  Pin:   fanout403/A (sky130_fd_sc_hd__clkdlybuf4s25_1)
    Layer: mcon
      Partial area ratio:    0.14
      Required ratio:    3.00 (Gate area) 
      Cumulative area ratio:    0.14
      Required ratio:    0.00 (Cumulative area) 

    Layer: met1
      Partial area ratio:   26.17
      Required ratio:    0.00 (Gate area) 
      Cumulative area ratio:   26.17
      Required ratio:    0.00 (Cumulative area) 
      Partial area ratio:  129.14
      Required ratio: 2881.16 (Side area) 
      Cumulative area ratio:  129.14
      Required ratio:    0.00 (Cumulative side area) 

    Layer: via
      Partial area ratio:    0.32
      Required ratio:   31.30 (Gate area) 
      Cumulative area ratio:    0.45
      Required ratio:    0.00 (Cumulative area) 

    Layer: met2
      Partial area ratio:   15.88
      Required ratio:    0.00 (Gate area) 
      Cumulative area ratio:   42.04
      Required ratio:    0.00 (Cumulative area) 
      Partial area ratio:   78.70
      Required ratio: 2881.16 (Side area) 
      Cumulative area ratio:  207.84
      Required ratio:    0.00 (Cumulative side area) 



Net: net433
  Pin:   fanout428/A (sky130_fd_sc_hd__clkdlybuf4s25_1)
    Layer: mcon
      Partial area ratio:    0.14
      Required ratio:    3.00 (Gate area) 
      Cumulative area ratio:    0.14
      Required ratio:    0.00 (Cumulative area) 

    Layer: met1
      Partial area ratio:    8.77
      Required ratio:    0.00 (Gate area) 
      Cumulative area ratio:    8.77
      Required ratio:    0.00 (Cumulative area) 
      Partial area ratio:   42.18
      Required ratio: 2881.16 (Side area) 
      Cumulative area ratio:   42.18
      Required ratio:    0.00 (Cumulative side area) 

    Layer: via
      Partial area ratio:    0.32
      Required ratio:   31.30 (Gate area) 
      Cumulative area ratio:    0.45
      Required ratio:    0.00 (Cumulative area) 

    Layer: met2
      Partial area ratio:    1.27
      Required ratio:    0.00 (Gate area) 
      Cumulative area ratio:   10.04
      Required ratio:    0.00 (Cumulative area) 
      Partial area ratio:    5.95
      Required ratio: 2881.16 (Side area) 
      Cumulative area ratio:   48.13
      Required ratio:    0.00 (Cumulative side area) 

    Layer: via2
      Partial area ratio:    0.19
      Required ratio:   31.30 (Gate area) 
      Cumulative area ratio:    0.64
      Required ratio:    0.00 (Cumulative area) 

    Layer: met3
      Partial area ratio:    0.59
      Required ratio:    0.00 (Gate area) 
      Cumulative area ratio:   10.63
      Required ratio:    0.00 (Cumulative area) 
      Partial area ratio:    5.33
      Required ratio: 2881.16 (Side area) 
      Cumulative area ratio:   53.46
      Required ratio:    0.00 (Cumulative side area) 

    Layer: via3
      Partial area ratio:    0.19
      Required ratio:   31.30 (Gate area) 
      Cumulative area ratio:    0.83
      Required ratio:    0.00 (Cumulative area) 

    Layer: met4
      Partial area ratio:   60.49
      Required ratio:    0.00 (Gate area) 
      Cumulative area ratio:   71.11
      Required ratio:    0.00 (Cumulative area) 
      Partial area ratio:  323.47
      Required ratio: 2881.16 (Side area) 
      Cumulative area ratio:  376.93
      Required ratio:    0.00 (Cumulative side area) 


  Pin:   fanout429/A (sky130_fd_sc_hd__clkdlybuf4s25_1)
    Layer: mcon
      Partial area ratio:    0.14
      Required ratio:    3.00 (Gate area) 
      Cumulative area ratio:    0.14
      Required ratio:    0.00 (Cumulative area) 

    Layer: met1
      Partial area ratio:    2.61
      Required ratio:    0.00 (Gate area) 
      Cumulative area ratio:    2.61
      Required ratio:    0.00 (Cumulative area) 
      Partial area ratio:   12.17
      Required ratio:  400.00 (Side area) 
      Cumulative area ratio:   12.17
      Required ratio:    0.00 (Cumulative side area) 

    Layer: via
      Partial area ratio:    0.21
      Required ratio:    6.00 (Gate area) 
      Cumulative area ratio:    0.35
      Required ratio:    0.00 (Cumulative area) 

    Layer: met2
      Partial area ratio:   12.34
      Required ratio:    0.00 (Gate area) 
      Cumulative area ratio:   14.95
      Required ratio:    0.00 (Cumulative area) 
      Partial area ratio:   60.97
      Required ratio:  400.00 (Side area) 
      Cumulative area ratio:   73.14
      Required ratio:    0.00 (Cumulative side area) 

    Layer: via2
      Partial area ratio:    0.09
      Required ratio:    6.00 (Gate area) 
      Cumulative area ratio:    0.44
      Required ratio:    0.00 (Cumulative area) 

    Layer: met3
      Partial area ratio:   73.18
      Required ratio:    0.00 (Gate area) 
      Cumulative area ratio:   88.13
      Required ratio:    0.00 (Cumulative area) 
      Partial area ratio:  391.38
      Required ratio:  400.00 (Side area) 
      Cumulative area ratio:  464.52
      Required ratio:    0.00 (Cumulative side area) 

    Layer: via3
      Partial area ratio:    0.09
      Required ratio:    6.00 (Gate area) 
      Cumulative area ratio:    0.53
      Required ratio:    0.00 (Cumulative area) 

    Layer: met4
      Partial area ratio:   60.49
      Required ratio:    0.00 (Gate area) 
      Cumulative area ratio:  148.61
      Required ratio:    0.00 (Cumulative area) 
      Partial area ratio:  323.47
      Required ratio: 2881.16 (Side area) 
      Cumulative area ratio:  787.99
      Required ratio:    0.00 (Cumulative side area) 


  Pin:   fanout430/A (sky130_fd_sc_hd__clkdlybuf4s25_1)
    Layer: mcon
      Partial area ratio:    0.14
      Required ratio:    3.00 (Gate area) 
      Cumulative area ratio:    0.14
      Required ratio:    0.00 (Cumulative area) 

    Layer: met1
      Partial area ratio:    2.13
      Required ratio:    0.00 (Gate area) 
      Cumulative area ratio:    2.13
      Required ratio:    0.00 (Cumulative area) 
      Partial area ratio:    9.79
      Required ratio:  400.00 (Side area) 
      Cumulative area ratio:    9.79
      Required ratio:    0.00 (Cumulative side area) 

    Layer: via
      Partial area ratio:    0.21
      Required ratio:    6.00 (Gate area) 
      Cumulative area ratio:    0.35
      Required ratio:    0.00 (Cumulative area) 

    Layer: met2
      Partial area ratio:   12.34
      Required ratio:    0.00 (Gate area) 
      Cumulative area ratio:   14.47
      Required ratio:    0.00 (Cumulative area) 
      Partial area ratio:   60.97
      Required ratio:  400.00 (Side area) 
      Cumulative area ratio:   70.76
      Required ratio:    0.00 (Cumulative side area) 

    Layer: via2
      Partial area ratio:    0.09
      Required ratio:    6.00 (Gate area) 
      Cumulative area ratio:    0.44
      Required ratio:    0.00 (Cumulative area) 

    Layer: met3
      Partial area ratio:   73.18
      Required ratio:    0.00 (Gate area) 
      Cumulative area ratio:   87.65
      Required ratio:    0.00 (Cumulative area) 
      Partial area ratio:  391.38
      Required ratio:  400.00 (Side area) 
      Cumulative area ratio:  462.14
      Required ratio:    0.00 (Cumulative side area) 

    Layer: via3
      Partial area ratio:    0.09
      Required ratio:    6.00 (Gate area) 
      Cumulative area ratio:    0.53
      Required ratio:    0.00 (Cumulative area) 

    Layer: met4
      Partial area ratio:   60.49
      Required ratio:    0.00 (Gate area) 
      Cumulative area ratio:  148.14
      Required ratio:    0.00 (Cumulative area) 
      Partial area ratio:  323.47
      Required ratio: 2881.16 (Side area) 
      Cumulative area ratio:  785.61
      Required ratio:    0.00 (Cumulative side area) 


  Pin:   fanout431/A (sky130_fd_sc_hd__clkdlybuf4s25_1)
    Layer: mcon
      Partial area ratio:    0.14
      Required ratio:    3.00 (Gate area) 
      Cumulative area ratio:    0.14
      Required ratio:    0.00 (Cumulative area) 

    Layer: met1
      Partial area ratio:    2.45
      Required ratio:    0.00 (Gate area) 
      Cumulative area ratio:    2.45
      Required ratio:    0.00 (Cumulative area) 
      Partial area ratio:   11.61
      Required ratio:  400.00 (Side area) 
      Cumulative area ratio:   11.61
      Required ratio:    0.00 (Cumulative side area) 

    Layer: via
      Partial area ratio:    0.21
      Required ratio:    6.00 (Gate area) 
      Cumulative area ratio:    0.35
      Required ratio:    0.00 (Cumulative area) 

    Layer: met2
      Partial area ratio:   10.19
      Required ratio:    0.00 (Gate area) 
      Cumulative area ratio:   12.64
      Required ratio:    0.00 (Cumulative area) 
      Partial area ratio:   49.85
      Required ratio:  400.00 (Side area) 
      Cumulative area ratio:   61.47
      Required ratio:    0.00 (Cumulative side area) 

    Layer: via2
      Partial area ratio:    0.38
      Required ratio:    6.00 (Gate area) 
      Cumulative area ratio:    0.72
      Required ratio:    0.00 (Cumulative area) 

    Layer: met3
      Partial area ratio:  108.07
      Required ratio:    0.00 (Gate area) 
      Cumulative area ratio:  120.70
      Required ratio:    0.00 (Cumulative area) 
      Partial area ratio:  580.73
      Required ratio:  400.00 (Side area) (VIOLATED)
      Cumulative area ratio:  642.20
      Required ratio:    0.00 (Cumulative side area) 

    Layer: via3
      Partial area ratio:    0.38
      Required ratio:    6.00 (Gate area) 
      Cumulative area ratio:    1.10
      Required ratio:    0.00 (Cumulative area) 

    Layer: met4
      Partial area ratio:   60.49
      Required ratio:    0.00 (Gate area) 
      Cumulative area ratio:  181.19
      Required ratio:    0.00 (Cumulative area) 
      Partial area ratio:  323.47
      Required ratio: 2881.16 (Side area) 
      Cumulative area ratio:  965.67
      Required ratio:    0.00 (Cumulative side area) 


  Pin:   fanout432/A (sky130_fd_sc_hd__clkdlybuf4s25_1)
    Layer: mcon
      Partial area ratio:    0.14
      Required ratio:    3.00 (Gate area) 
      Cumulative area ratio:    0.14
      Required ratio:    0.00 (Cumulative area) 

    Layer: met1
      Partial area ratio:    2.56
      Required ratio:    0.00 (Gate area) 
      Cumulative area ratio:    2.56
      Required ratio:    0.00 (Cumulative area) 
      Partial area ratio:   11.71
      Required ratio:  400.00 (Side area) 
      Cumulative area ratio:   11.71
      Required ratio:    0.00 (Cumulative side area) 

    Layer: via
      Partial area ratio:    0.21
      Required ratio:    6.00 (Gate area) 
      Cumulative area ratio:    0.35
      Required ratio:    0.00 (Cumulative area) 

    Layer: met2
      Partial area ratio:    0.88
      Required ratio:    0.00 (Gate area) 
      Cumulative area ratio:    3.44
      Required ratio:    0.00 (Cumulative area) 
      Partial area ratio:    4.04
      Required ratio:  400.00 (Side area) 
      Cumulative area ratio:   15.75
      Required ratio:    0.00 (Cumulative side area) 

    Layer: via2
      Partial area ratio:    0.19
      Required ratio:    6.00 (Gate area) 
      Cumulative area ratio:    0.53
      Required ratio:    0.00 (Cumulative area) 

    Layer: met3
      Partial area ratio:    0.59
      Required ratio:    0.00 (Gate area) 
      Cumulative area ratio:    4.03
      Required ratio:    0.00 (Cumulative area) 
      Partial area ratio:    5.33
      Required ratio:  400.00 (Side area) 
      Cumulative area ratio:   21.08
      Required ratio:    0.00 (Cumulative side area) 

    Layer: via3
      Partial area ratio:    0.19
      Required ratio:    6.00 (Gate area) 
      Cumulative area ratio:    0.72
      Required ratio:    0.00 (Cumulative area) 

    Layer: met4
      Partial area ratio:   60.49
      Required ratio:    0.00 (Gate area) 
      Cumulative area ratio:   64.51
      Required ratio:    0.00 (Cumulative area) 
      Partial area ratio:  323.47
      Required ratio: 2881.16 (Side area) 
      Cumulative area ratio:  344.56
      Required ratio:    0.00 (Cumulative side area) 



Net: net488
  Pin:   _13951_/A1 (sky130_fd_sc_hd__mux2_1)
    Layer: mcon
      Partial area ratio:    0.23
      Required ratio:    3.00 (Gate area) 
      Cumulative area ratio:    0.23
      Required ratio:    0.00 (Cumulative area) 

    Layer: met1
      Partial area ratio:    5.79
      Required ratio:    0.00 (Gate area) 
      Cumulative area ratio:    5.79
      Required ratio:    0.00 (Cumulative area) 
      Partial area ratio:   27.50
      Required ratio:  400.00 (Side area) 
      Cumulative area ratio:   27.50
      Required ratio:    0.00 (Cumulative side area) 

    Layer: via
      Partial area ratio:    0.36
      Required ratio:    6.00 (Gate area) 
      Cumulative area ratio:    0.59
      Required ratio:    0.00 (Cumulative area) 

    Layer: met2
      Partial area ratio:   21.64
      Required ratio:    0.00 (Gate area) 
      Cumulative area ratio:   27.44
      Required ratio:    0.00 (Cumulative area) 
      Partial area ratio:  107.30
      Required ratio: 2881.16 (Side area) 
      Cumulative area ratio:  134.80
      Required ratio:    0.00 (Cumulative side area) 


  Pin:   _14752_/A1 (sky130_fd_sc_hd__mux2_1)
    Layer: mcon
      Partial area ratio:    0.23
      Required ratio:    3.00 (Gate area) 
      Cumulative area ratio:    0.23
      Required ratio:    0.00 (Cumulative area) 

    Layer: met1
      Partial area ratio:    8.03
      Required ratio:    0.00 (Gate area) 
      Cumulative area ratio:    8.03
      Required ratio:    0.00 (Cumulative area) 
      Partial area ratio:   38.67
      Required ratio:  400.00 (Side area) 
      Cumulative area ratio:   38.67
      Required ratio:    0.00 (Cumulative side area) 

    Layer: via
      Partial area ratio:    0.36
      Required ratio:    6.00 (Gate area) 
      Cumulative area ratio:    0.59
      Required ratio:    0.00 (Cumulative area) 

    Layer: met2
      Partial area ratio:   21.64
      Required ratio:    0.00 (Gate area) 
      Cumulative area ratio:   29.67
      Required ratio:    0.00 (Cumulative area) 
      Partial area ratio:  107.30
      Required ratio: 2881.16 (Side area) 
      Cumulative area ratio:  145.97
      Required ratio:    0.00 (Cumulative side area) 


  Pin:   _14970_/A1 (sky130_fd_sc_hd__mux2_1)
    Layer: mcon
      Partial area ratio:    0.23
      Required ratio:    3.00 (Gate area) 
      Cumulative area ratio:    0.23
      Required ratio:    0.00 (Cumulative area) 

    Layer: met1
      Partial area ratio:   82.34
      Required ratio:    0.00 (Gate area) 
      Cumulative area ratio:   82.34
      Required ratio:    0.00 (Cumulative area) 
      Partial area ratio:  409.39
      Required ratio:  400.00 (Side area) (VIOLATED)
      Cumulative area ratio:  409.39
      Required ratio:    0.00 (Cumulative side area) 

    Layer: via
      Partial area ratio:    0.54
      Required ratio:    6.00 (Gate area) 
      Cumulative area ratio:    0.77
      Required ratio:    0.00 (Cumulative area) 

    Layer: met2
      Partial area ratio:   21.64
      Required ratio:    0.00 (Gate area) 
      Cumulative area ratio:  103.99
      Required ratio:    0.00 (Cumulative area) 
      Partial area ratio:  107.30
      Required ratio: 2881.16 (Side area) 
      Cumulative area ratio:  516.69
      Required ratio:    0.00 (Cumulative side area) 


  Pin:   fanout486/A (sky130_fd_sc_hd__clkdlybuf4s25_1)
    Layer: mcon
      Partial area ratio:    0.14
      Required ratio:    3.00 (Gate area) 
      Cumulative area ratio:    0.14
      Required ratio:    0.00 (Cumulative area) 

    Layer: met1
      Partial area ratio:    3.35
      Required ratio:    0.00 (Gate area) 
      Cumulative area ratio:    3.35
      Required ratio:    0.00 (Cumulative area) 
      Partial area ratio:   15.90
      Required ratio:  400.00 (Side area) 
      Cumulative area ratio:   15.90
      Required ratio:    0.00 (Cumulative side area) 

    Layer: via
      Partial area ratio:    0.21
      Required ratio:    6.00 (Gate area) 
      Cumulative area ratio:    0.35
      Required ratio:    0.00 (Cumulative area) 

    Layer: met2
      Partial area ratio:   21.64
      Required ratio:    0.00 (Gate area) 
      Cumulative area ratio:   25.00
      Required ratio:    0.00 (Cumulative area) 
      Partial area ratio:  107.30
      Required ratio: 2881.16 (Side area) 
      Cumulative area ratio:  123.19
      Required ratio:    0.00 (Cumulative side area) 


  Pin:   fanout487/A (sky130_fd_sc_hd__clkdlybuf4s25_1)
    Layer: mcon
      Partial area ratio:    0.14
      Required ratio:    3.00 (Gate area) 
      Cumulative area ratio:    0.14
      Required ratio:    0.00 (Cumulative area) 

    Layer: met1
      Partial area ratio:    4.38
      Required ratio:    0.00 (Gate area) 
      Cumulative area ratio:    4.38
      Required ratio:    0.00 (Cumulative area) 
      Partial area ratio:   21.03
      Required ratio:  400.00 (Side area) 
      Cumulative area ratio:   21.03
      Required ratio:    0.00 (Cumulative side area) 

    Layer: via
      Partial area ratio:    0.21
      Required ratio:    6.00 (Gate area) 
      Cumulative area ratio:    0.35
      Required ratio:    0.00 (Cumulative area) 

    Layer: met2
      Partial area ratio:   21.64
      Required ratio:    0.00 (Gate area) 
      Cumulative area ratio:   26.02
      Required ratio:    0.00 (Cumulative area) 
      Partial area ratio:  107.30
      Required ratio: 2881.16 (Side area) 
      Cumulative area ratio:  128.32
      Required ratio:    0.00 (Cumulative side area) 



Net: net508
  Pin:   wire507/A (sky130_fd_sc_hd__clkbuf_2)
    Layer: mcon
      Partial area ratio:    0.14
      Required ratio:    3.00 (Gate area) 
      Cumulative area ratio:    0.14
      Required ratio:    0.00 (Cumulative area) 

    Layer: met1
      Partial area ratio:    5.50
      Required ratio:    0.00 (Gate area) 
      Cumulative area ratio:    5.50
      Required ratio:    0.00 (Cumulative area) 
      Partial area ratio:   26.62
      Required ratio:  400.00 (Side area) 
      Cumulative area ratio:   26.62
      Required ratio:    0.00 (Cumulative side area) 

    Layer: via
      Partial area ratio:    0.21
      Required ratio:    6.00 (Gate area) 
      Cumulative area ratio:    0.35
      Required ratio:    0.00 (Cumulative area) 

    Layer: met2
      Partial area ratio:   19.18
      Required ratio:    0.00 (Gate area) 
      Cumulative area ratio:   24.68
      Required ratio:    0.00 (Cumulative area) 
      Partial area ratio:   95.06
      Required ratio:  400.00 (Side area) 
      Cumulative area ratio:  121.68
      Required ratio:    0.00 (Cumulative side area) 

    Layer: via2
      Partial area ratio:    0.19
      Required ratio:    6.00 (Gate area) 
      Cumulative area ratio:    0.53
      Required ratio:    0.00 (Cumulative area) 

    Layer: met3
      Partial area ratio:  136.64
      Required ratio:    0.00 (Gate area) 
      Cumulative area ratio:  161.32
      Required ratio:    0.00 (Cumulative area) 
      Partial area ratio:  730.93
      Required ratio:  400.00 (Side area) (VIOLATED)
      Cumulative area ratio:  852.61
      Required ratio:    0.00 (Cumulative side area) 

    Layer: via3
      Partial area ratio:    0.19
      Required ratio:    6.00 (Gate area) 
      Cumulative area ratio:    0.72
      Required ratio:    0.00 (Cumulative area) 

    Layer: met4
      Partial area ratio:   68.59
      Required ratio:    0.00 (Gate area) 
      Cumulative area ratio:  229.90
      Required ratio:    0.00 (Cumulative area) 
      Partial area ratio:  368.00
      Required ratio: 2753.36 (Side area) 
      Cumulative area ratio: 1220.61
      Required ratio:    0.00 (Cumulative side area) 



Net: net571
  Pin:   _12997_/C (sky130_fd_sc_hd__nor3_4)
    Layer: mcon
      Partial area ratio:    0.03
      Required ratio:    3.00 (Gate area) 
      Cumulative area ratio:    0.03
      Required ratio:    0.00 (Cumulative area) 

    Layer: met1
      Partial area ratio:    5.37
      Required ratio:    0.00 (Gate area) 
      Cumulative area ratio:    5.37
      Required ratio:    0.00 (Cumulative area) 
      Partial area ratio:   26.53
      Required ratio:  400.00 (Side area) 
      Cumulative area ratio:   26.53
      Required ratio:    0.00 (Cumulative side area) 

    Layer: via
      Partial area ratio:    0.07
      Required ratio:    6.00 (Gate area) 
      Cumulative area ratio:    0.10
      Required ratio:    0.00 (Cumulative area) 

    Layer: met2
      Partial area ratio:    9.89
      Required ratio:    0.00 (Gate area) 
      Cumulative area ratio:   15.25
      Required ratio:    0.00 (Cumulative area) 
      Partial area ratio:   49.06
      Required ratio: 2881.16 (Side area) 
      Cumulative area ratio:   75.58
      Required ratio:    0.00 (Cumulative side area) 

    Layer: via2
      Partial area ratio:    0.02
      Required ratio:   31.30 (Gate area) 
      Cumulative area ratio:    0.11
      Required ratio:    0.00 (Cumulative area) 

    Layer: met3
      Partial area ratio:    1.43
      Required ratio:    0.00 (Gate area) 
      Cumulative area ratio:   16.68
      Required ratio:    0.00 (Cumulative area) 
      Partial area ratio:    7.79
      Required ratio: 2881.16 (Side area) 
      Cumulative area ratio:   83.38
      Required ratio:    0.00 (Cumulative side area) 


  Pin:   _13015_/C (sky130_fd_sc_hd__or3_2)
    Layer: mcon
      Partial area ratio:    0.23
      Required ratio:    3.00 (Gate area) 
      Cumulative area ratio:    0.23
      Required ratio:    0.00 (Cumulative area) 

    Layer: met1
      Partial area ratio:    4.33
      Required ratio:    0.00 (Gate area) 
      Cumulative area ratio:    4.33
      Required ratio:    0.00 (Cumulative area) 
      Partial area ratio:   20.19
      Required ratio:  400.00 (Side area) 
      Cumulative area ratio:   20.19
      Required ratio:    0.00 (Cumulative side area) 

    Layer: via
      Partial area ratio:    0.36
      Required ratio:    6.00 (Gate area) 
      Cumulative area ratio:    0.59
      Required ratio:    0.00 (Cumulative area) 

    Layer: met2
      Partial area ratio:    8.83
      Required ratio:    0.00 (Gate area) 
      Cumulative area ratio:   13.16
      Required ratio:    0.00 (Cumulative area) 
      Partial area ratio:   43.28
      Required ratio:  400.00 (Side area) 
      Cumulative area ratio:   63.47
      Required ratio:    0.00 (Cumulative side area) 

    Layer: via2
      Partial area ratio:    0.08
      Required ratio:    6.00 (Gate area) 
      Cumulative area ratio:    0.67
      Required ratio:    0.00 (Cumulative area) 

    Layer: met3
      Partial area ratio:    1.43
      Required ratio:    0.00 (Gate area) 
      Cumulative area ratio:   14.59
      Required ratio:    0.00 (Cumulative area) 
      Partial area ratio:    7.79
      Required ratio: 2881.16 (Side area) 
      Cumulative area ratio:   71.26
      Required ratio:    0.00 (Cumulative side area) 


  Pin:   _13053_/B (sky130_fd_sc_hd__or3_2)
    Layer: li1
      Partial area ratio:    0.03
      Required ratio:    0.00 (Gate area) 
      Cumulative area ratio:    0.03
      Required ratio:    0.00 (Cumulative area) 
      Partial area ratio:    0.30
      Required ratio:   75.00 (Side area) 
      Cumulative area ratio:    0.30
      Required ratio:    0.00 (Cumulative side area) 

    Layer: mcon
      Partial area ratio:    0.23
      Required ratio:    3.00 (Gate area) 
      Cumulative area ratio:    0.23
      Required ratio:    0.00 (Cumulative area) 

    Layer: met1
      Partial area ratio:  238.94
      Required ratio:    0.00 (Gate area) 
      Cumulative area ratio:  238.96
      Required ratio:    0.00 (Cumulative area) 
      Partial area ratio: 1192.89
      Required ratio:  400.00 (Side area) (VIOLATED)
      Cumulative area ratio: 1193.19
      Required ratio:    0.00 (Cumulative side area) 

    Layer: via
      Partial area ratio:    0.54
      Required ratio:    6.00 (Gate area) 
      Cumulative area ratio:    0.77
      Required ratio:    0.00 (Cumulative area) 

    Layer: met2
      Partial area ratio:    8.83
      Required ratio:    0.00 (Gate area) 
      Cumulative area ratio:  247.79
      Required ratio:    0.00 (Cumulative area) 
      Partial area ratio:   43.28
      Required ratio:  400.00 (Side area) 
      Cumulative area ratio: 1236.47
      Required ratio:    0.00 (Cumulative side area) 

    Layer: via2
      Partial area ratio:    0.08
      Required ratio:    6.00 (Gate area) 
      Cumulative area ratio:    0.85
      Required ratio:    0.00 (Cumulative area) 

    Layer: met3
      Partial area ratio:    1.43
      Required ratio:    0.00 (Gate area) 
      Cumulative area ratio:  249.22
      Required ratio:    0.00 (Cumulative area) 
      Partial area ratio:    7.79
      Required ratio: 2881.16 (Side area) 
      Cumulative area ratio: 1244.26
      Required ratio:    0.00 (Cumulative side area) 


  Pin:   _15235_/B1 (sky130_fd_sc_hd__a31o_2)
    Layer: mcon
      Partial area ratio:    0.12
      Required ratio:    3.00 (Gate area) 
      Cumulative area ratio:    0.12
      Required ratio:    0.00 (Cumulative area) 

    Layer: met1
      Partial area ratio:    5.82
      Required ratio:    0.00 (Gate area) 
      Cumulative area ratio:    5.82
      Required ratio:    0.00 (Cumulative area) 
      Partial area ratio:   27.90
      Required ratio:  400.00 (Side area) 
      Cumulative area ratio:   27.90
      Required ratio:    0.00 (Cumulative side area) 

    Layer: via
      Partial area ratio:    0.27
      Required ratio:    6.00 (Gate area) 
      Cumulative area ratio:    0.39
      Required ratio:    0.00 (Cumulative area) 

    Layer: met2
      Partial area ratio:    9.89
      Required ratio:    0.00 (Gate area) 
      Cumulative area ratio:   15.70
      Required ratio:    0.00 (Cumulative area) 
      Partial area ratio:   49.06
      Required ratio: 2881.16 (Side area) 
      Cumulative area ratio:   76.96
      Required ratio:    0.00 (Cumulative side area) 

    Layer: via2
      Partial area ratio:    0.02
      Required ratio:   31.30 (Gate area) 
      Cumulative area ratio:    0.41
      Required ratio:    0.00 (Cumulative area) 

    Layer: met3
      Partial area ratio:    1.43
      Required ratio:    0.00 (Gate area) 
      Cumulative area ratio:   17.14
      Required ratio:    0.00 (Cumulative area) 
      Partial area ratio:    7.79
      Required ratio: 2881.16 (Side area) 
      Cumulative area ratio:   84.75
      Required ratio:    0.00 (Cumulative side area) 


  Pin:   _15291_/B1 (sky130_fd_sc_hd__a31o_2)
    Layer: mcon
      Partial area ratio:    0.12
      Required ratio:    3.00 (Gate area) 
      Cumulative area ratio:    0.12
      Required ratio:    0.00 (Cumulative area) 

    Layer: met1
      Partial area ratio:    1.60
      Required ratio:    0.00 (Gate area) 
      Cumulative area ratio:    1.60
      Required ratio:    0.00 (Cumulative area) 
      Partial area ratio:    7.33
      Required ratio:  400.00 (Side area) 
      Cumulative area ratio:    7.33
      Required ratio:    0.00 (Cumulative side area) 

    Layer: via
      Partial area ratio:    0.18
      Required ratio:    6.00 (Gate area) 
      Cumulative area ratio:    0.30
      Required ratio:    0.00 (Cumulative area) 

    Layer: met2
      Partial area ratio:    9.89
      Required ratio:    0.00 (Gate area) 
      Cumulative area ratio:   11.48
      Required ratio:    0.00 (Cumulative area) 
      Partial area ratio:   49.06
      Required ratio: 2881.16 (Side area) 
      Cumulative area ratio:   56.39
      Required ratio:    0.00 (Cumulative side area) 

    Layer: via2
      Partial area ratio:    0.02
      Required ratio:   31.30 (Gate area) 
      Cumulative area ratio:    0.31
      Required ratio:    0.00 (Cumulative area) 

    Layer: met3
      Partial area ratio:    1.43
      Required ratio:    0.00 (Gate area) 
      Cumulative area ratio:   12.91
      Required ratio:    0.00 (Cumulative area) 
      Partial area ratio:    7.79
      Required ratio: 2881.16 (Side area) 
      Cumulative area ratio:   64.18
      Required ratio:    0.00 (Cumulative side area) 


  Pin:   _15563_/B1 (sky130_fd_sc_hd__a31o_2)
    Layer: mcon
      Partial area ratio:    0.12
      Required ratio:    3.00 (Gate area) 
      Cumulative area ratio:    0.12
      Required ratio:    0.00 (Cumulative area) 

    Layer: met1
      Partial area ratio:    2.74
      Required ratio:    0.00 (Gate area) 
      Cumulative area ratio:    2.74
      Required ratio:    0.00 (Cumulative area) 
      Partial area ratio:   12.96
      Required ratio:  400.00 (Side area) 
      Cumulative area ratio:   12.96
      Required ratio:    0.00 (Cumulative side area) 

    Layer: via
      Partial area ratio:    0.18
      Required ratio:    6.00 (Gate area) 
      Cumulative area ratio:    0.30
      Required ratio:    0.00 (Cumulative area) 

    Layer: met2
      Partial area ratio:    9.89
      Required ratio:    0.00 (Gate area) 
      Cumulative area ratio:   12.63
      Required ratio:    0.00 (Cumulative area) 
      Partial area ratio:   49.06
      Required ratio: 2881.16 (Side area) 
      Cumulative area ratio:   62.01
      Required ratio:    0.00 (Cumulative side area) 

    Layer: via2
      Partial area ratio:    0.02
      Required ratio:   31.30 (Gate area) 
      Cumulative area ratio:    0.31
      Required ratio:    0.00 (Cumulative area) 

    Layer: met3
      Partial area ratio:    1.43
      Required ratio:    0.00 (Gate area) 
      Cumulative area ratio:   14.06
      Required ratio:    0.00 (Cumulative area) 
      Partial area ratio:    7.79
      Required ratio: 2881.16 (Side area) 
      Cumulative area ratio:   69.81
      Required ratio:    0.00 (Cumulative side area) 


  Pin:   _15956_/B2 (sky130_fd_sc_hd__o221a_2)
    Layer: mcon
      Partial area ratio:    0.12
      Required ratio:    3.00 (Gate area) 
      Cumulative area ratio:    0.12
      Required ratio:    0.00 (Cumulative area) 

    Layer: met1
      Partial area ratio:    4.78
      Required ratio:    0.00 (Gate area) 
      Cumulative area ratio:    4.78
      Required ratio:    0.00 (Cumulative area) 
      Partial area ratio:   23.16
      Required ratio:  400.00 (Side area) 
      Cumulative area ratio:   23.16
      Required ratio:    0.00 (Cumulative side area) 

    Layer: via
      Partial area ratio:    0.18
      Required ratio:    6.00 (Gate area) 
      Cumulative area ratio:    0.30
      Required ratio:    0.00 (Cumulative area) 

    Layer: met2
      Partial area ratio:    9.89
      Required ratio:    0.00 (Gate area) 
      Cumulative area ratio:   14.67
      Required ratio:    0.00 (Cumulative area) 
      Partial area ratio:   49.06
      Required ratio: 2881.16 (Side area) 
      Cumulative area ratio:   72.22
      Required ratio:    0.00 (Cumulative side area) 

    Layer: via2
      Partial area ratio:    0.02
      Required ratio:   31.30 (Gate area) 
      Cumulative area ratio:    0.31
      Required ratio:    0.00 (Cumulative area) 

    Layer: met3
      Partial area ratio:    1.43
      Required ratio:    0.00 (Gate area) 
      Cumulative area ratio:   16.10
      Required ratio:    0.00 (Cumulative area) 
      Partial area ratio:    7.79
      Required ratio: 2881.16 (Side area) 
      Cumulative area ratio:   80.01
      Required ratio:    0.00 (Cumulative side area) 


  Pin:   _16106_/B1 (sky130_fd_sc_hd__a21o_2)
    Layer: mcon
      Partial area ratio:    0.12
      Required ratio:    3.00 (Gate area) 
      Cumulative area ratio:    0.12
      Required ratio:    0.00 (Cumulative area) 

    Layer: met1
      Partial area ratio:    3.74
      Required ratio:    0.00 (Gate area) 
      Cumulative area ratio:    3.74
      Required ratio:    0.00 (Cumulative area) 
      Partial area ratio:   17.96
      Required ratio:  400.00 (Side area) 
      Cumulative area ratio:   17.96
      Required ratio:    0.00 (Cumulative side area) 

    Layer: via
      Partial area ratio:    0.18
      Required ratio:    6.00 (Gate area) 
      Cumulative area ratio:    0.30
      Required ratio:    0.00 (Cumulative area) 

    Layer: met2
      Partial area ratio:    8.83
      Required ratio:    0.00 (Gate area) 
      Cumulative area ratio:   12.57
      Required ratio:    0.00 (Cumulative area) 
      Partial area ratio:   43.28
      Required ratio:  400.00 (Side area) 
      Cumulative area ratio:   61.23
      Required ratio:    0.00 (Cumulative side area) 

    Layer: via2
      Partial area ratio:    0.08
      Required ratio:    6.00 (Gate area) 
      Cumulative area ratio:    0.38
      Required ratio:    0.00 (Cumulative area) 

    Layer: met3
      Partial area ratio:    1.43
      Required ratio:    0.00 (Gate area) 
      Cumulative area ratio:   14.00
      Required ratio:    0.00 (Cumulative area) 
      Partial area ratio:    7.79
      Required ratio: 2881.16 (Side area) 
      Cumulative area ratio:   69.03
      Required ratio:    0.00 (Cumulative side area) 


  Pin:   _16231_/B1 (sky130_fd_sc_hd__a31o_2)
    Layer: mcon
      Partial area ratio:    0.12
      Required ratio:    3.00 (Gate area) 
      Cumulative area ratio:    0.12
      Required ratio:    0.00 (Cumulative area) 

    Layer: met1
      Partial area ratio:    2.47
      Required ratio:    0.00 (Gate area) 
      Cumulative area ratio:    2.47
      Required ratio:    0.00 (Cumulative area) 
      Partial area ratio:   11.60
      Required ratio:  400.00 (Side area) 
      Cumulative area ratio:   11.60
      Required ratio:    0.00 (Cumulative side area) 

    Layer: via
      Partial area ratio:    0.18
      Required ratio:    6.00 (Gate area) 
      Cumulative area ratio:    0.30
      Required ratio:    0.00 (Cumulative area) 

    Layer: met2
      Partial area ratio:    9.89
      Required ratio:    0.00 (Gate area) 
      Cumulative area ratio:   12.36
      Required ratio:    0.00 (Cumulative area) 
      Partial area ratio:   49.06
      Required ratio: 2881.16 (Side area) 
      Cumulative area ratio:   60.66
      Required ratio:    0.00 (Cumulative side area) 

    Layer: via2
      Partial area ratio:    0.02
      Required ratio:   31.30 (Gate area) 
      Cumulative area ratio:    0.31
      Required ratio:    0.00 (Cumulative area) 

    Layer: met3
      Partial area ratio:    1.43
      Required ratio:    0.00 (Gate area) 
      Cumulative area ratio:   13.79
      Required ratio:    0.00 (Cumulative area) 
      Partial area ratio:    7.79
      Required ratio: 2881.16 (Side area) 
      Cumulative area ratio:   68.45
      Required ratio:    0.00 (Cumulative side area) 


  Pin:   _16496_/A1 (sky130_fd_sc_hd__o22a_2)
    Layer: mcon
      Partial area ratio:    0.12
      Required ratio:    3.00 (Gate area) 
      Cumulative area ratio:    0.12
      Required ratio:    0.00 (Cumulative area) 

    Layer: met1
      Partial area ratio:    5.02
      Required ratio:    0.00 (Gate area) 
      Cumulative area ratio:    5.02
      Required ratio:    0.00 (Cumulative area) 
      Partial area ratio:   23.93
      Required ratio:  400.00 (Side area) 
      Cumulative area ratio:   23.93
      Required ratio:    0.00 (Cumulative side area) 

    Layer: via
      Partial area ratio:    0.27
      Required ratio:    6.00 (Gate area) 
      Cumulative area ratio:    0.39
      Required ratio:    0.00 (Cumulative area) 

    Layer: met2
      Partial area ratio:    9.89
      Required ratio:    0.00 (Gate area) 
      Cumulative area ratio:   14.91
      Required ratio:    0.00 (Cumulative area) 
      Partial area ratio:   49.06
      Required ratio: 2881.16 (Side area) 
      Cumulative area ratio:   72.98
      Required ratio:    0.00 (Cumulative side area) 

    Layer: via2
      Partial area ratio:    0.02
      Required ratio:   31.30 (Gate area) 
      Cumulative area ratio:    0.41
      Required ratio:    0.00 (Cumulative area) 

    Layer: met3
      Partial area ratio:    1.43
      Required ratio:    0.00 (Gate area) 
      Cumulative area ratio:   16.34
      Required ratio:    0.00 (Cumulative area) 
      Partial area ratio:    7.79
      Required ratio: 2881.16 (Side area) 
      Cumulative area ratio:   80.78
      Required ratio:    0.00 (Cumulative side area) 



Net: net598
  Pin:   _12767_/B (sky130_fd_sc_hd__or2_2)
    Layer: mcon
      Partial area ratio:    0.23
      Required ratio:    3.00 (Gate area) 
      Cumulative area ratio:    0.23
      Required ratio:    0.00 (Cumulative area) 

    Layer: met1
      Partial area ratio:   65.39
      Required ratio:    0.00 (Gate area) 
      Cumulative area ratio:   65.39
      Required ratio:    0.00 (Cumulative area) 
      Partial area ratio:  325.50
      Required ratio:  400.00 (Side area) 
      Cumulative area ratio:  325.50
      Required ratio:    0.00 (Cumulative side area) 

    Layer: via
      Partial area ratio:    0.36
      Required ratio:    6.00 (Gate area) 
      Cumulative area ratio:    0.59
      Required ratio:    0.00 (Cumulative area) 

    Layer: met2
      Partial area ratio:   12.71
      Required ratio:    0.00 (Gate area) 
      Cumulative area ratio:   78.10
      Required ratio:    0.00 (Cumulative area) 
      Partial area ratio:   62.79
      Required ratio:  400.00 (Side area) 
      Cumulative area ratio:  388.29
      Required ratio:    0.00 (Cumulative side area) 

    Layer: via2
      Partial area ratio:    0.16
      Required ratio:    6.00 (Gate area) 
      Cumulative area ratio:    0.75
      Required ratio:    0.00 (Cumulative area) 

    Layer: met3
      Partial area ratio:   34.85
      Required ratio:    0.00 (Gate area) 
      Cumulative area ratio:  112.95
      Required ratio:    0.00 (Cumulative area) 
      Partial area ratio:  186.96
      Required ratio: 2881.16 (Side area) 
      Cumulative area ratio:  575.25
      Required ratio:    0.00 (Cumulative side area) 


  Pin:   _15437_/A (sky130_fd_sc_hd__or3_2)
    Layer: mcon
      Partial area ratio:    0.23
      Required ratio:    3.00 (Gate area) 
      Cumulative area ratio:    0.23
      Required ratio:    0.00 (Cumulative area) 

    Layer: met1
      Partial area ratio:   13.13
      Required ratio:    0.00 (Gate area) 
      Cumulative area ratio:   13.13
      Required ratio:    0.00 (Cumulative area) 
      Partial area ratio:   64.18
      Required ratio:  400.00 (Side area) 
      Cumulative area ratio:   64.18
      Required ratio:    0.00 (Cumulative side area) 

    Layer: via
      Partial area ratio:    0.36
      Required ratio:    6.00 (Gate area) 
      Cumulative area ratio:    0.59
      Required ratio:    0.00 (Cumulative area) 

    Layer: met2
      Partial area ratio:   12.71
      Required ratio:    0.00 (Gate area) 
      Cumulative area ratio:   25.84
      Required ratio:    0.00 (Cumulative area) 
      Partial area ratio:   62.79
      Required ratio:  400.00 (Side area) 
      Cumulative area ratio:  126.97
      Required ratio:    0.00 (Cumulative side area) 

    Layer: via2
      Partial area ratio:    0.16
      Required ratio:    6.00 (Gate area) 
      Cumulative area ratio:    0.75
      Required ratio:    0.00 (Cumulative area) 

    Layer: met3
      Partial area ratio:   34.85
      Required ratio:    0.00 (Gate area) 
      Cumulative area ratio:   60.69
      Required ratio:    0.00 (Cumulative area) 
      Partial area ratio:  186.96
      Required ratio: 2881.16 (Side area) 
      Cumulative area ratio:  313.93
      Required ratio:    0.00 (Cumulative side area) 


  Pin:   _16321_/A (sky130_fd_sc_hd__or3_2)
    Layer: mcon
      Partial area ratio:    0.23
      Required ratio:    3.00 (Gate area) 
      Cumulative area ratio:    0.23
      Required ratio:    0.00 (Cumulative area) 

    Layer: met1
      Partial area ratio:    4.97
      Required ratio:    0.00 (Gate area) 
      Cumulative area ratio:    4.97
      Required ratio:    0.00 (Cumulative area) 
      Partial area ratio:   23.40
      Required ratio:  400.00 (Side area) 
      Cumulative area ratio:   23.40
      Required ratio:    0.00 (Cumulative side area) 

    Layer: via
      Partial area ratio:    0.36
      Required ratio:    6.00 (Gate area) 
      Cumulative area ratio:    0.59
      Required ratio:    0.00 (Cumulative area) 

    Layer: met2
      Partial area ratio:  170.56
      Required ratio:    0.00 (Gate area) 
      Cumulative area ratio:  175.53
      Required ratio:    0.00 (Cumulative area) 
      Partial area ratio:  850.94
      Required ratio:  400.00 (Side area) (VIOLATED)
      Cumulative area ratio:  874.34
      Required ratio:    0.00 (Cumulative side area) 

    Layer: via2
      Partial area ratio:    0.63
      Required ratio:    6.00 (Gate area) 
      Cumulative area ratio:    1.22
      Required ratio:    0.00 (Cumulative area) 

    Layer: met3
      Partial area ratio:   34.85
      Required ratio:    0.00 (Gate area) 
      Cumulative area ratio:  210.38
      Required ratio:    0.00 (Cumulative area) 
      Partial area ratio:  186.96
      Required ratio: 2881.16 (Side area) 
      Cumulative area ratio: 1061.31
      Required ratio:    0.00 (Cumulative side area) 


  Pin:   _16463_/A1 (sky130_fd_sc_hd__o311a_2)
    Layer: mcon
      Partial area ratio:    0.12
      Required ratio:    3.00 (Gate area) 
      Cumulative area ratio:    0.12
      Required ratio:    0.00 (Cumulative area) 

    Layer: met1
      Partial area ratio:    6.43
      Required ratio:    0.00 (Gate area) 
      Cumulative area ratio:    6.43
      Required ratio:    0.00 (Cumulative area) 
      Partial area ratio:   30.67
      Required ratio: 2881.16 (Side area) 
      Cumulative area ratio:   30.67
      Required ratio:    0.00 (Cumulative side area) 

    Layer: via
      Partial area ratio:    0.27
      Required ratio:   31.30 (Gate area) 
      Cumulative area ratio:    0.39
      Required ratio:    0.00 (Cumulative area) 

    Layer: met2
      Partial area ratio:    5.30
      Required ratio:    0.00 (Gate area) 
      Cumulative area ratio:   11.73
      Required ratio:    0.00 (Cumulative area) 
      Partial area ratio:   25.82
      Required ratio: 2881.16 (Side area) 
      Cumulative area ratio:   56.49
      Required ratio:    0.00 (Cumulative side area) 

    Layer: via2
      Partial area ratio:    0.09
      Required ratio:   31.30 (Gate area) 
      Cumulative area ratio:    0.48
      Required ratio:    0.00 (Cumulative area) 

    Layer: met3
      Partial area ratio:   34.85
      Required ratio:    0.00 (Gate area) 
      Cumulative area ratio:   46.57
      Required ratio:    0.00 (Cumulative area) 
      Partial area ratio:  186.96
      Required ratio: 2881.16 (Side area) 
      Cumulative area ratio:  243.45
      Required ratio:    0.00 (Cumulative side area) 


  Pin:   fanout597/A (sky130_fd_sc_hd__clkdlybuf4s25_1)
    Layer: mcon
      Partial area ratio:    0.14
      Required ratio:    3.00 (Gate area) 
      Cumulative area ratio:    0.14
      Required ratio:    0.00 (Cumulative area) 

    Layer: met1
      Partial area ratio:    2.91
      Required ratio:    0.00 (Gate area) 
      Cumulative area ratio:    2.91
      Required ratio:    0.00 (Cumulative area) 
      Partial area ratio:   13.66
      Required ratio:  400.00 (Side area) 
      Cumulative area ratio:   13.66
      Required ratio:    0.00 (Cumulative side area) 

    Layer: via
      Partial area ratio:    0.21
      Required ratio:    6.00 (Gate area) 
      Cumulative area ratio:    0.35
      Required ratio:    0.00 (Cumulative area) 

    Layer: met2
      Partial area ratio:    5.30
      Required ratio:    0.00 (Gate area) 
      Cumulative area ratio:    8.21
      Required ratio:    0.00 (Cumulative area) 
      Partial area ratio:   25.82
      Required ratio: 2881.16 (Side area) 
      Cumulative area ratio:   39.48
      Required ratio:    0.00 (Cumulative side area) 

    Layer: via2
      Partial area ratio:    0.09
      Required ratio:   31.30 (Gate area) 
      Cumulative area ratio:    0.43
      Required ratio:    0.00 (Cumulative area) 

    Layer: met3
      Partial area ratio:   34.85
      Required ratio:    0.00 (Gate area) 
      Cumulative area ratio:   43.05
      Required ratio:    0.00 (Cumulative area) 
      Partial area ratio:  186.96
      Required ratio: 2881.16 (Side area) 
      Cumulative area ratio:  226.45
      Required ratio:    0.00 (Cumulative side area) 



Net: net611
  Pin:   _12815_/C (sky130_fd_sc_hd__and3_2)
    Layer: mcon
      Partial area ratio:    0.23
      Required ratio:    3.00 (Gate area) 
      Cumulative area ratio:    0.23
      Required ratio:    0.00 (Cumulative area) 

    Layer: met1
      Partial area ratio:   36.49
      Required ratio:    0.00 (Gate area) 
      Cumulative area ratio:   36.49
      Required ratio:    0.00 (Cumulative area) 
      Partial area ratio:  179.91
      Required ratio: 2881.16 (Side area) 
      Cumulative area ratio:  179.91
      Required ratio:    0.00 (Cumulative side area) 

    Layer: via
      Partial area ratio:    0.45
      Required ratio:   31.30 (Gate area) 
      Cumulative area ratio:    0.68
      Required ratio:    0.00 (Cumulative area) 

    Layer: met2
      Partial area ratio:   11.79
      Required ratio:    0.00 (Gate area) 
      Cumulative area ratio:   48.28
      Required ratio:    0.00 (Cumulative area) 
      Partial area ratio:   58.08
      Required ratio: 2881.16 (Side area) 
      Cumulative area ratio:  237.99
      Required ratio:    0.00 (Cumulative side area) 

    Layer: via2
      Partial area ratio:    0.11
      Required ratio:   31.30 (Gate area) 
      Cumulative area ratio:    0.78
      Required ratio:    0.00 (Cumulative area) 

    Layer: met3
      Partial area ratio:   45.45
      Required ratio:    0.00 (Gate area) 
      Cumulative area ratio:   93.73
      Required ratio:    0.00 (Cumulative area) 
      Partial area ratio:  243.30
      Required ratio: 2881.16 (Side area) 
      Cumulative area ratio:  481.30
      Required ratio:    0.00 (Cumulative side area) 

    Layer: via3
      Partial area ratio:    0.16
      Required ratio:   31.30 (Gate area) 
      Cumulative area ratio:    0.94
      Required ratio:    0.00 (Cumulative area) 

    Layer: met4
      Partial area ratio:   42.90
      Required ratio:    0.00 (Gate area) 
      Cumulative area ratio:  136.64
      Required ratio:    0.00 (Cumulative area) 
      Partial area ratio:  229.56
      Required ratio: 2881.16 (Side area) 
      Cumulative area ratio:  710.86
      Required ratio:    0.00 (Cumulative side area) 


  Pin:   _12833_/C (sky130_fd_sc_hd__and3_2)
    Layer: mcon
      Partial area ratio:    0.23
      Required ratio:    3.00 (Gate area) 
      Cumulative area ratio:    0.23
      Required ratio:    0.00 (Cumulative area) 

    Layer: met1
      Partial area ratio:    4.25
      Required ratio:    0.00 (Gate area) 
      Cumulative area ratio:    4.25
      Required ratio:    0.00 (Cumulative area) 
      Partial area ratio:   19.79
      Required ratio:  400.00 (Side area) 
      Cumulative area ratio:   19.79
      Required ratio:    0.00 (Cumulative side area) 

    Layer: via
      Partial area ratio:    0.36
      Required ratio:    6.00 (Gate area) 
      Cumulative area ratio:    0.59
      Required ratio:    0.00 (Cumulative area) 

    Layer: met2
      Partial area ratio:   37.67
      Required ratio:    0.00 (Gate area) 
      Cumulative area ratio:   41.92
      Required ratio:    0.00 (Cumulative area) 
      Partial area ratio:  187.48
      Required ratio:  400.00 (Side area) 
      Cumulative area ratio:  207.27
      Required ratio:    0.00 (Cumulative side area) 

    Layer: via2
      Partial area ratio:    0.08
      Required ratio:    6.00 (Gate area) 
      Cumulative area ratio:    0.67
      Required ratio:    0.00 (Cumulative area) 

    Layer: met3
      Partial area ratio:    0.25
      Required ratio:    0.00 (Gate area) 
      Cumulative area ratio:   42.17
      Required ratio:    0.00 (Cumulative area) 
      Partial area ratio:    2.25
      Required ratio:  400.00 (Side area) 
      Cumulative area ratio:  209.52
      Required ratio:    0.00 (Cumulative side area) 

    Layer: via3
      Partial area ratio:    0.08
      Required ratio:    6.00 (Gate area) 
      Cumulative area ratio:    0.75
      Required ratio:    0.00 (Cumulative area) 

    Layer: met4
      Partial area ratio:   42.90
      Required ratio:    0.00 (Gate area) 
      Cumulative area ratio:   85.07
      Required ratio:    0.00 (Cumulative area) 
      Partial area ratio:  229.56
      Required ratio: 2881.16 (Side area) 
      Cumulative area ratio:  439.08
      Required ratio:    0.00 (Cumulative side area) 


  Pin:   _13116_/B (sky130_fd_sc_hd__and3_2)
    Layer: mcon
      Partial area ratio:    0.23
      Required ratio:    3.00 (Gate area) 
      Cumulative area ratio:    0.23
      Required ratio:    0.00 (Cumulative area) 

    Layer: met1
      Partial area ratio:   15.56
      Required ratio:    0.00 (Gate area) 
      Cumulative area ratio:   15.56
      Required ratio:    0.00 (Cumulative area) 
      Partial area ratio:   76.39
      Required ratio:  400.00 (Side area) 
      Cumulative area ratio:   76.39
      Required ratio:    0.00 (Cumulative side area) 

    Layer: via
      Partial area ratio:    0.27
      Required ratio:    6.00 (Gate area) 
      Cumulative area ratio:    0.50
      Required ratio:    0.00 (Cumulative area) 

    Layer: met2
      Partial area ratio:   37.67
      Required ratio:    0.00 (Gate area) 
      Cumulative area ratio:   53.23
      Required ratio:    0.00 (Cumulative area) 
      Partial area ratio:  187.48
      Required ratio:  400.00 (Side area) 
      Cumulative area ratio:  263.87
      Required ratio:    0.00 (Cumulative side area) 

    Layer: via2
      Partial area ratio:    0.08
      Required ratio:    6.00 (Gate area) 
      Cumulative area ratio:    0.58
      Required ratio:    0.00 (Cumulative area) 

    Layer: met3
      Partial area ratio:    0.25
      Required ratio:    0.00 (Gate area) 
      Cumulative area ratio:   53.48
      Required ratio:    0.00 (Cumulative area) 
      Partial area ratio:    2.25
      Required ratio:  400.00 (Side area) 
      Cumulative area ratio:  266.12
      Required ratio:    0.00 (Cumulative side area) 

    Layer: via3
      Partial area ratio:    0.08
      Required ratio:    6.00 (Gate area) 
      Cumulative area ratio:    0.66
      Required ratio:    0.00 (Cumulative area) 

    Layer: met4
      Partial area ratio:   42.90
      Required ratio:    0.00 (Gate area) 
      Cumulative area ratio:   96.38
      Required ratio:    0.00 (Cumulative area) 
      Partial area ratio:  229.56
      Required ratio: 2881.16 (Side area) 
      Cumulative area ratio:  495.68
      Required ratio:    0.00 (Cumulative side area) 


  Pin:   _13134_/B (sky130_fd_sc_hd__and3_2)
    Layer: mcon
      Partial area ratio:    0.23
      Required ratio:    3.00 (Gate area) 
      Cumulative area ratio:    0.23
      Required ratio:    0.00 (Cumulative area) 

    Layer: met1
      Partial area ratio:    5.15
      Required ratio:    0.00 (Gate area) 
      Cumulative area ratio:    5.15
      Required ratio:    0.00 (Cumulative area) 
      Partial area ratio:   24.29
      Required ratio:  400.00 (Side area) 
      Cumulative area ratio:   24.29
      Required ratio:    0.00 (Cumulative side area) 

    Layer: via
      Partial area ratio:    0.36
      Required ratio:    6.00 (Gate area) 
      Cumulative area ratio:    0.59
      Required ratio:    0.00 (Cumulative area) 

    Layer: met2
      Partial area ratio:   37.67
      Required ratio:    0.00 (Gate area) 
      Cumulative area ratio:   42.82
      Required ratio:    0.00 (Cumulative area) 
      Partial area ratio:  187.48
      Required ratio:  400.00 (Side area) 
      Cumulative area ratio:  211.77
      Required ratio:    0.00 (Cumulative side area) 

    Layer: via2
      Partial area ratio:    0.08
      Required ratio:    6.00 (Gate area) 
      Cumulative area ratio:    0.67
      Required ratio:    0.00 (Cumulative area) 

    Layer: met3
      Partial area ratio:    0.25
      Required ratio:    0.00 (Gate area) 
      Cumulative area ratio:   43.07
      Required ratio:    0.00 (Cumulative area) 
      Partial area ratio:    2.25
      Required ratio:  400.00 (Side area) 
      Cumulative area ratio:  214.03
      Required ratio:    0.00 (Cumulative side area) 

    Layer: via3
      Partial area ratio:    0.08
      Required ratio:    6.00 (Gate area) 
      Cumulative area ratio:    0.75
      Required ratio:    0.00 (Cumulative area) 

    Layer: met4
      Partial area ratio:   42.90
      Required ratio:    0.00 (Gate area) 
      Cumulative area ratio:   85.97
      Required ratio:    0.00 (Cumulative area) 
      Partial area ratio:  229.56
      Required ratio: 2881.16 (Side area) 
      Cumulative area ratio:  443.59
      Required ratio:    0.00 (Cumulative side area) 


  Pin:   _13443_/B (sky130_fd_sc_hd__and3_2)
    Layer: mcon
      Partial area ratio:    0.23
      Required ratio:    3.00 (Gate area) 
      Cumulative area ratio:    0.23
      Required ratio:    0.00 (Cumulative area) 

    Layer: met1
      Partial area ratio:   15.56
      Required ratio:    0.00 (Gate area) 
      Cumulative area ratio:   15.56
      Required ratio:    0.00 (Cumulative area) 
      Partial area ratio:   76.39
      Required ratio:  400.00 (Side area) 
      Cumulative area ratio:   76.39
      Required ratio:    0.00 (Cumulative side area) 

    Layer: via
      Partial area ratio:    0.27
      Required ratio:    6.00 (Gate area) 
      Cumulative area ratio:    0.50
      Required ratio:    0.00 (Cumulative area) 

    Layer: met2
      Partial area ratio:   37.67
      Required ratio:    0.00 (Gate area) 
      Cumulative area ratio:   53.23
      Required ratio:    0.00 (Cumulative area) 
      Partial area ratio:  187.48
      Required ratio:  400.00 (Side area) 
      Cumulative area ratio:  263.87
      Required ratio:    0.00 (Cumulative side area) 

    Layer: via2
      Partial area ratio:    0.08
      Required ratio:    6.00 (Gate area) 
      Cumulative area ratio:    0.58
      Required ratio:    0.00 (Cumulative area) 

    Layer: met3
      Partial area ratio:    0.25
      Required ratio:    0.00 (Gate area) 
      Cumulative area ratio:   53.48
      Required ratio:    0.00 (Cumulative area) 
      Partial area ratio:    2.25
      Required ratio:  400.00 (Side area) 
      Cumulative area ratio:  266.12
      Required ratio:    0.00 (Cumulative side area) 

    Layer: via3
      Partial area ratio:    0.08
      Required ratio:    6.00 (Gate area) 
      Cumulative area ratio:    0.66
      Required ratio:    0.00 (Cumulative area) 

    Layer: met4
      Partial area ratio:   42.90
      Required ratio:    0.00 (Gate area) 
      Cumulative area ratio:   96.38
      Required ratio:    0.00 (Cumulative area) 
      Partial area ratio:  229.56
      Required ratio: 2881.16 (Side area) 
      Cumulative area ratio:  495.68
      Required ratio:    0.00 (Cumulative side area) 


  Pin:   _14105_/B (sky130_fd_sc_hd__and3_2)
    Layer: mcon
      Partial area ratio:    0.23
      Required ratio:    3.00 (Gate area) 
      Cumulative area ratio:    0.23
      Required ratio:    0.00 (Cumulative area) 

    Layer: met1
      Partial area ratio:   20.21
      Required ratio:    0.00 (Gate area) 
      Cumulative area ratio:   20.21
      Required ratio:    0.00 (Cumulative area) 
      Partial area ratio:   99.59
      Required ratio:  400.00 (Side area) 
      Cumulative area ratio:   99.59
      Required ratio:    0.00 (Cumulative side area) 

    Layer: via
      Partial area ratio:    0.36
      Required ratio:    6.00 (Gate area) 
      Cumulative area ratio:    0.59
      Required ratio:    0.00 (Cumulative area) 

    Layer: met2
      Partial area ratio:   11.79
      Required ratio:    0.00 (Gate area) 
      Cumulative area ratio:   32.00
      Required ratio:    0.00 (Cumulative area) 
      Partial area ratio:   58.08
      Required ratio: 2881.16 (Side area) 
      Cumulative area ratio:  157.68
      Required ratio:    0.00 (Cumulative side area) 

    Layer: via2
      Partial area ratio:    0.11
      Required ratio:   31.30 (Gate area) 
      Cumulative area ratio:    0.69
      Required ratio:    0.00 (Cumulative area) 

    Layer: met3
      Partial area ratio:   45.45
      Required ratio:    0.00 (Gate area) 
      Cumulative area ratio:   77.45
      Required ratio:    0.00 (Cumulative area) 
      Partial area ratio:  243.30
      Required ratio: 2881.16 (Side area) 
      Cumulative area ratio:  400.98
      Required ratio:    0.00 (Cumulative side area) 

    Layer: via3
      Partial area ratio:    0.16
      Required ratio:   31.30 (Gate area) 
      Cumulative area ratio:    0.85
      Required ratio:    0.00 (Cumulative area) 

    Layer: met4
      Partial area ratio:   42.90
      Required ratio:    0.00 (Gate area) 
      Cumulative area ratio:  120.35
      Required ratio:    0.00 (Cumulative area) 
      Partial area ratio:  229.56
      Required ratio: 2881.16 (Side area) 
      Cumulative area ratio:  630.54
      Required ratio:    0.00 (Cumulative side area) 


  Pin:   _14123_/B (sky130_fd_sc_hd__and3_2)
    Layer: mcon
      Partial area ratio:    0.23
      Required ratio:    3.00 (Gate area) 
      Cumulative area ratio:    0.23
      Required ratio:    0.00 (Cumulative area) 

    Layer: met1
      Partial area ratio:   91.61
      Required ratio:    0.00 (Gate area) 
      Cumulative area ratio:   91.61
      Required ratio:    0.00 (Cumulative area) 
      Partial area ratio:  455.74
      Required ratio:  400.00 (Side area) (VIOLATED)
      Cumulative area ratio:  455.74
      Required ratio:    0.00 (Cumulative side area) 

    Layer: via
      Partial area ratio:    0.54
      Required ratio:    6.00 (Gate area) 
      Cumulative area ratio:    0.77
      Required ratio:    0.00 (Cumulative area) 

    Layer: met2
      Partial area ratio:    5.39
      Required ratio:    0.00 (Gate area) 
      Cumulative area ratio:   97.00
      Required ratio:    0.00 (Cumulative area) 
      Partial area ratio:   26.14
      Required ratio:  400.00 (Side area) 
      Cumulative area ratio:  481.88
      Required ratio:    0.00 (Cumulative side area) 

    Layer: via2
      Partial area ratio:    0.16
      Required ratio:    6.00 (Gate area) 
      Cumulative area ratio:    0.92
      Required ratio:    0.00 (Cumulative area) 

    Layer: met3
      Partial area ratio:    0.50
      Required ratio:    0.00 (Gate area) 
      Cumulative area ratio:   97.50
      Required ratio:    0.00 (Cumulative area) 
      Partial area ratio:    4.51
      Required ratio:  400.00 (Side area) 
      Cumulative area ratio:  486.39
      Required ratio:    0.00 (Cumulative side area) 

    Layer: via3
      Partial area ratio:    0.16
      Required ratio:    6.00 (Gate area) 
      Cumulative area ratio:    1.08
      Required ratio:    0.00 (Cumulative area) 

    Layer: met4
      Partial area ratio:   42.90
      Required ratio:    0.00 (Gate area) 
      Cumulative area ratio:  140.40
      Required ratio:    0.00 (Cumulative area) 
      Partial area ratio:  229.56
      Required ratio: 2881.16 (Side area) 
      Cumulative area ratio:  715.95
      Required ratio:    0.00 (Cumulative side area) 


  Pin:   _14433_/B (sky130_fd_sc_hd__and3_2)
    Layer: mcon
      Partial area ratio:    0.23
      Required ratio:    3.00 (Gate area) 
      Cumulative area ratio:    0.23
      Required ratio:    0.00 (Cumulative area) 

    Layer: met1
      Partial area ratio:   36.49
      Required ratio:    0.00 (Gate area) 
      Cumulative area ratio:   36.49
      Required ratio:    0.00 (Cumulative area) 
      Partial area ratio:  179.91
      Required ratio: 2881.16 (Side area) 
      Cumulative area ratio:  179.91
      Required ratio:    0.00 (Cumulative side area) 

    Layer: via
      Partial area ratio:    0.45
      Required ratio:   31.30 (Gate area) 
      Cumulative area ratio:    0.68
      Required ratio:    0.00 (Cumulative area) 

    Layer: met2
      Partial area ratio:   11.79
      Required ratio:    0.00 (Gate area) 
      Cumulative area ratio:   48.28
      Required ratio:    0.00 (Cumulative area) 
      Partial area ratio:   58.08
      Required ratio: 2881.16 (Side area) 
      Cumulative area ratio:  237.99
      Required ratio:    0.00 (Cumulative side area) 

    Layer: via2
      Partial area ratio:    0.11
      Required ratio:   31.30 (Gate area) 
      Cumulative area ratio:    0.78
      Required ratio:    0.00 (Cumulative area) 

    Layer: met3
      Partial area ratio:   45.45
      Required ratio:    0.00 (Gate area) 
      Cumulative area ratio:   93.73
      Required ratio:    0.00 (Cumulative area) 
      Partial area ratio:  243.30
      Required ratio: 2881.16 (Side area) 
      Cumulative area ratio:  481.30
      Required ratio:    0.00 (Cumulative side area) 

    Layer: via3
      Partial area ratio:    0.16
      Required ratio:   31.30 (Gate area) 
      Cumulative area ratio:    0.94
      Required ratio:    0.00 (Cumulative area) 

    Layer: met4
      Partial area ratio:   42.90
      Required ratio:    0.00 (Gate area) 
      Cumulative area ratio:  136.64
      Required ratio:    0.00 (Cumulative area) 
      Partial area ratio:  229.56
      Required ratio: 2881.16 (Side area) 
      Cumulative area ratio:  710.86
      Required ratio:    0.00 (Cumulative side area) 


  Pin:   _14451_/B (sky130_fd_sc_hd__and3_2)
    Layer: mcon
      Partial area ratio:    0.23
      Required ratio:    3.00 (Gate area) 
      Cumulative area ratio:    0.23
      Required ratio:    0.00 (Cumulative area) 

    Layer: met1
      Partial area ratio:    6.97
      Required ratio:    0.00 (Gate area) 
      Cumulative area ratio:    6.97
      Required ratio:    0.00 (Cumulative area) 
      Partial area ratio:   33.38
      Required ratio:  400.00 (Side area) 
      Cumulative area ratio:   33.38
      Required ratio:    0.00 (Cumulative side area) 

    Layer: via
      Partial area ratio:    0.36
      Required ratio:    6.00 (Gate area) 
      Cumulative area ratio:    0.59
      Required ratio:    0.00 (Cumulative area) 

    Layer: met2
      Partial area ratio:    5.39
      Required ratio:    0.00 (Gate area) 
      Cumulative area ratio:   12.36
      Required ratio:    0.00 (Cumulative area) 
      Partial area ratio:   26.14
      Required ratio:  400.00 (Side area) 
      Cumulative area ratio:   59.52
      Required ratio:    0.00 (Cumulative side area) 

    Layer: via2
      Partial area ratio:    0.16
      Required ratio:    6.00 (Gate area) 
      Cumulative area ratio:    0.75
      Required ratio:    0.00 (Cumulative area) 

    Layer: met3
      Partial area ratio:    0.50
      Required ratio:    0.00 (Gate area) 
      Cumulative area ratio:   12.85
      Required ratio:    0.00 (Cumulative area) 
      Partial area ratio:    4.51
      Required ratio:  400.00 (Side area) 
      Cumulative area ratio:   64.02
      Required ratio:    0.00 (Cumulative side area) 

    Layer: via3
      Partial area ratio:    0.16
      Required ratio:    6.00 (Gate area) 
      Cumulative area ratio:    0.90
      Required ratio:    0.00 (Cumulative area) 

    Layer: met4
      Partial area ratio:   42.90
      Required ratio:    0.00 (Gate area) 
      Cumulative area ratio:   55.76
      Required ratio:    0.00 (Cumulative area) 
      Partial area ratio:  229.56
      Required ratio: 2881.16 (Side area) 
      Cumulative area ratio:  293.59
      Required ratio:    0.00 (Cumulative side area) 


  Pin:   _14723_/B (sky130_fd_sc_hd__and3_2)
    Layer: mcon
      Partial area ratio:    0.23
      Required ratio:    3.00 (Gate area) 
      Cumulative area ratio:    0.23
      Required ratio:    0.00 (Cumulative area) 

    Layer: met1
      Partial area ratio:    4.38
      Required ratio:    0.00 (Gate area) 
      Cumulative area ratio:    4.38
      Required ratio:    0.00 (Cumulative area) 
      Partial area ratio:   20.41
      Required ratio:  400.00 (Side area) 
      Cumulative area ratio:   20.41
      Required ratio:    0.00 (Cumulative side area) 

    Layer: via
      Partial area ratio:    0.36
      Required ratio:    6.00 (Gate area) 
      Cumulative area ratio:    0.59
      Required ratio:    0.00 (Cumulative area) 

    Layer: met2
      Partial area ratio:    1.48
      Required ratio:    0.00 (Gate area) 
      Cumulative area ratio:    5.86
      Required ratio:    0.00 (Cumulative area) 
      Partial area ratio:    6.83
      Required ratio:  400.00 (Side area) 
      Cumulative area ratio:   27.24
      Required ratio:    0.00 (Cumulative side area) 

    Layer: via2
      Partial area ratio:    0.32
      Required ratio:    6.00 (Gate area) 
      Cumulative area ratio:    0.90
      Required ratio:    0.00 (Cumulative area) 

    Layer: met3
      Partial area ratio:   45.45
      Required ratio:    0.00 (Gate area) 
      Cumulative area ratio:   51.31
      Required ratio:    0.00 (Cumulative area) 
      Partial area ratio:  243.30
      Required ratio: 2881.16 (Side area) 
      Cumulative area ratio:  270.54
      Required ratio:    0.00 (Cumulative side area) 

    Layer: via3
      Partial area ratio:    0.16
      Required ratio:   31.30 (Gate area) 
      Cumulative area ratio:    1.06
      Required ratio:    0.00 (Cumulative area) 

    Layer: met4
      Partial area ratio:   42.90
      Required ratio:    0.00 (Gate area) 
      Cumulative area ratio:   94.21
      Required ratio:    0.00 (Cumulative area) 
      Partial area ratio:  229.56
      Required ratio: 2881.16 (Side area) 
      Cumulative area ratio:  500.10
      Required ratio:    0.00 (Cumulative side area) 



Net: net613
  Pin:   _12777_/B (sky130_fd_sc_hd__and3_2)
    Layer: mcon
      Partial area ratio:    0.23
      Required ratio:    3.00 (Gate area) 
      Cumulative area ratio:    0.23
      Required ratio:    0.00 (Cumulative area) 

    Layer: met1
      Partial area ratio:    4.12
      Required ratio:    0.00 (Gate area) 
      Cumulative area ratio:    4.12
      Required ratio:    0.00 (Cumulative area) 
      Partial area ratio:   19.48
      Required ratio:  400.00 (Side area) 
      Cumulative area ratio:   19.48
      Required ratio:    0.00 (Cumulative side area) 

    Layer: via
      Partial area ratio:    0.36
      Required ratio:    6.00 (Gate area) 
      Cumulative area ratio:    0.59
      Required ratio:    0.00 (Cumulative area) 

    Layer: met2
      Partial area ratio:    9.43
      Required ratio:    0.00 (Gate area) 
      Cumulative area ratio:   13.55
      Required ratio:    0.00 (Cumulative area) 
      Partial area ratio:   45.69
      Required ratio:  400.00 (Side area) 
      Cumulative area ratio:   65.18
      Required ratio:    0.00 (Cumulative side area) 

    Layer: via2
      Partial area ratio:    0.32
      Required ratio:    6.00 (Gate area) 
      Cumulative area ratio:    0.90
      Required ratio:    0.00 (Cumulative area) 

    Layer: met3
      Partial area ratio:   34.91
      Required ratio:    0.00 (Gate area) 
      Cumulative area ratio:   48.45
      Required ratio:    0.00 (Cumulative area) 
      Partial area ratio:  187.00
      Required ratio: 2881.16 (Side area) 
      Cumulative area ratio:  252.18
      Required ratio:    0.00 (Cumulative side area) 

    Layer: via3
      Partial area ratio:    0.04
      Required ratio:   31.30 (Gate area) 
      Cumulative area ratio:    0.94
      Required ratio:    0.00 (Cumulative area) 

    Layer: met4
      Partial area ratio:    6.67
      Required ratio:    0.00 (Gate area) 
      Cumulative area ratio:   55.12
      Required ratio:    0.00 (Cumulative area) 
      Partial area ratio:   35.92
      Required ratio: 2881.16 (Side area) 
      Cumulative area ratio:  288.10
      Required ratio:    0.00 (Cumulative side area) 


  Pin:   _12795_/B (sky130_fd_sc_hd__and3_2)
    Layer: mcon
      Partial area ratio:    0.23
      Required ratio:    3.00 (Gate area) 
      Cumulative area ratio:    0.23
      Required ratio:    0.00 (Cumulative area) 

    Layer: met1
      Partial area ratio:    3.39
      Required ratio:    0.00 (Gate area) 
      Cumulative area ratio:    3.39
      Required ratio:    0.00 (Cumulative area) 
      Partial area ratio:   15.46
      Required ratio:  400.00 (Side area) 
      Cumulative area ratio:   15.46
      Required ratio:    0.00 (Cumulative side area) 

    Layer: via
      Partial area ratio:    0.36
      Required ratio:    6.00 (Gate area) 
      Cumulative area ratio:    0.59
      Required ratio:    0.00 (Cumulative area) 

    Layer: met2
      Partial area ratio:   30.55
      Required ratio:    0.00 (Gate area) 
      Cumulative area ratio:   33.93
      Required ratio:    0.00 (Cumulative area) 
      Partial area ratio:  151.59
      Required ratio: 2881.16 (Side area) 
      Cumulative area ratio:  167.04
      Required ratio:    0.00 (Cumulative side area) 

    Layer: via2
      Partial area ratio:    0.13
      Required ratio:   31.30 (Gate area) 
      Cumulative area ratio:    0.71
      Required ratio:    0.00 (Cumulative area) 

    Layer: met3
      Partial area ratio:   34.91
      Required ratio:    0.00 (Gate area) 
      Cumulative area ratio:   68.84
      Required ratio:    0.00 (Cumulative area) 
      Partial area ratio:  187.00
      Required ratio: 2881.16 (Side area) 
      Cumulative area ratio:  354.04
      Required ratio:    0.00 (Cumulative side area) 

    Layer: via3
      Partial area ratio:    0.04
      Required ratio:   31.30 (Gate area) 
      Cumulative area ratio:    0.75
      Required ratio:    0.00 (Cumulative area) 

    Layer: met4
      Partial area ratio:    6.67
      Required ratio:    0.00 (Gate area) 
      Cumulative area ratio:   75.51
      Required ratio:    0.00 (Cumulative area) 
      Partial area ratio:   35.92
      Required ratio: 2881.16 (Side area) 
      Cumulative area ratio:  389.97
      Required ratio:    0.00 (Cumulative side area) 


  Pin:   _13080_/B (sky130_fd_sc_hd__and3_2)
    Layer: mcon
      Partial area ratio:    0.23
      Required ratio:    3.00 (Gate area) 
      Cumulative area ratio:    0.23
      Required ratio:    0.00 (Cumulative area) 

    Layer: met1
      Partial area ratio:    9.26
      Required ratio:    0.00 (Gate area) 
      Cumulative area ratio:    9.26
      Required ratio:    0.00 (Cumulative area) 
      Partial area ratio:   44.83
      Required ratio:  400.00 (Side area) 
      Cumulative area ratio:   44.83
      Required ratio:    0.00 (Cumulative side area) 

    Layer: via
      Partial area ratio:    0.36
      Required ratio:    6.00 (Gate area) 
      Cumulative area ratio:    0.59
      Required ratio:    0.00 (Cumulative area) 

    Layer: met2
      Partial area ratio:   30.55
      Required ratio:    0.00 (Gate area) 
      Cumulative area ratio:   39.81
      Required ratio:    0.00 (Cumulative area) 
      Partial area ratio:  151.59
      Required ratio: 2881.16 (Side area) 
      Cumulative area ratio:  196.42
      Required ratio:    0.00 (Cumulative side area) 

    Layer: via2
      Partial area ratio:    0.13
      Required ratio:   31.30 (Gate area) 
      Cumulative area ratio:    0.71
      Required ratio:    0.00 (Cumulative area) 

    Layer: met3
      Partial area ratio:   34.91
      Required ratio:    0.00 (Gate area) 
      Cumulative area ratio:   74.72
      Required ratio:    0.00 (Cumulative area) 
      Partial area ratio:  187.00
      Required ratio: 2881.16 (Side area) 
      Cumulative area ratio:  383.42
      Required ratio:    0.00 (Cumulative side area) 

    Layer: via3
      Partial area ratio:    0.04
      Required ratio:   31.30 (Gate area) 
      Cumulative area ratio:    0.75
      Required ratio:    0.00 (Cumulative area) 

    Layer: met4
      Partial area ratio:    6.67
      Required ratio:    0.00 (Gate area) 
      Cumulative area ratio:   81.38
      Required ratio:    0.00 (Cumulative area) 
      Partial area ratio:   35.92
      Required ratio: 2881.16 (Side area) 
      Cumulative area ratio:  419.34
      Required ratio:    0.00 (Cumulative side area) 


  Pin:   _13098_/B (sky130_fd_sc_hd__and3_2)
    Layer: mcon
      Partial area ratio:    0.23
      Required ratio:    3.00 (Gate area) 
      Cumulative area ratio:    0.23
      Required ratio:    0.00 (Cumulative area) 

    Layer: met1
      Partial area ratio:    5.12
      Required ratio:    0.00 (Gate area) 
      Cumulative area ratio:    5.12
      Required ratio:    0.00 (Cumulative area) 
      Partial area ratio:   24.12
      Required ratio:  400.00 (Side area) 
      Cumulative area ratio:   24.12
      Required ratio:    0.00 (Cumulative side area) 

    Layer: via
      Partial area ratio:    0.36
      Required ratio:    6.00 (Gate area) 
      Cumulative area ratio:    0.59
      Required ratio:    0.00 (Cumulative area) 

    Layer: met2
      Partial area ratio:    1.48
      Required ratio:    0.00 (Gate area) 
      Cumulative area ratio:    6.60
      Required ratio:    0.00 (Cumulative area) 
      Partial area ratio:    6.83
      Required ratio:  400.00 (Side area) 
      Cumulative area ratio:   30.96
      Required ratio:    0.00 (Cumulative side area) 

    Layer: via2
      Partial area ratio:    0.32
      Required ratio:    6.00 (Gate area) 
      Cumulative area ratio:    0.90
      Required ratio:    0.00 (Cumulative area) 

    Layer: met3
      Partial area ratio:    0.99
      Required ratio:    0.00 (Gate area) 
      Cumulative area ratio:    7.59
      Required ratio:    0.00 (Cumulative area) 
      Partial area ratio:    9.02
      Required ratio:  400.00 (Side area) 
      Cumulative area ratio:   39.97
      Required ratio:    0.00 (Cumulative side area) 

    Layer: via3
      Partial area ratio:    0.32
      Required ratio:    6.00 (Gate area) 
      Cumulative area ratio:    1.22
      Required ratio:    0.00 (Cumulative area) 

    Layer: met4
      Partial area ratio:    6.67
      Required ratio:    0.00 (Gate area) 
      Cumulative area ratio:   14.26
      Required ratio:    0.00 (Cumulative area) 
      Partial area ratio:   35.92
      Required ratio: 2881.16 (Side area) 
      Cumulative area ratio:   75.90
      Required ratio:    0.00 (Cumulative side area) 


  Pin:   _13407_/B (sky130_fd_sc_hd__and3_2)
    Layer: mcon
      Partial area ratio:    0.23
      Required ratio:    3.00 (Gate area) 
      Cumulative area ratio:    0.23
      Required ratio:    0.00 (Cumulative area) 

    Layer: met1
      Partial area ratio:   33.17
      Required ratio:    0.00 (Gate area) 
      Cumulative area ratio:   33.17
      Required ratio:    0.00 (Cumulative area) 
      Partial area ratio:  164.39
      Required ratio:  400.00 (Side area) 
      Cumulative area ratio:  164.39
      Required ratio:    0.00 (Cumulative side area) 

    Layer: via
      Partial area ratio:    0.36
      Required ratio:    6.00 (Gate area) 
      Cumulative area ratio:    0.59
      Required ratio:    0.00 (Cumulative area) 

    Layer: met2
      Partial area ratio:   30.55
      Required ratio:    0.00 (Gate area) 
      Cumulative area ratio:   63.72
      Required ratio:    0.00 (Cumulative area) 
      Partial area ratio:  151.59
      Required ratio: 2881.16 (Side area) 
      Cumulative area ratio:  315.98
      Required ratio:    0.00 (Cumulative side area) 

    Layer: via2
      Partial area ratio:    0.13
      Required ratio:   31.30 (Gate area) 
      Cumulative area ratio:    0.71
      Required ratio:    0.00 (Cumulative area) 

    Layer: met3
      Partial area ratio:   34.91
      Required ratio:    0.00 (Gate area) 
      Cumulative area ratio:   98.63
      Required ratio:    0.00 (Cumulative area) 
      Partial area ratio:  187.00
      Required ratio: 2881.16 (Side area) 
      Cumulative area ratio:  502.98
      Required ratio:    0.00 (Cumulative side area) 

    Layer: via3
      Partial area ratio:    0.04
      Required ratio:   31.30 (Gate area) 
      Cumulative area ratio:    0.75
      Required ratio:    0.00 (Cumulative area) 

    Layer: met4
      Partial area ratio:    6.67
      Required ratio:    0.00 (Gate area) 
      Cumulative area ratio:  105.29
      Required ratio:    0.00 (Cumulative area) 
      Partial area ratio:   35.92
      Required ratio: 2881.16 (Side area) 
      Cumulative area ratio:  538.90
      Required ratio:    0.00 (Cumulative side area) 


  Pin:   _14069_/B (sky130_fd_sc_hd__and3_2)
    Layer: mcon
      Partial area ratio:    0.23
      Required ratio:    3.00 (Gate area) 
      Cumulative area ratio:    0.23
      Required ratio:    0.00 (Cumulative area) 

    Layer: met1
      Partial area ratio:    6.93
      Required ratio:    0.00 (Gate area) 
      Cumulative area ratio:    6.93
      Required ratio:    0.00 (Cumulative area) 
      Partial area ratio:   33.16
      Required ratio:  400.00 (Side area) 
      Cumulative area ratio:   33.16
      Required ratio:    0.00 (Cumulative side area) 

    Layer: via
      Partial area ratio:    0.36
      Required ratio:    6.00 (Gate area) 
      Cumulative area ratio:    0.59
      Required ratio:    0.00 (Cumulative area) 

    Layer: met2
      Partial area ratio:    1.48
      Required ratio:    0.00 (Gate area) 
      Cumulative area ratio:    8.41
      Required ratio:    0.00 (Cumulative area) 
      Partial area ratio:    6.83
      Required ratio:  400.00 (Side area) 
      Cumulative area ratio:   39.99
      Required ratio:    0.00 (Cumulative side area) 

    Layer: via2
      Partial area ratio:    0.32
      Required ratio:    6.00 (Gate area) 
      Cumulative area ratio:    0.90
      Required ratio:    0.00 (Cumulative area) 

    Layer: met3
      Partial area ratio:   34.91
      Required ratio:    0.00 (Gate area) 
      Cumulative area ratio:   43.32
      Required ratio:    0.00 (Cumulative area) 
      Partial area ratio:  187.00
      Required ratio: 2881.16 (Side area) 
      Cumulative area ratio:  226.99
      Required ratio:    0.00 (Cumulative side area) 

    Layer: via3
      Partial area ratio:    0.04
      Required ratio:   31.30 (Gate area) 
      Cumulative area ratio:    0.94
      Required ratio:    0.00 (Cumulative area) 

    Layer: met4
      Partial area ratio:    6.67
      Required ratio:    0.00 (Gate area) 
      Cumulative area ratio:   49.98
      Required ratio:    0.00 (Cumulative area) 
      Partial area ratio:   35.92
      Required ratio: 2881.16 (Side area) 
      Cumulative area ratio:  262.91
      Required ratio:    0.00 (Cumulative side area) 


  Pin:   _14087_/B (sky130_fd_sc_hd__and3_2)
    Layer: mcon
      Partial area ratio:    0.23
      Required ratio:    3.00 (Gate area) 
      Cumulative area ratio:    0.23
      Required ratio:    0.00 (Cumulative area) 

    Layer: met1
      Partial area ratio:  165.74
      Required ratio:    0.00 (Gate area) 
      Cumulative area ratio:  165.74
      Required ratio:    0.00 (Cumulative area) 
      Partial area ratio:  826.39
      Required ratio:  400.00 (Side area) (VIOLATED)
      Cumulative area ratio:  826.39
      Required ratio:    0.00 (Cumulative side area) 

    Layer: via
      Partial area ratio:    0.54
      Required ratio:    6.00 (Gate area) 
      Cumulative area ratio:    0.77
      Required ratio:    0.00 (Cumulative area) 

    Layer: met2
      Partial area ratio:    5.39
      Required ratio:    0.00 (Gate area) 
      Cumulative area ratio:  171.13
      Required ratio:    0.00 (Cumulative area) 
      Partial area ratio:   26.14
      Required ratio:  400.00 (Side area) 
      Cumulative area ratio:  852.53
      Required ratio:    0.00 (Cumulative side area) 

    Layer: via2
      Partial area ratio:    0.16
      Required ratio:    6.00 (Gate area) 
      Cumulative area ratio:    0.92
      Required ratio:    0.00 (Cumulative area) 

    Layer: met3
      Partial area ratio:   34.91
      Required ratio:    0.00 (Gate area) 
      Cumulative area ratio:  206.04
      Required ratio:    0.00 (Cumulative area) 
      Partial area ratio:  187.00
      Required ratio: 2881.16 (Side area) 
      Cumulative area ratio: 1039.53
      Required ratio:    0.00 (Cumulative side area) 

    Layer: via3
      Partial area ratio:    0.04
      Required ratio:   31.30 (Gate area) 
      Cumulative area ratio:    0.96
      Required ratio:    0.00 (Cumulative area) 

    Layer: met4
      Partial area ratio:    6.67
      Required ratio:    0.00 (Gate area) 
      Cumulative area ratio:  212.70
      Required ratio:    0.00 (Cumulative area) 
      Partial area ratio:   35.92
      Required ratio: 2881.16 (Side area) 
      Cumulative area ratio: 1075.45
      Required ratio:    0.00 (Cumulative side area) 


  Pin:   _14397_/B (sky130_fd_sc_hd__and3_2)
    Layer: mcon
      Partial area ratio:    0.23
      Required ratio:    3.00 (Gate area) 
      Cumulative area ratio:    0.23
      Required ratio:    0.00 (Cumulative area) 

    Layer: met1
      Partial area ratio:    6.45
      Required ratio:    0.00 (Gate area) 
      Cumulative area ratio:    6.45
      Required ratio:    0.00 (Cumulative area) 
      Partial area ratio:   30.79
      Required ratio:  400.00 (Side area) 
      Cumulative area ratio:   30.79
      Required ratio:    0.00 (Cumulative side area) 

    Layer: via
      Partial area ratio:    0.36
      Required ratio:    6.00 (Gate area) 
      Cumulative area ratio:    0.59
      Required ratio:    0.00 (Cumulative area) 

    Layer: met2
      Partial area ratio:   30.55
      Required ratio:    0.00 (Gate area) 
      Cumulative area ratio:   37.00
      Required ratio:    0.00 (Cumulative area) 
      Partial area ratio:  151.59
      Required ratio: 2881.16 (Side area) 
      Cumulative area ratio:  182.38
      Required ratio:    0.00 (Cumulative side area) 

    Layer: via2
      Partial area ratio:    0.13
      Required ratio:   31.30 (Gate area) 
      Cumulative area ratio:    0.71
      Required ratio:    0.00 (Cumulative area) 

    Layer: met3
      Partial area ratio:   34.91
      Required ratio:    0.00 (Gate area) 
      Cumulative area ratio:   71.91
      Required ratio:    0.00 (Cumulative area) 
      Partial area ratio:  187.00
      Required ratio: 2881.16 (Side area) 
      Cumulative area ratio:  369.38
      Required ratio:    0.00 (Cumulative side area) 

    Layer: via3
      Partial area ratio:    0.04
      Required ratio:   31.30 (Gate area) 
      Cumulative area ratio:    0.75
      Required ratio:    0.00 (Cumulative area) 

    Layer: met4
      Partial area ratio:    6.67
      Required ratio:    0.00 (Gate area) 
      Cumulative area ratio:   78.57
      Required ratio:    0.00 (Cumulative area) 
      Partial area ratio:   35.92
      Required ratio: 2881.16 (Side area) 
      Cumulative area ratio:  405.30
      Required ratio:    0.00 (Cumulative side area) 


  Pin:   _14415_/B (sky130_fd_sc_hd__and3_2)
    Layer: mcon
      Partial area ratio:    0.23
      Required ratio:    3.00 (Gate area) 
      Cumulative area ratio:    0.23
      Required ratio:    0.00 (Cumulative area) 

    Layer: met1
      Partial area ratio:    5.43
      Required ratio:    0.00 (Gate area) 
      Cumulative area ratio:    5.43
      Required ratio:    0.00 (Cumulative area) 
      Partial area ratio:   25.68
      Required ratio:  400.00 (Side area) 
      Cumulative area ratio:   25.68
      Required ratio:    0.00 (Cumulative side area) 

    Layer: via
      Partial area ratio:    0.36
      Required ratio:    6.00 (Gate area) 
      Cumulative area ratio:    0.59
      Required ratio:    0.00 (Cumulative area) 

    Layer: met2
      Partial area ratio:    5.39
      Required ratio:    0.00 (Gate area) 
      Cumulative area ratio:   10.82
      Required ratio:    0.00 (Cumulative area) 
      Partial area ratio:   26.14
      Required ratio:  400.00 (Side area) 
      Cumulative area ratio:   51.82
      Required ratio:    0.00 (Cumulative side area) 

    Layer: via2
      Partial area ratio:    0.16
      Required ratio:    6.00 (Gate area) 
      Cumulative area ratio:    0.75
      Required ratio:    0.00 (Cumulative area) 

    Layer: met3
      Partial area ratio:   34.91
      Required ratio:    0.00 (Gate area) 
      Cumulative area ratio:   45.73
      Required ratio:    0.00 (Cumulative area) 
      Partial area ratio:  187.00
      Required ratio: 2881.16 (Side area) 
      Cumulative area ratio:  238.81
      Required ratio:    0.00 (Cumulative side area) 

    Layer: via3
      Partial area ratio:    0.04
      Required ratio:   31.30 (Gate area) 
      Cumulative area ratio:    0.78
      Required ratio:    0.00 (Cumulative area) 

    Layer: met4
      Partial area ratio:    6.67
      Required ratio:    0.00 (Gate area) 
      Cumulative area ratio:   52.39
      Required ratio:    0.00 (Cumulative area) 
      Partial area ratio:   35.92
      Required ratio: 2881.16 (Side area) 
      Cumulative area ratio:  274.74
      Required ratio:    0.00 (Cumulative side area) 


  Pin:   _14687_/B (sky130_fd_sc_hd__and3_2)
    Layer: mcon
      Partial area ratio:    0.23
      Required ratio:    3.00 (Gate area) 
      Cumulative area ratio:    0.23
      Required ratio:    0.00 (Cumulative area) 

    Layer: met1
      Partial area ratio:   43.74
      Required ratio:    0.00 (Gate area) 
      Cumulative area ratio:   43.74
      Required ratio:    0.00 (Cumulative area) 
      Partial area ratio:  213.63
      Required ratio: 2881.16 (Side area) 
      Cumulative area ratio:  213.63
      Required ratio:    0.00 (Cumulative side area) 

    Layer: via
      Partial area ratio:    0.71
      Required ratio:   31.30 (Gate area) 
      Cumulative area ratio:    0.94
      Required ratio:    0.00 (Cumulative area) 

    Layer: met2
      Partial area ratio:   30.55
      Required ratio:    0.00 (Gate area) 
      Cumulative area ratio:   74.29
      Required ratio:    0.00 (Cumulative area) 
      Partial area ratio:  151.59
      Required ratio: 2881.16 (Side area) 
      Cumulative area ratio:  365.22
      Required ratio:    0.00 (Cumulative side area) 

    Layer: via2
      Partial area ratio:    0.13
      Required ratio:   31.30 (Gate area) 
      Cumulative area ratio:    1.07
      Required ratio:    0.00 (Cumulative area) 

    Layer: met3
      Partial area ratio:   34.91
      Required ratio:    0.00 (Gate area) 
      Cumulative area ratio:  109.20
      Required ratio:    0.00 (Cumulative area) 
      Partial area ratio:  187.00
      Required ratio: 2881.16 (Side area) 
      Cumulative area ratio:  552.21
      Required ratio:    0.00 (Cumulative side area) 

    Layer: via3
      Partial area ratio:    0.04
      Required ratio:   31.30 (Gate area) 
      Cumulative area ratio:    1.11
      Required ratio:    0.00 (Cumulative area) 

    Layer: met4
      Partial area ratio:    6.67
      Required ratio:    0.00 (Gate area) 
      Cumulative area ratio:  115.86
      Required ratio:    0.00 (Cumulative area) 
      Partial area ratio:   35.92
      Required ratio: 2881.16 (Side area) 
      Cumulative area ratio:  588.14
      Required ratio:    0.00 (Cumulative side area) 



Net: net614
  Pin:   _12768_/B (sky130_fd_sc_hd__and3_2)
    Layer: mcon
      Partial area ratio:    0.23
      Required ratio:    3.00 (Gate area) 
      Cumulative area ratio:    0.23
      Required ratio:    0.00 (Cumulative area) 

    Layer: met1
      Partial area ratio:    4.34
      Required ratio:    0.00 (Gate area) 
      Cumulative area ratio:    4.34
      Required ratio:    0.00 (Cumulative area) 
      Partial area ratio:   20.21
      Required ratio:  400.00 (Side area) 
      Cumulative area ratio:   20.21
      Required ratio:    0.00 (Cumulative side area) 

    Layer: via
      Partial area ratio:    0.36
      Required ratio:    6.00 (Gate area) 
      Cumulative area ratio:    0.59
      Required ratio:    0.00 (Cumulative area) 

    Layer: met2
      Partial area ratio:    1.48
      Required ratio:    0.00 (Gate area) 
      Cumulative area ratio:    5.82
      Required ratio:    0.00 (Cumulative area) 
      Partial area ratio:    6.83
      Required ratio:  400.00 (Side area) 
      Cumulative area ratio:   27.04
      Required ratio:    0.00 (Cumulative side area) 

    Layer: via2
      Partial area ratio:    0.32
      Required ratio:    6.00 (Gate area) 
      Cumulative area ratio:    0.90
      Required ratio:    0.00 (Cumulative area) 

    Layer: met3
      Partial area ratio:   16.93
      Required ratio:    0.00 (Gate area) 
      Cumulative area ratio:   22.75
      Required ratio:    0.00 (Cumulative area) 
      Partial area ratio:   92.16
      Required ratio:  400.00 (Side area) 
      Cumulative area ratio:  119.20
      Required ratio:    0.00 (Cumulative side area) 

    Layer: via3
      Partial area ratio:    0.16
      Required ratio:    6.00 (Gate area) 
      Cumulative area ratio:    1.06
      Required ratio:    0.00 (Cumulative area) 

    Layer: met4
      Partial area ratio:   56.16
      Required ratio:    0.00 (Gate area) 
      Cumulative area ratio:   78.91
      Required ratio:    0.00 (Cumulative area) 
      Partial area ratio:  300.27
      Required ratio: 2881.16 (Side area) 
      Cumulative area ratio:  419.47
      Required ratio:    0.00 (Cumulative side area) 


  Pin:   _13071_/B (sky130_fd_sc_hd__and3_2)
    Layer: mcon
      Partial area ratio:    0.23
      Required ratio:    3.00 (Gate area) 
      Cumulative area ratio:    0.23
      Required ratio:    0.00 (Cumulative area) 

    Layer: met1
      Partial area ratio:   19.99
      Required ratio:    0.00 (Gate area) 
      Cumulative area ratio:   19.99
      Required ratio:    0.00 (Cumulative area) 
      Partial area ratio:   98.50
      Required ratio:  400.00 (Side area) 
      Cumulative area ratio:   98.50
      Required ratio:    0.00 (Cumulative side area) 

    Layer: via
      Partial area ratio:    0.36
      Required ratio:    6.00 (Gate area) 
      Cumulative area ratio:    0.59
      Required ratio:    0.00 (Cumulative area) 

    Layer: met2
      Partial area ratio:    1.48
      Required ratio:    0.00 (Gate area) 
      Cumulative area ratio:   21.48
      Required ratio:    0.00 (Cumulative area) 
      Partial area ratio:    6.83
      Required ratio:  400.00 (Side area) 
      Cumulative area ratio:  105.33
      Required ratio:    0.00 (Cumulative side area) 

    Layer: via2
      Partial area ratio:    0.32
      Required ratio:    6.00 (Gate area) 
      Cumulative area ratio:    0.90
      Required ratio:    0.00 (Cumulative area) 

    Layer: met3
      Partial area ratio:   16.93
      Required ratio:    0.00 (Gate area) 
      Cumulative area ratio:   38.41
      Required ratio:    0.00 (Cumulative area) 
      Partial area ratio:   92.16
      Required ratio:  400.00 (Side area) 
      Cumulative area ratio:  197.49
      Required ratio:    0.00 (Cumulative side area) 

    Layer: via3
      Partial area ratio:    0.16
      Required ratio:    6.00 (Gate area) 
      Cumulative area ratio:    1.06
      Required ratio:    0.00 (Cumulative area) 

    Layer: met4
      Partial area ratio:   56.16
      Required ratio:    0.00 (Gate area) 
      Cumulative area ratio:   94.57
      Required ratio:    0.00 (Cumulative area) 
      Partial area ratio:  300.27
      Required ratio: 2881.16 (Side area) 
      Cumulative area ratio:  497.76
      Required ratio:    0.00 (Cumulative side area) 


  Pin:   _13398_/B (sky130_fd_sc_hd__and3_2)
    Layer: mcon
      Partial area ratio:    0.23
      Required ratio:    3.00 (Gate area) 
      Cumulative area ratio:    0.23
      Required ratio:    0.00 (Cumulative area) 

    Layer: met1
      Partial area ratio:    6.47
      Required ratio:    0.00 (Gate area) 
      Cumulative area ratio:    6.47
      Required ratio:    0.00 (Cumulative area) 
      Partial area ratio:   30.87
      Required ratio:  400.00 (Side area) 
      Cumulative area ratio:   30.87
      Required ratio:    0.00 (Cumulative side area) 

    Layer: via
      Partial area ratio:    0.36
      Required ratio:    6.00 (Gate area) 
      Cumulative area ratio:    0.59
      Required ratio:    0.00 (Cumulative area) 

    Layer: met2
      Partial area ratio:    1.48
      Required ratio:    0.00 (Gate area) 
      Cumulative area ratio:    7.95
      Required ratio:    0.00 (Cumulative area) 
      Partial area ratio:    6.83
      Required ratio:  400.00 (Side area) 
      Cumulative area ratio:   37.71
      Required ratio:    0.00 (Cumulative side area) 

    Layer: via2
      Partial area ratio:    0.32
      Required ratio:    6.00 (Gate area) 
      Cumulative area ratio:    0.90
      Required ratio:    0.00 (Cumulative area) 

    Layer: met3
      Partial area ratio:   17.41
      Required ratio:    0.00 (Gate area) 
      Cumulative area ratio:   25.36
      Required ratio:    0.00 (Cumulative area) 
      Partial area ratio:   96.57
      Required ratio:  400.00 (Side area) 
      Cumulative area ratio:  134.28
      Required ratio:    0.00 (Cumulative side area) 

    Layer: via3
      Partial area ratio:    0.32
      Required ratio:    6.00 (Gate area) 
      Cumulative area ratio:    1.22
      Required ratio:    0.00 (Cumulative area) 

    Layer: met4
      Partial area ratio:   56.16
      Required ratio:    0.00 (Gate area) 
      Cumulative area ratio:   81.52
      Required ratio:    0.00 (Cumulative area) 
      Partial area ratio:  300.27
      Required ratio: 2881.16 (Side area) 
      Cumulative area ratio:  434.54
      Required ratio:    0.00 (Cumulative side area) 


  Pin:   _13425_/B (sky130_fd_sc_hd__and3_2)
    Layer: mcon
      Partial area ratio:    0.23
      Required ratio:    3.00 (Gate area) 
      Cumulative area ratio:    0.23
      Required ratio:    0.00 (Cumulative area) 

    Layer: met1
      Partial area ratio:   73.70
      Required ratio:    0.00 (Gate area) 
      Cumulative area ratio:   73.70
      Required ratio:    0.00 (Cumulative area) 
      Partial area ratio:  365.33
      Required ratio:  400.00 (Side area) 
      Cumulative area ratio:  365.33
      Required ratio:    0.00 (Cumulative side area) 

    Layer: via
      Partial area ratio:    0.71
      Required ratio:    6.00 (Gate area) 
      Cumulative area ratio:    0.94
      Required ratio:    0.00 (Cumulative area) 

    Layer: met2
      Partial area ratio:   91.62
      Required ratio:    0.00 (Gate area) 
      Cumulative area ratio:  165.32
      Required ratio:    0.00 (Cumulative area) 
      Partial area ratio:  456.06
      Required ratio:  400.00 (Side area) (VIOLATED)
      Cumulative area ratio:  821.39
      Required ratio:    0.00 (Cumulative side area) 

    Layer: via2
      Partial area ratio:    0.32
      Required ratio:    6.00 (Gate area) 
      Cumulative area ratio:    1.26
      Required ratio:    0.00 (Cumulative area) 

    Layer: met3
      Partial area ratio:   37.69
      Required ratio:    0.00 (Gate area) 
      Cumulative area ratio:  203.01
      Required ratio:    0.00 (Cumulative area) 
      Partial area ratio:  203.81
      Required ratio:  400.00 (Side area) 
      Cumulative area ratio: 1025.20
      Required ratio:    0.00 (Cumulative side area) 

    Layer: via3
      Partial area ratio:    0.16
      Required ratio:    6.00 (Gate area) 
      Cumulative area ratio:    1.42
      Required ratio:    0.00 (Cumulative area) 

    Layer: met4
      Partial area ratio:   56.16
      Required ratio:    0.00 (Gate area) 
      Cumulative area ratio:  259.17
      Required ratio:    0.00 (Cumulative area) 
      Partial area ratio:  300.27
      Required ratio: 2881.16 (Side area) 
      Cumulative area ratio: 1325.46
      Required ratio:    0.00 (Cumulative side area) 


  Pin:   _14060_/B (sky130_fd_sc_hd__and3_2)
    Layer: mcon
      Partial area ratio:    0.23
      Required ratio:    3.00 (Gate area) 
      Cumulative area ratio:    0.23
      Required ratio:    0.00 (Cumulative area) 

    Layer: met1
      Partial area ratio:    5.93
      Required ratio:    0.00 (Gate area) 
      Cumulative area ratio:    5.93
      Required ratio:    0.00 (Cumulative area) 
      Partial area ratio:   28.16
      Required ratio:  400.00 (Side area) 
      Cumulative area ratio:   28.16
      Required ratio:    0.00 (Cumulative side area) 

    Layer: via
      Partial area ratio:    0.36
      Required ratio:    6.00 (Gate area) 
      Cumulative area ratio:    0.59
      Required ratio:    0.00 (Cumulative area) 

    Layer: met2
      Partial area ratio:   91.62
      Required ratio:    0.00 (Gate area) 
      Cumulative area ratio:   97.54
      Required ratio:    0.00 (Cumulative area) 
      Partial area ratio:  456.06
      Required ratio:  400.00 (Side area) (VIOLATED)
      Cumulative area ratio:  484.21
      Required ratio:    0.00 (Cumulative side area) 

    Layer: via2
      Partial area ratio:    0.32
      Required ratio:    6.00 (Gate area) 
      Cumulative area ratio:    0.90
      Required ratio:    0.00 (Cumulative area) 

    Layer: met3
      Partial area ratio:   37.69
      Required ratio:    0.00 (Gate area) 
      Cumulative area ratio:  135.24
      Required ratio:    0.00 (Cumulative area) 
      Partial area ratio:  203.81
      Required ratio:  400.00 (Side area) 
      Cumulative area ratio:  688.02
      Required ratio:    0.00 (Cumulative side area) 

    Layer: via3
      Partial area ratio:    0.16
      Required ratio:    6.00 (Gate area) 
      Cumulative area ratio:    1.06
      Required ratio:    0.00 (Cumulative area) 

    Layer: met4
      Partial area ratio:   56.16
      Required ratio:    0.00 (Gate area) 
      Cumulative area ratio:  191.39
      Required ratio:    0.00 (Cumulative area) 
      Partial area ratio:  300.27
      Required ratio: 2881.16 (Side area) 
      Cumulative area ratio:  988.29
      Required ratio:    0.00 (Cumulative side area) 


  Pin:   _14388_/B (sky130_fd_sc_hd__and3_2)
    Layer: mcon
      Partial area ratio:    0.23
      Required ratio:    3.00 (Gate area) 
      Cumulative area ratio:    0.23
      Required ratio:    0.00 (Cumulative area) 

    Layer: met1
      Partial area ratio:    4.47
      Required ratio:    0.00 (Gate area) 
      Cumulative area ratio:    4.47
      Required ratio:    0.00 (Cumulative area) 
      Partial area ratio:   20.88
      Required ratio:  400.00 (Side area) 
      Cumulative area ratio:   20.88
      Required ratio:    0.00 (Cumulative side area) 

    Layer: via
      Partial area ratio:    0.36
      Required ratio:    6.00 (Gate area) 
      Cumulative area ratio:    0.59
      Required ratio:    0.00 (Cumulative area) 

    Layer: met2
      Partial area ratio:    1.48
      Required ratio:    0.00 (Gate area) 
      Cumulative area ratio:    5.95
      Required ratio:    0.00 (Cumulative area) 
      Partial area ratio:    6.83
      Required ratio:  400.00 (Side area) 
      Cumulative area ratio:   27.71
      Required ratio:    0.00 (Cumulative side area) 

    Layer: via2
      Partial area ratio:    0.32
      Required ratio:    6.00 (Gate area) 
      Cumulative area ratio:    0.90
      Required ratio:    0.00 (Cumulative area) 

    Layer: met3
      Partial area ratio:    0.99
      Required ratio:    0.00 (Gate area) 
      Cumulative area ratio:    6.94
      Required ratio:    0.00 (Cumulative area) 
      Partial area ratio:    9.02
      Required ratio:  400.00 (Side area) 
      Cumulative area ratio:   36.73
      Required ratio:    0.00 (Cumulative side area) 

    Layer: via3
      Partial area ratio:    0.32
      Required ratio:    6.00 (Gate area) 
      Cumulative area ratio:    1.22
      Required ratio:    0.00 (Cumulative area) 

    Layer: met4
      Partial area ratio:   56.16
      Required ratio:    0.00 (Gate area) 
      Cumulative area ratio:   63.10
      Required ratio:    0.00 (Cumulative area) 
      Partial area ratio:  300.27
      Required ratio: 2881.16 (Side area) 
      Cumulative area ratio:  336.99
      Required ratio:    0.00 (Cumulative side area) 


  Pin:   _14678_/B (sky130_fd_sc_hd__and3_2)
    Layer: mcon
      Partial area ratio:    0.23
      Required ratio:    3.00 (Gate area) 
      Cumulative area ratio:    0.23
      Required ratio:    0.00 (Cumulative area) 

    Layer: met1
      Partial area ratio:    8.22
      Required ratio:    0.00 (Gate area) 
      Cumulative area ratio:    8.22
      Required ratio:    0.00 (Cumulative area) 
      Partial area ratio:   39.65
      Required ratio:  400.00 (Side area) 
      Cumulative area ratio:   39.65
      Required ratio:    0.00 (Cumulative side area) 

    Layer: via
      Partial area ratio:    0.36
      Required ratio:    6.00 (Gate area) 
      Cumulative area ratio:    0.59
      Required ratio:    0.00 (Cumulative area) 

    Layer: met2
      Partial area ratio:    1.48
      Required ratio:    0.00 (Gate area) 
      Cumulative area ratio:    9.71
      Required ratio:    0.00 (Cumulative area) 
      Partial area ratio:    6.83
      Required ratio:  400.00 (Side area) 
      Cumulative area ratio:   46.48
      Required ratio:    0.00 (Cumulative side area) 

    Layer: via2
      Partial area ratio:    0.32
      Required ratio:    6.00 (Gate area) 
      Cumulative area ratio:    0.90
      Required ratio:    0.00 (Cumulative area) 

    Layer: met3
      Partial area ratio:   37.69
      Required ratio:    0.00 (Gate area) 
      Cumulative area ratio:   47.40
      Required ratio:    0.00 (Cumulative area) 
      Partial area ratio:  203.81
      Required ratio:  400.00 (Side area) 
      Cumulative area ratio:  250.29
      Required ratio:    0.00 (Cumulative side area) 

    Layer: via3
      Partial area ratio:    0.16
      Required ratio:    6.00 (Gate area) 
      Cumulative area ratio:    1.06
      Required ratio:    0.00 (Cumulative area) 

    Layer: met4
      Partial area ratio:   56.16
      Required ratio:    0.00 (Gate area) 
      Cumulative area ratio:  103.56
      Required ratio:    0.00 (Cumulative area) 
      Partial area ratio:  300.27
      Required ratio: 2881.16 (Side area) 
      Cumulative area ratio:  550.56
      Required ratio:    0.00 (Cumulative side area) 


  Pin:   _14705_/B (sky130_fd_sc_hd__and3_2)
    Layer: mcon
      Partial area ratio:    0.23
      Required ratio:    3.00 (Gate area) 
      Cumulative area ratio:    0.23
      Required ratio:    0.00 (Cumulative area) 

    Layer: met1
      Partial area ratio:   12.31
      Required ratio:    0.00 (Gate area) 
      Cumulative area ratio:   12.31
      Required ratio:    0.00 (Cumulative area) 
      Partial area ratio:   59.22
      Required ratio:  400.00 (Side area) 
      Cumulative area ratio:   59.22
      Required ratio:    0.00 (Cumulative side area) 

    Layer: via
      Partial area ratio:    0.54
      Required ratio:    6.00 (Gate area) 
      Cumulative area ratio:    0.77
      Required ratio:    0.00 (Cumulative area) 

    Layer: met2
      Partial area ratio:   91.62
      Required ratio:    0.00 (Gate area) 
      Cumulative area ratio:  103.93
      Required ratio:    0.00 (Cumulative area) 
      Partial area ratio:  456.06
      Required ratio:  400.00 (Side area) (VIOLATED)
      Cumulative area ratio:  515.28
      Required ratio:    0.00 (Cumulative side area) 

    Layer: via2
      Partial area ratio:    0.32
      Required ratio:    6.00 (Gate area) 
      Cumulative area ratio:    1.08
      Required ratio:    0.00 (Cumulative area) 

    Layer: met3
      Partial area ratio:   37.69
      Required ratio:    0.00 (Gate area) 
      Cumulative area ratio:  141.62
      Required ratio:    0.00 (Cumulative area) 
      Partial area ratio:  203.81
      Required ratio:  400.00 (Side area) 
      Cumulative area ratio:  719.09
      Required ratio:    0.00 (Cumulative side area) 

    Layer: via3
      Partial area ratio:    0.16
      Required ratio:    6.00 (Gate area) 
      Cumulative area ratio:    1.24
      Required ratio:    0.00 (Cumulative area) 

    Layer: met4
      Partial area ratio:   56.16
      Required ratio:    0.00 (Gate area) 
      Cumulative area ratio:  197.78
      Required ratio:    0.00 (Cumulative area) 
      Partial area ratio:  300.27
      Required ratio: 2881.16 (Side area) 
      Cumulative area ratio: 1019.35
      Required ratio:    0.00 (Cumulative side area) 


  Pin:   fanout613/A (sky130_fd_sc_hd__clkdlybuf4s25_1)
    Layer: mcon
      Partial area ratio:    0.14
      Required ratio:    3.00 (Gate area) 
      Cumulative area ratio:    0.14
      Required ratio:    0.00 (Cumulative area) 

    Layer: met1
      Partial area ratio:    8.53
      Required ratio:    0.00 (Gate area) 
      Cumulative area ratio:    8.53
      Required ratio:    0.00 (Cumulative area) 
      Partial area ratio:   39.20
      Required ratio: 2881.16 (Side area) 
      Cumulative area ratio:   39.20
      Required ratio:    0.00 (Cumulative side area) 

    Layer: via
      Partial area ratio:    0.53
      Required ratio:   31.30 (Gate area) 
      Cumulative area ratio:    0.66
      Required ratio:    0.00 (Cumulative area) 

    Layer: met2
      Partial area ratio:    6.36
      Required ratio:    0.00 (Gate area) 
      Cumulative area ratio:   14.89
      Required ratio:    0.00 (Cumulative area) 
      Partial area ratio:   30.84
      Required ratio: 2881.16 (Side area) 
      Cumulative area ratio:   70.04
      Required ratio:    0.00 (Cumulative side area) 

    Layer: via2
      Partial area ratio:    0.19
      Required ratio:   31.30 (Gate area) 
      Cumulative area ratio:    0.85
      Required ratio:    0.00 (Cumulative area) 

    Layer: met3
      Partial area ratio:    0.59
      Required ratio:    0.00 (Gate area) 
      Cumulative area ratio:   15.48
      Required ratio:    0.00 (Cumulative area) 
      Partial area ratio:    5.33
      Required ratio: 2881.16 (Side area) 
      Cumulative area ratio:   75.37
      Required ratio:    0.00 (Cumulative side area) 

    Layer: via3
      Partial area ratio:    0.19
      Required ratio:   31.30 (Gate area) 
      Cumulative area ratio:    1.04
      Required ratio:    0.00 (Cumulative area) 

    Layer: met4
      Partial area ratio:   56.16
      Required ratio:    0.00 (Gate area) 
      Cumulative area ratio:   71.63
      Required ratio:    0.00 (Cumulative area) 
      Partial area ratio:  300.27
      Required ratio: 2881.16 (Side area) 
      Cumulative area ratio:  375.64
      Required ratio:    0.00 (Cumulative side area) 



Net: net617
  Pin:   _12676_/A (sky130_fd_sc_hd__nor2_2)
    Layer: mcon
      Partial area ratio:    0.06
      Required ratio:    3.00 (Gate area) 
      Cumulative area ratio:    0.06
      Required ratio:    0.00 (Cumulative area) 

    Layer: met1
      Partial area ratio:    1.08
      Required ratio:    0.00 (Gate area) 
      Cumulative area ratio:    1.08
      Required ratio:    0.00 (Cumulative area) 
      Partial area ratio:    4.96
      Required ratio:  400.00 (Side area) 
      Cumulative area ratio:    4.96
      Required ratio:    0.00 (Cumulative side area) 

    Layer: via
      Partial area ratio:    0.09
      Required ratio:    6.00 (Gate area) 
      Cumulative area ratio:    0.15
      Required ratio:    0.00 (Cumulative area) 

    Layer: met2
      Partial area ratio:    1.27
      Required ratio:    0.00 (Gate area) 
      Cumulative area ratio:    2.35
      Required ratio:    0.00 (Cumulative area) 
      Partial area ratio:    6.09
      Required ratio:  400.00 (Side area) 
      Cumulative area ratio:   11.05
      Required ratio:    0.00 (Cumulative side area) 

    Layer: via2
      Partial area ratio:    0.02
      Required ratio:    6.00 (Gate area) 
      Cumulative area ratio:    0.17
      Required ratio:    0.00 (Cumulative area) 

    Layer: met3
      Partial area ratio:    6.74
      Required ratio:    0.00 (Gate area) 
      Cumulative area ratio:    9.10
      Required ratio:    0.00 (Cumulative area) 
      Partial area ratio:   36.15
      Required ratio:  400.00 (Side area) 
      Cumulative area ratio:   47.20
      Required ratio:    0.00 (Cumulative side area) 

    Layer: via3
      Partial area ratio:    0.02
      Required ratio:    6.00 (Gate area) 
      Cumulative area ratio:    0.19
      Required ratio:    0.00 (Cumulative area) 

    Layer: met4
      Partial area ratio:   30.12
      Required ratio:    0.00 (Gate area) 
      Cumulative area ratio:   39.22
      Required ratio:    0.00 (Cumulative area) 
      Partial area ratio:  161.00
      Required ratio: 2881.16 (Side area) 
      Cumulative area ratio:  208.20
      Required ratio:    0.00 (Cumulative side area) 


  Pin:   _12686_/A (sky130_fd_sc_hd__nor2_2)
    Layer: mcon
      Partial area ratio:    0.06
      Required ratio:    3.00 (Gate area) 
      Cumulative area ratio:    0.06
      Required ratio:    0.00 (Cumulative area) 

    Layer: met1
      Partial area ratio:    1.42
      Required ratio:    0.00 (Gate area) 
      Cumulative area ratio:    1.42
      Required ratio:    0.00 (Cumulative area) 
      Partial area ratio:    6.67
      Required ratio:  400.00 (Side area) 
      Cumulative area ratio:    6.67
      Required ratio:    0.00 (Cumulative side area) 

    Layer: via
      Partial area ratio:    0.08
      Required ratio:    6.00 (Gate area) 
      Cumulative area ratio:    0.13
      Required ratio:    0.00 (Cumulative area) 

    Layer: met2
      Partial area ratio:    1.27
      Required ratio:    0.00 (Gate area) 
      Cumulative area ratio:    2.69
      Required ratio:    0.00 (Cumulative area) 
      Partial area ratio:    6.09
      Required ratio:  400.00 (Side area) 
      Cumulative area ratio:   12.76
      Required ratio:    0.00 (Cumulative side area) 

    Layer: via2
      Partial area ratio:    0.02
      Required ratio:    6.00 (Gate area) 
      Cumulative area ratio:    0.15
      Required ratio:    0.00 (Cumulative area) 

    Layer: met3
      Partial area ratio:    6.74
      Required ratio:    0.00 (Gate area) 
      Cumulative area ratio:    9.44
      Required ratio:    0.00 (Cumulative area) 
      Partial area ratio:   36.15
      Required ratio:  400.00 (Side area) 
      Cumulative area ratio:   48.91
      Required ratio:    0.00 (Cumulative side area) 

    Layer: via3
      Partial area ratio:    0.02
      Required ratio:    6.00 (Gate area) 
      Cumulative area ratio:    0.17
      Required ratio:    0.00 (Cumulative area) 

    Layer: met4
      Partial area ratio:   30.12
      Required ratio:    0.00 (Gate area) 
      Cumulative area ratio:   39.56
      Required ratio:    0.00 (Cumulative area) 
      Partial area ratio:  161.00
      Required ratio: 2881.16 (Side area) 
      Cumulative area ratio:  209.91
      Required ratio:    0.00 (Cumulative side area) 


  Pin:   _12693_/A (sky130_fd_sc_hd__nor2_2)
    Layer: mcon
      Partial area ratio:    0.06
      Required ratio:    3.00 (Gate area) 
      Cumulative area ratio:    0.06
      Required ratio:    0.00 (Cumulative area) 

    Layer: met1
      Partial area ratio:    1.42
      Required ratio:    0.00 (Gate area) 
      Cumulative area ratio:    1.42
      Required ratio:    0.00 (Cumulative area) 
      Partial area ratio:    6.67
      Required ratio:  400.00 (Side area) 
      Cumulative area ratio:    6.67
      Required ratio:    0.00 (Cumulative side area) 

    Layer: via
      Partial area ratio:    0.08
      Required ratio:    6.00 (Gate area) 
      Cumulative area ratio:    0.13
      Required ratio:    0.00 (Cumulative area) 

    Layer: met2
      Partial area ratio:    1.27
      Required ratio:    0.00 (Gate area) 
      Cumulative area ratio:    2.69
      Required ratio:    0.00 (Cumulative area) 
      Partial area ratio:    6.09
      Required ratio:  400.00 (Side area) 
      Cumulative area ratio:   12.76
      Required ratio:    0.00 (Cumulative side area) 

    Layer: via2
      Partial area ratio:    0.02
      Required ratio:    6.00 (Gate area) 
      Cumulative area ratio:    0.15
      Required ratio:    0.00 (Cumulative area) 

    Layer: met3
      Partial area ratio:    6.74
      Required ratio:    0.00 (Gate area) 
      Cumulative area ratio:    9.44
      Required ratio:    0.00 (Cumulative area) 
      Partial area ratio:   36.15
      Required ratio:  400.00 (Side area) 
      Cumulative area ratio:   48.91
      Required ratio:    0.00 (Cumulative side area) 

    Layer: via3
      Partial area ratio:    0.02
      Required ratio:    6.00 (Gate area) 
      Cumulative area ratio:    0.17
      Required ratio:    0.00 (Cumulative area) 

    Layer: met4
      Partial area ratio:   30.12
      Required ratio:    0.00 (Gate area) 
      Cumulative area ratio:   39.56
      Required ratio:    0.00 (Cumulative area) 
      Partial area ratio:  161.00
      Required ratio: 2881.16 (Side area) 
      Cumulative area ratio:  209.91
      Required ratio:    0.00 (Cumulative side area) 


  Pin:   _12699_/A (sky130_fd_sc_hd__nor2_2)
    Layer: mcon
      Partial area ratio:    0.06
      Required ratio:    3.00 (Gate area) 
      Cumulative area ratio:    0.06
      Required ratio:    0.00 (Cumulative area) 

    Layer: met1
      Partial area ratio:    1.42
      Required ratio:    0.00 (Gate area) 
      Cumulative area ratio:    1.42
      Required ratio:    0.00 (Cumulative area) 
      Partial area ratio:    6.67
      Required ratio:  400.00 (Side area) 
      Cumulative area ratio:    6.67
      Required ratio:    0.00 (Cumulative side area) 

    Layer: via
      Partial area ratio:    0.08
      Required ratio:    6.00 (Gate area) 
      Cumulative area ratio:    0.13
      Required ratio:    0.00 (Cumulative area) 

    Layer: met2
      Partial area ratio:    1.27
      Required ratio:    0.00 (Gate area) 
      Cumulative area ratio:    2.69
      Required ratio:    0.00 (Cumulative area) 
      Partial area ratio:    6.09
      Required ratio:  400.00 (Side area) 
      Cumulative area ratio:   12.76
      Required ratio:    0.00 (Cumulative side area) 

    Layer: via2
      Partial area ratio:    0.02
      Required ratio:    6.00 (Gate area) 
      Cumulative area ratio:    0.15
      Required ratio:    0.00 (Cumulative area) 

    Layer: met3
      Partial area ratio:    6.74
      Required ratio:    0.00 (Gate area) 
      Cumulative area ratio:    9.44
      Required ratio:    0.00 (Cumulative area) 
      Partial area ratio:   36.15
      Required ratio:  400.00 (Side area) 
      Cumulative area ratio:   48.91
      Required ratio:    0.00 (Cumulative side area) 

    Layer: via3
      Partial area ratio:    0.02
      Required ratio:    6.00 (Gate area) 
      Cumulative area ratio:    0.17
      Required ratio:    0.00 (Cumulative area) 

    Layer: met4
      Partial area ratio:   30.12
      Required ratio:    0.00 (Gate area) 
      Cumulative area ratio:   39.56
      Required ratio:    0.00 (Cumulative area) 
      Partial area ratio:  161.00
      Required ratio: 2881.16 (Side area) 
      Cumulative area ratio:  209.91
      Required ratio:    0.00 (Cumulative side area) 


  Pin:   _12761_/B1 (sky130_fd_sc_hd__a21oi_2)
    Layer: mcon
      Partial area ratio:    0.06
      Required ratio:    3.00 (Gate area) 
      Cumulative area ratio:    0.06
      Required ratio:    0.00 (Cumulative area) 

    Layer: met1
      Partial area ratio:    1.14
      Required ratio:    0.00 (Gate area) 
      Cumulative area ratio:    1.14
      Required ratio:    0.00 (Cumulative area) 
      Partial area ratio:    5.33
      Required ratio:  400.00 (Side area) 
      Cumulative area ratio:    5.33
      Required ratio:    0.00 (Cumulative side area) 

    Layer: via
      Partial area ratio:    0.09
      Required ratio:    6.00 (Gate area) 
      Cumulative area ratio:    0.15
      Required ratio:    0.00 (Cumulative area) 

    Layer: met2
      Partial area ratio:    0.38
      Required ratio:    0.00 (Gate area) 
      Cumulative area ratio:    1.52
      Required ratio:    0.00 (Cumulative area) 
      Partial area ratio:    1.74
      Required ratio:  400.00 (Side area) 
      Cumulative area ratio:    7.07
      Required ratio:    0.00 (Cumulative side area) 

    Layer: via2
      Partial area ratio:    0.08
      Required ratio:    6.00 (Gate area) 
      Cumulative area ratio:    0.23
      Required ratio:    0.00 (Cumulative area) 

    Layer: met3
      Partial area ratio:    6.74
      Required ratio:    0.00 (Gate area) 
      Cumulative area ratio:    8.26
      Required ratio:    0.00 (Cumulative area) 
      Partial area ratio:   36.15
      Required ratio:  400.00 (Side area) 
      Cumulative area ratio:   43.21
      Required ratio:    0.00 (Cumulative side area) 

    Layer: via3
      Partial area ratio:    0.02
      Required ratio:    6.00 (Gate area) 
      Cumulative area ratio:    0.25
      Required ratio:    0.00 (Cumulative area) 

    Layer: met4
      Partial area ratio:   30.12
      Required ratio:    0.00 (Gate area) 
      Cumulative area ratio:   38.38
      Required ratio:    0.00 (Cumulative area) 
      Partial area ratio:  161.00
      Required ratio: 2881.16 (Side area) 
      Cumulative area ratio:  204.21
      Required ratio:    0.00 (Cumulative side area) 


  Pin:   fanout616/A (sky130_fd_sc_hd__clkdlybuf4s25_1)
    Layer: mcon
      Partial area ratio:    0.14
      Required ratio:    3.00 (Gate area) 
      Cumulative area ratio:    0.14
      Required ratio:    0.00 (Cumulative area) 

    Layer: met1
      Partial area ratio:    2.92
      Required ratio:    0.00 (Gate area) 
      Cumulative area ratio:    2.92
      Required ratio:    0.00 (Cumulative area) 
      Partial area ratio:   13.71
      Required ratio:  400.00 (Side area) 
      Cumulative area ratio:   13.71
      Required ratio:    0.00 (Cumulative side area) 

    Layer: via
      Partial area ratio:    0.21
      Required ratio:    6.00 (Gate area) 
      Cumulative area ratio:    0.35
      Required ratio:    0.00 (Cumulative area) 

    Layer: met2
      Partial area ratio:    0.88
      Required ratio:    0.00 (Gate area) 
      Cumulative area ratio:    3.79
      Required ratio:    0.00 (Cumulative area) 
      Partial area ratio:    4.04
      Required ratio:  400.00 (Side area) 
      Cumulative area ratio:   17.75
      Required ratio:    0.00 (Cumulative side area) 

    Layer: via2
      Partial area ratio:    0.19
      Required ratio:    6.00 (Gate area) 
      Cumulative area ratio:    0.53
      Required ratio:    0.00 (Cumulative area) 

    Layer: met3
      Partial area ratio:  137.24
      Required ratio:    0.00 (Gate area) 
      Cumulative area ratio:  141.03
      Required ratio:    0.00 (Cumulative area) 
      Partial area ratio:  736.30
      Required ratio:  400.00 (Side area) (VIOLATED)
      Cumulative area ratio:  754.05
      Required ratio:    0.00 (Cumulative side area) 

    Layer: via3
      Partial area ratio:    0.38
      Required ratio:    6.00 (Gate area) 
      Cumulative area ratio:    0.91
      Required ratio:    0.00 (Cumulative area) 

    Layer: met4
      Partial area ratio:   30.12
      Required ratio:    0.00 (Gate area) 
      Cumulative area ratio:  171.15
      Required ratio:    0.00 (Cumulative area) 
      Partial area ratio:  161.00
      Required ratio: 2881.16 (Side area) 
      Cumulative area ratio:  915.05
      Required ratio:    0.00 (Cumulative side area) 



Net: net739
  Pin:   _12967_/C (sky130_fd_sc_hd__and3_2)
    Layer: mcon
      Partial area ratio:    0.23
      Required ratio:    3.00 (Gate area) 
      Cumulative area ratio:    0.23
      Required ratio:    0.00 (Cumulative area) 

    Layer: met1
      Partial area ratio:   28.45
      Required ratio:    0.00 (Gate area) 
      Cumulative area ratio:   28.45
      Required ratio:    0.00 (Cumulative area) 
      Partial area ratio:  139.93
      Required ratio:  400.00 (Side area) 
      Cumulative area ratio:  139.93
      Required ratio:    0.00 (Cumulative side area) 

    Layer: via
      Partial area ratio:    0.54
      Required ratio:    6.00 (Gate area) 
      Cumulative area ratio:    0.77
      Required ratio:    0.00 (Cumulative area) 

    Layer: met2
      Partial area ratio:    5.39
      Required ratio:    0.00 (Gate area) 
      Cumulative area ratio:   33.84
      Required ratio:    0.00 (Cumulative area) 
      Partial area ratio:   26.14
      Required ratio:  400.00 (Side area) 
      Cumulative area ratio:  166.07
      Required ratio:    0.00 (Cumulative side area) 

    Layer: via2
      Partial area ratio:    0.16
      Required ratio:    6.00 (Gate area) 
      Cumulative area ratio:    0.92
      Required ratio:    0.00 (Cumulative area) 

    Layer: met3
      Partial area ratio:   71.53
      Required ratio:    0.00 (Gate area) 
      Cumulative area ratio:  105.37
      Required ratio:    0.00 (Cumulative area) 
      Partial area ratio:  382.71
      Required ratio:  400.00 (Side area) 
      Cumulative area ratio:  548.78
      Required ratio:    0.00 (Cumulative side area) 

    Layer: via3
      Partial area ratio:    0.11
      Required ratio:    6.00 (Gate area) 
      Cumulative area ratio:    1.03
      Required ratio:    0.00 (Cumulative area) 

    Layer: met4
      Partial area ratio:   19.90
      Required ratio:    0.00 (Gate area) 
      Cumulative area ratio:  125.27
      Required ratio:    0.00 (Cumulative area) 
      Partial area ratio:  106.90
      Required ratio: 2881.16 (Side area) 
      Cumulative area ratio:  655.67
      Required ratio:    0.00 (Cumulative side area) 


  Pin:   _12985_/C (sky130_fd_sc_hd__and3_2)
    Layer: mcon
      Partial area ratio:    0.23
      Required ratio:    3.00 (Gate area) 
      Cumulative area ratio:    0.23
      Required ratio:    0.00 (Cumulative area) 

    Layer: met1
      Partial area ratio:   80.98
      Required ratio:    0.00 (Gate area) 
      Cumulative area ratio:   80.98
      Required ratio:    0.00 (Cumulative area) 
      Partial area ratio:  401.73
      Required ratio:  400.00 (Side area) (VIOLATED)
      Cumulative area ratio:  401.73
      Required ratio:    0.00 (Cumulative side area) 

    Layer: via
      Partial area ratio:    0.71
      Required ratio:    6.00 (Gate area) 
      Cumulative area ratio:    0.94
      Required ratio:    0.00 (Cumulative area) 

    Layer: met2
      Partial area ratio:   31.04
      Required ratio:    0.00 (Gate area) 
      Cumulative area ratio:  112.03
      Required ratio:    0.00 (Cumulative area) 
      Partial area ratio:  154.12
      Required ratio: 2881.16 (Side area) 
      Cumulative area ratio:  555.85
      Required ratio:    0.00 (Cumulative side area) 

    Layer: via2
      Partial area ratio:    0.05
      Required ratio:   31.30 (Gate area) 
      Cumulative area ratio:    1.00
      Required ratio:    0.00 (Cumulative area) 

    Layer: met3
      Partial area ratio:    0.17
      Required ratio:    0.00 (Gate area) 
      Cumulative area ratio:  112.19
      Required ratio:    0.00 (Cumulative area) 
      Partial area ratio:    1.50
      Required ratio: 2881.16 (Side area) 
      Cumulative area ratio:  557.36
      Required ratio:    0.00 (Cumulative side area) 

    Layer: via3
      Partial area ratio:    0.05
      Required ratio:   31.30 (Gate area) 
      Cumulative area ratio:    1.05
      Required ratio:    0.00 (Cumulative area) 

    Layer: met4
      Partial area ratio:   19.90
      Required ratio:    0.00 (Gate area) 
      Cumulative area ratio:  132.09
      Required ratio:    0.00 (Cumulative area) 
      Partial area ratio:  106.90
      Required ratio: 2881.16 (Side area) 
      Cumulative area ratio:  664.25
      Required ratio:    0.00 (Cumulative side area) 


  Pin:   _13297_/B (sky130_fd_sc_hd__and3_2)
    Layer: mcon
      Partial area ratio:    0.23
      Required ratio:    3.00 (Gate area) 
      Cumulative area ratio:    0.23
      Required ratio:    0.00 (Cumulative area) 

    Layer: met1
      Partial area ratio:   12.01
      Required ratio:    0.00 (Gate area) 
      Cumulative area ratio:   12.01
      Required ratio:    0.00 (Cumulative area) 
      Partial area ratio:   57.74
      Required ratio:  400.00 (Side area) 
      Cumulative area ratio:   57.74
      Required ratio:    0.00 (Cumulative side area) 

    Layer: via
      Partial area ratio:    0.54
      Required ratio:    6.00 (Gate area) 
      Cumulative area ratio:    0.77
      Required ratio:    0.00 (Cumulative area) 

    Layer: met2
      Partial area ratio:   31.04
      Required ratio:    0.00 (Gate area) 
      Cumulative area ratio:   43.05
      Required ratio:    0.00 (Cumulative area) 
      Partial area ratio:  154.12
      Required ratio: 2881.16 (Side area) 
      Cumulative area ratio:  211.86
      Required ratio:    0.00 (Cumulative side area) 

    Layer: via2
      Partial area ratio:    0.05
      Required ratio:   31.30 (Gate area) 
      Cumulative area ratio:    0.82
      Required ratio:    0.00 (Cumulative area) 

    Layer: met3
      Partial area ratio:    0.17
      Required ratio:    0.00 (Gate area) 
      Cumulative area ratio:   43.22
      Required ratio:    0.00 (Cumulative area) 
      Partial area ratio:    1.50
      Required ratio: 2881.16 (Side area) 
      Cumulative area ratio:  213.36
      Required ratio:    0.00 (Cumulative side area) 

    Layer: via3
      Partial area ratio:    0.05
      Required ratio:   31.30 (Gate area) 
      Cumulative area ratio:    0.87
      Required ratio:    0.00 (Cumulative area) 

    Layer: met4
      Partial area ratio:   19.90
      Required ratio:    0.00 (Gate area) 
      Cumulative area ratio:   63.12
      Required ratio:    0.00 (Cumulative area) 
      Partial area ratio:  106.90
      Required ratio: 2881.16 (Side area) 
      Cumulative area ratio:  320.26
      Required ratio:    0.00 (Cumulative side area) 


  Pin:   _13315_/B (sky130_fd_sc_hd__and3_2)
    Layer: mcon
      Partial area ratio:    0.23
      Required ratio:    3.00 (Gate area) 
      Cumulative area ratio:    0.23
      Required ratio:    0.00 (Cumulative area) 

    Layer: met1
      Partial area ratio:    6.21
      Required ratio:    0.00 (Gate area) 
      Cumulative area ratio:    6.21
      Required ratio:    0.00 (Cumulative area) 
      Partial area ratio:   29.59
      Required ratio:  400.00 (Side area) 
      Cumulative area ratio:   29.59
      Required ratio:    0.00 (Cumulative side area) 

    Layer: via
      Partial area ratio:    0.36
      Required ratio:    6.00 (Gate area) 
      Cumulative area ratio:    0.59
      Required ratio:    0.00 (Cumulative area) 

    Layer: met2
      Partial area ratio:   31.04
      Required ratio:    0.00 (Gate area) 
      Cumulative area ratio:   37.25
      Required ratio:    0.00 (Cumulative area) 
      Partial area ratio:  154.12
      Required ratio: 2881.16 (Side area) 
      Cumulative area ratio:  183.71
      Required ratio:    0.00 (Cumulative side area) 

    Layer: via2
      Partial area ratio:    0.05
      Required ratio:   31.30 (Gate area) 
      Cumulative area ratio:    0.64
      Required ratio:    0.00 (Cumulative area) 

    Layer: met3
      Partial area ratio:    0.17
      Required ratio:    0.00 (Gate area) 
      Cumulative area ratio:   37.42
      Required ratio:    0.00 (Cumulative area) 
      Partial area ratio:    1.50
      Required ratio: 2881.16 (Side area) 
      Cumulative area ratio:  185.22
      Required ratio:    0.00 (Cumulative side area) 

    Layer: via3
      Partial area ratio:    0.05
      Required ratio:   31.30 (Gate area) 
      Cumulative area ratio:    0.69
      Required ratio:    0.00 (Cumulative area) 

    Layer: met4
      Partial area ratio:   19.90
      Required ratio:    0.00 (Gate area) 
      Cumulative area ratio:   57.32
      Required ratio:    0.00 (Cumulative area) 
      Partial area ratio:  106.90
      Required ratio: 2881.16 (Side area) 
      Cumulative area ratio:  292.11
      Required ratio:    0.00 (Cumulative side area) 


  Pin:   _13624_/B (sky130_fd_sc_hd__and3_2)
    Layer: mcon
      Partial area ratio:    0.23
      Required ratio:    3.00 (Gate area) 
      Cumulative area ratio:    0.23
      Required ratio:    0.00 (Cumulative area) 

    Layer: met1
      Partial area ratio:    7.27
      Required ratio:    0.00 (Gate area) 
      Cumulative area ratio:    7.27
      Required ratio:    0.00 (Cumulative area) 
      Partial area ratio:   34.90
      Required ratio:  400.00 (Side area) 
      Cumulative area ratio:   34.90
      Required ratio:    0.00 (Cumulative side area) 

    Layer: via
      Partial area ratio:    0.36
      Required ratio:    6.00 (Gate area) 
      Cumulative area ratio:    0.59
      Required ratio:    0.00 (Cumulative area) 

    Layer: met2
      Partial area ratio:   31.04
      Required ratio:    0.00 (Gate area) 
      Cumulative area ratio:   38.32
      Required ratio:    0.00 (Cumulative area) 
      Partial area ratio:  154.12
      Required ratio: 2881.16 (Side area) 
      Cumulative area ratio:  189.02
      Required ratio:    0.00 (Cumulative side area) 

    Layer: via2
      Partial area ratio:    0.05
      Required ratio:   31.30 (Gate area) 
      Cumulative area ratio:    0.64
      Required ratio:    0.00 (Cumulative area) 

    Layer: met3
      Partial area ratio:    0.17
      Required ratio:    0.00 (Gate area) 
      Cumulative area ratio:   38.48
      Required ratio:    0.00 (Cumulative area) 
      Partial area ratio:    1.50
      Required ratio: 2881.16 (Side area) 
      Cumulative area ratio:  190.52
      Required ratio:    0.00 (Cumulative side area) 

    Layer: via3
      Partial area ratio:    0.05
      Required ratio:   31.30 (Gate area) 
      Cumulative area ratio:    0.69
      Required ratio:    0.00 (Cumulative area) 

    Layer: met4
      Partial area ratio:   19.90
      Required ratio:    0.00 (Gate area) 
      Cumulative area ratio:   58.38
      Required ratio:    0.00 (Cumulative area) 
      Partial area ratio:  106.90
      Required ratio: 2881.16 (Side area) 
      Cumulative area ratio:  297.42
      Required ratio:    0.00 (Cumulative side area) 


  Pin:   _14249_/B (sky130_fd_sc_hd__and3_2)
    Layer: mcon
      Partial area ratio:    0.23
      Required ratio:    3.00 (Gate area) 
      Cumulative area ratio:    0.23
      Required ratio:    0.00 (Cumulative area) 

    Layer: met1
      Partial area ratio:   57.41
      Required ratio:    0.00 (Gate area) 
      Cumulative area ratio:   57.41
      Required ratio:    0.00 (Cumulative area) 
      Partial area ratio:  285.56
      Required ratio:  400.00 (Side area) 
      Cumulative area ratio:  285.56
      Required ratio:    0.00 (Cumulative side area) 

    Layer: via
      Partial area ratio:    0.36
      Required ratio:    6.00 (Gate area) 
      Cumulative area ratio:    0.59
      Required ratio:    0.00 (Cumulative area) 

    Layer: met2
      Partial area ratio:    5.39
      Required ratio:    0.00 (Gate area) 
      Cumulative area ratio:   62.79
      Required ratio:    0.00 (Cumulative area) 
      Partial area ratio:   26.14
      Required ratio:  400.00 (Side area) 
      Cumulative area ratio:  311.69
      Required ratio:    0.00 (Cumulative side area) 

    Layer: via2
      Partial area ratio:    0.16
      Required ratio:    6.00 (Gate area) 
      Cumulative area ratio:    0.75
      Required ratio:    0.00 (Cumulative area) 

    Layer: met3
      Partial area ratio:   71.53
      Required ratio:    0.00 (Gate area) 
      Cumulative area ratio:  134.32
      Required ratio:    0.00 (Cumulative area) 
      Partial area ratio:  382.71
      Required ratio:  400.00 (Side area) 
      Cumulative area ratio:  694.40
      Required ratio:    0.00 (Cumulative side area) 

    Layer: via3
      Partial area ratio:    0.11
      Required ratio:    6.00 (Gate area) 
      Cumulative area ratio:    0.85
      Required ratio:    0.00 (Cumulative area) 

    Layer: met4
      Partial area ratio:   19.90
      Required ratio:    0.00 (Gate area) 
      Cumulative area ratio:  154.22
      Required ratio:    0.00 (Cumulative area) 
      Partial area ratio:  106.90
      Required ratio: 2881.16 (Side area) 
      Cumulative area ratio:  801.30
      Required ratio:    0.00 (Cumulative side area) 


  Pin:   _14267_/B (sky130_fd_sc_hd__and3_2)
    Layer: mcon
      Partial area ratio:    0.23
      Required ratio:    3.00 (Gate area) 
      Cumulative area ratio:    0.23
      Required ratio:    0.00 (Cumulative area) 

    Layer: met1
      Partial area ratio:    3.24
      Required ratio:    0.00 (Gate area) 
      Cumulative area ratio:    3.24
      Required ratio:    0.00 (Cumulative area) 
      Partial area ratio:   14.71
      Required ratio:  400.00 (Side area) 
      Cumulative area ratio:   14.71
      Required ratio:    0.00 (Cumulative side area) 

    Layer: via
      Partial area ratio:    0.36
      Required ratio:    6.00 (Gate area) 
      Cumulative area ratio:    0.59
      Required ratio:    0.00 (Cumulative area) 

    Layer: met2
      Partial area ratio:   31.04
      Required ratio:    0.00 (Gate area) 
      Cumulative area ratio:   34.28
      Required ratio:    0.00 (Cumulative area) 
      Partial area ratio:  154.12
      Required ratio: 2881.16 (Side area) 
      Cumulative area ratio:  168.83
      Required ratio:    0.00 (Cumulative side area) 

    Layer: via2
      Partial area ratio:    0.05
      Required ratio:   31.30 (Gate area) 
      Cumulative area ratio:    0.64
      Required ratio:    0.00 (Cumulative area) 

    Layer: met3
      Partial area ratio:    0.17
      Required ratio:    0.00 (Gate area) 
      Cumulative area ratio:   34.44
      Required ratio:    0.00 (Cumulative area) 
      Partial area ratio:    1.50
      Required ratio: 2881.16 (Side area) 
      Cumulative area ratio:  170.33
      Required ratio:    0.00 (Cumulative side area) 

    Layer: via3
      Partial area ratio:    0.05
      Required ratio:   31.30 (Gate area) 
      Cumulative area ratio:    0.69
      Required ratio:    0.00 (Cumulative area) 

    Layer: met4
      Partial area ratio:   19.90
      Required ratio:    0.00 (Gate area) 
      Cumulative area ratio:   54.34
      Required ratio:    0.00 (Cumulative area) 
      Partial area ratio:  106.90
      Required ratio: 2881.16 (Side area) 
      Cumulative area ratio:  277.22
      Required ratio:    0.00 (Cumulative side area) 


  Pin:   _14577_/B (sky130_fd_sc_hd__and3_2)
    Layer: mcon
      Partial area ratio:    0.23
      Required ratio:    3.00 (Gate area) 
      Cumulative area ratio:    0.23
      Required ratio:    0.00 (Cumulative area) 

    Layer: met1
      Partial area ratio:    2.52
      Required ratio:    0.00 (Gate area) 
      Cumulative area ratio:    2.52
      Required ratio:    0.00 (Cumulative area) 
      Partial area ratio:   11.93
      Required ratio:  400.00 (Side area) 
      Cumulative area ratio:   11.93
      Required ratio:    0.00 (Cumulative side area) 

    Layer: via
      Partial area ratio:    0.20
      Required ratio:    6.00 (Gate area) 
      Cumulative area ratio:    0.43
      Required ratio:    0.00 (Cumulative area) 

    Layer: met2
      Partial area ratio:    8.81
      Required ratio:    0.00 (Gate area) 
      Cumulative area ratio:   11.33
      Required ratio:    0.00 (Cumulative area) 
      Partial area ratio:   42.57
      Required ratio:  400.00 (Side area) 
      Cumulative area ratio:   54.49
      Required ratio:    0.00 (Cumulative side area) 

    Layer: via2
      Partial area ratio:    0.32
      Required ratio:    6.00 (Gate area) 
      Cumulative area ratio:    0.75
      Required ratio:    0.00 (Cumulative area) 

    Layer: met3
      Partial area ratio:   71.53
      Required ratio:    0.00 (Gate area) 
      Cumulative area ratio:   82.86
      Required ratio:    0.00 (Cumulative area) 
      Partial area ratio:  382.71
      Required ratio:  400.00 (Side area) 
      Cumulative area ratio:  437.20
      Required ratio:    0.00 (Cumulative side area) 

    Layer: via3
      Partial area ratio:    0.11
      Required ratio:    6.00 (Gate area) 
      Cumulative area ratio:    0.85
      Required ratio:    0.00 (Cumulative area) 

    Layer: met4
      Partial area ratio:   19.90
      Required ratio:    0.00 (Gate area) 
      Cumulative area ratio:  102.76
      Required ratio:    0.00 (Cumulative area) 
      Partial area ratio:  106.90
      Required ratio: 2881.16 (Side area) 
      Cumulative area ratio:  544.10
      Required ratio:    0.00 (Cumulative side area) 


  Pin:   _14595_/B (sky130_fd_sc_hd__and3_2)
    Layer: mcon
      Partial area ratio:    0.23
      Required ratio:    3.00 (Gate area) 
      Cumulative area ratio:    0.23
      Required ratio:    0.00 (Cumulative area) 

    Layer: met1
      Partial area ratio:   92.42
      Required ratio:    0.00 (Gate area) 
      Cumulative area ratio:   92.42
      Required ratio:    0.00 (Cumulative area) 
      Partial area ratio:  459.24
      Required ratio: 2881.16 (Side area) 
      Cumulative area ratio:  459.24
      Required ratio:    0.00 (Cumulative side area) 

    Layer: via
      Partial area ratio:    0.54
      Required ratio:   31.30 (Gate area) 
      Cumulative area ratio:    0.77
      Required ratio:    0.00 (Cumulative area) 

    Layer: met2
      Partial area ratio:   31.04
      Required ratio:    0.00 (Gate area) 
      Cumulative area ratio:  123.46
      Required ratio:    0.00 (Cumulative area) 
      Partial area ratio:  154.12
      Required ratio: 2881.16 (Side area) 
      Cumulative area ratio:  613.36
      Required ratio:    0.00 (Cumulative side area) 

    Layer: via2
      Partial area ratio:    0.05
      Required ratio:   31.30 (Gate area) 
      Cumulative area ratio:    0.82
      Required ratio:    0.00 (Cumulative area) 

    Layer: met3
      Partial area ratio:    0.17
      Required ratio:    0.00 (Gate area) 
      Cumulative area ratio:  123.63
      Required ratio:    0.00 (Cumulative area) 
      Partial area ratio:    1.50
      Required ratio: 2881.16 (Side area) 
      Cumulative area ratio:  614.86
      Required ratio:    0.00 (Cumulative side area) 

    Layer: via3
      Partial area ratio:    0.05
      Required ratio:   31.30 (Gate area) 
      Cumulative area ratio:    0.87
      Required ratio:    0.00 (Cumulative area) 

    Layer: met4
      Partial area ratio:   19.90
      Required ratio:    0.00 (Gate area) 
      Cumulative area ratio:  143.53
      Required ratio:    0.00 (Cumulative area) 
      Partial area ratio:  106.90
      Required ratio: 2881.16 (Side area) 
      Cumulative area ratio:  721.76
      Required ratio:    0.00 (Cumulative side area) 


  Pin:   _14904_/B (sky130_fd_sc_hd__and3_2)
    Layer: mcon
      Partial area ratio:    0.23
      Required ratio:    3.00 (Gate area) 
      Cumulative area ratio:    0.23
      Required ratio:    0.00 (Cumulative area) 

    Layer: met1
      Partial area ratio:    7.44
      Required ratio:    0.00 (Gate area) 
      Cumulative area ratio:    7.44
      Required ratio:    0.00 (Cumulative area) 
      Partial area ratio:   35.71
      Required ratio:  400.00 (Side area) 
      Cumulative area ratio:   35.71
      Required ratio:    0.00 (Cumulative side area) 

    Layer: via
      Partial area ratio:    0.36
      Required ratio:    6.00 (Gate area) 
      Cumulative area ratio:    0.59
      Required ratio:    0.00 (Cumulative area) 

    Layer: met2
      Partial area ratio:    1.48
      Required ratio:    0.00 (Gate area) 
      Cumulative area ratio:    8.92
      Required ratio:    0.00 (Cumulative area) 
      Partial area ratio:    6.83
      Required ratio:  400.00 (Side area) 
      Cumulative area ratio:   42.54
      Required ratio:    0.00 (Cumulative side area) 

    Layer: via2
      Partial area ratio:    0.32
      Required ratio:    6.00 (Gate area) 
      Cumulative area ratio:    0.90
      Required ratio:    0.00 (Cumulative area) 

    Layer: met3
      Partial area ratio:   33.90
      Required ratio:    0.00 (Gate area) 
      Cumulative area ratio:   42.82
      Required ratio:    0.00 (Cumulative area) 
      Partial area ratio:  184.44
      Required ratio:  400.00 (Side area) 
      Cumulative area ratio:  226.98
      Required ratio:    0.00 (Cumulative side area) 

    Layer: via3
      Partial area ratio:    0.63
      Required ratio:    6.00 (Gate area) 
      Cumulative area ratio:    1.54
      Required ratio:    0.00 (Cumulative area) 

    Layer: met4
      Partial area ratio:   19.90
      Required ratio:    0.00 (Gate area) 
      Cumulative area ratio:   62.72
      Required ratio:    0.00 (Cumulative area) 
      Partial area ratio:  106.90
      Required ratio: 2881.16 (Side area) 
      Cumulative area ratio:  333.88
      Required ratio:    0.00 (Cumulative side area) 



Net: net740
  Pin:   _12958_/C (sky130_fd_sc_hd__and3_2)
    Layer: mcon
      Partial area ratio:    0.23
      Required ratio:    3.00 (Gate area) 
      Cumulative area ratio:    0.23
      Required ratio:    0.00 (Cumulative area) 

    Layer: met1
      Partial area ratio:   24.82
      Required ratio:    0.00 (Gate area) 
      Cumulative area ratio:   24.82
      Required ratio:    0.00 (Cumulative area) 
      Partial area ratio:  122.69
      Required ratio:  400.00 (Side area) 
      Cumulative area ratio:  122.69
      Required ratio:    0.00 (Cumulative side area) 

    Layer: via
      Partial area ratio:    0.27
      Required ratio:    6.00 (Gate area) 
      Cumulative area ratio:    0.50
      Required ratio:    0.00 (Cumulative area) 

    Layer: met2
      Partial area ratio:   37.55
      Required ratio:    0.00 (Gate area) 
      Cumulative area ratio:   62.37
      Required ratio:    0.00 (Cumulative area) 
      Partial area ratio:  186.58
      Required ratio: 2881.16 (Side area) 
      Cumulative area ratio:  309.26
      Required ratio:    0.00 (Cumulative side area) 

    Layer: via2
      Partial area ratio:    0.05
      Required ratio:   31.30 (Gate area) 
      Cumulative area ratio:    0.54
      Required ratio:    0.00 (Cumulative area) 

    Layer: met3
      Partial area ratio:   14.22
      Required ratio:    0.00 (Gate area) 
      Cumulative area ratio:   76.59
      Required ratio:    0.00 (Cumulative area) 
      Partial area ratio:   76.38
      Required ratio: 2881.16 (Side area) 
      Cumulative area ratio:  385.65
      Required ratio:    0.00 (Cumulative side area) 

    Layer: via3
      Partial area ratio:    0.05
      Required ratio:   31.30 (Gate area) 
      Cumulative area ratio:    0.59
      Required ratio:    0.00 (Cumulative area) 

    Layer: met4
      Partial area ratio:   23.84
      Required ratio:    0.00 (Gate area) 
      Cumulative area ratio:  100.43
      Required ratio:    0.00 (Cumulative area) 
      Partial area ratio:  127.53
      Required ratio: 2881.16 (Side area) 
      Cumulative area ratio:  513.17
      Required ratio:    0.00 (Cumulative side area) 


  Pin:   _13288_/B (sky130_fd_sc_hd__and3_2)
    Layer: mcon
      Partial area ratio:    0.23
      Required ratio:    3.00 (Gate area) 
      Cumulative area ratio:    0.23
      Required ratio:    0.00 (Cumulative area) 

    Layer: met1
      Partial area ratio:   24.82
      Required ratio:    0.00 (Gate area) 
      Cumulative area ratio:   24.82
      Required ratio:    0.00 (Cumulative area) 
      Partial area ratio:  122.69
      Required ratio:  400.00 (Side area) 
      Cumulative area ratio:  122.69
      Required ratio:    0.00 (Cumulative side area) 

    Layer: via
      Partial area ratio:    0.27
      Required ratio:    6.00 (Gate area) 
      Cumulative area ratio:    0.50
      Required ratio:    0.00 (Cumulative area) 

    Layer: met2
      Partial area ratio:   37.55
      Required ratio:    0.00 (Gate area) 
      Cumulative area ratio:   62.37
      Required ratio:    0.00 (Cumulative area) 
      Partial area ratio:  186.58
      Required ratio: 2881.16 (Side area) 
      Cumulative area ratio:  309.26
      Required ratio:    0.00 (Cumulative side area) 

    Layer: via2
      Partial area ratio:    0.05
      Required ratio:   31.30 (Gate area) 
      Cumulative area ratio:    0.54
      Required ratio:    0.00 (Cumulative area) 

    Layer: met3
      Partial area ratio:   14.22
      Required ratio:    0.00 (Gate area) 
      Cumulative area ratio:   76.59
      Required ratio:    0.00 (Cumulative area) 
      Partial area ratio:   76.38
      Required ratio: 2881.16 (Side area) 
      Cumulative area ratio:  385.65
      Required ratio:    0.00 (Cumulative side area) 

    Layer: via3
      Partial area ratio:    0.05
      Required ratio:   31.30 (Gate area) 
      Cumulative area ratio:    0.59
      Required ratio:    0.00 (Cumulative area) 

    Layer: met4
      Partial area ratio:   23.84
      Required ratio:    0.00 (Gate area) 
      Cumulative area ratio:  100.43
      Required ratio:    0.00 (Cumulative area) 
      Partial area ratio:  127.53
      Required ratio: 2881.16 (Side area) 
      Cumulative area ratio:  513.17
      Required ratio:    0.00 (Cumulative side area) 


  Pin:   _13615_/B (sky130_fd_sc_hd__and3_2)
    Layer: mcon
      Partial area ratio:    0.23
      Required ratio:    3.00 (Gate area) 
      Cumulative area ratio:    0.23
      Required ratio:    0.00 (Cumulative area) 

    Layer: met1
      Partial area ratio:    7.96
      Required ratio:    0.00 (Gate area) 
      Cumulative area ratio:    7.96
      Required ratio:    0.00 (Cumulative area) 
      Partial area ratio:   38.35
      Required ratio:  400.00 (Side area) 
      Cumulative area ratio:   38.35
      Required ratio:    0.00 (Cumulative side area) 

    Layer: via
      Partial area ratio:    0.36
      Required ratio:    6.00 (Gate area) 
      Cumulative area ratio:    0.59
      Required ratio:    0.00 (Cumulative area) 

    Layer: met2
      Partial area ratio:   37.55
      Required ratio:    0.00 (Gate area) 
      Cumulative area ratio:   45.51
      Required ratio:    0.00 (Cumulative area) 
      Partial area ratio:  186.58
      Required ratio: 2881.16 (Side area) 
      Cumulative area ratio:  224.93
      Required ratio:    0.00 (Cumulative side area) 

    Layer: via2
      Partial area ratio:    0.05
      Required ratio:   31.30 (Gate area) 
      Cumulative area ratio:    0.63
      Required ratio:    0.00 (Cumulative area) 

    Layer: met3
      Partial area ratio:   14.22
      Required ratio:    0.00 (Gate area) 
      Cumulative area ratio:   59.73
      Required ratio:    0.00 (Cumulative area) 
      Partial area ratio:   76.38
      Required ratio: 2881.16 (Side area) 
      Cumulative area ratio:  301.31
      Required ratio:    0.00 (Cumulative side area) 

    Layer: via3
      Partial area ratio:    0.05
      Required ratio:   31.30 (Gate area) 
      Cumulative area ratio:    0.68
      Required ratio:    0.00 (Cumulative area) 

    Layer: met4
      Partial area ratio:   23.84
      Required ratio:    0.00 (Gate area) 
      Cumulative area ratio:   83.57
      Required ratio:    0.00 (Cumulative area) 
      Partial area ratio:  127.53
      Required ratio: 2881.16 (Side area) 
      Cumulative area ratio:  428.83
      Required ratio:    0.00 (Cumulative side area) 


  Pin:   _13642_/B (sky130_fd_sc_hd__and3_2)
    Layer: mcon
      Partial area ratio:    0.23
      Required ratio:    3.00 (Gate area) 
      Cumulative area ratio:    0.23
      Required ratio:    0.00 (Cumulative area) 

    Layer: met1
      Partial area ratio:    4.46
      Required ratio:    0.00 (Gate area) 
      Cumulative area ratio:    4.46
      Required ratio:    0.00 (Cumulative area) 
      Partial area ratio:   20.82
      Required ratio:  400.00 (Side area) 
      Cumulative area ratio:   20.82
      Required ratio:    0.00 (Cumulative side area) 

    Layer: via
      Partial area ratio:    0.36
      Required ratio:    6.00 (Gate area) 
      Cumulative area ratio:    0.59
      Required ratio:    0.00 (Cumulative area) 

    Layer: met2
      Partial area ratio:   37.55
      Required ratio:    0.00 (Gate area) 
      Cumulative area ratio:   42.01
      Required ratio:    0.00 (Cumulative area) 
      Partial area ratio:  186.58
      Required ratio: 2881.16 (Side area) 
      Cumulative area ratio:  207.39
      Required ratio:    0.00 (Cumulative side area) 

    Layer: via2
      Partial area ratio:    0.05
      Required ratio:   31.30 (Gate area) 
      Cumulative area ratio:    0.63
      Required ratio:    0.00 (Cumulative area) 

    Layer: met3
      Partial area ratio:   14.22
      Required ratio:    0.00 (Gate area) 
      Cumulative area ratio:   56.23
      Required ratio:    0.00 (Cumulative area) 
      Partial area ratio:   76.38
      Required ratio: 2881.16 (Side area) 
      Cumulative area ratio:  283.77
      Required ratio:    0.00 (Cumulative side area) 

    Layer: via3
      Partial area ratio:    0.05
      Required ratio:   31.30 (Gate area) 
      Cumulative area ratio:    0.68
      Required ratio:    0.00 (Cumulative area) 

    Layer: met4
      Partial area ratio:   23.84
      Required ratio:    0.00 (Gate area) 
      Cumulative area ratio:   80.07
      Required ratio:    0.00 (Cumulative area) 
      Partial area ratio:  127.53
      Required ratio: 2881.16 (Side area) 
      Cumulative area ratio:  411.30
      Required ratio:    0.00 (Cumulative side area) 


  Pin:   _14240_/B (sky130_fd_sc_hd__and3_2)
    Layer: mcon
      Partial area ratio:    0.23
      Required ratio:    3.00 (Gate area) 
      Cumulative area ratio:    0.23
      Required ratio:    0.00 (Cumulative area) 

    Layer: met1
      Partial area ratio:   62.50
      Required ratio:    0.00 (Gate area) 
      Cumulative area ratio:   62.50
      Required ratio:    0.00 (Cumulative area) 
      Partial area ratio:  310.78
      Required ratio:  400.00 (Side area) 
      Cumulative area ratio:  310.78
      Required ratio:    0.00 (Cumulative side area) 

    Layer: via
      Partial area ratio:    0.36
      Required ratio:    6.00 (Gate area) 
      Cumulative area ratio:    0.59
      Required ratio:    0.00 (Cumulative area) 

    Layer: met2
      Partial area ratio:   37.55
      Required ratio:    0.00 (Gate area) 
      Cumulative area ratio:  100.05
      Required ratio:    0.00 (Cumulative area) 
      Partial area ratio:  186.58
      Required ratio: 2881.16 (Side area) 
      Cumulative area ratio:  497.35
      Required ratio:    0.00 (Cumulative side area) 

    Layer: via2
      Partial area ratio:    0.05
      Required ratio:   31.30 (Gate area) 
      Cumulative area ratio:    0.63
      Required ratio:    0.00 (Cumulative area) 

    Layer: met3
      Partial area ratio:   14.22
      Required ratio:    0.00 (Gate area) 
      Cumulative area ratio:  114.27
      Required ratio:    0.00 (Cumulative area) 
      Partial area ratio:   76.38
      Required ratio: 2881.16 (Side area) 
      Cumulative area ratio:  573.73
      Required ratio:    0.00 (Cumulative side area) 

    Layer: via3
      Partial area ratio:    0.05
      Required ratio:   31.30 (Gate area) 
      Cumulative area ratio:    0.68
      Required ratio:    0.00 (Cumulative area) 

    Layer: met4
      Partial area ratio:   23.84
      Required ratio:    0.00 (Gate area) 
      Cumulative area ratio:  138.11
      Required ratio:    0.00 (Cumulative area) 
      Partial area ratio:  127.53
      Required ratio: 2881.16 (Side area) 
      Cumulative area ratio:  701.26
      Required ratio:    0.00 (Cumulative side area) 


  Pin:   _14568_/B (sky130_fd_sc_hd__and3_2)
    Layer: mcon
      Partial area ratio:    0.23
      Required ratio:    3.00 (Gate area) 
      Cumulative area ratio:    0.23
      Required ratio:    0.00 (Cumulative area) 

    Layer: met1
      Partial area ratio:    5.37
      Required ratio:    0.00 (Gate area) 
      Cumulative area ratio:    5.37
      Required ratio:    0.00 (Cumulative area) 
      Partial area ratio:   25.40
      Required ratio:  400.00 (Side area) 
      Cumulative area ratio:   25.40
      Required ratio:    0.00 (Cumulative side area) 

    Layer: via
      Partial area ratio:    0.36
      Required ratio:    6.00 (Gate area) 
      Cumulative area ratio:    0.59
      Required ratio:    0.00 (Cumulative area) 

    Layer: met2
      Partial area ratio:   37.55
      Required ratio:    0.00 (Gate area) 
      Cumulative area ratio:   42.92
      Required ratio:    0.00 (Cumulative area) 
      Partial area ratio:  186.58
      Required ratio: 2881.16 (Side area) 
      Cumulative area ratio:  211.98
      Required ratio:    0.00 (Cumulative side area) 

    Layer: via2
      Partial area ratio:    0.05
      Required ratio:   31.30 (Gate area) 
      Cumulative area ratio:    0.63
      Required ratio:    0.00 (Cumulative area) 

    Layer: met3
      Partial area ratio:   14.22
      Required ratio:    0.00 (Gate area) 
      Cumulative area ratio:   57.14
      Required ratio:    0.00 (Cumulative area) 
      Partial area ratio:   76.38
      Required ratio: 2881.16 (Side area) 
      Cumulative area ratio:  288.36
      Required ratio:    0.00 (Cumulative side area) 

    Layer: via3
      Partial area ratio:    0.05
      Required ratio:   31.30 (Gate area) 
      Cumulative area ratio:    0.68
      Required ratio:    0.00 (Cumulative area) 

    Layer: met4
      Partial area ratio:   23.84
      Required ratio:    0.00 (Gate area) 
      Cumulative area ratio:   80.98
      Required ratio:    0.00 (Cumulative area) 
      Partial area ratio:  127.53
      Required ratio: 2881.16 (Side area) 
      Cumulative area ratio:  415.88
      Required ratio:    0.00 (Cumulative side area) 


  Pin:   _14895_/B (sky130_fd_sc_hd__and3_2)
    Layer: mcon
      Partial area ratio:    0.23
      Required ratio:    3.00 (Gate area) 
      Cumulative area ratio:    0.23
      Required ratio:    0.00 (Cumulative area) 

    Layer: met1
      Partial area ratio:   11.59
      Required ratio:    0.00 (Gate area) 
      Cumulative area ratio:   11.59
      Required ratio:    0.00 (Cumulative area) 
      Partial area ratio:   55.85
      Required ratio:  400.00 (Side area) 
      Cumulative area ratio:   55.85
      Required ratio:    0.00 (Cumulative side area) 

    Layer: via
      Partial area ratio:    0.54
      Required ratio:    6.00 (Gate area) 
      Cumulative area ratio:    0.77
      Required ratio:    0.00 (Cumulative area) 

    Layer: met2
      Partial area ratio:   37.55
      Required ratio:    0.00 (Gate area) 
      Cumulative area ratio:   49.14
      Required ratio:    0.00 (Cumulative area) 
      Partial area ratio:  186.58
      Required ratio: 2881.16 (Side area) 
      Cumulative area ratio:  242.43
      Required ratio:    0.00 (Cumulative side area) 

    Layer: via2
      Partial area ratio:    0.05
      Required ratio:   31.30 (Gate area) 
      Cumulative area ratio:    0.81
      Required ratio:    0.00 (Cumulative area) 

    Layer: met3
      Partial area ratio:   14.22
      Required ratio:    0.00 (Gate area) 
      Cumulative area ratio:   63.36
      Required ratio:    0.00 (Cumulative area) 
      Partial area ratio:   76.38
      Required ratio: 2881.16 (Side area) 
      Cumulative area ratio:  318.81
      Required ratio:    0.00 (Cumulative side area) 

    Layer: via3
      Partial area ratio:    0.05
      Required ratio:   31.30 (Gate area) 
      Cumulative area ratio:    0.86
      Required ratio:    0.00 (Cumulative area) 

    Layer: met4
      Partial area ratio:   23.84
      Required ratio:    0.00 (Gate area) 
      Cumulative area ratio:   87.20
      Required ratio:    0.00 (Cumulative area) 
      Partial area ratio:  127.53
      Required ratio: 2881.16 (Side area) 
      Cumulative area ratio:  446.33
      Required ratio:    0.00 (Cumulative side area) 


  Pin:   _14922_/B (sky130_fd_sc_hd__and3_2)
    Layer: mcon
      Partial area ratio:    0.23
      Required ratio:    3.00 (Gate area) 
      Cumulative area ratio:    0.23
      Required ratio:    0.00 (Cumulative area) 

    Layer: met1
      Partial area ratio:    3.70
      Required ratio:    0.00 (Gate area) 
      Cumulative area ratio:    3.70
      Required ratio:    0.00 (Cumulative area) 
      Partial area ratio:   17.01
      Required ratio:  400.00 (Side area) 
      Cumulative area ratio:   17.01
      Required ratio:    0.00 (Cumulative side area) 

    Layer: via
      Partial area ratio:    0.36
      Required ratio:    6.00 (Gate area) 
      Cumulative area ratio:    0.59
      Required ratio:    0.00 (Cumulative area) 

    Layer: met2
      Partial area ratio:    1.48
      Required ratio:    0.00 (Gate area) 
      Cumulative area ratio:    5.18
      Required ratio:    0.00 (Cumulative area) 
      Partial area ratio:    6.83
      Required ratio:  400.00 (Side area) 
      Cumulative area ratio:   23.84
      Required ratio:    0.00 (Cumulative side area) 

    Layer: via2
      Partial area ratio:    0.32
      Required ratio:    6.00 (Gate area) 
      Cumulative area ratio:    0.90
      Required ratio:    0.00 (Cumulative area) 

    Layer: met3
      Partial area ratio:    0.99
      Required ratio:    0.00 (Gate area) 
      Cumulative area ratio:    6.17
      Required ratio:    0.00 (Cumulative area) 
      Partial area ratio:    9.02
      Required ratio:  400.00 (Side area) 
      Cumulative area ratio:   32.86
      Required ratio:    0.00 (Cumulative side area) 

    Layer: via3
      Partial area ratio:    0.32
      Required ratio:    6.00 (Gate area) 
      Cumulative area ratio:    1.22
      Required ratio:    0.00 (Cumulative area) 

    Layer: met4
      Partial area ratio:   23.84
      Required ratio:    0.00 (Gate area) 
      Cumulative area ratio:   30.01
      Required ratio:    0.00 (Cumulative area) 
      Partial area ratio:  127.53
      Required ratio: 2881.16 (Side area) 
      Cumulative area ratio:  160.39
      Required ratio:    0.00 (Cumulative side area) 


  Pin:   fanout739/A (sky130_fd_sc_hd__clkdlybuf4s25_1)
    Layer: mcon
      Partial area ratio:    0.14
      Required ratio:    3.00 (Gate area) 
      Cumulative area ratio:    0.14
      Required ratio:    0.00 (Cumulative area) 

    Layer: met1
      Partial area ratio:    6.26
      Required ratio:    0.00 (Gate area) 
      Cumulative area ratio:    6.26
      Required ratio:    0.00 (Cumulative area) 
      Partial area ratio:   30.44
      Required ratio:  400.00 (Side area) 
      Cumulative area ratio:   30.44
      Required ratio:    0.00 (Cumulative side area) 

    Layer: via
      Partial area ratio:    0.21
      Required ratio:    6.00 (Gate area) 
      Cumulative area ratio:    0.35
      Required ratio:    0.00 (Cumulative area) 

    Layer: met2
      Partial area ratio:    5.58
      Required ratio:    0.00 (Gate area) 
      Cumulative area ratio:   11.84
      Required ratio:    0.00 (Cumulative area) 
      Partial area ratio:   27.03
      Required ratio:  400.00 (Side area) 
      Cumulative area ratio:   57.47
      Required ratio:    0.00 (Cumulative side area) 

    Layer: via2
      Partial area ratio:    0.19
      Required ratio:    6.00 (Gate area) 
      Cumulative area ratio:    0.53
      Required ratio:    0.00 (Cumulative area) 

    Layer: met3
      Partial area ratio:  146.36
      Required ratio:    0.00 (Gate area) 
      Cumulative area ratio:  158.20
      Required ratio:    0.00 (Cumulative area) 
      Partial area ratio:  782.76
      Required ratio:  400.00 (Side area) (VIOLATED)
      Cumulative area ratio:  840.23
      Required ratio:    0.00 (Cumulative side area) 

    Layer: via3
      Partial area ratio:    0.19
      Required ratio:    6.00 (Gate area) 
      Cumulative area ratio:    0.72
      Required ratio:    0.00 (Cumulative area) 

    Layer: met4
      Partial area ratio:   23.84
      Required ratio:    0.00 (Gate area) 
      Cumulative area ratio:  182.04
      Required ratio:    0.00 (Cumulative area) 
      Partial area ratio:  127.53
      Required ratio: 2881.16 (Side area) 
      Cumulative area ratio:  967.76
      Required ratio:    0.00 (Cumulative side area) 



Net: net797
  Pin:   _12929_/C (sky130_fd_sc_hd__and3_2)
    Layer: mcon
      Partial area ratio:    0.23
      Required ratio:    3.00 (Gate area) 
      Cumulative area ratio:    0.23
      Required ratio:    0.00 (Cumulative area) 

    Layer: met1
      Partial area ratio:   77.05
      Required ratio:    0.00 (Gate area) 
      Cumulative area ratio:   77.05
      Required ratio:    0.00 (Cumulative area) 
      Partial area ratio:  383.28
      Required ratio:  400.00 (Side area) 
      Cumulative area ratio:  383.28
      Required ratio:    0.00 (Cumulative side area) 

    Layer: via
      Partial area ratio:    0.36
      Required ratio:    6.00 (Gate area) 
      Cumulative area ratio:    0.59
      Required ratio:    0.00 (Cumulative area) 

    Layer: met2
      Partial area ratio:   30.42
      Required ratio:    0.00 (Gate area) 
      Cumulative area ratio:  107.47
      Required ratio:    0.00 (Cumulative area) 
      Partial area ratio:  151.16
      Required ratio: 2881.16 (Side area) 
      Cumulative area ratio:  534.44
      Required ratio:    0.00 (Cumulative side area) 

    Layer: via2
      Partial area ratio:    0.04
      Required ratio:   31.30 (Gate area) 
      Cumulative area ratio:    0.62
      Required ratio:    0.00 (Cumulative area) 

    Layer: met3
      Partial area ratio:    6.67
      Required ratio:    0.00 (Gate area) 
      Cumulative area ratio:  114.14
      Required ratio:    0.00 (Cumulative area) 
      Partial area ratio:   35.92
      Required ratio: 2881.16 (Side area) 
      Cumulative area ratio:  570.37
      Required ratio:    0.00 (Cumulative side area) 


  Pin:   _12947_/C (sky130_fd_sc_hd__and3_2)
    Layer: mcon
      Partial area ratio:    0.23
      Required ratio:    3.00 (Gate area) 
      Cumulative area ratio:    0.23
      Required ratio:    0.00 (Cumulative area) 

    Layer: met1
      Partial area ratio:   31.23
      Required ratio:    0.00 (Gate area) 
      Cumulative area ratio:   31.23
      Required ratio:    0.00 (Cumulative area) 
      Partial area ratio:  154.29
      Required ratio:  400.00 (Side area) 
      Cumulative area ratio:  154.29
      Required ratio:    0.00 (Cumulative side area) 

    Layer: via
      Partial area ratio:    0.36
      Required ratio:    6.00 (Gate area) 
      Cumulative area ratio:    0.59
      Required ratio:    0.00 (Cumulative area) 

    Layer: met2
      Partial area ratio:   30.42
      Required ratio:    0.00 (Gate area) 
      Cumulative area ratio:   61.65
      Required ratio:    0.00 (Cumulative area) 
      Partial area ratio:  151.16
      Required ratio: 2881.16 (Side area) 
      Cumulative area ratio:  305.46
      Required ratio:    0.00 (Cumulative side area) 

    Layer: via2
      Partial area ratio:    0.04
      Required ratio:   31.30 (Gate area) 
      Cumulative area ratio:    0.62
      Required ratio:    0.00 (Cumulative area) 

    Layer: met3
      Partial area ratio:    6.67
      Required ratio:    0.00 (Gate area) 
      Cumulative area ratio:   68.32
      Required ratio:    0.00 (Cumulative area) 
      Partial area ratio:   35.92
      Required ratio: 2881.16 (Side area) 
      Cumulative area ratio:  341.38
      Required ratio:    0.00 (Cumulative side area) 


  Pin:   _13261_/B (sky130_fd_sc_hd__and3_2)
    Layer: mcon
      Partial area ratio:    0.23
      Required ratio:    3.00 (Gate area) 
      Cumulative area ratio:    0.23
      Required ratio:    0.00 (Cumulative area) 

    Layer: met1
      Partial area ratio:    7.86
      Required ratio:    0.00 (Gate area) 
      Cumulative area ratio:    7.86
      Required ratio:    0.00 (Cumulative area) 
      Partial area ratio:   37.82
      Required ratio:  400.00 (Side area) 
      Cumulative area ratio:   37.82
      Required ratio:    0.00 (Cumulative side area) 

    Layer: via
      Partial area ratio:    0.36
      Required ratio:    6.00 (Gate area) 
      Cumulative area ratio:    0.59
      Required ratio:    0.00 (Cumulative area) 

    Layer: met2
      Partial area ratio:    1.48
      Required ratio:    0.00 (Gate area) 
      Cumulative area ratio:    9.34
      Required ratio:    0.00 (Cumulative area) 
      Partial area ratio:    6.83
      Required ratio:  400.00 (Side area) 
      Cumulative area ratio:   44.65
      Required ratio:    0.00 (Cumulative side area) 

    Layer: via2
      Partial area ratio:    0.32
      Required ratio:    6.00 (Gate area) 
      Cumulative area ratio:    0.90
      Required ratio:    0.00 (Cumulative area) 

    Layer: met3
      Partial area ratio:    6.67
      Required ratio:    0.00 (Gate area) 
      Cumulative area ratio:   16.01
      Required ratio:    0.00 (Cumulative area) 
      Partial area ratio:   35.92
      Required ratio: 2881.16 (Side area) 
      Cumulative area ratio:   80.57
      Required ratio:    0.00 (Cumulative side area) 


  Pin:   _13279_/B (sky130_fd_sc_hd__and3_2)
    Layer: mcon
      Partial area ratio:    0.23
      Required ratio:    3.00 (Gate area) 
      Cumulative area ratio:    0.23
      Required ratio:    0.00 (Cumulative area) 

    Layer: met1
      Partial area ratio:    9.55
      Required ratio:    0.00 (Gate area) 
      Cumulative area ratio:    9.55
      Required ratio:    0.00 (Cumulative area) 
      Partial area ratio:   46.28
      Required ratio:  400.00 (Side area) 
      Cumulative area ratio:   46.28
      Required ratio:    0.00 (Cumulative side area) 

    Layer: via
      Partial area ratio:    0.36
      Required ratio:    6.00 (Gate area) 
      Cumulative area ratio:    0.59
      Required ratio:    0.00 (Cumulative area) 

    Layer: met2
      Partial area ratio:   30.42
      Required ratio:    0.00 (Gate area) 
      Cumulative area ratio:   39.97
      Required ratio:    0.00 (Cumulative area) 
      Partial area ratio:  151.16
      Required ratio: 2881.16 (Side area) 
      Cumulative area ratio:  197.44
      Required ratio:    0.00 (Cumulative side area) 

    Layer: via2
      Partial area ratio:    0.04
      Required ratio:   31.30 (Gate area) 
      Cumulative area ratio:    0.62
      Required ratio:    0.00 (Cumulative area) 

    Layer: met3
      Partial area ratio:    6.67
      Required ratio:    0.00 (Gate area) 
      Cumulative area ratio:   46.64
      Required ratio:    0.00 (Cumulative area) 
      Partial area ratio:   35.92
      Required ratio: 2881.16 (Side area) 
      Cumulative area ratio:  233.37
      Required ratio:    0.00 (Cumulative side area) 


  Pin:   _13588_/B (sky130_fd_sc_hd__and3_2)
    Layer: mcon
      Partial area ratio:    0.23
      Required ratio:    3.00 (Gate area) 
      Cumulative area ratio:    0.23
      Required ratio:    0.00 (Cumulative area) 

    Layer: met1
      Partial area ratio:    8.03
      Required ratio:    0.00 (Gate area) 
      Cumulative area ratio:    8.03
      Required ratio:    0.00 (Cumulative area) 
      Partial area ratio:   38.66
      Required ratio:  400.00 (Side area) 
      Cumulative area ratio:   38.66
      Required ratio:    0.00 (Cumulative side area) 

    Layer: via
      Partial area ratio:    0.36
      Required ratio:    6.00 (Gate area) 
      Cumulative area ratio:    0.59
      Required ratio:    0.00 (Cumulative area) 

    Layer: met2
      Partial area ratio:   30.42
      Required ratio:    0.00 (Gate area) 
      Cumulative area ratio:   38.45
      Required ratio:    0.00 (Cumulative area) 
      Partial area ratio:  151.16
      Required ratio: 2881.16 (Side area) 
      Cumulative area ratio:  189.82
      Required ratio:    0.00 (Cumulative side area) 

    Layer: via2
      Partial area ratio:    0.04
      Required ratio:   31.30 (Gate area) 
      Cumulative area ratio:    0.62
      Required ratio:    0.00 (Cumulative area) 

    Layer: met3
      Partial area ratio:    6.67
      Required ratio:    0.00 (Gate area) 
      Cumulative area ratio:   45.11
      Required ratio:    0.00 (Cumulative area) 
      Partial area ratio:   35.92
      Required ratio: 2881.16 (Side area) 
      Cumulative area ratio:  225.74
      Required ratio:    0.00 (Cumulative side area) 


  Pin:   _14213_/B (sky130_fd_sc_hd__and3_2)
    Layer: mcon
      Partial area ratio:    0.23
      Required ratio:    3.00 (Gate area) 
      Cumulative area ratio:    0.23
      Required ratio:    0.00 (Cumulative area) 

    Layer: met1
      Partial area ratio:   77.05
      Required ratio:    0.00 (Gate area) 
      Cumulative area ratio:   77.05
      Required ratio:    0.00 (Cumulative area) 
      Partial area ratio:  383.28
      Required ratio:  400.00 (Side area) 
      Cumulative area ratio:  383.28
      Required ratio:    0.00 (Cumulative side area) 

    Layer: via
      Partial area ratio:    0.36
      Required ratio:    6.00 (Gate area) 
      Cumulative area ratio:    0.59
      Required ratio:    0.00 (Cumulative area) 

    Layer: met2
      Partial area ratio:   30.42
      Required ratio:    0.00 (Gate area) 
      Cumulative area ratio:  107.47
      Required ratio:    0.00 (Cumulative area) 
      Partial area ratio:  151.16
      Required ratio: 2881.16 (Side area) 
      Cumulative area ratio:  534.44
      Required ratio:    0.00 (Cumulative side area) 

    Layer: via2
      Partial area ratio:    0.04
      Required ratio:   31.30 (Gate area) 
      Cumulative area ratio:    0.62
      Required ratio:    0.00 (Cumulative area) 

    Layer: met3
      Partial area ratio:    6.67
      Required ratio:    0.00 (Gate area) 
      Cumulative area ratio:  114.14
      Required ratio:    0.00 (Cumulative area) 
      Partial area ratio:   35.92
      Required ratio: 2881.16 (Side area) 
      Cumulative area ratio:  570.37
      Required ratio:    0.00 (Cumulative side area) 


  Pin:   _14231_/B (sky130_fd_sc_hd__and3_2)
    Layer: mcon
      Partial area ratio:    0.23
      Required ratio:    3.00 (Gate area) 
      Cumulative area ratio:    0.23
      Required ratio:    0.00 (Cumulative area) 

    Layer: met1
      Partial area ratio:   31.23
      Required ratio:    0.00 (Gate area) 
      Cumulative area ratio:   31.23
      Required ratio:    0.00 (Cumulative area) 
      Partial area ratio:  154.29
      Required ratio:  400.00 (Side area) 
      Cumulative area ratio:  154.29
      Required ratio:    0.00 (Cumulative side area) 

    Layer: via
      Partial area ratio:    0.36
      Required ratio:    6.00 (Gate area) 
      Cumulative area ratio:    0.59
      Required ratio:    0.00 (Cumulative area) 

    Layer: met2
      Partial area ratio:   30.42
      Required ratio:    0.00 (Gate area) 
      Cumulative area ratio:   61.65
      Required ratio:    0.00 (Cumulative area) 
      Partial area ratio:  151.16
      Required ratio: 2881.16 (Side area) 
      Cumulative area ratio:  305.46
      Required ratio:    0.00 (Cumulative side area) 

    Layer: via2
      Partial area ratio:    0.04
      Required ratio:   31.30 (Gate area) 
      Cumulative area ratio:    0.62
      Required ratio:    0.00 (Cumulative area) 

    Layer: met3
      Partial area ratio:    6.67
      Required ratio:    0.00 (Gate area) 
      Cumulative area ratio:   68.32
      Required ratio:    0.00 (Cumulative area) 
      Partial area ratio:   35.92
      Required ratio: 2881.16 (Side area) 
      Cumulative area ratio:  341.38
      Required ratio:    0.00 (Cumulative side area) 


  Pin:   _14541_/B (sky130_fd_sc_hd__and3_2)
    Layer: mcon
      Partial area ratio:    0.23
      Required ratio:    3.00 (Gate area) 
      Cumulative area ratio:    0.23
      Required ratio:    0.00 (Cumulative area) 

    Layer: met1
      Partial area ratio:   22.23
      Required ratio:    0.00 (Gate area) 
      Cumulative area ratio:   22.23
      Required ratio:    0.00 (Cumulative area) 
      Partial area ratio:  109.73
      Required ratio:  400.00 (Side area) 
      Cumulative area ratio:  109.73
      Required ratio:    0.00 (Cumulative side area) 

    Layer: via
      Partial area ratio:    0.27
      Required ratio:    6.00 (Gate area) 
      Cumulative area ratio:    0.50
      Required ratio:    0.00 (Cumulative area) 

    Layer: met2
      Partial area ratio:   30.42
      Required ratio:    0.00 (Gate area) 
      Cumulative area ratio:   52.66
      Required ratio:    0.00 (Cumulative area) 
      Partial area ratio:  151.16
      Required ratio: 2881.16 (Side area) 
      Cumulative area ratio:  260.89
      Required ratio:    0.00 (Cumulative side area) 

    Layer: via2
      Partial area ratio:    0.04
      Required ratio:   31.30 (Gate area) 
      Cumulative area ratio:    0.53
      Required ratio:    0.00 (Cumulative area) 

    Layer: met3
      Partial area ratio:    6.67
      Required ratio:    0.00 (Gate area) 
      Cumulative area ratio:   59.32
      Required ratio:    0.00 (Cumulative area) 
      Partial area ratio:   35.92
      Required ratio: 2881.16 (Side area) 
      Cumulative area ratio:  296.82
      Required ratio:    0.00 (Cumulative side area) 


  Pin:   _14559_/B (sky130_fd_sc_hd__and3_2)
    Layer: mcon
      Partial area ratio:    0.23
      Required ratio:    3.00 (Gate area) 
      Cumulative area ratio:    0.23
      Required ratio:    0.00 (Cumulative area) 

    Layer: met1
      Partial area ratio:  104.97
      Required ratio:    0.00 (Gate area) 
      Cumulative area ratio:  104.97
      Required ratio:    0.00 (Cumulative area) 
      Partial area ratio:  522.50
      Required ratio:  400.00 (Side area) (VIOLATED)
      Cumulative area ratio:  522.50
      Required ratio:    0.00 (Cumulative side area) 

    Layer: via
      Partial area ratio:    0.54
      Required ratio:    6.00 (Gate area) 
      Cumulative area ratio:    0.77
      Required ratio:    0.00 (Cumulative area) 

    Layer: met2
      Partial area ratio:   30.42
      Required ratio:    0.00 (Gate area) 
      Cumulative area ratio:  135.39
      Required ratio:    0.00 (Cumulative area) 
      Partial area ratio:  151.16
      Required ratio: 2881.16 (Side area) 
      Cumulative area ratio:  673.66
      Required ratio:    0.00 (Cumulative side area) 

    Layer: via2
      Partial area ratio:    0.04
      Required ratio:   31.30 (Gate area) 
      Cumulative area ratio:    0.80
      Required ratio:    0.00 (Cumulative area) 

    Layer: met3
      Partial area ratio:    6.67
      Required ratio:    0.00 (Gate area) 
      Cumulative area ratio:  142.05
      Required ratio:    0.00 (Cumulative area) 
      Partial area ratio:   35.92
      Required ratio: 2881.16 (Side area) 
      Cumulative area ratio:  709.59
      Required ratio:    0.00 (Cumulative side area) 


  Pin:   _14868_/B (sky130_fd_sc_hd__and3_2)
    Layer: mcon
      Partial area ratio:    0.23
      Required ratio:    3.00 (Gate area) 
      Cumulative area ratio:    0.23
      Required ratio:    0.00 (Cumulative area) 

    Layer: met1
      Partial area ratio:   22.23
      Required ratio:    0.00 (Gate area) 
      Cumulative area ratio:   22.23
      Required ratio:    0.00 (Cumulative area) 
      Partial area ratio:  109.73
      Required ratio:  400.00 (Side area) 
      Cumulative area ratio:  109.73
      Required ratio:    0.00 (Cumulative side area) 

    Layer: via
      Partial area ratio:    0.27
      Required ratio:    6.00 (Gate area) 
      Cumulative area ratio:    0.50
      Required ratio:    0.00 (Cumulative area) 

    Layer: met2
      Partial area ratio:   30.42
      Required ratio:    0.00 (Gate area) 
      Cumulative area ratio:   52.66
      Required ratio:    0.00 (Cumulative area) 
      Partial area ratio:  151.16
      Required ratio: 2881.16 (Side area) 
      Cumulative area ratio:  260.89
      Required ratio:    0.00 (Cumulative side area) 

    Layer: via2
      Partial area ratio:    0.04
      Required ratio:   31.30 (Gate area) 
      Cumulative area ratio:    0.53
      Required ratio:    0.00 (Cumulative area) 

    Layer: met3
      Partial area ratio:    6.67
      Required ratio:    0.00 (Gate area) 
      Cumulative area ratio:   59.32
      Required ratio:    0.00 (Cumulative area) 
      Partial area ratio:   35.92
      Required ratio: 2881.16 (Side area) 
      Cumulative area ratio:  296.82
      Required ratio:    0.00 (Cumulative side area) 



Net: net855
  Pin:   _12891_/C (sky130_fd_sc_hd__and3_2)
    Layer: mcon
      Partial area ratio:    0.23
      Required ratio:    3.00 (Gate area) 
      Cumulative area ratio:    0.23
      Required ratio:    0.00 (Cumulative area) 

    Layer: met1
      Partial area ratio:    2.31
      Required ratio:    0.00 (Gate area) 
      Cumulative area ratio:    2.31
      Required ratio:    0.00 (Cumulative area) 
      Partial area ratio:   10.79
      Required ratio:  400.00 (Side area) 
      Cumulative area ratio:   10.79
      Required ratio:    0.00 (Cumulative side area) 

    Layer: via
      Partial area ratio:    0.21
      Required ratio:    6.00 (Gate area) 
      Cumulative area ratio:    0.44
      Required ratio:    0.00 (Cumulative area) 

    Layer: met2
      Partial area ratio:    5.10
      Required ratio:    0.00 (Gate area) 
      Cumulative area ratio:    7.41
      Required ratio:    0.00 (Cumulative area) 
      Partial area ratio:   24.61
      Required ratio:  400.00 (Side area) 
      Cumulative area ratio:   35.41
      Required ratio:    0.00 (Cumulative side area) 

    Layer: via2
      Partial area ratio:    0.16
      Required ratio:    6.00 (Gate area) 
      Cumulative area ratio:    0.60
      Required ratio:    0.00 (Cumulative area) 

    Layer: met3
      Partial area ratio:   33.19
      Required ratio:    0.00 (Gate area) 
      Cumulative area ratio:   40.60
      Required ratio:    0.00 (Cumulative area) 
      Partial area ratio:  178.26
      Required ratio:  400.00 (Side area) 
      Cumulative area ratio:  213.67
      Required ratio:    0.00 (Cumulative side area) 

    Layer: via3
      Partial area ratio:    0.11
      Required ratio:    6.00 (Gate area) 
      Cumulative area ratio:    0.71
      Required ratio:    0.00 (Cumulative area) 

    Layer: met4
      Partial area ratio:   18.17
      Required ratio:    0.00 (Gate area) 
      Cumulative area ratio:   58.77
      Required ratio:    0.00 (Cumulative area) 
      Partial area ratio:   97.26
      Required ratio: 2881.16 (Side area) 
      Cumulative area ratio:  310.93
      Required ratio:    0.00 (Cumulative side area) 


  Pin:   _12909_/C (sky130_fd_sc_hd__and3_2)
    Layer: mcon
      Partial area ratio:    0.23
      Required ratio:    3.00 (Gate area) 
      Cumulative area ratio:    0.23
      Required ratio:    0.00 (Cumulative area) 

    Layer: met1
      Partial area ratio:   83.65
      Required ratio:    0.00 (Gate area) 
      Cumulative area ratio:   83.65
      Required ratio:    0.00 (Cumulative area) 
      Partial area ratio:  415.96
      Required ratio:  400.00 (Side area) (VIOLATED)
      Cumulative area ratio:  415.96
      Required ratio:    0.00 (Cumulative side area) 

    Layer: via
      Partial area ratio:    0.45
      Required ratio:    6.00 (Gate area) 
      Cumulative area ratio:    0.68
      Required ratio:    0.00 (Cumulative area) 

    Layer: met2
      Partial area ratio:   59.20
      Required ratio:    0.00 (Gate area) 
      Cumulative area ratio:  142.85
      Required ratio:    0.00 (Cumulative area) 
      Partial area ratio:  294.76
      Required ratio: 2881.16 (Side area) 
      Cumulative area ratio:  710.73
      Required ratio:    0.00 (Cumulative side area) 

    Layer: via2
      Partial area ratio:    0.05
      Required ratio:   31.30 (Gate area) 
      Cumulative area ratio:    0.73
      Required ratio:    0.00 (Cumulative area) 

    Layer: met3
      Partial area ratio:    4.84
      Required ratio:    0.00 (Gate area) 
      Cumulative area ratio:  147.69
      Required ratio:    0.00 (Cumulative area) 
      Partial area ratio:   26.33
      Required ratio: 2881.16 (Side area) 
      Cumulative area ratio:  737.06
      Required ratio:    0.00 (Cumulative side area) 

    Layer: via3
      Partial area ratio:    0.05
      Required ratio:   31.30 (Gate area) 
      Cumulative area ratio:    0.77
      Required ratio:    0.00 (Cumulative area) 

    Layer: met4
      Partial area ratio:   18.17
      Required ratio:    0.00 (Gate area) 
      Cumulative area ratio:  165.85
      Required ratio:    0.00 (Cumulative area) 
      Partial area ratio:   97.26
      Required ratio: 2881.16 (Side area) 
      Cumulative area ratio:  834.32
      Required ratio:    0.00 (Cumulative side area) 


  Pin:   _13225_/B (sky130_fd_sc_hd__and3_2)
    Layer: mcon
      Partial area ratio:    0.23
      Required ratio:    3.00 (Gate area) 
      Cumulative area ratio:    0.23
      Required ratio:    0.00 (Cumulative area) 

    Layer: met1
      Partial area ratio:   11.20
      Required ratio:    0.00 (Gate area) 
      Cumulative area ratio:   11.20
      Required ratio:    0.00 (Cumulative area) 
      Partial area ratio:   54.52
      Required ratio:  400.00 (Side area) 
      Cumulative area ratio:   54.52
      Required ratio:    0.00 (Cumulative side area) 

    Layer: via
      Partial area ratio:    0.36
      Required ratio:    6.00 (Gate area) 
      Cumulative area ratio:    0.59
      Required ratio:    0.00 (Cumulative area) 

    Layer: met2
      Partial area ratio:    1.48
      Required ratio:    0.00 (Gate area) 
      Cumulative area ratio:   12.68
      Required ratio:    0.00 (Cumulative area) 
      Partial area ratio:    6.83
      Required ratio:  400.00 (Side area) 
      Cumulative area ratio:   61.35
      Required ratio:    0.00 (Cumulative side area) 

    Layer: via2
      Partial area ratio:    0.32
      Required ratio:    6.00 (Gate area) 
      Cumulative area ratio:    0.90
      Required ratio:    0.00 (Cumulative area) 

    Layer: met3
      Partial area ratio:    4.84
      Required ratio:    0.00 (Gate area) 
      Cumulative area ratio:   17.52
      Required ratio:    0.00 (Cumulative area) 
      Partial area ratio:   26.33
      Required ratio: 2881.16 (Side area) 
      Cumulative area ratio:   87.68
      Required ratio:    0.00 (Cumulative side area) 

    Layer: via3
      Partial area ratio:    0.05
      Required ratio:   31.30 (Gate area) 
      Cumulative area ratio:    0.95
      Required ratio:    0.00 (Cumulative area) 

    Layer: met4
      Partial area ratio:   18.17
      Required ratio:    0.00 (Gate area) 
      Cumulative area ratio:   35.68
      Required ratio:    0.00 (Cumulative area) 
      Partial area ratio:   97.26
      Required ratio: 2881.16 (Side area) 
      Cumulative area ratio:  184.94
      Required ratio:    0.00 (Cumulative side area) 


  Pin:   _13243_/B (sky130_fd_sc_hd__and3_2)
    Layer: mcon
      Partial area ratio:    0.23
      Required ratio:    3.00 (Gate area) 
      Cumulative area ratio:    0.23
      Required ratio:    0.00 (Cumulative area) 

    Layer: met1
      Partial area ratio:    5.23
      Required ratio:    0.00 (Gate area) 
      Cumulative area ratio:    5.23
      Required ratio:    0.00 (Cumulative area) 
      Partial area ratio:   24.68
      Required ratio:  400.00 (Side area) 
      Cumulative area ratio:   24.68
      Required ratio:    0.00 (Cumulative side area) 

    Layer: via
      Partial area ratio:    0.36
      Required ratio:    6.00 (Gate area) 
      Cumulative area ratio:    0.59
      Required ratio:    0.00 (Cumulative area) 

    Layer: met2
      Partial area ratio:   59.20
      Required ratio:    0.00 (Gate area) 
      Cumulative area ratio:   64.43
      Required ratio:    0.00 (Cumulative area) 
      Partial area ratio:  294.76
      Required ratio: 2881.16 (Side area) 
      Cumulative area ratio:  319.45
      Required ratio:    0.00 (Cumulative side area) 

    Layer: via2
      Partial area ratio:    0.05
      Required ratio:   31.30 (Gate area) 
      Cumulative area ratio:    0.64
      Required ratio:    0.00 (Cumulative area) 

    Layer: met3
      Partial area ratio:    4.84
      Required ratio:    0.00 (Gate area) 
      Cumulative area ratio:   69.27
      Required ratio:    0.00 (Cumulative area) 
      Partial area ratio:   26.33
      Required ratio: 2881.16 (Side area) 
      Cumulative area ratio:  345.78
      Required ratio:    0.00 (Cumulative side area) 

    Layer: via3
      Partial area ratio:    0.05
      Required ratio:   31.30 (Gate area) 
      Cumulative area ratio:    0.68
      Required ratio:    0.00 (Cumulative area) 

    Layer: met4
      Partial area ratio:   18.17
      Required ratio:    0.00 (Gate area) 
      Cumulative area ratio:   87.43
      Required ratio:    0.00 (Cumulative area) 
      Partial area ratio:   97.26
      Required ratio: 2881.16 (Side area) 
      Cumulative area ratio:  443.04
      Required ratio:    0.00 (Cumulative side area) 


  Pin:   _13515_/B (sky130_fd_sc_hd__and3_2)
    Layer: mcon
      Partial area ratio:    0.23
      Required ratio:    3.00 (Gate area) 
      Cumulative area ratio:    0.23
      Required ratio:    0.00 (Cumulative area) 

    Layer: met1
      Partial area ratio:    7.86
      Required ratio:    0.00 (Gate area) 
      Cumulative area ratio:    7.86
      Required ratio:    0.00 (Cumulative area) 
      Partial area ratio:   37.82
      Required ratio:  400.00 (Side area) 
      Cumulative area ratio:   37.82
      Required ratio:    0.00 (Cumulative side area) 

    Layer: via
      Partial area ratio:    0.36
      Required ratio:    6.00 (Gate area) 
      Cumulative area ratio:    0.59
      Required ratio:    0.00 (Cumulative area) 

    Layer: met2
      Partial area ratio:   59.20
      Required ratio:    0.00 (Gate area) 
      Cumulative area ratio:   67.06
      Required ratio:    0.00 (Cumulative area) 
      Partial area ratio:  294.76
      Required ratio: 2881.16 (Side area) 
      Cumulative area ratio:  332.59
      Required ratio:    0.00 (Cumulative side area) 

    Layer: via2
      Partial area ratio:    0.05
      Required ratio:   31.30 (Gate area) 
      Cumulative area ratio:    0.64
      Required ratio:    0.00 (Cumulative area) 

    Layer: met3
      Partial area ratio:    4.84
      Required ratio:    0.00 (Gate area) 
      Cumulative area ratio:   71.90
      Required ratio:    0.00 (Cumulative area) 
      Partial area ratio:   26.33
      Required ratio: 2881.16 (Side area) 
      Cumulative area ratio:  358.92
      Required ratio:    0.00 (Cumulative side area) 

    Layer: via3
      Partial area ratio:    0.05
      Required ratio:   31.30 (Gate area) 
      Cumulative area ratio:    0.68
      Required ratio:    0.00 (Cumulative area) 

    Layer: met4
      Partial area ratio:   18.17
      Required ratio:    0.00 (Gate area) 
      Cumulative area ratio:   90.06
      Required ratio:    0.00 (Cumulative area) 
      Partial area ratio:   97.26
      Required ratio: 2881.16 (Side area) 
      Cumulative area ratio:  456.17
      Required ratio:    0.00 (Cumulative side area) 


  Pin:   _14177_/B (sky130_fd_sc_hd__and3_2)
    Layer: mcon
      Partial area ratio:    0.23
      Required ratio:    3.00 (Gate area) 
      Cumulative area ratio:    0.23
      Required ratio:    0.00 (Cumulative area) 

    Layer: met1
      Partial area ratio:    3.94
      Required ratio:    0.00 (Gate area) 
      Cumulative area ratio:    3.94
      Required ratio:    0.00 (Cumulative area) 
      Partial area ratio:   18.21
      Required ratio:  400.00 (Side area) 
      Cumulative area ratio:   18.21
      Required ratio:    0.00 (Cumulative side area) 

    Layer: via
      Partial area ratio:    0.36
      Required ratio:    6.00 (Gate area) 
      Cumulative area ratio:    0.59
      Required ratio:    0.00 (Cumulative area) 

    Layer: met2
      Partial area ratio:   59.20
      Required ratio:    0.00 (Gate area) 
      Cumulative area ratio:   63.14
      Required ratio:    0.00 (Cumulative area) 
      Partial area ratio:  294.76
      Required ratio: 2881.16 (Side area) 
      Cumulative area ratio:  312.97
      Required ratio:    0.00 (Cumulative side area) 

    Layer: via2
      Partial area ratio:    0.05
      Required ratio:   31.30 (Gate area) 
      Cumulative area ratio:    0.64
      Required ratio:    0.00 (Cumulative area) 

    Layer: met3
      Partial area ratio:    4.84
      Required ratio:    0.00 (Gate area) 
      Cumulative area ratio:   67.97
      Required ratio:    0.00 (Cumulative area) 
      Partial area ratio:   26.33
      Required ratio: 2881.16 (Side area) 
      Cumulative area ratio:  339.31
      Required ratio:    0.00 (Cumulative side area) 

    Layer: via3
      Partial area ratio:    0.05
      Required ratio:   31.30 (Gate area) 
      Cumulative area ratio:    0.68
      Required ratio:    0.00 (Cumulative area) 

    Layer: met4
      Partial area ratio:   18.17
      Required ratio:    0.00 (Gate area) 
      Cumulative area ratio:   86.14
      Required ratio:    0.00 (Cumulative area) 
      Partial area ratio:   97.26
      Required ratio: 2881.16 (Side area) 
      Cumulative area ratio:  436.56
      Required ratio:    0.00 (Cumulative side area) 


  Pin:   _14195_/B (sky130_fd_sc_hd__and3_2)
    Layer: mcon
      Partial area ratio:    0.23
      Required ratio:    3.00 (Gate area) 
      Cumulative area ratio:    0.23
      Required ratio:    0.00 (Cumulative area) 

    Layer: met1
      Partial area ratio:   83.65
      Required ratio:    0.00 (Gate area) 
      Cumulative area ratio:   83.65
      Required ratio:    0.00 (Cumulative area) 
      Partial area ratio:  415.96
      Required ratio:  400.00 (Side area) (VIOLATED)
      Cumulative area ratio:  415.96
      Required ratio:    0.00 (Cumulative side area) 

    Layer: via
      Partial area ratio:    0.45
      Required ratio:    6.00 (Gate area) 
      Cumulative area ratio:    0.68
      Required ratio:    0.00 (Cumulative area) 

    Layer: met2
      Partial area ratio:   59.20
      Required ratio:    0.00 (Gate area) 
      Cumulative area ratio:  142.85
      Required ratio:    0.00 (Cumulative area) 
      Partial area ratio:  294.76
      Required ratio: 2881.16 (Side area) 
      Cumulative area ratio:  710.73
      Required ratio:    0.00 (Cumulative side area) 

    Layer: via2
      Partial area ratio:    0.05
      Required ratio:   31.30 (Gate area) 
      Cumulative area ratio:    0.73
      Required ratio:    0.00 (Cumulative area) 

    Layer: met3
      Partial area ratio:    4.84
      Required ratio:    0.00 (Gate area) 
      Cumulative area ratio:  147.69
      Required ratio:    0.00 (Cumulative area) 
      Partial area ratio:   26.33
      Required ratio: 2881.16 (Side area) 
      Cumulative area ratio:  737.06
      Required ratio:    0.00 (Cumulative side area) 

    Layer: via3
      Partial area ratio:    0.05
      Required ratio:   31.30 (Gate area) 
      Cumulative area ratio:    0.77
      Required ratio:    0.00 (Cumulative area) 

    Layer: met4
      Partial area ratio:   18.17
      Required ratio:    0.00 (Gate area) 
      Cumulative area ratio:  165.85
      Required ratio:    0.00 (Cumulative area) 
      Partial area ratio:   97.26
      Required ratio: 2881.16 (Side area) 
      Cumulative area ratio:  834.32
      Required ratio:    0.00 (Cumulative side area) 


  Pin:   _14505_/B (sky130_fd_sc_hd__and3_2)
    Layer: mcon
      Partial area ratio:    0.23
      Required ratio:    3.00 (Gate area) 
      Cumulative area ratio:    0.23
      Required ratio:    0.00 (Cumulative area) 

    Layer: met1
      Partial area ratio:   50.64
      Required ratio:    0.00 (Gate area) 
      Cumulative area ratio:   50.64
      Required ratio:    0.00 (Cumulative area) 
      Partial area ratio:  250.85
      Required ratio:  400.00 (Side area) 
      Cumulative area ratio:  250.85
      Required ratio:    0.00 (Cumulative side area) 

    Layer: via
      Partial area ratio:    0.54
      Required ratio:    6.00 (Gate area) 
      Cumulative area ratio:    0.77
      Required ratio:    0.00 (Cumulative area) 

    Layer: met2
      Partial area ratio:    5.10
      Required ratio:    0.00 (Gate area) 
      Cumulative area ratio:   55.73
      Required ratio:    0.00 (Cumulative area) 
      Partial area ratio:   24.61
      Required ratio:  400.00 (Side area) 
      Cumulative area ratio:  275.46
      Required ratio:    0.00 (Cumulative side area) 

    Layer: via2
      Partial area ratio:    0.16
      Required ratio:    6.00 (Gate area) 
      Cumulative area ratio:    0.92
      Required ratio:    0.00 (Cumulative area) 

    Layer: met3
      Partial area ratio:   33.19
      Required ratio:    0.00 (Gate area) 
      Cumulative area ratio:   88.93
      Required ratio:    0.00 (Cumulative area) 
      Partial area ratio:  178.26
      Required ratio:  400.00 (Side area) 
      Cumulative area ratio:  453.73
      Required ratio:    0.00 (Cumulative side area) 

    Layer: via3
      Partial area ratio:    0.11
      Required ratio:    6.00 (Gate area) 
      Cumulative area ratio:    1.03
      Required ratio:    0.00 (Cumulative area) 

    Layer: met4
      Partial area ratio:   18.17
      Required ratio:    0.00 (Gate area) 
      Cumulative area ratio:  107.09
      Required ratio:    0.00 (Cumulative area) 
      Partial area ratio:   97.26
      Required ratio: 2881.16 (Side area) 
      Cumulative area ratio:  550.98
      Required ratio:    0.00 (Cumulative side area) 


  Pin:   _14523_/B (sky130_fd_sc_hd__and3_2)
    Layer: mcon
      Partial area ratio:    0.23
      Required ratio:    3.00 (Gate area) 
      Cumulative area ratio:    0.23
      Required ratio:    0.00 (Cumulative area) 

    Layer: met1
      Partial area ratio:   10.90
      Required ratio:    0.00 (Gate area) 
      Cumulative area ratio:   10.90
      Required ratio:    0.00 (Cumulative area) 
      Partial area ratio:   52.17
      Required ratio:  400.00 (Side area) 
      Cumulative area ratio:   52.17
      Required ratio:    0.00 (Cumulative side area) 

    Layer: via
      Partial area ratio:    0.54
      Required ratio:    6.00 (Gate area) 
      Cumulative area ratio:    0.77
      Required ratio:    0.00 (Cumulative area) 

    Layer: met2
      Partial area ratio:   59.20
      Required ratio:    0.00 (Gate area) 
      Cumulative area ratio:   70.10
      Required ratio:    0.00 (Cumulative area) 
      Partial area ratio:  294.76
      Required ratio: 2881.16 (Side area) 
      Cumulative area ratio:  346.93
      Required ratio:    0.00 (Cumulative side area) 

    Layer: via2
      Partial area ratio:    0.05
      Required ratio:   31.30 (Gate area) 
      Cumulative area ratio:    0.82
      Required ratio:    0.00 (Cumulative area) 

    Layer: met3
      Partial area ratio:    4.84
      Required ratio:    0.00 (Gate area) 
      Cumulative area ratio:   74.94
      Required ratio:    0.00 (Cumulative area) 
      Partial area ratio:   26.33
      Required ratio: 2881.16 (Side area) 
      Cumulative area ratio:  373.26
      Required ratio:    0.00 (Cumulative side area) 

    Layer: via3
      Partial area ratio:    0.05
      Required ratio:   31.30 (Gate area) 
      Cumulative area ratio:    0.86
      Required ratio:    0.00 (Cumulative area) 

    Layer: met4
      Partial area ratio:   18.17
      Required ratio:    0.00 (Gate area) 
      Cumulative area ratio:   93.10
      Required ratio:    0.00 (Cumulative area) 
      Partial area ratio:   97.26
      Required ratio: 2881.16 (Side area) 
      Cumulative area ratio:  470.52
      Required ratio:    0.00 (Cumulative side area) 


  Pin:   _14832_/B (sky130_fd_sc_hd__and3_2)
    Layer: mcon
      Partial area ratio:    0.23
      Required ratio:    3.00 (Gate area) 
      Cumulative area ratio:    0.23
      Required ratio:    0.00 (Cumulative area) 

    Layer: met1
      Partial area ratio:    4.84
      Required ratio:    0.00 (Gate area) 
      Cumulative area ratio:    4.84
      Required ratio:    0.00 (Cumulative area) 
      Partial area ratio:   22.74
      Required ratio:  400.00 (Side area) 
      Cumulative area ratio:   22.74
      Required ratio:    0.00 (Cumulative side area) 

    Layer: via
      Partial area ratio:    0.36
      Required ratio:    6.00 (Gate area) 
      Cumulative area ratio:    0.59
      Required ratio:    0.00 (Cumulative area) 

    Layer: met2
      Partial area ratio:    1.48
      Required ratio:    0.00 (Gate area) 
      Cumulative area ratio:    6.32
      Required ratio:    0.00 (Cumulative area) 
      Partial area ratio:    6.83
      Required ratio:  400.00 (Side area) 
      Cumulative area ratio:   29.57
      Required ratio:    0.00 (Cumulative side area) 

    Layer: via2
      Partial area ratio:    0.32
      Required ratio:    6.00 (Gate area) 
      Cumulative area ratio:    0.90
      Required ratio:    0.00 (Cumulative area) 

    Layer: met3
      Partial area ratio:   33.19
      Required ratio:    0.00 (Gate area) 
      Cumulative area ratio:   39.52
      Required ratio:    0.00 (Cumulative area) 
      Partial area ratio:  178.26
      Required ratio:  400.00 (Side area) 
      Cumulative area ratio:  207.84
      Required ratio:    0.00 (Cumulative side area) 

    Layer: via3
      Partial area ratio:    0.11
      Required ratio:    6.00 (Gate area) 
      Cumulative area ratio:    1.01
      Required ratio:    0.00 (Cumulative area) 

    Layer: met4
      Partial area ratio:   18.17
      Required ratio:    0.00 (Gate area) 
      Cumulative area ratio:   57.68
      Required ratio:    0.00 (Cumulative area) 
      Partial area ratio:   97.26
      Required ratio: 2881.16 (Side area) 
      Cumulative area ratio:  305.09
      Required ratio:    0.00 (Cumulative side area) 



Net: net1033
  Pin:   fanout1015/A (sky130_fd_sc_hd__clkdlybuf4s25_1)
    Layer: mcon
      Partial area ratio:    0.14
      Required ratio:    3.00 (Gate area) 
      Cumulative area ratio:    0.14
      Required ratio:    0.00 (Cumulative area) 

    Layer: met1
      Partial area ratio:    2.74
      Required ratio:    0.00 (Gate area) 
      Cumulative area ratio:    2.74
      Required ratio:    0.00 (Cumulative area) 
      Partial area ratio:   12.83
      Required ratio:  400.00 (Side area) 
      Cumulative area ratio:   12.83
      Required ratio:    0.00 (Cumulative side area) 

    Layer: via
      Partial area ratio:    0.21
      Required ratio:    6.00 (Gate area) 
      Cumulative area ratio:    0.35
      Required ratio:    0.00 (Cumulative area) 

    Layer: met2
      Partial area ratio:    0.88
      Required ratio:    0.00 (Gate area) 
      Cumulative area ratio:    3.62
      Required ratio:    0.00 (Cumulative area) 
      Partial area ratio:    4.04
      Required ratio:  400.00 (Side area) 
      Cumulative area ratio:   16.87
      Required ratio:    0.00 (Cumulative side area) 

    Layer: via2
      Partial area ratio:    0.19
      Required ratio:    6.00 (Gate area) 
      Cumulative area ratio:    0.53
      Required ratio:    0.00 (Cumulative area) 

    Layer: met3
      Partial area ratio:  117.20
      Required ratio:    0.00 (Gate area) 
      Cumulative area ratio:  120.82
      Required ratio:    0.00 (Cumulative area) 
      Partial area ratio:  627.27
      Required ratio:  400.00 (Side area) (VIOLATED)
      Cumulative area ratio:  644.14
      Required ratio:    0.00 (Cumulative side area) 

    Layer: via3
      Partial area ratio:    0.19
      Required ratio:    6.00 (Gate area) 
      Cumulative area ratio:    0.72
      Required ratio:    0.00 (Cumulative area) 

    Layer: met4
      Partial area ratio:   10.54
      Required ratio:    0.00 (Gate area) 
      Cumulative area ratio:  131.36
      Required ratio:    0.00 (Cumulative area) 
      Partial area ratio:   56.78
      Required ratio: 2881.16 (Side area) 
      Cumulative area ratio:  700.92
      Required ratio:    0.00 (Cumulative side area) 


  Pin:   fanout1027/A (sky130_fd_sc_hd__clkdlybuf4s25_1)
    Layer: mcon
      Partial area ratio:    0.14
      Required ratio:    3.00 (Gate area) 
      Cumulative area ratio:    0.14
      Required ratio:    0.00 (Cumulative area) 

    Layer: met1
      Partial area ratio:    2.61
      Required ratio:    0.00 (Gate area) 
      Cumulative area ratio:    2.61
      Required ratio:    0.00 (Cumulative area) 
      Partial area ratio:   12.20
      Required ratio:  400.00 (Side area) 
      Cumulative area ratio:   12.20
      Required ratio:    0.00 (Cumulative side area) 

    Layer: via
      Partial area ratio:    0.21
      Required ratio:    6.00 (Gate area) 
      Cumulative area ratio:    0.35
      Required ratio:    0.00 (Cumulative area) 

    Layer: met2
      Partial area ratio:    0.88
      Required ratio:    0.00 (Gate area) 
      Cumulative area ratio:    3.49
      Required ratio:    0.00 (Cumulative area) 
      Partial area ratio:    4.04
      Required ratio:  400.00 (Side area) 
      Cumulative area ratio:   16.24
      Required ratio:    0.00 (Cumulative side area) 

    Layer: via2
      Partial area ratio:    0.19
      Required ratio:    6.00 (Gate area) 
      Cumulative area ratio:    0.53
      Required ratio:    0.00 (Cumulative area) 

    Layer: met3
      Partial area ratio:    0.59
      Required ratio:    0.00 (Gate area) 
      Cumulative area ratio:    4.08
      Required ratio:    0.00 (Cumulative area) 
      Partial area ratio:    5.33
      Required ratio:  400.00 (Side area) 
      Cumulative area ratio:   21.57
      Required ratio:    0.00 (Cumulative side area) 

    Layer: via3
      Partial area ratio:    0.19
      Required ratio:    6.00 (Gate area) 
      Cumulative area ratio:    0.72
      Required ratio:    0.00 (Cumulative area) 

    Layer: met4
      Partial area ratio:   10.54
      Required ratio:    0.00 (Gate area) 
      Cumulative area ratio:   14.61
      Required ratio:    0.00 (Cumulative area) 
      Partial area ratio:   56.78
      Required ratio: 2881.16 (Side area) 
      Cumulative area ratio:   78.36
      Required ratio:    0.00 (Cumulative side area) 


  Pin:   fanout1032/A (sky130_fd_sc_hd__clkdlybuf4s25_1)
    Layer: mcon
      Partial area ratio:    0.14
      Required ratio:    3.00 (Gate area) 
      Cumulative area ratio:    0.14
      Required ratio:    0.00 (Cumulative area) 

    Layer: met1
      Partial area ratio:   16.36
      Required ratio:    0.00 (Gate area) 
      Cumulative area ratio:   16.36
      Required ratio:    0.00 (Cumulative area) 
      Partial area ratio:   80.35
      Required ratio: 2881.16 (Side area) 
      Cumulative area ratio:   80.35
      Required ratio:    0.00 (Cumulative side area) 

    Layer: via
      Partial area ratio:    0.24
      Required ratio:   31.30 (Gate area) 
      Cumulative area ratio:    0.38
      Required ratio:    0.00 (Cumulative area) 

    Layer: met2
      Partial area ratio:    6.56
      Required ratio:    0.00 (Gate area) 
      Cumulative area ratio:   22.92
      Required ratio:    0.00 (Cumulative area) 
      Partial area ratio:   31.96
      Required ratio: 2881.16 (Side area) 
      Cumulative area ratio:  112.31
      Required ratio:    0.00 (Cumulative side area) 

    Layer: via2
      Partial area ratio:    0.11
      Required ratio:   31.30 (Gate area) 
      Cumulative area ratio:    0.49
      Required ratio:    0.00 (Cumulative area) 

    Layer: met3
      Partial area ratio:    0.34
      Required ratio:    0.00 (Gate area) 
      Cumulative area ratio:   23.26
      Required ratio:    0.00 (Cumulative area) 
      Partial area ratio:    3.05
      Required ratio: 2881.16 (Side area) 
      Cumulative area ratio:  115.36
      Required ratio:    0.00 (Cumulative side area) 

    Layer: via3
      Partial area ratio:    0.11
      Required ratio:   31.30 (Gate area) 
      Cumulative area ratio:    0.59
      Required ratio:    0.00 (Cumulative area) 

    Layer: met4
      Partial area ratio:   10.54
      Required ratio:    0.00 (Gate area) 
      Cumulative area ratio:   33.79
      Required ratio:    0.00 (Cumulative area) 
      Partial area ratio:   56.78
      Required ratio: 2881.16 (Side area) 
      Cumulative area ratio:  172.14
      Required ratio:    0.00 (Cumulative side area) 


  Pin:   load_slew1035/A (sky130_fd_sc_hd__buf_2)
    Layer: mcon
      Partial area ratio:    0.18
      Required ratio:    3.00 (Gate area) 
      Cumulative area ratio:    0.18
      Required ratio:    0.00 (Cumulative area) 

    Layer: met1
      Partial area ratio:   16.36
      Required ratio:    0.00 (Gate area) 
      Cumulative area ratio:   16.36
      Required ratio:    0.00 (Cumulative area) 
      Partial area ratio:   80.35
      Required ratio: 2881.16 (Side area) 
      Cumulative area ratio:   80.35
      Required ratio:    0.00 (Cumulative side area) 

    Layer: via
      Partial area ratio:    0.24
      Required ratio:   31.30 (Gate area) 
      Cumulative area ratio:    0.42
      Required ratio:    0.00 (Cumulative area) 

    Layer: met2
      Partial area ratio:    6.56
      Required ratio:    0.00 (Gate area) 
      Cumulative area ratio:   22.92
      Required ratio:    0.00 (Cumulative area) 
      Partial area ratio:   31.96
      Required ratio: 2881.16 (Side area) 
      Cumulative area ratio:  112.31
      Required ratio:    0.00 (Cumulative side area) 

    Layer: via2
      Partial area ratio:    0.11
      Required ratio:   31.30 (Gate area) 
      Cumulative area ratio:    0.53
      Required ratio:    0.00 (Cumulative area) 

    Layer: met3
      Partial area ratio:    0.34
      Required ratio:    0.00 (Gate area) 
      Cumulative area ratio:   23.26
      Required ratio:    0.00 (Cumulative area) 
      Partial area ratio:    3.05
      Required ratio: 2881.16 (Side area) 
      Cumulative area ratio:  115.36
      Required ratio:    0.00 (Cumulative side area) 

    Layer: via3
      Partial area ratio:    0.11
      Required ratio:   31.30 (Gate area) 
      Cumulative area ratio:    0.64
      Required ratio:    0.00 (Cumulative area) 

    Layer: met4
      Partial area ratio:   10.54
      Required ratio:    0.00 (Gate area) 
      Cumulative area ratio:   33.79
      Required ratio:    0.00 (Cumulative area) 
      Partial area ratio:   56.78
      Required ratio: 2881.16 (Side area) 
      Cumulative area ratio:  172.14
      Required ratio:    0.00 (Cumulative side area) 



Net: net1144
  Pin:   fanout1132/A (sky130_fd_sc_hd__clkdlybuf4s25_1)
    Layer: mcon
      Partial area ratio:    0.14
      Required ratio:    3.00 (Gate area) 
      Cumulative area ratio:    0.14
      Required ratio:    0.00 (Cumulative area) 

    Layer: met1
      Partial area ratio:    1.06
      Required ratio:    0.00 (Gate area) 
      Cumulative area ratio:    1.06
      Required ratio:    0.00 (Cumulative area) 
      Partial area ratio:    4.79
      Required ratio:  400.00 (Side area) 
      Cumulative area ratio:    4.79
      Required ratio:    0.00 (Cumulative side area) 

    Layer: via
      Partial area ratio:    0.14
      Required ratio:    6.00 (Gate area) 
      Cumulative area ratio:    0.28
      Required ratio:    0.00 (Cumulative area) 

    Layer: met2
      Partial area ratio:  114.31
      Required ratio:    0.00 (Gate area) 
      Cumulative area ratio:  115.37
      Required ratio:    0.00 (Cumulative area) 
      Partial area ratio:  570.48
      Required ratio:  400.00 (Side area) (VIOLATED)
      Cumulative area ratio:  575.27
      Required ratio:    0.00 (Cumulative side area) 

    Layer: via2
      Partial area ratio:    0.09
      Required ratio:    6.00 (Gate area) 
      Cumulative area ratio:    0.37
      Required ratio:    0.00 (Cumulative area) 

    Layer: met3
      Partial area ratio:   53.73
      Required ratio:    0.00 (Gate area) 
      Cumulative area ratio:  169.10
      Required ratio:    0.00 (Cumulative area) 
      Partial area ratio:  287.66
      Required ratio: 2956.40 (Side area) 
      Cumulative area ratio:  862.93
      Required ratio:    0.00 (Cumulative side area) 


  Pin:   fanout1138/A (sky130_fd_sc_hd__clkdlybuf4s25_1)
    Layer: mcon
      Partial area ratio:    0.14
      Required ratio:    3.00 (Gate area) 
      Cumulative area ratio:    0.14
      Required ratio:    0.00 (Cumulative area) 

    Layer: met1
      Partial area ratio:    3.24
      Required ratio:    0.00 (Gate area) 
      Cumulative area ratio:    3.24
      Required ratio:    0.00 (Cumulative area) 
      Partial area ratio:   15.34
      Required ratio:  400.00 (Side area) 
      Cumulative area ratio:   15.34
      Required ratio:    0.00 (Cumulative side area) 

    Layer: via
      Partial area ratio:    0.21
      Required ratio:    6.00 (Gate area) 
      Cumulative area ratio:    0.35
      Required ratio:    0.00 (Cumulative area) 

    Layer: met2
      Partial area ratio:  114.31
      Required ratio:    0.00 (Gate area) 
      Cumulative area ratio:  117.55
      Required ratio:    0.00 (Cumulative area) 
      Partial area ratio:  570.48
      Required ratio:  400.00 (Side area) (VIOLATED)
      Cumulative area ratio:  585.82
      Required ratio:    0.00 (Cumulative side area) 

    Layer: via2
      Partial area ratio:    0.09
      Required ratio:    6.00 (Gate area) 
      Cumulative area ratio:    0.44
      Required ratio:    0.00 (Cumulative area) 

    Layer: met3
      Partial area ratio:   53.73
      Required ratio:    0.00 (Gate area) 
      Cumulative area ratio:  171.28
      Required ratio:    0.00 (Cumulative area) 
      Partial area ratio:  287.66
      Required ratio: 2956.40 (Side area) 
      Cumulative area ratio:  873.48
      Required ratio:    0.00 (Cumulative side area) 



Net: net1162
  Pin:   _11153_/A2 (sky130_fd_sc_hd__o22ai_2)
    Layer: mcon
      Partial area ratio:    0.06
      Required ratio:    3.00 (Gate area) 
      Cumulative area ratio:    0.06
      Required ratio:    0.00 (Cumulative area) 

    Layer: met1
      Partial area ratio:    1.46
      Required ratio:    0.00 (Gate area) 
      Cumulative area ratio:    1.46
      Required ratio:    0.00 (Cumulative area) 
      Partial area ratio:    6.79
      Required ratio:  400.00 (Side area) 
      Cumulative area ratio:    6.79
      Required ratio:    0.00 (Cumulative side area) 

    Layer: via
      Partial area ratio:    0.09
      Required ratio:    6.00 (Gate area) 
      Cumulative area ratio:    0.15
      Required ratio:    0.00 (Cumulative area) 

    Layer: met2
      Partial area ratio:    9.55
      Required ratio:    0.00 (Gate area) 
      Cumulative area ratio:   11.00
      Required ratio:    0.00 (Cumulative area) 
      Partial area ratio:   47.19
      Required ratio:  400.00 (Side area) 
      Cumulative area ratio:   53.98
      Required ratio:    0.00 (Cumulative side area) 

    Layer: via2
      Partial area ratio:    0.09
      Required ratio:    6.00 (Gate area) 
      Cumulative area ratio:    0.24
      Required ratio:    0.00 (Cumulative area) 

    Layer: met3
      Partial area ratio:    7.44
      Required ratio:    0.00 (Gate area) 
      Cumulative area ratio:   18.44
      Required ratio:    0.00 (Cumulative area) 
      Partial area ratio:   40.73
      Required ratio:  400.00 (Side area) 
      Cumulative area ratio:   94.72
      Required ratio:    0.00 (Cumulative side area) 

    Layer: via3
      Partial area ratio:    0.09
      Required ratio:    6.00 (Gate area) 
      Cumulative area ratio:    0.33
      Required ratio:    0.00 (Cumulative area) 

    Layer: met4
      Partial area ratio:   35.62
      Required ratio:    0.00 (Gate area) 
      Cumulative area ratio:   54.06
      Required ratio:    0.00 (Cumulative area) 
      Partial area ratio:  190.94
      Required ratio: 2918.08 (Side area) 
      Cumulative area ratio:  285.65
      Required ratio:    0.00 (Cumulative side area) 


  Pin:   _11337_/A2 (sky130_fd_sc_hd__a211o_2)
    Layer: mcon
      Partial area ratio:    0.12
      Required ratio:    3.00 (Gate area) 
      Cumulative area ratio:    0.12
      Required ratio:    0.00 (Cumulative area) 

    Layer: met1
      Partial area ratio:    1.46
      Required ratio:    0.00 (Gate area) 
      Cumulative area ratio:    1.46
      Required ratio:    0.00 (Cumulative area) 
      Partial area ratio:    6.79
      Required ratio:  400.00 (Side area) 
      Cumulative area ratio:    6.79
      Required ratio:    0.00 (Cumulative side area) 

    Layer: via
      Partial area ratio:    0.09
      Required ratio:    6.00 (Gate area) 
      Cumulative area ratio:    0.21
      Required ratio:    0.00 (Cumulative area) 

    Layer: met2
      Partial area ratio:    9.55
      Required ratio:    0.00 (Gate area) 
      Cumulative area ratio:   11.00
      Required ratio:    0.00 (Cumulative area) 
      Partial area ratio:   47.19
      Required ratio:  400.00 (Side area) 
      Cumulative area ratio:   53.98
      Required ratio:    0.00 (Cumulative side area) 

    Layer: via2
      Partial area ratio:    0.09
      Required ratio:    6.00 (Gate area) 
      Cumulative area ratio:    0.30
      Required ratio:    0.00 (Cumulative area) 

    Layer: met3
      Partial area ratio:    7.44
      Required ratio:    0.00 (Gate area) 
      Cumulative area ratio:   18.44
      Required ratio:    0.00 (Cumulative area) 
      Partial area ratio:   40.73
      Required ratio:  400.00 (Side area) 
      Cumulative area ratio:   94.72
      Required ratio:    0.00 (Cumulative side area) 

    Layer: via3
      Partial area ratio:    0.09
      Required ratio:    6.00 (Gate area) 
      Cumulative area ratio:    0.39
      Required ratio:    0.00 (Cumulative area) 

    Layer: met4
      Partial area ratio:   35.62
      Required ratio:    0.00 (Gate area) 
      Cumulative area ratio:   54.06
      Required ratio:    0.00 (Cumulative area) 
      Partial area ratio:  190.94
      Required ratio: 2918.08 (Side area) 
      Cumulative area ratio:  285.65
      Required ratio:    0.00 (Cumulative side area) 


  Pin:   _12557_/A0 (sky130_fd_sc_hd__mux2_1)
    Layer: mcon
      Partial area ratio:    0.23
      Required ratio:    3.00 (Gate area) 
      Cumulative area ratio:    0.23
      Required ratio:    0.00 (Cumulative area) 

    Layer: met1
      Partial area ratio:    5.90
      Required ratio:    0.00 (Gate area) 
      Cumulative area ratio:    5.90
      Required ratio:    0.00 (Cumulative area) 
      Partial area ratio:   28.04
      Required ratio:  400.00 (Side area) 
      Cumulative area ratio:   28.04
      Required ratio:    0.00 (Cumulative side area) 

    Layer: via
      Partial area ratio:    0.36
      Required ratio:    6.00 (Gate area) 
      Cumulative area ratio:    0.59
      Required ratio:    0.00 (Cumulative area) 

    Layer: met2
      Partial area ratio:    1.48
      Required ratio:    0.00 (Gate area) 
      Cumulative area ratio:    7.39
      Required ratio:    0.00 (Cumulative area) 
      Partial area ratio:    6.83
      Required ratio:  400.00 (Side area) 
      Cumulative area ratio:   34.88
      Required ratio:    0.00 (Cumulative side area) 

    Layer: via2
      Partial area ratio:    0.32
      Required ratio:    6.00 (Gate area) 
      Cumulative area ratio:    0.90
      Required ratio:    0.00 (Cumulative area) 

    Layer: met3
      Partial area ratio:    0.99
      Required ratio:    0.00 (Gate area) 
      Cumulative area ratio:    8.38
      Required ratio:    0.00 (Cumulative area) 
      Partial area ratio:    9.02
      Required ratio:  400.00 (Side area) 
      Cumulative area ratio:   43.89
      Required ratio:    0.00 (Cumulative side area) 

    Layer: via3
      Partial area ratio:    0.32
      Required ratio:    6.00 (Gate area) 
      Cumulative area ratio:    1.22
      Required ratio:    0.00 (Cumulative area) 

    Layer: met4
      Partial area ratio:   35.62
      Required ratio:    0.00 (Gate area) 
      Cumulative area ratio:   44.00
      Required ratio:    0.00 (Cumulative area) 
      Partial area ratio:  190.94
      Required ratio: 2918.08 (Side area) 
      Cumulative area ratio:  234.83
      Required ratio:    0.00 (Cumulative side area) 


  Pin:   _12717_/A0 (sky130_fd_sc_hd__mux2_1)
    Layer: mcon
      Partial area ratio:    0.23
      Required ratio:    3.00 (Gate area) 
      Cumulative area ratio:    0.23
      Required ratio:    0.00 (Cumulative area) 

    Layer: met1
      Partial area ratio:  106.04
      Required ratio:    0.00 (Gate area) 
      Cumulative area ratio:  106.04
      Required ratio:    0.00 (Cumulative area) 
      Partial area ratio:  527.85
      Required ratio:  400.00 (Side area) (VIOLATED)
      Cumulative area ratio:  527.85
      Required ratio:    0.00 (Cumulative side area) 

    Layer: via
      Partial area ratio:    0.54
      Required ratio:    6.00 (Gate area) 
      Cumulative area ratio:    0.77
      Required ratio:    0.00 (Cumulative area) 

    Layer: met2
      Partial area ratio:    9.55
      Required ratio:    0.00 (Gate area) 
      Cumulative area ratio:  115.58
      Required ratio:    0.00 (Cumulative area) 
      Partial area ratio:   47.19
      Required ratio:  400.00 (Side area) 
      Cumulative area ratio:  575.04
      Required ratio:    0.00 (Cumulative side area) 

    Layer: via2
      Partial area ratio:    0.09
      Required ratio:    6.00 (Gate area) 
      Cumulative area ratio:    0.86
      Required ratio:    0.00 (Cumulative area) 

    Layer: met3
      Partial area ratio:    7.44
      Required ratio:    0.00 (Gate area) 
      Cumulative area ratio:  123.02
      Required ratio:    0.00 (Cumulative area) 
      Partial area ratio:   40.73
      Required ratio:  400.00 (Side area) 
      Cumulative area ratio:  615.77
      Required ratio:    0.00 (Cumulative side area) 

    Layer: via3
      Partial area ratio:    0.09
      Required ratio:    6.00 (Gate area) 
      Cumulative area ratio:    0.95
      Required ratio:    0.00 (Cumulative area) 

    Layer: met4
      Partial area ratio:   35.62
      Required ratio:    0.00 (Gate area) 
      Cumulative area ratio:  158.64
      Required ratio:    0.00 (Cumulative area) 
      Partial area ratio:  190.94
      Required ratio: 2918.08 (Side area) 
      Cumulative area ratio:  806.71
      Required ratio:    0.00 (Cumulative side area) 



Net: net1184
  Pin:   _18189_/S (sky130_fd_sc_hd__mux2_1)
    Layer: mcon
      Partial area ratio:    0.11
      Required ratio:    3.00 (Gate area) 
      Cumulative area ratio:    0.11
      Required ratio:    0.00 (Cumulative area) 

    Layer: met1
      Partial area ratio:    2.40
      Required ratio:    0.00 (Gate area) 
      Cumulative area ratio:    2.40
      Required ratio:    0.00 (Cumulative area) 
      Partial area ratio:   11.24
      Required ratio:  400.00 (Side area) 
      Cumulative area ratio:   11.24
      Required ratio:    0.00 (Cumulative side area) 

    Layer: via
      Partial area ratio:    0.18
      Required ratio:    6.00 (Gate area) 
      Cumulative area ratio:    0.29
      Required ratio:    0.00 (Cumulative area) 

    Layer: met2
      Partial area ratio:    0.74
      Required ratio:    0.00 (Gate area) 
      Cumulative area ratio:    3.14
      Required ratio:    0.00 (Cumulative area) 
      Partial area ratio:    3.42
      Required ratio:  400.00 (Side area) 
      Cumulative area ratio:   14.66
      Required ratio:    0.00 (Cumulative side area) 

    Layer: via2
      Partial area ratio:    0.16
      Required ratio:    6.00 (Gate area) 
      Cumulative area ratio:    0.45
      Required ratio:    0.00 (Cumulative area) 

    Layer: met3
      Partial area ratio:    8.72
      Required ratio:    0.00 (Gate area) 
      Cumulative area ratio:   11.86
      Required ratio:    0.00 (Cumulative area) 
      Partial area ratio:   48.35
      Required ratio: 2956.40 (Side area) 
      Cumulative area ratio:   63.01
      Required ratio:    0.00 (Cumulative side area) 

    Layer: via3
      Partial area ratio:    0.16
      Required ratio:   38.08 (Gate area) 
      Cumulative area ratio:    0.61
      Required ratio:    0.00 (Cumulative area) 

    Layer: met4
      Partial area ratio:   26.93
      Required ratio:    0.00 (Gate area) 
      Cumulative area ratio:   38.79
      Required ratio:    0.00 (Cumulative area) 
      Partial area ratio:  144.57
      Required ratio: 2956.40 (Side area) 
      Cumulative area ratio:  207.58
      Required ratio:    0.00 (Cumulative side area) 


  Pin:   _18197_/S (sky130_fd_sc_hd__mux2_1)
    Layer: li1
      Partial area ratio:    0.03
      Required ratio:    0.00 (Gate area) 
      Cumulative area ratio:    0.03
      Required ratio:    0.00 (Cumulative area) 
      Partial area ratio:    0.17
      Required ratio:   75.00 (Side area) 
      Cumulative area ratio:    0.17
      Required ratio:    0.00 (Cumulative side area) 

    Layer: mcon
      Partial area ratio:    0.11
      Required ratio:    3.00 (Gate area) 
      Cumulative area ratio:    0.11
      Required ratio:    0.00 (Cumulative area) 

    Layer: met1
      Partial area ratio:    0.33
      Required ratio:    0.00 (Gate area) 
      Cumulative area ratio:    0.36
      Required ratio:    0.00 (Cumulative area) 
      Partial area ratio:    1.61
      Required ratio:  400.00 (Side area) 
      Cumulative area ratio:    1.78
      Required ratio:    0.00 (Cumulative side area) 

    Layer: via
      Partial area ratio:    0.09
      Required ratio:    6.00 (Gate area) 
      Cumulative area ratio:    0.20
      Required ratio:    0.00 (Cumulative area) 

    Layer: met2
      Partial area ratio:    0.41
      Required ratio:    0.00 (Gate area) 
      Cumulative area ratio:    0.77
      Required ratio:    0.00 (Cumulative area) 
      Partial area ratio:    1.81
      Required ratio:  400.00 (Side area) 
      Cumulative area ratio:    3.59
      Required ratio:    0.00 (Cumulative side area) 

    Layer: via2
      Partial area ratio:    0.16
      Required ratio:    6.00 (Gate area) 
      Cumulative area ratio:    0.36
      Required ratio:    0.00 (Cumulative area) 

    Layer: met3
      Partial area ratio:   41.56
      Required ratio:    0.00 (Gate area) 
      Cumulative area ratio:   42.33
      Required ratio:    0.00 (Cumulative area) 
      Partial area ratio:  223.51
      Required ratio:  400.00 (Side area) 
      Cumulative area ratio:  227.10
      Required ratio:    0.00 (Cumulative side area) 

    Layer: via3
      Partial area ratio:    0.08
      Required ratio:    6.00 (Gate area) 
      Cumulative area ratio:    0.44
      Required ratio:    0.00 (Cumulative area) 

    Layer: met4
      Partial area ratio:   26.93
      Required ratio:    0.00 (Gate area) 
      Cumulative area ratio:   69.26
      Required ratio:    0.00 (Cumulative area) 
      Partial area ratio:  144.57
      Required ratio: 2956.40 (Side area) 
      Cumulative area ratio:  371.67
      Required ratio:    0.00 (Cumulative side area) 


  Pin:   _18199_/S (sky130_fd_sc_hd__mux2_1)
    Layer: mcon
      Partial area ratio:    0.11
      Required ratio:    3.00 (Gate area) 
      Cumulative area ratio:    0.11
      Required ratio:    0.00 (Cumulative area) 

    Layer: met1
      Partial area ratio:    1.95
      Required ratio:    0.00 (Gate area) 
      Cumulative area ratio:    1.95
      Required ratio:    0.00 (Cumulative area) 
      Partial area ratio:    9.01
      Required ratio:  400.00 (Side area) 
      Cumulative area ratio:    9.01
      Required ratio:    0.00 (Cumulative side area) 

    Layer: via
      Partial area ratio:    0.18
      Required ratio:    6.00 (Gate area) 
      Cumulative area ratio:    0.29
      Required ratio:    0.00 (Cumulative area) 

    Layer: met2
      Partial area ratio:    8.55
      Required ratio:    0.00 (Gate area) 
      Cumulative area ratio:   10.49
      Required ratio:    0.00 (Cumulative area) 
      Partial area ratio:   42.01
      Required ratio:  400.00 (Side area) 
      Cumulative area ratio:   51.02
      Required ratio:    0.00 (Cumulative side area) 

    Layer: via2
      Partial area ratio:    0.16
      Required ratio:    6.00 (Gate area) 
      Cumulative area ratio:    0.45
      Required ratio:    0.00 (Cumulative area) 

    Layer: met3
      Partial area ratio:   41.56
      Required ratio:    0.00 (Gate area) 
      Cumulative area ratio:   52.05
      Required ratio:    0.00 (Cumulative area) 
      Partial area ratio:  223.51
      Required ratio:  400.00 (Side area) 
      Cumulative area ratio:  274.53
      Required ratio:    0.00 (Cumulative side area) 

    Layer: via3
      Partial area ratio:    0.08
      Required ratio:    6.00 (Gate area) 
      Cumulative area ratio:    0.53
      Required ratio:    0.00 (Cumulative area) 

    Layer: met4
      Partial area ratio:   26.93
      Required ratio:    0.00 (Gate area) 
      Cumulative area ratio:   78.99
      Required ratio:    0.00 (Cumulative area) 
      Partial area ratio:  144.57
      Required ratio: 2956.40 (Side area) 
      Cumulative area ratio:  419.10
      Required ratio:    0.00 (Cumulative side area) 


  Pin:   _18207_/S (sky130_fd_sc_hd__mux2_1)
    Layer: mcon
      Partial area ratio:    0.11
      Required ratio:    3.00 (Gate area) 
      Cumulative area ratio:    0.11
      Required ratio:    0.00 (Cumulative area) 

    Layer: met1
      Partial area ratio:    3.46
      Required ratio:    0.00 (Gate area) 
      Cumulative area ratio:    3.46
      Required ratio:    0.00 (Cumulative area) 
      Partial area ratio:   16.58
      Required ratio:  400.00 (Side area) 
      Cumulative area ratio:   16.58
      Required ratio:    0.00 (Cumulative side area) 

    Layer: via
      Partial area ratio:    0.18
      Required ratio:    6.00 (Gate area) 
      Cumulative area ratio:    0.29
      Required ratio:    0.00 (Cumulative area) 

    Layer: met2
      Partial area ratio:    0.74
      Required ratio:    0.00 (Gate area) 
      Cumulative area ratio:    4.20
      Required ratio:    0.00 (Cumulative area) 
      Partial area ratio:    3.42
      Required ratio:  400.00 (Side area) 
      Cumulative area ratio:   19.99
      Required ratio:    0.00 (Cumulative side area) 

    Layer: via2
      Partial area ratio:    0.16
      Required ratio:    6.00 (Gate area) 
      Cumulative area ratio:    0.45
      Required ratio:    0.00 (Cumulative area) 

    Layer: met3
      Partial area ratio:   82.67
      Required ratio:    0.00 (Gate area) 
      Cumulative area ratio:   86.87
      Required ratio:    0.00 (Cumulative area) 
      Partial area ratio:  442.73
      Required ratio:  400.00 (Side area) (VIOLATED)
      Cumulative area ratio:  462.72
      Required ratio:    0.00 (Cumulative side area) 

    Layer: via3
      Partial area ratio:    0.32
      Required ratio:    6.00 (Gate area) 
      Cumulative area ratio:    0.77
      Required ratio:    0.00 (Cumulative area) 

    Layer: met4
      Partial area ratio:   26.93
      Required ratio:    0.00 (Gate area) 
      Cumulative area ratio:  113.80
      Required ratio:    0.00 (Cumulative area) 
      Partial area ratio:  144.57
      Required ratio: 2956.40 (Side area) 
      Cumulative area ratio:  607.30
      Required ratio:    0.00 (Cumulative side area) 



Net: net1266
  Pin:   _17820_/S (sky130_fd_sc_hd__mux2_1)
    Layer: mcon
      Partial area ratio:    0.11
      Required ratio:    3.00 (Gate area) 
      Cumulative area ratio:    0.11
      Required ratio:    0.00 (Cumulative area) 

    Layer: met1
      Partial area ratio:    2.10
      Required ratio:    0.00 (Gate area) 
      Cumulative area ratio:    2.10
      Required ratio:    0.00 (Cumulative area) 
      Partial area ratio:    9.78
      Required ratio:  400.00 (Side area) 
      Cumulative area ratio:    9.78
      Required ratio:    0.00 (Cumulative side area) 

    Layer: via
      Partial area ratio:    0.18
      Required ratio:    6.00 (Gate area) 
      Cumulative area ratio:    0.29
      Required ratio:    0.00 (Cumulative area) 

    Layer: met2
      Partial area ratio:    8.61
      Required ratio:    0.00 (Gate area) 
      Cumulative area ratio:   10.72
      Required ratio:    0.00 (Cumulative area) 
      Partial area ratio:   42.14
      Required ratio:  400.00 (Side area) 
      Cumulative area ratio:   51.92
      Required ratio:    0.00 (Cumulative side area) 

    Layer: via2
      Partial area ratio:    0.32
      Required ratio:    6.00 (Gate area) 
      Cumulative area ratio:    0.61
      Required ratio:    0.00 (Cumulative area) 

    Layer: met3
      Partial area ratio:   74.66
      Required ratio:    0.00 (Gate area) 
      Cumulative area ratio:   85.38
      Required ratio:    0.00 (Cumulative area) 
      Partial area ratio:  400.97
      Required ratio:  400.00 (Side area) (VIOLATED)
      Cumulative area ratio:  452.89
      Required ratio:    0.00 (Cumulative side area) 

    Layer: via3
      Partial area ratio:    0.16
      Required ratio:    6.00 (Gate area) 
      Cumulative area ratio:    0.77
      Required ratio:    0.00 (Cumulative area) 

    Layer: met4
      Partial area ratio:   39.25
      Required ratio:    0.00 (Gate area) 
      Cumulative area ratio:  124.63
      Required ratio:    0.00 (Cumulative area) 
      Partial area ratio:  210.29
      Required ratio: 2918.08 (Side area) 
      Cumulative area ratio:  663.18
      Required ratio:    0.00 (Cumulative side area) 


  Pin:   _17823_/S (sky130_fd_sc_hd__mux2_1)
    Layer: mcon
      Partial area ratio:    0.11
      Required ratio:    3.00 (Gate area) 
      Cumulative area ratio:    0.11
      Required ratio:    0.00 (Cumulative area) 

    Layer: met1
      Partial area ratio:    3.17
      Required ratio:    0.00 (Gate area) 
      Cumulative area ratio:    3.17
      Required ratio:    0.00 (Cumulative area) 
      Partial area ratio:   15.13
      Required ratio:  400.00 (Side area) 
      Cumulative area ratio:   15.13
      Required ratio:    0.00 (Cumulative side area) 

    Layer: via
      Partial area ratio:    0.18
      Required ratio:    6.00 (Gate area) 
      Cumulative area ratio:    0.29
      Required ratio:    0.00 (Cumulative area) 

    Layer: met2
      Partial area ratio:    0.74
      Required ratio:    0.00 (Gate area) 
      Cumulative area ratio:    3.92
      Required ratio:    0.00 (Cumulative area) 
      Partial area ratio:    3.42
      Required ratio:  400.00 (Side area) 
      Cumulative area ratio:   18.55
      Required ratio:    0.00 (Cumulative side area) 

    Layer: via2
      Partial area ratio:    0.16
      Required ratio:    6.00 (Gate area) 
      Cumulative area ratio:    0.45
      Required ratio:    0.00 (Cumulative area) 

    Layer: met3
      Partial area ratio:   74.66
      Required ratio:    0.00 (Gate area) 
      Cumulative area ratio:   78.58
      Required ratio:    0.00 (Cumulative area) 
      Partial area ratio:  400.97
      Required ratio:  400.00 (Side area) (VIOLATED)
      Cumulative area ratio:  419.52
      Required ratio:    0.00 (Cumulative side area) 

    Layer: via3
      Partial area ratio:    0.16
      Required ratio:    6.00 (Gate area) 
      Cumulative area ratio:    0.61
      Required ratio:    0.00 (Cumulative area) 

    Layer: met4
      Partial area ratio:   39.25
      Required ratio:    0.00 (Gate area) 
      Cumulative area ratio:  117.83
      Required ratio:    0.00 (Cumulative area) 
      Partial area ratio:  210.29
      Required ratio: 2918.08 (Side area) 
      Cumulative area ratio:  629.80
      Required ratio:    0.00 (Cumulative side area) 


  Pin:   _17828_/S (sky130_fd_sc_hd__mux2_1)
    Layer: mcon
      Partial area ratio:    0.11
      Required ratio:    3.00 (Gate area) 
      Cumulative area ratio:    0.11
      Required ratio:    0.00 (Cumulative area) 

    Layer: met1
      Partial area ratio:    7.89
      Required ratio:    0.00 (Gate area) 
      Cumulative area ratio:    7.89
      Required ratio:    0.00 (Cumulative area) 
      Partial area ratio:   38.00
      Required ratio: 2918.08 (Side area) 
      Cumulative area ratio:   38.00
      Required ratio:    0.00 (Cumulative side area) 

    Layer: via
      Partial area ratio:    0.27
      Required ratio:   34.63 (Gate area) 
      Cumulative area ratio:    0.38
      Required ratio:    0.00 (Cumulative area) 

    Layer: met2
      Partial area ratio:    1.07
      Required ratio:    0.00 (Gate area) 
      Cumulative area ratio:    8.96
      Required ratio:    0.00 (Cumulative area) 
      Partial area ratio:    5.03
      Required ratio: 2918.08 (Side area) 
      Cumulative area ratio:   43.03
      Required ratio:    0.00 (Cumulative side area) 

    Layer: via2
      Partial area ratio:    0.16
      Required ratio:   34.63 (Gate area) 
      Cumulative area ratio:    0.54
      Required ratio:    0.00 (Cumulative area) 

    Layer: met3
      Partial area ratio:    0.50
      Required ratio:    0.00 (Gate area) 
      Cumulative area ratio:    9.45
      Required ratio:    0.00 (Cumulative area) 
      Partial area ratio:    4.51
      Required ratio: 2918.08 (Side area) 
      Cumulative area ratio:   47.54
      Required ratio:    0.00 (Cumulative side area) 

    Layer: via3
      Partial area ratio:    0.16
      Required ratio:   34.63 (Gate area) 
      Cumulative area ratio:    0.70
      Required ratio:    0.00 (Cumulative area) 

    Layer: met4
      Partial area ratio:   39.25
      Required ratio:    0.00 (Gate area) 
      Cumulative area ratio:   48.71
      Required ratio:    0.00 (Cumulative area) 
      Partial area ratio:  210.29
      Required ratio: 2918.08 (Side area) 
      Cumulative area ratio:  257.82
      Required ratio:    0.00 (Cumulative side area) 


  Pin:   _17834_/S (sky130_fd_sc_hd__mux2_1)
    Layer: mcon
      Partial area ratio:    0.11
      Required ratio:    3.00 (Gate area) 
      Cumulative area ratio:    0.11
      Required ratio:    0.00 (Cumulative area) 

    Layer: met1
      Partial area ratio:    2.53
      Required ratio:    0.00 (Gate area) 
      Cumulative area ratio:    2.53
      Required ratio:    0.00 (Cumulative area) 
      Partial area ratio:   11.91
      Required ratio:  400.00 (Side area) 
      Cumulative area ratio:   11.91
      Required ratio:    0.00 (Cumulative side area) 

    Layer: via
      Partial area ratio:    0.18
      Required ratio:    6.00 (Gate area) 
      Cumulative area ratio:    0.29
      Required ratio:    0.00 (Cumulative area) 

    Layer: met2
      Partial area ratio:    0.74
      Required ratio:    0.00 (Gate area) 
      Cumulative area ratio:    3.27
      Required ratio:    0.00 (Cumulative area) 
      Partial area ratio:    3.42
      Required ratio:  400.00 (Side area) 
      Cumulative area ratio:   15.33
      Required ratio:    0.00 (Cumulative side area) 

    Layer: via2
      Partial area ratio:    0.16
      Required ratio:    6.00 (Gate area) 
      Cumulative area ratio:    0.45
      Required ratio:    0.00 (Cumulative area) 

    Layer: met3
      Partial area ratio:    0.50
      Required ratio:    0.00 (Gate area) 
      Cumulative area ratio:    3.77
      Required ratio:    0.00 (Cumulative area) 
      Partial area ratio:    4.51
      Required ratio:  400.00 (Side area) 
      Cumulative area ratio:   19.84
      Required ratio:    0.00 (Cumulative side area) 

    Layer: via3
      Partial area ratio:    0.16
      Required ratio:    6.00 (Gate area) 
      Cumulative area ratio:    0.61
      Required ratio:    0.00 (Cumulative area) 

    Layer: met4
      Partial area ratio:   39.25
      Required ratio:    0.00 (Gate area) 
      Cumulative area ratio:   43.02
      Required ratio:    0.00 (Cumulative area) 
      Partial area ratio:  210.29
      Required ratio: 2918.08 (Side area) 
      Cumulative area ratio:  230.12
      Required ratio:    0.00 (Cumulative side area) 



Net: net1294
  Pin:   _17687_/S (sky130_fd_sc_hd__mux2_1)
    Layer: mcon
      Partial area ratio:    0.11
      Required ratio:    3.00 (Gate area) 
      Cumulative area ratio:    0.11
      Required ratio:    0.00 (Cumulative area) 

    Layer: met1
      Partial area ratio:    3.07
      Required ratio:    0.00 (Gate area) 
      Cumulative area ratio:    3.07
      Required ratio:    0.00 (Cumulative area) 
      Partial area ratio:   14.63
      Required ratio:  400.00 (Side area) 
      Cumulative area ratio:   14.63
      Required ratio:    0.00 (Cumulative side area) 

    Layer: via
      Partial area ratio:    0.18
      Required ratio:    6.00 (Gate area) 
      Cumulative area ratio:    0.29
      Required ratio:    0.00 (Cumulative area) 

    Layer: met2
      Partial area ratio:   47.91
      Required ratio:    0.00 (Gate area) 
      Cumulative area ratio:   50.99
      Required ratio:    0.00 (Cumulative area) 
      Partial area ratio:  237.69
      Required ratio:  400.00 (Side area) 
      Cumulative area ratio:  252.33
      Required ratio:    0.00 (Cumulative side area) 

    Layer: via2
      Partial area ratio:    0.32
      Required ratio:    6.00 (Gate area) 
      Cumulative area ratio:    0.61
      Required ratio:    0.00 (Cumulative area) 

    Layer: met3
      Partial area ratio:   12.80
      Required ratio:    0.00 (Gate area) 
      Cumulative area ratio:   63.79
      Required ratio:    0.00 (Cumulative area) 
      Partial area ratio:   70.16
      Required ratio: 2956.40 (Side area) 
      Cumulative area ratio:  322.48
      Required ratio:    0.00 (Cumulative side area) 

    Layer: via3
      Partial area ratio:    0.08
      Required ratio:   38.08 (Gate area) 
      Cumulative area ratio:    0.69
      Required ratio:    0.00 (Cumulative area) 

    Layer: met4
      Partial area ratio:   12.45
      Required ratio:    0.00 (Gate area) 
      Cumulative area ratio:   76.24
      Required ratio:    0.00 (Cumulative area) 
      Partial area ratio:   66.86
      Required ratio: 2956.40 (Side area) 
      Cumulative area ratio:  389.34
      Required ratio:    0.00 (Cumulative side area) 


  Pin:   _17689_/S (sky130_fd_sc_hd__mux2_1)
    Layer: mcon
      Partial area ratio:    0.11
      Required ratio:    3.00 (Gate area) 
      Cumulative area ratio:    0.11
      Required ratio:    0.00 (Cumulative area) 

    Layer: met1
      Partial area ratio:    2.87
      Required ratio:    0.00 (Gate area) 
      Cumulative area ratio:    2.87
      Required ratio:    0.00 (Cumulative area) 
      Partial area ratio:   13.62
      Required ratio:  400.00 (Side area) 
      Cumulative area ratio:   13.62
      Required ratio:    0.00 (Cumulative side area) 

    Layer: via
      Partial area ratio:    0.18
      Required ratio:    6.00 (Gate area) 
      Cumulative area ratio:    0.29
      Required ratio:    0.00 (Cumulative area) 

    Layer: met2
      Partial area ratio:    4.71
      Required ratio:    0.00 (Gate area) 
      Cumulative area ratio:    7.58
      Required ratio:    0.00 (Cumulative area) 
      Partial area ratio:   22.85
      Required ratio:  400.00 (Side area) 
      Cumulative area ratio:   36.46
      Required ratio:    0.00 (Cumulative side area) 

    Layer: via2
      Partial area ratio:    0.16
      Required ratio:    6.00 (Gate area) 
      Cumulative area ratio:    0.45
      Required ratio:    0.00 (Cumulative area) 

    Layer: met3
      Partial area ratio:   99.06
      Required ratio:    0.00 (Gate area) 
      Cumulative area ratio:  106.65
      Required ratio:    0.00 (Cumulative area) 
      Partial area ratio:  530.19
      Required ratio:  400.00 (Side area) (VIOLATED)
      Cumulative area ratio:  566.65
      Required ratio:    0.00 (Cumulative side area) 

    Layer: via3
      Partial area ratio:    0.16
      Required ratio:    6.00 (Gate area) 
      Cumulative area ratio:    0.61
      Required ratio:    0.00 (Cumulative area) 

    Layer: met4
      Partial area ratio:   12.45
      Required ratio:    0.00 (Gate area) 
      Cumulative area ratio:  119.10
      Required ratio:    0.00 (Cumulative area) 
      Partial area ratio:   66.86
      Required ratio: 2956.40 (Side area) 
      Cumulative area ratio:  633.51
      Required ratio:    0.00 (Cumulative side area) 


  Pin:   _17695_/S (sky130_fd_sc_hd__mux2_1)
    Layer: mcon
      Partial area ratio:    0.11
      Required ratio:    3.00 (Gate area) 
      Cumulative area ratio:    0.11
      Required ratio:    0.00 (Cumulative area) 

    Layer: met1
      Partial area ratio:    2.37
      Required ratio:    0.00 (Gate area) 
      Cumulative area ratio:    2.37
      Required ratio:    0.00 (Cumulative area) 
      Partial area ratio:   11.12
      Required ratio:  400.00 (Side area) 
      Cumulative area ratio:   11.12
      Required ratio:    0.00 (Cumulative side area) 

    Layer: via
      Partial area ratio:    0.18
      Required ratio:    6.00 (Gate area) 
      Cumulative area ratio:    0.29
      Required ratio:    0.00 (Cumulative area) 

    Layer: met2
      Partial area ratio:   28.20
      Required ratio:    0.00 (Gate area) 
      Cumulative area ratio:   30.57
      Required ratio:    0.00 (Cumulative area) 
      Partial area ratio:  139.79
      Required ratio: 2956.40 (Side area) 
      Cumulative area ratio:  150.91
      Required ratio:    0.00 (Cumulative side area) 

    Layer: via2
      Partial area ratio:    0.16
      Required ratio:   38.08 (Gate area) 
      Cumulative area ratio:    0.45
      Required ratio:    0.00 (Cumulative area) 

    Layer: met3
      Partial area ratio:   12.80
      Required ratio:    0.00 (Gate area) 
      Cumulative area ratio:   43.37
      Required ratio:    0.00 (Cumulative area) 
      Partial area ratio:   70.16
      Required ratio: 2956.40 (Side area) 
      Cumulative area ratio:  221.07
      Required ratio:    0.00 (Cumulative side area) 

    Layer: via3
      Partial area ratio:    0.08
      Required ratio:   38.08 (Gate area) 
      Cumulative area ratio:    0.53
      Required ratio:    0.00 (Cumulative area) 

    Layer: met4
      Partial area ratio:   12.45
      Required ratio:    0.00 (Gate area) 
      Cumulative area ratio:   55.82
      Required ratio:    0.00 (Cumulative area) 
      Partial area ratio:   66.86
      Required ratio: 2956.40 (Side area) 
      Cumulative area ratio:  287.92
      Required ratio:    0.00 (Cumulative side area) 


  Pin:   _17701_/S (sky130_fd_sc_hd__mux2_1)
    Layer: mcon
      Partial area ratio:    0.11
      Required ratio:    3.00 (Gate area) 
      Cumulative area ratio:    0.11
      Required ratio:    0.00 (Cumulative area) 

    Layer: met1
      Partial area ratio:   22.93
      Required ratio:    0.00 (Gate area) 
      Cumulative area ratio:   22.93
      Required ratio:    0.00 (Cumulative area) 
      Partial area ratio:  113.91
      Required ratio:  400.00 (Side area) 
      Cumulative area ratio:  113.91
      Required ratio:    0.00 (Cumulative side area) 

    Layer: via
      Partial area ratio:    0.18
      Required ratio:    6.00 (Gate area) 
      Cumulative area ratio:    0.29
      Required ratio:    0.00 (Cumulative area) 

    Layer: met2
      Partial area ratio:    0.74
      Required ratio:    0.00 (Gate area) 
      Cumulative area ratio:   23.67
      Required ratio:    0.00 (Cumulative area) 
      Partial area ratio:    3.42
      Required ratio:  400.00 (Side area) 
      Cumulative area ratio:  117.33
      Required ratio:    0.00 (Cumulative side area) 

    Layer: via2
      Partial area ratio:    0.16
      Required ratio:    6.00 (Gate area) 
      Cumulative area ratio:    0.45
      Required ratio:    0.00 (Cumulative area) 

    Layer: met3
      Partial area ratio:    0.50
      Required ratio:    0.00 (Gate area) 
      Cumulative area ratio:   24.17
      Required ratio:    0.00 (Cumulative area) 
      Partial area ratio:    4.51
      Required ratio:  400.00 (Side area) 
      Cumulative area ratio:  121.84
      Required ratio:    0.00 (Cumulative side area) 

    Layer: via3
      Partial area ratio:    0.16
      Required ratio:    6.00 (Gate area) 
      Cumulative area ratio:    0.61
      Required ratio:    0.00 (Cumulative area) 

    Layer: met4
      Partial area ratio:   12.45
      Required ratio:    0.00 (Gate area) 
      Cumulative area ratio:   36.62
      Required ratio:    0.00 (Cumulative area) 
      Partial area ratio:   66.86
      Required ratio: 2956.40 (Side area) 
      Cumulative area ratio:  188.69
      Required ratio:    0.00 (Cumulative side area) 



Net: net1386
  Pin:   fanout1377/A (sky130_fd_sc_hd__clkdlybuf4s25_1)
    Layer: mcon
      Partial area ratio:    0.14
      Required ratio:    3.00 (Gate area) 
      Cumulative area ratio:    0.14
      Required ratio:    0.00 (Cumulative area) 

    Layer: met1
      Partial area ratio:    3.59
      Required ratio:    0.00 (Gate area) 
      Cumulative area ratio:    3.59
      Required ratio:    0.00 (Cumulative area) 
      Partial area ratio:   17.06
      Required ratio:  400.00 (Side area) 
      Cumulative area ratio:   17.06
      Required ratio:    0.00 (Cumulative side area) 

    Layer: via
      Partial area ratio:    0.21
      Required ratio:    6.00 (Gate area) 
      Cumulative area ratio:    0.35
      Required ratio:    0.00 (Cumulative area) 

    Layer: met2
      Partial area ratio:    0.88
      Required ratio:    0.00 (Gate area) 
      Cumulative area ratio:    4.46
      Required ratio:    0.00 (Cumulative area) 
      Partial area ratio:    4.04
      Required ratio:  400.00 (Side area) 
      Cumulative area ratio:   21.11
      Required ratio:    0.00 (Cumulative side area) 

    Layer: via2
      Partial area ratio:    0.19
      Required ratio:    6.00 (Gate area) 
      Cumulative area ratio:    0.53
      Required ratio:    0.00 (Cumulative area) 

    Layer: met3
      Partial area ratio:    0.59
      Required ratio:    0.00 (Gate area) 
      Cumulative area ratio:    5.05
      Required ratio:    0.00 (Cumulative area) 
      Partial area ratio:    5.33
      Required ratio:  400.00 (Side area) 
      Cumulative area ratio:   26.44
      Required ratio:    0.00 (Cumulative side area) 

    Layer: via3
      Partial area ratio:    0.19
      Required ratio:    6.00 (Gate area) 
      Cumulative area ratio:    0.72
      Required ratio:    0.00 (Cumulative area) 

    Layer: met4
      Partial area ratio:  105.06
      Required ratio:    0.00 (Gate area) 
      Cumulative area ratio:  110.11
      Required ratio:    0.00 (Cumulative area) 
      Partial area ratio:  551.72
      Required ratio:  400.00 (Side area) (VIOLATED)
      Cumulative area ratio:  578.16
      Required ratio:    0.00 (Cumulative side area) 

    Layer: via4
      Partial area ratio:    1.50
      Required ratio:    6.00 (Gate area) 
      Cumulative area ratio:    2.22
      Required ratio:    0.00 (Cumulative area) 

    Layer: met5
      Partial area ratio:  187.42
      Required ratio:    0.00 (Gate area) 
      Cumulative area ratio:  297.53
      Required ratio:    0.00 (Cumulative area) 
      Partial area ratio:  290.14
      Required ratio: 2778.20 (Side area) 
      Cumulative area ratio:  868.30
      Required ratio:    0.00 (Cumulative side area) 


  Pin:   fanout1380/A (sky130_fd_sc_hd__clkdlybuf4s25_1)
    Layer: mcon
      Partial area ratio:    0.14
      Required ratio:    3.00 (Gate area) 
      Cumulative area ratio:    0.14
      Required ratio:    0.00 (Cumulative area) 

    Layer: met1
      Partial area ratio:   14.27
      Required ratio:    0.00 (Gate area) 
      Cumulative area ratio:   14.27
      Required ratio:    0.00 (Cumulative area) 
      Partial area ratio:   70.40
      Required ratio:  400.00 (Side area) 
      Cumulative area ratio:   70.40
      Required ratio:    0.00 (Cumulative side area) 

    Layer: via
      Partial area ratio:    0.21
      Required ratio:    6.00 (Gate area) 
      Cumulative area ratio:    0.35
      Required ratio:    0.00 (Cumulative area) 

    Layer: met2
      Partial area ratio:   14.65
      Required ratio:    0.00 (Gate area) 
      Cumulative area ratio:   28.92
      Required ratio:    0.00 (Cumulative area) 
      Partial area ratio:   72.38
      Required ratio:  400.00 (Side area) 
      Cumulative area ratio:  142.78
      Required ratio:    0.00 (Cumulative side area) 

    Layer: via2
      Partial area ratio:    0.19
      Required ratio:    6.00 (Gate area) 
      Cumulative area ratio:    0.53
      Required ratio:    0.00 (Cumulative area) 

    Layer: met3
      Partial area ratio:   29.74
      Required ratio:    0.00 (Gate area) 
      Cumulative area ratio:   58.65
      Required ratio:    0.00 (Cumulative area) 
      Partial area ratio:  160.79
      Required ratio:  400.00 (Side area) 
      Cumulative area ratio:  303.57
      Required ratio:    0.00 (Cumulative side area) 

    Layer: via3
      Partial area ratio:    0.19
      Required ratio:    6.00 (Gate area) 
      Cumulative area ratio:    0.72
      Required ratio:    0.00 (Cumulative area) 

    Layer: met4
      Partial area ratio:  105.06
      Required ratio:    0.00 (Gate area) 
      Cumulative area ratio:  163.71
      Required ratio:    0.00 (Cumulative area) 
      Partial area ratio:  551.72
      Required ratio:  400.00 (Side area) (VIOLATED)
      Cumulative area ratio:  855.29
      Required ratio:    0.00 (Cumulative side area) 

    Layer: via4
      Partial area ratio:    1.50
      Required ratio:    6.00 (Gate area) 
      Cumulative area ratio:    2.22
      Required ratio:    0.00 (Cumulative area) 

    Layer: met5
      Partial area ratio:  187.42
      Required ratio:    0.00 (Gate area) 
      Cumulative area ratio:  351.13
      Required ratio:    0.00 (Cumulative area) 
      Partial area ratio:  290.14
      Required ratio: 2778.20 (Side area) 
      Cumulative area ratio: 1145.43
      Required ratio:    0.00 (Cumulative side area) 



Net: net1396
  Pin:   _11082_/B1 (sky130_fd_sc_hd__o2bb2a_2)
    Layer: mcon
      Partial area ratio:    0.18
      Required ratio:    3.00 (Gate area) 
      Cumulative area ratio:    0.18
      Required ratio:    0.00 (Cumulative area) 

    Layer: met1
      Partial area ratio:    3.15
      Required ratio:    0.00 (Gate area) 
      Cumulative area ratio:    3.15
      Required ratio:    0.00 (Cumulative area) 
      Partial area ratio:   14.56
      Required ratio:  400.00 (Side area) 
      Cumulative area ratio:   14.56
      Required ratio:    0.00 (Cumulative side area) 

    Layer: via
      Partial area ratio:    0.28
      Required ratio:    6.00 (Gate area) 
      Cumulative area ratio:    0.46
      Required ratio:    0.00 (Cumulative area) 

    Layer: met2
      Partial area ratio:   18.70
      Required ratio:    0.00 (Gate area) 
      Cumulative area ratio:   21.84
      Required ratio:    0.00 (Cumulative area) 
      Partial area ratio:   92.87
      Required ratio: 2918.08 (Side area) 
      Cumulative area ratio:  107.43
      Required ratio:    0.00 (Cumulative side area) 


  Pin:   _11090_/B (sky130_fd_sc_hd__and2_2)
    Layer: mcon
      Partial area ratio:    0.23
      Required ratio:    3.00 (Gate area) 
      Cumulative area ratio:    0.23
      Required ratio:    0.00 (Cumulative area) 

    Layer: met1
      Partial area ratio:   14.32
      Required ratio:    0.00 (Gate area) 
      Cumulative area ratio:   14.32
      Required ratio:    0.00 (Cumulative area) 
      Partial area ratio:   69.25
      Required ratio:  400.00 (Side area) 
      Cumulative area ratio:   69.25
      Required ratio:    0.00 (Cumulative side area) 

    Layer: via
      Partial area ratio:    0.54
      Required ratio:    6.00 (Gate area) 
      Cumulative area ratio:    0.77
      Required ratio:    0.00 (Cumulative area) 

    Layer: met2
      Partial area ratio:   18.70
      Required ratio:    0.00 (Gate area) 
      Cumulative area ratio:   33.01
      Required ratio:    0.00 (Cumulative area) 
      Partial area ratio:   92.87
      Required ratio: 2918.08 (Side area) 
      Cumulative area ratio:  162.12
      Required ratio:    0.00 (Cumulative side area) 


  Pin:   _11407_/A2 (sky130_fd_sc_hd__a22oi_2)
    Layer: mcon
      Partial area ratio:    0.06
      Required ratio:    3.00 (Gate area) 
      Cumulative area ratio:    0.06
      Required ratio:    0.00 (Cumulative area) 

    Layer: met1
      Partial area ratio:    2.93
      Required ratio:    0.00 (Gate area) 
      Cumulative area ratio:    2.93
      Required ratio:    0.00 (Cumulative area) 
      Partial area ratio:   14.30
      Required ratio:  400.00 (Side area) 
      Cumulative area ratio:   14.30
      Required ratio:    0.00 (Cumulative side area) 

    Layer: via
      Partial area ratio:    0.09
      Required ratio:    6.00 (Gate area) 
      Cumulative area ratio:    0.15
      Required ratio:    0.00 (Cumulative area) 

    Layer: met2
      Partial area ratio:   18.70
      Required ratio:    0.00 (Gate area) 
      Cumulative area ratio:   21.63
      Required ratio:    0.00 (Cumulative area) 
      Partial area ratio:   92.87
      Required ratio: 2918.08 (Side area) 
      Cumulative area ratio:  107.17
      Required ratio:    0.00 (Cumulative side area) 


  Pin:   _12665_/B (sky130_fd_sc_hd__and2b_2)
    Layer: mcon
      Partial area ratio:    0.23
      Required ratio:    3.00 (Gate area) 
      Cumulative area ratio:    0.23
      Required ratio:    0.00 (Cumulative area) 

    Layer: met1
      Partial area ratio:  130.65
      Required ratio:    0.00 (Gate area) 
      Cumulative area ratio:  130.65
      Required ratio:    0.00 (Cumulative area) 
      Partial area ratio:  650.91
      Required ratio:  400.00 (Side area) (VIOLATED)
      Cumulative area ratio:  650.91
      Required ratio:    0.00 (Cumulative side area) 

    Layer: via
      Partial area ratio:    0.54
      Required ratio:    6.00 (Gate area) 
      Cumulative area ratio:    0.77
      Required ratio:    0.00 (Cumulative area) 

    Layer: met2
      Partial area ratio:   18.70
      Required ratio:    0.00 (Gate area) 
      Cumulative area ratio:  149.34
      Required ratio:    0.00 (Cumulative area) 
      Partial area ratio:   92.87
      Required ratio: 2918.08 (Side area) 
      Cumulative area ratio:  743.78
      Required ratio:    0.00 (Cumulative side area) 


  Pin:   _12695_/A1 (sky130_fd_sc_hd__mux2_1)
    Layer: mcon
      Partial area ratio:    0.23
      Required ratio:    3.00 (Gate area) 
      Cumulative area ratio:    0.23
      Required ratio:    0.00 (Cumulative area) 

    Layer: met1
      Partial area ratio:    3.91
      Required ratio:    0.00 (Gate area) 
      Cumulative area ratio:    3.91
      Required ratio:    0.00 (Cumulative area) 
      Partial area ratio:   18.06
      Required ratio:  400.00 (Side area) 
      Cumulative area ratio:   18.06
      Required ratio:    0.00 (Cumulative side area) 

    Layer: via
      Partial area ratio:    0.36
      Required ratio:    6.00 (Gate area) 
      Cumulative area ratio:    0.59
      Required ratio:    0.00 (Cumulative area) 

    Layer: met2
      Partial area ratio:   18.70
      Required ratio:    0.00 (Gate area) 
      Cumulative area ratio:   22.60
      Required ratio:    0.00 (Cumulative area) 
      Partial area ratio:   92.87
      Required ratio: 2918.08 (Side area) 
      Cumulative area ratio:  110.93
      Required ratio:    0.00 (Cumulative side area) 



Net: net1397
  Pin:   _10774_/B1 (sky130_fd_sc_hd__a22o_2)
    Layer: mcon
      Partial area ratio:    0.12
      Required ratio:    3.00 (Gate area) 
      Cumulative area ratio:    0.12
      Required ratio:    0.00 (Cumulative area) 

    Layer: met1
      Partial area ratio:    2.22
      Required ratio:    0.00 (Gate area) 
      Cumulative area ratio:    2.22
      Required ratio:    0.00 (Cumulative area) 
      Partial area ratio:   10.58
      Required ratio:  400.00 (Side area) 
      Cumulative area ratio:   10.58
      Required ratio:    0.00 (Cumulative side area) 

    Layer: via
      Partial area ratio:    0.10
      Required ratio:    6.00 (Gate area) 
      Cumulative area ratio:    0.21
      Required ratio:    0.00 (Cumulative area) 

    Layer: met2
      Partial area ratio:    0.39
      Required ratio:    0.00 (Gate area) 
      Cumulative area ratio:    2.61
      Required ratio:    0.00 (Cumulative area) 
      Partial area ratio:    1.76
      Required ratio:  400.00 (Side area) 
      Cumulative area ratio:   12.35
      Required ratio:    0.00 (Cumulative side area) 

    Layer: via2
      Partial area ratio:    0.08
      Required ratio:    6.00 (Gate area) 
      Cumulative area ratio:    0.29
      Required ratio:    0.00 (Cumulative area) 

    Layer: met3
      Partial area ratio:    0.25
      Required ratio:    0.00 (Gate area) 
      Cumulative area ratio:    2.86
      Required ratio:    0.00 (Cumulative area) 
      Partial area ratio:    2.29
      Required ratio:  400.00 (Side area) 
      Cumulative area ratio:   14.64
      Required ratio:    0.00 (Cumulative side area) 

    Layer: via3
      Partial area ratio:    0.08
      Required ratio:    6.00 (Gate area) 
      Cumulative area ratio:    0.37
      Required ratio:    0.00 (Cumulative area) 

    Layer: met4
      Partial area ratio:   86.22
      Required ratio:    0.00 (Gate area) 
      Cumulative area ratio:   89.09
      Required ratio:    0.00 (Cumulative area) 
      Partial area ratio:  461.11
      Required ratio: 2918.08 (Side area) 
      Cumulative area ratio:  475.75
      Required ratio:    0.00 (Cumulative side area) 


  Pin:   _10775_/B1 (sky130_fd_sc_hd__o22a_2)
    Layer: mcon
      Partial area ratio:    0.12
      Required ratio:    3.00 (Gate area) 
      Cumulative area ratio:    0.12
      Required ratio:    0.00 (Cumulative area) 

    Layer: met1
      Partial area ratio:    2.22
      Required ratio:    0.00 (Gate area) 
      Cumulative area ratio:    2.22
      Required ratio:    0.00 (Cumulative area) 
      Partial area ratio:   10.58
      Required ratio:  400.00 (Side area) 
      Cumulative area ratio:   10.58
      Required ratio:    0.00 (Cumulative side area) 

    Layer: via
      Partial area ratio:    0.10
      Required ratio:    6.00 (Gate area) 
      Cumulative area ratio:    0.21
      Required ratio:    0.00 (Cumulative area) 

    Layer: met2
      Partial area ratio:    0.39
      Required ratio:    0.00 (Gate area) 
      Cumulative area ratio:    2.61
      Required ratio:    0.00 (Cumulative area) 
      Partial area ratio:    1.76
      Required ratio:  400.00 (Side area) 
      Cumulative area ratio:   12.35
      Required ratio:    0.00 (Cumulative side area) 

    Layer: via2
      Partial area ratio:    0.08
      Required ratio:    6.00 (Gate area) 
      Cumulative area ratio:    0.29
      Required ratio:    0.00 (Cumulative area) 

    Layer: met3
      Partial area ratio:    0.25
      Required ratio:    0.00 (Gate area) 
      Cumulative area ratio:    2.86
      Required ratio:    0.00 (Cumulative area) 
      Partial area ratio:    2.29
      Required ratio:  400.00 (Side area) 
      Cumulative area ratio:   14.64
      Required ratio:    0.00 (Cumulative side area) 

    Layer: via3
      Partial area ratio:    0.08
      Required ratio:    6.00 (Gate area) 
      Cumulative area ratio:    0.37
      Required ratio:    0.00 (Cumulative area) 

    Layer: met4
      Partial area ratio:   86.22
      Required ratio:    0.00 (Gate area) 
      Cumulative area ratio:   89.09
      Required ratio:    0.00 (Cumulative area) 
      Partial area ratio:  461.11
      Required ratio: 2918.08 (Side area) 
      Cumulative area ratio:  475.75
      Required ratio:    0.00 (Cumulative side area) 


  Pin:   _12513_/A0 (sky130_fd_sc_hd__mux2_1)
    Layer: mcon
      Partial area ratio:    0.23
      Required ratio:    3.00 (Gate area) 
      Cumulative area ratio:    0.23
      Required ratio:    0.00 (Cumulative area) 

    Layer: met1
      Partial area ratio:    6.94
      Required ratio:    0.00 (Gate area) 
      Cumulative area ratio:    6.94
      Required ratio:    0.00 (Cumulative area) 
      Partial area ratio:   33.21
      Required ratio:  400.00 (Side area) 
      Cumulative area ratio:   33.21
      Required ratio:    0.00 (Cumulative side area) 

    Layer: via
      Partial area ratio:    0.36
      Required ratio:    6.00 (Gate area) 
      Cumulative area ratio:    0.59
      Required ratio:    0.00 (Cumulative area) 

    Layer: met2
      Partial area ratio:    9.43
      Required ratio:    0.00 (Gate area) 
      Cumulative area ratio:   16.36
      Required ratio:    0.00 (Cumulative area) 
      Partial area ratio:   45.69
      Required ratio:  400.00 (Side area) 
      Cumulative area ratio:   78.91
      Required ratio:    0.00 (Cumulative side area) 

    Layer: via2
      Partial area ratio:    0.32
      Required ratio:    6.00 (Gate area) 
      Cumulative area ratio:    0.90
      Required ratio:    0.00 (Cumulative area) 

    Layer: met3
      Partial area ratio:   99.11
      Required ratio:    0.00 (Gate area) 
      Cumulative area ratio:  115.47
      Required ratio:    0.00 (Cumulative area) 
      Partial area ratio:  530.38
      Required ratio:  400.00 (Side area) (VIOLATED)
      Cumulative area ratio:  609.29
      Required ratio:    0.00 (Cumulative side area) 

    Layer: via3
      Partial area ratio:    0.32
      Required ratio:    6.00 (Gate area) 
      Cumulative area ratio:    1.22
      Required ratio:    0.00 (Cumulative area) 

    Layer: met4
      Partial area ratio:   86.22
      Required ratio:    0.00 (Gate area) 
      Cumulative area ratio:  201.69
      Required ratio:    0.00 (Cumulative area) 
      Partial area ratio:  461.11
      Required ratio: 2918.08 (Side area) 
      Cumulative area ratio: 1070.39
      Required ratio:    0.00 (Cumulative side area) 


  Pin:   _12723_/A1 (sky130_fd_sc_hd__mux2_1)
    Layer: mcon
      Partial area ratio:    0.23
      Required ratio:    3.00 (Gate area) 
      Cumulative area ratio:    0.23
      Required ratio:    0.00 (Cumulative area) 

    Layer: met1
      Partial area ratio:    1.90
      Required ratio:    0.00 (Gate area) 
      Cumulative area ratio:    1.90
      Required ratio:    0.00 (Cumulative area) 
      Partial area ratio:    8.64
      Required ratio:  400.00 (Side area) 
      Cumulative area ratio:    8.64
      Required ratio:    0.00 (Cumulative side area) 

    Layer: via
      Partial area ratio:    0.24
      Required ratio:    6.00 (Gate area) 
      Cumulative area ratio:    0.47
      Required ratio:    0.00 (Cumulative area) 

    Layer: met2
      Partial area ratio:    0.92
      Required ratio:    0.00 (Gate area) 
      Cumulative area ratio:    2.82
      Required ratio:    0.00 (Cumulative area) 
      Partial area ratio:    3.83
      Required ratio:  400.00 (Side area) 
      Cumulative area ratio:   12.47
      Required ratio:    0.00 (Cumulative side area) 

    Layer: via2
      Partial area ratio:    0.32
      Required ratio:    6.00 (Gate area) 
      Cumulative area ratio:    0.78
      Required ratio:    0.00 (Cumulative area) 

    Layer: met3
      Partial area ratio:   99.11
      Required ratio:    0.00 (Gate area) 
      Cumulative area ratio:  101.93
      Required ratio:    0.00 (Cumulative area) 
      Partial area ratio:  530.38
      Required ratio:  400.00 (Side area) (VIOLATED)
      Cumulative area ratio:  542.85
      Required ratio:    0.00 (Cumulative side area) 

    Layer: via3
      Partial area ratio:    0.32
      Required ratio:    6.00 (Gate area) 
      Cumulative area ratio:    1.10
      Required ratio:    0.00 (Cumulative area) 

    Layer: met4
      Partial area ratio:   86.22
      Required ratio:    0.00 (Gate area) 
      Cumulative area ratio:  188.15
      Required ratio:    0.00 (Cumulative area) 
      Partial area ratio:  461.11
      Required ratio: 2918.08 (Side area) 
      Cumulative area ratio: 1003.96
      Required ratio:    0.00 (Cumulative side area) 



Net: net1550
  Pin:   _10625_/B1 (sky130_fd_sc_hd__a22o_2)
    Layer: mcon
      Partial area ratio:    0.12
      Required ratio:    3.00 (Gate area) 
      Cumulative area ratio:    0.12
      Required ratio:    0.00 (Cumulative area) 

    Layer: met1
      Partial area ratio:    3.79
      Required ratio:    0.00 (Gate area) 
      Cumulative area ratio:    3.79
      Required ratio:    0.00 (Cumulative area) 
      Partial area ratio:   18.21
      Required ratio:  400.00 (Side area) 
      Cumulative area ratio:   18.21
      Required ratio:    0.00 (Cumulative side area) 

    Layer: via
      Partial area ratio:    0.18
      Required ratio:    6.00 (Gate area) 
      Cumulative area ratio:    0.30
      Required ratio:    0.00 (Cumulative area) 

    Layer: met2
      Partial area ratio:    9.06
      Required ratio:    0.00 (Gate area) 
      Cumulative area ratio:   12.86
      Required ratio:    0.00 (Cumulative area) 
      Partial area ratio:   44.28
      Required ratio: 2778.20 (Side area) 
      Cumulative area ratio:   62.50
      Required ratio:    0.00 (Cumulative side area) 

    Layer: via2
      Partial area ratio:    0.08
      Required ratio:   22.04 (Gate area) 
      Cumulative area ratio:    0.38
      Required ratio:    0.00 (Cumulative area) 

    Layer: met3
      Partial area ratio:    0.25
      Required ratio:    0.00 (Gate area) 
      Cumulative area ratio:   13.11
      Required ratio:    0.00 (Cumulative area) 
      Partial area ratio:    2.27
      Required ratio: 2778.20 (Side area) 
      Cumulative area ratio:   64.77
      Required ratio:    0.00 (Cumulative side area) 

    Layer: via3
      Partial area ratio:    0.08
      Required ratio:   22.04 (Gate area) 
      Cumulative area ratio:    0.46
      Required ratio:    0.00 (Cumulative area) 

    Layer: met4
      Partial area ratio:   41.73
      Required ratio:    0.00 (Gate area) 
      Cumulative area ratio:   54.83
      Required ratio:    0.00 (Cumulative area) 
      Partial area ratio:  223.16
      Required ratio: 2778.20 (Side area) 
      Cumulative area ratio:  287.94
      Required ratio:    0.00 (Cumulative side area) 


  Pin:   _12471_/A2 (sky130_fd_sc_hd__a21o_2)
    Layer: mcon
      Partial area ratio:    0.12
      Required ratio:    3.00 (Gate area) 
      Cumulative area ratio:    0.12
      Required ratio:    0.00 (Cumulative area) 

    Layer: met1
      Partial area ratio:    1.87
      Required ratio:    0.00 (Gate area) 
      Cumulative area ratio:    1.87
      Required ratio:    0.00 (Cumulative area) 
      Partial area ratio:    8.61
      Required ratio:  400.00 (Side area) 
      Cumulative area ratio:    8.61
      Required ratio:    0.00 (Cumulative side area) 

    Layer: via
      Partial area ratio:    0.18
      Required ratio:    6.00 (Gate area) 
      Cumulative area ratio:    0.30
      Required ratio:    0.00 (Cumulative area) 

    Layer: met2
      Partial area ratio:    0.75
      Required ratio:    0.00 (Gate area) 
      Cumulative area ratio:    2.63
      Required ratio:    0.00 (Cumulative area) 
      Partial area ratio:    3.48
      Required ratio:  400.00 (Side area) 
      Cumulative area ratio:   12.09
      Required ratio:    0.00 (Cumulative side area) 

    Layer: via2
      Partial area ratio:    0.16
      Required ratio:    6.00 (Gate area) 
      Cumulative area ratio:    0.46
      Required ratio:    0.00 (Cumulative area) 

    Layer: met3
      Partial area ratio:    0.50
      Required ratio:    0.00 (Gate area) 
      Cumulative area ratio:    3.13
      Required ratio:    0.00 (Cumulative area) 
      Partial area ratio:    4.59
      Required ratio:  400.00 (Side area) 
      Cumulative area ratio:   16.68
      Required ratio:    0.00 (Cumulative side area) 

    Layer: via3
      Partial area ratio:    0.16
      Required ratio:    6.00 (Gate area) 
      Cumulative area ratio:    0.62
      Required ratio:    0.00 (Cumulative area) 

    Layer: met4
      Partial area ratio:   41.73
      Required ratio:    0.00 (Gate area) 
      Cumulative area ratio:   44.86
      Required ratio:    0.00 (Cumulative area) 
      Partial area ratio:  223.16
      Required ratio: 2778.20 (Side area) 
      Cumulative area ratio:  239.85
      Required ratio:    0.00 (Cumulative side area) 


  Pin:   _12678_/A0 (sky130_fd_sc_hd__mux2_1)
    Layer: mcon
      Partial area ratio:    0.23
      Required ratio:    3.00 (Gate area) 
      Cumulative area ratio:    0.23
      Required ratio:    0.00 (Cumulative area) 

    Layer: met1
      Partial area ratio:   12.25
      Required ratio:    0.00 (Gate area) 
      Cumulative area ratio:   12.25
      Required ratio:    0.00 (Cumulative area) 
      Partial area ratio:   59.78
      Required ratio:  400.00 (Side area) 
      Cumulative area ratio:   59.78
      Required ratio:    0.00 (Cumulative side area) 

    Layer: via
      Partial area ratio:    0.36
      Required ratio:    6.00 (Gate area) 
      Cumulative area ratio:    0.59
      Required ratio:    0.00 (Cumulative area) 

    Layer: met2
      Partial area ratio:    9.06
      Required ratio:    0.00 (Gate area) 
      Cumulative area ratio:   21.31
      Required ratio:    0.00 (Cumulative area) 
      Partial area ratio:   44.28
      Required ratio: 2778.20 (Side area) 
      Cumulative area ratio:  104.06
      Required ratio:    0.00 (Cumulative side area) 

    Layer: via2
      Partial area ratio:    0.08
      Required ratio:   22.04 (Gate area) 
      Cumulative area ratio:    0.67
      Required ratio:    0.00 (Cumulative area) 

    Layer: met3
      Partial area ratio:    0.25
      Required ratio:    0.00 (Gate area) 
      Cumulative area ratio:   21.56
      Required ratio:    0.00 (Cumulative area) 
      Partial area ratio:    2.27
      Required ratio: 2778.20 (Side area) 
      Cumulative area ratio:  106.34
      Required ratio:    0.00 (Cumulative side area) 

    Layer: via3
      Partial area ratio:    0.08
      Required ratio:   22.04 (Gate area) 
      Cumulative area ratio:    0.75
      Required ratio:    0.00 (Cumulative area) 

    Layer: met4
      Partial area ratio:   41.73
      Required ratio:    0.00 (Gate area) 
      Cumulative area ratio:   63.29
      Required ratio:    0.00 (Cumulative area) 
      Partial area ratio:  223.16
      Required ratio: 2778.20 (Side area) 
      Cumulative area ratio:  329.50
      Required ratio:    0.00 (Cumulative side area) 


  Pin:   _12711_/A1 (sky130_fd_sc_hd__mux2_1)
    Layer: mcon
      Partial area ratio:    0.23
      Required ratio:    3.00 (Gate area) 
      Cumulative area ratio:    0.23
      Required ratio:    0.00 (Cumulative area) 

    Layer: met1
      Partial area ratio:  141.03
      Required ratio:    0.00 (Gate area) 
      Cumulative area ratio:  141.03
      Required ratio:    0.00 (Cumulative area) 
      Partial area ratio:  702.39
      Required ratio:  400.00 (Side area) (VIOLATED)
      Cumulative area ratio:  702.39
      Required ratio:    0.00 (Cumulative side area) 

    Layer: via
      Partial area ratio:    0.64
      Required ratio:    6.00 (Gate area) 
      Cumulative area ratio:    0.87
      Required ratio:    0.00 (Cumulative area) 

    Layer: met2
      Partial area ratio:    9.06
      Required ratio:    0.00 (Gate area) 
      Cumulative area ratio:  150.09
      Required ratio:    0.00 (Cumulative area) 
      Partial area ratio:   44.28
      Required ratio: 2778.20 (Side area) 
      Cumulative area ratio:  746.67
      Required ratio:    0.00 (Cumulative side area) 

    Layer: via2
      Partial area ratio:    0.08
      Required ratio:   22.04 (Gate area) 
      Cumulative area ratio:    0.95
      Required ratio:    0.00 (Cumulative area) 

    Layer: met3
      Partial area ratio:    0.25
      Required ratio:    0.00 (Gate area) 
      Cumulative area ratio:  150.34
      Required ratio:    0.00 (Cumulative area) 
      Partial area ratio:    2.27
      Required ratio: 2778.20 (Side area) 
      Cumulative area ratio:  748.95
      Required ratio:    0.00 (Cumulative side area) 

    Layer: via3
      Partial area ratio:    0.08
      Required ratio:   22.04 (Gate area) 
      Cumulative area ratio:    1.03
      Required ratio:    0.00 (Cumulative area) 

    Layer: met4
      Partial area ratio:   41.73
      Required ratio:    0.00 (Gate area) 
      Cumulative area ratio:  192.07
      Required ratio:    0.00 (Cumulative area) 
      Partial area ratio:  223.16
      Required ratio: 2778.20 (Side area) 
      Cumulative area ratio:  972.11
      Required ratio:    0.00 (Cumulative side area) 



Net: net1565
  Pin:   wire1564/A (sky130_fd_sc_hd__buf_4)
    Layer: mcon
      Partial area ratio:    0.12
      Required ratio:    3.00 (Gate area) 
      Cumulative area ratio:    0.12
      Required ratio:    0.00 (Cumulative area) 

    Layer: met1
      Partial area ratio:    1.93
      Required ratio:    0.00 (Gate area) 
      Cumulative area ratio:    1.93
      Required ratio:    0.00 (Cumulative area) 
      Partial area ratio:    8.91
      Required ratio:  400.00 (Side area) 
      Cumulative area ratio:    8.91
      Required ratio:    0.00 (Cumulative side area) 

    Layer: via
      Partial area ratio:    0.18
      Required ratio:    6.00 (Gate area) 
      Cumulative area ratio:    0.30
      Required ratio:    0.00 (Cumulative area) 

    Layer: met2
      Partial area ratio:    0.75
      Required ratio:    0.00 (Gate area) 
      Cumulative area ratio:    2.69
      Required ratio:    0.00 (Cumulative area) 
      Partial area ratio:    3.48
      Required ratio:  400.00 (Side area) 
      Cumulative area ratio:   12.39
      Required ratio:    0.00 (Cumulative side area) 

    Layer: via2
      Partial area ratio:    0.16
      Required ratio:    6.00 (Gate area) 
      Cumulative area ratio:    0.46
      Required ratio:    0.00 (Cumulative area) 

    Layer: met3
      Partial area ratio:    0.50
      Required ratio:    0.00 (Gate area) 
      Cumulative area ratio:    3.19
      Required ratio:    0.00 (Cumulative area) 
      Partial area ratio:    4.59
      Required ratio:  400.00 (Side area) 
      Cumulative area ratio:   16.98
      Required ratio:    0.00 (Cumulative side area) 

    Layer: via3
      Partial area ratio:    0.16
      Required ratio:    6.00 (Gate area) 
      Cumulative area ratio:    0.62
      Required ratio:    0.00 (Cumulative area) 

    Layer: met4
      Partial area ratio:  172.42
      Required ratio:    0.00 (Gate area) 
      Cumulative area ratio:  175.61
      Required ratio:    0.00 (Cumulative area) 
      Partial area ratio:  904.82
      Required ratio:  400.00 (Side area) (VIOLATED)
      Cumulative area ratio:  921.80
      Required ratio:    0.00 (Cumulative side area) 

    Layer: via4
      Partial area ratio:    2.59
      Required ratio:    6.00 (Gate area) 
      Cumulative area ratio:    3.21
      Required ratio:    0.00 (Cumulative area) 

    Layer: met5
      Partial area ratio:  367.19
      Required ratio:    0.00 (Gate area) 
      Cumulative area ratio:  542.81
      Required ratio:    0.00 (Cumulative area) 
      Partial area ratio:  566.30
      Required ratio: 2778.20 (Side area) 
      Cumulative area ratio: 1488.11
      Required ratio:    0.00 (Cumulative side area) 



Net: net1623
  Pin:   _09664_/A1 (sky130_fd_sc_hd__a211o_2)
    Layer: mcon
      Partial area ratio:    0.12
      Required ratio:    3.00 (Gate area) 
      Cumulative area ratio:    0.12
      Required ratio:    0.00 (Cumulative area) 

    Layer: met1
      Partial area ratio:   18.04
      Required ratio:    0.00 (Gate area) 
      Cumulative area ratio:   18.04
      Required ratio:    0.00 (Cumulative area) 
      Partial area ratio:   89.43
      Required ratio:  400.00 (Side area) 
      Cumulative area ratio:   89.43
      Required ratio:    0.00 (Cumulative side area) 

    Layer: via
      Partial area ratio:    0.18
      Required ratio:    6.00 (Gate area) 
      Cumulative area ratio:    0.30
      Required ratio:    0.00 (Cumulative area) 

    Layer: met2
      Partial area ratio:    2.74
      Required ratio:    0.00 (Gate area) 
      Cumulative area ratio:   20.78
      Required ratio:    0.00 (Cumulative area) 
      Partial area ratio:   13.31
      Required ratio:  400.00 (Side area) 
      Cumulative area ratio:  102.74
      Required ratio:    0.00 (Cumulative side area) 

    Layer: via2
      Partial area ratio:    0.08
      Required ratio:    6.00 (Gate area) 
      Cumulative area ratio:    0.38
      Required ratio:    0.00 (Cumulative area) 

    Layer: met3
      Partial area ratio:    0.25
      Required ratio:    0.00 (Gate area) 
      Cumulative area ratio:   21.03
      Required ratio:    0.00 (Cumulative area) 
      Partial area ratio:    2.29
      Required ratio:  400.00 (Side area) 
      Cumulative area ratio:  105.03
      Required ratio:    0.00 (Cumulative side area) 

    Layer: via3
      Partial area ratio:    0.08
      Required ratio:    6.00 (Gate area) 
      Cumulative area ratio:    0.46
      Required ratio:    0.00 (Cumulative area) 

    Layer: met4
      Partial area ratio:   30.84
      Required ratio:    0.00 (Gate area) 
      Cumulative area ratio:   51.87
      Required ratio:    0.00 (Cumulative area) 
      Partial area ratio:  165.11
      Required ratio: 2918.08 (Side area) 
      Cumulative area ratio:  270.14
      Required ratio:    0.00 (Cumulative side area) 


  Pin:   _09977_/B2 (sky130_fd_sc_hd__a22o_2)
    Layer: mcon
      Partial area ratio:    0.12
      Required ratio:    3.00 (Gate area) 
      Cumulative area ratio:    0.12
      Required ratio:    0.00 (Cumulative area) 

    Layer: met1
      Partial area ratio:   37.85
      Required ratio:    0.00 (Gate area) 
      Cumulative area ratio:   37.85
      Required ratio:    0.00 (Cumulative area) 
      Partial area ratio:  188.08
      Required ratio:  400.00 (Side area) 
      Cumulative area ratio:  188.08
      Required ratio:    0.00 (Cumulative side area) 

    Layer: via
      Partial area ratio:    0.27
      Required ratio:    6.00 (Gate area) 
      Cumulative area ratio:    0.39
      Required ratio:    0.00 (Cumulative area) 

    Layer: met2
      Partial area ratio:    2.74
      Required ratio:    0.00 (Gate area) 
      Cumulative area ratio:   40.60
      Required ratio:    0.00 (Cumulative area) 
      Partial area ratio:   13.31
      Required ratio:  400.00 (Side area) 
      Cumulative area ratio:  201.39
      Required ratio:    0.00 (Cumulative side area) 

    Layer: via2
      Partial area ratio:    0.08
      Required ratio:    6.00 (Gate area) 
      Cumulative area ratio:    0.47
      Required ratio:    0.00 (Cumulative area) 

    Layer: met3
      Partial area ratio:    0.25
      Required ratio:    0.00 (Gate area) 
      Cumulative area ratio:   40.85
      Required ratio:    0.00 (Cumulative area) 
      Partial area ratio:    2.29
      Required ratio:  400.00 (Side area) 
      Cumulative area ratio:  203.68
      Required ratio:    0.00 (Cumulative side area) 

    Layer: via3
      Partial area ratio:    0.08
      Required ratio:    6.00 (Gate area) 
      Cumulative area ratio:    0.55
      Required ratio:    0.00 (Cumulative area) 

    Layer: met4
      Partial area ratio:   30.84
      Required ratio:    0.00 (Gate area) 
      Cumulative area ratio:   71.69
      Required ratio:    0.00 (Cumulative area) 
      Partial area ratio:  165.11
      Required ratio: 2918.08 (Side area) 
      Cumulative area ratio:  368.79
      Required ratio:    0.00 (Cumulative side area) 


  Pin:   _10185_/C1 (sky130_fd_sc_hd__o211a_2)
    Layer: mcon
      Partial area ratio:    0.12
      Required ratio:    3.00 (Gate area) 
      Cumulative area ratio:    0.12
      Required ratio:    0.00 (Cumulative area) 

    Layer: met1
      Partial area ratio:    4.29
      Required ratio:    0.00 (Gate area) 
      Cumulative area ratio:    4.29
      Required ratio:    0.00 (Cumulative area) 
      Partial area ratio:   20.69
      Required ratio:  400.00 (Side area) 
      Cumulative area ratio:   20.69
      Required ratio:    0.00 (Cumulative side area) 

    Layer: via
      Partial area ratio:    0.18
      Required ratio:    6.00 (Gate area) 
      Cumulative area ratio:    0.30
      Required ratio:    0.00 (Cumulative area) 

    Layer: met2
      Partial area ratio:    0.75
      Required ratio:    0.00 (Gate area) 
      Cumulative area ratio:    5.04
      Required ratio:    0.00 (Cumulative area) 
      Partial area ratio:    3.48
      Required ratio:  400.00 (Side area) 
      Cumulative area ratio:   24.17
      Required ratio:    0.00 (Cumulative side area) 

    Layer: via2
      Partial area ratio:    0.16
      Required ratio:    6.00 (Gate area) 
      Cumulative area ratio:    0.46
      Required ratio:    0.00 (Cumulative area) 

    Layer: met3
      Partial area ratio:  142.68
      Required ratio:    0.00 (Gate area) 
      Cumulative area ratio:  147.73
      Required ratio:    0.00 (Cumulative area) 
      Partial area ratio:  762.86
      Required ratio:  400.00 (Side area) (VIOLATED)
      Cumulative area ratio:  787.03
      Required ratio:    0.00 (Cumulative side area) 

    Layer: via3
      Partial area ratio:    0.16
      Required ratio:    6.00 (Gate area) 
      Cumulative area ratio:    0.62
      Required ratio:    0.00 (Cumulative area) 

    Layer: met4
      Partial area ratio:   30.84
      Required ratio:    0.00 (Gate area) 
      Cumulative area ratio:  178.57
      Required ratio:    0.00 (Cumulative area) 
      Partial area ratio:  165.11
      Required ratio: 2918.08 (Side area) 
      Cumulative area ratio:  952.14
      Required ratio:    0.00 (Cumulative side area) 



Net: net1634
  Pin:   _09779_/A (sky130_fd_sc_hd__or3_2)
    Layer: mcon
      Partial area ratio:    0.23
      Required ratio:    3.00 (Gate area) 
      Cumulative area ratio:    0.23
      Required ratio:    0.00 (Cumulative area) 

    Layer: met1
      Partial area ratio:   20.95
      Required ratio:    0.00 (Gate area) 
      Cumulative area ratio:   20.95
      Required ratio:    0.00 (Cumulative area) 
      Partial area ratio:  101.03
      Required ratio: 2881.16 (Side area) 
      Cumulative area ratio:  101.03
      Required ratio:    0.00 (Cumulative side area) 

    Layer: via
      Partial area ratio:    0.71
      Required ratio:   31.30 (Gate area) 
      Cumulative area ratio:    0.94
      Required ratio:    0.00 (Cumulative area) 

    Layer: met2
      Partial area ratio:   10.91
      Required ratio:    0.00 (Gate area) 
      Cumulative area ratio:   31.86
      Required ratio:    0.00 (Cumulative area) 
      Partial area ratio:   52.53
      Required ratio: 2881.16 (Side area) 
      Cumulative area ratio:  153.56
      Required ratio:    0.00 (Cumulative side area) 

    Layer: via2
      Partial area ratio:    0.63
      Required ratio:   31.30 (Gate area) 
      Cumulative area ratio:    1.58
      Required ratio:    0.00 (Cumulative area) 

    Layer: met3
      Partial area ratio:   48.76
      Required ratio:    0.00 (Gate area) 
      Cumulative area ratio:   80.62
      Required ratio:    0.00 (Cumulative area) 
      Partial area ratio:  260.75
      Required ratio: 2881.16 (Side area) 
      Cumulative area ratio:  414.30
      Required ratio:    0.00 (Cumulative side area) 

    Layer: via3
      Partial area ratio:    0.03
      Required ratio:   31.30 (Gate area) 
      Cumulative area ratio:    1.61
      Required ratio:    0.00 (Cumulative area) 

    Layer: met4
      Partial area ratio:   62.15
      Required ratio:    0.00 (Gate area) 
      Cumulative area ratio:  142.77
      Required ratio:    0.00 (Cumulative area) 
      Partial area ratio:  332.04
      Required ratio: 2881.16 (Side area) 
      Cumulative area ratio:  746.34
      Required ratio:    0.00 (Cumulative side area) 


  Pin:   _10286_/B1 (sky130_fd_sc_hd__a31o_2)
    Layer: mcon
      Partial area ratio:    0.12
      Required ratio:    3.00 (Gate area) 
      Cumulative area ratio:    0.12
      Required ratio:    0.00 (Cumulative area) 

    Layer: met1
      Partial area ratio:    3.49
      Required ratio:    0.00 (Gate area) 
      Cumulative area ratio:    3.49
      Required ratio:    0.00 (Cumulative area) 
      Partial area ratio:   16.70
      Required ratio:  400.00 (Side area) 
      Cumulative area ratio:   16.70
      Required ratio:    0.00 (Cumulative side area) 

    Layer: via
      Partial area ratio:    0.18
      Required ratio:    6.00 (Gate area) 
      Cumulative area ratio:    0.30
      Required ratio:    0.00 (Cumulative area) 

    Layer: met2
      Partial area ratio:    0.75
      Required ratio:    0.00 (Gate area) 
      Cumulative area ratio:    4.24
      Required ratio:    0.00 (Cumulative area) 
      Partial area ratio:    3.48
      Required ratio:  400.00 (Side area) 
      Cumulative area ratio:   20.17
      Required ratio:    0.00 (Cumulative side area) 

    Layer: via2
      Partial area ratio:    0.16
      Required ratio:    6.00 (Gate area) 
      Cumulative area ratio:    0.46
      Required ratio:    0.00 (Cumulative area) 

    Layer: met3
      Partial area ratio:   48.76
      Required ratio:    0.00 (Gate area) 
      Cumulative area ratio:   53.01
      Required ratio:    0.00 (Cumulative area) 
      Partial area ratio:  260.75
      Required ratio: 2881.16 (Side area) 
      Cumulative area ratio:  280.92
      Required ratio:    0.00 (Cumulative side area) 

    Layer: via3
      Partial area ratio:    0.03
      Required ratio:   31.30 (Gate area) 
      Cumulative area ratio:    0.49
      Required ratio:    0.00 (Cumulative area) 

    Layer: met4
      Partial area ratio:   62.15
      Required ratio:    0.00 (Gate area) 
      Cumulative area ratio:  115.16
      Required ratio:    0.00 (Cumulative area) 
      Partial area ratio:  332.04
      Required ratio: 2881.16 (Side area) 
      Cumulative area ratio:  612.96
      Required ratio:    0.00 (Cumulative side area) 


  Pin:   _10406_/B1 (sky130_fd_sc_hd__a21oi_4)
    Layer: li1
      Partial area ratio:    0.01
      Required ratio:    0.00 (Gate area) 
      Cumulative area ratio:    0.01
      Required ratio:    0.00 (Cumulative area) 
      Partial area ratio:    0.05
      Required ratio:   75.00 (Side area) 
      Cumulative area ratio:    0.05
      Required ratio:    0.00 (Cumulative side area) 

    Layer: mcon
      Partial area ratio:    0.03
      Required ratio:    3.00 (Gate area) 
      Cumulative area ratio:    0.03
      Required ratio:    0.00 (Cumulative area) 

    Layer: met1
      Partial area ratio:    0.32
      Required ratio:    0.00 (Gate area) 
      Cumulative area ratio:    0.33
      Required ratio:    0.00 (Cumulative area) 
      Partial area ratio:    1.43
      Required ratio:  400.00 (Side area) 
      Cumulative area ratio:    1.48
      Required ratio:    0.00 (Cumulative side area) 

    Layer: via
      Partial area ratio:    0.05
      Required ratio:    6.00 (Gate area) 
      Cumulative area ratio:    0.07
      Required ratio:    0.00 (Cumulative area) 

    Layer: met2
      Partial area ratio:    1.20
      Required ratio:    0.00 (Gate area) 
      Cumulative area ratio:    1.53
      Required ratio:    0.00 (Cumulative area) 
      Partial area ratio:    5.82
      Required ratio:  400.00 (Side area) 
      Cumulative area ratio:    7.29
      Required ratio:    0.00 (Cumulative side area) 

    Layer: via2
      Partial area ratio:    0.04
      Required ratio:    6.00 (Gate area) 
      Cumulative area ratio:    0.12
      Required ratio:    0.00 (Cumulative area) 

    Layer: met3
      Partial area ratio:   48.76
      Required ratio:    0.00 (Gate area) 
      Cumulative area ratio:   50.30
      Required ratio:    0.00 (Cumulative area) 
      Partial area ratio:  260.75
      Required ratio: 2881.16 (Side area) 
      Cumulative area ratio:  268.04
      Required ratio:    0.00 (Cumulative side area) 

    Layer: via3
      Partial area ratio:    0.03
      Required ratio:   31.30 (Gate area) 
      Cumulative area ratio:    0.14
      Required ratio:    0.00 (Cumulative area) 

    Layer: met4
      Partial area ratio:   62.15
      Required ratio:    0.00 (Gate area) 
      Cumulative area ratio:  112.45
      Required ratio:    0.00 (Cumulative area) 
      Partial area ratio:  332.04
      Required ratio: 2881.16 (Side area) 
      Cumulative area ratio:  600.08
      Required ratio:    0.00 (Cumulative side area) 


  Pin:   _10464_/B (sky130_fd_sc_hd__or3b_2)
    Layer: mcon
      Partial area ratio:    0.23
      Required ratio:    3.00 (Gate area) 
      Cumulative area ratio:    0.23
      Required ratio:    0.00 (Cumulative area) 

    Layer: met1
      Partial area ratio:    6.33
      Required ratio:    0.00 (Gate area) 
      Cumulative area ratio:    6.33
      Required ratio:    0.00 (Cumulative area) 
      Partial area ratio:   30.19
      Required ratio:  400.00 (Side area) 
      Cumulative area ratio:   30.19
      Required ratio:    0.00 (Cumulative side area) 

    Layer: via
      Partial area ratio:    0.36
      Required ratio:    6.00 (Gate area) 
      Cumulative area ratio:    0.59
      Required ratio:    0.00 (Cumulative area) 

    Layer: met2
      Partial area ratio:    1.48
      Required ratio:    0.00 (Gate area) 
      Cumulative area ratio:    7.82
      Required ratio:    0.00 (Cumulative area) 
      Partial area ratio:    6.83
      Required ratio:  400.00 (Side area) 
      Cumulative area ratio:   37.03
      Required ratio:    0.00 (Cumulative side area) 

    Layer: via2
      Partial area ratio:    0.32
      Required ratio:    6.00 (Gate area) 
      Cumulative area ratio:    0.90
      Required ratio:    0.00 (Cumulative area) 

    Layer: met3
      Partial area ratio:  165.27
      Required ratio:    0.00 (Gate area) 
      Cumulative area ratio:  173.09
      Required ratio:    0.00 (Cumulative area) 
      Partial area ratio:  885.14
      Required ratio:  400.00 (Side area) (VIOLATED)
      Cumulative area ratio:  922.17
      Required ratio:    0.00 (Cumulative side area) 

    Layer: via3
      Partial area ratio:    0.32
      Required ratio:    6.00 (Gate area) 
      Cumulative area ratio:    1.22
      Required ratio:    0.00 (Cumulative area) 

    Layer: met4
      Partial area ratio:   62.15
      Required ratio:    0.00 (Gate area) 
      Cumulative area ratio:  235.24
      Required ratio:    0.00 (Cumulative area) 
      Partial area ratio:  332.04
      Required ratio: 2881.16 (Side area) 
      Cumulative area ratio: 1254.21
      Required ratio:    0.00 (Cumulative side area) 


  Pin:   fanout1631/A (sky130_fd_sc_hd__clkdlybuf4s25_1)
    Layer: mcon
      Partial area ratio:    0.14
      Required ratio:    3.00 (Gate area) 
      Cumulative area ratio:    0.14
      Required ratio:    0.00 (Cumulative area) 

    Layer: met1
      Partial area ratio:    3.28
      Required ratio:    0.00 (Gate area) 
      Cumulative area ratio:    3.28
      Required ratio:    0.00 (Cumulative area) 
      Partial area ratio:   15.53
      Required ratio:  400.00 (Side area) 
      Cumulative area ratio:   15.53
      Required ratio:    0.00 (Cumulative side area) 

    Layer: via
      Partial area ratio:    0.21
      Required ratio:    6.00 (Gate area) 
      Cumulative area ratio:    0.35
      Required ratio:    0.00 (Cumulative area) 

    Layer: met2
      Partial area ratio:    0.88
      Required ratio:    0.00 (Gate area) 
      Cumulative area ratio:    4.16
      Required ratio:    0.00 (Cumulative area) 
      Partial area ratio:    4.04
      Required ratio:  400.00 (Side area) 
      Cumulative area ratio:   19.58
      Required ratio:    0.00 (Cumulative side area) 

    Layer: via2
      Partial area ratio:    0.19
      Required ratio:    6.00 (Gate area) 
      Cumulative area ratio:    0.53
      Required ratio:    0.00 (Cumulative area) 

    Layer: met3
      Partial area ratio:    0.59
      Required ratio:    0.00 (Gate area) 
      Cumulative area ratio:    4.74
      Required ratio:    0.00 (Cumulative area) 
      Partial area ratio:    5.33
      Required ratio:  400.00 (Side area) 
      Cumulative area ratio:   24.91
      Required ratio:    0.00 (Cumulative side area) 

    Layer: via3
      Partial area ratio:    0.19
      Required ratio:    6.00 (Gate area) 
      Cumulative area ratio:    0.72
      Required ratio:    0.00 (Cumulative area) 

    Layer: met4
      Partial area ratio:   62.15
      Required ratio:    0.00 (Gate area) 
      Cumulative area ratio:   66.90
      Required ratio:    0.00 (Cumulative area) 
      Partial area ratio:  332.04
      Required ratio: 2881.16 (Side area) 
      Cumulative area ratio:  356.95
      Required ratio:    0.00 (Cumulative side area) 



Net: net1645
  Pin:   _10897_/A (sky130_fd_sc_hd__and2_2)
    Layer: mcon
      Partial area ratio:    0.23
      Required ratio:    3.00 (Gate area) 
      Cumulative area ratio:    0.23
      Required ratio:    0.00 (Cumulative area) 

    Layer: met1
      Partial area ratio:    3.41
      Required ratio:    0.00 (Gate area) 
      Cumulative area ratio:    3.41
      Required ratio:    0.00 (Cumulative area) 
      Partial area ratio:   15.47
      Required ratio:  400.00 (Side area) 
      Cumulative area ratio:   15.47
      Required ratio:    0.00 (Cumulative side area) 

    Layer: via
      Partial area ratio:    0.36
      Required ratio:    6.00 (Gate area) 
      Cumulative area ratio:    0.59
      Required ratio:    0.00 (Cumulative area) 

    Layer: met2
      Partial area ratio:    1.30
      Required ratio:    0.00 (Gate area) 
      Cumulative area ratio:    4.71
      Required ratio:    0.00 (Cumulative area) 
      Partial area ratio:    4.67
      Required ratio:  400.00 (Side area) 
      Cumulative area ratio:   20.14
      Required ratio:    0.00 (Cumulative side area) 

    Layer: via2
      Partial area ratio:    0.32
      Required ratio:    6.00 (Gate area) 
      Cumulative area ratio:    0.90
      Required ratio:    0.00 (Cumulative area) 

    Layer: met3
      Partial area ratio:   49.79
      Required ratio:    0.00 (Gate area) 
      Cumulative area ratio:   54.50
      Required ratio:    0.00 (Cumulative area) 
      Partial area ratio:  267.40
      Required ratio:  400.00 (Side area) 
      Cumulative area ratio:  287.54
      Required ratio:    0.00 (Cumulative side area) 

    Layer: via3
      Partial area ratio:    0.16
      Required ratio:    6.00 (Gate area) 
      Cumulative area ratio:    1.06
      Required ratio:    0.00 (Cumulative area) 

    Layer: met4
      Partial area ratio:  160.77
      Required ratio:    0.00 (Gate area) 
      Cumulative area ratio:  215.27
      Required ratio:    0.00 (Cumulative area) 
      Partial area ratio:  859.46
      Required ratio: 2956.40 (Side area) 
      Cumulative area ratio: 1146.99
      Required ratio:    0.00 (Cumulative side area) 


  Pin:   _11275_/A (sky130_fd_sc_hd__and2_2)
    Layer: mcon
      Partial area ratio:    0.23
      Required ratio:    3.00 (Gate area) 
      Cumulative area ratio:    0.23
      Required ratio:    0.00 (Cumulative area) 

    Layer: met1
      Partial area ratio:    5.06
      Required ratio:    0.00 (Gate area) 
      Cumulative area ratio:    5.06
      Required ratio:    0.00 (Cumulative area) 
      Partial area ratio:   23.81
      Required ratio:  400.00 (Side area) 
      Cumulative area ratio:   23.81
      Required ratio:    0.00 (Cumulative side area) 

    Layer: via
      Partial area ratio:    0.36
      Required ratio:    6.00 (Gate area) 
      Cumulative area ratio:    0.59
      Required ratio:    0.00 (Cumulative area) 

    Layer: met2
      Partial area ratio:    1.48
      Required ratio:    0.00 (Gate area) 
      Cumulative area ratio:    6.54
      Required ratio:    0.00 (Cumulative area) 
      Partial area ratio:    6.83
      Required ratio:  400.00 (Side area) 
      Cumulative area ratio:   30.64
      Required ratio:    0.00 (Cumulative side area) 

    Layer: via2
      Partial area ratio:    0.32
      Required ratio:    6.00 (Gate area) 
      Cumulative area ratio:    0.90
      Required ratio:    0.00 (Cumulative area) 

    Layer: met3
      Partial area ratio:   49.79
      Required ratio:    0.00 (Gate area) 
      Cumulative area ratio:   56.33
      Required ratio:    0.00 (Cumulative area) 
      Partial area ratio:  267.40
      Required ratio:  400.00 (Side area) 
      Cumulative area ratio:  298.04
      Required ratio:    0.00 (Cumulative side area) 

    Layer: via3
      Partial area ratio:    0.16
      Required ratio:    6.00 (Gate area) 
      Cumulative area ratio:    1.06
      Required ratio:    0.00 (Cumulative area) 

    Layer: met4
      Partial area ratio:  160.77
      Required ratio:    0.00 (Gate area) 
      Cumulative area ratio:  217.10
      Required ratio:    0.00 (Cumulative area) 
      Partial area ratio:  859.46
      Required ratio: 2956.40 (Side area) 
      Cumulative area ratio: 1157.49
      Required ratio:    0.00 (Cumulative side area) 


  Pin:   fanout1643/A (sky130_fd_sc_hd__clkdlybuf4s25_1)
    Layer: mcon
      Partial area ratio:    0.14
      Required ratio:    3.00 (Gate area) 
      Cumulative area ratio:    0.14
      Required ratio:    0.00 (Cumulative area) 

    Layer: met1
      Partial area ratio:    3.48
      Required ratio:    0.00 (Gate area) 
      Cumulative area ratio:    3.48
      Required ratio:    0.00 (Cumulative area) 
      Partial area ratio:   16.55
      Required ratio:  400.00 (Side area) 
      Cumulative area ratio:   16.55
      Required ratio:    0.00 (Cumulative side area) 

    Layer: via
      Partial area ratio:    0.21
      Required ratio:    6.00 (Gate area) 
      Cumulative area ratio:    0.35
      Required ratio:    0.00 (Cumulative area) 

    Layer: met2
      Partial area ratio:    0.88
      Required ratio:    0.00 (Gate area) 
      Cumulative area ratio:    4.36
      Required ratio:    0.00 (Cumulative area) 
      Partial area ratio:    4.04
      Required ratio:  400.00 (Side area) 
      Cumulative area ratio:   20.60
      Required ratio:    0.00 (Cumulative side area) 

    Layer: via2
      Partial area ratio:    0.19
      Required ratio:    6.00 (Gate area) 
      Cumulative area ratio:    0.53
      Required ratio:    0.00 (Cumulative area) 

    Layer: met3
      Partial area ratio:  156.67
      Required ratio:    0.00 (Gate area) 
      Cumulative area ratio:  161.03
      Required ratio:    0.00 (Cumulative area) 
      Partial area ratio:  839.96
      Required ratio:  400.00 (Side area) (VIOLATED)
      Cumulative area ratio:  860.56
      Required ratio:    0.00 (Cumulative side area) 

    Layer: via3
      Partial area ratio:    0.38
      Required ratio:    6.00 (Gate area) 
      Cumulative area ratio:    0.91
      Required ratio:    0.00 (Cumulative area) 

    Layer: met4
      Partial area ratio:  160.77
      Required ratio:    0.00 (Gate area) 
      Cumulative area ratio:  321.80
      Required ratio:    0.00 (Cumulative area) 
      Partial area ratio:  859.46
      Required ratio: 2956.40 (Side area) 
      Cumulative area ratio: 1720.02
      Required ratio:    0.00 (Cumulative side area) 



Net: net1725
  Pin:   fanout1718/A (sky130_fd_sc_hd__clkdlybuf4s25_1)
    Layer: mcon
      Partial area ratio:    0.14
      Required ratio:    3.00 (Gate area) 
      Cumulative area ratio:    0.14
      Required ratio:    0.00 (Cumulative area) 

    Layer: met1
      Partial area ratio:   10.61
      Required ratio:    0.00 (Gate area) 
      Cumulative area ratio:   10.61
      Required ratio:    0.00 (Cumulative area) 
      Partial area ratio:   52.16
      Required ratio:  400.00 (Side area) 
      Cumulative area ratio:   52.16
      Required ratio:    0.00 (Cumulative side area) 

    Layer: via
      Partial area ratio:    0.21
      Required ratio:    6.00 (Gate area) 
      Cumulative area ratio:    0.35
      Required ratio:    0.00 (Cumulative area) 

    Layer: met2
      Partial area ratio:   10.11
      Required ratio:    0.00 (Gate area) 
      Cumulative area ratio:   20.72
      Required ratio:    0.00 (Cumulative area) 
      Partial area ratio:   49.71
      Required ratio:  400.00 (Side area) 
      Cumulative area ratio:  101.87
      Required ratio:    0.00 (Cumulative side area) 

    Layer: via2
      Partial area ratio:    0.19
      Required ratio:    6.00 (Gate area) 
      Cumulative area ratio:    0.53
      Required ratio:    0.00 (Cumulative area) 

    Layer: met3
      Partial area ratio:  156.08
      Required ratio:    0.00 (Gate area) 
      Cumulative area ratio:  176.79
      Required ratio:    0.00 (Cumulative area) 
      Partial area ratio:  834.59
      Required ratio:  400.00 (Side area) (VIOLATED)
      Cumulative area ratio:  936.46
      Required ratio:    0.00 (Cumulative side area) 

    Layer: via3
      Partial area ratio:    0.19
      Required ratio:    6.00 (Gate area) 
      Cumulative area ratio:    0.72
      Required ratio:    0.00 (Cumulative area) 

    Layer: met4
      Partial area ratio:   12.47
      Required ratio:    0.00 (Gate area) 
      Cumulative area ratio:  189.26
      Required ratio:    0.00 (Cumulative area) 
      Partial area ratio:   67.21
      Required ratio: 2881.16 (Side area) 
      Cumulative area ratio: 1003.67
      Required ratio:    0.00 (Cumulative side area) 


  Pin:   fanout1723/A (sky130_fd_sc_hd__clkdlybuf4s25_1)
    Layer: mcon
      Partial area ratio:    0.14
      Required ratio:    3.00 (Gate area) 
      Cumulative area ratio:    0.14
      Required ratio:    0.00 (Cumulative area) 

    Layer: met1
      Partial area ratio:    4.84
      Required ratio:    0.00 (Gate area) 
      Cumulative area ratio:    4.84
      Required ratio:    0.00 (Cumulative area) 
      Partial area ratio:   23.32
      Required ratio:  400.00 (Side area) 
      Cumulative area ratio:   23.32
      Required ratio:    0.00 (Cumulative side area) 

    Layer: via
      Partial area ratio:    0.21
      Required ratio:    6.00 (Gate area) 
      Cumulative area ratio:    0.35
      Required ratio:    0.00 (Cumulative area) 

    Layer: met2
      Partial area ratio:    5.97
      Required ratio:    0.00 (Gate area) 
      Cumulative area ratio:   10.81
      Required ratio:    0.00 (Cumulative area) 
      Partial area ratio:   28.94
      Required ratio: 2881.16 (Side area) 
      Cumulative area ratio:   52.26
      Required ratio:    0.00 (Cumulative side area) 

    Layer: via2
      Partial area ratio:    0.19
      Required ratio:   31.30 (Gate area) 
      Cumulative area ratio:    0.53
      Required ratio:    0.00 (Cumulative area) 

    Layer: met3
      Partial area ratio:   27.25
      Required ratio:    0.00 (Gate area) 
      Cumulative area ratio:   38.05
      Required ratio:    0.00 (Cumulative area) 
      Partial area ratio:  146.33
      Required ratio: 2881.16 (Side area) 
      Cumulative area ratio:  198.59
      Required ratio:    0.00 (Cumulative side area) 

    Layer: via3
      Partial area ratio:    0.09
      Required ratio:   31.30 (Gate area) 
      Cumulative area ratio:    0.62
      Required ratio:    0.00 (Cumulative area) 

    Layer: met4
      Partial area ratio:   12.47
      Required ratio:    0.00 (Gate area) 
      Cumulative area ratio:   50.52
      Required ratio:    0.00 (Cumulative area) 
      Partial area ratio:   67.21
      Required ratio: 2881.16 (Side area) 
      Cumulative area ratio:  265.80
      Required ratio:    0.00 (Cumulative side area) 


  Pin:   load_slew1726/A (sky130_fd_sc_hd__buf_4)
    Layer: mcon
      Partial area ratio:    0.12
      Required ratio:    3.00 (Gate area) 
      Cumulative area ratio:    0.12
      Required ratio:    0.00 (Cumulative area) 

    Layer: met1
      Partial area ratio:    2.76
      Required ratio:    0.00 (Gate area) 
      Cumulative area ratio:    2.76
      Required ratio:    0.00 (Cumulative area) 
      Partial area ratio:   13.07
      Required ratio:  400.00 (Side area) 
      Cumulative area ratio:   13.07
      Required ratio:    0.00 (Cumulative side area) 

    Layer: via
      Partial area ratio:    0.18
      Required ratio:    6.00 (Gate area) 
      Cumulative area ratio:    0.30
      Required ratio:    0.00 (Cumulative area) 

    Layer: met2
      Partial area ratio:    0.75
      Required ratio:    0.00 (Gate area) 
      Cumulative area ratio:    3.52
      Required ratio:    0.00 (Cumulative area) 
      Partial area ratio:    3.48
      Required ratio:  400.00 (Side area) 
      Cumulative area ratio:   16.55
      Required ratio:    0.00 (Cumulative side area) 

    Layer: via2
      Partial area ratio:    0.16
      Required ratio:    6.00 (Gate area) 
      Cumulative area ratio:    0.46
      Required ratio:    0.00 (Cumulative area) 

    Layer: met3
      Partial area ratio:   27.25
      Required ratio:    0.00 (Gate area) 
      Cumulative area ratio:   30.77
      Required ratio:    0.00 (Cumulative area) 
      Partial area ratio:  146.33
      Required ratio: 2881.16 (Side area) 
      Cumulative area ratio:  162.87
      Required ratio:    0.00 (Cumulative side area) 

    Layer: via3
      Partial area ratio:    0.09
      Required ratio:   31.30 (Gate area) 
      Cumulative area ratio:    0.55
      Required ratio:    0.00 (Cumulative area) 

    Layer: met4
      Partial area ratio:   12.47
      Required ratio:    0.00 (Gate area) 
      Cumulative area ratio:   43.24
      Required ratio:    0.00 (Cumulative area) 
      Partial area ratio:   67.21
      Required ratio: 2881.16 (Side area) 
      Cumulative area ratio:  230.08
      Required ratio:    0.00 (Cumulative side area) 



Net: net1726
  Pin:   _10157_/A1 (sky130_fd_sc_hd__o22a_2)
    Layer: mcon
      Partial area ratio:    0.12
      Required ratio:    3.00 (Gate area) 
      Cumulative area ratio:    0.12
      Required ratio:    0.00 (Cumulative area) 

    Layer: met1
      Partial area ratio:    0.82
      Required ratio:    0.00 (Gate area) 
      Cumulative area ratio:    0.82
      Required ratio:    0.00 (Cumulative area) 
      Partial area ratio:    3.29
      Required ratio:  400.00 (Side area) 
      Cumulative area ratio:    3.29
      Required ratio:    0.00 (Cumulative side area) 

    Layer: via
      Partial area ratio:    0.18
      Required ratio:    6.00 (Gate area) 
      Cumulative area ratio:    0.30
      Required ratio:    0.00 (Cumulative area) 

    Layer: met2
      Partial area ratio:    0.75
      Required ratio:    0.00 (Gate area) 
      Cumulative area ratio:    1.57
      Required ratio:    0.00 (Cumulative area) 
      Partial area ratio:    3.48
      Required ratio:  400.00 (Side area) 
      Cumulative area ratio:    6.77
      Required ratio:    0.00 (Cumulative side area) 

    Layer: via2
      Partial area ratio:    0.16
      Required ratio:    6.00 (Gate area) 
      Cumulative area ratio:    0.46
      Required ratio:    0.00 (Cumulative area) 

    Layer: met3
      Partial area ratio:   78.60
      Required ratio:    0.00 (Gate area) 
      Cumulative area ratio:   80.17
      Required ratio:    0.00 (Cumulative area) 
      Partial area ratio:  421.05
      Required ratio:  400.00 (Side area) (VIOLATED)
      Cumulative area ratio:  427.82
      Required ratio:    0.00 (Cumulative side area) 

    Layer: via3
      Partial area ratio:    0.11
      Required ratio:    6.00 (Gate area) 
      Cumulative area ratio:    0.57
      Required ratio:    0.00 (Cumulative area) 

    Layer: met4
      Partial area ratio:   10.69
      Required ratio:    0.00 (Gate area) 
      Cumulative area ratio:   90.86
      Required ratio:    0.00 (Cumulative area) 
      Partial area ratio:   57.99
      Required ratio: 2956.40 (Side area) 
      Cumulative area ratio:  485.81
      Required ratio:    0.00 (Cumulative side area) 


  Pin:   _10184_/A1 (sky130_fd_sc_hd__o22a_2)
    Layer: mcon
      Partial area ratio:    0.12
      Required ratio:    3.00 (Gate area) 
      Cumulative area ratio:    0.12
      Required ratio:    0.00 (Cumulative area) 

    Layer: met1
      Partial area ratio:    2.04
      Required ratio:    0.00 (Gate area) 
      Cumulative area ratio:    2.04
      Required ratio:    0.00 (Cumulative area) 
      Partial area ratio:    9.45
      Required ratio:  400.00 (Side area) 
      Cumulative area ratio:    9.45
      Required ratio:    0.00 (Cumulative side area) 

    Layer: via
      Partial area ratio:    0.18
      Required ratio:    6.00 (Gate area) 
      Cumulative area ratio:    0.30
      Required ratio:    0.00 (Cumulative area) 

    Layer: met2
      Partial area ratio:   13.10
      Required ratio:    0.00 (Gate area) 
      Cumulative area ratio:   15.14
      Required ratio:    0.00 (Cumulative area) 
      Partial area ratio:   64.27
      Required ratio:  400.00 (Side area) 
      Cumulative area ratio:   73.72
      Required ratio:    0.00 (Cumulative side area) 

    Layer: via2
      Partial area ratio:    0.16
      Required ratio:    6.00 (Gate area) 
      Cumulative area ratio:    0.46
      Required ratio:    0.00 (Cumulative area) 

    Layer: met3
      Partial area ratio:   78.60
      Required ratio:    0.00 (Gate area) 
      Cumulative area ratio:   93.73
      Required ratio:    0.00 (Cumulative area) 
      Partial area ratio:  421.05
      Required ratio:  400.00 (Side area) (VIOLATED)
      Cumulative area ratio:  494.78
      Required ratio:    0.00 (Cumulative side area) 

    Layer: via3
      Partial area ratio:    0.11
      Required ratio:    6.00 (Gate area) 
      Cumulative area ratio:    0.57
      Required ratio:    0.00 (Cumulative area) 

    Layer: met4
      Partial area ratio:   10.69
      Required ratio:    0.00 (Gate area) 
      Cumulative area ratio:  104.43
      Required ratio:    0.00 (Cumulative area) 
      Partial area ratio:   57.99
      Required ratio: 2956.40 (Side area) 
      Cumulative area ratio:  552.77
      Required ratio:    0.00 (Cumulative side area) 


  Pin:   _10232_/B2 (sky130_fd_sc_hd__o22a_2)
    Layer: mcon
      Partial area ratio:    0.12
      Required ratio:    3.00 (Gate area) 
      Cumulative area ratio:    0.12
      Required ratio:    0.00 (Cumulative area) 

    Layer: met1
      Partial area ratio:    3.66
      Required ratio:    0.00 (Gate area) 
      Cumulative area ratio:    3.66
      Required ratio:    0.00 (Cumulative area) 
      Partial area ratio:   17.54
      Required ratio:  400.00 (Side area) 
      Cumulative area ratio:   17.54
      Required ratio:    0.00 (Cumulative side area) 

    Layer: via
      Partial area ratio:    0.18
      Required ratio:    6.00 (Gate area) 
      Cumulative area ratio:    0.30
      Required ratio:    0.00 (Cumulative area) 

    Layer: met2
      Partial area ratio:    0.75
      Required ratio:    0.00 (Gate area) 
      Cumulative area ratio:    4.41
      Required ratio:    0.00 (Cumulative area) 
      Partial area ratio:    3.48
      Required ratio:  400.00 (Side area) 
      Cumulative area ratio:   21.02
      Required ratio:    0.00 (Cumulative side area) 

    Layer: via2
      Partial area ratio:    0.16
      Required ratio:    6.00 (Gate area) 
      Cumulative area ratio:    0.46
      Required ratio:    0.00 (Cumulative area) 

    Layer: met3
      Partial area ratio:    0.50
      Required ratio:    0.00 (Gate area) 
      Cumulative area ratio:    4.92
      Required ratio:    0.00 (Cumulative area) 
      Partial area ratio:    4.59
      Required ratio:  400.00 (Side area) 
      Cumulative area ratio:   25.61
      Required ratio:    0.00 (Cumulative side area) 

    Layer: via3
      Partial area ratio:    0.16
      Required ratio:    6.00 (Gate area) 
      Cumulative area ratio:    0.62
      Required ratio:    0.00 (Cumulative area) 

    Layer: met4
      Partial area ratio:   10.69
      Required ratio:    0.00 (Gate area) 
      Cumulative area ratio:   15.61
      Required ratio:    0.00 (Cumulative area) 
      Partial area ratio:   57.99
      Required ratio: 2956.40 (Side area) 
      Cumulative area ratio:   83.60
      Required ratio:    0.00 (Cumulative side area) 


  Pin:   _10242_/A2 (sky130_fd_sc_hd__o22a_2)
    Layer: mcon
      Partial area ratio:    0.12
      Required ratio:    3.00 (Gate area) 
      Cumulative area ratio:    0.12
      Required ratio:    0.00 (Cumulative area) 

    Layer: met1
      Partial area ratio:    1.84
      Required ratio:    0.00 (Gate area) 
      Cumulative area ratio:    1.84
      Required ratio:    0.00 (Cumulative area) 
      Partial area ratio:    8.47
      Required ratio:  400.00 (Side area) 
      Cumulative area ratio:    8.47
      Required ratio:    0.00 (Cumulative side area) 

    Layer: via
      Partial area ratio:    0.18
      Required ratio:    6.00 (Gate area) 
      Cumulative area ratio:    0.30
      Required ratio:    0.00 (Cumulative area) 

    Layer: met2
      Partial area ratio:    0.75
      Required ratio:    0.00 (Gate area) 
      Cumulative area ratio:    2.60
      Required ratio:    0.00 (Cumulative area) 
      Partial area ratio:    3.48
      Required ratio:  400.00 (Side area) 
      Cumulative area ratio:   11.95
      Required ratio:    0.00 (Cumulative side area) 

    Layer: via2
      Partial area ratio:    0.16
      Required ratio:    6.00 (Gate area) 
      Cumulative area ratio:    0.46
      Required ratio:    0.00 (Cumulative area) 

    Layer: met3
      Partial area ratio:   78.60
      Required ratio:    0.00 (Gate area) 
      Cumulative area ratio:   81.19
      Required ratio:    0.00 (Cumulative area) 
      Partial area ratio:  421.05
      Required ratio:  400.00 (Side area) (VIOLATED)
      Cumulative area ratio:  433.00
      Required ratio:    0.00 (Cumulative side area) 

    Layer: via3
      Partial area ratio:    0.11
      Required ratio:    6.00 (Gate area) 
      Cumulative area ratio:    0.57
      Required ratio:    0.00 (Cumulative area) 

    Layer: met4
      Partial area ratio:   10.69
      Required ratio:    0.00 (Gate area) 
      Cumulative area ratio:   91.89
      Required ratio:    0.00 (Cumulative area) 
      Partial area ratio:   57.99
      Required ratio: 2956.40 (Side area) 
      Cumulative area ratio:  490.99
      Required ratio:    0.00 (Cumulative side area) 



Net: net1753
  Pin:   _09569_/A2 (sky130_fd_sc_hd__o221a_2)
    Layer: mcon
      Partial area ratio:    0.12
      Required ratio:    3.00 (Gate area) 
      Cumulative area ratio:    0.12
      Required ratio:    0.00 (Cumulative area) 

    Layer: met1
      Partial area ratio:    2.42
      Required ratio:    0.00 (Gate area) 
      Cumulative area ratio:    2.42
      Required ratio:    0.00 (Cumulative area) 
      Partial area ratio:   11.36
      Required ratio:  400.00 (Side area) 
      Cumulative area ratio:   11.36
      Required ratio:    0.00 (Cumulative side area) 

    Layer: via
      Partial area ratio:    0.18
      Required ratio:    6.00 (Gate area) 
      Cumulative area ratio:    0.30
      Required ratio:    0.00 (Cumulative area) 

    Layer: met2
      Partial area ratio:   10.38
      Required ratio:    0.00 (Gate area) 
      Cumulative area ratio:   12.80
      Required ratio:    0.00 (Cumulative area) 
      Partial area ratio:   51.10
      Required ratio:  400.00 (Side area) 
      Cumulative area ratio:   62.46
      Required ratio:    0.00 (Cumulative side area) 

    Layer: via2
      Partial area ratio:    0.13
      Required ratio:    6.00 (Gate area) 
      Cumulative area ratio:    0.43
      Required ratio:    0.00 (Cumulative area) 

    Layer: met3
      Partial area ratio:    0.40
      Required ratio:    0.00 (Gate area) 
      Cumulative area ratio:   13.20
      Required ratio:    0.00 (Cumulative area) 
      Partial area ratio:    3.66
      Required ratio:  400.00 (Side area) 
      Cumulative area ratio:   66.12
      Required ratio:    0.00 (Cumulative side area) 

    Layer: via3
      Partial area ratio:    0.13
      Required ratio:    6.00 (Gate area) 
      Cumulative area ratio:    0.56
      Required ratio:    0.00 (Cumulative area) 

    Layer: met4
      Partial area ratio:   26.86
      Required ratio:    0.00 (Gate area) 
      Cumulative area ratio:   40.06
      Required ratio:    0.00 (Cumulative area) 
      Partial area ratio:  144.00
      Required ratio: 2956.40 (Side area) 
      Cumulative area ratio:  210.12
      Required ratio:    0.00 (Cumulative side area) 


  Pin:   _09643_/A1 (sky130_fd_sc_hd__o22a_2)
    Layer: mcon
      Partial area ratio:    0.12
      Required ratio:    3.00 (Gate area) 
      Cumulative area ratio:    0.12
      Required ratio:    0.00 (Cumulative area) 

    Layer: met1
      Partial area ratio:    4.68
      Required ratio:    0.00 (Gate area) 
      Cumulative area ratio:    4.68
      Required ratio:    0.00 (Cumulative area) 
      Partial area ratio:   22.65
      Required ratio:  400.00 (Side area) 
      Cumulative area ratio:   22.65
      Required ratio:    0.00 (Cumulative side area) 

    Layer: via
      Partial area ratio:    0.18
      Required ratio:    6.00 (Gate area) 
      Cumulative area ratio:    0.30
      Required ratio:    0.00 (Cumulative area) 

    Layer: met2
      Partial area ratio:   13.85
      Required ratio:    0.00 (Gate area) 
      Cumulative area ratio:   18.53
      Required ratio:    0.00 (Cumulative area) 
      Partial area ratio:   68.45
      Required ratio:  400.00 (Side area) 
      Cumulative area ratio:   91.11
      Required ratio:    0.00 (Cumulative side area) 

    Layer: via2
      Partial area ratio:    0.11
      Required ratio:    6.00 (Gate area) 
      Cumulative area ratio:    0.41
      Required ratio:    0.00 (Cumulative area) 

    Layer: met3
      Partial area ratio:   16.87
      Required ratio:    0.00 (Gate area) 
      Cumulative area ratio:   35.40
      Required ratio:    0.00 (Cumulative area) 
      Partial area ratio:   90.72
      Required ratio:  400.00 (Side area) 
      Cumulative area ratio:  181.83
      Required ratio:    0.00 (Cumulative side area) 

    Layer: via3
      Partial area ratio:    0.06
      Required ratio:    6.00 (Gate area) 
      Cumulative area ratio:    0.47
      Required ratio:    0.00 (Cumulative area) 

    Layer: met4
      Partial area ratio:   26.86
      Required ratio:    0.00 (Gate area) 
      Cumulative area ratio:   62.26
      Required ratio:    0.00 (Cumulative area) 
      Partial area ratio:  144.00
      Required ratio: 2956.40 (Side area) 
      Cumulative area ratio:  325.83
      Required ratio:    0.00 (Cumulative side area) 


  Pin:   _10147_/A (sky130_fd_sc_hd__or2_2)
    Layer: mcon
      Partial area ratio:    0.23
      Required ratio:    3.00 (Gate area) 
      Cumulative area ratio:    0.23
      Required ratio:    0.00 (Cumulative area) 

    Layer: met1
      Partial area ratio:  105.31
      Required ratio:    0.00 (Gate area) 
      Cumulative area ratio:  105.31
      Required ratio:    0.00 (Cumulative area) 
      Partial area ratio:  524.22
      Required ratio:  400.00 (Side area) (VIOLATED)
      Cumulative area ratio:  524.22
      Required ratio:    0.00 (Cumulative side area) 

    Layer: via
      Partial area ratio:    0.54
      Required ratio:    6.00 (Gate area) 
      Cumulative area ratio:    0.77
      Required ratio:    0.00 (Cumulative area) 

    Layer: met2
      Partial area ratio:   10.38
      Required ratio:    0.00 (Gate area) 
      Cumulative area ratio:  115.69
      Required ratio:    0.00 (Cumulative area) 
      Partial area ratio:   51.10
      Required ratio:  400.00 (Side area) 
      Cumulative area ratio:  575.32
      Required ratio:    0.00 (Cumulative side area) 

    Layer: via2
      Partial area ratio:    0.13
      Required ratio:    6.00 (Gate area) 
      Cumulative area ratio:    0.89
      Required ratio:    0.00 (Cumulative area) 

    Layer: met3
      Partial area ratio:    0.40
      Required ratio:    0.00 (Gate area) 
      Cumulative area ratio:  116.09
      Required ratio:    0.00 (Cumulative area) 
      Partial area ratio:    3.66
      Required ratio:  400.00 (Side area) 
      Cumulative area ratio:  578.98
      Required ratio:    0.00 (Cumulative side area) 

    Layer: via3
      Partial area ratio:    0.13
      Required ratio:    6.00 (Gate area) 
      Cumulative area ratio:    1.02
      Required ratio:    0.00 (Cumulative area) 

    Layer: met4
      Partial area ratio:   26.86
      Required ratio:    0.00 (Gate area) 
      Cumulative area ratio:  142.95
      Required ratio:    0.00 (Cumulative area) 
      Partial area ratio:  144.00
      Required ratio: 2956.40 (Side area) 
      Cumulative area ratio:  722.98
      Required ratio:    0.00 (Cumulative side area) 


  Pin:   _10154_/A1 (sky130_fd_sc_hd__o22a_2)
    Layer: mcon
      Partial area ratio:    0.12
      Required ratio:    3.00 (Gate area) 
      Cumulative area ratio:    0.12
      Required ratio:    0.00 (Cumulative area) 

    Layer: met1
      Partial area ratio:   14.10
      Required ratio:    0.00 (Gate area) 
      Cumulative area ratio:   14.10
      Required ratio:    0.00 (Cumulative area) 
      Partial area ratio:   69.75
      Required ratio:  400.00 (Side area) 
      Cumulative area ratio:   69.75
      Required ratio:    0.00 (Cumulative side area) 

    Layer: via
      Partial area ratio:    0.18
      Required ratio:    6.00 (Gate area) 
      Cumulative area ratio:    0.30
      Required ratio:    0.00 (Cumulative area) 

    Layer: met2
      Partial area ratio:   10.38
      Required ratio:    0.00 (Gate area) 
      Cumulative area ratio:   24.48
      Required ratio:    0.00 (Cumulative area) 
      Partial area ratio:   51.10
      Required ratio:  400.00 (Side area) 
      Cumulative area ratio:  120.84
      Required ratio:    0.00 (Cumulative side area) 

    Layer: via2
      Partial area ratio:    0.13
      Required ratio:    6.00 (Gate area) 
      Cumulative area ratio:    0.43
      Required ratio:    0.00 (Cumulative area) 

    Layer: met3
      Partial area ratio:    0.40
      Required ratio:    0.00 (Gate area) 
      Cumulative area ratio:   24.88
      Required ratio:    0.00 (Cumulative area) 
      Partial area ratio:    3.66
      Required ratio:  400.00 (Side area) 
      Cumulative area ratio:  124.50
      Required ratio:    0.00 (Cumulative side area) 

    Layer: via3
      Partial area ratio:    0.13
      Required ratio:    6.00 (Gate area) 
      Cumulative area ratio:    0.56
      Required ratio:    0.00 (Cumulative area) 

    Layer: met4
      Partial area ratio:   26.86
      Required ratio:    0.00 (Gate area) 
      Cumulative area ratio:   51.74
      Required ratio:    0.00 (Cumulative area) 
      Partial area ratio:  144.00
      Required ratio: 2956.40 (Side area) 
      Cumulative area ratio:  268.50
      Required ratio:    0.00 (Cumulative side area) 


  Pin:   _10234_/A (sky130_fd_sc_hd__or2_2)
    Layer: mcon
      Partial area ratio:    0.23
      Required ratio:    3.00 (Gate area) 
      Cumulative area ratio:    0.23
      Required ratio:    0.00 (Cumulative area) 

    Layer: met1
      Partial area ratio:    3.26
      Required ratio:    0.00 (Gate area) 
      Cumulative area ratio:    3.26
      Required ratio:    0.00 (Cumulative area) 
      Partial area ratio:   14.83
      Required ratio:  400.00 (Side area) 
      Cumulative area ratio:   14.83
      Required ratio:    0.00 (Cumulative side area) 

    Layer: via
      Partial area ratio:    0.36
      Required ratio:    6.00 (Gate area) 
      Cumulative area ratio:    0.59
      Required ratio:    0.00 (Cumulative area) 

    Layer: met2
      Partial area ratio:   13.85
      Required ratio:    0.00 (Gate area) 
      Cumulative area ratio:   17.11
      Required ratio:    0.00 (Cumulative area) 
      Partial area ratio:   68.45
      Required ratio:  400.00 (Side area) 
      Cumulative area ratio:   83.29
      Required ratio:    0.00 (Cumulative side area) 

    Layer: via2
      Partial area ratio:    0.11
      Required ratio:    6.00 (Gate area) 
      Cumulative area ratio:    0.69
      Required ratio:    0.00 (Cumulative area) 

    Layer: met3
      Partial area ratio:   16.87
      Required ratio:    0.00 (Gate area) 
      Cumulative area ratio:   33.98
      Required ratio:    0.00 (Cumulative area) 
      Partial area ratio:   90.72
      Required ratio:  400.00 (Side area) 
      Cumulative area ratio:  174.01
      Required ratio:    0.00 (Cumulative side area) 

    Layer: via3
      Partial area ratio:    0.06
      Required ratio:    6.00 (Gate area) 
      Cumulative area ratio:    0.76
      Required ratio:    0.00 (Cumulative area) 

    Layer: met4
      Partial area ratio:   26.86
      Required ratio:    0.00 (Gate area) 
      Cumulative area ratio:   60.84
      Required ratio:    0.00 (Cumulative area) 
      Partial area ratio:  144.00
      Required ratio: 2956.40 (Side area) 
      Cumulative area ratio:  318.01
      Required ratio:    0.00 (Cumulative side area) 


  Pin:   _10243_/B1 (sky130_fd_sc_hd__o221a_2)
    Layer: mcon
      Partial area ratio:    0.12
      Required ratio:    3.00 (Gate area) 
      Cumulative area ratio:    0.12
      Required ratio:    0.00 (Cumulative area) 

    Layer: met1
      Partial area ratio:    2.91
      Required ratio:    0.00 (Gate area) 
      Cumulative area ratio:    2.91
      Required ratio:    0.00 (Cumulative area) 
      Partial area ratio:   13.79
      Required ratio:  400.00 (Side area) 
      Cumulative area ratio:   13.79
      Required ratio:    0.00 (Cumulative side area) 

    Layer: via
      Partial area ratio:    0.18
      Required ratio:    6.00 (Gate area) 
      Cumulative area ratio:    0.30
      Required ratio:    0.00 (Cumulative area) 

    Layer: met2
      Partial area ratio:    0.75
      Required ratio:    0.00 (Gate area) 
      Cumulative area ratio:    3.66
      Required ratio:    0.00 (Cumulative area) 
      Partial area ratio:    3.48
      Required ratio:  400.00 (Side area) 
      Cumulative area ratio:   17.27
      Required ratio:    0.00 (Cumulative side area) 

    Layer: via2
      Partial area ratio:    0.16
      Required ratio:    6.00 (Gate area) 
      Cumulative area ratio:    0.46
      Required ratio:    0.00 (Cumulative area) 

    Layer: met3
      Partial area ratio:   16.87
      Required ratio:    0.00 (Gate area) 
      Cumulative area ratio:   20.53
      Required ratio:    0.00 (Cumulative area) 
      Partial area ratio:   90.72
      Required ratio:  400.00 (Side area) 
      Cumulative area ratio:  107.99
      Required ratio:    0.00 (Cumulative side area) 

    Layer: via3
      Partial area ratio:    0.06
      Required ratio:    6.00 (Gate area) 
      Cumulative area ratio:    0.52
      Required ratio:    0.00 (Cumulative area) 

    Layer: met4
      Partial area ratio:   26.86
      Required ratio:    0.00 (Gate area) 
      Cumulative area ratio:   47.39
      Required ratio:    0.00 (Cumulative area) 
      Partial area ratio:  144.00
      Required ratio: 2956.40 (Side area) 
      Cumulative area ratio:  251.99
      Required ratio:    0.00 (Cumulative side area) 



Net: net1766
  Pin:   _09604_/A1 (sky130_fd_sc_hd__a31o_2)
    Layer: mcon
      Partial area ratio:    0.12
      Required ratio:    3.00 (Gate area) 
      Cumulative area ratio:    0.12
      Required ratio:    0.00 (Cumulative area) 

    Layer: met1
      Partial area ratio:    2.67
      Required ratio:    0.00 (Gate area) 
      Cumulative area ratio:    2.67
      Required ratio:    0.00 (Cumulative area) 
      Partial area ratio:   12.62
      Required ratio:  400.00 (Side area) 
      Cumulative area ratio:   12.62
      Required ratio:    0.00 (Cumulative side area) 

    Layer: via
      Partial area ratio:    0.18
      Required ratio:    6.00 (Gate area) 
      Cumulative area ratio:    0.30
      Required ratio:    0.00 (Cumulative area) 

    Layer: met2
      Partial area ratio:    6.68
      Required ratio:    0.00 (Gate area) 
      Cumulative area ratio:    9.35
      Required ratio:    0.00 (Cumulative area) 
      Partial area ratio:   32.89
      Required ratio:  400.00 (Side area) 
      Cumulative area ratio:   45.51
      Required ratio:    0.00 (Cumulative side area) 

    Layer: via2
      Partial area ratio:    0.16
      Required ratio:    6.00 (Gate area) 
      Cumulative area ratio:    0.46
      Required ratio:    0.00 (Cumulative area) 

    Layer: met3
      Partial area ratio:   21.41
      Required ratio:    0.00 (Gate area) 
      Cumulative area ratio:   30.77
      Required ratio:    0.00 (Cumulative area) 
      Partial area ratio:  116.09
      Required ratio:  400.00 (Side area) 
      Cumulative area ratio:  161.60
      Required ratio:    0.00 (Cumulative side area) 

    Layer: via3
      Partial area ratio:    0.16
      Required ratio:    6.00 (Gate area) 
      Cumulative area ratio:    0.62
      Required ratio:    0.00 (Cumulative area) 

    Layer: met4
      Partial area ratio:   11.32
      Required ratio:    0.00 (Gate area) 
      Cumulative area ratio:   42.08
      Required ratio:    0.00 (Cumulative area) 
      Partial area ratio:   60.99
      Required ratio: 2956.40 (Side area) 
      Cumulative area ratio:  222.59
      Required ratio:    0.00 (Cumulative side area) 


  Pin:   _09630_/B2 (sky130_fd_sc_hd__a22oi_2)
    Layer: mcon
      Partial area ratio:    0.06
      Required ratio:    3.00 (Gate area) 
      Cumulative area ratio:    0.06
      Required ratio:    0.00 (Cumulative area) 

    Layer: met1
      Partial area ratio:    1.07
      Required ratio:    0.00 (Gate area) 
      Cumulative area ratio:    1.07
      Required ratio:    0.00 (Cumulative area) 
      Partial area ratio:    4.90
      Required ratio:  400.00 (Side area) 
      Cumulative area ratio:    4.90
      Required ratio:    0.00 (Cumulative side area) 

    Layer: via
      Partial area ratio:    0.09
      Required ratio:    6.00 (Gate area) 
      Cumulative area ratio:    0.15
      Required ratio:    0.00 (Cumulative area) 

    Layer: met2
      Partial area ratio:    0.35
      Required ratio:    0.00 (Gate area) 
      Cumulative area ratio:    1.42
      Required ratio:    0.00 (Cumulative area) 
      Partial area ratio:    1.24
      Required ratio:  400.00 (Side area) 
      Cumulative area ratio:    6.14
      Required ratio:    0.00 (Cumulative side area) 

    Layer: via2
      Partial area ratio:    0.08
      Required ratio:    6.00 (Gate area) 
      Cumulative area ratio:    0.23
      Required ratio:    0.00 (Cumulative area) 

    Layer: met3
      Partial area ratio:    0.25
      Required ratio:    0.00 (Gate area) 
      Cumulative area ratio:    1.68
      Required ratio:    0.00 (Cumulative area) 
      Partial area ratio:    2.29
      Required ratio:  400.00 (Side area) 
      Cumulative area ratio:    8.43
      Required ratio:    0.00 (Cumulative side area) 

    Layer: via3
      Partial area ratio:    0.08
      Required ratio:    6.00 (Gate area) 
      Cumulative area ratio:    0.31
      Required ratio:    0.00 (Cumulative area) 

    Layer: met4
      Partial area ratio:   11.32
      Required ratio:    0.00 (Gate area) 
      Cumulative area ratio:   12.99
      Required ratio:    0.00 (Cumulative area) 
      Partial area ratio:   60.99
      Required ratio: 2956.40 (Side area) 
      Cumulative area ratio:   69.43
      Required ratio:    0.00 (Cumulative side area) 


  Pin:   _10338_/A1 (sky130_fd_sc_hd__a22oi_2)
    Layer: mcon
      Partial area ratio:    0.06
      Required ratio:    3.00 (Gate area) 
      Cumulative area ratio:    0.06
      Required ratio:    0.00 (Cumulative area) 

    Layer: met1
      Partial area ratio:    3.92
      Required ratio:    0.00 (Gate area) 
      Cumulative area ratio:    3.92
      Required ratio:    0.00 (Cumulative area) 
      Partial area ratio:   19.20
      Required ratio:  400.00 (Side area) 
      Cumulative area ratio:   19.20
      Required ratio:    0.00 (Cumulative side area) 

    Layer: via
      Partial area ratio:    0.09
      Required ratio:    6.00 (Gate area) 
      Cumulative area ratio:    0.15
      Required ratio:    0.00 (Cumulative area) 

    Layer: met2
      Partial area ratio:    2.40
      Required ratio:    0.00 (Gate area) 
      Cumulative area ratio:    6.31
      Required ratio:    0.00 (Cumulative area) 
      Partial area ratio:   11.63
      Required ratio:  400.00 (Side area) 
      Cumulative area ratio:   30.83
      Required ratio:    0.00 (Cumulative side area) 

    Layer: via2
      Partial area ratio:    0.08
      Required ratio:    6.00 (Gate area) 
      Cumulative area ratio:    0.23
      Required ratio:    0.00 (Cumulative area) 

    Layer: met3
      Partial area ratio:   33.71
      Required ratio:    0.00 (Gate area) 
      Cumulative area ratio:   40.02
      Required ratio:    0.00 (Cumulative area) 
      Partial area ratio:  180.70
      Required ratio:  400.00 (Side area) 
      Cumulative area ratio:  211.54
      Required ratio:    0.00 (Cumulative side area) 

    Layer: via3
      Partial area ratio:    0.08
      Required ratio:    6.00 (Gate area) 
      Cumulative area ratio:    0.31
      Required ratio:    0.00 (Cumulative area) 

    Layer: met4
      Partial area ratio:   11.32
      Required ratio:    0.00 (Gate area) 
      Cumulative area ratio:   51.34
      Required ratio:    0.00 (Cumulative area) 
      Partial area ratio:   60.99
      Required ratio: 2956.40 (Side area) 
      Cumulative area ratio:  272.53
      Required ratio:    0.00 (Cumulative side area) 


  Pin:   _10477_/B2 (sky130_fd_sc_hd__a22o_2)
    Layer: mcon
      Partial area ratio:    0.12
      Required ratio:    3.00 (Gate area) 
      Cumulative area ratio:    0.12
      Required ratio:    0.00 (Cumulative area) 

    Layer: met1
      Partial area ratio:   86.29
      Required ratio:    0.00 (Gate area) 
      Cumulative area ratio:   86.29
      Required ratio:    0.00 (Cumulative area) 
      Partial area ratio:  430.25
      Required ratio:  400.00 (Side area) (VIOLATED)
      Cumulative area ratio:  430.25
      Required ratio:    0.00 (Cumulative side area) 

    Layer: via
      Partial area ratio:    0.27
      Required ratio:    6.00 (Gate area) 
      Cumulative area ratio:    0.39
      Required ratio:    0.00 (Cumulative area) 

    Layer: met2
      Partial area ratio:    6.68
      Required ratio:    0.00 (Gate area) 
      Cumulative area ratio:   92.97
      Required ratio:    0.00 (Cumulative area) 
      Partial area ratio:   32.89
      Required ratio:  400.00 (Side area) 
      Cumulative area ratio:  463.13
      Required ratio:    0.00 (Cumulative side area) 

    Layer: via2
      Partial area ratio:    0.16
      Required ratio:    6.00 (Gate area) 
      Cumulative area ratio:    0.55
      Required ratio:    0.00 (Cumulative area) 

    Layer: met3
      Partial area ratio:   21.41
      Required ratio:    0.00 (Gate area) 
      Cumulative area ratio:  114.38
      Required ratio:    0.00 (Cumulative area) 
      Partial area ratio:  116.09
      Required ratio:  400.00 (Side area) 
      Cumulative area ratio:  579.22
      Required ratio:    0.00 (Cumulative side area) 

    Layer: via3
      Partial area ratio:    0.16
      Required ratio:    6.00 (Gate area) 
      Cumulative area ratio:    0.71
      Required ratio:    0.00 (Cumulative area) 

    Layer: met4
      Partial area ratio:   11.32
      Required ratio:    0.00 (Gate area) 
      Cumulative area ratio:  125.70
      Required ratio:    0.00 (Cumulative area) 
      Partial area ratio:   60.99
      Required ratio: 2956.40 (Side area) 
      Cumulative area ratio:  640.22
      Required ratio:    0.00 (Cumulative side area) 



Net: net1785
  Pin:   _10006_/A (sky130_fd_sc_hd__or2_2)
    Layer: mcon
      Partial area ratio:    0.23
      Required ratio:    3.00 (Gate area) 
      Cumulative area ratio:    0.23
      Required ratio:    0.00 (Cumulative area) 

    Layer: met1
      Partial area ratio:   30.64
      Required ratio:    0.00 (Gate area) 
      Cumulative area ratio:   30.64
      Required ratio:    0.00 (Cumulative area) 
      Partial area ratio:  152.25
      Required ratio:  400.00 (Side area) 
      Cumulative area ratio:  152.25
      Required ratio:    0.00 (Cumulative side area) 

    Layer: via
      Partial area ratio:    0.18
      Required ratio:    6.00 (Gate area) 
      Cumulative area ratio:    0.41
      Required ratio:    0.00 (Cumulative area) 

    Layer: met2
      Partial area ratio:    0.72
      Required ratio:    0.00 (Gate area) 
      Cumulative area ratio:   31.37
      Required ratio:    0.00 (Cumulative area) 
      Partial area ratio:    3.39
      Required ratio:  400.00 (Side area) 
      Cumulative area ratio:  155.64
      Required ratio:    0.00 (Cumulative side area) 

    Layer: via2
      Partial area ratio:    0.11
      Required ratio:    6.00 (Gate area) 
      Cumulative area ratio:    0.52
      Required ratio:    0.00 (Cumulative area) 

    Layer: met3
      Partial area ratio:   95.73
      Required ratio:    0.00 (Gate area) 
      Cumulative area ratio:  127.09
      Required ratio:    0.00 (Cumulative area) 
      Partial area ratio:  512.12
      Required ratio:  400.00 (Side area) (VIOLATED)
      Cumulative area ratio:  667.76
      Required ratio:    0.00 (Cumulative side area) 

    Layer: via3
      Partial area ratio:    0.14
      Required ratio:    6.00 (Gate area) 
      Cumulative area ratio:    0.65
      Required ratio:    0.00 (Cumulative area) 

    Layer: met4
      Partial area ratio:   20.28
      Required ratio:    0.00 (Gate area) 
      Cumulative area ratio:  147.38
      Required ratio:    0.00 (Cumulative area) 
      Partial area ratio:  109.87
      Required ratio: 2918.08 (Side area) 
      Cumulative area ratio:  777.63
      Required ratio:    0.00 (Cumulative side area) 


  Pin:   _10179_/A1 (sky130_fd_sc_hd__o22a_2)
    Layer: mcon
      Partial area ratio:    0.12
      Required ratio:    3.00 (Gate area) 
      Cumulative area ratio:    0.12
      Required ratio:    0.00 (Cumulative area) 

    Layer: met1
      Partial area ratio:    3.68
      Required ratio:    0.00 (Gate area) 
      Cumulative area ratio:    3.68
      Required ratio:    0.00 (Cumulative area) 
      Partial area ratio:   17.64
      Required ratio:  400.00 (Side area) 
      Cumulative area ratio:   17.64
      Required ratio:    0.00 (Cumulative side area) 

    Layer: via
      Partial area ratio:    0.18
      Required ratio:    6.00 (Gate area) 
      Cumulative area ratio:    0.30
      Required ratio:    0.00 (Cumulative area) 

    Layer: met2
      Partial area ratio:    0.75
      Required ratio:    0.00 (Gate area) 
      Cumulative area ratio:    4.43
      Required ratio:    0.00 (Cumulative area) 
      Partial area ratio:    3.48
      Required ratio:  400.00 (Side area) 
      Cumulative area ratio:   21.12
      Required ratio:    0.00 (Cumulative side area) 

    Layer: via2
      Partial area ratio:    0.16
      Required ratio:    6.00 (Gate area) 
      Cumulative area ratio:    0.46
      Required ratio:    0.00 (Cumulative area) 

    Layer: met3
      Partial area ratio:    0.50
      Required ratio:    0.00 (Gate area) 
      Cumulative area ratio:    4.94
      Required ratio:    0.00 (Cumulative area) 
      Partial area ratio:    4.59
      Required ratio:  400.00 (Side area) 
      Cumulative area ratio:   25.71
      Required ratio:    0.00 (Cumulative side area) 

    Layer: via3
      Partial area ratio:    0.16
      Required ratio:    6.00 (Gate area) 
      Cumulative area ratio:    0.62
      Required ratio:    0.00 (Cumulative area) 

    Layer: met4
      Partial area ratio:   20.28
      Required ratio:    0.00 (Gate area) 
      Cumulative area ratio:   25.22
      Required ratio:    0.00 (Cumulative area) 
      Partial area ratio:  109.87
      Required ratio: 2918.08 (Side area) 
      Cumulative area ratio:  135.58
      Required ratio:    0.00 (Cumulative side area) 


  Pin:   _10185_/A1 (sky130_fd_sc_hd__o211a_2)
    Layer: mcon
      Partial area ratio:    0.12
      Required ratio:    3.00 (Gate area) 
      Cumulative area ratio:    0.12
      Required ratio:    0.00 (Cumulative area) 

    Layer: met1
      Partial area ratio:   30.64
      Required ratio:    0.00 (Gate area) 
      Cumulative area ratio:   30.64
      Required ratio:    0.00 (Cumulative area) 
      Partial area ratio:  152.25
      Required ratio:  400.00 (Side area) 
      Cumulative area ratio:  152.25
      Required ratio:    0.00 (Cumulative side area) 

    Layer: via
      Partial area ratio:    0.18
      Required ratio:    6.00 (Gate area) 
      Cumulative area ratio:    0.30
      Required ratio:    0.00 (Cumulative area) 

    Layer: met2
      Partial area ratio:    0.72
      Required ratio:    0.00 (Gate area) 
      Cumulative area ratio:   31.37
      Required ratio:    0.00 (Cumulative area) 
      Partial area ratio:    3.39
      Required ratio:  400.00 (Side area) 
      Cumulative area ratio:  155.64
      Required ratio:    0.00 (Cumulative side area) 

    Layer: via2
      Partial area ratio:    0.11
      Required ratio:    6.00 (Gate area) 
      Cumulative area ratio:    0.40
      Required ratio:    0.00 (Cumulative area) 

    Layer: met3
      Partial area ratio:   95.73
      Required ratio:    0.00 (Gate area) 
      Cumulative area ratio:  127.09
      Required ratio:    0.00 (Cumulative area) 
      Partial area ratio:  512.12
      Required ratio:  400.00 (Side area) (VIOLATED)
      Cumulative area ratio:  667.76
      Required ratio:    0.00 (Cumulative side area) 

    Layer: via3
      Partial area ratio:    0.14
      Required ratio:    6.00 (Gate area) 
      Cumulative area ratio:    0.54
      Required ratio:    0.00 (Cumulative area) 

    Layer: met4
      Partial area ratio:   20.28
      Required ratio:    0.00 (Gate area) 
      Cumulative area ratio:  147.38
      Required ratio:    0.00 (Cumulative area) 
      Partial area ratio:  109.87
      Required ratio: 2918.08 (Side area) 
      Cumulative area ratio:  777.63
      Required ratio:    0.00 (Cumulative side area) 


  Pin:   fanout1783/A (sky130_fd_sc_hd__clkdlybuf4s25_1)
    Layer: mcon
      Partial area ratio:    0.14
      Required ratio:    3.00 (Gate area) 
      Cumulative area ratio:    0.14
      Required ratio:    0.00 (Cumulative area) 

    Layer: met1
      Partial area ratio:    5.72
      Required ratio:    0.00 (Gate area) 
      Cumulative area ratio:    5.72
      Required ratio:    0.00 (Cumulative area) 
      Partial area ratio:   27.71
      Required ratio:  400.00 (Side area) 
      Cumulative area ratio:   27.71
      Required ratio:    0.00 (Cumulative side area) 

    Layer: via
      Partial area ratio:    0.21
      Required ratio:    6.00 (Gate area) 
      Cumulative area ratio:    0.35
      Required ratio:    0.00 (Cumulative area) 

    Layer: met2
      Partial area ratio:    0.88
      Required ratio:    0.00 (Gate area) 
      Cumulative area ratio:    6.59
      Required ratio:    0.00 (Cumulative area) 
      Partial area ratio:    4.04
      Required ratio:  400.00 (Side area) 
      Cumulative area ratio:   31.75
      Required ratio:    0.00 (Cumulative side area) 

    Layer: via2
      Partial area ratio:    0.19
      Required ratio:    6.00 (Gate area) 
      Cumulative area ratio:    0.53
      Required ratio:    0.00 (Cumulative area) 

    Layer: met3
      Partial area ratio:   95.73
      Required ratio:    0.00 (Gate area) 
      Cumulative area ratio:  102.32
      Required ratio:    0.00 (Cumulative area) 
      Partial area ratio:  512.12
      Required ratio:  400.00 (Side area) (VIOLATED)
      Cumulative area ratio:  543.88
      Required ratio:    0.00 (Cumulative side area) 

    Layer: via3
      Partial area ratio:    0.14
      Required ratio:    6.00 (Gate area) 
      Cumulative area ratio:    0.67
      Required ratio:    0.00 (Cumulative area) 

    Layer: met4
      Partial area ratio:   20.28
      Required ratio:    0.00 (Gate area) 
      Cumulative area ratio:  122.60
      Required ratio:    0.00 (Cumulative area) 
      Partial area ratio:  109.87
      Required ratio: 2918.08 (Side area) 
      Cumulative area ratio:  653.75
      Required ratio:    0.00 (Cumulative side area) 



Net: net1860
  Pin:   fanout1852/A (sky130_fd_sc_hd__clkdlybuf4s25_1)
    Layer: mcon
      Partial area ratio:    0.14
      Required ratio:    3.00 (Gate area) 
      Cumulative area ratio:    0.14
      Required ratio:    0.00 (Cumulative area) 

    Layer: met1
      Partial area ratio:    6.71
      Required ratio:    0.00 (Gate area) 
      Cumulative area ratio:    6.71
      Required ratio:    0.00 (Cumulative area) 
      Partial area ratio:   31.75
      Required ratio: 2881.16 (Side area) 
      Cumulative area ratio:   31.75
      Required ratio:    0.00 (Cumulative side area) 

    Layer: via
      Partial area ratio:    0.32
      Required ratio:   31.30 (Gate area) 
      Cumulative area ratio:    0.45
      Required ratio:    0.00 (Cumulative area) 

    Layer: met2
      Partial area ratio:    1.27
      Required ratio:    0.00 (Gate area) 
      Cumulative area ratio:    7.98
      Required ratio:    0.00 (Cumulative area) 
      Partial area ratio:    5.95
      Required ratio: 2881.16 (Side area) 
      Cumulative area ratio:   37.70
      Required ratio:    0.00 (Cumulative side area) 

    Layer: via2
      Partial area ratio:    0.19
      Required ratio:   31.30 (Gate area) 
      Cumulative area ratio:    0.64
      Required ratio:    0.00 (Cumulative area) 

    Layer: met3
      Partial area ratio:    0.59
      Required ratio:    0.00 (Gate area) 
      Cumulative area ratio:    8.56
      Required ratio:    0.00 (Cumulative area) 
      Partial area ratio:    5.33
      Required ratio: 2881.16 (Side area) 
      Cumulative area ratio:   43.03
      Required ratio:    0.00 (Cumulative side area) 

    Layer: via3
      Partial area ratio:    0.19
      Required ratio:   31.30 (Gate area) 
      Cumulative area ratio:    0.83
      Required ratio:    0.00 (Cumulative area) 

    Layer: met4
      Partial area ratio:    6.54
      Required ratio:    0.00 (Gate area) 
      Cumulative area ratio:   15.10
      Required ratio:    0.00 (Cumulative area) 
      Partial area ratio:   17.73
      Required ratio: 2881.16 (Side area) 
      Cumulative area ratio:   60.76
      Required ratio:    0.00 (Cumulative side area) 

    Layer: via4
      Partial area ratio:    3.00
      Required ratio:   31.30 (Gate area) 
      Cumulative area ratio:    3.83
      Required ratio:    0.00 (Cumulative area) 

    Layer: met5
      Partial area ratio:  220.09
      Required ratio:    0.00 (Gate area) 
      Cumulative area ratio:  235.19
      Required ratio:    0.00 (Cumulative area) 
      Partial area ratio:  333.75
      Required ratio: 2881.16 (Side area) 
      Cumulative area ratio:  394.51
      Required ratio:    0.00 (Cumulative side area) 


  Pin:   fanout1854/A (sky130_fd_sc_hd__clkdlybuf4s25_1)
    Layer: mcon
      Partial area ratio:    0.14
      Required ratio:    3.00 (Gate area) 
      Cumulative area ratio:    0.14
      Required ratio:    0.00 (Cumulative area) 

    Layer: met1
      Partial area ratio:    0.88
      Required ratio:    0.00 (Gate area) 
      Cumulative area ratio:    0.88
      Required ratio:    0.00 (Cumulative area) 
      Partial area ratio:    3.87
      Required ratio:  400.00 (Side area) 
      Cumulative area ratio:    3.87
      Required ratio:    0.00 (Cumulative side area) 

    Layer: via
      Partial area ratio:    0.14
      Required ratio:    6.00 (Gate area) 
      Cumulative area ratio:    0.28
      Required ratio:    0.00 (Cumulative area) 

    Layer: met2
      Partial area ratio:    0.55
      Required ratio:    0.00 (Gate area) 
      Cumulative area ratio:    1.43
      Required ratio:    0.00 (Cumulative area) 
      Partial area ratio:    2.28
      Required ratio:  400.00 (Side area) 
      Cumulative area ratio:    6.16
      Required ratio:    0.00 (Cumulative side area) 

    Layer: via2
      Partial area ratio:    0.19
      Required ratio:    6.00 (Gate area) 
      Cumulative area ratio:    0.47
      Required ratio:    0.00 (Cumulative area) 

    Layer: met3
      Partial area ratio:    0.59
      Required ratio:    0.00 (Gate area) 
      Cumulative area ratio:    2.02
      Required ratio:    0.00 (Cumulative area) 
      Partial area ratio:    5.33
      Required ratio:  400.00 (Side area) 
      Cumulative area ratio:   11.49
      Required ratio:    0.00 (Cumulative side area) 

    Layer: via3
      Partial area ratio:    0.19
      Required ratio:    6.00 (Gate area) 
      Cumulative area ratio:    0.66
      Required ratio:    0.00 (Cumulative area) 

    Layer: met4
      Partial area ratio:   35.80
      Required ratio:    0.00 (Gate area) 
      Cumulative area ratio:   37.82
      Required ratio:    0.00 (Cumulative area) 
      Partial area ratio:  187.75
      Required ratio:  400.00 (Side area) 
      Cumulative area ratio:  199.24
      Required ratio:    0.00 (Cumulative side area) 

    Layer: via4
      Partial area ratio:    0.75
      Required ratio:    6.00 (Gate area) 
      Cumulative area ratio:    1.41
      Required ratio:    0.00 (Cumulative area) 

    Layer: met5
      Partial area ratio:  220.09
      Required ratio:    0.00 (Gate area) 
      Cumulative area ratio:  257.91
      Required ratio:    0.00 (Cumulative area) 
      Partial area ratio:  333.75
      Required ratio: 2881.16 (Side area) 
      Cumulative area ratio:  532.98
      Required ratio:    0.00 (Cumulative side area) 


  Pin:   fanout1856/A (sky130_fd_sc_hd__clkdlybuf4s25_1)
    Layer: mcon
      Partial area ratio:    0.14
      Required ratio:    3.00 (Gate area) 
      Cumulative area ratio:    0.14
      Required ratio:    0.00 (Cumulative area) 

    Layer: met1
      Partial area ratio:    3.68
      Required ratio:    0.00 (Gate area) 
      Cumulative area ratio:    3.68
      Required ratio:    0.00 (Cumulative area) 
      Partial area ratio:   17.51
      Required ratio:  400.00 (Side area) 
      Cumulative area ratio:   17.51
      Required ratio:    0.00 (Cumulative side area) 

    Layer: via
      Partial area ratio:    0.21
      Required ratio:    6.00 (Gate area) 
      Cumulative area ratio:    0.35
      Required ratio:    0.00 (Cumulative area) 

    Layer: met2
      Partial area ratio:    0.88
      Required ratio:    0.00 (Gate area) 
      Cumulative area ratio:    4.55
      Required ratio:    0.00 (Cumulative area) 
      Partial area ratio:    4.04
      Required ratio:  400.00 (Side area) 
      Cumulative area ratio:   21.55
      Required ratio:    0.00 (Cumulative side area) 

    Layer: via2
      Partial area ratio:    0.19
      Required ratio:    6.00 (Gate area) 
      Cumulative area ratio:    0.53
      Required ratio:    0.00 (Cumulative area) 

    Layer: met3
      Partial area ratio:  146.92
      Required ratio:    0.00 (Gate area) 
      Cumulative area ratio:  151.47
      Required ratio:    0.00 (Cumulative area) 
      Partial area ratio:  787.98
      Required ratio:  400.00 (Side area) (VIOLATED)
      Cumulative area ratio:  809.53
      Required ratio:    0.00 (Cumulative side area) 

    Layer: via3
      Partial area ratio:    0.19
      Required ratio:    6.00 (Gate area) 
      Cumulative area ratio:    0.72
      Required ratio:    0.00 (Cumulative area) 

    Layer: met4
      Partial area ratio:   35.80
      Required ratio:    0.00 (Gate area) 
      Cumulative area ratio:  187.27
      Required ratio:    0.00 (Cumulative area) 
      Partial area ratio:  187.75
      Required ratio:  400.00 (Side area) 
      Cumulative area ratio:  997.28
      Required ratio:    0.00 (Cumulative side area) 

    Layer: via4
      Partial area ratio:    0.75
      Required ratio:    6.00 (Gate area) 
      Cumulative area ratio:    1.47
      Required ratio:    0.00 (Cumulative area) 

    Layer: met5
      Partial area ratio:  220.09
      Required ratio:    0.00 (Gate area) 
      Cumulative area ratio:  407.37
      Required ratio:    0.00 (Cumulative area) 
      Partial area ratio:  333.75
      Required ratio: 2881.16 (Side area) 
      Cumulative area ratio: 1331.02
      Required ratio:    0.00 (Cumulative side area) 


  Pin:   fanout1857/A (sky130_fd_sc_hd__clkdlybuf4s25_1)
    Layer: mcon
      Partial area ratio:    0.14
      Required ratio:    3.00 (Gate area) 
      Cumulative area ratio:    0.14
      Required ratio:    0.00 (Cumulative area) 

    Layer: met1
      Partial area ratio:    3.71
      Required ratio:    0.00 (Gate area) 
      Cumulative area ratio:    3.71
      Required ratio:    0.00 (Cumulative area) 
      Partial area ratio:   17.67
      Required ratio:  400.00 (Side area) 
      Cumulative area ratio:   17.67
      Required ratio:    0.00 (Cumulative side area) 

    Layer: via
      Partial area ratio:    0.21
      Required ratio:    6.00 (Gate area) 
      Cumulative area ratio:    0.35
      Required ratio:    0.00 (Cumulative area) 

    Layer: met2
      Partial area ratio:    0.88
      Required ratio:    0.00 (Gate area) 
      Cumulative area ratio:    4.59
      Required ratio:    0.00 (Cumulative area) 
      Partial area ratio:    4.04
      Required ratio:  400.00 (Side area) 
      Cumulative area ratio:   21.71
      Required ratio:    0.00 (Cumulative side area) 

    Layer: via2
      Partial area ratio:    0.19
      Required ratio:    6.00 (Gate area) 
      Cumulative area ratio:    0.53
      Required ratio:    0.00 (Cumulative area) 

    Layer: met3
      Partial area ratio:   20.06
      Required ratio:    0.00 (Gate area) 
      Cumulative area ratio:   24.64
      Required ratio:    0.00 (Cumulative area) 
      Partial area ratio:  109.15
      Required ratio:  400.00 (Side area) 
      Cumulative area ratio:  130.86
      Required ratio:    0.00 (Cumulative side area) 

    Layer: via3
      Partial area ratio:    0.38
      Required ratio:    6.00 (Gate area) 
      Cumulative area ratio:    0.91
      Required ratio:    0.00 (Cumulative area) 

    Layer: met4
      Partial area ratio:   35.80
      Required ratio:    0.00 (Gate area) 
      Cumulative area ratio:   60.44
      Required ratio:    0.00 (Cumulative area) 
      Partial area ratio:  187.75
      Required ratio:  400.00 (Side area) 
      Cumulative area ratio:  318.61
      Required ratio:    0.00 (Cumulative side area) 

    Layer: via4
      Partial area ratio:    0.75
      Required ratio:    6.00 (Gate area) 
      Cumulative area ratio:    1.66
      Required ratio:    0.00 (Cumulative area) 

    Layer: met5
      Partial area ratio:  220.09
      Required ratio:    0.00 (Gate area) 
      Cumulative area ratio:  280.54
      Required ratio:    0.00 (Cumulative area) 
      Partial area ratio:  333.75
      Required ratio: 2881.16 (Side area) 
      Cumulative area ratio:  652.35
      Required ratio:    0.00 (Cumulative side area) 


  Pin:   fanout1859/A (sky130_fd_sc_hd__clkdlybuf4s25_1)
    Layer: mcon
      Partial area ratio:    0.14
      Required ratio:    3.00 (Gate area) 
      Cumulative area ratio:    0.14
      Required ratio:    0.00 (Cumulative area) 

    Layer: met1
      Partial area ratio:    2.39
      Required ratio:    0.00 (Gate area) 
      Cumulative area ratio:    2.39
      Required ratio:    0.00 (Cumulative area) 
      Partial area ratio:   11.07
      Required ratio:  400.00 (Side area) 
      Cumulative area ratio:   11.07
      Required ratio:    0.00 (Cumulative side area) 

    Layer: via
      Partial area ratio:    0.21
      Required ratio:    6.00 (Gate area) 
      Cumulative area ratio:    0.35
      Required ratio:    0.00 (Cumulative area) 

    Layer: met2
      Partial area ratio:    0.88
      Required ratio:    0.00 (Gate area) 
      Cumulative area ratio:    3.26
      Required ratio:    0.00 (Cumulative area) 
      Partial area ratio:    4.04
      Required ratio:  400.00 (Side area) 
      Cumulative area ratio:   15.11
      Required ratio:    0.00 (Cumulative side area) 

    Layer: via2
      Partial area ratio:    0.19
      Required ratio:    6.00 (Gate area) 
      Cumulative area ratio:    0.53
      Required ratio:    0.00 (Cumulative area) 

    Layer: met3
      Partial area ratio:  136.64
      Required ratio:    0.00 (Gate area) 
      Cumulative area ratio:  139.90
      Required ratio:    0.00 (Cumulative area) 
      Partial area ratio:  730.93
      Required ratio:  400.00 (Side area) (VIOLATED)
      Cumulative area ratio:  746.04
      Required ratio:    0.00 (Cumulative side area) 

    Layer: via3
      Partial area ratio:    0.19
      Required ratio:    6.00 (Gate area) 
      Cumulative area ratio:    0.72
      Required ratio:    0.00 (Cumulative area) 

    Layer: met4
      Partial area ratio:   35.80
      Required ratio:    0.00 (Gate area) 
      Cumulative area ratio:  175.70
      Required ratio:    0.00 (Cumulative area) 
      Partial area ratio:  187.75
      Required ratio:  400.00 (Side area) 
      Cumulative area ratio:  933.79
      Required ratio:    0.00 (Cumulative side area) 

    Layer: via4
      Partial area ratio:    0.75
      Required ratio:    6.00 (Gate area) 
      Cumulative area ratio:    1.47
      Required ratio:    0.00 (Cumulative area) 

    Layer: met5
      Partial area ratio:  220.09
      Required ratio:    0.00 (Gate area) 
      Cumulative area ratio:  395.80
      Required ratio:    0.00 (Cumulative area) 
      Partial area ratio:  333.75
      Required ratio: 2881.16 (Side area) 
      Cumulative area ratio: 1267.53
      Required ratio:    0.00 (Cumulative side area) 



Net: net1917
  Pin:   _10814_/A2 (sky130_fd_sc_hd__a22o_2)
    Layer: mcon
      Partial area ratio:    0.12
      Required ratio:    3.00 (Gate area) 
      Cumulative area ratio:    0.12
      Required ratio:    0.00 (Cumulative area) 

    Layer: met1
      Partial area ratio:    2.70
      Required ratio:    0.00 (Gate area) 
      Cumulative area ratio:    2.70
      Required ratio:    0.00 (Cumulative area) 
      Partial area ratio:   12.75
      Required ratio:  400.00 (Side area) 
      Cumulative area ratio:   12.75
      Required ratio:    0.00 (Cumulative side area) 

    Layer: via
      Partial area ratio:    0.18
      Required ratio:    6.00 (Gate area) 
      Cumulative area ratio:    0.30
      Required ratio:    0.00 (Cumulative area) 

    Layer: met2
      Partial area ratio:    0.75
      Required ratio:    0.00 (Gate area) 
      Cumulative area ratio:    3.45
      Required ratio:    0.00 (Cumulative area) 
      Partial area ratio:    3.48
      Required ratio:  400.00 (Side area) 
      Cumulative area ratio:   16.23
      Required ratio:    0.00 (Cumulative side area) 

    Layer: via2
      Partial area ratio:    0.16
      Required ratio:    6.00 (Gate area) 
      Cumulative area ratio:    0.46
      Required ratio:    0.00 (Cumulative area) 

    Layer: met3
      Partial area ratio:   92.50
      Required ratio:    0.00 (Gate area) 
      Cumulative area ratio:   95.96
      Required ratio:    0.00 (Cumulative area) 
      Partial area ratio:  495.22
      Required ratio:  400.00 (Side area) (VIOLATED)
      Cumulative area ratio:  511.45
      Required ratio:    0.00 (Cumulative side area) 

    Layer: via3
      Partial area ratio:    0.16
      Required ratio:    6.00 (Gate area) 
      Cumulative area ratio:    0.62
      Required ratio:    0.00 (Cumulative area) 

    Layer: met4
      Partial area ratio:   64.73
      Required ratio:    0.00 (Gate area) 
      Cumulative area ratio:  160.69
      Required ratio:    0.00 (Cumulative area) 
      Partial area ratio:  345.94
      Required ratio: 2918.08 (Side area) 
      Cumulative area ratio:  857.40
      Required ratio:    0.00 (Cumulative side area) 


  Pin:   fanout1900/A (sky130_fd_sc_hd__clkdlybuf4s25_1)
    Layer: mcon
      Partial area ratio:    0.14
      Required ratio:    3.00 (Gate area) 
      Cumulative area ratio:    0.14
      Required ratio:    0.00 (Cumulative area) 

    Layer: met1
      Partial area ratio:    5.89
      Required ratio:    0.00 (Gate area) 
      Cumulative area ratio:    5.89
      Required ratio:    0.00 (Cumulative area) 
      Partial area ratio:   28.57
      Required ratio:  400.00 (Side area) 
      Cumulative area ratio:   28.57
      Required ratio:    0.00 (Cumulative side area) 

    Layer: via
      Partial area ratio:    0.21
      Required ratio:    6.00 (Gate area) 
      Cumulative area ratio:    0.35
      Required ratio:    0.00 (Cumulative area) 

    Layer: met2
      Partial area ratio:    0.88
      Required ratio:    0.00 (Gate area) 
      Cumulative area ratio:    6.76
      Required ratio:    0.00 (Cumulative area) 
      Partial area ratio:    4.04
      Required ratio:  400.00 (Side area) 
      Cumulative area ratio:   32.61
      Required ratio:    0.00 (Cumulative side area) 

    Layer: via2
      Partial area ratio:    0.19
      Required ratio:    6.00 (Gate area) 
      Cumulative area ratio:    0.53
      Required ratio:    0.00 (Cumulative area) 

    Layer: met3
      Partial area ratio:  194.96
      Required ratio:    0.00 (Gate area) 
      Cumulative area ratio:  201.73
      Required ratio:    0.00 (Cumulative area) 
      Partial area ratio: 1041.99
      Required ratio: 2918.08 (Side area) 
      Cumulative area ratio: 1074.60
      Required ratio:    0.00 (Cumulative side area) 

    Layer: via3
      Partial area ratio:    0.19
      Required ratio:   34.63 (Gate area) 
      Cumulative area ratio:    0.72
      Required ratio:    0.00 (Cumulative area) 

    Layer: met4
      Partial area ratio:   64.73
      Required ratio:    0.00 (Gate area) 
      Cumulative area ratio:  266.46
      Required ratio:    0.00 (Cumulative area) 
      Partial area ratio:  345.94
      Required ratio: 2918.08 (Side area) 
      Cumulative area ratio: 1420.54
      Required ratio:    0.00 (Cumulative side area) 


  Pin:   fanout1904/A (sky130_fd_sc_hd__clkdlybuf4s25_1)
    Layer: mcon
      Partial area ratio:    0.14
      Required ratio:    3.00 (Gate area) 
      Cumulative area ratio:    0.14
      Required ratio:    0.00 (Cumulative area) 

    Layer: met1
      Partial area ratio:    1.97
      Required ratio:    0.00 (Gate area) 
      Cumulative area ratio:    1.97
      Required ratio:    0.00 (Cumulative area) 
      Partial area ratio:    8.97
      Required ratio:  400.00 (Side area) 
      Cumulative area ratio:    8.97
      Required ratio:    0.00 (Cumulative side area) 

    Layer: via
      Partial area ratio:    0.21
      Required ratio:    6.00 (Gate area) 
      Cumulative area ratio:    0.35
      Required ratio:    0.00 (Cumulative area) 

    Layer: met2
      Partial area ratio:    0.88
      Required ratio:    0.00 (Gate area) 
      Cumulative area ratio:    2.84
      Required ratio:    0.00 (Cumulative area) 
      Partial area ratio:    4.04
      Required ratio:  400.00 (Side area) 
      Cumulative area ratio:   13.01
      Required ratio:    0.00 (Cumulative side area) 

    Layer: via2
      Partial area ratio:    0.19
      Required ratio:    6.00 (Gate area) 
      Cumulative area ratio:    0.53
      Required ratio:    0.00 (Cumulative area) 

    Layer: met3
      Partial area ratio:    0.59
      Required ratio:    0.00 (Gate area) 
      Cumulative area ratio:    3.43
      Required ratio:    0.00 (Cumulative area) 
      Partial area ratio:    5.33
      Required ratio:  400.00 (Side area) 
      Cumulative area ratio:   18.34
      Required ratio:    0.00 (Cumulative side area) 

    Layer: via3
      Partial area ratio:    0.19
      Required ratio:    6.00 (Gate area) 
      Cumulative area ratio:    0.72
      Required ratio:    0.00 (Cumulative area) 

    Layer: met4
      Partial area ratio:   64.73
      Required ratio:    0.00 (Gate area) 
      Cumulative area ratio:   68.17
      Required ratio:    0.00 (Cumulative area) 
      Partial area ratio:  345.94
      Required ratio: 2918.08 (Side area) 
      Cumulative area ratio:  364.28
      Required ratio:    0.00 (Cumulative side area) 



Net: net1959
  Pin:   fanout1928/A (sky130_fd_sc_hd__clkdlybuf4s25_1)
    Layer: mcon
      Partial area ratio:    0.14
      Required ratio:    3.00 (Gate area) 
      Cumulative area ratio:    0.14
      Required ratio:    0.00 (Cumulative area) 

    Layer: met1
      Partial area ratio:    3.80
      Required ratio:    0.00 (Gate area) 
      Cumulative area ratio:    3.80
      Required ratio:    0.00 (Cumulative area) 
      Partial area ratio:   18.13
      Required ratio:  400.00 (Side area) 
      Cumulative area ratio:   18.13
      Required ratio:    0.00 (Cumulative side area) 

    Layer: via
      Partial area ratio:    0.21
      Required ratio:    6.00 (Gate area) 
      Cumulative area ratio:    0.35
      Required ratio:    0.00 (Cumulative area) 

    Layer: met2
      Partial area ratio:    0.88
      Required ratio:    0.00 (Gate area) 
      Cumulative area ratio:    4.68
      Required ratio:    0.00 (Cumulative area) 
      Partial area ratio:    4.04
      Required ratio:  400.00 (Side area) 
      Cumulative area ratio:   22.18
      Required ratio:    0.00 (Cumulative side area) 

    Layer: via2
      Partial area ratio:    0.19
      Required ratio:    6.00 (Gate area) 
      Cumulative area ratio:    0.53
      Required ratio:    0.00 (Cumulative area) 

    Layer: met3
      Partial area ratio:  224.14
      Required ratio:    0.00 (Gate area) 
      Cumulative area ratio:  228.82
      Required ratio:    0.00 (Cumulative area) 
      Partial area ratio: 1197.60
      Required ratio:  400.00 (Side area) (VIOLATED)
      Cumulative area ratio: 1219.77
      Required ratio:    0.00 (Cumulative side area) 

    Layer: via3
      Partial area ratio:    0.38
      Required ratio:    6.00 (Gate area) 
      Cumulative area ratio:    0.91
      Required ratio:    0.00 (Cumulative area) 

    Layer: met4
      Partial area ratio:  111.14
      Required ratio:    0.00 (Gate area) 
      Cumulative area ratio:  339.96
      Required ratio:    0.00 (Cumulative area) 
      Partial area ratio:  594.07
      Required ratio: 2881.16 (Side area) 
      Cumulative area ratio: 1813.85
      Required ratio:    0.00 (Cumulative side area) 


  Pin:   fanout1939/A (sky130_fd_sc_hd__clkdlybuf4s25_1)
    Layer: mcon
      Partial area ratio:    0.14
      Required ratio:    3.00 (Gate area) 
      Cumulative area ratio:    0.14
      Required ratio:    0.00 (Cumulative area) 

    Layer: met1
      Partial area ratio:    5.47
      Required ratio:    0.00 (Gate area) 
      Cumulative area ratio:    5.47
      Required ratio:    0.00 (Cumulative area) 
      Partial area ratio:   26.47
      Required ratio:  400.00 (Side area) 
      Cumulative area ratio:   26.47
      Required ratio:    0.00 (Cumulative side area) 

    Layer: via
      Partial area ratio:    0.21
      Required ratio:    6.00 (Gate area) 
      Cumulative area ratio:    0.35
      Required ratio:    0.00 (Cumulative area) 

    Layer: met2
      Partial area ratio:    0.88
      Required ratio:    0.00 (Gate area) 
      Cumulative area ratio:    6.34
      Required ratio:    0.00 (Cumulative area) 
      Partial area ratio:    4.04
      Required ratio:  400.00 (Side area) 
      Cumulative area ratio:   30.51
      Required ratio:    0.00 (Cumulative side area) 

    Layer: via2
      Partial area ratio:    0.19
      Required ratio:    6.00 (Gate area) 
      Cumulative area ratio:    0.53
      Required ratio:    0.00 (Cumulative area) 

    Layer: met3
      Partial area ratio:    0.59
      Required ratio:    0.00 (Gate area) 
      Cumulative area ratio:    6.93
      Required ratio:    0.00 (Cumulative area) 
      Partial area ratio:    5.33
      Required ratio:  400.00 (Side area) 
      Cumulative area ratio:   35.84
      Required ratio:    0.00 (Cumulative side area) 

    Layer: via3
      Partial area ratio:    0.19
      Required ratio:    6.00 (Gate area) 
      Cumulative area ratio:    0.72
      Required ratio:    0.00 (Cumulative area) 

    Layer: met4
      Partial area ratio:  111.14
      Required ratio:    0.00 (Gate area) 
      Cumulative area ratio:  118.07
      Required ratio:    0.00 (Cumulative area) 
      Partial area ratio:  594.07
      Required ratio: 2881.16 (Side area) 
      Cumulative area ratio:  629.91
      Required ratio:    0.00 (Cumulative side area) 


  Pin:   fanout1944/A (sky130_fd_sc_hd__clkdlybuf4s25_1)
    Layer: mcon
      Partial area ratio:    0.14
      Required ratio:    3.00 (Gate area) 
      Cumulative area ratio:    0.14
      Required ratio:    0.00 (Cumulative area) 

    Layer: met1
      Partial area ratio:    2.66
      Required ratio:    0.00 (Gate area) 
      Cumulative area ratio:    2.66
      Required ratio:    0.00 (Cumulative area) 
      Partial area ratio:   12.41
      Required ratio:  400.00 (Side area) 
      Cumulative area ratio:   12.41
      Required ratio:    0.00 (Cumulative side area) 

    Layer: via
      Partial area ratio:    0.21
      Required ratio:    6.00 (Gate area) 
      Cumulative area ratio:    0.35
      Required ratio:    0.00 (Cumulative area) 

    Layer: met2
      Partial area ratio:    0.88
      Required ratio:    0.00 (Gate area) 
      Cumulative area ratio:    3.53
      Required ratio:    0.00 (Cumulative area) 
      Partial area ratio:    4.04
      Required ratio:  400.00 (Side area) 
      Cumulative area ratio:   16.45
      Required ratio:    0.00 (Cumulative side area) 

    Layer: via2
      Partial area ratio:    0.19
      Required ratio:    6.00 (Gate area) 
      Cumulative area ratio:    0.53
      Required ratio:    0.00 (Cumulative area) 

    Layer: met3
      Partial area ratio:   49.77
      Required ratio:    0.00 (Gate area) 
      Cumulative area ratio:   53.31
      Required ratio:    0.00 (Cumulative area) 
      Partial area ratio:  269.82
      Required ratio:  400.00 (Side area) 
      Cumulative area ratio:  286.28
      Required ratio:    0.00 (Cumulative side area) 

    Layer: via3
      Partial area ratio:    0.38
      Required ratio:    6.00 (Gate area) 
      Cumulative area ratio:    0.91
      Required ratio:    0.00 (Cumulative area) 

    Layer: met4
      Partial area ratio:  111.14
      Required ratio:    0.00 (Gate area) 
      Cumulative area ratio:  164.45
      Required ratio:    0.00 (Cumulative area) 
      Partial area ratio:  594.07
      Required ratio: 2881.16 (Side area) 
      Cumulative area ratio:  880.35
      Required ratio:    0.00 (Cumulative side area) 


  Pin:   fanout1948/A (sky130_fd_sc_hd__clkdlybuf4s25_1)
    Layer: mcon
      Partial area ratio:    0.14
      Required ratio:    3.00 (Gate area) 
      Cumulative area ratio:    0.14
      Required ratio:    0.00 (Cumulative area) 

    Layer: met1
      Partial area ratio:    2.26
      Required ratio:    0.00 (Gate area) 
      Cumulative area ratio:    2.26
      Required ratio:    0.00 (Cumulative area) 
      Partial area ratio:   10.44
      Required ratio:  400.00 (Side area) 
      Cumulative area ratio:   10.44
      Required ratio:    0.00 (Cumulative side area) 

    Layer: via
      Partial area ratio:    0.21
      Required ratio:    6.00 (Gate area) 
      Cumulative area ratio:    0.35
      Required ratio:    0.00 (Cumulative area) 

    Layer: met2
      Partial area ratio:    0.88
      Required ratio:    0.00 (Gate area) 
      Cumulative area ratio:    3.14
      Required ratio:    0.00 (Cumulative area) 
      Partial area ratio:    4.04
      Required ratio:  400.00 (Side area) 
      Cumulative area ratio:   14.48
      Required ratio:    0.00 (Cumulative side area) 

    Layer: via2
      Partial area ratio:    0.19
      Required ratio:    6.00 (Gate area) 
      Cumulative area ratio:    0.53
      Required ratio:    0.00 (Cumulative area) 

    Layer: met3
      Partial area ratio:    0.59
      Required ratio:    0.00 (Gate area) 
      Cumulative area ratio:    3.73
      Required ratio:    0.00 (Cumulative area) 
      Partial area ratio:    5.33
      Required ratio:  400.00 (Side area) 
      Cumulative area ratio:   19.82
      Required ratio:    0.00 (Cumulative side area) 

    Layer: via3
      Partial area ratio:    0.19
      Required ratio:    6.00 (Gate area) 
      Cumulative area ratio:    0.72
      Required ratio:    0.00 (Cumulative area) 

    Layer: met4
      Partial area ratio:  111.14
      Required ratio:    0.00 (Gate area) 
      Cumulative area ratio:  114.87
      Required ratio:    0.00 (Cumulative area) 
      Partial area ratio:  594.07
      Required ratio: 2881.16 (Side area) 
      Cumulative area ratio:  613.89
      Required ratio:    0.00 (Cumulative side area) 


  Pin:   fanout1958/A (sky130_fd_sc_hd__clkdlybuf4s25_1)
    Layer: mcon
      Partial area ratio:    0.14
      Required ratio:    3.00 (Gate area) 
      Cumulative area ratio:    0.14
      Required ratio:    0.00 (Cumulative area) 

    Layer: met1
      Partial area ratio:    4.15
      Required ratio:    0.00 (Gate area) 
      Cumulative area ratio:    4.15
      Required ratio:    0.00 (Cumulative area) 
      Partial area ratio:   19.87
      Required ratio:  400.00 (Side area) 
      Cumulative area ratio:   19.87
      Required ratio:    0.00 (Cumulative side area) 

    Layer: via
      Partial area ratio:    0.21
      Required ratio:    6.00 (Gate area) 
      Cumulative area ratio:    0.35
      Required ratio:    0.00 (Cumulative area) 

    Layer: met2
      Partial area ratio:    0.88
      Required ratio:    0.00 (Gate area) 
      Cumulative area ratio:    5.03
      Required ratio:    0.00 (Cumulative area) 
      Partial area ratio:    4.04
      Required ratio:  400.00 (Side area) 
      Cumulative area ratio:   23.92
      Required ratio:    0.00 (Cumulative side area) 

    Layer: via2
      Partial area ratio:    0.19
      Required ratio:    6.00 (Gate area) 
      Cumulative area ratio:    0.53
      Required ratio:    0.00 (Cumulative area) 

    Layer: met3
      Partial area ratio:    0.59
      Required ratio:    0.00 (Gate area) 
      Cumulative area ratio:    5.61
      Required ratio:    0.00 (Cumulative area) 
      Partial area ratio:    5.33
      Required ratio:  400.00 (Side area) 
      Cumulative area ratio:   29.25
      Required ratio:    0.00 (Cumulative side area) 

    Layer: via3
      Partial area ratio:    0.19
      Required ratio:    6.00 (Gate area) 
      Cumulative area ratio:    0.72
      Required ratio:    0.00 (Cumulative area) 

    Layer: met4
      Partial area ratio:  111.14
      Required ratio:    0.00 (Gate area) 
      Cumulative area ratio:  116.75
      Required ratio:    0.00 (Cumulative area) 
      Partial area ratio:  594.07
      Required ratio: 2881.16 (Side area) 
      Cumulative area ratio:  623.32
      Required ratio:    0.00 (Cumulative side area) 



Net: net1961
  Pin:   _09267_/B (sky130_fd_sc_hd__and3_2)
    Layer: mcon
      Partial area ratio:    0.23
      Required ratio:    3.00 (Gate area) 
      Cumulative area ratio:    0.23
      Required ratio:    0.00 (Cumulative area) 

    Layer: met1
      Partial area ratio:    7.47
      Required ratio:    0.00 (Gate area) 
      Cumulative area ratio:    7.47
      Required ratio:    0.00 (Cumulative area) 
      Partial area ratio:   35.88
      Required ratio:  400.00 (Side area) 
      Cumulative area ratio:   35.88
      Required ratio:    0.00 (Cumulative side area) 

    Layer: via
      Partial area ratio:    0.36
      Required ratio:    6.00 (Gate area) 
      Cumulative area ratio:    0.59
      Required ratio:    0.00 (Cumulative area) 

    Layer: met2
      Partial area ratio:   40.09
      Required ratio:    0.00 (Gate area) 
      Cumulative area ratio:   47.56
      Required ratio:    0.00 (Cumulative area) 
      Partial area ratio:  199.03
      Required ratio:  400.00 (Side area) 
      Cumulative area ratio:  234.91
      Required ratio:    0.00 (Cumulative side area) 

    Layer: via2
      Partial area ratio:    0.32
      Required ratio:    6.00 (Gate area) 
      Cumulative area ratio:    0.90
      Required ratio:    0.00 (Cumulative area) 

    Layer: met3
      Partial area ratio:  165.27
      Required ratio:    0.00 (Gate area) 
      Cumulative area ratio:  212.83
      Required ratio:    0.00 (Cumulative area) 
      Partial area ratio:  885.14
      Required ratio:  400.00 (Side area) (VIOLATED)
      Cumulative area ratio: 1120.05
      Required ratio:    0.00 (Cumulative side area) 

    Layer: via3
      Partial area ratio:    0.32
      Required ratio:    6.00 (Gate area) 
      Cumulative area ratio:    1.22
      Required ratio:    0.00 (Cumulative area) 

    Layer: met4
      Partial area ratio:   42.79
      Required ratio:    0.00 (Gate area) 
      Cumulative area ratio:  255.63
      Required ratio:    0.00 (Cumulative area) 
      Partial area ratio:  228.65
      Required ratio: 2918.08 (Side area) 
      Cumulative area ratio: 1348.69
      Required ratio:    0.00 (Cumulative side area) 


  Pin:   _09869_/B2 (sky130_fd_sc_hd__a32o_2)
    Layer: mcon
      Partial area ratio:    0.12
      Required ratio:    3.00 (Gate area) 
      Cumulative area ratio:    0.12
      Required ratio:    0.00 (Cumulative area) 

    Layer: met1
      Partial area ratio:    1.67
      Required ratio:    0.00 (Gate area) 
      Cumulative area ratio:    1.67
      Required ratio:    0.00 (Cumulative area) 
      Partial area ratio:    7.60
      Required ratio:  400.00 (Side area) 
      Cumulative area ratio:    7.60
      Required ratio:    0.00 (Cumulative side area) 

    Layer: via
      Partial area ratio:    0.18
      Required ratio:    6.00 (Gate area) 
      Cumulative area ratio:    0.30
      Required ratio:    0.00 (Cumulative area) 

    Layer: met2
      Partial area ratio:    0.63
      Required ratio:    0.00 (Gate area) 
      Cumulative area ratio:    2.29
      Required ratio:    0.00 (Cumulative area) 
      Partial area ratio:    2.30
      Required ratio:  400.00 (Side area) 
      Cumulative area ratio:    9.90
      Required ratio:    0.00 (Cumulative side area) 

    Layer: via2
      Partial area ratio:    0.16
      Required ratio:    6.00 (Gate area) 
      Cumulative area ratio:    0.46
      Required ratio:    0.00 (Cumulative area) 

    Layer: met3
      Partial area ratio:   75.81
      Required ratio:    0.00 (Gate area) 
      Cumulative area ratio:   78.11
      Required ratio:    0.00 (Cumulative area) 
      Partial area ratio:  406.21
      Required ratio: 2918.08 (Side area) 
      Cumulative area ratio:  416.10
      Required ratio:    0.00 (Cumulative side area) 

    Layer: via3
      Partial area ratio:    0.16
      Required ratio:   34.63 (Gate area) 
      Cumulative area ratio:    0.62
      Required ratio:    0.00 (Cumulative area) 

    Layer: met4
      Partial area ratio:   42.79
      Required ratio:    0.00 (Gate area) 
      Cumulative area ratio:  120.90
      Required ratio:    0.00 (Cumulative area) 
      Partial area ratio:  228.65
      Required ratio: 2918.08 (Side area) 
      Cumulative area ratio:  644.75
      Required ratio:    0.00 (Cumulative side area) 


  Pin:   _10682_/B2 (sky130_fd_sc_hd__a32o_2)
    Layer: mcon
      Partial area ratio:    0.12
      Required ratio:    3.00 (Gate area) 
      Cumulative area ratio:    0.12
      Required ratio:    0.00 (Cumulative area) 

    Layer: met1
      Partial area ratio:    4.08
      Required ratio:    0.00 (Gate area) 
      Cumulative area ratio:    4.08
      Required ratio:    0.00 (Cumulative area) 
      Partial area ratio:   19.65
      Required ratio:  400.00 (Side area) 
      Cumulative area ratio:   19.65
      Required ratio:    0.00 (Cumulative side area) 

    Layer: via
      Partial area ratio:    0.18
      Required ratio:    6.00 (Gate area) 
      Cumulative area ratio:    0.30
      Required ratio:    0.00 (Cumulative area) 

    Layer: met2
      Partial area ratio:    0.75
      Required ratio:    0.00 (Gate area) 
      Cumulative area ratio:    4.83
      Required ratio:    0.00 (Cumulative area) 
      Partial area ratio:    3.48
      Required ratio:  400.00 (Side area) 
      Cumulative area ratio:   23.13
      Required ratio:    0.00 (Cumulative side area) 

    Layer: via2
      Partial area ratio:    0.16
      Required ratio:    6.00 (Gate area) 
      Cumulative area ratio:    0.46
      Required ratio:    0.00 (Cumulative area) 

    Layer: met3
      Partial area ratio:    8.86
      Required ratio:    0.00 (Gate area) 
      Cumulative area ratio:   13.70
      Required ratio:    0.00 (Cumulative area) 
      Partial area ratio:   49.16
      Required ratio:  400.00 (Side area) 
      Cumulative area ratio:   72.29
      Required ratio:    0.00 (Cumulative side area) 

    Layer: via3
      Partial area ratio:    0.16
      Required ratio:    6.00 (Gate area) 
      Cumulative area ratio:    0.62
      Required ratio:    0.00 (Cumulative area) 

    Layer: met4
      Partial area ratio:   42.79
      Required ratio:    0.00 (Gate area) 
      Cumulative area ratio:   56.49
      Required ratio:    0.00 (Cumulative area) 
      Partial area ratio:  228.65
      Required ratio: 2918.08 (Side area) 
      Cumulative area ratio:  300.94
      Required ratio:    0.00 (Cumulative side area) 


  Pin:   _10771_/B2 (sky130_fd_sc_hd__a32o_2)
    Layer: mcon
      Partial area ratio:    0.12
      Required ratio:    3.00 (Gate area) 
      Cumulative area ratio:    0.12
      Required ratio:    0.00 (Cumulative area) 

    Layer: met1
      Partial area ratio:    3.58
      Required ratio:    0.00 (Gate area) 
      Cumulative area ratio:    3.58
      Required ratio:    0.00 (Cumulative area) 
      Partial area ratio:   17.15
      Required ratio:  400.00 (Side area) 
      Cumulative area ratio:   17.15
      Required ratio:    0.00 (Cumulative side area) 

    Layer: via
      Partial area ratio:    0.18
      Required ratio:    6.00 (Gate area) 
      Cumulative area ratio:    0.30
      Required ratio:    0.00 (Cumulative area) 

    Layer: met2
      Partial area ratio:    0.75
      Required ratio:    0.00 (Gate area) 
      Cumulative area ratio:    4.33
      Required ratio:    0.00 (Cumulative area) 
      Partial area ratio:    3.48
      Required ratio:  400.00 (Side area) 
      Cumulative area ratio:   20.63
      Required ratio:    0.00 (Cumulative side area) 

    Layer: via2
      Partial area ratio:    0.16
      Required ratio:    6.00 (Gate area) 
      Cumulative area ratio:    0.46
      Required ratio:    0.00 (Cumulative area) 

    Layer: met3
      Partial area ratio:    0.50
      Required ratio:    0.00 (Gate area) 
      Cumulative area ratio:    4.84
      Required ratio:    0.00 (Cumulative area) 
      Partial area ratio:    4.59
      Required ratio:  400.00 (Side area) 
      Cumulative area ratio:   25.22
      Required ratio:    0.00 (Cumulative side area) 

    Layer: via3
      Partial area ratio:    0.16
      Required ratio:    6.00 (Gate area) 
      Cumulative area ratio:    0.62
      Required ratio:    0.00 (Cumulative area) 

    Layer: met4
      Partial area ratio:   42.79
      Required ratio:    0.00 (Gate area) 
      Cumulative area ratio:   47.63
      Required ratio:    0.00 (Cumulative area) 
      Partial area ratio:  228.65
      Required ratio: 2918.08 (Side area) 
      Cumulative area ratio:  253.86
      Required ratio:    0.00 (Cumulative side area) 


  Pin:   _11209_/B2 (sky130_fd_sc_hd__a32o_2)
    Layer: mcon
      Partial area ratio:    0.12
      Required ratio:    3.00 (Gate area) 
      Cumulative area ratio:    0.12
      Required ratio:    0.00 (Cumulative area) 

    Layer: met1
      Partial area ratio:    2.17
      Required ratio:    0.00 (Gate area) 
      Cumulative area ratio:    2.17
      Required ratio:    0.00 (Cumulative area) 
      Partial area ratio:    9.85
      Required ratio:  400.00 (Side area) 
      Cumulative area ratio:    9.85
      Required ratio:    0.00 (Cumulative side area) 

    Layer: via
      Partial area ratio:    0.18
      Required ratio:    6.00 (Gate area) 
      Cumulative area ratio:    0.30
      Required ratio:    0.00 (Cumulative area) 

    Layer: met2
      Partial area ratio:    0.75
      Required ratio:    0.00 (Gate area) 
      Cumulative area ratio:    2.93
      Required ratio:    0.00 (Cumulative area) 
      Partial area ratio:    3.48
      Required ratio:  400.00 (Side area) 
      Cumulative area ratio:   13.33
      Required ratio:    0.00 (Cumulative side area) 

    Layer: via2
      Partial area ratio:    0.16
      Required ratio:    6.00 (Gate area) 
      Cumulative area ratio:    0.46
      Required ratio:    0.00 (Cumulative area) 

    Layer: met3
      Partial area ratio:    0.50
      Required ratio:    0.00 (Gate area) 
      Cumulative area ratio:    3.43
      Required ratio:    0.00 (Cumulative area) 
      Partial area ratio:    4.59
      Required ratio:  400.00 (Side area) 
      Cumulative area ratio:   17.92
      Required ratio:    0.00 (Cumulative side area) 

    Layer: via3
      Partial area ratio:    0.16
      Required ratio:    6.00 (Gate area) 
      Cumulative area ratio:    0.62
      Required ratio:    0.00 (Cumulative area) 

    Layer: met4
      Partial area ratio:   42.79
      Required ratio:    0.00 (Gate area) 
      Cumulative area ratio:   46.23
      Required ratio:    0.00 (Cumulative area) 
      Partial area ratio:  228.65
      Required ratio: 2918.08 (Side area) 
      Cumulative area ratio:  246.56
      Required ratio:    0.00 (Cumulative side area) 



Net: net1963
  Pin:   _09268_/C_N (sky130_fd_sc_hd__or3b_2)
    Layer: mcon
      Partial area ratio:    0.23
      Required ratio:    3.00 (Gate area) 
      Cumulative area ratio:    0.23
      Required ratio:    0.00 (Cumulative area) 

    Layer: met1
      Partial area ratio:   80.38
      Required ratio:    0.00 (Gate area) 
      Cumulative area ratio:   80.38
      Required ratio:    0.00 (Cumulative area) 
      Partial area ratio:  400.43
      Required ratio:  400.00 (Side area) (VIOLATED)
      Cumulative area ratio:  400.43
      Required ratio:    0.00 (Cumulative side area) 

    Layer: via
      Partial area ratio:    0.36
      Required ratio:    6.00 (Gate area) 
      Cumulative area ratio:    0.59
      Required ratio:    0.00 (Cumulative area) 

    Layer: met2
      Partial area ratio:    9.43
      Required ratio:    0.00 (Gate area) 
      Cumulative area ratio:   89.81
      Required ratio:    0.00 (Cumulative area) 
      Partial area ratio:   45.69
      Required ratio:  400.00 (Side area) 
      Cumulative area ratio:  446.12
      Required ratio:    0.00 (Cumulative side area) 

    Layer: via2
      Partial area ratio:    0.32
      Required ratio:    6.00 (Gate area) 
      Cumulative area ratio:    0.90
      Required ratio:    0.00 (Cumulative area) 

    Layer: met3
      Partial area ratio:   45.57
      Required ratio:    0.00 (Gate area) 
      Cumulative area ratio:  135.38
      Required ratio:    0.00 (Cumulative area) 
      Partial area ratio:  244.12
      Required ratio: 2956.40 (Side area) 
      Cumulative area ratio:  690.24
      Required ratio:    0.00 (Cumulative side area) 


  Pin:   _10741_/B2 (sky130_fd_sc_hd__a32o_2)
    Layer: mcon
      Partial area ratio:    0.12
      Required ratio:    3.00 (Gate area) 
      Cumulative area ratio:    0.12
      Required ratio:    0.00 (Cumulative area) 

    Layer: met1
      Partial area ratio:    2.16
      Required ratio:    0.00 (Gate area) 
      Cumulative area ratio:    2.16
      Required ratio:    0.00 (Cumulative area) 
      Partial area ratio:   10.03
      Required ratio:  400.00 (Side area) 
      Cumulative area ratio:   10.03
      Required ratio:    0.00 (Cumulative side area) 

    Layer: via
      Partial area ratio:    0.18
      Required ratio:    6.00 (Gate area) 
      Cumulative area ratio:    0.30
      Required ratio:    0.00 (Cumulative area) 

    Layer: met2
      Partial area ratio:    4.80
      Required ratio:    0.00 (Gate area) 
      Cumulative area ratio:    6.96
      Required ratio:    0.00 (Cumulative area) 
      Partial area ratio:   23.26
      Required ratio:  400.00 (Side area) 
      Cumulative area ratio:   33.29
      Required ratio:    0.00 (Cumulative side area) 

    Layer: via2
      Partial area ratio:    0.16
      Required ratio:    6.00 (Gate area) 
      Cumulative area ratio:    0.46
      Required ratio:    0.00 (Cumulative area) 

    Layer: met3
      Partial area ratio:   45.57
      Required ratio:    0.00 (Gate area) 
      Cumulative area ratio:   52.53
      Required ratio:    0.00 (Cumulative area) 
      Partial area ratio:  244.12
      Required ratio: 2956.40 (Side area) 
      Cumulative area ratio:  277.41
      Required ratio:    0.00 (Cumulative side area) 


  Pin:   _11079_/B2 (sky130_fd_sc_hd__a32o_2)
    Layer: mcon
      Partial area ratio:    0.12
      Required ratio:    3.00 (Gate area) 
      Cumulative area ratio:    0.12
      Required ratio:    0.00 (Cumulative area) 

    Layer: met1
      Partial area ratio:    2.91
      Required ratio:    0.00 (Gate area) 
      Cumulative area ratio:    2.91
      Required ratio:    0.00 (Cumulative area) 
      Partial area ratio:   13.82
      Required ratio:  400.00 (Side area) 
      Cumulative area ratio:   13.82
      Required ratio:    0.00 (Cumulative side area) 

    Layer: via
      Partial area ratio:    0.18
      Required ratio:    6.00 (Gate area) 
      Cumulative area ratio:    0.30
      Required ratio:    0.00 (Cumulative area) 

    Layer: met2
      Partial area ratio:   56.25
      Required ratio:    0.00 (Gate area) 
      Cumulative area ratio:   59.17
      Required ratio:    0.00 (Cumulative area) 
      Partial area ratio:  279.41
      Required ratio:  400.00 (Side area) 
      Cumulative area ratio:  293.23
      Required ratio:    0.00 (Cumulative side area) 

    Layer: via2
      Partial area ratio:    0.32
      Required ratio:    6.00 (Gate area) 
      Cumulative area ratio:    0.62
      Required ratio:    0.00 (Cumulative area) 

    Layer: met3
      Partial area ratio:   45.57
      Required ratio:    0.00 (Gate area) 
      Cumulative area ratio:  104.74
      Required ratio:    0.00 (Cumulative area) 
      Partial area ratio:  244.12
      Required ratio: 2956.40 (Side area) 
      Cumulative area ratio:  537.35
      Required ratio:    0.00 (Cumulative side area) 


  Pin:   _11150_/B2 (sky130_fd_sc_hd__a32o_2)
    Layer: mcon
      Partial area ratio:    0.12
      Required ratio:    3.00 (Gate area) 
      Cumulative area ratio:    0.12
      Required ratio:    0.00 (Cumulative area) 

    Layer: met1
      Partial area ratio:   15.82
      Required ratio:    0.00 (Gate area) 
      Cumulative area ratio:   15.82
      Required ratio:    0.00 (Cumulative area) 
      Partial area ratio:   77.64
      Required ratio: 2956.40 (Side area) 
      Cumulative area ratio:   77.64
      Required ratio:    0.00 (Cumulative side area) 

    Layer: via
      Partial area ratio:    0.27
      Required ratio:   38.08 (Gate area) 
      Cumulative area ratio:    0.39
      Required ratio:    0.00 (Cumulative area) 

    Layer: met2
      Partial area ratio:    1.09
      Required ratio:    0.00 (Gate area) 
      Cumulative area ratio:   16.91
      Required ratio:    0.00 (Cumulative area) 
      Partial area ratio:    5.12
      Required ratio: 2956.40 (Side area) 
      Cumulative area ratio:   82.76
      Required ratio:    0.00 (Cumulative side area) 

    Layer: via2
      Partial area ratio:    0.16
      Required ratio:   38.08 (Gate area) 
      Cumulative area ratio:    0.55
      Required ratio:    0.00 (Cumulative area) 

    Layer: met3
      Partial area ratio:   45.57
      Required ratio:    0.00 (Gate area) 
      Cumulative area ratio:   62.48
      Required ratio:    0.00 (Cumulative area) 
      Partial area ratio:  244.12
      Required ratio: 2956.40 (Side area) 
      Cumulative area ratio:  326.87
      Required ratio:    0.00 (Cumulative side area) 



Net: net1992
  Pin:   _10972_/A1 (sky130_fd_sc_hd__a32o_2)
    Layer: mcon
      Partial area ratio:    0.12
      Required ratio:    3.00 (Gate area) 
      Cumulative area ratio:    0.12
      Required ratio:    0.00 (Cumulative area) 

    Layer: met1
      Partial area ratio:    5.25
      Required ratio:    0.00 (Gate area) 
      Cumulative area ratio:    5.25
      Required ratio:    0.00 (Cumulative area) 
      Partial area ratio:   25.49
      Required ratio:  400.00 (Side area) 
      Cumulative area ratio:   25.49
      Required ratio:    0.00 (Cumulative side area) 

    Layer: via
      Partial area ratio:    0.18
      Required ratio:    6.00 (Gate area) 
      Cumulative area ratio:    0.30
      Required ratio:    0.00 (Cumulative area) 

    Layer: met2
      Partial area ratio:    0.75
      Required ratio:    0.00 (Gate area) 
      Cumulative area ratio:    6.00
      Required ratio:    0.00 (Cumulative area) 
      Partial area ratio:    3.48
      Required ratio:  400.00 (Side area) 
      Cumulative area ratio:   28.97
      Required ratio:    0.00 (Cumulative side area) 

    Layer: via2
      Partial area ratio:    0.16
      Required ratio:    6.00 (Gate area) 
      Cumulative area ratio:    0.46
      Required ratio:    0.00 (Cumulative area) 

    Layer: met3
      Partial area ratio:    0.50
      Required ratio:    0.00 (Gate area) 
      Cumulative area ratio:    6.51
      Required ratio:    0.00 (Cumulative area) 
      Partial area ratio:    4.59
      Required ratio:  400.00 (Side area) 
      Cumulative area ratio:   33.56
      Required ratio:    0.00 (Cumulative side area) 

    Layer: via3
      Partial area ratio:    0.16
      Required ratio:    6.00 (Gate area) 
      Cumulative area ratio:    0.62
      Required ratio:    0.00 (Cumulative area) 

    Layer: met4
      Partial area ratio:  105.60
      Required ratio:    0.00 (Gate area) 
      Cumulative area ratio:  112.11
      Required ratio:    0.00 (Cumulative area) 
      Partial area ratio:  564.54
      Required ratio: 2918.08 (Side area) 
      Cumulative area ratio:  598.10
      Required ratio:    0.00 (Cumulative side area) 


  Pin:   _11167_/A1 (sky130_fd_sc_hd__a31o_2)
    Layer: mcon
      Partial area ratio:    0.12
      Required ratio:    3.00 (Gate area) 
      Cumulative area ratio:    0.12
      Required ratio:    0.00 (Cumulative area) 

    Layer: met1
      Partial area ratio:    2.53
      Required ratio:    0.00 (Gate area) 
      Cumulative area ratio:    2.53
      Required ratio:    0.00 (Cumulative area) 
      Partial area ratio:   11.90
      Required ratio:  400.00 (Side area) 
      Cumulative area ratio:   11.90
      Required ratio:    0.00 (Cumulative side area) 

    Layer: via
      Partial area ratio:    0.18
      Required ratio:    6.00 (Gate area) 
      Cumulative area ratio:    0.30
      Required ratio:    0.00 (Cumulative area) 

    Layer: met2
      Partial area ratio:    0.75
      Required ratio:    0.00 (Gate area) 
      Cumulative area ratio:    3.28
      Required ratio:    0.00 (Cumulative area) 
      Partial area ratio:    3.48
      Required ratio:  400.00 (Side area) 
      Cumulative area ratio:   15.38
      Required ratio:    0.00 (Cumulative side area) 

    Layer: via2
      Partial area ratio:    0.16
      Required ratio:    6.00 (Gate area) 
      Cumulative area ratio:    0.46
      Required ratio:    0.00 (Cumulative area) 

    Layer: met3
      Partial area ratio:    0.50
      Required ratio:    0.00 (Gate area) 
      Cumulative area ratio:    3.79
      Required ratio:    0.00 (Cumulative area) 
      Partial area ratio:    4.59
      Required ratio:  400.00 (Side area) 
      Cumulative area ratio:   19.97
      Required ratio:    0.00 (Cumulative side area) 

    Layer: via3
      Partial area ratio:    0.16
      Required ratio:    6.00 (Gate area) 
      Cumulative area ratio:    0.62
      Required ratio:    0.00 (Cumulative area) 

    Layer: met4
      Partial area ratio:  105.60
      Required ratio:    0.00 (Gate area) 
      Cumulative area ratio:  109.39
      Required ratio:    0.00 (Cumulative area) 
      Partial area ratio:  564.54
      Required ratio: 2918.08 (Side area) 
      Cumulative area ratio:  584.51
      Required ratio:    0.00 (Cumulative side area) 


  Pin:   fanout1988/A (sky130_fd_sc_hd__clkdlybuf4s25_1)
    Layer: mcon
      Partial area ratio:    0.14
      Required ratio:    3.00 (Gate area) 
      Cumulative area ratio:    0.14
      Required ratio:    0.00 (Cumulative area) 

    Layer: met1
      Partial area ratio:    5.07
      Required ratio:    0.00 (Gate area) 
      Cumulative area ratio:    5.07
      Required ratio:    0.00 (Cumulative area) 
      Partial area ratio:   24.46
      Required ratio:  400.00 (Side area) 
      Cumulative area ratio:   24.46
      Required ratio:    0.00 (Cumulative side area) 

    Layer: via
      Partial area ratio:    0.21
      Required ratio:    6.00 (Gate area) 
      Cumulative area ratio:    0.35
      Required ratio:    0.00 (Cumulative area) 

    Layer: met2
      Partial area ratio:   37.40
      Required ratio:    0.00 (Gate area) 
      Cumulative area ratio:   42.47
      Required ratio:    0.00 (Cumulative area) 
      Partial area ratio:  185.91
      Required ratio:  400.00 (Side area) 
      Cumulative area ratio:  210.37
      Required ratio:    0.00 (Cumulative side area) 

    Layer: via2
      Partial area ratio:    0.38
      Required ratio:    6.00 (Gate area) 
      Cumulative area ratio:    0.72
      Required ratio:    0.00 (Cumulative area) 

    Layer: met3
      Partial area ratio:   98.35
      Required ratio:    0.00 (Gate area) 
      Cumulative area ratio:  140.82
      Required ratio:    0.00 (Cumulative area) 
      Partial area ratio:  528.94
      Required ratio:  400.00 (Side area) (VIOLATED)
      Cumulative area ratio:  739.31
      Required ratio:    0.00 (Cumulative side area) 

    Layer: via3
      Partial area ratio:    0.38
      Required ratio:    6.00 (Gate area) 
      Cumulative area ratio:    1.10
      Required ratio:    0.00 (Cumulative area) 

    Layer: met4
      Partial area ratio:  105.60
      Required ratio:    0.00 (Gate area) 
      Cumulative area ratio:  246.42
      Required ratio:    0.00 (Cumulative area) 
      Partial area ratio:  564.54
      Required ratio: 2918.08 (Side area) 
      Cumulative area ratio: 1303.85
      Required ratio:    0.00 (Cumulative side area) 



Net: net2013
  Pin:   _09683_/B1 (sky130_fd_sc_hd__a21o_2)
    Layer: mcon
      Partial area ratio:    0.12
      Required ratio:    3.00 (Gate area) 
      Cumulative area ratio:    0.12
      Required ratio:    0.00 (Cumulative area) 

    Layer: met1
      Partial area ratio:    2.10
      Required ratio:    0.00 (Gate area) 
      Cumulative area ratio:    2.10
      Required ratio:    0.00 (Cumulative area) 
      Partial area ratio:    9.73
      Required ratio:  400.00 (Side area) 
      Cumulative area ratio:    9.73
      Required ratio:    0.00 (Cumulative side area) 

    Layer: via
      Partial area ratio:    0.18
      Required ratio:    6.00 (Gate area) 
      Cumulative area ratio:    0.30
      Required ratio:    0.00 (Cumulative area) 

    Layer: met2
      Partial area ratio:   16.51
      Required ratio:    0.00 (Gate area) 
      Cumulative area ratio:   18.60
      Required ratio:    0.00 (Cumulative area) 
      Partial area ratio:   81.81
      Required ratio:  400.00 (Side area) 
      Cumulative area ratio:   91.54
      Required ratio:    0.00 (Cumulative side area) 

    Layer: via2
      Partial area ratio:    0.16
      Required ratio:    6.00 (Gate area) 
      Cumulative area ratio:    0.46
      Required ratio:    0.00 (Cumulative area) 

    Layer: met3
      Partial area ratio:    8.86
      Required ratio:    0.00 (Gate area) 
      Cumulative area ratio:   27.47
      Required ratio:    0.00 (Cumulative area) 
      Partial area ratio:   49.16
      Required ratio:  400.00 (Side area) 
      Cumulative area ratio:  140.70
      Required ratio:    0.00 (Cumulative side area) 

    Layer: via3
      Partial area ratio:    0.16
      Required ratio:    6.00 (Gate area) 
      Cumulative area ratio:    0.62
      Required ratio:    0.00 (Cumulative area) 

    Layer: met4
      Partial area ratio:   40.29
      Required ratio:    0.00 (Gate area) 
      Cumulative area ratio:   67.76
      Required ratio:    0.00 (Cumulative area) 
      Partial area ratio:  215.66
      Required ratio: 3312.80 (Side area) 
      Cumulative area ratio:  356.36
      Required ratio:    0.00 (Cumulative side area) 


  Pin:   _09936_/C1 (sky130_fd_sc_hd__a211o_2)
    Layer: mcon
      Partial area ratio:    0.12
      Required ratio:    3.00 (Gate area) 
      Cumulative area ratio:    0.12
      Required ratio:    0.00 (Cumulative area) 

    Layer: met1
      Partial area ratio:   40.09
      Required ratio:    0.00 (Gate area) 
      Cumulative area ratio:   40.09
      Required ratio:    0.00 (Cumulative area) 
      Partial area ratio:  199.27
      Required ratio:  400.00 (Side area) 
      Cumulative area ratio:  199.27
      Required ratio:    0.00 (Cumulative side area) 

    Layer: via
      Partial area ratio:    0.27
      Required ratio:    6.00 (Gate area) 
      Cumulative area ratio:    0.39
      Required ratio:    0.00 (Cumulative area) 

    Layer: met2
      Partial area ratio:    6.01
      Required ratio:    0.00 (Gate area) 
      Cumulative area ratio:   46.10
      Required ratio:    0.00 (Cumulative area) 
      Partial area ratio:   29.59
      Required ratio:  400.00 (Side area) 
      Cumulative area ratio:  228.86
      Required ratio:    0.00 (Cumulative side area) 

    Layer: via2
      Partial area ratio:    0.05
      Required ratio:    6.00 (Gate area) 
      Cumulative area ratio:    0.44
      Required ratio:    0.00 (Cumulative area) 

    Layer: met3
      Partial area ratio:    0.17
      Required ratio:    0.00 (Gate area) 
      Cumulative area ratio:   46.27
      Required ratio:    0.00 (Cumulative area) 
      Partial area ratio:    1.53
      Required ratio:  400.00 (Side area) 
      Cumulative area ratio:  230.39
      Required ratio:    0.00 (Cumulative side area) 

    Layer: via3
      Partial area ratio:    0.05
      Required ratio:    6.00 (Gate area) 
      Cumulative area ratio:    0.50
      Required ratio:    0.00 (Cumulative area) 

    Layer: met4
      Partial area ratio:   40.29
      Required ratio:    0.00 (Gate area) 
      Cumulative area ratio:   86.56
      Required ratio:    0.00 (Cumulative area) 
      Partial area ratio:  215.66
      Required ratio: 3312.80 (Side area) 
      Cumulative area ratio:  446.05
      Required ratio:    0.00 (Cumulative side area) 


  Pin:   _10067_/A (sky130_fd_sc_hd__or3_2)
    Layer: mcon
      Partial area ratio:    0.23
      Required ratio:    3.00 (Gate area) 
      Cumulative area ratio:    0.23
      Required ratio:    0.00 (Cumulative area) 

    Layer: met1
      Partial area ratio:   68.86
      Required ratio:    0.00 (Gate area) 
      Cumulative area ratio:   68.86
      Required ratio:    0.00 (Cumulative area) 
      Partial area ratio:  341.99
      Required ratio:  400.00 (Side area) 
      Cumulative area ratio:  341.99
      Required ratio:    0.00 (Cumulative side area) 

    Layer: via
      Partial area ratio:    0.54
      Required ratio:    6.00 (Gate area) 
      Cumulative area ratio:    0.77
      Required ratio:    0.00 (Cumulative area) 

    Layer: met2
      Partial area ratio:    3.68
      Required ratio:    0.00 (Gate area) 
      Cumulative area ratio:   72.54
      Required ratio:    0.00 (Cumulative area) 
      Partial area ratio:   17.72
      Required ratio:  400.00 (Side area) 
      Cumulative area ratio:  359.71
      Required ratio:    0.00 (Cumulative side area) 

    Layer: via2
      Partial area ratio:    0.21
      Required ratio:    6.00 (Gate area) 
      Cumulative area ratio:    0.98
      Required ratio:    0.00 (Cumulative area) 

    Layer: met3
      Partial area ratio:   77.27
      Required ratio:    0.00 (Gate area) 
      Cumulative area ratio:  149.81
      Required ratio:    0.00 (Cumulative area) 
      Partial area ratio:  414.36
      Required ratio:  400.00 (Side area) (VIOLATED)
      Cumulative area ratio:  774.07
      Required ratio:    0.00 (Cumulative side area) 

    Layer: via3
      Partial area ratio:    0.19
      Required ratio:    6.00 (Gate area) 
      Cumulative area ratio:    1.17
      Required ratio:    0.00 (Cumulative area) 

    Layer: met4
      Partial area ratio:   40.29
      Required ratio:    0.00 (Gate area) 
      Cumulative area ratio:  190.11
      Required ratio:    0.00 (Cumulative area) 
      Partial area ratio:  215.66
      Required ratio: 3312.80 (Side area) 
      Cumulative area ratio:  989.73
      Required ratio:    0.00 (Cumulative side area) 


  Pin:   _10164_/B1 (sky130_fd_sc_hd__a31o_2)
    Layer: mcon
      Partial area ratio:    0.12
      Required ratio:    3.00 (Gate area) 
      Cumulative area ratio:    0.12
      Required ratio:    0.00 (Cumulative area) 

    Layer: met1
      Partial area ratio:    1.50
      Required ratio:    0.00 (Gate area) 
      Cumulative area ratio:    1.50
      Required ratio:    0.00 (Cumulative area) 
      Partial area ratio:    6.75
      Required ratio:  400.00 (Side area) 
      Cumulative area ratio:    6.75
      Required ratio:    0.00 (Cumulative side area) 

    Layer: via
      Partial area ratio:    0.18
      Required ratio:    6.00 (Gate area) 
      Cumulative area ratio:    0.30
      Required ratio:    0.00 (Cumulative area) 

    Layer: met2
      Partial area ratio:    0.75
      Required ratio:    0.00 (Gate area) 
      Cumulative area ratio:    2.25
      Required ratio:    0.00 (Cumulative area) 
      Partial area ratio:    3.48
      Required ratio:  400.00 (Side area) 
      Cumulative area ratio:   10.23
      Required ratio:    0.00 (Cumulative side area) 

    Layer: via2
      Partial area ratio:    0.16
      Required ratio:    6.00 (Gate area) 
      Cumulative area ratio:    0.46
      Required ratio:    0.00 (Cumulative area) 

    Layer: met3
      Partial area ratio:    0.50
      Required ratio:    0.00 (Gate area) 
      Cumulative area ratio:    2.76
      Required ratio:    0.00 (Cumulative area) 
      Partial area ratio:    4.59
      Required ratio:  400.00 (Side area) 
      Cumulative area ratio:   14.82
      Required ratio:    0.00 (Cumulative side area) 

    Layer: via3
      Partial area ratio:    0.16
      Required ratio:    6.00 (Gate area) 
      Cumulative area ratio:    0.62
      Required ratio:    0.00 (Cumulative area) 

    Layer: met4
      Partial area ratio:   40.29
      Required ratio:    0.00 (Gate area) 
      Cumulative area ratio:   43.05
      Required ratio:    0.00 (Cumulative area) 
      Partial area ratio:  215.66
      Required ratio: 3312.80 (Side area) 
      Cumulative area ratio:  230.48
      Required ratio:    0.00 (Cumulative side area) 


  Pin:   _10301_/C1 (sky130_fd_sc_hd__a311o_2)
    Layer: mcon
      Partial area ratio:    0.12
      Required ratio:    3.00 (Gate area) 
      Cumulative area ratio:    0.12
      Required ratio:    0.00 (Cumulative area) 

    Layer: met1
      Partial area ratio:    1.59
      Required ratio:    0.00 (Gate area) 
      Cumulative area ratio:    1.59
      Required ratio:    0.00 (Cumulative area) 
      Partial area ratio:    7.20
      Required ratio:  400.00 (Side area) 
      Cumulative area ratio:    7.20
      Required ratio:    0.00 (Cumulative side area) 

    Layer: via
      Partial area ratio:    0.18
      Required ratio:    6.00 (Gate area) 
      Cumulative area ratio:    0.30
      Required ratio:    0.00 (Cumulative area) 

    Layer: met2
      Partial area ratio:    4.87
      Required ratio:    0.00 (Gate area) 
      Cumulative area ratio:    6.46
      Required ratio:    0.00 (Cumulative area) 
      Partial area ratio:   23.39
      Required ratio:  400.00 (Side area) 
      Cumulative area ratio:   30.59
      Required ratio:    0.00 (Cumulative side area) 

    Layer: via2
      Partial area ratio:    0.32
      Required ratio:    6.00 (Gate area) 
      Cumulative area ratio:    0.62
      Required ratio:    0.00 (Cumulative area) 

    Layer: met3
      Partial area ratio:   77.27
      Required ratio:    0.00 (Gate area) 
      Cumulative area ratio:   83.73
      Required ratio:    0.00 (Cumulative area) 
      Partial area ratio:  414.36
      Required ratio:  400.00 (Side area) (VIOLATED)
      Cumulative area ratio:  444.95
      Required ratio:    0.00 (Cumulative side area) 

    Layer: via3
      Partial area ratio:    0.19
      Required ratio:    6.00 (Gate area) 
      Cumulative area ratio:    0.82
      Required ratio:    0.00 (Cumulative area) 

    Layer: met4
      Partial area ratio:   40.29
      Required ratio:    0.00 (Gate area) 
      Cumulative area ratio:  124.02
      Required ratio:    0.00 (Cumulative area) 
      Partial area ratio:  215.66
      Required ratio: 3312.80 (Side area) 
      Cumulative area ratio:  660.61
      Required ratio:    0.00 (Cumulative side area) 


  Pin:   _10375_/C1 (sky130_fd_sc_hd__a311o_2)
    Layer: mcon
      Partial area ratio:    0.12
      Required ratio:    3.00 (Gate area) 
      Cumulative area ratio:    0.12
      Required ratio:    0.00 (Cumulative area) 

    Layer: met1
      Partial area ratio:    1.92
      Required ratio:    0.00 (Gate area) 
      Cumulative area ratio:    1.92
      Required ratio:    0.00 (Cumulative area) 
      Partial area ratio:    8.84
      Required ratio:  400.00 (Side area) 
      Cumulative area ratio:    8.84
      Required ratio:    0.00 (Cumulative side area) 

    Layer: via
      Partial area ratio:    0.18
      Required ratio:    6.00 (Gate area) 
      Cumulative area ratio:    0.30
      Required ratio:    0.00 (Cumulative area) 

    Layer: met2
      Partial area ratio:    3.68
      Required ratio:    0.00 (Gate area) 
      Cumulative area ratio:    5.60
      Required ratio:    0.00 (Cumulative area) 
      Partial area ratio:   17.72
      Required ratio:  400.00 (Side area) 
      Cumulative area ratio:   26.56
      Required ratio:    0.00 (Cumulative side area) 

    Layer: via2
      Partial area ratio:    0.21
      Required ratio:    6.00 (Gate area) 
      Cumulative area ratio:    0.51
      Required ratio:    0.00 (Cumulative area) 

    Layer: met3
      Partial area ratio:   77.27
      Required ratio:    0.00 (Gate area) 
      Cumulative area ratio:   82.87
      Required ratio:    0.00 (Cumulative area) 
      Partial area ratio:  414.36
      Required ratio:  400.00 (Side area) (VIOLATED)
      Cumulative area ratio:  440.92
      Required ratio:    0.00 (Cumulative side area) 

    Layer: via3
      Partial area ratio:    0.19
      Required ratio:    6.00 (Gate area) 
      Cumulative area ratio:    0.71
      Required ratio:    0.00 (Cumulative area) 

    Layer: met4
      Partial area ratio:   40.29
      Required ratio:    0.00 (Gate area) 
      Cumulative area ratio:  123.16
      Required ratio:    0.00 (Cumulative area) 
      Partial area ratio:  215.66
      Required ratio: 3312.80 (Side area) 
      Cumulative area ratio:  656.58
      Required ratio:    0.00 (Cumulative side area) 


  Pin:   _10432_/C1 (sky130_fd_sc_hd__a221o_2)
    Layer: mcon
      Partial area ratio:    0.12
      Required ratio:    3.00 (Gate area) 
      Cumulative area ratio:    0.12
      Required ratio:    0.00 (Cumulative area) 

    Layer: met1
      Partial area ratio:   21.14
      Required ratio:    0.00 (Gate area) 
      Cumulative area ratio:   21.14
      Required ratio:    0.00 (Cumulative area) 
      Partial area ratio:  104.99
      Required ratio:  400.00 (Side area) 
      Cumulative area ratio:  104.99
      Required ratio:    0.00 (Cumulative side area) 

    Layer: via
      Partial area ratio:    0.14
      Required ratio:    6.00 (Gate area) 
      Cumulative area ratio:    0.25
      Required ratio:    0.00 (Cumulative area) 

    Layer: met2
      Partial area ratio:    6.01
      Required ratio:    0.00 (Gate area) 
      Cumulative area ratio:   27.15
      Required ratio:    0.00 (Cumulative area) 
      Partial area ratio:   29.59
      Required ratio:  400.00 (Side area) 
      Cumulative area ratio:  134.58
      Required ratio:    0.00 (Cumulative side area) 

    Layer: via2
      Partial area ratio:    0.05
      Required ratio:    6.00 (Gate area) 
      Cumulative area ratio:    0.31
      Required ratio:    0.00 (Cumulative area) 

    Layer: met3
      Partial area ratio:    0.17
      Required ratio:    0.00 (Gate area) 
      Cumulative area ratio:   27.32
      Required ratio:    0.00 (Cumulative area) 
      Partial area ratio:    1.53
      Required ratio:  400.00 (Side area) 
      Cumulative area ratio:  136.11
      Required ratio:    0.00 (Cumulative side area) 

    Layer: via3
      Partial area ratio:    0.05
      Required ratio:    6.00 (Gate area) 
      Cumulative area ratio:    0.36
      Required ratio:    0.00 (Cumulative area) 

    Layer: met4
      Partial area ratio:   40.29
      Required ratio:    0.00 (Gate area) 
      Cumulative area ratio:   67.61
      Required ratio:    0.00 (Cumulative area) 
      Partial area ratio:  215.66
      Required ratio: 3312.80 (Side area) 
      Cumulative area ratio:  351.77
      Required ratio:    0.00 (Cumulative side area) 


  Pin:   _10491_/C1 (sky130_fd_sc_hd__a211o_2)
    Layer: mcon
      Partial area ratio:    0.12
      Required ratio:    3.00 (Gate area) 
      Cumulative area ratio:    0.12
      Required ratio:    0.00 (Cumulative area) 

    Layer: met1
      Partial area ratio:   21.14
      Required ratio:    0.00 (Gate area) 
      Cumulative area ratio:   21.14
      Required ratio:    0.00 (Cumulative area) 
      Partial area ratio:  104.99
      Required ratio:  400.00 (Side area) 
      Cumulative area ratio:  104.99
      Required ratio:    0.00 (Cumulative side area) 

    Layer: via
      Partial area ratio:    0.14
      Required ratio:    6.00 (Gate area) 
      Cumulative area ratio:    0.25
      Required ratio:    0.00 (Cumulative area) 

    Layer: met2
      Partial area ratio:    6.01
      Required ratio:    0.00 (Gate area) 
      Cumulative area ratio:   27.15
      Required ratio:    0.00 (Cumulative area) 
      Partial area ratio:   29.59
      Required ratio:  400.00 (Side area) 
      Cumulative area ratio:  134.58
      Required ratio:    0.00 (Cumulative side area) 

    Layer: via2
      Partial area ratio:    0.05
      Required ratio:    6.00 (Gate area) 
      Cumulative area ratio:    0.31
      Required ratio:    0.00 (Cumulative area) 

    Layer: met3
      Partial area ratio:    0.17
      Required ratio:    0.00 (Gate area) 
      Cumulative area ratio:   27.32
      Required ratio:    0.00 (Cumulative area) 
      Partial area ratio:    1.53
      Required ratio:  400.00 (Side area) 
      Cumulative area ratio:  136.11
      Required ratio:    0.00 (Cumulative side area) 

    Layer: via3
      Partial area ratio:    0.05
      Required ratio:    6.00 (Gate area) 
      Cumulative area ratio:    0.36
      Required ratio:    0.00 (Cumulative area) 

    Layer: met4
      Partial area ratio:   40.29
      Required ratio:    0.00 (Gate area) 
      Cumulative area ratio:   67.61
      Required ratio:    0.00 (Cumulative area) 
      Partial area ratio:  215.66
      Required ratio: 3312.80 (Side area) 
      Cumulative area ratio:  351.77
      Required ratio:    0.00 (Cumulative side area) 



Net: net2023
  Pin:   _10971_/B1 (sky130_fd_sc_hd__o21a_2)
    Layer: mcon
      Partial area ratio:    0.12
      Required ratio:    3.00 (Gate area) 
      Cumulative area ratio:    0.12
      Required ratio:    0.00 (Cumulative area) 

    Layer: met1
      Partial area ratio:    2.58
      Required ratio:    0.00 (Gate area) 
      Cumulative area ratio:    2.58
      Required ratio:    0.00 (Cumulative area) 
      Partial area ratio:   12.16
      Required ratio:  400.00 (Side area) 
      Cumulative area ratio:   12.16
      Required ratio:    0.00 (Cumulative side area) 

    Layer: via
      Partial area ratio:    0.18
      Required ratio:    6.00 (Gate area) 
      Cumulative area ratio:    0.30
      Required ratio:    0.00 (Cumulative area) 

    Layer: met2
      Partial area ratio:   13.10
      Required ratio:    0.00 (Gate area) 
      Cumulative area ratio:   15.68
      Required ratio:    0.00 (Cumulative area) 
      Partial area ratio:   64.27
      Required ratio:  400.00 (Side area) 
      Cumulative area ratio:   76.43
      Required ratio:    0.00 (Cumulative side area) 

    Layer: via2
      Partial area ratio:    0.16
      Required ratio:    6.00 (Gate area) 
      Cumulative area ratio:    0.46
      Required ratio:    0.00 (Cumulative area) 

    Layer: met3
      Partial area ratio:   85.15
      Required ratio:    0.00 (Gate area) 
      Cumulative area ratio:  100.82
      Required ratio:    0.00 (Cumulative area) 
      Partial area ratio:  455.42
      Required ratio:  400.00 (Side area) (VIOLATED)
      Cumulative area ratio:  531.85
      Required ratio:    0.00 (Cumulative side area) 

    Layer: via3
      Partial area ratio:    0.06
      Required ratio:    6.00 (Gate area) 
      Cumulative area ratio:    0.52
      Required ratio:    0.00 (Cumulative area) 

    Layer: met4
      Partial area ratio:   17.71
      Required ratio:    0.00 (Gate area) 
      Cumulative area ratio:  118.53
      Required ratio:    0.00 (Cumulative area) 
      Partial area ratio:   95.12
      Required ratio: 2956.40 (Side area) 
      Cumulative area ratio:  626.97
      Required ratio:    0.00 (Cumulative side area) 


  Pin:   _11138_/A1 (sky130_fd_sc_hd__a31o_2)
    Layer: mcon
      Partial area ratio:    0.12
      Required ratio:    3.00 (Gate area) 
      Cumulative area ratio:    0.12
      Required ratio:    0.00 (Cumulative area) 

    Layer: met1
      Partial area ratio:    3.34
      Required ratio:    0.00 (Gate area) 
      Cumulative area ratio:    3.34
      Required ratio:    0.00 (Cumulative area) 
      Partial area ratio:   15.97
      Required ratio:  400.00 (Side area) 
      Cumulative area ratio:   15.97
      Required ratio:    0.00 (Cumulative side area) 

    Layer: via
      Partial area ratio:    0.18
      Required ratio:    6.00 (Gate area) 
      Cumulative area ratio:    0.30
      Required ratio:    0.00 (Cumulative area) 

    Layer: met2
      Partial area ratio:   24.31
      Required ratio:    0.00 (Gate area) 
      Cumulative area ratio:   27.66
      Required ratio:    0.00 (Cumulative area) 
      Partial area ratio:  120.84
      Required ratio:  400.00 (Side area) 
      Cumulative area ratio:  136.81
      Required ratio:    0.00 (Cumulative side area) 

    Layer: via2
      Partial area ratio:    0.16
      Required ratio:    6.00 (Gate area) 
      Cumulative area ratio:    0.46
      Required ratio:    0.00 (Cumulative area) 

    Layer: met3
      Partial area ratio:   85.15
      Required ratio:    0.00 (Gate area) 
      Cumulative area ratio:  112.80
      Required ratio:    0.00 (Cumulative area) 
      Partial area ratio:  455.42
      Required ratio:  400.00 (Side area) (VIOLATED)
      Cumulative area ratio:  592.24
      Required ratio:    0.00 (Cumulative side area) 

    Layer: via3
      Partial area ratio:    0.06
      Required ratio:    6.00 (Gate area) 
      Cumulative area ratio:    0.52
      Required ratio:    0.00 (Cumulative area) 

    Layer: met4
      Partial area ratio:   17.71
      Required ratio:    0.00 (Gate area) 
      Cumulative area ratio:  130.51
      Required ratio:    0.00 (Cumulative area) 
      Partial area ratio:   95.12
      Required ratio: 2956.40 (Side area) 
      Cumulative area ratio:  687.35
      Required ratio:    0.00 (Cumulative side area) 


  Pin:   fanout2020/A (sky130_fd_sc_hd__clkdlybuf4s25_1)
    Layer: mcon
      Partial area ratio:    0.14
      Required ratio:    3.00 (Gate area) 
      Cumulative area ratio:    0.14
      Required ratio:    0.00 (Cumulative area) 

    Layer: met1
      Partial area ratio:    2.85
      Required ratio:    0.00 (Gate area) 
      Cumulative area ratio:    2.85
      Required ratio:    0.00 (Cumulative area) 
      Partial area ratio:   13.37
      Required ratio:  400.00 (Side area) 
      Cumulative area ratio:   13.37
      Required ratio:    0.00 (Cumulative side area) 

    Layer: via
      Partial area ratio:    0.21
      Required ratio:    6.00 (Gate area) 
      Cumulative area ratio:    0.35
      Required ratio:    0.00 (Cumulative area) 

    Layer: met2
      Partial area ratio:   10.19
      Required ratio:    0.00 (Gate area) 
      Cumulative area ratio:   13.04
      Required ratio:    0.00 (Cumulative area) 
      Partial area ratio:   49.85
      Required ratio:  400.00 (Side area) 
      Cumulative area ratio:   63.22
      Required ratio:    0.00 (Cumulative side area) 

    Layer: via2
      Partial area ratio:    0.38
      Required ratio:    6.00 (Gate area) 
      Cumulative area ratio:    0.72
      Required ratio:    0.00 (Cumulative area) 

    Layer: met3
      Partial area ratio:   85.15
      Required ratio:    0.00 (Gate area) 
      Cumulative area ratio:   98.18
      Required ratio:    0.00 (Cumulative area) 
      Partial area ratio:  455.42
      Required ratio:  400.00 (Side area) (VIOLATED)
      Cumulative area ratio:  518.64
      Required ratio:    0.00 (Cumulative side area) 

    Layer: via3
      Partial area ratio:    0.06
      Required ratio:    6.00 (Gate area) 
      Cumulative area ratio:    0.78
      Required ratio:    0.00 (Cumulative area) 

    Layer: met4
      Partial area ratio:   17.71
      Required ratio:    0.00 (Gate area) 
      Cumulative area ratio:  115.89
      Required ratio:    0.00 (Cumulative area) 
      Partial area ratio:   95.12
      Required ratio: 2956.40 (Side area) 
      Cumulative area ratio:  613.76
      Required ratio:    0.00 (Cumulative side area) 



Net: net2062
  Pin:   fanout2048/A (sky130_fd_sc_hd__clkdlybuf4s25_1)
    Layer: mcon
      Partial area ratio:    0.14
      Required ratio:    3.00 (Gate area) 
      Cumulative area ratio:    0.14
      Required ratio:    0.00 (Cumulative area) 

    Layer: met1
      Partial area ratio:    3.36
      Required ratio:    0.00 (Gate area) 
      Cumulative area ratio:    3.36
      Required ratio:    0.00 (Cumulative area) 
      Partial area ratio:   15.95
      Required ratio:  400.00 (Side area) 
      Cumulative area ratio:   15.95
      Required ratio:    0.00 (Cumulative side area) 

    Layer: via
      Partial area ratio:    0.21
      Required ratio:    6.00 (Gate area) 
      Cumulative area ratio:    0.35
      Required ratio:    0.00 (Cumulative area) 

    Layer: met2
      Partial area ratio:    5.58
      Required ratio:    0.00 (Gate area) 
      Cumulative area ratio:    8.94
      Required ratio:    0.00 (Cumulative area) 
      Partial area ratio:   27.03
      Required ratio:  400.00 (Side area) 
      Cumulative area ratio:   42.98
      Required ratio:    0.00 (Cumulative side area) 

    Layer: via2
      Partial area ratio:    0.19
      Required ratio:    6.00 (Gate area) 
      Cumulative area ratio:    0.53
      Required ratio:    0.00 (Cumulative area) 

    Layer: met3
      Partial area ratio:  126.92
      Required ratio:    0.00 (Gate area) 
      Cumulative area ratio:  135.86
      Required ratio:    0.00 (Cumulative area) 
      Partial area ratio:  679.10
      Required ratio:  400.00 (Side area) (VIOLATED)
      Cumulative area ratio:  722.07
      Required ratio:    0.00 (Cumulative side area) 

    Layer: via3
      Partial area ratio:    0.19
      Required ratio:    6.00 (Gate area) 
      Cumulative area ratio:    0.72
      Required ratio:    0.00 (Cumulative area) 

    Layer: met4
      Partial area ratio:   68.43
      Required ratio:    0.00 (Gate area) 
      Cumulative area ratio:  204.29
      Required ratio:    0.00 (Cumulative area) 
      Partial area ratio:  366.52
      Required ratio: 2881.16 (Side area) 
      Cumulative area ratio: 1088.59
      Required ratio:    0.00 (Cumulative side area) 


  Pin:   fanout2051/A (sky130_fd_sc_hd__clkdlybuf4s25_1)
    Layer: mcon
      Partial area ratio:    0.14
      Required ratio:    3.00 (Gate area) 
      Cumulative area ratio:    0.14
      Required ratio:    0.00 (Cumulative area) 

    Layer: met1
      Partial area ratio:    2.67
      Required ratio:    0.00 (Gate area) 
      Cumulative area ratio:    2.67
      Required ratio:    0.00 (Cumulative area) 
      Partial area ratio:   12.46
      Required ratio:  400.00 (Side area) 
      Cumulative area ratio:   12.46
      Required ratio:    0.00 (Cumulative side area) 

    Layer: via
      Partial area ratio:    0.21
      Required ratio:    6.00 (Gate area) 
      Cumulative area ratio:    0.35
      Required ratio:    0.00 (Cumulative area) 

    Layer: met2
      Partial area ratio:    0.88
      Required ratio:    0.00 (Gate area) 
      Cumulative area ratio:    3.54
      Required ratio:    0.00 (Cumulative area) 
      Partial area ratio:    4.04
      Required ratio:  400.00 (Side area) 
      Cumulative area ratio:   16.50
      Required ratio:    0.00 (Cumulative side area) 

    Layer: via2
      Partial area ratio:    0.19
      Required ratio:    6.00 (Gate area) 
      Cumulative area ratio:    0.53
      Required ratio:    0.00 (Cumulative area) 

    Layer: met3
      Partial area ratio:    0.59
      Required ratio:    0.00 (Gate area) 
      Cumulative area ratio:    4.13
      Required ratio:    0.00 (Cumulative area) 
      Partial area ratio:    5.33
      Required ratio:  400.00 (Side area) 
      Cumulative area ratio:   21.84
      Required ratio:    0.00 (Cumulative side area) 

    Layer: via3
      Partial area ratio:    0.19
      Required ratio:    6.00 (Gate area) 
      Cumulative area ratio:    0.72
      Required ratio:    0.00 (Cumulative area) 

    Layer: met4
      Partial area ratio:   68.43
      Required ratio:    0.00 (Gate area) 
      Cumulative area ratio:   72.56
      Required ratio:    0.00 (Cumulative area) 
      Partial area ratio:  366.52
      Required ratio: 2881.16 (Side area) 
      Cumulative area ratio:  388.36
      Required ratio:    0.00 (Cumulative side area) 


  Pin:   fanout2052/A (sky130_fd_sc_hd__clkdlybuf4s25_1)
    Layer: mcon
      Partial area ratio:    0.14
      Required ratio:    3.00 (Gate area) 
      Cumulative area ratio:    0.14
      Required ratio:    0.00 (Cumulative area) 

    Layer: met1
      Partial area ratio:    4.12
      Required ratio:    0.00 (Gate area) 
      Cumulative area ratio:    4.12
      Required ratio:    0.00 (Cumulative area) 
      Partial area ratio:   19.71
      Required ratio:  400.00 (Side area) 
      Cumulative area ratio:   19.71
      Required ratio:    0.00 (Cumulative side area) 

    Layer: via
      Partial area ratio:    0.21
      Required ratio:    6.00 (Gate area) 
      Cumulative area ratio:    0.35
      Required ratio:    0.00 (Cumulative area) 

    Layer: met2
      Partial area ratio:    0.88
      Required ratio:    0.00 (Gate area) 
      Cumulative area ratio:    4.99
      Required ratio:    0.00 (Cumulative area) 
      Partial area ratio:    4.04
      Required ratio:  400.00 (Side area) 
      Cumulative area ratio:   23.75
      Required ratio:    0.00 (Cumulative side area) 

    Layer: via2
      Partial area ratio:    0.19
      Required ratio:    6.00 (Gate area) 
      Cumulative area ratio:    0.53
      Required ratio:    0.00 (Cumulative area) 

    Layer: met3
      Partial area ratio:   44.36
      Required ratio:    0.00 (Gate area) 
      Cumulative area ratio:   49.35
      Required ratio:    0.00 (Cumulative area) 
      Partial area ratio:  238.74
      Required ratio:  400.00 (Side area) 
      Cumulative area ratio:  262.50
      Required ratio:    0.00 (Cumulative side area) 

    Layer: via3
      Partial area ratio:    0.28
      Required ratio:    6.00 (Gate area) 
      Cumulative area ratio:    0.82
      Required ratio:    0.00 (Cumulative area) 

    Layer: met4
      Partial area ratio:   68.43
      Required ratio:    0.00 (Gate area) 
      Cumulative area ratio:  117.78
      Required ratio:    0.00 (Cumulative area) 
      Partial area ratio:  366.52
      Required ratio: 2881.16 (Side area) 
      Cumulative area ratio:  629.01
      Required ratio:    0.00 (Cumulative side area) 


  Pin:   fanout2054/A (sky130_fd_sc_hd__clkdlybuf4s25_1)
    Layer: mcon
      Partial area ratio:    0.14
      Required ratio:    3.00 (Gate area) 
      Cumulative area ratio:    0.14
      Required ratio:    0.00 (Cumulative area) 

    Layer: met1
      Partial area ratio:   12.31
      Required ratio:    0.00 (Gate area) 
      Cumulative area ratio:   12.31
      Required ratio:    0.00 (Cumulative area) 
      Partial area ratio:   60.68
      Required ratio:  400.00 (Side area) 
      Cumulative area ratio:   60.68
      Required ratio:    0.00 (Cumulative side area) 

    Layer: via
      Partial area ratio:    0.21
      Required ratio:    6.00 (Gate area) 
      Cumulative area ratio:    0.35
      Required ratio:    0.00 (Cumulative area) 

    Layer: met2
      Partial area ratio:   23.98
      Required ratio:    0.00 (Gate area) 
      Cumulative area ratio:   36.29
      Required ratio:    0.00 (Cumulative area) 
      Partial area ratio:  118.28
      Required ratio:  400.00 (Side area) 
      Cumulative area ratio:  178.95
      Required ratio:    0.00 (Cumulative side area) 

    Layer: via2
      Partial area ratio:    0.38
      Required ratio:    6.00 (Gate area) 
      Cumulative area ratio:    0.72
      Required ratio:    0.00 (Cumulative area) 

    Layer: met3
      Partial area ratio:   44.36
      Required ratio:    0.00 (Gate area) 
      Cumulative area ratio:   80.64
      Required ratio:    0.00 (Cumulative area) 
      Partial area ratio:  238.74
      Required ratio:  400.00 (Side area) 
      Cumulative area ratio:  417.70
      Required ratio:    0.00 (Cumulative side area) 

    Layer: via3
      Partial area ratio:    0.28
      Required ratio:    6.00 (Gate area) 
      Cumulative area ratio:    1.00
      Required ratio:    0.00 (Cumulative area) 

    Layer: met4
      Partial area ratio:   68.43
      Required ratio:    0.00 (Gate area) 
      Cumulative area ratio:  149.07
      Required ratio:    0.00 (Cumulative area) 
      Partial area ratio:  366.52
      Required ratio: 2881.16 (Side area) 
      Cumulative area ratio:  784.21
      Required ratio:    0.00 (Cumulative side area) 


  Pin:   fanout2058/A (sky130_fd_sc_hd__clkdlybuf4s25_1)
    Layer: mcon
      Partial area ratio:    0.14
      Required ratio:    3.00 (Gate area) 
      Cumulative area ratio:    0.14
      Required ratio:    0.00 (Cumulative area) 

    Layer: met1
      Partial area ratio:    4.77
      Required ratio:    0.00 (Gate area) 
      Cumulative area ratio:    4.77
      Required ratio:    0.00 (Cumulative area) 
      Partial area ratio:   22.15
      Required ratio: 2881.16 (Side area) 
      Cumulative area ratio:   22.15
      Required ratio:    0.00 (Cumulative side area) 

    Layer: via
      Partial area ratio:    0.32
      Required ratio:   31.30 (Gate area) 
      Cumulative area ratio:    0.45
      Required ratio:    0.00 (Cumulative area) 

    Layer: met2
      Partial area ratio:    1.27
      Required ratio:    0.00 (Gate area) 
      Cumulative area ratio:    6.04
      Required ratio:    0.00 (Cumulative area) 
      Partial area ratio:    5.95
      Required ratio: 2881.16 (Side area) 
      Cumulative area ratio:   28.10
      Required ratio:    0.00 (Cumulative side area) 

    Layer: via2
      Partial area ratio:    0.19
      Required ratio:   31.30 (Gate area) 
      Cumulative area ratio:    0.64
      Required ratio:    0.00 (Cumulative area) 

    Layer: met3
      Partial area ratio:   78.33
      Required ratio:    0.00 (Gate area) 
      Cumulative area ratio:   84.37
      Required ratio:    0.00 (Cumulative area) 
      Partial area ratio:  419.94
      Required ratio: 2881.16 (Side area) 
      Cumulative area ratio:  448.05
      Required ratio:    0.00 (Cumulative side area) 

    Layer: via3
      Partial area ratio:    0.19
      Required ratio:   31.30 (Gate area) 
      Cumulative area ratio:    0.83
      Required ratio:    0.00 (Cumulative area) 

    Layer: met4
      Partial area ratio:   68.43
      Required ratio:    0.00 (Gate area) 
      Cumulative area ratio:  152.79
      Required ratio:    0.00 (Cumulative area) 
      Partial area ratio:  366.52
      Required ratio: 2881.16 (Side area) 
      Cumulative area ratio:  814.56
      Required ratio:    0.00 (Cumulative side area) 


  Pin:   fanout2059/A (sky130_fd_sc_hd__clkdlybuf4s25_1)
    Layer: mcon
      Partial area ratio:    0.14
      Required ratio:    3.00 (Gate area) 
      Cumulative area ratio:    0.14
      Required ratio:    0.00 (Cumulative area) 

    Layer: met1
      Partial area ratio:    1.64
      Required ratio:    0.00 (Gate area) 
      Cumulative area ratio:    1.64
      Required ratio:    0.00 (Cumulative area) 
      Partial area ratio:    7.32
      Required ratio:  400.00 (Side area) 
      Cumulative area ratio:    7.32
      Required ratio:    0.00 (Cumulative side area) 

    Layer: via
      Partial area ratio:    0.21
      Required ratio:    6.00 (Gate area) 
      Cumulative area ratio:    0.35
      Required ratio:    0.00 (Cumulative area) 

    Layer: met2
      Partial area ratio:   16.91
      Required ratio:    0.00 (Gate area) 
      Cumulative area ratio:   18.55
      Required ratio:    0.00 (Cumulative area) 
      Partial area ratio:   83.72
      Required ratio:  400.00 (Side area) 
      Cumulative area ratio:   91.04
      Required ratio:    0.00 (Cumulative side area) 

    Layer: via2
      Partial area ratio:    0.19
      Required ratio:    6.00 (Gate area) 
      Cumulative area ratio:    0.53
      Required ratio:    0.00 (Cumulative area) 

    Layer: met3
      Partial area ratio:    0.59
      Required ratio:    0.00 (Gate area) 
      Cumulative area ratio:   19.14
      Required ratio:    0.00 (Cumulative area) 
      Partial area ratio:    5.33
      Required ratio:  400.00 (Side area) 
      Cumulative area ratio:   96.37
      Required ratio:    0.00 (Cumulative side area) 

    Layer: via3
      Partial area ratio:    0.19
      Required ratio:    6.00 (Gate area) 
      Cumulative area ratio:    0.72
      Required ratio:    0.00 (Cumulative area) 

    Layer: met4
      Partial area ratio:   68.43
      Required ratio:    0.00 (Gate area) 
      Cumulative area ratio:   87.57
      Required ratio:    0.00 (Cumulative area) 
      Partial area ratio:  366.52
      Required ratio: 2881.16 (Side area) 
      Cumulative area ratio:  462.89
      Required ratio:    0.00 (Cumulative side area) 


  Pin:   fanout2061/A (sky130_fd_sc_hd__clkdlybuf4s25_1)
    Layer: mcon
      Partial area ratio:    0.14
      Required ratio:    3.00 (Gate area) 
      Cumulative area ratio:    0.14
      Required ratio:    0.00 (Cumulative area) 

    Layer: met1
      Partial area ratio:    2.47
      Required ratio:    0.00 (Gate area) 
      Cumulative area ratio:    2.47
      Required ratio:    0.00 (Cumulative area) 
      Partial area ratio:   11.49
      Required ratio:  400.00 (Side area) 
      Cumulative area ratio:   11.49
      Required ratio:    0.00 (Cumulative side area) 

    Layer: via
      Partial area ratio:    0.21
      Required ratio:    6.00 (Gate area) 
      Cumulative area ratio:    0.35
      Required ratio:    0.00 (Cumulative area) 

    Layer: met2
      Partial area ratio:   16.91
      Required ratio:    0.00 (Gate area) 
      Cumulative area ratio:   19.39
      Required ratio:    0.00 (Cumulative area) 
      Partial area ratio:   83.72
      Required ratio:  400.00 (Side area) 
      Cumulative area ratio:   95.21
      Required ratio:    0.00 (Cumulative side area) 

    Layer: via2
      Partial area ratio:    0.19
      Required ratio:    6.00 (Gate area) 
      Cumulative area ratio:    0.53
      Required ratio:    0.00 (Cumulative area) 

    Layer: met3
      Partial area ratio:    0.59
      Required ratio:    0.00 (Gate area) 
      Cumulative area ratio:   19.97
      Required ratio:    0.00 (Cumulative area) 
      Partial area ratio:    5.33
      Required ratio:  400.00 (Side area) 
      Cumulative area ratio:  100.55
      Required ratio:    0.00 (Cumulative side area) 

    Layer: via3
      Partial area ratio:    0.19
      Required ratio:    6.00 (Gate area) 
      Cumulative area ratio:    0.72
      Required ratio:    0.00 (Cumulative area) 

    Layer: met4
      Partial area ratio:   68.43
      Required ratio:    0.00 (Gate area) 
      Cumulative area ratio:   88.40
      Required ratio:    0.00 (Cumulative area) 
      Partial area ratio:  366.52
      Required ratio: 2881.16 (Side area) 
      Cumulative area ratio:  467.07
      Required ratio:    0.00 (Cumulative side area) 



Net: net2087
  Pin:   _11217_/B (sky130_fd_sc_hd__and3_2)
    Layer: mcon
      Partial area ratio:    0.23
      Required ratio:    3.00 (Gate area) 
      Cumulative area ratio:    0.23
      Required ratio:    0.00 (Cumulative area) 

    Layer: met1
      Partial area ratio:    5.69
      Required ratio:    0.00 (Gate area) 
      Cumulative area ratio:    5.69
      Required ratio:    0.00 (Cumulative area) 
      Partial area ratio:   26.96
      Required ratio:  400.00 (Side area) 
      Cumulative area ratio:   26.96
      Required ratio:    0.00 (Cumulative side area) 

    Layer: via
      Partial area ratio:    0.36
      Required ratio:    6.00 (Gate area) 
      Cumulative area ratio:    0.59
      Required ratio:    0.00 (Cumulative area) 

    Layer: met2
      Partial area ratio:    1.48
      Required ratio:    0.00 (Gate area) 
      Cumulative area ratio:    7.17
      Required ratio:    0.00 (Cumulative area) 
      Partial area ratio:    6.83
      Required ratio:  400.00 (Side area) 
      Cumulative area ratio:   33.79
      Required ratio:    0.00 (Cumulative side area) 

    Layer: via2
      Partial area ratio:    0.32
      Required ratio:    6.00 (Gate area) 
      Cumulative area ratio:    0.90
      Required ratio:    0.00 (Cumulative area) 

    Layer: met3
      Partial area ratio:  132.41
      Required ratio:    0.00 (Gate area) 
      Cumulative area ratio:  139.58
      Required ratio:    0.00 (Cumulative area) 
      Partial area ratio:  709.90
      Required ratio:  400.00 (Side area) (VIOLATED)
      Cumulative area ratio:  743.70
      Required ratio:    0.00 (Cumulative side area) 

    Layer: via3
      Partial area ratio:    0.32
      Required ratio:    6.00 (Gate area) 
      Cumulative area ratio:    1.22
      Required ratio:    0.00 (Cumulative area) 

    Layer: met4
      Partial area ratio:  135.23
      Required ratio:    0.00 (Gate area) 
      Cumulative area ratio:  274.82
      Required ratio:    0.00 (Cumulative area) 
      Partial area ratio:  722.09
      Required ratio: 2956.40 (Side area) 
      Cumulative area ratio: 1465.79
      Required ratio:    0.00 (Cumulative side area) 


  Pin:   fanout2077/A (sky130_fd_sc_hd__clkdlybuf4s25_1)
    Layer: mcon
      Partial area ratio:    0.14
      Required ratio:    3.00 (Gate area) 
      Cumulative area ratio:    0.14
      Required ratio:    0.00 (Cumulative area) 

    Layer: met1
      Partial area ratio:    3.12
      Required ratio:    0.00 (Gate area) 
      Cumulative area ratio:    3.12
      Required ratio:    0.00 (Cumulative area) 
      Partial area ratio:   14.72
      Required ratio:  400.00 (Side area) 
      Cumulative area ratio:   14.72
      Required ratio:    0.00 (Cumulative side area) 

    Layer: via
      Partial area ratio:    0.21
      Required ratio:    6.00 (Gate area) 
      Cumulative area ratio:    0.35
      Required ratio:    0.00 (Cumulative area) 

    Layer: met2
      Partial area ratio:    0.88
      Required ratio:    0.00 (Gate area) 
      Cumulative area ratio:    3.99
      Required ratio:    0.00 (Cumulative area) 
      Partial area ratio:    4.04
      Required ratio:  400.00 (Side area) 
      Cumulative area ratio:   18.76
      Required ratio:    0.00 (Cumulative side area) 

    Layer: via2
      Partial area ratio:    0.19
      Required ratio:    6.00 (Gate area) 
      Cumulative area ratio:    0.53
      Required ratio:    0.00 (Cumulative area) 

    Layer: met3
      Partial area ratio:    0.59
      Required ratio:    0.00 (Gate area) 
      Cumulative area ratio:    4.58
      Required ratio:    0.00 (Cumulative area) 
      Partial area ratio:    5.33
      Required ratio:  400.00 (Side area) 
      Cumulative area ratio:   24.09
      Required ratio:    0.00 (Cumulative side area) 

    Layer: via3
      Partial area ratio:    0.19
      Required ratio:    6.00 (Gate area) 
      Cumulative area ratio:    0.72
      Required ratio:    0.00 (Cumulative area) 

    Layer: met4
      Partial area ratio:  135.23
      Required ratio:    0.00 (Gate area) 
      Cumulative area ratio:  139.81
      Required ratio:    0.00 (Cumulative area) 
      Partial area ratio:  722.09
      Required ratio: 2956.40 (Side area) 
      Cumulative area ratio:  746.18
      Required ratio:    0.00 (Cumulative side area) 


  Pin:   fanout2081/A (sky130_fd_sc_hd__clkdlybuf4s25_1)
    Layer: mcon
      Partial area ratio:    0.14
      Required ratio:    3.00 (Gate area) 
      Cumulative area ratio:    0.14
      Required ratio:    0.00 (Cumulative area) 

    Layer: met1
      Partial area ratio:    3.91
      Required ratio:    0.00 (Gate area) 
      Cumulative area ratio:    3.91
      Required ratio:    0.00 (Cumulative area) 
      Partial area ratio:   18.66
      Required ratio:  400.00 (Side area) 
      Cumulative area ratio:   18.66
      Required ratio:    0.00 (Cumulative side area) 

    Layer: via
      Partial area ratio:    0.21
      Required ratio:    6.00 (Gate area) 
      Cumulative area ratio:    0.35
      Required ratio:    0.00 (Cumulative area) 

    Layer: met2
      Partial area ratio:    5.97
      Required ratio:    0.00 (Gate area) 
      Cumulative area ratio:    9.87
      Required ratio:    0.00 (Cumulative area) 
      Partial area ratio:   28.94
      Required ratio: 2956.40 (Side area) 
      Cumulative area ratio:   47.59
      Required ratio:    0.00 (Cumulative side area) 

    Layer: via2
      Partial area ratio:    0.19
      Required ratio:   38.08 (Gate area) 
      Cumulative area ratio:    0.53
      Required ratio:    0.00 (Cumulative area) 

    Layer: met3
      Partial area ratio:   20.02
      Required ratio:    0.00 (Gate area) 
      Cumulative area ratio:   29.89
      Required ratio:    0.00 (Cumulative area) 
      Partial area ratio:  108.96
      Required ratio: 2956.40 (Side area) 
      Cumulative area ratio:  156.55
      Required ratio:    0.00 (Cumulative side area) 

    Layer: via3
      Partial area ratio:    0.19
      Required ratio:   38.08 (Gate area) 
      Cumulative area ratio:    0.72
      Required ratio:    0.00 (Cumulative area) 

    Layer: met4
      Partial area ratio:  135.23
      Required ratio:    0.00 (Gate area) 
      Cumulative area ratio:  165.12
      Required ratio:    0.00 (Cumulative area) 
      Partial area ratio:  722.09
      Required ratio: 2956.40 (Side area) 
      Cumulative area ratio:  878.64
      Required ratio:    0.00 (Cumulative side area) 



Net: net2186
  Pin:   _09939_/S (sky130_fd_sc_hd__mux2_1)
    Layer: mcon
      Partial area ratio:    0.11
      Required ratio:    3.00 (Gate area) 
      Cumulative area ratio:    0.11
      Required ratio:    0.00 (Cumulative area) 

    Layer: met1
      Partial area ratio:   15.12
      Required ratio:    0.00 (Gate area) 
      Cumulative area ratio:   15.12
      Required ratio:    0.00 (Cumulative area) 
      Partial area ratio:   74.45
      Required ratio:  400.00 (Side area) 
      Cumulative area ratio:   74.45
      Required ratio:    0.00 (Cumulative side area) 

    Layer: via
      Partial area ratio:    0.27
      Required ratio:    6.00 (Gate area) 
      Cumulative area ratio:    0.38
      Required ratio:    0.00 (Cumulative area) 

    Layer: met2
      Partial area ratio:   13.85
      Required ratio:    0.00 (Gate area) 
      Cumulative area ratio:   28.98
      Required ratio:    0.00 (Cumulative area) 
      Partial area ratio:   68.40
      Required ratio: 2956.40 (Side area) 
      Cumulative area ratio:  142.85
      Required ratio:    0.00 (Cumulative side area) 


  Pin:   _09941_/A (sky130_fd_sc_hd__and2_2)
    Layer: mcon
      Partial area ratio:    0.23
      Required ratio:    3.00 (Gate area) 
      Cumulative area ratio:    0.23
      Required ratio:    0.00 (Cumulative area) 

    Layer: met1
      Partial area ratio:    2.39
      Required ratio:    0.00 (Gate area) 
      Cumulative area ratio:    2.39
      Required ratio:    0.00 (Cumulative area) 
      Partial area ratio:   10.36
      Required ratio:  400.00 (Side area) 
      Cumulative area ratio:   10.36
      Required ratio:    0.00 (Cumulative side area) 

    Layer: via
      Partial area ratio:    0.36
      Required ratio:    6.00 (Gate area) 
      Cumulative area ratio:    0.59
      Required ratio:    0.00 (Cumulative area) 

    Layer: met2
      Partial area ratio:   13.85
      Required ratio:    0.00 (Gate area) 
      Cumulative area ratio:   16.24
      Required ratio:    0.00 (Cumulative area) 
      Partial area ratio:   68.40
      Required ratio: 2956.40 (Side area) 
      Cumulative area ratio:   78.76
      Required ratio:    0.00 (Cumulative side area) 


  Pin:   _16850_/A2 (sky130_fd_sc_hd__a32o_2)
    Layer: mcon
      Partial area ratio:    0.12
      Required ratio:    3.00 (Gate area) 
      Cumulative area ratio:    0.12
      Required ratio:    0.00 (Cumulative area) 

    Layer: met1
      Partial area ratio:    2.88
      Required ratio:    0.00 (Gate area) 
      Cumulative area ratio:    2.88
      Required ratio:    0.00 (Cumulative area) 
      Partial area ratio:   13.66
      Required ratio:  400.00 (Side area) 
      Cumulative area ratio:   13.66
      Required ratio:    0.00 (Cumulative side area) 

    Layer: via
      Partial area ratio:    0.18
      Required ratio:    6.00 (Gate area) 
      Cumulative area ratio:    0.30
      Required ratio:    0.00 (Cumulative area) 

    Layer: met2
      Partial area ratio:   13.85
      Required ratio:    0.00 (Gate area) 
      Cumulative area ratio:   16.74
      Required ratio:    0.00 (Cumulative area) 
      Partial area ratio:   68.40
      Required ratio: 2956.40 (Side area) 
      Cumulative area ratio:   82.06
      Required ratio:    0.00 (Cumulative side area) 


  Pin:   fanout2181/A (sky130_fd_sc_hd__clkdlybuf4s25_1)
    Layer: mcon
      Partial area ratio:    0.14
      Required ratio:    3.00 (Gate area) 
      Cumulative area ratio:    0.14
      Required ratio:    0.00 (Cumulative area) 

    Layer: met1
      Partial area ratio:    3.17
      Required ratio:    0.00 (Gate area) 
      Cumulative area ratio:    3.17
      Required ratio:    0.00 (Cumulative area) 
      Partial area ratio:   14.99
      Required ratio:  400.00 (Side area) 
      Cumulative area ratio:   14.99
      Required ratio:    0.00 (Cumulative side area) 

    Layer: via
      Partial area ratio:    0.21
      Required ratio:    6.00 (Gate area) 
      Cumulative area ratio:    0.35
      Required ratio:    0.00 (Cumulative area) 

    Layer: met2
      Partial area ratio:   13.85
      Required ratio:    0.00 (Gate area) 
      Cumulative area ratio:   17.03
      Required ratio:    0.00 (Cumulative area) 
      Partial area ratio:   68.40
      Required ratio: 2956.40 (Side area) 
      Cumulative area ratio:   83.39
      Required ratio:    0.00 (Cumulative side area) 


  Pin:   fanout2183/A (sky130_fd_sc_hd__clkdlybuf4s25_1)
    Layer: mcon
      Partial area ratio:    0.14
      Required ratio:    3.00 (Gate area) 
      Cumulative area ratio:    0.14
      Required ratio:    0.00 (Cumulative area) 

    Layer: met1
      Partial area ratio:   84.66
      Required ratio:    0.00 (Gate area) 
      Cumulative area ratio:   84.66
      Required ratio:    0.00 (Cumulative area) 
      Partial area ratio:  421.93
      Required ratio:  400.00 (Side area) (VIOLATED)
      Cumulative area ratio:  421.93
      Required ratio:    0.00 (Cumulative side area) 

    Layer: via
      Partial area ratio:    0.32
      Required ratio:    6.00 (Gate area) 
      Cumulative area ratio:    0.45
      Required ratio:    0.00 (Cumulative area) 

    Layer: met2
      Partial area ratio:   13.85
      Required ratio:    0.00 (Gate area) 
      Cumulative area ratio:   98.52
      Required ratio:    0.00 (Cumulative area) 
      Partial area ratio:   68.40
      Required ratio: 2956.40 (Side area) 
      Cumulative area ratio:  490.32
      Required ratio:    0.00 (Cumulative side area) 



Net: net2196
  Pin:   _09577_/A (sky130_fd_sc_hd__or3_2)
    Layer: mcon
      Partial area ratio:    0.23
      Required ratio:    3.00 (Gate area) 
      Cumulative area ratio:    0.23
      Required ratio:    0.00 (Cumulative area) 

    Layer: met1
      Partial area ratio:    6.18
      Required ratio:    0.00 (Gate area) 
      Cumulative area ratio:    6.18
      Required ratio:    0.00 (Cumulative area) 
      Partial area ratio:   29.41
      Required ratio:  400.00 (Side area) 
      Cumulative area ratio:   29.41
      Required ratio:    0.00 (Cumulative side area) 

    Layer: via
      Partial area ratio:    0.36
      Required ratio:    6.00 (Gate area) 
      Cumulative area ratio:    0.59
      Required ratio:    0.00 (Cumulative area) 

    Layer: met2
      Partial area ratio:    1.48
      Required ratio:    0.00 (Gate area) 
      Cumulative area ratio:    7.66
      Required ratio:    0.00 (Cumulative area) 
      Partial area ratio:    6.83
      Required ratio:  400.00 (Side area) 
      Cumulative area ratio:   36.24
      Required ratio:    0.00 (Cumulative side area) 

    Layer: via2
      Partial area ratio:    0.32
      Required ratio:    6.00 (Gate area) 
      Cumulative area ratio:    0.90
      Required ratio:    0.00 (Cumulative area) 

    Layer: met3
      Partial area ratio:   83.13
      Required ratio:    0.00 (Gate area) 
      Cumulative area ratio:   90.79
      Required ratio:    0.00 (Cumulative area) 
      Partial area ratio:  447.05
      Required ratio:  400.00 (Side area) (VIOLATED)
      Cumulative area ratio:  483.29
      Required ratio:    0.00 (Cumulative side area) 

    Layer: via3
      Partial area ratio:    0.32
      Required ratio:    6.00 (Gate area) 
      Cumulative area ratio:    1.22
      Required ratio:    0.00 (Cumulative area) 

    Layer: met4
      Partial area ratio:    1.98
      Required ratio:    0.00 (Gate area) 
      Cumulative area ratio:   92.77
      Required ratio:    0.00 (Cumulative area) 
      Partial area ratio:   11.00
      Required ratio: 2881.16 (Side area) 
      Cumulative area ratio:  494.29
      Required ratio:    0.00 (Cumulative side area) 


  Pin:   _09760_/S1 (sky130_fd_sc_hd__mux4_2)
    Layer: mcon
      Partial area ratio:    0.10
      Required ratio:    3.00 (Gate area) 
      Cumulative area ratio:    0.10
      Required ratio:    0.00 (Cumulative area) 

    Layer: met1
      Partial area ratio:    2.18
      Required ratio:    0.00 (Gate area) 
      Cumulative area ratio:    2.18
      Required ratio:    0.00 (Cumulative area) 
      Partial area ratio:   10.27
      Required ratio:  400.00 (Side area) 
      Cumulative area ratio:   10.27
      Required ratio:    0.00 (Cumulative side area) 

    Layer: via
      Partial area ratio:    0.15
      Required ratio:    6.00 (Gate area) 
      Cumulative area ratio:    0.24
      Required ratio:    0.00 (Cumulative area) 

    Layer: met2
      Partial area ratio:    8.42
      Required ratio:    0.00 (Gate area) 
      Cumulative area ratio:   10.60
      Required ratio:    0.00 (Cumulative area) 
      Partial area ratio:   41.46
      Required ratio: 2881.16 (Side area) 
      Cumulative area ratio:   51.73
      Required ratio:    0.00 (Cumulative side area) 

    Layer: via2
      Partial area ratio:    0.10
      Required ratio:   31.30 (Gate area) 
      Cumulative area ratio:    0.35
      Required ratio:    0.00 (Cumulative area) 

    Layer: met3
      Partial area ratio:   12.95
      Required ratio:    0.00 (Gate area) 
      Cumulative area ratio:   23.54
      Required ratio:    0.00 (Cumulative area) 
      Partial area ratio:   70.02
      Required ratio: 2881.16 (Side area) 
      Cumulative area ratio:  121.75
      Required ratio:    0.00 (Cumulative side area) 

    Layer: via3
      Partial area ratio:    0.04
      Required ratio:   31.30 (Gate area) 
      Cumulative area ratio:    0.39
      Required ratio:    0.00 (Cumulative area) 

    Layer: met4
      Partial area ratio:    1.98
      Required ratio:    0.00 (Gate area) 
      Cumulative area ratio:   25.53
      Required ratio:    0.00 (Cumulative area) 
      Partial area ratio:   11.00
      Required ratio: 2881.16 (Side area) 
      Cumulative area ratio:  132.75
      Required ratio:    0.00 (Cumulative side area) 


  Pin:   _09762_/S1 (sky130_fd_sc_hd__mux4_2)
    Layer: mcon
      Partial area ratio:    0.10
      Required ratio:    3.00 (Gate area) 
      Cumulative area ratio:    0.10
      Required ratio:    0.00 (Cumulative area) 

    Layer: met1
      Partial area ratio:    5.15
      Required ratio:    0.00 (Gate area) 
      Cumulative area ratio:    5.15
      Required ratio:    0.00 (Cumulative area) 
      Partial area ratio:   24.77
      Required ratio:  400.00 (Side area) 
      Cumulative area ratio:   24.77
      Required ratio:    0.00 (Cumulative side area) 

    Layer: via
      Partial area ratio:    0.22
      Required ratio:    6.00 (Gate area) 
      Cumulative area ratio:    0.32
      Required ratio:    0.00 (Cumulative area) 

    Layer: met2
      Partial area ratio:    8.42
      Required ratio:    0.00 (Gate area) 
      Cumulative area ratio:   13.57
      Required ratio:    0.00 (Cumulative area) 
      Partial area ratio:   41.46
      Required ratio: 2881.16 (Side area) 
      Cumulative area ratio:   66.23
      Required ratio:    0.00 (Cumulative side area) 

    Layer: via2
      Partial area ratio:    0.10
      Required ratio:   31.30 (Gate area) 
      Cumulative area ratio:    0.42
      Required ratio:    0.00 (Cumulative area) 

    Layer: met3
      Partial area ratio:   12.95
      Required ratio:    0.00 (Gate area) 
      Cumulative area ratio:   26.52
      Required ratio:    0.00 (Cumulative area) 
      Partial area ratio:   70.02
      Required ratio: 2881.16 (Side area) 
      Cumulative area ratio:  136.25
      Required ratio:    0.00 (Cumulative side area) 

    Layer: via3
      Partial area ratio:    0.04
      Required ratio:   31.30 (Gate area) 
      Cumulative area ratio:    0.46
      Required ratio:    0.00 (Cumulative area) 

    Layer: met4
      Partial area ratio:    1.98
      Required ratio:    0.00 (Gate area) 
      Cumulative area ratio:   28.50
      Required ratio:    0.00 (Cumulative area) 
      Partial area ratio:   11.00
      Required ratio: 2881.16 (Side area) 
      Cumulative area ratio:  147.25
      Required ratio:    0.00 (Cumulative side area) 


  Pin:   fanout2194/A (sky130_fd_sc_hd__clkdlybuf4s25_1)
    Layer: mcon
      Partial area ratio:    0.14
      Required ratio:    3.00 (Gate area) 
      Cumulative area ratio:    0.14
      Required ratio:    0.00 (Cumulative area) 

    Layer: met1
      Partial area ratio:    3.43
      Required ratio:    0.00 (Gate area) 
      Cumulative area ratio:    3.43
      Required ratio:    0.00 (Cumulative area) 
      Partial area ratio:   16.28
      Required ratio:  400.00 (Side area) 
      Cumulative area ratio:   16.28
      Required ratio:    0.00 (Cumulative side area) 

    Layer: via
      Partial area ratio:    0.21
      Required ratio:    6.00 (Gate area) 
      Cumulative area ratio:    0.35
      Required ratio:    0.00 (Cumulative area) 

    Layer: met2
      Partial area ratio:    0.88
      Required ratio:    0.00 (Gate area) 
      Cumulative area ratio:    4.31
      Required ratio:    0.00 (Cumulative area) 
      Partial area ratio:    4.04
      Required ratio:  400.00 (Side area) 
      Cumulative area ratio:   20.32
      Required ratio:    0.00 (Cumulative side area) 

    Layer: via2
      Partial area ratio:    0.19
      Required ratio:    6.00 (Gate area) 
      Cumulative area ratio:    0.53
      Required ratio:    0.00 (Cumulative area) 

    Layer: met3
      Partial area ratio:   12.95
      Required ratio:    0.00 (Gate area) 
      Cumulative area ratio:   17.26
      Required ratio:    0.00 (Cumulative area) 
      Partial area ratio:   70.02
      Required ratio: 2881.16 (Side area) 
      Cumulative area ratio:   90.34
      Required ratio:    0.00 (Cumulative side area) 

    Layer: via3
      Partial area ratio:    0.04
      Required ratio:   31.30 (Gate area) 
      Cumulative area ratio:    0.58
      Required ratio:    0.00 (Cumulative area) 

    Layer: met4
      Partial area ratio:    1.98
      Required ratio:    0.00 (Gate area) 
      Cumulative area ratio:   19.24
      Required ratio:    0.00 (Cumulative area) 
      Partial area ratio:   11.00
      Required ratio: 2881.16 (Side area) 
      Cumulative area ratio:  101.34
      Required ratio:    0.00 (Cumulative side area) 


  Pin:   load_slew2197/A (sky130_fd_sc_hd__buf_2)
    Layer: mcon
      Partial area ratio:    0.18
      Required ratio:    3.00 (Gate area) 
      Cumulative area ratio:    0.18
      Required ratio:    0.00 (Cumulative area) 

    Layer: met1
      Partial area ratio:   22.41
      Required ratio:    0.00 (Gate area) 
      Cumulative area ratio:   22.41
      Required ratio:    0.00 (Cumulative area) 
      Partial area ratio:  109.77
      Required ratio: 2881.16 (Side area) 
      Cumulative area ratio:  109.77
      Required ratio:    0.00 (Cumulative side area) 

    Layer: via
      Partial area ratio:    0.42
      Required ratio:   31.30 (Gate area) 
      Cumulative area ratio:    0.61
      Required ratio:    0.00 (Cumulative area) 

    Layer: met2
      Partial area ratio:    8.42
      Required ratio:    0.00 (Gate area) 
      Cumulative area ratio:   30.83
      Required ratio:    0.00 (Cumulative area) 
      Partial area ratio:   41.46
      Required ratio: 2881.16 (Side area) 
      Cumulative area ratio:  151.22
      Required ratio:    0.00 (Cumulative side area) 

    Layer: via2
      Partial area ratio:    0.10
      Required ratio:   31.30 (Gate area) 
      Cumulative area ratio:    0.71
      Required ratio:    0.00 (Cumulative area) 

    Layer: met3
      Partial area ratio:   12.95
      Required ratio:    0.00 (Gate area) 
      Cumulative area ratio:   43.78
      Required ratio:    0.00 (Cumulative area) 
      Partial area ratio:   70.02
      Required ratio: 2881.16 (Side area) 
      Cumulative area ratio:  221.24
      Required ratio:    0.00 (Cumulative side area) 

    Layer: via3
      Partial area ratio:    0.04
      Required ratio:   31.30 (Gate area) 
      Cumulative area ratio:    0.75
      Required ratio:    0.00 (Cumulative area) 

    Layer: met4
      Partial area ratio:    1.98
      Required ratio:    0.00 (Gate area) 
      Cumulative area ratio:   45.76
      Required ratio:    0.00 (Cumulative area) 
      Partial area ratio:   11.00
      Required ratio: 2881.16 (Side area) 
      Cumulative area ratio:  232.24
      Required ratio:    0.00 (Cumulative side area) 



Net: net2202
  Pin:   fanout2187/A (sky130_fd_sc_hd__clkdlybuf4s25_1)
    Layer: mcon
      Partial area ratio:    0.14
      Required ratio:    3.00 (Gate area) 
      Cumulative area ratio:    0.14
      Required ratio:    0.00 (Cumulative area) 

    Layer: met1
      Partial area ratio:    2.67
      Required ratio:    0.00 (Gate area) 
      Cumulative area ratio:    2.67
      Required ratio:    0.00 (Cumulative area) 
      Partial area ratio:   12.46
      Required ratio:  400.00 (Side area) 
      Cumulative area ratio:   12.46
      Required ratio:    0.00 (Cumulative side area) 

    Layer: via
      Partial area ratio:    0.21
      Required ratio:    6.00 (Gate area) 
      Cumulative area ratio:    0.35
      Required ratio:    0.00 (Cumulative area) 

    Layer: met2
      Partial area ratio:    5.58
      Required ratio:    0.00 (Gate area) 
      Cumulative area ratio:    8.24
      Required ratio:    0.00 (Cumulative area) 
      Partial area ratio:   27.03
      Required ratio:  400.00 (Side area) 
      Cumulative area ratio:   39.49
      Required ratio:    0.00 (Cumulative side area) 

    Layer: via2
      Partial area ratio:    0.19
      Required ratio:    6.00 (Gate area) 
      Cumulative area ratio:    0.53
      Required ratio:    0.00 (Cumulative area) 

    Layer: met3
      Partial area ratio:   91.11
      Required ratio:    0.00 (Gate area) 
      Cumulative area ratio:   99.35
      Required ratio:    0.00 (Cumulative area) 
      Partial area ratio:  487.37
      Required ratio:  400.00 (Side area) (VIOLATED)
      Cumulative area ratio:  526.87
      Required ratio:    0.00 (Cumulative side area) 

    Layer: via3
      Partial area ratio:    0.13
      Required ratio:    6.00 (Gate area) 
      Cumulative area ratio:    0.66
      Required ratio:    0.00 (Cumulative area) 

    Layer: met4
      Partial area ratio:   18.21
      Required ratio:    0.00 (Gate area) 
      Cumulative area ratio:  117.56
      Required ratio:    0.00 (Cumulative area) 
      Partial area ratio:   97.74
      Required ratio: 2881.16 (Side area) 
      Cumulative area ratio:  624.60
      Required ratio:    0.00 (Cumulative side area) 


  Pin:   fanout2189/A (sky130_fd_sc_hd__clkdlybuf4s25_1)
    Layer: mcon
      Partial area ratio:    0.14
      Required ratio:    3.00 (Gate area) 
      Cumulative area ratio:    0.14
      Required ratio:    0.00 (Cumulative area) 

    Layer: met1
      Partial area ratio:    3.29
      Required ratio:    0.00 (Gate area) 
      Cumulative area ratio:    3.29
      Required ratio:    0.00 (Cumulative area) 
      Partial area ratio:   15.60
      Required ratio:  400.00 (Side area) 
      Cumulative area ratio:   15.60
      Required ratio:    0.00 (Cumulative side area) 

    Layer: via
      Partial area ratio:    0.21
      Required ratio:    6.00 (Gate area) 
      Cumulative area ratio:    0.35
      Required ratio:    0.00 (Cumulative area) 

    Layer: met2
      Partial area ratio:    0.88
      Required ratio:    0.00 (Gate area) 
      Cumulative area ratio:    4.17
      Required ratio:    0.00 (Cumulative area) 
      Partial area ratio:    4.04
      Required ratio:  400.00 (Side area) 
      Cumulative area ratio:   19.65
      Required ratio:    0.00 (Cumulative side area) 

    Layer: via2
      Partial area ratio:    0.19
      Required ratio:    6.00 (Gate area) 
      Cumulative area ratio:    0.53
      Required ratio:    0.00 (Cumulative area) 

    Layer: met3
      Partial area ratio:   91.11
      Required ratio:    0.00 (Gate area) 
      Cumulative area ratio:   95.28
      Required ratio:    0.00 (Cumulative area) 
      Partial area ratio:  487.37
      Required ratio:  400.00 (Side area) (VIOLATED)
      Cumulative area ratio:  507.02
      Required ratio:    0.00 (Cumulative side area) 

    Layer: via3
      Partial area ratio:    0.13
      Required ratio:    6.00 (Gate area) 
      Cumulative area ratio:    0.66
      Required ratio:    0.00 (Cumulative area) 

    Layer: met4
      Partial area ratio:   18.21
      Required ratio:    0.00 (Gate area) 
      Cumulative area ratio:  113.49
      Required ratio:    0.00 (Cumulative area) 
      Partial area ratio:   97.74
      Required ratio: 2881.16 (Side area) 
      Cumulative area ratio:  604.76
      Required ratio:    0.00 (Cumulative side area) 


  Pin:   fanout2191/A (sky130_fd_sc_hd__clkdlybuf4s25_1)
    Layer: mcon
      Partial area ratio:    0.14
      Required ratio:    3.00 (Gate area) 
      Cumulative area ratio:    0.14
      Required ratio:    0.00 (Cumulative area) 

    Layer: met1
      Partial area ratio:   17.10
      Required ratio:    0.00 (Gate area) 
      Cumulative area ratio:   17.10
      Required ratio:    0.00 (Cumulative area) 
      Partial area ratio:   83.79
      Required ratio: 2881.16 (Side area) 
      Cumulative area ratio:   83.79
      Required ratio:    0.00 (Cumulative side area) 

    Layer: via
      Partial area ratio:    0.32
      Required ratio:   31.30 (Gate area) 
      Cumulative area ratio:    0.45
      Required ratio:    0.00 (Cumulative area) 

    Layer: met2
      Partial area ratio:    8.36
      Required ratio:    0.00 (Gate area) 
      Cumulative area ratio:   25.45
      Required ratio:    0.00 (Cumulative area) 
      Partial area ratio:   41.28
      Required ratio: 2881.16 (Side area) 
      Cumulative area ratio:  125.07
      Required ratio:    0.00 (Cumulative side area) 

    Layer: via2
      Partial area ratio:    0.06
      Required ratio:   31.30 (Gate area) 
      Cumulative area ratio:    0.52
      Required ratio:    0.00 (Cumulative area) 

    Layer: met3
      Partial area ratio:    0.20
      Required ratio:    0.00 (Gate area) 
      Cumulative area ratio:   25.65
      Required ratio:    0.00 (Cumulative area) 
      Partial area ratio:    1.78
      Required ratio: 2881.16 (Side area) 
      Cumulative area ratio:  126.85
      Required ratio:    0.00 (Cumulative side area) 

    Layer: via3
      Partial area ratio:    0.06
      Required ratio:   31.30 (Gate area) 
      Cumulative area ratio:    0.58
      Required ratio:    0.00 (Cumulative area) 

    Layer: met4
      Partial area ratio:   18.21
      Required ratio:    0.00 (Gate area) 
      Cumulative area ratio:   43.86
      Required ratio:    0.00 (Cumulative area) 
      Partial area ratio:   97.74
      Required ratio: 2881.16 (Side area) 
      Cumulative area ratio:  224.59
      Required ratio:    0.00 (Cumulative side area) 


  Pin:   fanout2193/A (sky130_fd_sc_hd__clkdlybuf4s25_1)
    Layer: mcon
      Partial area ratio:    0.14
      Required ratio:    3.00 (Gate area) 
      Cumulative area ratio:    0.14
      Required ratio:    0.00 (Cumulative area) 

    Layer: met1
      Partial area ratio:    3.36
      Required ratio:    0.00 (Gate area) 
      Cumulative area ratio:    3.36
      Required ratio:    0.00 (Cumulative area) 
      Partial area ratio:   15.91
      Required ratio:  400.00 (Side area) 
      Cumulative area ratio:   15.91
      Required ratio:    0.00 (Cumulative side area) 

    Layer: via
      Partial area ratio:    0.21
      Required ratio:    6.00 (Gate area) 
      Cumulative area ratio:    0.35
      Required ratio:    0.00 (Cumulative area) 

    Layer: met2
      Partial area ratio:    8.36
      Required ratio:    0.00 (Gate area) 
      Cumulative area ratio:   11.71
      Required ratio:    0.00 (Cumulative area) 
      Partial area ratio:   41.28
      Required ratio: 2881.16 (Side area) 
      Cumulative area ratio:   57.20
      Required ratio:    0.00 (Cumulative side area) 

    Layer: via2
      Partial area ratio:    0.06
      Required ratio:   31.30 (Gate area) 
      Cumulative area ratio:    0.41
      Required ratio:    0.00 (Cumulative area) 

    Layer: met3
      Partial area ratio:    0.20
      Required ratio:    0.00 (Gate area) 
      Cumulative area ratio:   11.91
      Required ratio:    0.00 (Cumulative area) 
      Partial area ratio:    1.78
      Required ratio: 2881.16 (Side area) 
      Cumulative area ratio:   58.97
      Required ratio:    0.00 (Cumulative side area) 

    Layer: via3
      Partial area ratio:    0.06
      Required ratio:   31.30 (Gate area) 
      Cumulative area ratio:    0.47
      Required ratio:    0.00 (Cumulative area) 

    Layer: met4
      Partial area ratio:   18.21
      Required ratio:    0.00 (Gate area) 
      Cumulative area ratio:   30.12
      Required ratio:    0.00 (Cumulative area) 
      Partial area ratio:   97.74
      Required ratio: 2881.16 (Side area) 
      Cumulative area ratio:  156.71
      Required ratio:    0.00 (Cumulative side area) 


  Pin:   fanout2196/A (sky130_fd_sc_hd__clkdlybuf4s25_1)
    Layer: mcon
      Partial area ratio:    0.14
      Required ratio:    3.00 (Gate area) 
      Cumulative area ratio:    0.14
      Required ratio:    0.00 (Cumulative area) 

    Layer: met1
      Partial area ratio:    3.06
      Required ratio:    0.00 (Gate area) 
      Cumulative area ratio:    3.06
      Required ratio:    0.00 (Cumulative area) 
      Partial area ratio:   14.45
      Required ratio:  400.00 (Side area) 
      Cumulative area ratio:   14.45
      Required ratio:    0.00 (Cumulative side area) 

    Layer: via
      Partial area ratio:    0.21
      Required ratio:    6.00 (Gate area) 
      Cumulative area ratio:    0.35
      Required ratio:    0.00 (Cumulative area) 

    Layer: met2
      Partial area ratio:    5.66
      Required ratio:    0.00 (Gate area) 
      Cumulative area ratio:    8.72
      Required ratio:    0.00 (Cumulative area) 
      Partial area ratio:   27.18
      Required ratio:  400.00 (Side area) 
      Cumulative area ratio:   41.63
      Required ratio:    0.00 (Cumulative side area) 

    Layer: via2
      Partial area ratio:    0.38
      Required ratio:    6.00 (Gate area) 
      Cumulative area ratio:    0.72
      Required ratio:    0.00 (Cumulative area) 

    Layer: met3
      Partial area ratio:   91.11
      Required ratio:    0.00 (Gate area) 
      Cumulative area ratio:   99.83
      Required ratio:    0.00 (Cumulative area) 
      Partial area ratio:  487.37
      Required ratio:  400.00 (Side area) (VIOLATED)
      Cumulative area ratio:  529.01
      Required ratio:    0.00 (Cumulative side area) 

    Layer: via3
      Partial area ratio:    0.13
      Required ratio:    6.00 (Gate area) 
      Cumulative area ratio:    0.85
      Required ratio:    0.00 (Cumulative area) 

    Layer: met4
      Partial area ratio:   18.21
      Required ratio:    0.00 (Gate area) 
      Cumulative area ratio:  118.04
      Required ratio:    0.00 (Cumulative area) 
      Partial area ratio:   97.74
      Required ratio: 2881.16 (Side area) 
      Cumulative area ratio:  626.74
      Required ratio:    0.00 (Cumulative side area) 


  Pin:   fanout2198/A (sky130_fd_sc_hd__clkdlybuf4s25_1)
    Layer: mcon
      Partial area ratio:    0.14
      Required ratio:    3.00 (Gate area) 
      Cumulative area ratio:    0.14
      Required ratio:    0.00 (Cumulative area) 

    Layer: met1
      Partial area ratio:   74.98
      Required ratio:    0.00 (Gate area) 
      Cumulative area ratio:   74.98
      Required ratio:    0.00 (Cumulative area) 
      Partial area ratio:  374.03
      Required ratio:  400.00 (Side area) 
      Cumulative area ratio:  374.03
      Required ratio:    0.00 (Cumulative side area) 

    Layer: via
      Partial area ratio:    0.21
      Required ratio:    6.00 (Gate area) 
      Cumulative area ratio:    0.35
      Required ratio:    0.00 (Cumulative area) 

    Layer: met2
      Partial area ratio:    8.36
      Required ratio:    0.00 (Gate area) 
      Cumulative area ratio:   83.34
      Required ratio:    0.00 (Cumulative area) 
      Partial area ratio:   41.28
      Required ratio: 2881.16 (Side area) 
      Cumulative area ratio:  415.31
      Required ratio:    0.00 (Cumulative side area) 

    Layer: via2
      Partial area ratio:    0.06
      Required ratio:   31.30 (Gate area) 
      Cumulative area ratio:    0.41
      Required ratio:    0.00 (Cumulative area) 

    Layer: met3
      Partial area ratio:    0.20
      Required ratio:    0.00 (Gate area) 
      Cumulative area ratio:   83.53
      Required ratio:    0.00 (Cumulative area) 
      Partial area ratio:    1.78
      Required ratio: 2881.16 (Side area) 
      Cumulative area ratio:  417.09
      Required ratio:    0.00 (Cumulative side area) 

    Layer: via3
      Partial area ratio:    0.06
      Required ratio:   31.30 (Gate area) 
      Cumulative area ratio:    0.47
      Required ratio:    0.00 (Cumulative area) 

    Layer: met4
      Partial area ratio:   18.21
      Required ratio:    0.00 (Gate area) 
      Cumulative area ratio:  101.74
      Required ratio:    0.00 (Cumulative area) 
      Partial area ratio:   97.74
      Required ratio: 2881.16 (Side area) 
      Cumulative area ratio:  514.83
      Required ratio:    0.00 (Cumulative side area) 


  Pin:   fanout2200/A (sky130_fd_sc_hd__clkdlybuf4s25_1)
    Layer: mcon
      Partial area ratio:    0.14
      Required ratio:    3.00 (Gate area) 
      Cumulative area ratio:    0.14
      Required ratio:    0.00 (Cumulative area) 

    Layer: met1
      Partial area ratio:    2.46
      Required ratio:    0.00 (Gate area) 
      Cumulative area ratio:    2.46
      Required ratio:    0.00 (Cumulative area) 
      Partial area ratio:   11.41
      Required ratio:  400.00 (Side area) 
      Cumulative area ratio:   11.41
      Required ratio:    0.00 (Cumulative side area) 

    Layer: via
      Partial area ratio:    0.21
      Required ratio:    6.00 (Gate area) 
      Cumulative area ratio:    0.35
      Required ratio:    0.00 (Cumulative area) 

    Layer: met2
      Partial area ratio:    0.88
      Required ratio:    0.00 (Gate area) 
      Cumulative area ratio:    3.33
      Required ratio:    0.00 (Cumulative area) 
      Partial area ratio:    4.04
      Required ratio:  400.00 (Side area) 
      Cumulative area ratio:   15.45
      Required ratio:    0.00 (Cumulative side area) 

    Layer: via2
      Partial area ratio:    0.19
      Required ratio:    6.00 (Gate area) 
      Cumulative area ratio:    0.53
      Required ratio:    0.00 (Cumulative area) 

    Layer: met3
      Partial area ratio:   29.74
      Required ratio:    0.00 (Gate area) 
      Cumulative area ratio:   33.07
      Required ratio:    0.00 (Cumulative area) 
      Partial area ratio:  160.79
      Required ratio:  400.00 (Side area) 
      Cumulative area ratio:  176.24
      Required ratio:    0.00 (Cumulative side area) 

    Layer: via3
      Partial area ratio:    0.19
      Required ratio:    6.00 (Gate area) 
      Cumulative area ratio:    0.72
      Required ratio:    0.00 (Cumulative area) 

    Layer: met4
      Partial area ratio:   18.21
      Required ratio:    0.00 (Gate area) 
      Cumulative area ratio:   51.28
      Required ratio:    0.00 (Cumulative area) 
      Partial area ratio:   97.74
      Required ratio: 2881.16 (Side area) 
      Cumulative area ratio:  273.98
      Required ratio:    0.00 (Cumulative side area) 



Net: net2304
  Pin:   _11941_/B1 (sky130_fd_sc_hd__a31o_2)
    Layer: mcon
      Partial area ratio:    0.12
      Required ratio:    3.00 (Gate area) 
      Cumulative area ratio:    0.12
      Required ratio:    0.00 (Cumulative area) 

    Layer: met1
      Partial area ratio:   19.18
      Required ratio:    0.00 (Gate area) 
      Cumulative area ratio:   19.18
      Required ratio:    0.00 (Cumulative area) 
      Partial area ratio:   95.17
      Required ratio:  400.00 (Side area) 
      Cumulative area ratio:   95.17
      Required ratio:    0.00 (Cumulative side area) 

    Layer: via
      Partial area ratio:    0.18
      Required ratio:    6.00 (Gate area) 
      Cumulative area ratio:    0.30
      Required ratio:    0.00 (Cumulative area) 

    Layer: met2
      Partial area ratio:    0.75
      Required ratio:    0.00 (Gate area) 
      Cumulative area ratio:   19.94
      Required ratio:    0.00 (Cumulative area) 
      Partial area ratio:    3.48
      Required ratio:  400.00 (Side area) 
      Cumulative area ratio:   98.64
      Required ratio:    0.00 (Cumulative side area) 

    Layer: via2
      Partial area ratio:    0.16
      Required ratio:    6.00 (Gate area) 
      Cumulative area ratio:    0.46
      Required ratio:    0.00 (Cumulative area) 

    Layer: met3
      Partial area ratio:    0.50
      Required ratio:    0.00 (Gate area) 
      Cumulative area ratio:   20.44
      Required ratio:    0.00 (Cumulative area) 
      Partial area ratio:    4.59
      Required ratio:  400.00 (Side area) 
      Cumulative area ratio:  103.23
      Required ratio:    0.00 (Cumulative side area) 

    Layer: via3
      Partial area ratio:    0.16
      Required ratio:    6.00 (Gate area) 
      Cumulative area ratio:    0.62
      Required ratio:    0.00 (Cumulative area) 

    Layer: met4
      Partial area ratio:  112.74
      Required ratio:    0.00 (Gate area) 
      Cumulative area ratio:  133.18
      Required ratio:    0.00 (Cumulative area) 
      Partial area ratio:  602.01
      Required ratio: 3134.60 (Side area) 
      Cumulative area ratio:  705.25
      Required ratio:    0.00 (Cumulative side area) 


  Pin:   _12168_/A (sky130_fd_sc_hd__or4_2)
    Layer: mcon
      Partial area ratio:    0.23
      Required ratio:    3.00 (Gate area) 
      Cumulative area ratio:    0.23
      Required ratio:    0.00 (Cumulative area) 

    Layer: met1
      Partial area ratio:    4.96
      Required ratio:    0.00 (Gate area) 
      Cumulative area ratio:    4.96
      Required ratio:    0.00 (Cumulative area) 
      Partial area ratio:   23.35
      Required ratio:  400.00 (Side area) 
      Cumulative area ratio:   23.35
      Required ratio:    0.00 (Cumulative side area) 

    Layer: via
      Partial area ratio:    0.36
      Required ratio:    6.00 (Gate area) 
      Cumulative area ratio:    0.59
      Required ratio:    0.00 (Cumulative area) 

    Layer: met2
      Partial area ratio:    1.48
      Required ratio:    0.00 (Gate area) 
      Cumulative area ratio:    6.45
      Required ratio:    0.00 (Cumulative area) 
      Partial area ratio:    6.83
      Required ratio:  400.00 (Side area) 
      Cumulative area ratio:   30.18
      Required ratio:    0.00 (Cumulative side area) 

    Layer: via2
      Partial area ratio:    0.32
      Required ratio:    6.00 (Gate area) 
      Cumulative area ratio:    0.90
      Required ratio:    0.00 (Cumulative area) 

    Layer: met3
      Partial area ratio:  395.30
      Required ratio:    0.00 (Gate area) 
      Cumulative area ratio:  401.74
      Required ratio:    0.00 (Cumulative area) 
      Partial area ratio: 2111.94
      Required ratio: 3134.60 (Side area) 
      Cumulative area ratio: 2142.12
      Required ratio:    0.00 (Cumulative side area) 

    Layer: via3
      Partial area ratio:    0.32
      Required ratio:   54.11 (Gate area) 
      Cumulative area ratio:    1.22
      Required ratio:    0.00 (Cumulative area) 

    Layer: met4
      Partial area ratio:  112.74
      Required ratio:    0.00 (Gate area) 
      Cumulative area ratio:  514.48
      Required ratio:    0.00 (Cumulative area) 
      Partial area ratio:  602.01
      Required ratio: 3134.60 (Side area) 
      Cumulative area ratio: 2744.13
      Required ratio:    0.00 (Cumulative side area) 


  Pin:   _12318_/A (sky130_fd_sc_hd__and3_2)
    Layer: mcon
      Partial area ratio:    0.23
      Required ratio:    3.00 (Gate area) 
      Cumulative area ratio:    0.23
      Required ratio:    0.00 (Cumulative area) 

    Layer: met1
      Partial area ratio:    3.02
      Required ratio:    0.00 (Gate area) 
      Cumulative area ratio:    3.02
      Required ratio:    0.00 (Cumulative area) 
      Partial area ratio:   13.63
      Required ratio:  400.00 (Side area) 
      Cumulative area ratio:   13.63
      Required ratio:    0.00 (Cumulative side area) 

    Layer: via
      Partial area ratio:    0.36
      Required ratio:    6.00 (Gate area) 
      Cumulative area ratio:    0.59
      Required ratio:    0.00 (Cumulative area) 

    Layer: met2
      Partial area ratio:    1.48
      Required ratio:    0.00 (Gate area) 
      Cumulative area ratio:    4.50
      Required ratio:    0.00 (Cumulative area) 
      Partial area ratio:    6.83
      Required ratio:  400.00 (Side area) 
      Cumulative area ratio:   20.46
      Required ratio:    0.00 (Cumulative side area) 

    Layer: via2
      Partial area ratio:    0.32
      Required ratio:    6.00 (Gate area) 
      Cumulative area ratio:    0.90
      Required ratio:    0.00 (Cumulative area) 

    Layer: met3
      Partial area ratio:    0.99
      Required ratio:    0.00 (Gate area) 
      Cumulative area ratio:    5.49
      Required ratio:    0.00 (Cumulative area) 
      Partial area ratio:    9.02
      Required ratio:  400.00 (Side area) 
      Cumulative area ratio:   29.48
      Required ratio:    0.00 (Cumulative side area) 

    Layer: via3
      Partial area ratio:    0.32
      Required ratio:    6.00 (Gate area) 
      Cumulative area ratio:    1.22
      Required ratio:    0.00 (Cumulative area) 

    Layer: met4
      Partial area ratio:  112.74
      Required ratio:    0.00 (Gate area) 
      Cumulative area ratio:  118.23
      Required ratio:    0.00 (Cumulative area) 
      Partial area ratio:  602.01
      Required ratio: 3134.60 (Side area) 
      Cumulative area ratio:  631.49
      Required ratio:    0.00 (Cumulative side area) 


  Pin:   _12376_/A (sky130_fd_sc_hd__and3_2)
    Layer: mcon
      Partial area ratio:    0.23
      Required ratio:    3.00 (Gate area) 
      Cumulative area ratio:    0.23
      Required ratio:    0.00 (Cumulative area) 

    Layer: met1
      Partial area ratio:    4.09
      Required ratio:    0.00 (Gate area) 
      Cumulative area ratio:    4.09
      Required ratio:    0.00 (Cumulative area) 
      Partial area ratio:   18.98
      Required ratio:  400.00 (Side area) 
      Cumulative area ratio:   18.98
      Required ratio:    0.00 (Cumulative side area) 

    Layer: via
      Partial area ratio:    0.36
      Required ratio:    6.00 (Gate area) 
      Cumulative area ratio:    0.59
      Required ratio:    0.00 (Cumulative area) 

    Layer: met2
      Partial area ratio:    1.48
      Required ratio:    0.00 (Gate area) 
      Cumulative area ratio:    5.57
      Required ratio:    0.00 (Cumulative area) 
      Partial area ratio:    6.83
      Required ratio:  400.00 (Side area) 
      Cumulative area ratio:   25.82
      Required ratio:    0.00 (Cumulative side area) 

    Layer: via2
      Partial area ratio:    0.32
      Required ratio:    6.00 (Gate area) 
      Cumulative area ratio:    0.90
      Required ratio:    0.00 (Cumulative area) 

    Layer: met3
      Partial area ratio:   83.13
      Required ratio:    0.00 (Gate area) 
      Cumulative area ratio:   88.70
      Required ratio:    0.00 (Cumulative area) 
      Partial area ratio:  447.05
      Required ratio:  400.00 (Side area) (VIOLATED)
      Cumulative area ratio:  472.86
      Required ratio:    0.00 (Cumulative side area) 

    Layer: via3
      Partial area ratio:    0.32
      Required ratio:    6.00 (Gate area) 
      Cumulative area ratio:    1.22
      Required ratio:    0.00 (Cumulative area) 

    Layer: met4
      Partial area ratio:  112.74
      Required ratio:    0.00 (Gate area) 
      Cumulative area ratio:  201.44
      Required ratio:    0.00 (Cumulative area) 
      Partial area ratio:  602.01
      Required ratio: 3134.60 (Side area) 
      Cumulative area ratio: 1074.88
      Required ratio:    0.00 (Cumulative side area) 



Net: net2338
  Pin:   _12058_/A (sky130_fd_sc_hd__or2_2)
    Layer: mcon
      Partial area ratio:    0.23
      Required ratio:    3.00 (Gate area) 
      Cumulative area ratio:    0.23
      Required ratio:    0.00 (Cumulative area) 

    Layer: met1
      Partial area ratio:    5.51
      Required ratio:    0.00 (Gate area) 
      Cumulative area ratio:    5.51
      Required ratio:    0.00 (Cumulative area) 
      Partial area ratio:   26.06
      Required ratio:  400.00 (Side area) 
      Cumulative area ratio:   26.06
      Required ratio:    0.00 (Cumulative side area) 

    Layer: via
      Partial area ratio:    0.36
      Required ratio:    6.00 (Gate area) 
      Cumulative area ratio:    0.59
      Required ratio:    0.00 (Cumulative area) 

    Layer: met2
      Partial area ratio:   27.29
      Required ratio:    0.00 (Gate area) 
      Cumulative area ratio:   32.80
      Required ratio:    0.00 (Cumulative area) 
      Partial area ratio:  135.48
      Required ratio: 2918.08 (Side area) 
      Cumulative area ratio:  161.54
      Required ratio:    0.00 (Cumulative side area) 


  Pin:   _12065_/A (sky130_fd_sc_hd__or2_2)
    Layer: mcon
      Partial area ratio:    0.23
      Required ratio:    3.00 (Gate area) 
      Cumulative area ratio:    0.23
      Required ratio:    0.00 (Cumulative area) 

    Layer: met1
      Partial area ratio:    6.23
      Required ratio:    0.00 (Gate area) 
      Cumulative area ratio:    6.23
      Required ratio:    0.00 (Cumulative area) 
      Partial area ratio:   29.67
      Required ratio:  400.00 (Side area) 
      Cumulative area ratio:   29.67
      Required ratio:    0.00 (Cumulative side area) 

    Layer: via
      Partial area ratio:    0.36
      Required ratio:    6.00 (Gate area) 
      Cumulative area ratio:    0.59
      Required ratio:    0.00 (Cumulative area) 

    Layer: met2
      Partial area ratio:   27.29
      Required ratio:    0.00 (Gate area) 
      Cumulative area ratio:   33.52
      Required ratio:    0.00 (Cumulative area) 
      Partial area ratio:  135.48
      Required ratio: 2918.08 (Side area) 
      Cumulative area ratio:  165.15
      Required ratio:    0.00 (Cumulative side area) 


  Pin:   _12153_/A1 (sky130_fd_sc_hd__o211a_2)
    Layer: mcon
      Partial area ratio:    0.12
      Required ratio:    3.00 (Gate area) 
      Cumulative area ratio:    0.12
      Required ratio:    0.00 (Cumulative area) 

    Layer: met1
      Partial area ratio:    3.20
      Required ratio:    0.00 (Gate area) 
      Cumulative area ratio:    3.20
      Required ratio:    0.00 (Cumulative area) 
      Partial area ratio:   15.25
      Required ratio:  400.00 (Side area) 
      Cumulative area ratio:   15.25
      Required ratio:    0.00 (Cumulative side area) 

    Layer: via
      Partial area ratio:    0.18
      Required ratio:    6.00 (Gate area) 
      Cumulative area ratio:    0.30
      Required ratio:    0.00 (Cumulative area) 

    Layer: met2
      Partial area ratio:   27.29
      Required ratio:    0.00 (Gate area) 
      Cumulative area ratio:   30.49
      Required ratio:    0.00 (Cumulative area) 
      Partial area ratio:  135.48
      Required ratio: 2918.08 (Side area) 
      Cumulative area ratio:  150.73
      Required ratio:    0.00 (Cumulative side area) 


  Pin:   _12161_/A (sky130_fd_sc_hd__or2_2)
    Layer: mcon
      Partial area ratio:    0.23
      Required ratio:    3.00 (Gate area) 
      Cumulative area ratio:    0.23
      Required ratio:    0.00 (Cumulative area) 

    Layer: met1
      Partial area ratio:  119.77
      Required ratio:    0.00 (Gate area) 
      Cumulative area ratio:  119.77
      Required ratio:    0.00 (Cumulative area) 
      Partial area ratio:  596.50
      Required ratio:  400.00 (Side area) (VIOLATED)
      Cumulative area ratio:  596.50
      Required ratio:    0.00 (Cumulative side area) 

    Layer: via
      Partial area ratio:    0.54
      Required ratio:    6.00 (Gate area) 
      Cumulative area ratio:    0.77
      Required ratio:    0.00 (Cumulative area) 

    Layer: met2
      Partial area ratio:   27.29
      Required ratio:    0.00 (Gate area) 
      Cumulative area ratio:  147.06
      Required ratio:    0.00 (Cumulative area) 
      Partial area ratio:  135.48
      Required ratio: 2918.08 (Side area) 
      Cumulative area ratio:  731.98
      Required ratio:    0.00 (Cumulative side area) 


  Pin:   _12359_/A (sky130_fd_sc_hd__or2_2)
    Layer: mcon
      Partial area ratio:    0.23
      Required ratio:    3.00 (Gate area) 
      Cumulative area ratio:    0.23
      Required ratio:    0.00 (Cumulative area) 

    Layer: met1
      Partial area ratio:    7.96
      Required ratio:    0.00 (Gate area) 
      Cumulative area ratio:    7.96
      Required ratio:    0.00 (Cumulative area) 
      Partial area ratio:   38.33
      Required ratio:  400.00 (Side area) 
      Cumulative area ratio:   38.33
      Required ratio:    0.00 (Cumulative side area) 

    Layer: via
      Partial area ratio:    0.36
      Required ratio:    6.00 (Gate area) 
      Cumulative area ratio:    0.59
      Required ratio:    0.00 (Cumulative area) 

    Layer: met2
      Partial area ratio:   27.29
      Required ratio:    0.00 (Gate area) 
      Cumulative area ratio:   35.25
      Required ratio:    0.00 (Cumulative area) 
      Partial area ratio:  135.48
      Required ratio: 2918.08 (Side area) 
      Cumulative area ratio:  173.81
      Required ratio:    0.00 (Cumulative side area) 


  Pin:   _12397_/A (sky130_fd_sc_hd__or2_2)
    Layer: mcon
      Partial area ratio:    0.23
      Required ratio:    3.00 (Gate area) 
      Cumulative area ratio:    0.23
      Required ratio:    0.00 (Cumulative area) 

    Layer: met1
      Partial area ratio:   26.88
      Required ratio:    0.00 (Gate area) 
      Cumulative area ratio:   26.88
      Required ratio:    0.00 (Cumulative area) 
      Partial area ratio:  132.06
      Required ratio:  400.00 (Side area) 
      Cumulative area ratio:  132.06
      Required ratio:    0.00 (Cumulative side area) 

    Layer: via
      Partial area ratio:    0.54
      Required ratio:    6.00 (Gate area) 
      Cumulative area ratio:    0.77
      Required ratio:    0.00 (Cumulative area) 

    Layer: met2
      Partial area ratio:   27.29
      Required ratio:    0.00 (Gate area) 
      Cumulative area ratio:   54.17
      Required ratio:    0.00 (Cumulative area) 
      Partial area ratio:  135.48
      Required ratio: 2918.08 (Side area) 
      Cumulative area ratio:  267.54
      Required ratio:    0.00 (Cumulative side area) 


  Pin:   _12405_/A (sky130_fd_sc_hd__or2_2)
    Layer: mcon
      Partial area ratio:    0.23
      Required ratio:    3.00 (Gate area) 
      Cumulative area ratio:    0.23
      Required ratio:    0.00 (Cumulative area) 

    Layer: met1
      Partial area ratio:   20.49
      Required ratio:    0.00 (Gate area) 
      Cumulative area ratio:   20.49
      Required ratio:    0.00 (Cumulative area) 
      Partial area ratio:  101.00
      Required ratio:  400.00 (Side area) 
      Cumulative area ratio:  101.00
      Required ratio:    0.00 (Cumulative side area) 

    Layer: via
      Partial area ratio:    0.36
      Required ratio:    6.00 (Gate area) 
      Cumulative area ratio:    0.59
      Required ratio:    0.00 (Cumulative area) 

    Layer: met2
      Partial area ratio:   27.29
      Required ratio:    0.00 (Gate area) 
      Cumulative area ratio:   47.79
      Required ratio:    0.00 (Cumulative area) 
      Partial area ratio:  135.48
      Required ratio: 2918.08 (Side area) 
      Cumulative area ratio:  236.48
      Required ratio:    0.00 (Cumulative side area) 



Net: net2342
  Pin:   _11875_/A (sky130_fd_sc_hd__or2_2)
    Layer: mcon
      Partial area ratio:    0.23
      Required ratio:    3.00 (Gate area) 
      Cumulative area ratio:    0.23
      Required ratio:    0.00 (Cumulative area) 

    Layer: met1
      Partial area ratio:   19.44
      Required ratio:    0.00 (Gate area) 
      Cumulative area ratio:   19.44
      Required ratio:    0.00 (Cumulative area) 
      Partial area ratio:   95.72
      Required ratio:  400.00 (Side area) 
      Cumulative area ratio:   95.72
      Required ratio:    0.00 (Cumulative side area) 

    Layer: via
      Partial area ratio:    0.36
      Required ratio:    6.00 (Gate area) 
      Cumulative area ratio:    0.59
      Required ratio:    0.00 (Cumulative area) 

    Layer: met2
      Partial area ratio:   18.50
      Required ratio:    0.00 (Gate area) 
      Cumulative area ratio:   37.94
      Required ratio:    0.00 (Cumulative area) 
      Partial area ratio:   91.66
      Required ratio:  400.00 (Side area) 
      Cumulative area ratio:  187.38
      Required ratio:    0.00 (Cumulative side area) 

    Layer: via2
      Partial area ratio:    0.08
      Required ratio:    6.00 (Gate area) 
      Cumulative area ratio:    0.67
      Required ratio:    0.00 (Cumulative area) 

    Layer: met3
      Partial area ratio:   14.37
      Required ratio:    0.00 (Gate area) 
      Cumulative area ratio:   52.31
      Required ratio:    0.00 (Cumulative area) 
      Partial area ratio:   77.18
      Required ratio: 2956.40 (Side area) 
      Cumulative area ratio:  264.56
      Required ratio:    0.00 (Cumulative side area) 

    Layer: via3
      Partial area ratio:    0.05
      Required ratio:   38.08 (Gate area) 
      Cumulative area ratio:    0.71
      Required ratio:    0.00 (Cumulative area) 

    Layer: met4
      Partial area ratio:    4.26
      Required ratio:    0.00 (Gate area) 
      Cumulative area ratio:   56.58
      Required ratio:    0.00 (Cumulative area) 
      Partial area ratio:   23.21
      Required ratio: 2956.40 (Side area) 
      Cumulative area ratio:  287.77
      Required ratio:    0.00 (Cumulative side area) 


  Pin:   _11964_/A (sky130_fd_sc_hd__or2_2)
    Layer: mcon
      Partial area ratio:    0.23
      Required ratio:    3.00 (Gate area) 
      Cumulative area ratio:    0.23
      Required ratio:    0.00 (Cumulative area) 

    Layer: met1
      Partial area ratio:    2.23
      Required ratio:    0.00 (Gate area) 
      Cumulative area ratio:    2.23
      Required ratio:    0.00 (Cumulative area) 
      Partial area ratio:   10.17
      Required ratio:  400.00 (Side area) 
      Cumulative area ratio:   10.17
      Required ratio:    0.00 (Cumulative side area) 

    Layer: via
      Partial area ratio:    0.27
      Required ratio:    6.00 (Gate area) 
      Cumulative area ratio:    0.50
      Required ratio:    0.00 (Cumulative area) 

    Layer: met2
      Partial area ratio:    1.00
      Required ratio:    0.00 (Gate area) 
      Cumulative area ratio:    3.23
      Required ratio:    0.00 (Cumulative area) 
      Partial area ratio:    4.00
      Required ratio:  400.00 (Side area) 
      Cumulative area ratio:   14.17
      Required ratio:    0.00 (Cumulative side area) 

    Layer: via2
      Partial area ratio:    0.32
      Required ratio:    6.00 (Gate area) 
      Cumulative area ratio:    0.82
      Required ratio:    0.00 (Cumulative area) 

    Layer: met3
      Partial area ratio:    0.99
      Required ratio:    0.00 (Gate area) 
      Cumulative area ratio:    4.22
      Required ratio:    0.00 (Cumulative area) 
      Partial area ratio:    9.02
      Required ratio:  400.00 (Side area) 
      Cumulative area ratio:   23.18
      Required ratio:    0.00 (Cumulative side area) 

    Layer: via3
      Partial area ratio:    0.32
      Required ratio:    6.00 (Gate area) 
      Cumulative area ratio:    1.14
      Required ratio:    0.00 (Cumulative area) 

    Layer: met4
      Partial area ratio:    4.26
      Required ratio:    0.00 (Gate area) 
      Cumulative area ratio:    8.49
      Required ratio:    0.00 (Cumulative area) 
      Partial area ratio:   23.21
      Required ratio: 2956.40 (Side area) 
      Cumulative area ratio:   46.39
      Required ratio:    0.00 (Cumulative side area) 


  Pin:   _11976_/A1 (sky130_fd_sc_hd__o211a_2)
    Layer: mcon
      Partial area ratio:    0.12
      Required ratio:    3.00 (Gate area) 
      Cumulative area ratio:    0.12
      Required ratio:    0.00 (Cumulative area) 

    Layer: met1
      Partial area ratio:    1.74
      Required ratio:    0.00 (Gate area) 
      Cumulative area ratio:    1.74
      Required ratio:    0.00 (Cumulative area) 
      Partial area ratio:    7.95
      Required ratio:  400.00 (Side area) 
      Cumulative area ratio:    7.95
      Required ratio:    0.00 (Cumulative side area) 

    Layer: via
      Partial area ratio:    0.18
      Required ratio:    6.00 (Gate area) 
      Cumulative area ratio:    0.30
      Required ratio:    0.00 (Cumulative area) 

    Layer: met2
      Partial area ratio:   18.50
      Required ratio:    0.00 (Gate area) 
      Cumulative area ratio:   20.24
      Required ratio:    0.00 (Cumulative area) 
      Partial area ratio:   91.66
      Required ratio:  400.00 (Side area) 
      Cumulative area ratio:   99.61
      Required ratio:    0.00 (Cumulative side area) 

    Layer: via2
      Partial area ratio:    0.08
      Required ratio:    6.00 (Gate area) 
      Cumulative area ratio:    0.38
      Required ratio:    0.00 (Cumulative area) 

    Layer: met3
      Partial area ratio:   14.37
      Required ratio:    0.00 (Gate area) 
      Cumulative area ratio:   34.61
      Required ratio:    0.00 (Cumulative area) 
      Partial area ratio:   77.18
      Required ratio: 2956.40 (Side area) 
      Cumulative area ratio:  176.79
      Required ratio:    0.00 (Cumulative side area) 

    Layer: via3
      Partial area ratio:    0.05
      Required ratio:   38.08 (Gate area) 
      Cumulative area ratio:    0.42
      Required ratio:    0.00 (Cumulative area) 

    Layer: met4
      Partial area ratio:    4.26
      Required ratio:    0.00 (Gate area) 
      Cumulative area ratio:   38.88
      Required ratio:    0.00 (Cumulative area) 
      Partial area ratio:   23.21
      Required ratio: 2956.40 (Side area) 
      Cumulative area ratio:  200.00
      Required ratio:    0.00 (Cumulative side area) 


  Pin:   _11985_/A1 (sky130_fd_sc_hd__o211a_2)
    Layer: mcon
      Partial area ratio:    0.12
      Required ratio:    3.00 (Gate area) 
      Cumulative area ratio:    0.12
      Required ratio:    0.00 (Cumulative area) 

    Layer: met1
      Partial area ratio:    2.21
      Required ratio:    0.00 (Gate area) 
      Cumulative area ratio:    2.21
      Required ratio:    0.00 (Cumulative area) 
      Partial area ratio:   10.30
      Required ratio:  400.00 (Side area) 
      Cumulative area ratio:   10.30
      Required ratio:    0.00 (Cumulative side area) 

    Layer: via
      Partial area ratio:    0.18
      Required ratio:    6.00 (Gate area) 
      Cumulative area ratio:    0.30
      Required ratio:    0.00 (Cumulative area) 

    Layer: met2
      Partial area ratio:    6.55
      Required ratio:    0.00 (Gate area) 
      Cumulative area ratio:    8.76
      Required ratio:    0.00 (Cumulative area) 
      Partial area ratio:   31.88
      Required ratio: 2956.40 (Side area) 
      Cumulative area ratio:   42.18
      Required ratio:    0.00 (Cumulative side area) 

    Layer: via2
      Partial area ratio:    0.11
      Required ratio:   38.08 (Gate area) 
      Cumulative area ratio:    0.41
      Required ratio:    0.00 (Cumulative area) 

    Layer: met3
      Partial area ratio:   14.37
      Required ratio:    0.00 (Gate area) 
      Cumulative area ratio:   23.13
      Required ratio:    0.00 (Cumulative area) 
      Partial area ratio:   77.18
      Required ratio: 2956.40 (Side area) 
      Cumulative area ratio:  119.36
      Required ratio:    0.00 (Cumulative side area) 

    Layer: via3
      Partial area ratio:    0.05
      Required ratio:   38.08 (Gate area) 
      Cumulative area ratio:    0.45
      Required ratio:    0.00 (Cumulative area) 

    Layer: met4
      Partial area ratio:    4.26
      Required ratio:    0.00 (Gate area) 
      Cumulative area ratio:   27.39
      Required ratio:    0.00 (Cumulative area) 
      Partial area ratio:   23.21
      Required ratio: 2956.40 (Side area) 
      Cumulative area ratio:  142.57
      Required ratio:    0.00 (Cumulative side area) 


  Pin:   _11991_/A (sky130_fd_sc_hd__or2_2)
    Layer: mcon
      Partial area ratio:    0.23
      Required ratio:    3.00 (Gate area) 
      Cumulative area ratio:    0.23
      Required ratio:    0.00 (Cumulative area) 

    Layer: met1
      Partial area ratio:   87.49
      Required ratio:    0.00 (Gate area) 
      Cumulative area ratio:   87.49
      Required ratio:    0.00 (Cumulative area) 
      Partial area ratio:  435.11
      Required ratio:  400.00 (Side area) (VIOLATED)
      Cumulative area ratio:  435.11
      Required ratio:    0.00 (Cumulative side area) 

    Layer: via
      Partial area ratio:    0.54
      Required ratio:    6.00 (Gate area) 
      Cumulative area ratio:    0.77
      Required ratio:    0.00 (Cumulative area) 

    Layer: met2
      Partial area ratio:    6.55
      Required ratio:    0.00 (Gate area) 
      Cumulative area ratio:   94.03
      Required ratio:    0.00 (Cumulative area) 
      Partial area ratio:   31.88
      Required ratio: 2956.40 (Side area) 
      Cumulative area ratio:  466.99
      Required ratio:    0.00 (Cumulative side area) 

    Layer: via2
      Partial area ratio:    0.11
      Required ratio:   38.08 (Gate area) 
      Cumulative area ratio:    0.87
      Required ratio:    0.00 (Cumulative area) 

    Layer: met3
      Partial area ratio:   14.37
      Required ratio:    0.00 (Gate area) 
      Cumulative area ratio:  108.41
      Required ratio:    0.00 (Cumulative area) 
      Partial area ratio:   77.18
      Required ratio: 2956.40 (Side area) 
      Cumulative area ratio:  544.17
      Required ratio:    0.00 (Cumulative side area) 

    Layer: via3
      Partial area ratio:    0.05
      Required ratio:   38.08 (Gate area) 
      Cumulative area ratio:    0.92
      Required ratio:    0.00 (Cumulative area) 

    Layer: met4
      Partial area ratio:    4.26
      Required ratio:    0.00 (Gate area) 
      Cumulative area ratio:  112.67
      Required ratio:    0.00 (Cumulative area) 
      Partial area ratio:   23.21
      Required ratio: 2956.40 (Side area) 
      Cumulative area ratio:  567.38
      Required ratio:    0.00 (Cumulative side area) 


  Pin:   _12039_/A (sky130_fd_sc_hd__or2_2)
    Layer: mcon
      Partial area ratio:    0.23
      Required ratio:    3.00 (Gate area) 
      Cumulative area ratio:    0.23
      Required ratio:    0.00 (Cumulative area) 

    Layer: met1
      Partial area ratio:   42.25
      Required ratio:    0.00 (Gate area) 
      Cumulative area ratio:   42.25
      Required ratio:    0.00 (Cumulative area) 
      Partial area ratio:  209.78
      Required ratio:  400.00 (Side area) 
      Cumulative area ratio:  209.78
      Required ratio:    0.00 (Cumulative side area) 

    Layer: via
      Partial area ratio:    0.36
      Required ratio:    6.00 (Gate area) 
      Cumulative area ratio:    0.59
      Required ratio:    0.00 (Cumulative area) 

    Layer: met2
      Partial area ratio:   18.50
      Required ratio:    0.00 (Gate area) 
      Cumulative area ratio:   60.75
      Required ratio:    0.00 (Cumulative area) 
      Partial area ratio:   91.66
      Required ratio:  400.00 (Side area) 
      Cumulative area ratio:  301.44
      Required ratio:    0.00 (Cumulative side area) 

    Layer: via2
      Partial area ratio:    0.08
      Required ratio:    6.00 (Gate area) 
      Cumulative area ratio:    0.67
      Required ratio:    0.00 (Cumulative area) 

    Layer: met3
      Partial area ratio:   14.37
      Required ratio:    0.00 (Gate area) 
      Cumulative area ratio:   75.12
      Required ratio:    0.00 (Cumulative area) 
      Partial area ratio:   77.18
      Required ratio: 2956.40 (Side area) 
      Cumulative area ratio:  378.61
      Required ratio:    0.00 (Cumulative side area) 

    Layer: via3
      Partial area ratio:    0.05
      Required ratio:   38.08 (Gate area) 
      Cumulative area ratio:    0.71
      Required ratio:    0.00 (Cumulative area) 

    Layer: met4
      Partial area ratio:    4.26
      Required ratio:    0.00 (Gate area) 
      Cumulative area ratio:   79.39
      Required ratio:    0.00 (Cumulative area) 
      Partial area ratio:   23.21
      Required ratio: 2956.40 (Side area) 
      Cumulative area ratio:  401.82
      Required ratio:    0.00 (Cumulative side area) 



Net: net2349
  Pin:   fanout2337/A (sky130_fd_sc_hd__clkdlybuf4s25_1)
    Layer: mcon
      Partial area ratio:    0.14
      Required ratio:    3.00 (Gate area) 
      Cumulative area ratio:    0.14
      Required ratio:    0.00 (Cumulative area) 

    Layer: met1
      Partial area ratio:   37.65
      Required ratio:    0.00 (Gate area) 
      Cumulative area ratio:   37.65
      Required ratio:    0.00 (Cumulative area) 
      Partial area ratio:  187.37
      Required ratio:  400.00 (Side area) 
      Cumulative area ratio:  187.37
      Required ratio:    0.00 (Cumulative side area) 

    Layer: via
      Partial area ratio:    0.21
      Required ratio:    6.00 (Gate area) 
      Cumulative area ratio:    0.35
      Required ratio:    0.00 (Cumulative area) 

    Layer: met2
      Partial area ratio:   10.11
      Required ratio:    0.00 (Gate area) 
      Cumulative area ratio:   47.76
      Required ratio:    0.00 (Cumulative area) 
      Partial area ratio:   49.71
      Required ratio:  400.00 (Side area) 
      Cumulative area ratio:  237.07
      Required ratio:    0.00 (Cumulative side area) 

    Layer: via2
      Partial area ratio:    0.19
      Required ratio:    6.00 (Gate area) 
      Cumulative area ratio:    0.53
      Required ratio:    0.00 (Cumulative area) 

    Layer: met3
      Partial area ratio:  117.20
      Required ratio:    0.00 (Gate area) 
      Cumulative area ratio:  164.96
      Required ratio:    0.00 (Cumulative area) 
      Partial area ratio:  627.27
      Required ratio:  400.00 (Side area) (VIOLATED)
      Cumulative area ratio:  864.34
      Required ratio:    0.00 (Cumulative side area) 

    Layer: via3
      Partial area ratio:    0.19
      Required ratio:    6.00 (Gate area) 
      Cumulative area ratio:    0.72
      Required ratio:    0.00 (Cumulative area) 

    Layer: met4
      Partial area ratio:   16.40
      Required ratio:    0.00 (Gate area) 
      Cumulative area ratio:  181.36
      Required ratio:    0.00 (Cumulative area) 
      Partial area ratio:   88.19
      Required ratio: 2881.16 (Side area) 
      Cumulative area ratio:  952.53
      Required ratio:    0.00 (Cumulative side area) 


  Pin:   fanout2339/A (sky130_fd_sc_hd__clkdlybuf4s25_1)
    Layer: mcon
      Partial area ratio:    0.14
      Required ratio:    3.00 (Gate area) 
      Cumulative area ratio:    0.14
      Required ratio:    0.00 (Cumulative area) 

    Layer: met1
      Partial area ratio:    7.26
      Required ratio:    0.00 (Gate area) 
      Cumulative area ratio:    7.26
      Required ratio:    0.00 (Cumulative area) 
      Partial area ratio:   34.54
      Required ratio: 2881.16 (Side area) 
      Cumulative area ratio:   34.54
      Required ratio:    0.00 (Cumulative side area) 

    Layer: via
      Partial area ratio:    0.32
      Required ratio:   31.30 (Gate area) 
      Cumulative area ratio:    0.45
      Required ratio:    0.00 (Cumulative area) 

    Layer: met2
      Partial area ratio:    1.27
      Required ratio:    0.00 (Gate area) 
      Cumulative area ratio:    8.53
      Required ratio:    0.00 (Cumulative area) 
      Partial area ratio:    5.95
      Required ratio: 2881.16 (Side area) 
      Cumulative area ratio:   40.49
      Required ratio:    0.00 (Cumulative side area) 

    Layer: via2
      Partial area ratio:    0.19
      Required ratio:   31.30 (Gate area) 
      Cumulative area ratio:    0.64
      Required ratio:    0.00 (Cumulative area) 

    Layer: met3
      Partial area ratio:    0.59
      Required ratio:    0.00 (Gate area) 
      Cumulative area ratio:    9.12
      Required ratio:    0.00 (Cumulative area) 
      Partial area ratio:    5.33
      Required ratio: 2881.16 (Side area) 
      Cumulative area ratio:   45.82
      Required ratio:    0.00 (Cumulative side area) 

    Layer: via3
      Partial area ratio:    0.19
      Required ratio:   31.30 (Gate area) 
      Cumulative area ratio:    0.83
      Required ratio:    0.00 (Cumulative area) 

    Layer: met4
      Partial area ratio:   16.40
      Required ratio:    0.00 (Gate area) 
      Cumulative area ratio:   25.51
      Required ratio:    0.00 (Cumulative area) 
      Partial area ratio:   88.19
      Required ratio: 2881.16 (Side area) 
      Cumulative area ratio:  134.01
      Required ratio:    0.00 (Cumulative side area) 


  Pin:   load_slew2351/A (sky130_fd_sc_hd__clkbuf_2)
    Layer: mcon
      Partial area ratio:    0.14
      Required ratio:    3.00 (Gate area) 
      Cumulative area ratio:    0.14
      Required ratio:    0.00 (Cumulative area) 

    Layer: met1
      Partial area ratio:    7.26
      Required ratio:    0.00 (Gate area) 
      Cumulative area ratio:    7.26
      Required ratio:    0.00 (Cumulative area) 
      Partial area ratio:   34.54
      Required ratio: 2881.16 (Side area) 
      Cumulative area ratio:   34.54
      Required ratio:    0.00 (Cumulative side area) 

    Layer: via
      Partial area ratio:    0.32
      Required ratio:   31.30 (Gate area) 
      Cumulative area ratio:    0.45
      Required ratio:    0.00 (Cumulative area) 

    Layer: met2
      Partial area ratio:    1.27
      Required ratio:    0.00 (Gate area) 
      Cumulative area ratio:    8.53
      Required ratio:    0.00 (Cumulative area) 
      Partial area ratio:    5.95
      Required ratio: 2881.16 (Side area) 
      Cumulative area ratio:   40.49
      Required ratio:    0.00 (Cumulative side area) 

    Layer: via2
      Partial area ratio:    0.19
      Required ratio:   31.30 (Gate area) 
      Cumulative area ratio:    0.64
      Required ratio:    0.00 (Cumulative area) 

    Layer: met3
      Partial area ratio:    0.59
      Required ratio:    0.00 (Gate area) 
      Cumulative area ratio:    9.12
      Required ratio:    0.00 (Cumulative area) 
      Partial area ratio:    5.33
      Required ratio: 2881.16 (Side area) 
      Cumulative area ratio:   45.82
      Required ratio:    0.00 (Cumulative side area) 

    Layer: via3
      Partial area ratio:    0.19
      Required ratio:   31.30 (Gate area) 
      Cumulative area ratio:    0.83
      Required ratio:    0.00 (Cumulative area) 

    Layer: met4
      Partial area ratio:   16.40
      Required ratio:    0.00 (Gate area) 
      Cumulative area ratio:   25.51
      Required ratio:    0.00 (Cumulative area) 
      Partial area ratio:   88.19
      Required ratio: 2881.16 (Side area) 
      Cumulative area ratio:  134.01
      Required ratio:    0.00 (Cumulative side area) 



Net: net2350
  Pin:   fanout2343/A (sky130_fd_sc_hd__clkdlybuf4s25_1)
    Layer: mcon
      Partial area ratio:    0.14
      Required ratio:    3.00 (Gate area) 
      Cumulative area ratio:    0.14
      Required ratio:    0.00 (Cumulative area) 

    Layer: met1
      Partial area ratio:    5.62
      Required ratio:    0.00 (Gate area) 
      Cumulative area ratio:    5.62
      Required ratio:    0.00 (Cumulative area) 
      Partial area ratio:   27.25
      Required ratio:  400.00 (Side area) 
      Cumulative area ratio:   27.25
      Required ratio:    0.00 (Cumulative side area) 

    Layer: via
      Partial area ratio:    0.21
      Required ratio:    6.00 (Gate area) 
      Cumulative area ratio:    0.35
      Required ratio:    0.00 (Cumulative area) 

    Layer: met2
      Partial area ratio:    0.88
      Required ratio:    0.00 (Gate area) 
      Cumulative area ratio:    6.50
      Required ratio:    0.00 (Cumulative area) 
      Partial area ratio:    4.04
      Required ratio:  400.00 (Side area) 
      Cumulative area ratio:   31.29
      Required ratio:    0.00 (Cumulative side area) 

    Layer: via2
      Partial area ratio:    0.19
      Required ratio:    6.00 (Gate area) 
      Cumulative area ratio:    0.53
      Required ratio:    0.00 (Cumulative area) 

    Layer: met3
      Partial area ratio:  224.14
      Required ratio:    0.00 (Gate area) 
      Cumulative area ratio:  230.64
      Required ratio:    0.00 (Cumulative area) 
      Partial area ratio: 1197.60
      Required ratio:  400.00 (Side area) (VIOLATED)
      Cumulative area ratio: 1228.89
      Required ratio:    0.00 (Cumulative side area) 

    Layer: via3
      Partial area ratio:    0.38
      Required ratio:    6.00 (Gate area) 
      Cumulative area ratio:    0.91
      Required ratio:    0.00 (Cumulative area) 

    Layer: met4
      Partial area ratio:   97.76
      Required ratio:    0.00 (Gate area) 
      Cumulative area ratio:  328.40
      Required ratio:    0.00 (Cumulative area) 
      Partial area ratio:  523.57
      Required ratio: 2918.08 (Side area) 
      Cumulative area ratio: 1752.46
      Required ratio:    0.00 (Cumulative side area) 


  Pin:   fanout2345/A (sky130_fd_sc_hd__clkdlybuf4s25_1)
    Layer: mcon
      Partial area ratio:    0.14
      Required ratio:    3.00 (Gate area) 
      Cumulative area ratio:    0.14
      Required ratio:    0.00 (Cumulative area) 

    Layer: met1
      Partial area ratio:    5.06
      Required ratio:    0.00 (Gate area) 
      Cumulative area ratio:    5.06
      Required ratio:    0.00 (Cumulative area) 
      Partial area ratio:   24.41
      Required ratio:  400.00 (Side area) 
      Cumulative area ratio:   24.41
      Required ratio:    0.00 (Cumulative side area) 

    Layer: via
      Partial area ratio:    0.21
      Required ratio:    6.00 (Gate area) 
      Cumulative area ratio:    0.35
      Required ratio:    0.00 (Cumulative area) 

    Layer: met2
      Partial area ratio:    0.88
      Required ratio:    0.00 (Gate area) 
      Cumulative area ratio:    5.93
      Required ratio:    0.00 (Cumulative area) 
      Partial area ratio:    4.04
      Required ratio:  400.00 (Side area) 
      Cumulative area ratio:   28.45
      Required ratio:    0.00 (Cumulative side area) 

    Layer: via2
      Partial area ratio:    0.19
      Required ratio:    6.00 (Gate area) 
      Cumulative area ratio:    0.53
      Required ratio:    0.00 (Cumulative area) 

    Layer: met3
      Partial area ratio:    0.59
      Required ratio:    0.00 (Gate area) 
      Cumulative area ratio:    6.52
      Required ratio:    0.00 (Cumulative area) 
      Partial area ratio:    5.33
      Required ratio:  400.00 (Side area) 
      Cumulative area ratio:   33.78
      Required ratio:    0.00 (Cumulative side area) 

    Layer: via3
      Partial area ratio:    0.19
      Required ratio:    6.00 (Gate area) 
      Cumulative area ratio:    0.72
      Required ratio:    0.00 (Cumulative area) 

    Layer: met4
      Partial area ratio:   97.76
      Required ratio:    0.00 (Gate area) 
      Cumulative area ratio:  104.28
      Required ratio:    0.00 (Cumulative area) 
      Partial area ratio:  523.57
      Required ratio: 2918.08 (Side area) 
      Cumulative area ratio:  557.35
      Required ratio:    0.00 (Cumulative side area) 


  Pin:   fanout2348/A (sky130_fd_sc_hd__clkdlybuf4s25_1)
    Layer: mcon
      Partial area ratio:    0.14
      Required ratio:    3.00 (Gate area) 
      Cumulative area ratio:    0.14
      Required ratio:    0.00 (Cumulative area) 

    Layer: met1
      Partial area ratio:    2.60
      Required ratio:    0.00 (Gate area) 
      Cumulative area ratio:    2.60
      Required ratio:    0.00 (Cumulative area) 
      Partial area ratio:   12.15
      Required ratio:  400.00 (Side area) 
      Cumulative area ratio:   12.15
      Required ratio:    0.00 (Cumulative side area) 

    Layer: via
      Partial area ratio:    0.21
      Required ratio:    6.00 (Gate area) 
      Cumulative area ratio:    0.35
      Required ratio:    0.00 (Cumulative area) 

    Layer: met2
      Partial area ratio:    0.88
      Required ratio:    0.00 (Gate area) 
      Cumulative area ratio:    3.48
      Required ratio:    0.00 (Cumulative area) 
      Partial area ratio:    4.04
      Required ratio:  400.00 (Side area) 
      Cumulative area ratio:   16.20
      Required ratio:    0.00 (Cumulative side area) 

    Layer: via2
      Partial area ratio:    0.19
      Required ratio:    6.00 (Gate area) 
      Cumulative area ratio:    0.53
      Required ratio:    0.00 (Cumulative area) 

    Layer: met3
      Partial area ratio:    0.59
      Required ratio:    0.00 (Gate area) 
      Cumulative area ratio:    4.07
      Required ratio:    0.00 (Cumulative area) 
      Partial area ratio:    5.33
      Required ratio:  400.00 (Side area) 
      Cumulative area ratio:   21.53
      Required ratio:    0.00 (Cumulative side area) 

    Layer: via3
      Partial area ratio:    0.19
      Required ratio:    6.00 (Gate area) 
      Cumulative area ratio:    0.72
      Required ratio:    0.00 (Cumulative area) 

    Layer: met4
      Partial area ratio:   97.76
      Required ratio:    0.00 (Gate area) 
      Cumulative area ratio:  101.82
      Required ratio:    0.00 (Cumulative area) 
      Partial area ratio:  523.57
      Required ratio: 2918.08 (Side area) 
      Cumulative area ratio:  545.10
      Required ratio:    0.00 (Cumulative side area) 



Net: net2369
  Pin:   fanout2365/A (sky130_fd_sc_hd__clkdlybuf4s25_1)
    Layer: mcon
      Partial area ratio:    0.14
      Required ratio:    3.00 (Gate area) 
      Cumulative area ratio:    0.14
      Required ratio:    0.00 (Cumulative area) 

    Layer: met1
      Partial area ratio:    3.24
      Required ratio:    0.00 (Gate area) 
      Cumulative area ratio:    3.24
      Required ratio:    0.00 (Cumulative area) 
      Partial area ratio:   15.34
      Required ratio:  400.00 (Side area) 
      Cumulative area ratio:   15.34
      Required ratio:    0.00 (Cumulative side area) 

    Layer: via
      Partial area ratio:    0.21
      Required ratio:    6.00 (Gate area) 
      Cumulative area ratio:    0.35
      Required ratio:    0.00 (Cumulative area) 

    Layer: met2
      Partial area ratio:    0.88
      Required ratio:    0.00 (Gate area) 
      Cumulative area ratio:    4.12
      Required ratio:    0.00 (Cumulative area) 
      Partial area ratio:    4.04
      Required ratio:  400.00 (Side area) 
      Cumulative area ratio:   19.38
      Required ratio:    0.00 (Cumulative side area) 

    Layer: via2
      Partial area ratio:    0.19
      Required ratio:    6.00 (Gate area) 
      Cumulative area ratio:    0.53
      Required ratio:    0.00 (Cumulative area) 

    Layer: met3
      Partial area ratio:   97.48
      Required ratio:    0.00 (Gate area) 
      Cumulative area ratio:  101.60
      Required ratio:    0.00 (Cumulative area) 
      Partial area ratio:  520.98
      Required ratio:  400.00 (Side area) (VIOLATED)
      Cumulative area ratio:  540.36
      Required ratio:    0.00 (Cumulative side area) 

    Layer: via3
      Partial area ratio:    0.09
      Required ratio:    6.00 (Gate area) 
      Cumulative area ratio:    0.63
      Required ratio:    0.00 (Cumulative area) 

    Layer: met4
      Partial area ratio:   97.46
      Required ratio:    0.00 (Gate area) 
      Cumulative area ratio:  199.06
      Required ratio:    0.00 (Cumulative area) 
      Partial area ratio:  520.90
      Required ratio: 2778.20 (Side area) 
      Cumulative area ratio: 1061.26
      Required ratio:    0.00 (Cumulative side area) 


  Pin:   fanout2367/A (sky130_fd_sc_hd__clkdlybuf4s25_1)
    Layer: mcon
      Partial area ratio:    0.14
      Required ratio:    3.00 (Gate area) 
      Cumulative area ratio:    0.14
      Required ratio:    0.00 (Cumulative area) 

    Layer: met1
      Partial area ratio:    3.08
      Required ratio:    0.00 (Gate area) 
      Cumulative area ratio:    3.08
      Required ratio:    0.00 (Cumulative area) 
      Partial area ratio:   14.55
      Required ratio:  400.00 (Side area) 
      Cumulative area ratio:   14.55
      Required ratio:    0.00 (Cumulative side area) 

    Layer: via
      Partial area ratio:    0.21
      Required ratio:    6.00 (Gate area) 
      Cumulative area ratio:    0.35
      Required ratio:    0.00 (Cumulative area) 

    Layer: met2
      Partial area ratio:    5.58
      Required ratio:    0.00 (Gate area) 
      Cumulative area ratio:    8.66
      Required ratio:    0.00 (Cumulative area) 
      Partial area ratio:   27.03
      Required ratio:  400.00 (Side area) 
      Cumulative area ratio:   41.58
      Required ratio:    0.00 (Cumulative side area) 

    Layer: via2
      Partial area ratio:    0.19
      Required ratio:    6.00 (Gate area) 
      Cumulative area ratio:    0.53
      Required ratio:    0.00 (Cumulative area) 

    Layer: met3
      Partial area ratio:   97.48
      Required ratio:    0.00 (Gate area) 
      Cumulative area ratio:  106.14
      Required ratio:    0.00 (Cumulative area) 
      Partial area ratio:  520.98
      Required ratio:  400.00 (Side area) (VIOLATED)
      Cumulative area ratio:  562.56
      Required ratio:    0.00 (Cumulative side area) 

    Layer: via3
      Partial area ratio:    0.09
      Required ratio:    6.00 (Gate area) 
      Cumulative area ratio:    0.63
      Required ratio:    0.00 (Cumulative area) 

    Layer: met4
      Partial area ratio:   97.46
      Required ratio:    0.00 (Gate area) 
      Cumulative area ratio:  203.60
      Required ratio:    0.00 (Cumulative area) 
      Partial area ratio:  520.90
      Required ratio: 2778.20 (Side area) 
      Cumulative area ratio: 1083.46
      Required ratio:    0.00 (Cumulative side area) 



Net: net2384
  Pin:   fanout2372/A (sky130_fd_sc_hd__clkdlybuf4s25_1)
    Layer: mcon
      Partial area ratio:    0.14
      Required ratio:    3.00 (Gate area) 
      Cumulative area ratio:    0.14
      Required ratio:    0.00 (Cumulative area) 

    Layer: met1
      Partial area ratio:   17.35
      Required ratio:    0.00 (Gate area) 
      Cumulative area ratio:   17.35
      Required ratio:    0.00 (Cumulative area) 
      Partial area ratio:   85.90
      Required ratio:  400.00 (Side area) 
      Cumulative area ratio:   85.90
      Required ratio:    0.00 (Cumulative side area) 

    Layer: via
      Partial area ratio:    0.21
      Required ratio:    6.00 (Gate area) 
      Cumulative area ratio:    0.35
      Required ratio:    0.00 (Cumulative area) 

    Layer: met2
      Partial area ratio:    5.63
      Required ratio:    0.00 (Gate area) 
      Cumulative area ratio:   22.98
      Required ratio:    0.00 (Cumulative area) 
      Partial area ratio:   27.52
      Required ratio: 2881.16 (Side area) 
      Cumulative area ratio:  113.41
      Required ratio:    0.00 (Cumulative side area) 


  Pin:   fanout2374/A (sky130_fd_sc_hd__clkdlybuf4s25_1)
    Layer: mcon
      Partial area ratio:    0.14
      Required ratio:    3.00 (Gate area) 
      Cumulative area ratio:    0.14
      Required ratio:    0.00 (Cumulative area) 

    Layer: met1
      Partial area ratio:   88.67
      Required ratio:    0.00 (Gate area) 
      Cumulative area ratio:   88.67
      Required ratio:    0.00 (Cumulative area) 
      Partial area ratio:  442.00
      Required ratio:  400.00 (Side area) (VIOLATED)
      Cumulative area ratio:  442.00
      Required ratio:    0.00 (Cumulative side area) 

    Layer: via
      Partial area ratio:    0.32
      Required ratio:    6.00 (Gate area) 
      Cumulative area ratio:    0.45
      Required ratio:    0.00 (Cumulative area) 

    Layer: met2
      Partial area ratio:    5.63
      Required ratio:    0.00 (Gate area) 
      Cumulative area ratio:   94.30
      Required ratio:    0.00 (Cumulative area) 
      Partial area ratio:   27.52
      Required ratio: 2881.16 (Side area) 
      Cumulative area ratio:  469.51
      Required ratio:    0.00 (Cumulative side area) 


  Pin:   load_slew2386/A (sky130_fd_sc_hd__clkbuf_2)
    Layer: mcon
      Partial area ratio:    0.14
      Required ratio:    3.00 (Gate area) 
      Cumulative area ratio:    0.14
      Required ratio:    0.00 (Cumulative area) 

    Layer: met1
      Partial area ratio:    3.08
      Required ratio:    0.00 (Gate area) 
      Cumulative area ratio:    3.08
      Required ratio:    0.00 (Cumulative area) 
      Partial area ratio:   14.54
      Required ratio:  400.00 (Side area) 
      Cumulative area ratio:   14.54
      Required ratio:    0.00 (Cumulative side area) 

    Layer: via
      Partial area ratio:    0.21
      Required ratio:    6.00 (Gate area) 
      Cumulative area ratio:    0.35
      Required ratio:    0.00 (Cumulative area) 

    Layer: met2
      Partial area ratio:    5.63
      Required ratio:    0.00 (Gate area) 
      Cumulative area ratio:    8.71
      Required ratio:    0.00 (Cumulative area) 
      Partial area ratio:   27.52
      Required ratio: 2881.16 (Side area) 
      Cumulative area ratio:   42.06
      Required ratio:    0.00 (Cumulative side area) 



Net: net2385
  Pin:   fanout2378/A (sky130_fd_sc_hd__clkdlybuf4s25_1)
    Layer: mcon
      Partial area ratio:    0.14
      Required ratio:    3.00 (Gate area) 
      Cumulative area ratio:    0.14
      Required ratio:    0.00 (Cumulative area) 

    Layer: met1
      Partial area ratio:    8.88
      Required ratio:    0.00 (Gate area) 
      Cumulative area ratio:    8.88
      Required ratio:    0.00 (Cumulative area) 
      Partial area ratio:   43.52
      Required ratio:  400.00 (Side area) 
      Cumulative area ratio:   43.52
      Required ratio:    0.00 (Cumulative side area) 

    Layer: via
      Partial area ratio:    0.21
      Required ratio:    6.00 (Gate area) 
      Cumulative area ratio:    0.35
      Required ratio:    0.00 (Cumulative area) 

    Layer: met2
      Partial area ratio:    0.88
      Required ratio:    0.00 (Gate area) 
      Cumulative area ratio:    9.75
      Required ratio:    0.00 (Cumulative area) 
      Partial area ratio:    4.04
      Required ratio:  400.00 (Side area) 
      Cumulative area ratio:   47.56
      Required ratio:    0.00 (Cumulative side area) 

    Layer: via2
      Partial area ratio:    0.19
      Required ratio:    6.00 (Gate area) 
      Cumulative area ratio:    0.53
      Required ratio:    0.00 (Cumulative area) 

    Layer: met3
      Partial area ratio:  233.90
      Required ratio:    0.00 (Gate area) 
      Cumulative area ratio:  243.65
      Required ratio:    0.00 (Cumulative area) 
      Partial area ratio: 1249.58
      Required ratio:  400.00 (Side area) (VIOLATED)
      Cumulative area ratio: 1297.14
      Required ratio:    0.00 (Cumulative side area) 

    Layer: via3
      Partial area ratio:    0.56
      Required ratio:    6.00 (Gate area) 
      Cumulative area ratio:    1.10
      Required ratio:    0.00 (Cumulative area) 

    Layer: met4
      Partial area ratio:   94.50
      Required ratio:    0.00 (Gate area) 
      Cumulative area ratio:  338.15
      Required ratio:    0.00 (Cumulative area) 
      Partial area ratio:  506.22
      Required ratio: 2918.08 (Side area) 
      Cumulative area ratio: 1803.35
      Required ratio:    0.00 (Cumulative side area) 


  Pin:   fanout2380/A (sky130_fd_sc_hd__clkdlybuf4s25_1)
    Layer: mcon
      Partial area ratio:    0.14
      Required ratio:    3.00 (Gate area) 
      Cumulative area ratio:    0.14
      Required ratio:    0.00 (Cumulative area) 

    Layer: met1
      Partial area ratio:    3.90
      Required ratio:    0.00 (Gate area) 
      Cumulative area ratio:    3.90
      Required ratio:    0.00 (Cumulative area) 
      Partial area ratio:   18.61
      Required ratio:  400.00 (Side area) 
      Cumulative area ratio:   18.61
      Required ratio:    0.00 (Cumulative side area) 

    Layer: via
      Partial area ratio:    0.21
      Required ratio:    6.00 (Gate area) 
      Cumulative area ratio:    0.35
      Required ratio:    0.00 (Cumulative area) 

    Layer: met2
      Partial area ratio:    0.88
      Required ratio:    0.00 (Gate area) 
      Cumulative area ratio:    4.77
      Required ratio:    0.00 (Cumulative area) 
      Partial area ratio:    4.04
      Required ratio:  400.00 (Side area) 
      Cumulative area ratio:   22.65
      Required ratio:    0.00 (Cumulative side area) 

    Layer: via2
      Partial area ratio:    0.19
      Required ratio:    6.00 (Gate area) 
      Cumulative area ratio:    0.53
      Required ratio:    0.00 (Cumulative area) 

    Layer: met3
      Partial area ratio:    0.59
      Required ratio:    0.00 (Gate area) 
      Cumulative area ratio:    5.36
      Required ratio:    0.00 (Cumulative area) 
      Partial area ratio:    5.33
      Required ratio:  400.00 (Side area) 
      Cumulative area ratio:   27.99
      Required ratio:    0.00 (Cumulative side area) 

    Layer: via3
      Partial area ratio:    0.19
      Required ratio:    6.00 (Gate area) 
      Cumulative area ratio:    0.72
      Required ratio:    0.00 (Cumulative area) 

    Layer: met4
      Partial area ratio:   94.50
      Required ratio:    0.00 (Gate area) 
      Cumulative area ratio:   99.86
      Required ratio:    0.00 (Cumulative area) 
      Partial area ratio:  506.22
      Required ratio: 2918.08 (Side area) 
      Cumulative area ratio:  534.20
      Required ratio:    0.00 (Cumulative side area) 


  Pin:   fanout2383/A (sky130_fd_sc_hd__clkdlybuf4s25_1)
    Layer: mcon
      Partial area ratio:    0.14
      Required ratio:    3.00 (Gate area) 
      Cumulative area ratio:    0.14
      Required ratio:    0.00 (Cumulative area) 

    Layer: met1
      Partial area ratio:    2.82
      Required ratio:    0.00 (Gate area) 
      Cumulative area ratio:    2.82
      Required ratio:    0.00 (Cumulative area) 
      Partial area ratio:   13.25
      Required ratio:  400.00 (Side area) 
      Cumulative area ratio:   13.25
      Required ratio:    0.00 (Cumulative side area) 

    Layer: via
      Partial area ratio:    0.21
      Required ratio:    6.00 (Gate area) 
      Cumulative area ratio:    0.35
      Required ratio:    0.00 (Cumulative area) 

    Layer: met2
      Partial area ratio:    0.88
      Required ratio:    0.00 (Gate area) 
      Cumulative area ratio:    3.70
      Required ratio:    0.00 (Cumulative area) 
      Partial area ratio:    4.04
      Required ratio:  400.00 (Side area) 
      Cumulative area ratio:   17.30
      Required ratio:    0.00 (Cumulative side area) 

    Layer: via2
      Partial area ratio:    0.19
      Required ratio:    6.00 (Gate area) 
      Cumulative area ratio:    0.53
      Required ratio:    0.00 (Cumulative area) 

    Layer: met3
      Partial area ratio:    0.59
      Required ratio:    0.00 (Gate area) 
      Cumulative area ratio:    4.29
      Required ratio:    0.00 (Cumulative area) 
      Partial area ratio:    5.33
      Required ratio:  400.00 (Side area) 
      Cumulative area ratio:   22.63
      Required ratio:    0.00 (Cumulative side area) 

    Layer: via3
      Partial area ratio:    0.19
      Required ratio:    6.00 (Gate area) 
      Cumulative area ratio:    0.72
      Required ratio:    0.00 (Cumulative area) 

    Layer: met4
      Partial area ratio:   94.50
      Required ratio:    0.00 (Gate area) 
      Cumulative area ratio:   98.79
      Required ratio:    0.00 (Cumulative area) 
      Partial area ratio:  506.22
      Required ratio: 2918.08 (Side area) 
      Cumulative area ratio:  528.85
      Required ratio:    0.00 (Cumulative side area) 



Net: net2394
  Pin:   _11801_/B (sky130_fd_sc_hd__nor3_2)
    Layer: mcon
      Partial area ratio:    0.06
      Required ratio:    3.00 (Gate area) 
      Cumulative area ratio:    0.06
      Required ratio:    0.00 (Cumulative area) 

    Layer: met1
      Partial area ratio:    1.87
      Required ratio:    0.00 (Gate area) 
      Cumulative area ratio:    1.87
      Required ratio:    0.00 (Cumulative area) 
      Partial area ratio:    8.96
      Required ratio:  400.00 (Side area) 
      Cumulative area ratio:    8.96
      Required ratio:    0.00 (Cumulative side area) 

    Layer: via
      Partial area ratio:    0.09
      Required ratio:    6.00 (Gate area) 
      Cumulative area ratio:    0.15
      Required ratio:    0.00 (Cumulative area) 

    Layer: met2
      Partial area ratio:   10.25
      Required ratio:    0.00 (Gate area) 
      Cumulative area ratio:   12.12
      Required ratio:    0.00 (Cumulative area) 
      Partial area ratio:   50.74
      Required ratio: 2778.20 (Side area) 
      Cumulative area ratio:   59.70
      Required ratio:    0.00 (Cumulative side area) 


  Pin:   _11966_/A (sky130_fd_sc_hd__or2_2)
    Layer: mcon
      Partial area ratio:    0.23
      Required ratio:    3.00 (Gate area) 
      Cumulative area ratio:    0.23
      Required ratio:    0.00 (Cumulative area) 

    Layer: met1
      Partial area ratio:    4.35
      Required ratio:    0.00 (Gate area) 
      Cumulative area ratio:    4.35
      Required ratio:    0.00 (Cumulative area) 
      Partial area ratio:   20.28
      Required ratio:  400.00 (Side area) 
      Cumulative area ratio:   20.28
      Required ratio:    0.00 (Cumulative side area) 

    Layer: via
      Partial area ratio:    0.36
      Required ratio:    6.00 (Gate area) 
      Cumulative area ratio:    0.59
      Required ratio:    0.00 (Cumulative area) 

    Layer: met2
      Partial area ratio:   10.25
      Required ratio:    0.00 (Gate area) 
      Cumulative area ratio:   14.60
      Required ratio:    0.00 (Cumulative area) 
      Partial area ratio:   50.74
      Required ratio: 2778.20 (Side area) 
      Cumulative area ratio:   71.02
      Required ratio:    0.00 (Cumulative side area) 


  Pin:   _11974_/A (sky130_fd_sc_hd__or2_2)
    Layer: mcon
      Partial area ratio:    0.23
      Required ratio:    3.00 (Gate area) 
      Cumulative area ratio:    0.23
      Required ratio:    0.00 (Cumulative area) 

    Layer: met1
      Partial area ratio:    3.79
      Required ratio:    0.00 (Gate area) 
      Cumulative area ratio:    3.79
      Required ratio:    0.00 (Cumulative area) 
      Partial area ratio:   17.50
      Required ratio:  400.00 (Side area) 
      Cumulative area ratio:   17.50
      Required ratio:    0.00 (Cumulative side area) 

    Layer: via
      Partial area ratio:    0.36
      Required ratio:    6.00 (Gate area) 
      Cumulative area ratio:    0.59
      Required ratio:    0.00 (Cumulative area) 

    Layer: met2
      Partial area ratio:   10.25
      Required ratio:    0.00 (Gate area) 
      Cumulative area ratio:   14.05
      Required ratio:    0.00 (Cumulative area) 
      Partial area ratio:   50.74
      Required ratio: 2778.20 (Side area) 
      Cumulative area ratio:   68.24
      Required ratio:    0.00 (Cumulative side area) 


  Pin:   _11983_/A (sky130_fd_sc_hd__or2_2)
    Layer: mcon
      Partial area ratio:    0.23
      Required ratio:    3.00 (Gate area) 
      Cumulative area ratio:    0.23
      Required ratio:    0.00 (Cumulative area) 

    Layer: met1
      Partial area ratio:   25.71
      Required ratio:    0.00 (Gate area) 
      Cumulative area ratio:   25.71
      Required ratio:    0.00 (Cumulative area) 
      Partial area ratio:  127.16
      Required ratio:  400.00 (Side area) 
      Cumulative area ratio:  127.16
      Required ratio:    0.00 (Cumulative side area) 

    Layer: via
      Partial area ratio:    0.30
      Required ratio:    6.00 (Gate area) 
      Cumulative area ratio:    0.53
      Required ratio:    0.00 (Cumulative area) 

    Layer: met2
      Partial area ratio:   10.25
      Required ratio:    0.00 (Gate area) 
      Cumulative area ratio:   35.96
      Required ratio:    0.00 (Cumulative area) 
      Partial area ratio:   50.74
      Required ratio: 2778.20 (Side area) 
      Cumulative area ratio:  177.90
      Required ratio:    0.00 (Cumulative side area) 


  Pin:   _11993_/A1 (sky130_fd_sc_hd__o211a_2)
    Layer: mcon
      Partial area ratio:    0.12
      Required ratio:    3.00 (Gate area) 
      Cumulative area ratio:    0.12
      Required ratio:    0.00 (Cumulative area) 

    Layer: met1
      Partial area ratio:   25.71
      Required ratio:    0.00 (Gate area) 
      Cumulative area ratio:   25.71
      Required ratio:    0.00 (Cumulative area) 
      Partial area ratio:  127.16
      Required ratio:  400.00 (Side area) 
      Cumulative area ratio:  127.16
      Required ratio:    0.00 (Cumulative side area) 

    Layer: via
      Partial area ratio:    0.30
      Required ratio:    6.00 (Gate area) 
      Cumulative area ratio:    0.42
      Required ratio:    0.00 (Cumulative area) 

    Layer: met2
      Partial area ratio:   10.25
      Required ratio:    0.00 (Gate area) 
      Cumulative area ratio:   35.96
      Required ratio:    0.00 (Cumulative area) 
      Partial area ratio:   50.74
      Required ratio: 2778.20 (Side area) 
      Cumulative area ratio:  177.90
      Required ratio:    0.00 (Cumulative side area) 


  Pin:   _12041_/A (sky130_fd_sc_hd__or2_2)
    Layer: mcon
      Partial area ratio:    0.23
      Required ratio:    3.00 (Gate area) 
      Cumulative area ratio:    0.23
      Required ratio:    0.00 (Cumulative area) 

    Layer: met1
      Partial area ratio:   95.36
      Required ratio:    0.00 (Gate area) 
      Cumulative area ratio:   95.36
      Required ratio:    0.00 (Cumulative area) 
      Partial area ratio:  473.61
      Required ratio:  400.00 (Side area) (VIOLATED)
      Cumulative area ratio:  473.61
      Required ratio:    0.00 (Cumulative side area) 

    Layer: via
      Partial area ratio:    0.71
      Required ratio:    6.00 (Gate area) 
      Cumulative area ratio:    0.94
      Required ratio:    0.00 (Cumulative area) 

    Layer: met2
      Partial area ratio:   10.25
      Required ratio:    0.00 (Gate area) 
      Cumulative area ratio:  105.61
      Required ratio:    0.00 (Cumulative area) 
      Partial area ratio:   50.74
      Required ratio: 2778.20 (Side area) 
      Cumulative area ratio:  524.35
      Required ratio:    0.00 (Cumulative side area) 



Net: net2396
  Pin:   _11887_/A (sky130_fd_sc_hd__or2_2)
    Layer: mcon
      Partial area ratio:    0.23
      Required ratio:    3.00 (Gate area) 
      Cumulative area ratio:    0.23
      Required ratio:    0.00 (Cumulative area) 

    Layer: met1
      Partial area ratio:    3.86
      Required ratio:    0.00 (Gate area) 
      Cumulative area ratio:    3.86
      Required ratio:    0.00 (Cumulative area) 
      Partial area ratio:   17.72
      Required ratio:  400.00 (Side area) 
      Cumulative area ratio:   17.72
      Required ratio:    0.00 (Cumulative side area) 

    Layer: via
      Partial area ratio:    0.36
      Required ratio:    6.00 (Gate area) 
      Cumulative area ratio:    0.59
      Required ratio:    0.00 (Cumulative area) 

    Layer: met2
      Partial area ratio:   22.70
      Required ratio:    0.00 (Gate area) 
      Cumulative area ratio:   26.56
      Required ratio:    0.00 (Cumulative area) 
      Partial area ratio:  112.67
      Required ratio: 2918.08 (Side area) 
      Cumulative area ratio:  130.39
      Required ratio:    0.00 (Cumulative side area) 


  Pin:   _11899_/A1 (sky130_fd_sc_hd__o211a_2)
    Layer: mcon
      Partial area ratio:    0.12
      Required ratio:    3.00 (Gate area) 
      Cumulative area ratio:    0.12
      Required ratio:    0.00 (Cumulative area) 

    Layer: met1
      Partial area ratio:    4.85
      Required ratio:    0.00 (Gate area) 
      Cumulative area ratio:    4.85
      Required ratio:    0.00 (Cumulative area) 
      Partial area ratio:   23.52
      Required ratio:  400.00 (Side area) 
      Cumulative area ratio:   23.52
      Required ratio:    0.00 (Cumulative side area) 

    Layer: via
      Partial area ratio:    0.18
      Required ratio:    6.00 (Gate area) 
      Cumulative area ratio:    0.30
      Required ratio:    0.00 (Cumulative area) 

    Layer: met2
      Partial area ratio:   22.70
      Required ratio:    0.00 (Gate area) 
      Cumulative area ratio:   27.56
      Required ratio:    0.00 (Cumulative area) 
      Partial area ratio:  112.67
      Required ratio: 2918.08 (Side area) 
      Cumulative area ratio:  136.18
      Required ratio:    0.00 (Cumulative side area) 


  Pin:   _12117_/A1 (sky130_fd_sc_hd__o211a_2)
    Layer: mcon
      Partial area ratio:    0.12
      Required ratio:    3.00 (Gate area) 
      Cumulative area ratio:    0.12
      Required ratio:    0.00 (Cumulative area) 

    Layer: met1
      Partial area ratio:    1.62
      Required ratio:    0.00 (Gate area) 
      Cumulative area ratio:    1.62
      Required ratio:    0.00 (Cumulative area) 
      Partial area ratio:    7.56
      Required ratio:  400.00 (Side area) 
      Cumulative area ratio:    7.56
      Required ratio:    0.00 (Cumulative side area) 

    Layer: via
      Partial area ratio:    0.14
      Required ratio:    6.00 (Gate area) 
      Cumulative area ratio:    0.26
      Required ratio:    0.00 (Cumulative area) 

    Layer: met2
      Partial area ratio:   22.70
      Required ratio:    0.00 (Gate area) 
      Cumulative area ratio:   24.32
      Required ratio:    0.00 (Cumulative area) 
      Partial area ratio:  112.67
      Required ratio: 2918.08 (Side area) 
      Cumulative area ratio:  120.22
      Required ratio:    0.00 (Cumulative side area) 


  Pin:   _12123_/A (sky130_fd_sc_hd__or2_2)
    Layer: mcon
      Partial area ratio:    0.23
      Required ratio:    3.00 (Gate area) 
      Cumulative area ratio:    0.23
      Required ratio:    0.00 (Cumulative area) 

    Layer: met1
      Partial area ratio:  104.89
      Required ratio:    0.00 (Gate area) 
      Cumulative area ratio:  104.89
      Required ratio:    0.00 (Cumulative area) 
      Partial area ratio:  521.28
      Required ratio:  400.00 (Side area) (VIOLATED)
      Cumulative area ratio:  521.28
      Required ratio:    0.00 (Cumulative side area) 

    Layer: via
      Partial area ratio:    0.71
      Required ratio:    6.00 (Gate area) 
      Cumulative area ratio:    0.94
      Required ratio:    0.00 (Cumulative area) 

    Layer: met2
      Partial area ratio:   22.70
      Required ratio:    0.00 (Gate area) 
      Cumulative area ratio:  127.60
      Required ratio:    0.00 (Cumulative area) 
      Partial area ratio:  112.67
      Required ratio: 2918.08 (Side area) 
      Cumulative area ratio:  633.94
      Required ratio:    0.00 (Cumulative side area) 


  Pin:   _12143_/A1 (sky130_fd_sc_hd__o211a_2)
    Layer: mcon
      Partial area ratio:    0.12
      Required ratio:    3.00 (Gate area) 
      Cumulative area ratio:    0.12
      Required ratio:    0.00 (Cumulative area) 

    Layer: met1
      Partial area ratio:    2.34
      Required ratio:    0.00 (Gate area) 
      Cumulative area ratio:    2.34
      Required ratio:    0.00 (Cumulative area) 
      Partial area ratio:   10.97
      Required ratio:  400.00 (Side area) 
      Cumulative area ratio:   10.97
      Required ratio:    0.00 (Cumulative side area) 

    Layer: via
      Partial area ratio:    0.18
      Required ratio:    6.00 (Gate area) 
      Cumulative area ratio:    0.30
      Required ratio:    0.00 (Cumulative area) 

    Layer: met2
      Partial area ratio:   22.70
      Required ratio:    0.00 (Gate area) 
      Cumulative area ratio:   25.05
      Required ratio:    0.00 (Cumulative area) 
      Partial area ratio:  112.67
      Required ratio: 2918.08 (Side area) 
      Cumulative area ratio:  123.63
      Required ratio:    0.00 (Cumulative side area) 


  Pin:   _12320_/A (sky130_fd_sc_hd__or2_2)
    Layer: mcon
      Partial area ratio:    0.23
      Required ratio:    3.00 (Gate area) 
      Cumulative area ratio:    0.23
      Required ratio:    0.00 (Cumulative area) 

    Layer: met1
      Partial area ratio:    4.14
      Required ratio:    0.00 (Gate area) 
      Cumulative area ratio:    4.14
      Required ratio:    0.00 (Cumulative area) 
      Partial area ratio:   19.22
      Required ratio:  400.00 (Side area) 
      Cumulative area ratio:   19.22
      Required ratio:    0.00 (Cumulative side area) 

    Layer: via
      Partial area ratio:    0.36
      Required ratio:    6.00 (Gate area) 
      Cumulative area ratio:    0.59
      Required ratio:    0.00 (Cumulative area) 

    Layer: met2
      Partial area ratio:   22.70
      Required ratio:    0.00 (Gate area) 
      Cumulative area ratio:   26.84
      Required ratio:    0.00 (Cumulative area) 
      Partial area ratio:  112.67
      Required ratio: 2918.08 (Side area) 
      Cumulative area ratio:  131.89
      Required ratio:    0.00 (Cumulative side area) 


  Pin:   _12329_/A (sky130_fd_sc_hd__or2_2)
    Layer: mcon
      Partial area ratio:    0.23
      Required ratio:    3.00 (Gate area) 
      Cumulative area ratio:    0.23
      Required ratio:    0.00 (Cumulative area) 

    Layer: met1
      Partial area ratio:    4.14
      Required ratio:    0.00 (Gate area) 
      Cumulative area ratio:    4.14
      Required ratio:    0.00 (Cumulative area) 
      Partial area ratio:   19.22
      Required ratio:  400.00 (Side area) 
      Cumulative area ratio:   19.22
      Required ratio:    0.00 (Cumulative side area) 

    Layer: via
      Partial area ratio:    0.36
      Required ratio:    6.00 (Gate area) 
      Cumulative area ratio:    0.59
      Required ratio:    0.00 (Cumulative area) 

    Layer: met2
      Partial area ratio:   22.70
      Required ratio:    0.00 (Gate area) 
      Cumulative area ratio:   26.84
      Required ratio:    0.00 (Cumulative area) 
      Partial area ratio:  112.67
      Required ratio: 2918.08 (Side area) 
      Cumulative area ratio:  131.89
      Required ratio:    0.00 (Cumulative side area) 



Net: net2401
  Pin:   fanout2389/A (sky130_fd_sc_hd__clkdlybuf4s25_1)
    Layer: mcon
      Partial area ratio:    0.14
      Required ratio:    3.00 (Gate area) 
      Cumulative area ratio:    0.14
      Required ratio:    0.00 (Cumulative area) 

    Layer: met1
      Partial area ratio:    3.94
      Required ratio:    0.00 (Gate area) 
      Cumulative area ratio:    3.94
      Required ratio:    0.00 (Cumulative area) 
      Partial area ratio:   18.84
      Required ratio:  400.00 (Side area) 
      Cumulative area ratio:   18.84
      Required ratio:    0.00 (Cumulative side area) 

    Layer: via
      Partial area ratio:    0.21
      Required ratio:    6.00 (Gate area) 
      Cumulative area ratio:    0.35
      Required ratio:    0.00 (Cumulative area) 

    Layer: met2
      Partial area ratio:    0.88
      Required ratio:    0.00 (Gate area) 
      Cumulative area ratio:    4.82
      Required ratio:    0.00 (Cumulative area) 
      Partial area ratio:    4.04
      Required ratio:  400.00 (Side area) 
      Cumulative area ratio:   22.88
      Required ratio:    0.00 (Cumulative side area) 

    Layer: via2
      Partial area ratio:    0.19
      Required ratio:    6.00 (Gate area) 
      Cumulative area ratio:    0.53
      Required ratio:    0.00 (Cumulative area) 

    Layer: met3
      Partial area ratio:  112.06
      Required ratio:    0.00 (Gate area) 
      Cumulative area ratio:  116.88
      Required ratio:    0.00 (Cumulative area) 
      Partial area ratio:  598.74
      Required ratio:  400.00 (Side area) (VIOLATED)
      Cumulative area ratio:  621.62
      Required ratio:    0.00 (Cumulative side area) 

    Layer: via3
      Partial area ratio:    0.09
      Required ratio:    6.00 (Gate area) 
      Cumulative area ratio:    0.63
      Required ratio:    0.00 (Cumulative area) 

    Layer: met4
      Partial area ratio:   13.14
      Required ratio:    0.00 (Gate area) 
      Cumulative area ratio:  130.02
      Required ratio:    0.00 (Cumulative area) 
      Partial area ratio:   70.84
      Required ratio: 2881.16 (Side area) 
      Cumulative area ratio:  692.46
      Required ratio:    0.00 (Cumulative side area) 


  Pin:   fanout2391/A (sky130_fd_sc_hd__clkdlybuf4s25_1)
    Layer: mcon
      Partial area ratio:    0.14
      Required ratio:    3.00 (Gate area) 
      Cumulative area ratio:    0.14
      Required ratio:    0.00 (Cumulative area) 

    Layer: met1
      Partial area ratio:    3.80
      Required ratio:    0.00 (Gate area) 
      Cumulative area ratio:    3.80
      Required ratio:    0.00 (Cumulative area) 
      Partial area ratio:   18.13
      Required ratio:  400.00 (Side area) 
      Cumulative area ratio:   18.13
      Required ratio:    0.00 (Cumulative side area) 

    Layer: via
      Partial area ratio:    0.21
      Required ratio:    6.00 (Gate area) 
      Cumulative area ratio:    0.35
      Required ratio:    0.00 (Cumulative area) 

    Layer: met2
      Partial area ratio:    0.88
      Required ratio:    0.00 (Gate area) 
      Cumulative area ratio:    4.68
      Required ratio:    0.00 (Cumulative area) 
      Partial area ratio:    4.04
      Required ratio:  400.00 (Side area) 
      Cumulative area ratio:   22.17
      Required ratio:    0.00 (Cumulative side area) 

    Layer: via2
      Partial area ratio:    0.19
      Required ratio:    6.00 (Gate area) 
      Cumulative area ratio:    0.53
      Required ratio:    0.00 (Cumulative area) 

    Layer: met3
      Partial area ratio:  112.06
      Required ratio:    0.00 (Gate area) 
      Cumulative area ratio:  116.74
      Required ratio:    0.00 (Cumulative area) 
      Partial area ratio:  598.74
      Required ratio:  400.00 (Side area) (VIOLATED)
      Cumulative area ratio:  620.92
      Required ratio:    0.00 (Cumulative side area) 

    Layer: via3
      Partial area ratio:    0.09
      Required ratio:    6.00 (Gate area) 
      Cumulative area ratio:    0.63
      Required ratio:    0.00 (Cumulative area) 

    Layer: met4
      Partial area ratio:   13.14
      Required ratio:    0.00 (Gate area) 
      Cumulative area ratio:  129.88
      Required ratio:    0.00 (Cumulative area) 
      Partial area ratio:   70.84
      Required ratio: 2881.16 (Side area) 
      Cumulative area ratio:  691.75
      Required ratio:    0.00 (Cumulative side area) 


  Pin:   load_slew2403/A (sky130_fd_sc_hd__clkbuf_2)
    Layer: mcon
      Partial area ratio:    0.14
      Required ratio:    3.00 (Gate area) 
      Cumulative area ratio:    0.14
      Required ratio:    0.00 (Cumulative area) 

    Layer: met1
      Partial area ratio:    8.13
      Required ratio:    0.00 (Gate area) 
      Cumulative area ratio:    8.13
      Required ratio:    0.00 (Cumulative area) 
      Partial area ratio:   38.97
      Required ratio: 2881.16 (Side area) 
      Cumulative area ratio:   38.97
      Required ratio:    0.00 (Cumulative side area) 

    Layer: via
      Partial area ratio:    0.32
      Required ratio:   31.30 (Gate area) 
      Cumulative area ratio:    0.45
      Required ratio:    0.00 (Cumulative area) 

    Layer: met2
      Partial area ratio:    1.27
      Required ratio:    0.00 (Gate area) 
      Cumulative area ratio:    9.40
      Required ratio:    0.00 (Cumulative area) 
      Partial area ratio:    5.95
      Required ratio: 2881.16 (Side area) 
      Cumulative area ratio:   44.92
      Required ratio:    0.00 (Cumulative side area) 

    Layer: via2
      Partial area ratio:    0.19
      Required ratio:   31.30 (Gate area) 
      Cumulative area ratio:    0.64
      Required ratio:    0.00 (Cumulative area) 

    Layer: met3
      Partial area ratio:    0.59
      Required ratio:    0.00 (Gate area) 
      Cumulative area ratio:    9.99
      Required ratio:    0.00 (Cumulative area) 
      Partial area ratio:    5.33
      Required ratio: 2881.16 (Side area) 
      Cumulative area ratio:   50.25
      Required ratio:    0.00 (Cumulative side area) 

    Layer: via3
      Partial area ratio:    0.19
      Required ratio:   31.30 (Gate area) 
      Cumulative area ratio:    0.83
      Required ratio:    0.00 (Cumulative area) 

    Layer: met4
      Partial area ratio:   13.14
      Required ratio:    0.00 (Gate area) 
      Cumulative area ratio:   23.13
      Required ratio:    0.00 (Cumulative area) 
      Partial area ratio:   70.84
      Required ratio: 2881.16 (Side area) 
      Cumulative area ratio:  121.08
      Required ratio:    0.00 (Cumulative side area) 



Net: net2449
  Pin:   fanout2414/A (sky130_fd_sc_hd__clkdlybuf4s25_1)
    Layer: mcon
      Partial area ratio:    0.14
      Required ratio:    3.00 (Gate area) 
      Cumulative area ratio:    0.14
      Required ratio:    0.00 (Cumulative area) 

    Layer: met1
      Partial area ratio:   20.02
      Required ratio:    0.00 (Gate area) 
      Cumulative area ratio:   20.02
      Required ratio:    0.00 (Cumulative area) 
      Partial area ratio:   99.24
      Required ratio:  400.00 (Side area) 
      Cumulative area ratio:   99.24
      Required ratio:    0.00 (Cumulative side area) 

    Layer: via
      Partial area ratio:    0.21
      Required ratio:    6.00 (Gate area) 
      Cumulative area ratio:    0.35
      Required ratio:    0.00 (Cumulative area) 

    Layer: met2
      Partial area ratio:   10.11
      Required ratio:    0.00 (Gate area) 
      Cumulative area ratio:   30.13
      Required ratio:    0.00 (Cumulative area) 
      Partial area ratio:   49.71
      Required ratio:  400.00 (Side area) 
      Cumulative area ratio:  148.95
      Required ratio:    0.00 (Cumulative side area) 

    Layer: via2
      Partial area ratio:    0.19
      Required ratio:    6.00 (Gate area) 
      Cumulative area ratio:    0.53
      Required ratio:    0.00 (Cumulative area) 

    Layer: met3
      Partial area ratio:  185.25
      Required ratio:    0.00 (Gate area) 
      Cumulative area ratio:  215.38
      Required ratio:    0.00 (Cumulative area) 
      Partial area ratio:  990.16
      Required ratio: 2881.16 (Side area) 
      Cumulative area ratio: 1139.11
      Required ratio:    0.00 (Cumulative side area) 

    Layer: via3
      Partial area ratio:    0.19
      Required ratio:   31.30 (Gate area) 
      Cumulative area ratio:    0.72
      Required ratio:    0.00 (Cumulative area) 

    Layer: met4
      Partial area ratio:   65.08
      Required ratio:    0.00 (Gate area) 
      Cumulative area ratio:  280.45
      Required ratio:    0.00 (Cumulative area) 
      Partial area ratio:  348.17
      Required ratio: 2881.16 (Side area) 
      Cumulative area ratio: 1487.27
      Required ratio:    0.00 (Cumulative side area) 


  Pin:   fanout2420/A (sky130_fd_sc_hd__clkdlybuf4s25_1)
    Layer: mcon
      Partial area ratio:    0.14
      Required ratio:    3.00 (Gate area) 
      Cumulative area ratio:    0.14
      Required ratio:    0.00 (Cumulative area) 

    Layer: met1
      Partial area ratio:    2.27
      Required ratio:    0.00 (Gate area) 
      Cumulative area ratio:    2.27
      Required ratio:    0.00 (Cumulative area) 
      Partial area ratio:   10.84
      Required ratio:  400.00 (Side area) 
      Cumulative area ratio:   10.84
      Required ratio:    0.00 (Cumulative side area) 

    Layer: via
      Partial area ratio:    0.14
      Required ratio:    6.00 (Gate area) 
      Cumulative area ratio:    0.28
      Required ratio:    0.00 (Cumulative area) 

    Layer: met2
      Partial area ratio:    0.55
      Required ratio:    0.00 (Gate area) 
      Cumulative area ratio:    2.83
      Required ratio:    0.00 (Cumulative area) 
      Partial area ratio:    2.28
      Required ratio:  400.00 (Side area) 
      Cumulative area ratio:   13.12
      Required ratio:    0.00 (Cumulative side area) 

    Layer: via2
      Partial area ratio:    0.19
      Required ratio:    6.00 (Gate area) 
      Cumulative area ratio:    0.47
      Required ratio:    0.00 (Cumulative area) 

    Layer: met3
      Partial area ratio:    0.59
      Required ratio:    0.00 (Gate area) 
      Cumulative area ratio:    3.41
      Required ratio:    0.00 (Cumulative area) 
      Partial area ratio:    5.33
      Required ratio:  400.00 (Side area) 
      Cumulative area ratio:   18.46
      Required ratio:    0.00 (Cumulative side area) 

    Layer: via3
      Partial area ratio:    0.19
      Required ratio:    6.00 (Gate area) 
      Cumulative area ratio:    0.66
      Required ratio:    0.00 (Cumulative area) 

    Layer: met4
      Partial area ratio:   65.08
      Required ratio:    0.00 (Gate area) 
      Cumulative area ratio:   68.49
      Required ratio:    0.00 (Cumulative area) 
      Partial area ratio:  348.17
      Required ratio: 2881.16 (Side area) 
      Cumulative area ratio:  366.62
      Required ratio:    0.00 (Cumulative side area) 


  Pin:   fanout2426/A (sky130_fd_sc_hd__clkdlybuf4s25_1)
    Layer: mcon
      Partial area ratio:    0.14
      Required ratio:    3.00 (Gate area) 
      Cumulative area ratio:    0.14
      Required ratio:    0.00 (Cumulative area) 

    Layer: met1
      Partial area ratio:    3.03
      Required ratio:    0.00 (Gate area) 
      Cumulative area ratio:    3.03
      Required ratio:    0.00 (Cumulative area) 
      Partial area ratio:   14.29
      Required ratio:  400.00 (Side area) 
      Cumulative area ratio:   14.29
      Required ratio:    0.00 (Cumulative side area) 

    Layer: via
      Partial area ratio:    0.21
      Required ratio:    6.00 (Gate area) 
      Cumulative area ratio:    0.35
      Required ratio:    0.00 (Cumulative area) 

    Layer: met2
      Partial area ratio:    0.88
      Required ratio:    0.00 (Gate area) 
      Cumulative area ratio:    3.91
      Required ratio:    0.00 (Cumulative area) 
      Partial area ratio:    4.04
      Required ratio:  400.00 (Side area) 
      Cumulative area ratio:   18.33
      Required ratio:    0.00 (Cumulative side area) 

    Layer: via2
      Partial area ratio:    0.19
      Required ratio:    6.00 (Gate area) 
      Cumulative area ratio:    0.53
      Required ratio:    0.00 (Cumulative area) 

    Layer: met3
      Partial area ratio:   49.80
      Required ratio:    0.00 (Gate area) 
      Cumulative area ratio:   53.71
      Required ratio:    0.00 (Cumulative area) 
      Partial area ratio:  269.97
      Required ratio:  400.00 (Side area) 
      Cumulative area ratio:  288.30
      Required ratio:    0.00 (Cumulative side area) 

    Layer: via3
      Partial area ratio:    0.38
      Required ratio:    6.00 (Gate area) 
      Cumulative area ratio:    0.91
      Required ratio:    0.00 (Cumulative area) 

    Layer: met4
      Partial area ratio:   65.08
      Required ratio:    0.00 (Gate area) 
      Cumulative area ratio:  118.79
      Required ratio:    0.00 (Cumulative area) 
      Partial area ratio:  348.17
      Required ratio: 2881.16 (Side area) 
      Cumulative area ratio:  636.47
      Required ratio:    0.00 (Cumulative side area) 


  Pin:   fanout2432/A (sky130_fd_sc_hd__clkdlybuf4s25_1)
    Layer: mcon
      Partial area ratio:    0.14
      Required ratio:    3.00 (Gate area) 
      Cumulative area ratio:    0.14
      Required ratio:    0.00 (Cumulative area) 

    Layer: met1
      Partial area ratio:   10.01
      Required ratio:    0.00 (Gate area) 
      Cumulative area ratio:   10.01
      Required ratio:    0.00 (Cumulative area) 
      Partial area ratio:   49.16
      Required ratio:  400.00 (Side area) 
      Cumulative area ratio:   49.16
      Required ratio:    0.00 (Cumulative side area) 

    Layer: via
      Partial area ratio:    0.21
      Required ratio:    6.00 (Gate area) 
      Cumulative area ratio:    0.35
      Required ratio:    0.00 (Cumulative area) 

    Layer: met2
      Partial area ratio:    5.58
      Required ratio:    0.00 (Gate area) 
      Cumulative area ratio:   15.58
      Required ratio:    0.00 (Cumulative area) 
      Partial area ratio:   27.03
      Required ratio:  400.00 (Side area) 
      Cumulative area ratio:   76.19
      Required ratio:    0.00 (Cumulative side area) 

    Layer: via2
      Partial area ratio:    0.19
      Required ratio:    6.00 (Gate area) 
      Cumulative area ratio:    0.53
      Required ratio:    0.00 (Cumulative area) 

    Layer: met3
      Partial area ratio:  102.36
      Required ratio:    0.00 (Gate area) 
      Cumulative area ratio:  117.94
      Required ratio:    0.00 (Cumulative area) 
      Partial area ratio:  546.99
      Required ratio:  400.00 (Side area) (VIOLATED)
      Cumulative area ratio:  623.17
      Required ratio:    0.00 (Cumulative side area) 

    Layer: via3
      Partial area ratio:    0.19
      Required ratio:    6.00 (Gate area) 
      Cumulative area ratio:    0.72
      Required ratio:    0.00 (Cumulative area) 

    Layer: met4
      Partial area ratio:   65.08
      Required ratio:    0.00 (Gate area) 
      Cumulative area ratio:  183.02
      Required ratio:    0.00 (Cumulative area) 
      Partial area ratio:  348.17
      Required ratio: 2881.16 (Side area) 
      Cumulative area ratio:  971.34
      Required ratio:    0.00 (Cumulative side area) 


  Pin:   fanout2438/A (sky130_fd_sc_hd__clkdlybuf4s25_1)
    Layer: mcon
      Partial area ratio:    0.14
      Required ratio:    3.00 (Gate area) 
      Cumulative area ratio:    0.14
      Required ratio:    0.00 (Cumulative area) 

    Layer: met1
      Partial area ratio:    2.37
      Required ratio:    0.00 (Gate area) 
      Cumulative area ratio:    2.37
      Required ratio:    0.00 (Cumulative area) 
      Partial area ratio:   11.23
      Required ratio:  400.00 (Side area) 
      Cumulative area ratio:   11.23
      Required ratio:    0.00 (Cumulative side area) 

    Layer: via
      Partial area ratio:    0.21
      Required ratio:    6.00 (Gate area) 
      Cumulative area ratio:    0.35
      Required ratio:    0.00 (Cumulative area) 

    Layer: met2
      Partial area ratio:    0.88
      Required ratio:    0.00 (Gate area) 
      Cumulative area ratio:    3.24
      Required ratio:    0.00 (Cumulative area) 
      Partial area ratio:    4.04
      Required ratio:  400.00 (Side area) 
      Cumulative area ratio:   15.28
      Required ratio:    0.00 (Cumulative side area) 

    Layer: via2
      Partial area ratio:    0.19
      Required ratio:    6.00 (Gate area) 
      Cumulative area ratio:    0.53
      Required ratio:    0.00 (Cumulative area) 

    Layer: met3
      Partial area ratio:    0.59
      Required ratio:    0.00 (Gate area) 
      Cumulative area ratio:    3.83
      Required ratio:    0.00 (Cumulative area) 
      Partial area ratio:    5.33
      Required ratio:  400.00 (Side area) 
      Cumulative area ratio:   20.61
      Required ratio:    0.00 (Cumulative side area) 

    Layer: via3
      Partial area ratio:    0.19
      Required ratio:    6.00 (Gate area) 
      Cumulative area ratio:    0.72
      Required ratio:    0.00 (Cumulative area) 

    Layer: met4
      Partial area ratio:   65.08
      Required ratio:    0.00 (Gate area) 
      Cumulative area ratio:   68.91
      Required ratio:    0.00 (Cumulative area) 
      Partial area ratio:  348.17
      Required ratio: 2881.16 (Side area) 
      Cumulative area ratio:  368.78
      Required ratio:    0.00 (Cumulative side area) 


  Pin:   fanout2447/A (sky130_fd_sc_hd__clkdlybuf4s25_1)
    Layer: mcon
      Partial area ratio:    0.14
      Required ratio:    3.00 (Gate area) 
      Cumulative area ratio:    0.14
      Required ratio:    0.00 (Cumulative area) 

    Layer: met1
      Partial area ratio:   20.04
      Required ratio:    0.00 (Gate area) 
      Cumulative area ratio:   20.04
      Required ratio:    0.00 (Cumulative area) 
      Partial area ratio:   99.31
      Required ratio:  400.00 (Side area) 
      Cumulative area ratio:   99.31
      Required ratio:    0.00 (Cumulative side area) 

    Layer: via
      Partial area ratio:    0.21
      Required ratio:    6.00 (Gate area) 
      Cumulative area ratio:    0.35
      Required ratio:    0.00 (Cumulative area) 

    Layer: met2
      Partial area ratio:    0.88
      Required ratio:    0.00 (Gate area) 
      Cumulative area ratio:   20.91
      Required ratio:    0.00 (Cumulative area) 
      Partial area ratio:    4.04
      Required ratio:  400.00 (Side area) 
      Cumulative area ratio:  103.35
      Required ratio:    0.00 (Cumulative side area) 

    Layer: via2
      Partial area ratio:    0.19
      Required ratio:    6.00 (Gate area) 
      Cumulative area ratio:    0.53
      Required ratio:    0.00 (Cumulative area) 

    Layer: met3
      Partial area ratio:  102.36
      Required ratio:    0.00 (Gate area) 
      Cumulative area ratio:  123.27
      Required ratio:    0.00 (Cumulative area) 
      Partial area ratio:  546.99
      Required ratio:  400.00 (Side area) (VIOLATED)
      Cumulative area ratio:  650.34
      Required ratio:    0.00 (Cumulative side area) 

    Layer: via3
      Partial area ratio:    0.19
      Required ratio:    6.00 (Gate area) 
      Cumulative area ratio:    0.72
      Required ratio:    0.00 (Cumulative area) 

    Layer: met4
      Partial area ratio:   65.08
      Required ratio:    0.00 (Gate area) 
      Cumulative area ratio:  188.35
      Required ratio:    0.00 (Cumulative area) 
      Partial area ratio:  348.17
      Required ratio: 2881.16 (Side area) 
      Cumulative area ratio:  998.51
      Required ratio:    0.00 (Cumulative side area) 



[INFO ANT-0002] Found 119 net violations.
[INFO ANT-0001] Found 150 pin violations.
%OL_END_REPORT
