
===========================================================================
report_checks -unconstrained
===========================================================================
======================= max_tt_025C_1v80 Corner ===================================

Startpoint: _20469_ (rising edge-triggered flip-flop clocked by clk)
Endpoint: _20653_ (rising edge-triggered flip-flop clocked by clk)
Path Group: clk
Path Type: max

Fanout         Cap        Slew       Delay        Time   Description
---------------------------------------------------------------------------------------------
                                  0.000000    0.000000   clock clk (rise edge)
                                  0.000000    0.000000   clock source latency
     2    0.091615    0.417472    0.320989    0.320989 ^ clk (in)
                                                         clk (net)
                      0.424287    0.000000    0.320989 ^ clkbuf_0_clk/A (sky130_fd_sc_hd__clkbuf_16)
     4    0.152837    0.168811    0.333207    0.654196 ^ clkbuf_0_clk/X (sky130_fd_sc_hd__clkbuf_16)
                                                         clknet_0_clk (net)
                      0.170716    0.015020    0.669216 ^ clkbuf_2_3_0_clk/A (sky130_fd_sc_hd__clkbuf_8)
    16    0.226870    0.387442    0.424833    1.094048 ^ clkbuf_2_3_0_clk/X (sky130_fd_sc_hd__clkbuf_8)
                                                         clknet_2_3_0_clk (net)
                      0.389261    0.022845    1.116893 ^ clkbuf_6_61_0_clk/A (sky130_fd_sc_hd__clkbuf_8)
     6    0.045777    0.095544    0.274979    1.391872 ^ clkbuf_6_61_0_clk/X (sky130_fd_sc_hd__clkbuf_8)
                                                         clknet_6_61_0_clk (net)
                      0.095590    0.002114    1.393986 ^ clkbuf_leaf_165_clk/A (sky130_fd_sc_hd__clkbuf_8)
    10    0.028185    0.063463    0.168688    1.562675 ^ clkbuf_leaf_165_clk/X (sky130_fd_sc_hd__clkbuf_8)
                                                         clknet_leaf_165_clk (net)
                      0.063481    0.001056    1.563730 ^ _20469_/CLK (sky130_fd_sc_hd__dfxtp_2)
     1    0.006355    0.045077    0.341157    1.904888 ^ _20469_/Q (sky130_fd_sc_hd__dfxtp_2)
                                                         u_core.instr[22] (net)
                      0.045077    0.000427    1.905314 ^ fanout2062/A (sky130_fd_sc_hd__clkdlybuf4s25_1)
     7    0.156504    1.538530    1.343633    3.248948 ^ fanout2062/X (sky130_fd_sc_hd__clkdlybuf4s25_1)
                                                         net2062 (net)
                      1.539653    0.036481    3.285429 ^ fanout2051/A (sky130_fd_sc_hd__clkdlybuf4s25_1)
    10    0.072870    0.722073    0.944150    4.229579 ^ fanout2051/X (sky130_fd_sc_hd__clkdlybuf4s25_1)
                                                         net2051 (net)
                      0.722419    0.009090    4.238669 ^ fanout2049/A (sky130_fd_sc_hd__clkdlybuf4s25_1)
     5    0.034062    0.344544    0.606857    4.845526 ^ fanout2049/X (sky130_fd_sc_hd__clkdlybuf4s25_1)
                                                         net2049 (net)
                      0.344553    0.002319    4.847846 ^ load_slew2050/A (sky130_fd_sc_hd__clkbuf_2)
     6    0.050811    0.276529    0.359721    5.207566 ^ load_slew2050/X (sky130_fd_sc_hd__clkbuf_2)
                                                         net2050 (net)
                      0.276888    0.008577    5.216143 ^ _09269_/A_N (sky130_fd_sc_hd__and2b_2)
     1    0.006150    0.043886    0.278889    5.495032 v _09269_/X (sky130_fd_sc_hd__and2b_2)
                                                         _05741_ (net)
                      0.043886    0.000464    5.495496 v fanout1916/A (sky130_fd_sc_hd__clkdlybuf4s25_1)
     3    0.052917    0.389285    0.534988    6.030483 v fanout1916/X (sky130_fd_sc_hd__clkdlybuf4s25_1)
                                                         net1916 (net)
                      0.389355    0.005282    6.035765 v fanout1915/A (sky130_fd_sc_hd__clkdlybuf4s25_1)
     7    0.075570    0.551616    0.772923    6.808688 v fanout1915/X (sky130_fd_sc_hd__clkdlybuf4s25_1)
                                                         net1915 (net)
                      0.552272    0.014996    6.823684 v fanout1913/A (sky130_fd_sc_hd__clkdlybuf4s25_1)
     3    0.018794    0.146774    0.505268    7.328952 v fanout1913/X (sky130_fd_sc_hd__clkdlybuf4s25_1)
                                                         net1913 (net)
                      0.146778    0.001021    7.329973 v load_slew1914/A (sky130_fd_sc_hd__clkbuf_4)
     8    0.057924    0.121056    0.269729    7.599701 v load_slew1914/X (sky130_fd_sc_hd__clkbuf_4)
                                                         net1914 (net)
                      0.123519    0.014437    7.614139 v _09483_/B2 (sky130_fd_sc_hd__a32o_2)
     1    0.004425    0.043771    0.275145    7.889284 v _09483_/X (sky130_fd_sc_hd__a32o_2)
                                                         _05955_ (net)
                      0.043771    0.000330    7.889615 v _09488_/A (sky130_fd_sc_hd__or3_2)
     1    0.004061    0.081126    0.497202    8.386817 v _09488_/X (sky130_fd_sc_hd__or3_2)
                                                         _05960_ (net)
                      0.081126    0.000316    8.387133 v _09490_/A2 (sky130_fd_sc_hd__a32o_2)
     3    0.038484    0.115714    0.379956    8.767089 v _09490_/X (sky130_fd_sc_hd__a32o_2)
                                                         _05962_ (net)
                      0.116290    0.007278    8.774366 v _09493_/A2 (sky130_fd_sc_hd__a21o_2)
     4    0.020851    0.075505    0.296819    9.071186 v _09493_/X (sky130_fd_sc_hd__a21o_2)
                                                         _05965_ (net)
                      0.075528    0.001326    9.072512 v _09496_/A (sky130_fd_sc_hd__nand2_2)
     1    0.016178    0.099527    0.112885    9.185397 ^ _09496_/Y (sky130_fd_sc_hd__nand2_2)
                                                         _05968_ (net)
                      0.099580    0.001901    9.187298 ^ fanout1439/A (sky130_fd_sc_hd__clkdlybuf4s25_1)
     5    0.049646    0.497417    0.606805    9.794103 ^ fanout1439/X (sky130_fd_sc_hd__clkdlybuf4s25_1)
                                                         net1439 (net)
                      0.497800    0.012024    9.806127 ^ fanout1438/A (sky130_fd_sc_hd__clkdlybuf4s25_1)
     8    0.053714    0.536653    0.718905   10.525032 ^ fanout1438/X (sky130_fd_sc_hd__clkdlybuf4s25_1)
                                                         net1438 (net)
                      0.536653    0.001751   10.526783 ^ fanout1437/A (sky130_fd_sc_hd__clkdlybuf4s25_1)
    10    0.054589    0.545145    0.731578   11.258361 ^ fanout1437/X (sky130_fd_sc_hd__clkdlybuf4s25_1)
                                                         net1437 (net)
                      0.545175    0.004730   11.263090 ^ _11475_/S (sky130_fd_sc_hd__mux2_1)
     2    0.012779    0.100650    0.454111   11.717202 v _11475_/X (sky130_fd_sc_hd__mux2_1)
                                                         _07945_ (net)
                      0.100661    0.001140   11.718342 v _11477_/A0 (sky130_fd_sc_hd__mux2_1)
     2    0.007652    0.079545    0.347075   12.065417 v _11477_/X (sky130_fd_sc_hd__mux2_1)
                                                         _07947_ (net)
                      0.079545    0.000318   12.065736 v _11478_/A1 (sky130_fd_sc_hd__mux2_1)
     2    0.008451    0.083388    0.355526   12.421262 v _11478_/X (sky130_fd_sc_hd__mux2_1)
                                                         _07948_ (net)
                      0.083388    0.000291   12.421553 v _11479_/A1 (sky130_fd_sc_hd__mux2_1)
     2    0.018784    0.128411    0.408622   12.830174 v _11479_/X (sky130_fd_sc_hd__mux2_1)
                                                         _07949_ (net)
                      0.128439    0.001919   12.832094 v _11521_/B2 (sky130_fd_sc_hd__o2bb2a_2)
     1    0.015018    0.073190    0.333065   13.165159 v _11521_/X (sky130_fd_sc_hd__o2bb2a_2)
                                                         _07991_ (net)
                      0.073270    0.001689   13.166848 v _11522_/C1 (sky130_fd_sc_hd__o211a_2)
     2    0.013072    0.066302    0.160234   13.327083 v _11522_/X (sky130_fd_sc_hd__o211a_2)
                                                         _07992_ (net)
                      0.066302    0.000805   13.327888 v _11524_/B1 (sky130_fd_sc_hd__a21oi_2)
     3    0.038241    0.470903    0.389519   13.717406 ^ _11524_/Y (sky130_fd_sc_hd__a21oi_2)
                                                         _07994_ (net)
                      0.470932    0.003264   13.720671 ^ max_cap618/A (sky130_fd_sc_hd__buf_2)
     2    0.048843    0.239882    0.363327   14.083998 ^ max_cap618/X (sky130_fd_sc_hd__buf_2)
                                                         net618 (net)
                      0.239949    0.004019   14.088017 ^ _12643_/B (sky130_fd_sc_hd__or2_2)
     1    0.009793    0.068760    0.189765   14.277781 ^ _12643_/X (sky130_fd_sc_hd__or2_2)
                                                         _09072_ (net)
                      0.068767    0.000764   14.278545 ^ fanout599/A (sky130_fd_sc_hd__clkdlybuf4s25_1)
    10    0.150625    1.492960    1.295449   15.573994 ^ fanout599/X (sky130_fd_sc_hd__clkdlybuf4s25_1)
                                                         net599 (net)
                      1.492999    0.006901   15.580895 ^ fanout598/A (sky130_fd_sc_hd__clkdlybuf4s25_1)
     5    0.070778    0.702153    0.924873   16.505768 ^ fanout598/X (sky130_fd_sc_hd__clkdlybuf4s25_1)
                                                         net598 (net)
                      0.702178    0.003775   16.509542 ^ fanout597/A (sky130_fd_sc_hd__clkdlybuf4s25_1)
    10    0.084010    0.832597    0.958922   17.468464 ^ fanout597/X (sky130_fd_sc_hd__clkdlybuf4s25_1)
                                                         net597 (net)
                      0.832984    0.015747   17.484211 ^ _12644_/B (sky130_fd_sc_hd__or2_2)
     2    0.013923    0.092046    0.290932   17.775145 ^ _12644_/X (sky130_fd_sc_hd__or2_2)
                                                         _09073_ (net)
                      0.092050    0.000727   17.775869 ^ fanout583/A (sky130_fd_sc_hd__clkdlybuf4s25_1)
    10    0.115415    1.144473    1.072413   18.848284 ^ fanout583/X (sky130_fd_sc_hd__clkdlybuf4s25_1)
                                                         net583 (net)
                      1.144504    0.005404   18.853687 ^ fanout582/A (sky130_fd_sc_hd__clkdlybuf4s25_1)
    10    0.080853    0.800812    0.969100   19.822788 ^ fanout582/X (sky130_fd_sc_hd__clkdlybuf4s25_1)
                                                         net582 (net)
                      0.801262    0.016627   19.839415 ^ _16410_/A1 (sky130_fd_sc_hd__o22a_2)
     1    0.030669    0.165159    0.403391   20.242805 ^ _16410_/X (sky130_fd_sc_hd__o22a_2)
                                                         _04687_ (net)
                      0.165316    0.004801   20.247606 ^ _16421_/B (sky130_fd_sc_hd__and4_2)
     6    0.107836    0.546104    0.654417   20.902023 ^ _16421_/X (sky130_fd_sc_hd__and4_2)
                                                         _04698_ (net)
                      0.546590    0.014184   20.916208 ^ _16553_/A1 (sky130_fd_sc_hd__mux2_1)
     1    0.005560    0.074442    0.249855   21.166063 ^ _16553_/X (sky130_fd_sc_hd__mux2_1)
                                                         _04830_ (net)
                      0.074443    0.000441   21.166504 ^ _16556_/A2 (sky130_fd_sc_hd__a21oi_2)
     2    0.006533    0.136968    0.068265   21.234770 v _16556_/Y (sky130_fd_sc_hd__a21oi_2)
                                                         _04833_ (net)
                      0.136968    0.000551   21.235319 v _16557_/A3 (sky130_fd_sc_hd__a31o_2)
     2    0.006655    0.046310    0.304242   21.539562 v _16557_/X (sky130_fd_sc_hd__a31o_2)
                                                         _04834_ (net)
                      0.046310    0.000304   21.539865 v fanout137/A (sky130_fd_sc_hd__clkdlybuf4s25_1)
    10    0.051530    0.379280    0.528807   22.068672 v fanout137/X (sky130_fd_sc_hd__clkdlybuf4s25_1)
                                                         net137 (net)
                      0.379341    0.004915   22.073587 v fanout135/A (sky130_fd_sc_hd__clkdlybuf4s25_1)
    10    0.047794    0.352489    0.622601   22.696188 v fanout135/X (sky130_fd_sc_hd__clkdlybuf4s25_1)
                                                         net135 (net)
                      0.352533    0.004139   22.700327 v _16706_/A (sky130_fd_sc_hd__nor2_2)
     1    0.011670    0.165519    0.282128   22.982456 ^ _16706_/Y (sky130_fd_sc_hd__nor2_2)
                                                         _04978_ (net)
                      0.165520    0.000924   22.983379 ^ _16710_/A1 (sky130_fd_sc_hd__o32a_2)
     1    0.074972    0.383645    0.447324   23.430704 ^ _16710_/X (sky130_fd_sc_hd__o32a_2)
                                                         _04982_ (net)
                      0.384649    0.016918   23.447622 ^ fanout90/A (sky130_fd_sc_hd__clkdlybuf4s25_1)
     6    0.034895    0.352630    0.568706   24.016327 ^ fanout90/X (sky130_fd_sc_hd__clkdlybuf4s25_1)
                                                         net90 (net)
                      0.352672    0.004116   24.020443 ^ fanout88/A (sky130_fd_sc_hd__clkdlybuf4s25_1)
     8    0.038946    0.392361    0.591781   24.612225 ^ fanout88/X (sky130_fd_sc_hd__clkdlybuf4s25_1)
                                                         net88 (net)
                      0.392459    0.006285   24.618509 ^ fanout87/A (sky130_fd_sc_hd__clkdlybuf4s25_1)
    10    0.043222    0.434051    0.628356   25.246864 ^ fanout87/X (sky130_fd_sc_hd__clkdlybuf4s25_1)
                                                         net87 (net)
                      0.434118    0.005681   25.252546 ^ _17360_/A1 (sky130_fd_sc_hd__mux2_1)
     1    0.002874    0.053276    0.212980   25.465525 ^ _17360_/X (sky130_fd_sc_hd__mux2_1)
                                                         _02251_ (net)
                      0.053276    0.000226   25.465752 ^ _20653_/D (sky130_fd_sc_hd__dfxtp_2)
                                             25.465752   data arrival time

                                 40.000000   40.000000   clock clk (rise edge)
                                  0.000000   40.000000   clock source latency
     2    0.091615    0.417472    0.290420   40.290421 ^ clk (in)
                                                         clk (net)
                      0.424287    0.000000   40.290421 ^ clkbuf_0_clk/A (sky130_fd_sc_hd__clkbuf_16)
     4    0.152837    0.168811    0.301473   40.591892 ^ clkbuf_0_clk/X (sky130_fd_sc_hd__clkbuf_16)
                                                         clknet_0_clk (net)
                      0.171413    0.015795   40.607689 ^ clkbuf_2_1_0_clk/A (sky130_fd_sc_hd__clkbuf_8)
    16    0.247831    0.421428    0.410186   41.017876 ^ clkbuf_2_1_0_clk/X (sky130_fd_sc_hd__clkbuf_8)
                                                         clknet_2_1_0_clk (net)
                      0.422432    0.016136   41.034012 ^ clkbuf_6_18_0_clk/A (sky130_fd_sc_hd__clkbuf_8)
     6    0.058975    0.116730    0.268109   41.302120 ^ clkbuf_6_18_0_clk/X (sky130_fd_sc_hd__clkbuf_8)
                                                         clknet_6_18_0_clk (net)
                      0.117425    0.006484   41.308605 ^ clkbuf_leaf_260_clk/A (sky130_fd_sc_hd__clkbuf_8)
    10    0.036095    0.075994    0.168953   41.477558 ^ clkbuf_leaf_260_clk/X (sky130_fd_sc_hd__clkbuf_8)
                                                         clknet_leaf_260_clk (net)
                      0.076026    0.001450   41.479008 ^ _20653_/CLK (sky130_fd_sc_hd__dfxtp_2)
                                 -0.250000   41.229004   clock uncertainty
                                  0.062304   41.291309   clock reconvergence pessimism
                                 -0.056210   41.235100   library setup time
                                             41.235100   data required time
---------------------------------------------------------------------------------------------
                                             41.235100   data required time
                                            -25.465752   data arrival time
---------------------------------------------------------------------------------------------
                                             15.769347   slack (MET)




===========================================================================
report_checks --slack_max -0.01
============================================================================
======================= max_tt_025C_1v80 Corner ===================================

No paths found.


===========================================================================
 report_check_types -max_slew -max_cap -max_fanout -violators
============================================================================
======================= max_tt_025C_1v80 Corner ===================================

max slew

Pin                                        Limit        Slew       Slack
------------------------------------------------------------------------
_10413_/C1                              0.750000    1.573566   -0.823566 (VIOLATED)
_10098_/A                               0.750000    1.573524   -0.823524 (VIOLATED)
fanout1770/A                            0.750000    1.573513   -0.823513 (VIOLATED)
_09837_/A1_N                            0.750000    1.573409   -0.823409 (VIOLATED)
_09706_/C1                              0.750000    1.573390   -0.823390 (VIOLATED)
_10151_/B2                              0.750000    1.573354   -0.823354 (VIOLATED)
_09379_/C                               0.750000    1.573326   -0.823327 (VIOLATED)
_09758_/B1                              0.750000    1.573285   -0.823285 (VIOLATED)
fanout1773/X                            0.750000    1.573233   -0.823233 (VIOLATED)
ANTENNA_86/DIODE                        0.750000    1.548567   -0.798567 (VIOLATED)
_10464_/B                               0.750000    1.548568   -0.798568 (VIOLATED)
fanout1631/A                            0.750000    1.548170   -0.798170 (VIOLATED)
ANTENNA_87/DIODE                        0.750000    1.548130   -0.798130 (VIOLATED)
_10406_/B1                              0.750000    1.548015   -0.798015 (VIOLATED)
_09779_/A                               0.750000    1.547843   -0.797843 (VIOLATED)
_10286_/B1                              0.750000    1.547840   -0.797840 (VIOLATED)
fanout1634/X                            0.750000    1.547829   -0.797829 (VIOLATED)
_10332_/S                               0.750000    1.544986   -0.794986 (VIOLATED)
_10327_/B2                              0.750000    1.544961   -0.794961 (VIOLATED)
_09928_/A1                              0.750000    1.544894   -0.794894 (VIOLATED)
_10026_/B1                              0.750000    1.544829   -0.794829 (VIOLATED)
_10322_/B2                              0.750000    1.544830   -0.794830 (VIOLATED)
_09555_/A1                              0.750000    1.544780   -0.794780 (VIOLATED)
_10125_/B2                              0.750000    1.544612   -0.794612 (VIOLATED)
_10489_/B2                              0.750000    1.544570   -0.794570 (VIOLATED)
_09746_/B2                              0.750000    1.544482   -0.794482 (VIOLATED)
_09741_/B2                              0.750000    1.544477   -0.794477 (VIOLATED)
fanout1999/X                            0.750000    1.544445   -0.794445 (VIOLATED)
fanout2051/A                            0.750000    1.539653   -0.789653 (VIOLATED)
fanout2048/A                            0.750000    1.539631   -0.789631 (VIOLATED)
fanout2054/A                            0.750000    1.539600   -0.789600 (VIOLATED)
fanout2052/A                            0.750000    1.539558   -0.789558 (VIOLATED)
fanout2059/A                            0.750000    1.539250   -0.789250 (VIOLATED)
fanout2061/A                            0.750000    1.538824   -0.788824 (VIOLATED)
fanout2058/A                            0.750000    1.538569   -0.788569 (VIOLATED)
fanout2062/X                            0.750000    1.538530   -0.788530 (VIOLATED)
fanout2438/A                            0.750000    1.512807   -0.762807 (VIOLATED)
fanout2432/A                            0.750000    1.512631   -0.762631 (VIOLATED)
fanout2447/A                            0.750000    1.511952   -0.761952 (VIOLATED)
fanout2426/A                            0.750000    1.511726   -0.761726 (VIOLATED)
fanout2420/A                            0.750000    1.511100   -0.761100 (VIOLATED)
fanout2414/A                            0.750000    1.511056   -0.761056 (VIOLATED)
fanout2449/X                            0.750000    1.510998   -0.760998 (VIOLATED)
fanout1999/A                            0.750000    1.501883   -0.751883 (VIOLATED)
_10060_/B2                              0.750000    1.501626   -0.751626 (VIOLATED)
_09992_/A1                              0.750000    1.501561   -0.751561 (VIOLATED)
_10065_/B2                              0.750000    1.501512   -0.751512 (VIOLATED)
_10179_/B2                              0.750000    1.501488   -0.751488 (VIOLATED)
_10184_/B2                              0.750000    1.501298   -0.751298 (VIOLATED)
_10070_/S                               0.750000    1.501231   -0.751231 (VIOLATED)
_10163_/A                               0.750000    1.500447   -0.750447 (VIOLATED)
_09953_/A                               0.750000    1.499488   -0.749488 (VIOLATED)
_09763_/A1                              0.750000    1.498400   -0.748400 (VIOLATED)
fanout2000/X                            0.750000    1.498265   -0.748265 (VIOLATED)
_16540_/C1                              0.750000    1.496584   -0.746584 (VIOLATED)
_15674_/A                               0.750000    1.496559   -0.746559 (VIOLATED)
_12766_/B                               0.750000    1.496553   -0.746553 (VIOLATED)
_15992_/A                               0.750000    1.496434   -0.746434 (VIOLATED)
_15218_/A1                              0.750000    1.496061   -0.746061 (VIOLATED)
_15806_/A                               0.750000    1.495505   -0.745505 (VIOLATED)
_15173_/A1                              0.750000    1.495503   -0.745503 (VIOLATED)
_16355_/A                               0.750000    1.495421   -0.745421 (VIOLATED)
_15914_/A                               0.750000    1.495392   -0.745392 (VIOLATED)
fanout598/A                             0.750000    1.492999   -0.742999 (VIOLATED)
fanout599/X                             0.750000    1.492960   -0.742961 (VIOLATED)
_12806_/C                               0.750000    1.428293   -0.678294 (VIOLATED)
_13107_/B                               0.750000    1.428223   -0.678223 (VIOLATED)
_14424_/B                               0.750000    1.427973   -0.677973 (VIOLATED)
_13434_/B                               0.750000    1.427205   -0.677205 (VIOLATED)
_14096_/B                               0.750000    1.426799   -0.676799 (VIOLATED)
_14714_/B                               0.750000    1.426590   -0.676590 (VIOLATED)
_13461_/B                               0.750000    1.426217   -0.676217 (VIOLATED)
_14741_/B                               0.750000    1.424606   -0.674606 (VIOLATED)
fanout611/A                             0.750000    1.423166   -0.673166 (VIOLATED)
fanout612/X                             0.750000    1.423155   -0.673155 (VIOLATED)
fanout586/A                             0.750000    1.404187   -0.654187 (VIOLATED)
fanout587/A                             0.750000    1.404043   -0.654043 (VIOLATED)
_14278_/B                               0.750000    1.403001   -0.653001 (VIOLATED)
_14605_/B                               0.750000    1.402999   -0.652999 (VIOLATED)
ANTENNA_76/DIODE                        0.750000    1.402754   -0.652754 (VIOLATED)
_15837_/B1                              0.750000    1.402749   -0.652749 (VIOLATED)
_15097_/A                               0.750000    1.402526   -0.652526 (VIOLATED)
_16066_/B1                              0.750000    1.402333   -0.652333 (VIOLATED)
_15329_/A                               0.750000    1.402159   -0.652159 (VIOLATED)
_15514_/A                               0.750000    1.402136   -0.652136 (VIOLATED)
_16288_/A                               0.750000    1.402135   -0.652135 (VIOLATED)
fanout588/X                             0.750000    1.402090   -0.652090 (VIOLATED)
fanout1948/A                            0.750000    1.382977   -0.632977 (VIOLATED)
ANTENNA_42/DIODE                        0.750000    1.382971   -0.632971 (VIOLATED)
ANTENNA_41/DIODE                        0.750000    1.382795   -0.632796 (VIOLATED)
fanout1944/A                            0.750000    1.382794   -0.632794 (VIOLATED)
fanout1928/A                            0.750000    1.382569   -0.632569 (VIOLATED)
ANTENNA_40/DIODE                        0.750000    1.382567   -0.632567 (VIOLATED)
fanout1958/A                            0.750000    1.382260   -0.632261 (VIOLATED)
fanout1939/A                            0.750000    1.381605   -0.631605 (VIOLATED)
fanout1959/X                            0.750000    1.381568   -0.631568 (VIOLATED)
_16250_/B1                              0.750000    1.363361   -0.613361 (VIOLATED)
_15606_/B1                              0.750000    1.363341   -0.613341 (VIOLATED)
_15403_/B2                              0.750000    1.363336   -0.613336 (VIOLATED)
_16167_/B2                              0.750000    1.363103   -0.613103 (VIOLATED)
_16053_/B1                              0.750000    1.362824   -0.612824 (VIOLATED)
_16420_/B1                              0.750000    1.362807   -0.612807 (VIOLATED)
_15486_/B2                              0.750000    1.361771   -0.611771 (VIOLATED)
fanout577/A                             0.750000    1.360120   -0.610120 (VIOLATED)
fanout578/X                             0.750000    1.360087   -0.610087 (VIOLATED)
_15217_/A1                              0.750000    1.358250   -0.608250 (VIOLATED)
_15728_/A1                              0.750000    1.357639   -0.607639 (VIOLATED)
_15589_/B2                              0.750000    1.357478   -0.607478 (VIOLATED)
fanout550/A                             0.750000    1.357346   -0.607346 (VIOLATED)
fanout549/A                             0.750000    1.357289   -0.607289 (VIOLATED)
fanout551/X                             0.750000    1.357278   -0.607278 (VIOLATED)
_09531_/A                               0.750000    1.351381   -0.601381 (VIOLATED)
_09559_/B                               0.750000    1.351368   -0.601368 (VIOLATED)
_09557_/A                               0.750000    1.351367   -0.601367 (VIOLATED)
_10196_/B                               0.750000    1.351318   -0.601318 (VIOLATED)
_09944_/C1                              0.750000    1.351312   -0.601312 (VIOLATED)
_10195_/A                               0.750000    1.351279   -0.601279 (VIOLATED)
_10463_/A                               0.750000    1.351269   -0.601269 (VIOLATED)
_10485_/C1                              0.750000    1.351246   -0.601246 (VIOLATED)
_09692_/B1                              0.750000    1.350919   -0.600919 (VIOLATED)
_10121_/C1                              0.750000    1.350890   -0.600890 (VIOLATED)
fanout1627/X                            0.750000    1.350863   -0.600863 (VIOLATED)
_14033_/B                               0.750000    1.349149   -0.599149 (VIOLATED)
_15050_/C                               0.750000    1.349133   -0.599133 (VIOLATED)
_14342_/B                               0.750000    1.349119   -0.599119 (VIOLATED)
_14324_/B                               0.750000    1.349114   -0.599114 (VIOLATED)
_14051_/B                               0.750000    1.349097   -0.599097 (VIOLATED)
_14651_/B                               0.750000    1.349083   -0.599083 (VIOLATED)
_14669_/B                               0.750000    1.349029   -0.599029 (VIOLATED)
_13371_/B                               0.750000    1.349014   -0.599014 (VIOLATED)
_13062_/C                               0.750000    1.349008   -0.599008 (VIOLATED)
_13044_/C                               0.750000    1.348997   -0.598997 (VIOLATED)
fanout609/X                             0.750000    1.348956   -0.598956 (VIOLATED)
fanout872/A                             0.750000    1.334002   -0.584002 (VIOLATED)
fanout880/A                             0.750000    1.333761   -0.583761 (VIOLATED)
fanout901/A                             0.750000    1.332437   -0.582437 (VIOLATED)
fanout897/A                             0.750000    1.331993   -0.581993 (VIOLATED)
fanout912/A                             0.750000    1.331729   -0.581729 (VIOLATED)
fanout913/X                             0.750000    1.331690   -0.581690 (VIOLATED)
fanout944/A                             0.750000    1.323191   -0.573191 (VIOLATED)
fanout946/A                             0.750000    1.323136   -0.573136 (VIOLATED)
fanout948/A                             0.750000    1.323110   -0.573110 (VIOLATED)
fanout957/A                             0.750000    1.322253   -0.572253 (VIOLATED)
fanout963/A                             0.750000    1.321976   -0.571976 (VIOLATED)
fanout655/A                             0.750000    1.321698   -0.571698 (VIOLATED)
fanout657/A                             0.750000    1.321624   -0.571624 (VIOLATED)
fanout965/A                             0.750000    1.321557   -0.571557 (VIOLATED)
fanout654/A                             0.750000    1.321459   -0.571459 (VIOLATED)
fanout662/A                             0.750000    1.321273   -0.571273 (VIOLATED)
fanout962/A                             0.750000    1.321233   -0.571233 (VIOLATED)
fanout971/A                             0.750000    1.321019   -0.571019 (VIOLATED)
fanout972/X                             0.750000    1.320962   -0.570962 (VIOLATED)
fanout666/A                             0.750000    1.320557   -0.570558 (VIOLATED)
_12891_/C                               0.750000    1.320427   -0.570427 (VIOLATED)
_14505_/B                               0.750000    1.320359   -0.570359 (VIOLATED)
_14832_/B                               0.750000    1.320330   -0.570330 (VIOLATED)
_13225_/B                               0.750000    1.320227   -0.570227 (VIOLATED)
fanout676/A                             0.750000    1.320144   -0.570144 (VIOLATED)
_13515_/B                               0.750000    1.320113   -0.570113 (VIOLATED)
fanout677/X                             0.750000    1.320113   -0.570113 (VIOLATED)
_13243_/B                               0.750000    1.319905   -0.569905 (VIOLATED)
_12909_/C                               0.750000    1.319629   -0.569629 (VIOLATED)
_14195_/B                               0.750000    1.318853   -0.568853 (VIOLATED)
_14177_/B                               0.750000    1.318262   -0.568262 (VIOLATED)
_14523_/B                               0.750000    1.317935   -0.567935 (VIOLATED)
fanout855/X                             0.750000    1.317850   -0.567850 (VIOLATED)
_14141_/B                               0.750000    1.287403   -0.537403 (VIOLATED)
_13071_/B                               0.750000    1.287375   -0.537375 (VIOLATED)
_12768_/B                               0.750000    1.287372   -0.537372 (VIOLATED)
_14388_/B                               0.750000    1.287342   -0.537342 (VIOLATED)
_12853_/C                               0.750000    1.287316   -0.537316 (VIOLATED)
_13398_/B                               0.750000    1.287315   -0.537315 (VIOLATED)
_14796_/B                               0.750000    1.287294   -0.537294 (VIOLATED)
_14469_/B                               0.750000    1.287251   -0.537251 (VIOLATED)
_14678_/B                               0.750000    1.286972   -0.536972 (VIOLATED)
_13425_/B                               0.750000    1.286678   -0.536678 (VIOLATED)
_13479_/B                               0.750000    1.286594   -0.536594 (VIOLATED)
_14060_/B                               0.750000    1.286351   -0.536351 (VIOLATED)
_13189_/B                               0.750000    1.286226   -0.536226 (VIOLATED)
_13207_/B                               0.750000    1.285937   -0.535937 (VIOLATED)
ANTENNA_77/DIODE                        0.750000    1.285922   -0.535922 (VIOLATED)
_14705_/B                               0.750000    1.285618   -0.535618 (VIOLATED)
_12871_/C                               0.750000    1.285460   -0.535460 (VIOLATED)
fanout613/A                             0.750000    1.284855   -0.534855 (VIOLATED)
fanout614/X                             0.750000    1.284828   -0.534828 (VIOLATED)
ANTENNA_78/DIODE                        0.750000    1.284736   -0.534736 (VIOLATED)
_14159_/B                               0.750000    1.284584   -0.534584 (VIOLATED)
_14487_/B                               0.750000    1.283953   -0.533953 (VIOLATED)
fanout914/X                             0.750000    1.283877   -0.533877 (VIOLATED)
_14249_/B                               0.750000    1.276910   -0.526910 (VIOLATED)
_12967_/C                               0.750000    1.276800   -0.526800 (VIOLATED)
_14577_/B                               0.750000    1.276619   -0.526619 (VIOLATED)
_14904_/B                               0.750000    1.276541   -0.526541 (VIOLATED)
_13297_/B                               0.750000    1.276335   -0.526335 (VIOLATED)
_13624_/B                               0.750000    1.276191   -0.526191 (VIOLATED)
_13315_/B                               0.750000    1.275743   -0.525743 (VIOLATED)
_12985_/C                               0.750000    1.275672   -0.525672 (VIOLATED)
_14267_/B                               0.750000    1.275044   -0.525044 (VIOLATED)
_14595_/B                               0.750000    1.274634   -0.524634 (VIOLATED)
fanout739/X                             0.750000    1.274620   -0.524620 (VIOLATED)
fanout914/A                             0.750000    1.252956   -0.502956 (VIOLATED)
_14814_/B                               0.750000    1.252846   -0.502846 (VIOLATED)
_13497_/B                               0.750000    1.252056   -0.502056 (VIOLATED)
_14787_/B                               0.750000    1.251690   -0.501690 (VIOLATED)
_14132_/B                               0.750000    1.251459   -0.501459 (VIOLATED)
ANTENNA_79/DIODE                        0.750000    1.250534   -0.500534 (VIOLATED)
_13470_/B                               0.750000    1.250436   -0.500436 (VIOLATED)
_14460_/B                               0.750000    1.249726   -0.499726 (VIOLATED)
_13180_/B                               0.750000    1.249610   -0.499610 (VIOLATED)
_12844_/C                               0.750000    1.249554   -0.499554 (VIOLATED)
fanout915/X                             0.750000    1.249545   -0.499545 (VIOLATED)
fanout739/A                             0.750000    1.243883   -0.493883 (VIOLATED)
_14922_/B                               0.750000    1.243615   -0.493615 (VIOLATED)
_13642_/B                               0.750000    1.243115   -0.493115 (VIOLATED)
_14895_/B                               0.750000    1.242918   -0.492918 (VIOLATED)
_14240_/B                               0.750000    1.242788   -0.492788 (VIOLATED)
_13615_/B                               0.750000    1.242421   -0.492421 (VIOLATED)
_12958_/C                               0.750000    1.242307   -0.492307 (VIOLATED)
_13288_/B                               0.750000    1.242300   -0.492300 (VIOLATED)
_14568_/B                               0.750000    1.242293   -0.492293 (VIOLATED)
fanout740/X                             0.750000    1.242258   -0.492258 (VIOLATED)
fanout855/A                             0.750000    1.240415   -0.490415 (VIOLATED)
ANTENNA_28/DIODE                        0.750000    1.240402   -0.490403 (VIOLATED)
_14850_/B                               0.750000    1.240355   -0.490355 (VIOLATED)
ANTENNA_27/DIODE                        0.750000    1.240353   -0.490353 (VIOLATED)
_13533_/B                               0.750000    1.239885   -0.489885 (VIOLATED)
_14823_/B                               0.750000    1.239629   -0.489629 (VIOLATED)
_14168_/B                               0.750000    1.239570   -0.489570 (VIOLATED)
_13506_/B                               0.750000    1.239155   -0.489155 (VIOLATED)
_14496_/B                               0.750000    1.238418   -0.488418 (VIOLATED)
_13216_/B                               0.750000    1.238132   -0.488132 (VIOLATED)
_12882_/C                               0.750000    1.238014   -0.488014 (VIOLATED)
fanout856/X                             0.750000    1.238000   -0.488000 (VIOLATED)
_15281_/B1                              0.750000    1.235147   -0.485148 (VIOLATED)
_15956_/A1                              0.750000    1.235120   -0.485120 (VIOLATED)
_16506_/B2                              0.750000    1.235103   -0.485103 (VIOLATED)
_15581_/B1                              0.750000    1.235019   -0.485019 (VIOLATED)
_16216_/B1                              0.750000    1.234934   -0.484934 (VIOLATED)
_16136_/B1                              0.750000    1.234889   -0.484889 (VIOLATED)
_13326_/C                               0.750000    1.234677   -0.484677 (VIOLATED)
_15259_/B1                              0.750000    1.234396   -0.484396 (VIOLATED)
_13380_/C                               0.750000    1.232762   -0.482762 (VIOLATED)
_13344_/C                               0.750000    1.232733   -0.482733 (VIOLATED)
fanout566/X                             0.750000    1.232718   -0.482718 (VIOLATED)
_15713_/B1                              0.750000    1.229091   -0.479091 (VIOLATED)
_15317_/A1                              0.750000    1.229079   -0.479079 (VIOLATED)
_14606_/C                               0.750000    1.229027   -0.479027 (VIOLATED)
_16115_/B1                              0.750000    1.228979   -0.478979 (VIOLATED)
_16211_/B1                              0.750000    1.228903   -0.478903 (VIOLATED)
_15921_/B1                              0.750000    1.228696   -0.478696 (VIOLATED)
_16506_/A1                              0.750000    1.228354   -0.478354 (VIOLATED)
_15589_/A1                              0.750000    1.228158   -0.478158 (VIOLATED)
fanout544/A                             0.750000    1.226659   -0.476660 (VIOLATED)
_16447_/A1                              0.750000    1.226636   -0.476636 (VIOLATED)
fanout545/X                             0.750000    1.226597   -0.476597 (VIOLATED)
fanout2200/A                            0.750000    1.223749   -0.473749 (VIOLATED)
fanout2196/A                            0.750000    1.223695   -0.473695 (VIOLATED)
ANTENNA_45/DIODE                        0.750000    1.223688   -0.473688 (VIOLATED)
fanout2187/A                            0.750000    1.223518   -0.473518 (VIOLATED)
fanout2189/A                            0.750000    1.223452   -0.473452 (VIOLATED)
fanout2193/A                            0.750000    1.223144   -0.473144 (VIOLATED)
fanout2198/A                            0.750000    1.223138   -0.473138 (VIOLATED)
fanout2191/A                            0.750000    1.222956   -0.472956 (VIOLATED)
fanout2202/X                            0.750000    1.222956   -0.472956 (VIOLATED)
_13134_/B                               0.750000    1.217806   -0.467805 (VIOLATED)
_12833_/C                               0.750000    1.217775   -0.467775 (VIOLATED)
_14451_/B                               0.750000    1.217742   -0.467743 (VIOLATED)
_13116_/B                               0.750000    1.217735   -0.467735 (VIOLATED)
_13443_/B                               0.750000    1.217731   -0.467731 (VIOLATED)
_14123_/B                               0.750000    1.217708   -0.467708 (VIOLATED)
_14723_/B                               0.750000    1.217696   -0.467696 (VIOLATED)
_14433_/B                               0.750000    1.217569   -0.467569 (VIOLATED)
_14105_/B                               0.750000    1.217535   -0.467535 (VIOLATED)
_12815_/C                               0.750000    1.217529   -0.467529 (VIOLATED)
fanout611/X                             0.750000    1.217514   -0.467514 (VIOLATED)
_12958_/B                               0.750000    1.215027   -0.465027 (VIOLATED)
_15041_/B                               0.750000    1.215016   -0.465016 (VIOLATED)
_12844_/B                               0.750000    1.215007   -0.465007 (VIOLATED)
_12806_/B                               0.750000    1.215003   -0.465003 (VIOLATED)
_12882_/B                               0.750000    1.214980   -0.464980 (VIOLATED)
_12920_/B                               0.750000    1.214978   -0.464978 (VIOLATED)
_12768_/C                               0.750000    1.214884   -0.464884 (VIOLATED)
_14868_/B                               0.750000    1.214564   -0.464565 (VIOLATED)
_14541_/B                               0.750000    1.214560   -0.464560 (VIOLATED)
_13279_/B                               0.750000    1.214482   -0.464482 (VIOLATED)
_13261_/B                               0.750000    1.214481   -0.464481 (VIOLATED)
_13588_/B                               0.750000    1.214479   -0.464479 (VIOLATED)
_12947_/C                               0.750000    1.214439   -0.464439 (VIOLATED)
_12929_/C                               0.750000    1.214438   -0.464438 (VIOLATED)
_14231_/B                               0.750000    1.214369   -0.464369 (VIOLATED)
_14213_/B                               0.750000    1.214311   -0.464311 (VIOLATED)
_14559_/B                               0.750000    1.214171   -0.464171 (VIOLATED)
fanout797/X                             0.750000    1.214119   -0.464119 (VIOLATED)
ANTENNA_75/DIODE                        0.750000    1.212090   -0.462090 (VIOLATED)
fanout580/A                             0.750000    1.211977   -0.461977 (VIOLATED)
fanout579/A                             0.750000    1.210918   -0.460918 (VIOLATED)
fanout581/X                             0.750000    1.210888   -0.460888 (VIOLATED)
fanout797/A                             0.750000    1.204218   -0.454218 (VIOLATED)
_14886_/B                               0.750000    1.203872   -0.453872 (VIOLATED)
_13606_/B                               0.750000    1.203225   -0.453225 (VIOLATED)
_14204_/B                               0.750000    1.203035   -0.453035 (VIOLATED)
_14859_/B                               0.750000    1.202898   -0.452898 (VIOLATED)
_13579_/B                               0.750000    1.202468   -0.452468 (VIOLATED)
_14532_/B                               0.750000    1.202296   -0.452296 (VIOLATED)
_12920_/C                               0.750000    1.202258   -0.452258 (VIOLATED)
_13252_/B                               0.750000    1.202258   -0.452258 (VIOLATED)
fanout798/X                             0.750000    1.202240   -0.452240 (VIOLATED)
_15041_/C                               0.750000    1.193708   -0.443708 (VIOLATED)
_13035_/C                               0.750000    1.193636   -0.443636 (VIOLATED)
_14315_/B                               0.750000    1.193467   -0.443467 (VIOLATED)
_13362_/B                               0.750000    1.193135   -0.443136 (VIOLATED)
_14024_/B                               0.750000    1.192693   -0.442693 (VIOLATED)
_14642_/B                               0.750000    1.192493   -0.442493 (VIOLATED)
_13389_/B                               0.750000    1.192207   -0.442207 (VIOLATED)
_15068_/C                               0.750000    1.191124   -0.441124 (VIOLATED)
fanout609/A                             0.750000    1.190831   -0.440831 (VIOLATED)
fanout610/X                             0.750000    1.190822   -0.440822 (VIOLATED)
_12676_/A                               0.750000    1.175613   -0.425613 (VIOLATED)
_12699_/A                               0.750000    1.175611   -0.425611 (VIOLATED)
_12693_/A                               0.750000    1.175601   -0.425601 (VIOLATED)
_12686_/A                               0.750000    1.175598   -0.425598 (VIOLATED)
_12761_/B1                              0.750000    1.175485   -0.425485 (VIOLATED)
fanout616/A                             0.750000    1.174829   -0.424829 (VIOLATED)
fanout617/X                             0.750000    1.174780   -0.424780 (VIOLATED)
_15174_/A1                              0.750000    1.154586   -0.404586 (VIOLATED)
_15448_/A                               0.750000    1.154533   -0.404533 (VIOLATED)
_16484_/B1                              0.750000    1.154323   -0.404323 (VIOLATED)
_15229_/B1                              0.750000    1.154128   -0.404128 (VIOLATED)
_15739_/B1                              0.750000    1.153233   -0.403233 (VIOLATED)
_15536_/A                               0.750000    1.153052   -0.403052 (VIOLATED)
_16100_/A1                              0.750000    1.152871   -0.402871 (VIOLATED)
_15362_/A1                              0.750000    1.152869   -0.402869 (VIOLATED)
_16099_/A1                              0.750000    1.152866   -0.402867 (VIOLATED)
_13015_/C                               0.750000    1.152851   -0.402851 (VIOLATED)
_13053_/B                               0.750000    1.152847   -0.402847 (VIOLATED)
_15130_/A1                              0.750000    1.152784   -0.402784 (VIOLATED)
fanout590/X                             0.750000    1.152750   -0.402750 (VIOLATED)
_16231_/B1                              0.750000    1.152686   -0.402686 (VIOLATED)
_16106_/B1                              0.750000    1.152661   -0.402661 (VIOLATED)
_15235_/B1                              0.750000    1.152655   -0.402655 (VIOLATED)
_12997_/C                               0.750000    1.152549   -0.402549 (VIOLATED)
_15291_/B1                              0.750000    1.152291   -0.402291 (VIOLATED)
_15563_/B1                              0.750000    1.152282   -0.402282 (VIOLATED)
_16496_/A1                              0.750000    1.152203   -0.402203 (VIOLATED)
_15956_/B2                              0.750000    1.151948   -0.401948 (VIOLATED)
fanout571/X                             0.750000    1.151921   -0.401921 (VIOLATED)
_15632_/B1                              0.750000    1.145186   -0.395186 (VIOLATED)
_16260_/B1                              0.750000    1.145173   -0.395173 (VIOLATED)
_15394_/A1                              0.750000    1.145151   -0.395151 (VIOLATED)
_16158_/B2                              0.750000    1.145068   -0.395068 (VIOLATED)
_14750_/A                               0.750000    1.144892   -0.394892 (VIOLATED)
_12645_/B                               0.750000    1.144887   -0.394887 (VIOLATED)
_14931_/A                               0.750000    1.144886   -0.394886 (VIOLATED)
_13949_/A                               0.750000    1.144863   -0.394863 (VIOLATED)
_16039_/B1                              0.750000    1.144648   -0.394648 (VIOLATED)
fanout582/A                             0.750000    1.144504   -0.394504 (VIOLATED)
fanout583/X                             0.750000    1.144473   -0.394473 (VIOLATED)
_09466_/B1                              0.750000    1.143166   -0.393166 (VIOLATED)
_10698_/B1                              0.750000    1.143157   -0.393157 (VIOLATED)
_10822_/B1                              0.750000    1.143055   -0.393055 (VIOLATED)
_11226_/B1                              0.750000    1.142896   -0.392896 (VIOLATED)
_09446_/C1                              0.750000    1.142745   -0.392745 (VIOLATED)
_09437_/B1                              0.750000    1.142738   -0.392738 (VIOLATED)
_09298_/C1                              0.750000    1.142725   -0.392725 (VIOLATED)
_09292_/A1                              0.750000    1.142594   -0.392594 (VIOLATED)
_11289_/B1                              0.750000    1.142525   -0.392525 (VIOLATED)
_11318_/B1                              0.750000    1.142340   -0.392341 (VIOLATED)
fanout1977/X                            0.750000    1.142268   -0.392268 (VIOLATED)
_14415_/B                               0.750000    1.132941   -0.382941 (VIOLATED)
_14087_/B                               0.750000    1.132854   -0.382854 (VIOLATED)
_13098_/B                               0.750000    1.132669   -0.382669 (VIOLATED)
_12795_/B                               0.750000    1.132586   -0.382586 (VIOLATED)
_13080_/B                               0.750000    1.132432   -0.382432 (VIOLATED)
_13407_/B                               0.750000    1.132415   -0.382415 (VIOLATED)
_14069_/B                               0.750000    1.132311   -0.382311 (VIOLATED)
_12777_/B                               0.750000    1.132306   -0.382306 (VIOLATED)
_14397_/B                               0.750000    1.132296   -0.382296 (VIOLATED)
_14687_/B                               0.750000    1.132269   -0.382269 (VIOLATED)
fanout613/X                             0.750000    1.132250   -0.382250 (VIOLATED)
fanout1859/A                            0.750000    1.109306   -0.359306 (VIOLATED)
fanout1857/A                            0.750000    1.109213   -0.359213 (VIOLATED)
ANTENNA_39/DIODE                        0.750000    1.109176   -0.359176 (VIOLATED)
fanout1854/A                            0.750000    1.109079   -0.359079 (VIOLATED)
ANTENNA_38/DIODE                        0.750000    1.109074   -0.359074 (VIOLATED)
fanout1856/A                            0.750000    1.109046   -0.359046 (VIOLATED)
fanout1852/A                            0.750000    1.108899   -0.358899 (VIOLATED)
fanout1860/X                            0.750000    1.108876   -0.358876 (VIOLATED)
_15868_/A1                              0.750000    1.058440   -0.308440 (VIOLATED)
_14186_/C                               0.750000    1.058438   -0.308438 (VIOLATED)
_14222_/C                               0.750000    1.058434   -0.308434 (VIOLATED)
_14258_/C                               0.750000    1.058433   -0.308433 (VIOLATED)
fanout557/A                             0.750000    1.058400   -0.308400 (VIOLATED)
_15296_/B1                              0.750000    1.058021   -0.308021 (VIOLATED)
_13988_/C                               0.750000    1.058020   -0.308020 (VIOLATED)
_16054_/A1                              0.750000    1.057946   -0.307946 (VIOLATED)
fanout558/X                             0.750000    1.057937   -0.307937 (VIOLATED)
_15600_/B1                              0.750000    1.056200   -0.306200 (VIOLATED)
_16244_/B1                              0.750000    1.056186   -0.306186 (VIOLATED)
_16529_/C1                              0.750000    1.056130   -0.306130 (VIOLATED)
_15981_/A                               0.750000    1.056012   -0.306012 (VIOLATED)
_15663_/A                               0.750000    1.056005   -0.306005 (VIOLATED)
_15383_/B1                              0.750000    1.055866   -0.305866 (VIOLATED)
_14604_/B                               0.750000    1.055862   -0.305862 (VIOLATED)
_16153_/B1                              0.750000    1.055836   -0.305836 (VIOLATED)
_14277_/B                               0.750000    1.055688   -0.305688 (VIOLATED)
_15141_/B1                              0.750000    1.055278   -0.305278 (VIOLATED)
fanout586/X                             0.750000    1.055253   -0.305253 (VIOLATED)
_14333_/C                               0.750000    1.048344   -0.298344 (VIOLATED)
_14406_/C                               0.750000    1.048340   -0.298340 (VIOLATED)
_14297_/C                               0.750000    1.048338   -0.298338 (VIOLATED)
_15244_/B2                              0.750000    1.048285   -0.298285 (VIOLATED)
_16496_/B2                              0.750000    1.048283   -0.298284 (VIOLATED)
_15310_/B1                              0.750000    1.048278   -0.298278 (VIOLATED)
_15955_/B1                              0.750000    1.048273   -0.298274 (VIOLATED)
_16197_/B1                              0.750000    1.048271   -0.298271 (VIOLATED)
_16126_/B1                              0.750000    1.048261   -0.298261 (VIOLATED)
_14279_/C                               0.750000    1.048186   -0.298186 (VIOLATED)
fanout549/X                             0.750000    1.048144   -0.298144 (VIOLATED)
fanout2240/A                            0.750000    1.039549   -0.289549 (VIOLATED)
fanout2235/A                            0.750000    1.039510   -0.289510 (VIOLATED)
fanout2250/A                            0.750000    1.039429   -0.289429 (VIOLATED)
fanout2220/A                            0.750000    1.039244   -0.289244 (VIOLATED)
fanout2231/A                            0.750000    1.039239   -0.289239 (VIOLATED)
fanout2226/A                            0.750000    1.039217   -0.289218 (VIOLATED)
fanout2251/X                            0.750000    1.039201   -0.289201 (VIOLATED)
_16943_/B1                              0.750000    1.021696   -0.271696 (VIOLATED)
_16991_/A1                              0.750000    1.021689   -0.271689 (VIOLATED)
fanout2290/A                            0.750000    1.021682   -0.271682 (VIOLATED)
_17196_/A1                              0.750000    1.021603   -0.271603 (VIOLATED)
_11492_/A                               0.750000    1.021569   -0.271569 (VIOLATED)
_09207_/A                               0.750000    1.021431   -0.271431 (VIOLATED)
_11582_/A1                              0.750000    1.021401   -0.271401 (VIOLATED)
_11439_/A1                              0.750000    1.021320   -0.271320 (VIOLATED)
_11548_/A1                              0.750000    1.021318   -0.271318 (VIOLATED)
_09890_/A                               0.750000    1.021307   -0.271307 (VIOLATED)
fanout2291/X                            0.750000    1.021279   -0.271279 (VIOLATED)
fanout1675/A                            0.750000    0.997920   -0.247920 (VIOLATED)
fanout1677/A                            0.750000    0.997871   -0.247871 (VIOLATED)
fanout1680/A                            0.750000    0.997328   -0.247328 (VIOLATED)
fanout1678/A                            0.750000    0.996399   -0.246399 (VIOLATED)
fanout1673/A                            0.750000    0.995711   -0.245711 (VIOLATED)
fanout1681/X                            0.750000    0.995664   -0.245664 (VIOLATED)
fanout429/A                             0.750000    0.989491   -0.239491 (VIOLATED)
fanout430/A                             0.750000    0.989457   -0.239457 (VIOLATED)
fanout369/A                             0.750000    0.989265   -0.239265 (VIOLATED)
fanout370/A                             0.750000    0.989241   -0.239241 (VIOLATED)
fanout372/A                             0.750000    0.989143   -0.239143 (VIOLATED)
fanout371/A                             0.750000    0.989137   -0.239137 (VIOLATED)
fanout432/A                             0.750000    0.989071   -0.239071 (VIOLATED)
ANTENNA_26/DIODE                        0.750000    0.989064   -0.239064 (VIOLATED)
fanout375/A                             0.750000    0.988899   -0.238899 (VIOLATED)
fanout373/A                             0.750000    0.988899   -0.238899 (VIOLATED)
fanout377/A                             0.750000    0.988886   -0.238886 (VIOLATED)
fanout376/A                             0.750000    0.988882   -0.238882 (VIOLATED)
fanout378/X                             0.750000    0.988882   -0.238882 (VIOLATED)
fanout431/A                             0.750000    0.988494   -0.238494 (VIOLATED)
ANTENNA_25/DIODE                        0.750000    0.988349   -0.238349 (VIOLATED)
fanout428/A                             0.750000    0.987548   -0.237548 (VIOLATED)
fanout433/X                             0.750000    0.987548   -0.237548 (VIOLATED)
fanout564/A                             0.750000    0.974957   -0.224958 (VIOLATED)
fanout563/A                             0.750000    0.974907   -0.224907 (VIOLATED)
_15486_/A1                              0.750000    0.974905   -0.224905 (VIOLATED)
_13690_/B                               0.750000    0.974846   -0.224846 (VIOLATED)
_16167_/A1                              0.750000    0.974598   -0.224598 (VIOLATED)
_15394_/B2                              0.750000    0.974582   -0.224582 (VIOLATED)
_16255_/B1                              0.750000    0.974577   -0.224577 (VIOLATED)
fanout565/X                             0.750000    0.974566   -0.224566 (VIOLATED)
_09840_/C                               0.750000    0.962501   -0.212501 (VIOLATED)
_12638_/B                               0.750000    0.962443   -0.212443 (VIOLATED)
_12703_/B                               0.750000    0.962438   -0.212438 (VIOLATED)
_12704_/A1                              0.750000    0.962427   -0.212427 (VIOLATED)
_09886_/A                               0.750000    0.962392   -0.212392 (VIOLATED)
_12419_/B1                              0.750000    0.962383   -0.212383 (VIOLATED)
_16821_/A2                              0.750000    0.962288   -0.212288 (VIOLATED)
_09885_/B                               0.750000    0.962234   -0.212234 (VIOLATED)
_09249_/A                               0.750000    0.962063   -0.212063 (VIOLATED)
_09879_/C_N                             0.750000    0.962051   -0.212051 (VIOLATED)
fanout2288/X                            0.750000    0.961970   -0.211970 (VIOLATED)
fanout1831/A                            0.750000    0.954069   -0.204069 (VIOLATED)
fanout1834/A                            0.750000    0.953810   -0.203810 (VIOLATED)
fanout1844/A                            0.750000    0.953410   -0.203410 (VIOLATED)
fanout1841/A                            0.750000    0.953222   -0.203222 (VIOLATED)
fanout1839/A                            0.750000    0.952906   -0.202906 (VIOLATED)
fanout1846/X                            0.750000    0.952885   -0.202885 (VIOLATED)
_10408_/B                               0.750000    0.937776   -0.187776 (VIOLATED)
_10435_/A0                              0.750000    0.937738   -0.187738 (VIOLATED)
_11516_/A2                              0.750000    0.937665   -0.187665 (VIOLATED)
_16780_/A1                              0.750000    0.937386   -0.187386 (VIOLATED)
_16779_/A1                              0.750000    0.937344   -0.187344 (VIOLATED)
_12504_/A                               0.750000    0.937241   -0.187241 (VIOLATED)
_16770_/A                               0.750000    0.937144   -0.187144 (VIOLATED)
_16810_/A1                              0.750000    0.937131   -0.187131 (VIOLATED)
_16811_/A1                              0.750000    0.937083   -0.187083 (VIOLATED)
_12522_/A1                              0.750000    0.937016   -0.187016 (VIOLATED)
fanout1402/X                            0.750000    0.936990   -0.186991 (VIOLATED)
fanout2317/A                            0.750000    0.933315   -0.183315 (VIOLATED)
fanout2319/A                            0.750000    0.933275   -0.183275 (VIOLATED)
fanout2320/A                            0.750000    0.933225   -0.183225 (VIOLATED)
fanout2322/A                            0.750000    0.933203   -0.183203 (VIOLATED)
fanout2325/A                            0.750000    0.933165   -0.183165 (VIOLATED)
fanout2327/X                            0.750000    0.933151   -0.183151 (VIOLATED)
_12537_/A                               0.750000    0.918864   -0.168864 (VIOLATED)
_12545_/A                               0.750000    0.918863   -0.168863 (VIOLATED)
_12443_/A                               0.750000    0.918799   -0.168799 (VIOLATED)
_09494_/A                               0.750000    0.918703   -0.168703 (VIOLATED)
_12437_/A                               0.750000    0.918697   -0.168697 (VIOLATED)
_09495_/A                               0.750000    0.918615   -0.168615 (VIOLATED)
_12474_/A1                              0.750000    0.918434   -0.168434 (VIOLATED)
_12492_/A1                              0.750000    0.918404   -0.168404 (VIOLATED)
_09453_/A                               0.750000    0.918370   -0.168370 (VIOLATED)
fanout1585/A                            0.750000    0.918316   -0.168316 (VIOLATED)
fanout1586/X                            0.750000    0.918307   -0.168308 (VIOLATED)
fanout547/A                             0.750000    0.910768   -0.160768 (VIOLATED)
fanout546/A                             0.750000    0.910657   -0.160657 (VIOLATED)
_14651_/C                               0.750000    0.910311   -0.160311 (VIOLATED)
_14615_/C                               0.750000    0.910310   -0.160310 (VIOLATED)
_14723_/C                               0.750000    0.910306   -0.160306 (VIOLATED)
_14687_/C                               0.750000    0.910298   -0.160298 (VIOLATED)
_14868_/C                               0.750000    0.910294   -0.160294 (VIOLATED)
_14904_/C                               0.750000    0.910294   -0.160294 (VIOLATED)
_14832_/C                               0.750000    0.910294   -0.160294 (VIOLATED)
_14796_/C                               0.750000    0.910291   -0.160291 (VIOLATED)
fanout548/X                             0.750000    0.910270   -0.160270 (VIOLATED)
_13959_/A                               0.750000    0.903039   -0.153039 (VIOLATED)
_14760_/A                               0.750000    0.903038   -0.153038 (VIOLATED)
_14978_/A                               0.750000    0.903038   -0.153038 (VIOLATED)
_12674_/B                               0.750000    0.903025   -0.153025 (VIOLATED)
_14361_/A                               0.750000    0.903020   -0.153020 (VIOLATED)
_14941_/A                               0.750000    0.903015   -0.153016 (VIOLATED)
_13153_/A                               0.750000    0.902967   -0.152967 (VIOLATED)
_13552_/A                               0.750000    0.902898   -0.152898 (VIOLATED)
_13700_/A                               0.750000    0.902539   -0.152539 (VIOLATED)
_13663_/A                               0.750000    0.902243   -0.152243 (VIOLATED)
fanout415/X                             0.750000    0.902194   -0.152194 (VIOLATED)
_14168_/C                               0.750000    0.900261   -0.150261 (VIOLATED)
_14024_/C                               0.750000    0.900256   -0.150256 (VIOLATED)
_14240_/C                               0.750000    0.900243   -0.150243 (VIOLATED)
_14132_/C                               0.750000    0.900240   -0.150240 (VIOLATED)
_14096_/C                               0.750000    0.900206   -0.150206 (VIOLATED)
_14204_/C                               0.750000    0.900151   -0.150151 (VIOLATED)
_14060_/C                               0.750000    0.900146   -0.150146 (VIOLATED)
fanout561/A                             0.750000    0.899894   -0.149894 (VIOLATED)
fanout560/A                             0.750000    0.899133   -0.149133 (VIOLATED)
fanout562/X                             0.750000    0.899100   -0.149100 (VIOLATED)
_13035_/B                               0.750000    0.892416   -0.142416 (VIOLATED)
_13288_/C                               0.750000    0.892415   -0.142415 (VIOLATED)
_13252_/C                               0.750000    0.892414   -0.142414 (VIOLATED)
_13216_/C                               0.750000    0.892409   -0.142409 (VIOLATED)
_13180_/C                               0.750000    0.892405   -0.142405 (VIOLATED)
_13107_/C                               0.750000    0.892404   -0.142404 (VIOLATED)
_13071_/C                               0.750000    0.892394   -0.142394 (VIOLATED)
fanout574/A                             0.750000    0.892262   -0.142262 (VIOLATED)
fanout573/A                             0.750000    0.892029   -0.142029 (VIOLATED)
fanout575/X                             0.750000    0.892022   -0.142022 (VIOLATED)
fanout787/A                             0.750000    0.890112   -0.140112 (VIOLATED)
fanout782/A                             0.750000    0.890082   -0.140082 (VIOLATED)
fanout792/A                             0.750000    0.890042   -0.140043 (VIOLATED)
fanout793/A                             0.750000    0.889964   -0.139964 (VIOLATED)
fanout795/A                             0.750000    0.889961   -0.139961 (VIOLATED)
fanout796/X                             0.750000    0.889928   -0.139928 (VIOLATED)
fanout2452/A                            0.750000    0.884932   -0.134933 (VIOLATED)
fanout2464/A                            0.750000    0.884917   -0.134917 (VIOLATED)
fanout2457/A                            0.750000    0.884897   -0.134897 (VIOLATED)
fanout2454/A                            0.750000    0.884886   -0.134886 (VIOLATED)
fanout2485/A                            0.750000    0.884809   -0.134809 (VIOLATED)
fanout2486/X                            0.750000    0.884774   -0.134774 (VIOLATED)
_13986_/B                               0.750000    0.882111   -0.132111 (VIOLATED)
_15685_/A                               0.750000    0.882073   -0.132073 (VIOLATED)
_15186_/B1                              0.750000    0.882032   -0.132032 (VIOLATED)
_13987_/B                               0.750000    0.881974   -0.131974 (VIOLATED)
_16551_/B1                              0.750000    0.881942   -0.131942 (VIOLATED)
_16003_/A                               0.750000    0.881821   -0.131821 (VIOLATED)
_15617_/A                               0.750000    0.881743   -0.131743 (VIOLATED)
_13652_/B                               0.750000    0.881458   -0.131458 (VIOLATED)
_15903_/A                               0.750000    0.881121   -0.131121 (VIOLATED)
_15817_/A                               0.750000    0.881102   -0.131102 (VIOLATED)
fanout589/X                             0.750000    0.881079   -0.131079 (VIOLATED)
_17083_/A                               0.750000    0.877930   -0.127930 (VIOLATED)
_17032_/A                               0.750000    0.877908   -0.127908 (VIOLATED)
_17058_/B2                              0.750000    0.877881   -0.127881 (VIOLATED)
_16953_/A                               0.750000    0.877849   -0.127849 (VIOLATED)
_16899_/A                               0.750000    0.877829   -0.127829 (VIOLATED)
_16874_/A                               0.750000    0.877802   -0.127802 (VIOLATED)
_17001_/A                               0.750000    0.877732   -0.127732 (VIOLATED)
_16978_/A                               0.750000    0.877712   -0.127712 (VIOLATED)
_17157_/A                               0.750000    0.877677   -0.127677 (VIOLATED)
_16930_/A                               0.750000    0.877675   -0.127675 (VIOLATED)
fanout1973/X                            0.750000    0.877667   -0.127667 (VIOLATED)
_09532_/A1                              0.750000    0.877635   -0.127635 (VIOLATED)
_09498_/B                               0.750000    0.877625   -0.127625 (VIOLATED)
_09418_/B                               0.750000    0.877557   -0.127557 (VIOLATED)
_10198_/A2                              0.750000    0.877513   -0.127513 (VIOLATED)
_10197_/A2                              0.750000    0.877508   -0.127508 (VIOLATED)
_10436_/B                               0.750000    0.877498   -0.127498 (VIOLATED)
_10255_/A1                              0.750000    0.877363   -0.127363 (VIOLATED)
_10229_/B                               0.750000    0.877338   -0.127338 (VIOLATED)
_09946_/A1                              0.750000    0.877278   -0.127278 (VIOLATED)
_09923_/B                               0.750000    0.877240   -0.127240 (VIOLATED)
fanout1582/X                            0.750000    0.877240   -0.127240 (VIOLATED)
_15373_/B1                              0.750000    0.857178   -0.107178 (VIOLATED)
_12996_/B                               0.750000    0.857141   -0.107141 (VIOLATED)
_12995_/B                               0.750000    0.857095   -0.107095 (VIOLATED)
_13324_/B                               0.750000    0.857061   -0.107061 (VIOLATED)
_16276_/A1                              0.750000    0.856960   -0.106960 (VIOLATED)
_15633_/A1                              0.750000    0.856950   -0.106950 (VIOLATED)
_15652_/B1                              0.750000    0.856944   -0.106944 (VIOLATED)
_16518_/B1                              0.750000    0.856932   -0.106932 (VIOLATED)
_15970_/A                               0.750000    0.856903   -0.106903 (VIOLATED)
_16178_/B1                              0.750000    0.856843   -0.106843 (VIOLATED)
fanout592/X                             0.750000    0.856791   -0.106791 (VIOLATED)
_18225_/B1                              0.750000    0.853160   -0.103160 (VIOLATED)
_12415_/A2                              0.750000    0.853130   -0.103130 (VIOLATED)
_18244_/A1                              0.750000    0.853058   -0.103058 (VIOLATED)
_18256_/B1                              0.750000    0.852993   -0.102993 (VIOLATED)
_18265_/A                               0.750000    0.852927   -0.102927 (VIOLATED)
_18266_/A1                              0.750000    0.852838   -0.102838 (VIOLATED)
_18391_/B1                              0.750000    0.852746   -0.102746 (VIOLATED)
_18289_/S                               0.750000    0.852740   -0.102740 (VIOLATED)
_18386_/S                               0.750000    0.852709   -0.102709 (VIOLATED)
_18328_/A                               0.750000    0.852450   -0.102450 (VIOLATED)
fanout584/X                             0.750000    0.852440   -0.102440 (VIOLATED)
_17999_/S                               0.750000    0.845171   -0.095171 (VIOLATED)
_17987_/S                               0.750000    0.845133   -0.095133 (VIOLATED)
_17985_/S                               0.750000    0.845091   -0.095091 (VIOLATED)
fanout381/A                             0.750000    0.844990   -0.094990 (VIOLATED)
_17979_/S                               0.750000    0.844983   -0.094983 (VIOLATED)
load_slew1478/A                         0.750000    0.844957   -0.094957 (VIOLATED)
fanout1477/X                            0.750000    0.844922   -0.094922 (VIOLATED)
fanout384/A                             0.750000    0.844883   -0.094883 (VIOLATED)
fanout379/A                             0.750000    0.844835   -0.094835 (VIOLATED)
fanout380/A                             0.750000    0.844833   -0.094833 (VIOLATED)
fanout386/A                             0.750000    0.844807   -0.094807 (VIOLATED)
fanout387/X                             0.750000    0.844786   -0.094786 (VIOLATED)
_13082_/A1                              0.750000    0.840816   -0.090816 (VIOLATED)
_13118_/A1                              0.750000    0.840810   -0.090810 (VIOLATED)
_13008_/A1                              0.750000    0.840805   -0.090805 (VIOLATED)
fanout399/A                             0.750000    0.840782   -0.090782 (VIOLATED)
fanout400/A                             0.750000    0.840759   -0.090759 (VIOLATED)
fanout401/A                             0.750000    0.840748   -0.090748 (VIOLATED)
fanout403/A                             0.750000    0.840374   -0.090374 (VIOLATED)
fanout404/X                             0.750000    0.840348   -0.090348 (VIOLATED)
fanout589/A                             0.750000    0.839158   -0.089158 (VIOLATED)
_16366_/A                               0.750000    0.839153   -0.089154 (VIOLATED)
_16431_/B1                              0.750000    0.838547   -0.088548 (VIOLATED)
_16310_/A                               0.750000    0.838368   -0.088368 (VIOLATED)
fanout590/A                             0.750000    0.838287   -0.088287 (VIOLATED)
fanout591/X                             0.750000    0.838259   -0.088259 (VIOLATED)
_16887_/A1                              0.750000    0.834837   -0.084837 (VIOLATED)
_17047_/B1                              0.750000    0.834828   -0.084828 (VIOLATED)
_16838_/A1_N                            0.750000    0.834801   -0.084801 (VIOLATED)
_16945_/B2                              0.750000    0.834787   -0.084787 (VIOLATED)
_16992_/B2                              0.750000    0.834785   -0.084785 (VIOLATED)
_17196_/B1                              0.750000    0.834704   -0.084704 (VIOLATED)
_09890_/B                               0.750000    0.834640   -0.084640 (VIOLATED)
_09894_/B1                              0.750000    0.834638   -0.084638 (VIOLATED)
_11439_/C1                              0.750000    0.834638   -0.084638 (VIOLATED)
_16726_/A1_N                            0.750000    0.834600   -0.084600 (VIOLATED)
fanout1418/X                            0.750000    0.834580   -0.084580 (VIOLATED)
_12510_/S                               0.750000    0.833932   -0.083932 (VIOLATED)
_12513_/S                               0.750000    0.833927   -0.083927 (VIOLATED)
_12502_/S                               0.750000    0.833911   -0.083911 (VIOLATED)
_12506_/S                               0.750000    0.833904   -0.083904 (VIOLATED)
_09305_/A1                              0.750000    0.833899   -0.083899 (VIOLATED)
_09304_/A1                              0.750000    0.833898   -0.083898 (VIOLATED)
_12424_/A1                              0.750000    0.833886   -0.083886 (VIOLATED)
_12423_/B                               0.750000    0.833882   -0.083882 (VIOLATED)
_11401_/S                               0.750000    0.833878   -0.083878 (VIOLATED)
_12498_/S                               0.750000    0.833854   -0.083854 (VIOLATED)
fanout1587/X                            0.750000    0.833813   -0.083813 (VIOLATED)
_15697_/A                               0.750000    0.833004   -0.083004 (VIOLATED)
_15260_/A1                              0.750000    0.833002   -0.083002 (VIOLATED)
_12644_/B                               0.750000    0.832984   -0.082984 (VIOLATED)
_16232_/A1                              0.750000    0.832978   -0.082978 (VIOLATED)
_16486_/A1                              0.750000    0.832953   -0.082953 (VIOLATED)
fanout1657/A                            0.750000    0.832901   -0.082901 (VIOLATED)
_15360_/B1                              0.750000    0.832853   -0.082853 (VIOLATED)
fanout1659/A                            0.750000    0.832777   -0.082777 (VIOLATED)
_15547_/A                               0.750000    0.832721   -0.082721 (VIOLATED)
_15129_/A1                              0.750000    0.832684   -0.082684 (VIOLATED)
_16098_/A1                              0.750000    0.832680   -0.082680 (VIOLATED)
fanout1662/A                            0.750000    0.832658   -0.082658 (VIOLATED)
_15772_/A1                              0.750000    0.832621   -0.082621 (VIOLATED)
fanout1665/A                            0.750000    0.832608   -0.082608 (VIOLATED)
fanout597/X                             0.750000    0.832597   -0.082597 (VIOLATED)
fanout1660/A                            0.750000    0.832486   -0.082486 (VIOLATED)
fanout1667/X                            0.750000    0.832479   -0.082479 (VIOLATED)
_18275_/A1                              0.750000    0.826589   -0.076589 (VIOLATED)
_18330_/A1                              0.750000    0.826559   -0.076559 (VIOLATED)
_18315_/B2                              0.750000    0.826531   -0.076531 (VIOLATED)
_18297_/B2                              0.750000    0.826504   -0.076504 (VIOLATED)
_18290_/B2                              0.750000    0.826486   -0.076486 (VIOLATED)
_18393_/A1                              0.750000    0.826394   -0.076394 (VIOLATED)
_18227_/A1                              0.750000    0.826245   -0.076245 (VIOLATED)
_18401_/B2                              0.750000    0.826170   -0.076170 (VIOLATED)
_11398_/B1                              0.750000    0.826152   -0.076152 (VIOLATED)
_11530_/B2                              0.750000    0.826152   -0.076152 (VIOLATED)
fanout1611/X                            0.750000    0.826149   -0.076149 (VIOLATED)
_16803_/A1                              0.750000    0.822358   -0.072358 (VIOLATED)
_17069_/B1                              0.750000    0.822347   -0.072347 (VIOLATED)
_16904_/A1                              0.750000    0.822343   -0.072343 (VIOLATED)
_17012_/B1                              0.750000    0.822336   -0.072336 (VIOLATED)
_16854_/A1                              0.750000    0.822328   -0.072328 (VIOLATED)
_16838_/B2                              0.750000    0.822314   -0.072314 (VIOLATED)
_16886_/B1                              0.750000    0.822227   -0.072227 (VIOLATED)
_12632_/B1                              0.750000    0.822011   -0.072011 (VIOLATED)
fanout558/A                             0.750000    0.821742   -0.071742 (VIOLATED)
_16604_/B1                              0.750000    0.821703   -0.071703 (VIOLATED)
_15501_/B1                              0.750000    0.821676   -0.071676 (VIOLATED)
_16415_/B1                              0.750000    0.821669   -0.071669 (VIOLATED)
fanout1163/A                            0.750000    0.821619   -0.071619 (VIOLATED)
fanout1164/X                            0.750000    0.821597   -0.071597 (VIOLATED)
_16183_/B2                              0.750000    0.821388   -0.071388 (VIOLATED)
_16275_/A1                              0.750000    0.821220   -0.071220 (VIOLATED)
_15403_/A1                              0.750000    0.821100   -0.071101 (VIOLATED)
fanout559/X                             0.750000    0.821083   -0.071083 (VIOLATED)
_10407_/A1                              0.750000    0.816344   -0.066344 (VIOLATED)
_10656_/A                               0.750000    0.816145   -0.066145 (VIOLATED)
_10715_/A1_N                            0.750000    0.816061   -0.066061 (VIOLATED)
_11365_/A                               0.750000    0.815846   -0.065846 (VIOLATED)
_11364_/B1                              0.750000    0.815829   -0.065829 (VIOLATED)
_09840_/A                               0.750000    0.815826   -0.065826 (VIOLATED)
_12509_/A1                              0.750000    0.815723   -0.065723 (VIOLATED)
_16709_/A2                              0.750000    0.815551   -0.065551 (VIOLATED)
_12419_/A1                              0.750000    0.815467   -0.065467 (VIOLATED)
_09248_/A                               0.750000    0.815398   -0.065398 (VIOLATED)
_12418_/A                               0.750000    0.815390   -0.065390 (VIOLATED)
_12417_/A                               0.750000    0.815339   -0.065339 (VIOLATED)
_09879_/A                               0.750000    0.815237   -0.065237 (VIOLATED)
fanout2290/X                            0.750000    0.815208   -0.065208 (VIOLATED)
_10240_/S1                              0.750000    0.813972   -0.063972 (VIOLATED)
fanout2178/A                            0.750000    0.813686   -0.063687 (VIOLATED)
_10406_/Y                               0.750000    0.812893   -0.062893 (VIOLATED)
_10293_/B                               0.750000    0.812781   -0.062781 (VIOLATED)
fanout2172/A                            0.750000    0.812776   -0.062776 (VIOLATED)
_10296_/B                               0.750000    0.812756   -0.062756 (VIOLATED)
fanout2180/X                            0.750000    0.812675   -0.062675 (VIOLATED)
_18275_/B2                              0.750000    0.812556   -0.062556 (VIOLATED)
_18250_/B2                              0.750000    0.812541   -0.062541 (VIOLATED)
_18267_/B2                              0.750000    0.812531   -0.062531 (VIOLATED)
_18258_/B2                              0.750000    0.812523   -0.062523 (VIOLATED)
_18245_/B2                              0.750000    0.812473   -0.062473 (VIOLATED)
_18235_/B2                              0.750000    0.812419   -0.062419 (VIOLATED)
_18393_/B2                              0.750000    0.812379   -0.062379 (VIOLATED)
_18227_/B2                              0.750000    0.812349   -0.062349 (VIOLATED)
_11398_/A2                              0.750000    0.812224   -0.062224 (VIOLATED)
_11464_/B2                              0.750000    0.812221   -0.062221 (VIOLATED)
fanout1612/X                            0.750000    0.812215   -0.062215 (VIOLATED)
fanout750/A                             0.750000    0.803467   -0.053467 (VIOLATED)
fanout749/A                             0.750000    0.803445   -0.053445 (VIOLATED)
fanout752/A                             0.750000    0.803420   -0.053420 (VIOLATED)
fanout754/A                             0.750000    0.803404   -0.053405 (VIOLATED)
fanout756/A                             0.750000    0.803276   -0.053276 (VIOLATED)
fanout758/X                             0.750000    0.803257   -0.053257 (VIOLATED)
_15474_/B1                              0.750000    0.801288   -0.051288 (VIOLATED)
_16410_/A1                              0.750000    0.801262   -0.051262 (VIOLATED)
_14351_/A                               0.750000    0.801206   -0.051206 (VIOLATED)
_13143_/A                               0.750000    0.801176   -0.051176 (VIOLATED)
_14968_/A                               0.750000    0.801173   -0.051173 (VIOLATED)
_13542_/A                               0.750000    0.801169   -0.051169 (VIOLATED)
_15286_/B1                              0.750000    0.800984   -0.050984 (VIOLATED)
_15843_/B1                              0.750000    0.800949   -0.050949 (VIOLATED)
_15587_/B2                              0.750000    0.800917   -0.050917 (VIOLATED)
_15936_/B1                              0.750000    0.800847   -0.050847 (VIOLATED)
fanout582/X                             0.750000    0.800812   -0.050812 (VIOLATED)
_10435_/A1                              0.750000    0.793580   -0.043580 (VIOLATED)
_11514_/A2                              0.750000    0.793561   -0.043561 (VIOLATED)
_10501_/A                               0.750000    0.793527   -0.043527 (VIOLATED)
_16814_/A                               0.750000    0.793527   -0.043527 (VIOLATED)
_16833_/A1                              0.750000    0.793524   -0.043524 (VIOLATED)
_11512_/B                               0.750000    0.793522   -0.043523 (VIOLATED)
_16866_/A1                              0.750000    0.793522   -0.043522 (VIOLATED)
_12483_/A                               0.750000    0.793487   -0.043487 (VIOLATED)
_12580_/C_N                             0.750000    0.793485   -0.043485 (VIOLATED)
_12481_/A                               0.750000    0.793476   -0.043476 (VIOLATED)
_16804_/A1                              0.750000    0.793421   -0.043421 (VIOLATED)
_12574_/A                               0.750000    0.793406   -0.043406 (VIOLATED)
_12575_/A                               0.750000    0.793406   -0.043406 (VIOLATED)
fanout1401/X                            0.750000    0.793406   -0.043406 (VIOLATED)
_16947_/A1                              0.750000    0.793376   -0.043376 (VIOLATED)
_10056_/B                               0.750000    0.793335   -0.043336 (VIOLATED)
_10055_/B                               0.750000    0.793311   -0.043311 (VIOLATED)
fanout1178/A                            0.750000    0.793266   -0.043266 (VIOLATED)
_10050_/A                               0.750000    0.793243   -0.043243 (VIOLATED)
_10051_/A                               0.750000    0.793230   -0.043230 (VIOLATED)
fanout1179/X                            0.750000    0.793224   -0.043224 (VIOLATED)
_11895_/C1                              0.750000    0.790522   -0.040522 (VIOLATED)
_11939_/B1                              0.750000    0.790491   -0.040491 (VIOLATED)
_12127_/B1                              0.750000    0.790428   -0.040428 (VIOLATED)
load_slew2332/A                         0.750000    0.790428   -0.040428 (VIOLATED)
_12324_/B1                              0.750000    0.790421   -0.040421 (VIOLATED)
_12145_/B1                              0.750000    0.790376   -0.040376 (VIOLATED)
fanout2331/X                            0.750000    0.790364   -0.040364 (VIOLATED)
_17900_/S                               0.750000    0.787392   -0.037392 (VIOLATED)
_17888_/S                               0.750000    0.787382   -0.037382 (VIOLATED)
_17886_/S                               0.750000    0.787335   -0.037335 (VIOLATED)
_17880_/S                               0.750000    0.787312   -0.037312 (VIOLATED)
load_slew1486/A                         0.750000    0.787290   -0.037290 (VIOLATED)
fanout1485/X                            0.750000    0.787067   -0.037067 (VIOLATED)
fanout584/A                             0.750000    0.783957   -0.033957 (VIOLATED)
_18334_/S                               0.750000    0.783950   -0.033950 (VIOLATED)
_18397_/S                               0.750000    0.783936   -0.033936 (VIOLATED)
_18314_/S                               0.750000    0.783930   -0.033930 (VIOLATED)
_18296_/S                               0.750000    0.783867   -0.033867 (VIOLATED)
_18303_/S                               0.750000    0.783806   -0.033806 (VIOLATED)
_18361_/B1                              0.750000    0.783750   -0.033750 (VIOLATED)
_18367_/S                               0.750000    0.783745   -0.033745 (VIOLATED)
_18346_/A                               0.750000    0.783720   -0.033720 (VIOLATED)
_18356_/S                               0.750000    0.783720   -0.033720 (VIOLATED)
fanout585/X                             0.750000    0.783720   -0.033720 (VIOLATED)
_09963_/B2                              0.750000    0.783056   -0.033056 (VIOLATED)
load_slew1689/A                         0.750000    0.783045   -0.033045 (VIOLATED)
_09644_/B1                              0.750000    0.783042   -0.033042 (VIOLATED)
wire1688/A                              0.750000    0.782776   -0.032776 (VIOLATED)
_09778_/B2                              0.750000    0.782771   -0.032771 (VIOLATED)
_10285_/A1                              0.750000    0.782723   -0.032723 (VIOLATED)
fanout1687/X                            0.750000    0.782699   -0.032699 (VIOLATED)
_16855_/A2                              0.750000    0.780896   -0.030896 (VIOLATED)
_16804_/A2                              0.750000    0.780885   -0.030885 (VIOLATED)
_17167_/A2                              0.750000    0.780818   -0.030818 (VIOLATED)
_16686_/A2                              0.750000    0.780793   -0.030793 (VIOLATED)
_16755_/A2                              0.750000    0.780789   -0.030789 (VIOLATED)
_16780_/A2                              0.750000    0.780646   -0.030646 (VIOLATED)
_12633_/A3                              0.750000    0.780585   -0.030585 (VIOLATED)
_12605_/A3                              0.750000    0.780578   -0.030578 (VIOLATED)
_16605_/A2                              0.750000    0.780484   -0.030484 (VIOLATED)
_16581_/A2                              0.750000    0.780478   -0.030478 (VIOLATED)
fanout1160/X                            0.750000    0.780478   -0.030478 (VIOLATED)
load_slew2025/A                         0.750000    0.776142   -0.026142 (VIOLATED)
_10823_/A1                              0.750000    0.776124   -0.026124 (VIOLATED)
_09450_/B1                              0.750000    0.776118   -0.026118 (VIOLATED)
_11226_/A1                              0.750000    0.776014   -0.026014 (VIOLATED)
_09262_/A1                              0.750000    0.775907   -0.025907 (VIOLATED)
fanout2024/X                            0.750000    0.775884   -0.025884 (VIOLATED)
_12688_/S                               0.750000    0.772600   -0.022600 (VIOLATED)
_12757_/S                               0.750000    0.772579   -0.022579 (VIOLATED)
wire510/A                               0.750000    0.772449   -0.022449 (VIOLATED)
_12744_/S                               0.750000    0.772167   -0.022167 (VIOLATED)
fanout509/X                             0.750000    0.772158   -0.022158 (VIOLATED)
fanout1913/A                            0.750000    0.768327   -0.018328 (VIOLATED)
_10947_/A2                              0.750000    0.768293   -0.018293 (VIOLATED)
_10944_/A2                              0.750000    0.768273   -0.018273 (VIOLATED)
fanout1912/A                            0.750000    0.768230   -0.018230 (VIOLATED)
fanout1910/A                            0.750000    0.768205   -0.018205 (VIOLATED)
_10940_/A2                              0.750000    0.768177   -0.018177 (VIOLATED)
fanout1908/A                            0.750000    0.767936   -0.017936 (VIOLATED)
fanout1915/X                            0.750000    0.767926   -0.017926 (VIOLATED)
fanout759/A                             0.750000    0.765007   -0.015007 (VIOLATED)
fanout761/A                             0.750000    0.764908   -0.014908 (VIOLATED)
fanout762/A                             0.750000    0.764758   -0.014758 (VIOLATED)
fanout758/A                             0.750000    0.764648   -0.014648 (VIOLATED)
fanout764/A                             0.750000    0.764619   -0.014619 (VIOLATED)
fanout765/X                             0.750000    0.764602   -0.014602 (VIOLATED)
_12308_/A1                              0.750000    0.764140   -0.014140 (VIOLATED)
_12317_/A1                              0.750000    0.764133   -0.014133 (VIOLATED)
_12280_/A1                              0.750000    0.764112   -0.014112 (VIOLATED)
_12271_/A1                              0.750000    0.764076   -0.014076 (VIOLATED)
_12121_/A1                              0.750000    0.763991   -0.013991 (VIOLATED)
_12298_/A1                              0.750000    0.763972   -0.013972 (VIOLATED)
fanout1677/X                            0.750000    0.763965   -0.013965 (VIOLATED)
_12708_/B1                              0.750000    0.763813   -0.013813 (VIOLATED)
_12648_/A                               0.750000    0.763811   -0.013811 (VIOLATED)
_12709_/A1_N                            0.750000    0.763808   -0.013808 (VIOLATED)
_12701_/B                               0.750000    0.763608   -0.013608 (VIOLATED)
_12638_/C                               0.750000    0.763527   -0.013527 (VIOLATED)
_12637_/A                               0.750000    0.763504   -0.013504 (VIOLATED)
_15458_/A1                              0.750000    0.763389   -0.013389 (VIOLATED)
_16005_/B1                              0.750000    0.763259   -0.013259 (VIOLATED)
_15265_/B                               0.750000    0.763020   -0.013020 (VIOLATED)
_16556_/A1                              0.750000    0.762985   -0.012985 (VIOLATED)
fanout615/X                             0.750000    0.762913   -0.012913 (VIOLATED)
_09984_/B1                              0.750000    0.762769   -0.012769 (VIOLATED)
_10192_/B2                              0.750000    0.762716   -0.012716 (VIOLATED)
_10171_/B2                              0.750000    0.762582   -0.012582 (VIOLATED)
fanout1737/A                            0.750000    0.762534   -0.012534 (VIOLATED)
_10453_/B2                              0.750000    0.762527   -0.012527 (VIOLATED)
_09702_/B1                              0.750000    0.762521   -0.012521 (VIOLATED)
fanout1739/X                            0.750000    0.762488   -0.012488 (VIOLATED)
_09675_/C1                              0.750000    0.761578   -0.011578 (VIOLATED)
_10204_/C1                              0.750000    0.761528   -0.011528 (VIOLATED)
_09895_/B1                              0.750000    0.761481   -0.011481 (VIOLATED)
_09604_/B1                              0.750000    0.761472   -0.011472 (VIOLATED)
_09904_/C1                              0.750000    0.761456   -0.011456 (VIOLATED)
_10424_/C1                              0.750000    0.761455   -0.011455 (VIOLATED)
load_slew2166/A                         0.750000    0.761454   -0.011454 (VIOLATED)
fanout2165/X                            0.750000    0.761440   -0.011440 (VIOLATED)
fanout291/A                             0.750000    0.761274   -0.011274 (VIOLATED)
fanout289/A                             0.750000    0.761138   -0.011138 (VIOLATED)
_14306_/B                               0.750000    0.761010   -0.011010 (VIOLATED)
_14415_/A                               0.750000    0.761010   -0.011010 (VIOLATED)
_14559_/A                               0.750000    0.761009   -0.011009 (VIOLATED)
_14342_/A                               0.750000    0.761008   -0.011008 (VIOLATED)
_14451_/A                               0.750000    0.761006   -0.011006 (VIOLATED)
_14595_/A                               0.750000    0.761001   -0.011001 (VIOLATED)
_14487_/A                               0.750000    0.760996   -0.010996 (VIOLATED)
_14523_/A                               0.750000    0.760983   -0.010983 (VIOLATED)
fanout292/X                             0.750000    0.760974   -0.010974 (VIOLATED)
fanout934/A                             0.750000    0.760076   -0.010076 (VIOLATED)
fanout936/A                             0.750000    0.759973   -0.009973 (VIOLATED)
fanout938/A                             0.750000    0.759708   -0.009708 (VIOLATED)
fanout933/A                             0.750000    0.759658   -0.009658 (VIOLATED)
fanout940/A                             0.750000    0.759645   -0.009645 (VIOLATED)
fanout941/X                             0.750000    0.759638   -0.009638 (VIOLATED)
_09597_/A1                              0.750000    0.753507   -0.003507 (VIOLATED)
_09598_/A1                              0.750000    0.753504   -0.003504 (VIOLATED)
_09668_/A1                              0.750000    0.753503   -0.003503 (VIOLATED)
_09667_/A1                              0.750000    0.753491   -0.003491 (VIOLATED)
_10316_/A1                              0.750000    0.753461   -0.003461 (VIOLATED)
_10317_/A1                              0.750000    0.753428   -0.003428 (VIOLATED)
_09723_/A1                              0.750000    0.753408   -0.003408 (VIOLATED)
_09724_/A1                              0.750000    0.753403   -0.003403 (VIOLATED)
_10377_/B                               0.750000    0.753334   -0.003334 (VIOLATED)
fanout1583/A                            0.750000    0.753186   -0.003186 (VIOLATED)
fanout1584/X                            0.750000    0.753180   -0.003180 (VIOLATED)
_12742_/S                               0.750000    0.752657   -0.002657 (VIOLATED)
_12738_/A                               0.750000    0.752657   -0.002657 (VIOLATED)
_12739_/A1                              0.750000    0.752654   -0.002654 (VIOLATED)
_12666_/A                               0.750000    0.752629   -0.002629 (VIOLATED)
_12657_/A                               0.750000    0.752628   -0.002628 (VIOLATED)
_12663_/A                               0.750000    0.752628   -0.002628 (VIOLATED)
_12654_/A                               0.750000    0.752627   -0.002627 (VIOLATED)
_12660_/A                               0.750000    0.752627   -0.002627 (VIOLATED)
_12651_/A                               0.750000    0.752622   -0.002622 (VIOLATED)
fanout602/A                             0.750000    0.752567   -0.002567 (VIOLATED)
_12112_/A                               0.750000    0.752359   -0.002359 (VIOLATED)
fanout603/X                             0.750000    0.752352   -0.002352 (VIOLATED)
_12223_/C1                              0.750000    0.752349   -0.002349 (VIOLATED)
_12411_/B1                              0.750000    0.752333   -0.002333 (VIOLATED)
_12336_/C1                              0.750000    0.752261   -0.002261 (VIOLATED)
_11882_/A2                              0.750000    0.752066   -0.002066 (VIOLATED)
_11832_/X                               0.750000    0.752060   -0.002060 (VIOLATED)
_17070_/B1                              0.750000    0.750749   -0.000749 (VIOLATED)
_17013_/B1                              0.750000    0.750739   -0.000739 (VIOLATED)
_16817_/B1                              0.750000    0.750721   -0.000721 (VIOLATED)
_12633_/C1                              0.750000    0.750660   -0.000660 (VIOLATED)
_16854_/C1                              0.750000    0.750655   -0.000655 (VIOLATED)
_16995_/A1                              0.750000    0.750643   -0.000644 (VIOLATED)
_16904_/C1                              0.750000    0.750612   -0.000613 (VIOLATED)
_17117_/C1                              0.750000    0.750597   -0.000597 (VIOLATED)
_16803_/C1                              0.750000    0.750551   -0.000551 (VIOLATED)
_18363_/B2                              0.750000    0.750483   -0.000483 (VIOLATED)
_18368_/B2                              0.750000    0.750479   -0.000479 (VIOLATED)
_18379_/B2                              0.750000    0.750459   -0.000459 (VIOLATED)
_18368_/A1_N                            0.750000    0.750393   -0.000393 (VIOLATED)
_18304_/A1_N                            0.750000    0.750386   -0.000386 (VIOLATED)
_18357_/A1_N                            0.750000    0.750375   -0.000375 (VIOLATED)
fanout1416/A                            0.750000    0.750368   -0.000368 (VIOLATED)
fanout1417/X                            0.750000    0.750368   -0.000368 (VIOLATED)
fanout1613/A                            0.750000    0.750332   -0.000332 (VIOLATED)
_18398_/B2                              0.750000    0.750294   -0.000294 (VIOLATED)
_18323_/A1_N                            0.750000    0.750279   -0.000279 (VIOLATED)
_18401_/A1                              0.750000    0.750203   -0.000203 (VIOLATED)
_11570_/A1_N                            0.750000    0.750198   -0.000198 (VIOLATED)
_11530_/A1                              0.750000    0.750197   -0.000197 (VIOLATED)
fanout1612/A                            0.750000    0.750192   -0.000192 (VIOLATED)
fanout1614/X                            0.750000    0.750181   -0.000181 (VIOLATED)
_18335_/A1_N                            0.750000    0.750122   -0.000122 (VIOLATED)
_18387_/A1_N                            0.750000    0.750010   -0.000010 (VIOLATED)

max fanout

Pin                                   Limit Fanout  Slack
---------------------------------------------------------
clkbuf_2_0_0_clk/X                       10     16     -6 (VIOLATED)
clkbuf_2_1_0_clk/X                       10     16     -6 (VIOLATED)
clkbuf_2_2_0_clk/X                       10     16     -6 (VIOLATED)
clkbuf_2_3_0_clk/X                       10     16     -6 (VIOLATED)
clkbuf_leaf_23_clk/X                     10     12     -2 (VIOLATED)
clkbuf_leaf_278_clk/X                    10     12     -2 (VIOLATED)
clkbuf_leaf_287_clk/X                    10     12     -2 (VIOLATED)
clkbuf_leaf_288_clk/X                    10     12     -2 (VIOLATED)
clkbuf_leaf_6_clk/X                      10     12     -2 (VIOLATED)
clkbuf_leaf_72_clk/X                     10     12     -2 (VIOLATED)
fanout914/X                              10     12     -2 (VIOLATED)
clkbuf_leaf_100_clk/X                    10     11        (VIOLATED)
clkbuf_leaf_110_clk/X                    10     11        (VIOLATED)
clkbuf_leaf_115_clk/X                    10     11        (VIOLATED)
clkbuf_leaf_117_clk/X                    10     11        (VIOLATED)
clkbuf_leaf_118_clk/X                    10     11        (VIOLATED)
clkbuf_leaf_123_clk/X                    10     11        (VIOLATED)
clkbuf_leaf_124_clk/X                    10     11        (VIOLATED)
clkbuf_leaf_128_clk/X                    10     11        (VIOLATED)
clkbuf_leaf_129_clk/X                    10     11        (VIOLATED)
clkbuf_leaf_132_clk/X                    10     11        (VIOLATED)
clkbuf_leaf_134_clk/X                    10     11        (VIOLATED)
clkbuf_leaf_142_clk/X                    10     11        (VIOLATED)
clkbuf_leaf_167_clk/X                    10     11        (VIOLATED)
clkbuf_leaf_171_clk/X                    10     11        (VIOLATED)
clkbuf_leaf_176_clk/X                    10     11        (VIOLATED)
clkbuf_leaf_186_clk/X                    10     11        (VIOLATED)
clkbuf_leaf_188_clk/X                    10     11        (VIOLATED)
clkbuf_leaf_197_clk/X                    10     11        (VIOLATED)
clkbuf_leaf_199_clk/X                    10     11        (VIOLATED)
clkbuf_leaf_1_clk/X                      10     11        (VIOLATED)
clkbuf_leaf_224_clk/X                    10     11        (VIOLATED)
clkbuf_leaf_228_clk/X                    10     11        (VIOLATED)
clkbuf_leaf_243_clk/X                    10     11        (VIOLATED)
clkbuf_leaf_250_clk/X                    10     11        (VIOLATED)
clkbuf_leaf_25_clk/X                     10     11        (VIOLATED)
clkbuf_leaf_27_clk/X                     10     11        (VIOLATED)
clkbuf_leaf_281_clk/X                    10     11        (VIOLATED)
clkbuf_leaf_290_clk/X                    10     11        (VIOLATED)
clkbuf_leaf_312_clk/X                    10     11        (VIOLATED)
clkbuf_leaf_317_clk/X                    10     11        (VIOLATED)
clkbuf_leaf_319_clk/X                    10     11        (VIOLATED)
clkbuf_leaf_322_clk/X                    10     11        (VIOLATED)
clkbuf_leaf_37_clk/X                     10     11        (VIOLATED)
clkbuf_leaf_38_clk/X                     10     11        (VIOLATED)
clkbuf_leaf_39_clk/X                     10     11        (VIOLATED)
clkbuf_leaf_40_clk/X                     10     11        (VIOLATED)
clkbuf_leaf_65_clk/X                     10     11        (VIOLATED)
clkbuf_leaf_68_clk/X                     10     11        (VIOLATED)
clkbuf_leaf_69_clk/X                     10     11        (VIOLATED)
clkbuf_leaf_76_clk/X                     10     11        (VIOLATED)
clkbuf_leaf_78_clk/X                     10     11        (VIOLATED)
clkbuf_leaf_79_clk/X                     10     11        (VIOLATED)
clkbuf_leaf_7_clk/X                      10     11        (VIOLATED)
clkbuf_leaf_82_clk/X                     10     11        (VIOLATED)
clkbuf_leaf_85_clk/X                     10     11        (VIOLATED)
clkbuf_leaf_89_clk/X                     10     11        (VIOLATED)
clkbuf_leaf_90_clk/X                     10     11        (VIOLATED)
fanout232/X                              10     11        (VIOLATED)
fanout265/X                              10     11        (VIOLATED)
fanout332/X                              10     11        (VIOLATED)
fanout426/X                              10     11        (VIOLATED)
fanout457/X                              10     11        (VIOLATED)
fanout474/X                              10     11        (VIOLATED)
fanout588/X                              10     11        (VIOLATED)
fanout856/X                              10     11        (VIOLATED)

max capacitance

Pin                                        Limit         Cap       Slack
------------------------------------------------------------------------
clkbuf_2_1_0_clk/X                      0.200000    0.247831   -0.047831 (VIOLATED)
clkbuf_2_3_0_clk/X                      0.200000    0.226870   -0.026870 (VIOLATED)
clkbuf_2_0_0_clk/X                      0.200000    0.214219   -0.014219 (VIOLATED)
clkbuf_2_2_0_clk/X                      0.200000    0.210620   -0.010620 (VIOLATED)
fanout1773/X                            0.151987    0.159244   -0.007257 (VIOLATED)
fanout1999/X                            0.151987    0.157286   -0.005299 (VIOLATED)
fanout1634/X                            0.151987    0.156611   -0.004624 (VIOLATED)
fanout2062/X                            0.151987    0.156504   -0.004517 (VIOLATED)
fanout2449/X                            0.151987    0.153418   -0.001431 (VIOLATED)



===========================================================================
report_parasitic_annotation -report_unannotated
============================================================================
Found 230 unannotated drivers.
 ena
 ui_in[7]
 uio_in[0]
 uio_in[1]
 uio_in[2]
 uio_in[3]
 uio_in[4]
 uio_in[5]
 uio_in[6]
 uio_in[7]
 clkload0/X
 clkload1/X
 clkload10/X
 clkload100/Y
 clkload101/X
 clkload102/X
 clkload103/X
 clkload104/X
 clkload105/Y
 clkload106/X
 clkload107/Y
 clkload108/X
 clkload109/X
 clkload11/X
 clkload110/X
 clkload111/X
 clkload112/X
 clkload113/X
 clkload114/X
 clkload115/X
 clkload116/X
 clkload117/X
 clkload118/X
 clkload119/X
 clkload12/X
 clkload120/X
 clkload121/Y
 clkload122/X
 clkload123/Y
 clkload124/X
 clkload125/X
 clkload126/X
 clkload127/X
 clkload128/Y
 clkload129/Y
 clkload13/X
 clkload130/X
 clkload131/X
 clkload132/X
 clkload133/X
 clkload134/X
 clkload135/Y
 clkload136/X
 clkload137/X
 clkload138/X
 clkload139/X
 clkload14/X
 clkload140/X
 clkload141/X
 clkload142/X
 clkload143/X
 clkload144/Y
 clkload145/X
 clkload146/X
 clkload147/X
 clkload148/X
 clkload149/X
 clkload15/X
 clkload150/X
 clkload151/X
 clkload152/X
 clkload153/X
 clkload154/X
 clkload155/X
 clkload156/X
 clkload157/X
 clkload158/X
 clkload159/Y
 clkload16/X
 clkload160/X
 clkload161/X
 clkload162/X
 clkload163/X
 clkload164/X
 clkload165/Y
 clkload166/Y
 clkload167/Y
 clkload168/Y
 clkload169/X
 clkload17/X
 clkload170/X
 clkload171/X
 clkload172/X
 clkload173/X
 clkload174/X
 clkload175/X
 clkload176/Y
 clkload177/X
 clkload178/X
 clkload179/Y
 clkload18/X
 clkload180/X
 clkload181/X
 clkload182/X
 clkload183/Y
 clkload184/X
 clkload185/X
 clkload186/X
 clkload187/X
 clkload188/X
 clkload189/X
 clkload19/X
 clkload190/X
 clkload191/X
 clkload192/X
 clkload193/X
 clkload194/X
 clkload195/Y
 clkload196/X
 clkload197/X
 clkload198/X
 clkload199/X
 clkload2/X
 clkload20/X
 clkload200/Y
 clkload201/X
 clkload202/X
 clkload203/Y
 clkload21/X
 clkload22/X
 clkload23/X
 clkload24/X
 clkload25/X
 clkload26/X
 clkload27/X
 clkload28/X
 clkload29/X
 clkload3/X
 clkload30/X
 clkload31/X
 clkload32/X
 clkload33/X
 clkload34/X
 clkload35/X
 clkload36/X
 clkload37/X
 clkload38/X
 clkload39/X
 clkload4/X
 clkload40/X
 clkload41/X
 clkload42/X
 clkload43/X
 clkload44/X
 clkload45/X
 clkload46/X
 clkload47/X
 clkload48/X
 clkload49/X
 clkload5/X
 clkload50/X
 clkload51/X
 clkload52/X
 clkload53/X
 clkload54/X
 clkload55/X
 clkload56/X
 clkload57/X
 clkload58/X
 clkload59/Y
 clkload6/X
 clkload60/Y
 clkload61/X
 clkload62/X
 clkload63/X
 clkload64/X
 clkload65/X
 clkload66/X
 clkload67/X
 clkload68/X
 clkload69/X
 clkload7/X
 clkload70/X
 clkload71/X
 clkload72/X
 clkload73/X
 clkload74/X
 clkload75/X
 clkload76/X
 clkload77/X
 clkload78/X
 clkload79/X
 clkload8/X
 clkload80/Y
 clkload81/Y
 clkload82/Y
 clkload83/Y
 clkload84/Y
 clkload85/Y
 clkload86/Y
 clkload87/X
 clkload88/X
 clkload89/X
 clkload9/X
 clkload90/X
 clkload91/X
 clkload92/X
 clkload93/Y
 clkload94/Y
 clkload95/X
 clkload96/X
 clkload97/X
 clkload98/X
 clkload99/X
 tt_um_cleave/HI
 tt_um_cleave_2523/HI
 tt_um_cleave_2524/HI
 tt_um_cleave_2525/HI
 tt_um_cleave_2526/HI
 tt_um_cleave_2527/HI
 tt_um_cleave_2528/HI
 tt_um_cleave_2529/HI
 tt_um_cleave_2530/HI
 tt_um_cleave_2531/HI
 tt_um_cleave_2532/HI
 tt_um_cleave_2533/HI
 tt_um_cleave_2534/HI
 tt_um_cleave_2535/HI
 tt_um_cleave_2536/HI
 tt_um_cleave_2537/HI
Found 0 partially unannotated drivers.

===========================================================================
max slew violation count 957
max fanout violation count 66
max cap violation count 9
============================================================================

===========================================================================
check_setup -verbose -unconstrained_endpoints -multiple_clock -no_clock -no_input_delay -loops -generated_clocks
===========================================================================
