
Cell sky130_fd_sc_hd__decap_3 (0) disconnected node: VGND
Cell sky130_fd_sc_hd__decap_3 (0) disconnected node: VNB
Cell sky130_fd_sc_hd__decap_3 (0) disconnected node: VPB
Cell sky130_fd_sc_hd__decap_3 (0) disconnected node: VPWR

Subcircuit pins:
Circuit 1: sky130_fd_sc_hd__decap_3        |Circuit 2: sky130_fd_sc_hd__decap_3        
-------------------------------------------|-------------------------------------------
VGND                                       |VGND                                       
VNB                                        |VNB                                        
VPB                                        |VPB                                        
VPWR                                       |VPWR                                       
---------------------------------------------------------------------------------------
Cell pin lists are equivalent.
Device classes sky130_fd_sc_hd__decap_3 and sky130_fd_sc_hd__decap_3 are equivalent.

Cell sky130_fd_sc_hd__fill_2 (0) disconnected node: VGND
Cell sky130_fd_sc_hd__fill_2 (0) disconnected node: VNB
Cell sky130_fd_sc_hd__fill_2 (0) disconnected node: VPB
Cell sky130_fd_sc_hd__fill_2 (0) disconnected node: VPWR
Cell sky130_fd_sc_hd__fill_2 (1) disconnected node: VGND
Cell sky130_fd_sc_hd__fill_2 (1) disconnected node: VNB
Cell sky130_fd_sc_hd__fill_2 (1) disconnected node: VPB
Cell sky130_fd_sc_hd__fill_2 (1) disconnected node: VPWR

Subcircuit pins:
Circuit 1: sky130_fd_sc_hd__fill_2         |Circuit 2: sky130_fd_sc_hd__fill_2         
-------------------------------------------|-------------------------------------------
VGND                                       |VGND                                       
VNB                                        |VNB                                        
VPB                                        |VPB                                        
VPWR                                       |VPWR                                       
---------------------------------------------------------------------------------------
Cell pin lists are equivalent.
Device classes sky130_fd_sc_hd__fill_2 and sky130_fd_sc_hd__fill_2 are equivalent.

Cell sky130_fd_sc_hd__o221a_2 (0) disconnected node: A1
Cell sky130_fd_sc_hd__o221a_2 (0) disconnected node: A2
Cell sky130_fd_sc_hd__o221a_2 (0) disconnected node: B1
Cell sky130_fd_sc_hd__o221a_2 (0) disconnected node: B2
Cell sky130_fd_sc_hd__o221a_2 (0) disconnected node: C1
Cell sky130_fd_sc_hd__o221a_2 (0) disconnected node: VGND
Cell sky130_fd_sc_hd__o221a_2 (0) disconnected node: VNB
Cell sky130_fd_sc_hd__o221a_2 (0) disconnected node: VPB
Cell sky130_fd_sc_hd__o221a_2 (0) disconnected node: VPWR
Cell sky130_fd_sc_hd__o221a_2 (0) disconnected node: X

Subcircuit pins:
Circuit 1: sky130_fd_sc_hd__o221a_2        |Circuit 2: sky130_fd_sc_hd__o221a_2        
-------------------------------------------|-------------------------------------------
A1                                         |A1                                         
A2                                         |A2                                         
B1                                         |B1                                         
B2                                         |B2                                         
C1                                         |C1                                         
VGND                                       |VGND                                       
VNB                                        |VNB                                        
VPB                                        |VPB                                        
VPWR                                       |VPWR                                       
X                                          |X                                          
---------------------------------------------------------------------------------------
Cell pin lists are equivalent.
Device classes sky130_fd_sc_hd__o221a_2 and sky130_fd_sc_hd__o221a_2 are equivalent.

Cell sky130_fd_sc_hd__dfxtp_2 (0) disconnected node: CLK
Cell sky130_fd_sc_hd__dfxtp_2 (0) disconnected node: D
Cell sky130_fd_sc_hd__dfxtp_2 (0) disconnected node: VGND
Cell sky130_fd_sc_hd__dfxtp_2 (0) disconnected node: VNB
Cell sky130_fd_sc_hd__dfxtp_2 (0) disconnected node: VPB
Cell sky130_fd_sc_hd__dfxtp_2 (0) disconnected node: VPWR
Cell sky130_fd_sc_hd__dfxtp_2 (0) disconnected node: Q

Subcircuit pins:
Circuit 1: sky130_fd_sc_hd__dfxtp_2        |Circuit 2: sky130_fd_sc_hd__dfxtp_2        
-------------------------------------------|-------------------------------------------
CLK                                        |CLK                                        
D                                          |D                                          
VGND                                       |VGND                                       
VNB                                        |VNB                                        
VPB                                        |VPB                                        
VPWR                                       |VPWR                                       
Q                                          |Q                                          
---------------------------------------------------------------------------------------
Cell pin lists are equivalent.
Device classes sky130_fd_sc_hd__dfxtp_2 and sky130_fd_sc_hd__dfxtp_2 are equivalent.

Cell sky130_fd_sc_hd__tapvpwrvgnd_1 (0) disconnected node: VGND
Cell sky130_fd_sc_hd__tapvpwrvgnd_1 (0) disconnected node: VPWR
Cell sky130_fd_sc_hd__tapvpwrvgnd_1 (1) disconnected node: VGND
Cell sky130_fd_sc_hd__tapvpwrvgnd_1 (1) disconnected node: VPWR

Subcircuit pins:
Circuit 1: sky130_fd_sc_hd__tapvpwrvgnd_1  |Circuit 2: sky130_fd_sc_hd__tapvpwrvgnd_1  
-------------------------------------------|-------------------------------------------
VGND                                       |VGND                                       
VPWR                                       |VPWR                                       
---------------------------------------------------------------------------------------
Cell pin lists are equivalent.
Device classes sky130_fd_sc_hd__tapvpwrvgnd_1 and sky130_fd_sc_hd__tapvpwrvgnd_1 are equivalent.

Cell sky130_fd_sc_hd__fill_1 (0) disconnected node: VGND
Cell sky130_fd_sc_hd__fill_1 (0) disconnected node: VNB
Cell sky130_fd_sc_hd__fill_1 (0) disconnected node: VPB
Cell sky130_fd_sc_hd__fill_1 (0) disconnected node: VPWR
Cell sky130_fd_sc_hd__fill_1 (1) disconnected node: VGND
Cell sky130_fd_sc_hd__fill_1 (1) disconnected node: VNB
Cell sky130_fd_sc_hd__fill_1 (1) disconnected node: VPB
Cell sky130_fd_sc_hd__fill_1 (1) disconnected node: VPWR

Subcircuit pins:
Circuit 1: sky130_fd_sc_hd__fill_1         |Circuit 2: sky130_fd_sc_hd__fill_1         
-------------------------------------------|-------------------------------------------
VGND                                       |VGND                                       
VNB                                        |VNB                                        
VPB                                        |VPB                                        
VPWR                                       |VPWR                                       
---------------------------------------------------------------------------------------
Cell pin lists are equivalent.
Device classes sky130_fd_sc_hd__fill_1 and sky130_fd_sc_hd__fill_1 are equivalent.

Cell sky130_fd_sc_hd__clkbuf_4 (0) disconnected node: A
Cell sky130_fd_sc_hd__clkbuf_4 (0) disconnected node: VGND
Cell sky130_fd_sc_hd__clkbuf_4 (0) disconnected node: VNB
Cell sky130_fd_sc_hd__clkbuf_4 (0) disconnected node: VPB
Cell sky130_fd_sc_hd__clkbuf_4 (0) disconnected node: VPWR
Cell sky130_fd_sc_hd__clkbuf_4 (0) disconnected node: X

Subcircuit pins:
Circuit 1: sky130_fd_sc_hd__clkbuf_4       |Circuit 2: sky130_fd_sc_hd__clkbuf_4       
-------------------------------------------|-------------------------------------------
A                                          |A                                          
VGND                                       |VGND                                       
VNB                                        |VNB                                        
VPB                                        |VPB                                        
VPWR                                       |VPWR                                       
X                                          |X                                          
---------------------------------------------------------------------------------------
Cell pin lists are equivalent.
Device classes sky130_fd_sc_hd__clkbuf_4 and sky130_fd_sc_hd__clkbuf_4 are equivalent.

Cell sky130_fd_sc_hd__clkdlybuf4s25_1 (0) disconnected node: A
Cell sky130_fd_sc_hd__clkdlybuf4s25_1 (0) disconnected node: VGND
Cell sky130_fd_sc_hd__clkdlybuf4s25_1 (0) disconnected node: VNB
Cell sky130_fd_sc_hd__clkdlybuf4s25_1 (0) disconnected node: VPB
Cell sky130_fd_sc_hd__clkdlybuf4s25_1 (0) disconnected node: VPWR
Cell sky130_fd_sc_hd__clkdlybuf4s25_1 (0) disconnected node: X

Subcircuit pins:
Circuit 1: sky130_fd_sc_hd__clkdlybuf4s25_ |Circuit 2: sky130_fd_sc_hd__clkdlybuf4s25_ 
-------------------------------------------|-------------------------------------------
A                                          |A                                          
VGND                                       |VGND                                       
VNB                                        |VNB                                        
VPB                                        |VPB                                        
VPWR                                       |VPWR                                       
X                                          |X                                          
---------------------------------------------------------------------------------------
Cell pin lists are equivalent.
Device classes sky130_fd_sc_hd__clkdlybuf4s25_1 and sky130_fd_sc_hd__clkdlybuf4s25_1 are equivalent.

Cell sky130_fd_sc_hd__mux4_2 (0) disconnected node: A0
Cell sky130_fd_sc_hd__mux4_2 (0) disconnected node: A1
Cell sky130_fd_sc_hd__mux4_2 (0) disconnected node: A2
Cell sky130_fd_sc_hd__mux4_2 (0) disconnected node: A3
Cell sky130_fd_sc_hd__mux4_2 (0) disconnected node: S0
Cell sky130_fd_sc_hd__mux4_2 (0) disconnected node: S1
Cell sky130_fd_sc_hd__mux4_2 (0) disconnected node: VGND
Cell sky130_fd_sc_hd__mux4_2 (0) disconnected node: VNB
Cell sky130_fd_sc_hd__mux4_2 (0) disconnected node: VPB
Cell sky130_fd_sc_hd__mux4_2 (0) disconnected node: VPWR
Cell sky130_fd_sc_hd__mux4_2 (0) disconnected node: X

Subcircuit pins:
Circuit 1: sky130_fd_sc_hd__mux4_2         |Circuit 2: sky130_fd_sc_hd__mux4_2         
-------------------------------------------|-------------------------------------------
A0                                         |A0                                         
A1                                         |A1                                         
A2                                         |A2                                         
A3                                         |A3                                         
S0                                         |S0                                         
S1                                         |S1                                         
VGND                                       |VGND                                       
VNB                                        |VNB                                        
VPB                                        |VPB                                        
VPWR                                       |VPWR                                       
X                                          |X                                          
---------------------------------------------------------------------------------------
Cell pin lists are equivalent.
Device classes sky130_fd_sc_hd__mux4_2 and sky130_fd_sc_hd__mux4_2 are equivalent.

Cell sky130_fd_sc_hd__a32o_2 (0) disconnected node: A1
Cell sky130_fd_sc_hd__a32o_2 (0) disconnected node: A2
Cell sky130_fd_sc_hd__a32o_2 (0) disconnected node: A3
Cell sky130_fd_sc_hd__a32o_2 (0) disconnected node: B1
Cell sky130_fd_sc_hd__a32o_2 (0) disconnected node: B2
Cell sky130_fd_sc_hd__a32o_2 (0) disconnected node: VGND
Cell sky130_fd_sc_hd__a32o_2 (0) disconnected node: VNB
Cell sky130_fd_sc_hd__a32o_2 (0) disconnected node: VPB
Cell sky130_fd_sc_hd__a32o_2 (0) disconnected node: VPWR
Cell sky130_fd_sc_hd__a32o_2 (0) disconnected node: X

Subcircuit pins:
Circuit 1: sky130_fd_sc_hd__a32o_2         |Circuit 2: sky130_fd_sc_hd__a32o_2         
-------------------------------------------|-------------------------------------------
A1                                         |A1                                         
A2                                         |A2                                         
A3                                         |A3                                         
B1                                         |B1                                         
B2                                         |B2                                         
VGND                                       |VGND                                       
VNB                                        |VNB                                        
VPB                                        |VPB                                        
VPWR                                       |VPWR                                       
X                                          |X                                          
---------------------------------------------------------------------------------------
Cell pin lists are equivalent.
Device classes sky130_fd_sc_hd__a32o_2 and sky130_fd_sc_hd__a32o_2 are equivalent.

Cell sky130_fd_sc_hd__and3b_2 (0) disconnected node: A_N
Cell sky130_fd_sc_hd__and3b_2 (0) disconnected node: B
Cell sky130_fd_sc_hd__and3b_2 (0) disconnected node: C
Cell sky130_fd_sc_hd__and3b_2 (0) disconnected node: VGND
Cell sky130_fd_sc_hd__and3b_2 (0) disconnected node: VNB
Cell sky130_fd_sc_hd__and3b_2 (0) disconnected node: VPB
Cell sky130_fd_sc_hd__and3b_2 (0) disconnected node: VPWR
Cell sky130_fd_sc_hd__and3b_2 (0) disconnected node: X

Subcircuit pins:
Circuit 1: sky130_fd_sc_hd__and3b_2        |Circuit 2: sky130_fd_sc_hd__and3b_2        
-------------------------------------------|-------------------------------------------
A_N                                        |A_N                                        
B                                          |B                                          
C                                          |C                                          
VGND                                       |VGND                                       
VNB                                        |VNB                                        
VPB                                        |VPB                                        
VPWR                                       |VPWR                                       
X                                          |X                                          
---------------------------------------------------------------------------------------
Cell pin lists are equivalent.
Device classes sky130_fd_sc_hd__and3b_2 and sky130_fd_sc_hd__and3b_2 are equivalent.

Cell sky130_fd_sc_hd__a211o_2 (0) disconnected node: A1
Cell sky130_fd_sc_hd__a211o_2 (0) disconnected node: A2
Cell sky130_fd_sc_hd__a211o_2 (0) disconnected node: B1
Cell sky130_fd_sc_hd__a211o_2 (0) disconnected node: C1
Cell sky130_fd_sc_hd__a211o_2 (0) disconnected node: VGND
Cell sky130_fd_sc_hd__a211o_2 (0) disconnected node: VNB
Cell sky130_fd_sc_hd__a211o_2 (0) disconnected node: VPB
Cell sky130_fd_sc_hd__a211o_2 (0) disconnected node: VPWR
Cell sky130_fd_sc_hd__a211o_2 (0) disconnected node: X

Subcircuit pins:
Circuit 1: sky130_fd_sc_hd__a211o_2        |Circuit 2: sky130_fd_sc_hd__a211o_2        
-------------------------------------------|-------------------------------------------
A1                                         |A1                                         
A2                                         |A2                                         
B1                                         |B1                                         
C1                                         |C1                                         
VGND                                       |VGND                                       
VNB                                        |VNB                                        
VPB                                        |VPB                                        
VPWR                                       |VPWR                                       
X                                          |X                                          
---------------------------------------------------------------------------------------
Cell pin lists are equivalent.
Device classes sky130_fd_sc_hd__a211o_2 and sky130_fd_sc_hd__a211o_2 are equivalent.

Cell sky130_fd_sc_hd__or3_2 (0) disconnected node: A
Cell sky130_fd_sc_hd__or3_2 (0) disconnected node: B
Cell sky130_fd_sc_hd__or3_2 (0) disconnected node: C
Cell sky130_fd_sc_hd__or3_2 (0) disconnected node: VGND
Cell sky130_fd_sc_hd__or3_2 (0) disconnected node: VNB
Cell sky130_fd_sc_hd__or3_2 (0) disconnected node: VPB
Cell sky130_fd_sc_hd__or3_2 (0) disconnected node: VPWR
Cell sky130_fd_sc_hd__or3_2 (0) disconnected node: X

Subcircuit pins:
Circuit 1: sky130_fd_sc_hd__or3_2          |Circuit 2: sky130_fd_sc_hd__or3_2          
-------------------------------------------|-------------------------------------------
A                                          |A                                          
B                                          |B                                          
C                                          |C                                          
VGND                                       |VGND                                       
VNB                                        |VNB                                        
VPB                                        |VPB                                        
VPWR                                       |VPWR                                       
X                                          |X                                          
---------------------------------------------------------------------------------------
Cell pin lists are equivalent.
Device classes sky130_fd_sc_hd__or3_2 and sky130_fd_sc_hd__or3_2 are equivalent.

Cell sky130_fd_sc_hd__mux2_1 (0) disconnected node: A0
Cell sky130_fd_sc_hd__mux2_1 (0) disconnected node: A1
Cell sky130_fd_sc_hd__mux2_1 (0) disconnected node: S
Cell sky130_fd_sc_hd__mux2_1 (0) disconnected node: VGND
Cell sky130_fd_sc_hd__mux2_1 (0) disconnected node: VNB
Cell sky130_fd_sc_hd__mux2_1 (0) disconnected node: VPB
Cell sky130_fd_sc_hd__mux2_1 (0) disconnected node: VPWR
Cell sky130_fd_sc_hd__mux2_1 (0) disconnected node: X

Subcircuit pins:
Circuit 1: sky130_fd_sc_hd__mux2_1         |Circuit 2: sky130_fd_sc_hd__mux2_1         
-------------------------------------------|-------------------------------------------
A0                                         |A0                                         
A1                                         |A1                                         
S                                          |S                                          
VGND                                       |VGND                                       
VNB                                        |VNB                                        
VPB                                        |VPB                                        
VPWR                                       |VPWR                                       
X                                          |X                                          
---------------------------------------------------------------------------------------
Cell pin lists are equivalent.
Device classes sky130_fd_sc_hd__mux2_1 and sky130_fd_sc_hd__mux2_1 are equivalent.

Cell sky130_fd_sc_hd__o21a_2 (0) disconnected node: A1
Cell sky130_fd_sc_hd__o21a_2 (0) disconnected node: A2
Cell sky130_fd_sc_hd__o21a_2 (0) disconnected node: B1
Cell sky130_fd_sc_hd__o21a_2 (0) disconnected node: VGND
Cell sky130_fd_sc_hd__o21a_2 (0) disconnected node: VNB
Cell sky130_fd_sc_hd__o21a_2 (0) disconnected node: VPB
Cell sky130_fd_sc_hd__o21a_2 (0) disconnected node: VPWR
Cell sky130_fd_sc_hd__o21a_2 (0) disconnected node: X

Subcircuit pins:
Circuit 1: sky130_fd_sc_hd__o21a_2         |Circuit 2: sky130_fd_sc_hd__o21a_2         
-------------------------------------------|-------------------------------------------
A1                                         |A1                                         
A2                                         |A2                                         
B1                                         |B1                                         
VGND                                       |VGND                                       
VNB                                        |VNB                                        
VPB                                        |VPB                                        
VPWR                                       |VPWR                                       
X                                          |X                                          
---------------------------------------------------------------------------------------
Cell pin lists are equivalent.
Device classes sky130_fd_sc_hd__o21a_2 and sky130_fd_sc_hd__o21a_2 are equivalent.

Cell sky130_fd_sc_hd__o21ai_2 (0) disconnected node: A1
Cell sky130_fd_sc_hd__o21ai_2 (0) disconnected node: A2
Cell sky130_fd_sc_hd__o21ai_2 (0) disconnected node: B1
Cell sky130_fd_sc_hd__o21ai_2 (0) disconnected node: VGND
Cell sky130_fd_sc_hd__o21ai_2 (0) disconnected node: VNB
Cell sky130_fd_sc_hd__o21ai_2 (0) disconnected node: VPB
Cell sky130_fd_sc_hd__o21ai_2 (0) disconnected node: VPWR
Cell sky130_fd_sc_hd__o21ai_2 (0) disconnected node: Y

Subcircuit pins:
Circuit 1: sky130_fd_sc_hd__o21ai_2        |Circuit 2: sky130_fd_sc_hd__o21ai_2        
-------------------------------------------|-------------------------------------------
A1                                         |A1                                         
A2                                         |A2                                         
B1                                         |B1                                         
VGND                                       |VGND                                       
VNB                                        |VNB                                        
VPB                                        |VPB                                        
VPWR                                       |VPWR                                       
Y                                          |Y                                          
---------------------------------------------------------------------------------------
Cell pin lists are equivalent.
Device classes sky130_fd_sc_hd__o21ai_2 and sky130_fd_sc_hd__o21ai_2 are equivalent.

Cell sky130_fd_sc_hd__o211a_2 (0) disconnected node: A1
Cell sky130_fd_sc_hd__o211a_2 (0) disconnected node: A2
Cell sky130_fd_sc_hd__o211a_2 (0) disconnected node: B1
Cell sky130_fd_sc_hd__o211a_2 (0) disconnected node: C1
Cell sky130_fd_sc_hd__o211a_2 (0) disconnected node: VGND
Cell sky130_fd_sc_hd__o211a_2 (0) disconnected node: VNB
Cell sky130_fd_sc_hd__o211a_2 (0) disconnected node: VPB
Cell sky130_fd_sc_hd__o211a_2 (0) disconnected node: VPWR
Cell sky130_fd_sc_hd__o211a_2 (0) disconnected node: X

Subcircuit pins:
Circuit 1: sky130_fd_sc_hd__o211a_2        |Circuit 2: sky130_fd_sc_hd__o211a_2        
-------------------------------------------|-------------------------------------------
A1                                         |A1                                         
A2                                         |A2                                         
B1                                         |B1                                         
C1                                         |C1                                         
VGND                                       |VGND                                       
VNB                                        |VNB                                        
VPB                                        |VPB                                        
VPWR                                       |VPWR                                       
X                                          |X                                          
---------------------------------------------------------------------------------------
Cell pin lists are equivalent.
Device classes sky130_fd_sc_hd__o211a_2 and sky130_fd_sc_hd__o211a_2 are equivalent.

Cell sky130_fd_sc_hd__and3_2 (0) disconnected node: A
Cell sky130_fd_sc_hd__and3_2 (0) disconnected node: B
Cell sky130_fd_sc_hd__and3_2 (0) disconnected node: C
Cell sky130_fd_sc_hd__and3_2 (0) disconnected node: VGND
Cell sky130_fd_sc_hd__and3_2 (0) disconnected node: VNB
Cell sky130_fd_sc_hd__and3_2 (0) disconnected node: VPB
Cell sky130_fd_sc_hd__and3_2 (0) disconnected node: VPWR
Cell sky130_fd_sc_hd__and3_2 (0) disconnected node: X

Subcircuit pins:
Circuit 1: sky130_fd_sc_hd__and3_2         |Circuit 2: sky130_fd_sc_hd__and3_2         
-------------------------------------------|-------------------------------------------
A                                          |A                                          
B                                          |B                                          
C                                          |C                                          
VGND                                       |VGND                                       
VNB                                        |VNB                                        
VPB                                        |VPB                                        
VPWR                                       |VPWR                                       
X                                          |X                                          
---------------------------------------------------------------------------------------
Cell pin lists are equivalent.
Device classes sky130_fd_sc_hd__and3_2 and sky130_fd_sc_hd__and3_2 are equivalent.

Cell sky130_fd_sc_hd__buf_2 (0) disconnected node: A
Cell sky130_fd_sc_hd__buf_2 (0) disconnected node: VGND
Cell sky130_fd_sc_hd__buf_2 (0) disconnected node: VNB
Cell sky130_fd_sc_hd__buf_2 (0) disconnected node: VPB
Cell sky130_fd_sc_hd__buf_2 (0) disconnected node: VPWR
Cell sky130_fd_sc_hd__buf_2 (0) disconnected node: X

Subcircuit pins:
Circuit 1: sky130_fd_sc_hd__buf_2          |Circuit 2: sky130_fd_sc_hd__buf_2          
-------------------------------------------|-------------------------------------------
A                                          |A                                          
VGND                                       |VGND                                       
VNB                                        |VNB                                        
VPB                                        |VPB                                        
VPWR                                       |VPWR                                       
X                                          |X                                          
---------------------------------------------------------------------------------------
Cell pin lists are equivalent.
Device classes sky130_fd_sc_hd__buf_2 and sky130_fd_sc_hd__buf_2 are equivalent.

Cell sky130_fd_sc_hd__or2_2 (0) disconnected node: A
Cell sky130_fd_sc_hd__or2_2 (0) disconnected node: B
Cell sky130_fd_sc_hd__or2_2 (0) disconnected node: VGND
Cell sky130_fd_sc_hd__or2_2 (0) disconnected node: VNB
Cell sky130_fd_sc_hd__or2_2 (0) disconnected node: VPB
Cell sky130_fd_sc_hd__or2_2 (0) disconnected node: VPWR
Cell sky130_fd_sc_hd__or2_2 (0) disconnected node: X

Subcircuit pins:
Circuit 1: sky130_fd_sc_hd__or2_2          |Circuit 2: sky130_fd_sc_hd__or2_2          
-------------------------------------------|-------------------------------------------
A                                          |A                                          
B                                          |B                                          
VGND                                       |VGND                                       
VNB                                        |VNB                                        
VPB                                        |VPB                                        
VPWR                                       |VPWR                                       
X                                          |X                                          
---------------------------------------------------------------------------------------
Cell pin lists are equivalent.
Device classes sky130_fd_sc_hd__or2_2 and sky130_fd_sc_hd__or2_2 are equivalent.

Cell sky130_fd_sc_hd__a221o_2 (0) disconnected node: A1
Cell sky130_fd_sc_hd__a221o_2 (0) disconnected node: A2
Cell sky130_fd_sc_hd__a221o_2 (0) disconnected node: B1
Cell sky130_fd_sc_hd__a221o_2 (0) disconnected node: B2
Cell sky130_fd_sc_hd__a221o_2 (0) disconnected node: C1
Cell sky130_fd_sc_hd__a221o_2 (0) disconnected node: VGND
Cell sky130_fd_sc_hd__a221o_2 (0) disconnected node: VNB
Cell sky130_fd_sc_hd__a221o_2 (0) disconnected node: VPB
Cell sky130_fd_sc_hd__a221o_2 (0) disconnected node: VPWR
Cell sky130_fd_sc_hd__a221o_2 (0) disconnected node: X

Subcircuit pins:
Circuit 1: sky130_fd_sc_hd__a221o_2        |Circuit 2: sky130_fd_sc_hd__a221o_2        
-------------------------------------------|-------------------------------------------
A1                                         |A1                                         
A2                                         |A2                                         
B1                                         |B1                                         
B2                                         |B2                                         
C1                                         |C1                                         
VGND                                       |VGND                                       
VNB                                        |VNB                                        
VPB                                        |VPB                                        
VPWR                                       |VPWR                                       
X                                          |X                                          
---------------------------------------------------------------------------------------
Cell pin lists are equivalent.
Device classes sky130_fd_sc_hd__a221o_2 and sky130_fd_sc_hd__a221o_2 are equivalent.

Cell sky130_fd_sc_hd__o21bai_2 (0) disconnected node: A1
Cell sky130_fd_sc_hd__o21bai_2 (0) disconnected node: A2
Cell sky130_fd_sc_hd__o21bai_2 (0) disconnected node: B1_N
Cell sky130_fd_sc_hd__o21bai_2 (0) disconnected node: VGND
Cell sky130_fd_sc_hd__o21bai_2 (0) disconnected node: VNB
Cell sky130_fd_sc_hd__o21bai_2 (0) disconnected node: VPB
Cell sky130_fd_sc_hd__o21bai_2 (0) disconnected node: VPWR
Cell sky130_fd_sc_hd__o21bai_2 (0) disconnected node: Y

Subcircuit pins:
Circuit 1: sky130_fd_sc_hd__o21bai_2       |Circuit 2: sky130_fd_sc_hd__o21bai_2       
-------------------------------------------|-------------------------------------------
A1                                         |A1                                         
A2                                         |A2                                         
B1_N                                       |B1_N                                       
VGND                                       |VGND                                       
VNB                                        |VNB                                        
VPB                                        |VPB                                        
VPWR                                       |VPWR                                       
Y                                          |Y                                          
---------------------------------------------------------------------------------------
Cell pin lists are equivalent.
Device classes sky130_fd_sc_hd__o21bai_2 and sky130_fd_sc_hd__o21bai_2 are equivalent.

Cell sky130_fd_sc_hd__a31o_2 (0) disconnected node: A1
Cell sky130_fd_sc_hd__a31o_2 (0) disconnected node: A2
Cell sky130_fd_sc_hd__a31o_2 (0) disconnected node: A3
Cell sky130_fd_sc_hd__a31o_2 (0) disconnected node: B1
Cell sky130_fd_sc_hd__a31o_2 (0) disconnected node: VGND
Cell sky130_fd_sc_hd__a31o_2 (0) disconnected node: VNB
Cell sky130_fd_sc_hd__a31o_2 (0) disconnected node: VPB
Cell sky130_fd_sc_hd__a31o_2 (0) disconnected node: VPWR
Cell sky130_fd_sc_hd__a31o_2 (0) disconnected node: X

Subcircuit pins:
Circuit 1: sky130_fd_sc_hd__a31o_2         |Circuit 2: sky130_fd_sc_hd__a31o_2         
-------------------------------------------|-------------------------------------------
A1                                         |A1                                         
A2                                         |A2                                         
A3                                         |A3                                         
B1                                         |B1                                         
VGND                                       |VGND                                       
VNB                                        |VNB                                        
VPB                                        |VPB                                        
VPWR                                       |VPWR                                       
X                                          |X                                          
---------------------------------------------------------------------------------------
Cell pin lists are equivalent.
Device classes sky130_fd_sc_hd__a31o_2 and sky130_fd_sc_hd__a31o_2 are equivalent.

Cell sky130_fd_sc_hd__o22a_2 (0) disconnected node: A1
Cell sky130_fd_sc_hd__o22a_2 (0) disconnected node: A2
Cell sky130_fd_sc_hd__o22a_2 (0) disconnected node: B1
Cell sky130_fd_sc_hd__o22a_2 (0) disconnected node: B2
Cell sky130_fd_sc_hd__o22a_2 (0) disconnected node: VGND
Cell sky130_fd_sc_hd__o22a_2 (0) disconnected node: VNB
Cell sky130_fd_sc_hd__o22a_2 (0) disconnected node: VPB
Cell sky130_fd_sc_hd__o22a_2 (0) disconnected node: VPWR
Cell sky130_fd_sc_hd__o22a_2 (0) disconnected node: X

Subcircuit pins:
Circuit 1: sky130_fd_sc_hd__o22a_2         |Circuit 2: sky130_fd_sc_hd__o22a_2         
-------------------------------------------|-------------------------------------------
A1                                         |A1                                         
A2                                         |A2                                         
B1                                         |B1                                         
B2                                         |B2                                         
VGND                                       |VGND                                       
VNB                                        |VNB                                        
VPB                                        |VPB                                        
VPWR                                       |VPWR                                       
X                                          |X                                          
---------------------------------------------------------------------------------------
Cell pin lists are equivalent.
Device classes sky130_fd_sc_hd__o22a_2 and sky130_fd_sc_hd__o22a_2 are equivalent.

Cell sky130_fd_sc_hd__dlygate4sd3_1 (0) disconnected node: A
Cell sky130_fd_sc_hd__dlygate4sd3_1 (0) disconnected node: VGND
Cell sky130_fd_sc_hd__dlygate4sd3_1 (0) disconnected node: VNB
Cell sky130_fd_sc_hd__dlygate4sd3_1 (0) disconnected node: VPB
Cell sky130_fd_sc_hd__dlygate4sd3_1 (0) disconnected node: VPWR
Cell sky130_fd_sc_hd__dlygate4sd3_1 (0) disconnected node: X

Subcircuit pins:
Circuit 1: sky130_fd_sc_hd__dlygate4sd3_1  |Circuit 2: sky130_fd_sc_hd__dlygate4sd3_1  
-------------------------------------------|-------------------------------------------
A                                          |A                                          
VGND                                       |VGND                                       
VNB                                        |VNB                                        
VPB                                        |VPB                                        
VPWR                                       |VPWR                                       
X                                          |X                                          
---------------------------------------------------------------------------------------
Cell pin lists are equivalent.
Device classes sky130_fd_sc_hd__dlygate4sd3_1 and sky130_fd_sc_hd__dlygate4sd3_1 are equivalent.

Cell sky130_fd_sc_hd__buf_6 (0) disconnected node: A
Cell sky130_fd_sc_hd__buf_6 (0) disconnected node: VGND
Cell sky130_fd_sc_hd__buf_6 (0) disconnected node: VNB
Cell sky130_fd_sc_hd__buf_6 (0) disconnected node: VPB
Cell sky130_fd_sc_hd__buf_6 (0) disconnected node: VPWR
Cell sky130_fd_sc_hd__buf_6 (0) disconnected node: X

Subcircuit pins:
Circuit 1: sky130_fd_sc_hd__buf_6          |Circuit 2: sky130_fd_sc_hd__buf_6          
-------------------------------------------|-------------------------------------------
A                                          |A                                          
VGND                                       |VGND                                       
VNB                                        |VNB                                        
VPB                                        |VPB                                        
VPWR                                       |VPWR                                       
X                                          |X                                          
---------------------------------------------------------------------------------------
Cell pin lists are equivalent.
Device classes sky130_fd_sc_hd__buf_6 and sky130_fd_sc_hd__buf_6 are equivalent.

Cell sky130_fd_sc_hd__a22o_2 (0) disconnected node: A1
Cell sky130_fd_sc_hd__a22o_2 (0) disconnected node: A2
Cell sky130_fd_sc_hd__a22o_2 (0) disconnected node: B1
Cell sky130_fd_sc_hd__a22o_2 (0) disconnected node: B2
Cell sky130_fd_sc_hd__a22o_2 (0) disconnected node: VGND
Cell sky130_fd_sc_hd__a22o_2 (0) disconnected node: VNB
Cell sky130_fd_sc_hd__a22o_2 (0) disconnected node: VPB
Cell sky130_fd_sc_hd__a22o_2 (0) disconnected node: VPWR
Cell sky130_fd_sc_hd__a22o_2 (0) disconnected node: X

Subcircuit pins:
Circuit 1: sky130_fd_sc_hd__a22o_2         |Circuit 2: sky130_fd_sc_hd__a22o_2         
-------------------------------------------|-------------------------------------------
A1                                         |A1                                         
A2                                         |A2                                         
B1                                         |B1                                         
B2                                         |B2                                         
VGND                                       |VGND                                       
VNB                                        |VNB                                        
VPB                                        |VPB                                        
VPWR                                       |VPWR                                       
X                                          |X                                          
---------------------------------------------------------------------------------------
Cell pin lists are equivalent.
Device classes sky130_fd_sc_hd__a22o_2 and sky130_fd_sc_hd__a22o_2 are equivalent.

Cell sky130_fd_sc_hd__and2_2 (0) disconnected node: A
Cell sky130_fd_sc_hd__and2_2 (0) disconnected node: B
Cell sky130_fd_sc_hd__and2_2 (0) disconnected node: VGND
Cell sky130_fd_sc_hd__and2_2 (0) disconnected node: VNB
Cell sky130_fd_sc_hd__and2_2 (0) disconnected node: VPB
Cell sky130_fd_sc_hd__and2_2 (0) disconnected node: VPWR
Cell sky130_fd_sc_hd__and2_2 (0) disconnected node: X

Subcircuit pins:
Circuit 1: sky130_fd_sc_hd__and2_2         |Circuit 2: sky130_fd_sc_hd__and2_2         
-------------------------------------------|-------------------------------------------
A                                          |A                                          
B                                          |B                                          
VGND                                       |VGND                                       
VNB                                        |VNB                                        
VPB                                        |VPB                                        
VPWR                                       |VPWR                                       
X                                          |X                                          
---------------------------------------------------------------------------------------
Cell pin lists are equivalent.
Device classes sky130_fd_sc_hd__and2_2 and sky130_fd_sc_hd__and2_2 are equivalent.

Cell sky130_fd_sc_hd__nor2_4 (0) disconnected node: A
Cell sky130_fd_sc_hd__nor2_4 (0) disconnected node: B
Cell sky130_fd_sc_hd__nor2_4 (0) disconnected node: VGND
Cell sky130_fd_sc_hd__nor2_4 (0) disconnected node: VNB
Cell sky130_fd_sc_hd__nor2_4 (0) disconnected node: VPB
Cell sky130_fd_sc_hd__nor2_4 (0) disconnected node: VPWR
Cell sky130_fd_sc_hd__nor2_4 (0) disconnected node: Y

Subcircuit pins:
Circuit 1: sky130_fd_sc_hd__nor2_4         |Circuit 2: sky130_fd_sc_hd__nor2_4         
-------------------------------------------|-------------------------------------------
A                                          |A                                          
B                                          |B                                          
VGND                                       |VGND                                       
VNB                                        |VNB                                        
VPB                                        |VPB                                        
VPWR                                       |VPWR                                       
Y                                          |Y                                          
---------------------------------------------------------------------------------------
Cell pin lists are equivalent.
Device classes sky130_fd_sc_hd__nor2_4 and sky130_fd_sc_hd__nor2_4 are equivalent.

Cell sky130_fd_sc_hd__a21bo_2 (0) disconnected node: A1
Cell sky130_fd_sc_hd__a21bo_2 (0) disconnected node: A2
Cell sky130_fd_sc_hd__a21bo_2 (0) disconnected node: B1_N
Cell sky130_fd_sc_hd__a21bo_2 (0) disconnected node: VGND
Cell sky130_fd_sc_hd__a21bo_2 (0) disconnected node: VNB
Cell sky130_fd_sc_hd__a21bo_2 (0) disconnected node: VPB
Cell sky130_fd_sc_hd__a21bo_2 (0) disconnected node: VPWR
Cell sky130_fd_sc_hd__a21bo_2 (0) disconnected node: X

Subcircuit pins:
Circuit 1: sky130_fd_sc_hd__a21bo_2        |Circuit 2: sky130_fd_sc_hd__a21bo_2        
-------------------------------------------|-------------------------------------------
A1                                         |A1                                         
A2                                         |A2                                         
B1_N                                       |B1_N                                       
VGND                                       |VGND                                       
VNB                                        |VNB                                        
VPB                                        |VPB                                        
VPWR                                       |VPWR                                       
X                                          |X                                          
---------------------------------------------------------------------------------------
Cell pin lists are equivalent.
Device classes sky130_fd_sc_hd__a21bo_2 and sky130_fd_sc_hd__a21bo_2 are equivalent.

Cell sky130_fd_sc_hd__nor2_2 (0) disconnected node: A
Cell sky130_fd_sc_hd__nor2_2 (0) disconnected node: B
Cell sky130_fd_sc_hd__nor2_2 (0) disconnected node: VGND
Cell sky130_fd_sc_hd__nor2_2 (0) disconnected node: VNB
Cell sky130_fd_sc_hd__nor2_2 (0) disconnected node: VPB
Cell sky130_fd_sc_hd__nor2_2 (0) disconnected node: VPWR
Cell sky130_fd_sc_hd__nor2_2 (0) disconnected node: Y

Subcircuit pins:
Circuit 1: sky130_fd_sc_hd__nor2_2         |Circuit 2: sky130_fd_sc_hd__nor2_2         
-------------------------------------------|-------------------------------------------
A                                          |A                                          
B                                          |B                                          
VGND                                       |VGND                                       
VNB                                        |VNB                                        
VPB                                        |VPB                                        
VPWR                                       |VPWR                                       
Y                                          |Y                                          
---------------------------------------------------------------------------------------
Cell pin lists are equivalent.
Device classes sky130_fd_sc_hd__nor2_2 and sky130_fd_sc_hd__nor2_2 are equivalent.

Cell sky130_fd_sc_hd__or4bb_2 (0) disconnected node: A
Cell sky130_fd_sc_hd__or4bb_2 (0) disconnected node: B
Cell sky130_fd_sc_hd__or4bb_2 (0) disconnected node: C_N
Cell sky130_fd_sc_hd__or4bb_2 (0) disconnected node: D_N
Cell sky130_fd_sc_hd__or4bb_2 (0) disconnected node: VGND
Cell sky130_fd_sc_hd__or4bb_2 (0) disconnected node: VNB
Cell sky130_fd_sc_hd__or4bb_2 (0) disconnected node: VPB
Cell sky130_fd_sc_hd__or4bb_2 (0) disconnected node: VPWR
Cell sky130_fd_sc_hd__or4bb_2 (0) disconnected node: X

Subcircuit pins:
Circuit 1: sky130_fd_sc_hd__or4bb_2        |Circuit 2: sky130_fd_sc_hd__or4bb_2        
-------------------------------------------|-------------------------------------------
A                                          |A                                          
B                                          |B                                          
C_N                                        |C_N                                        
D_N                                        |D_N                                        
VGND                                       |VGND                                       
VNB                                        |VNB                                        
VPB                                        |VPB                                        
VPWR                                       |VPWR                                       
X                                          |X                                          
---------------------------------------------------------------------------------------
Cell pin lists are equivalent.
Device classes sky130_fd_sc_hd__or4bb_2 and sky130_fd_sc_hd__or4bb_2 are equivalent.

Cell sky130_fd_sc_hd__buf_4 (0) disconnected node: A
Cell sky130_fd_sc_hd__buf_4 (0) disconnected node: VGND
Cell sky130_fd_sc_hd__buf_4 (0) disconnected node: VNB
Cell sky130_fd_sc_hd__buf_4 (0) disconnected node: VPB
Cell sky130_fd_sc_hd__buf_4 (0) disconnected node: VPWR
Cell sky130_fd_sc_hd__buf_4 (0) disconnected node: X

Subcircuit pins:
Circuit 1: sky130_fd_sc_hd__buf_4          |Circuit 2: sky130_fd_sc_hd__buf_4          
-------------------------------------------|-------------------------------------------
A                                          |A                                          
VGND                                       |VGND                                       
VNB                                        |VNB                                        
VPB                                        |VPB                                        
VPWR                                       |VPWR                                       
X                                          |X                                          
---------------------------------------------------------------------------------------
Cell pin lists are equivalent.
Device classes sky130_fd_sc_hd__buf_4 and sky130_fd_sc_hd__buf_4 are equivalent.

Cell sky130_fd_sc_hd__and2b_2 (0) disconnected node: A_N
Cell sky130_fd_sc_hd__and2b_2 (0) disconnected node: B
Cell sky130_fd_sc_hd__and2b_2 (0) disconnected node: VGND
Cell sky130_fd_sc_hd__and2b_2 (0) disconnected node: VNB
Cell sky130_fd_sc_hd__and2b_2 (0) disconnected node: VPB
Cell sky130_fd_sc_hd__and2b_2 (0) disconnected node: VPWR
Cell sky130_fd_sc_hd__and2b_2 (0) disconnected node: X

Subcircuit pins:
Circuit 1: sky130_fd_sc_hd__and2b_2        |Circuit 2: sky130_fd_sc_hd__and2b_2        
-------------------------------------------|-------------------------------------------
A_N                                        |A_N                                        
B                                          |B                                          
VGND                                       |VGND                                       
VNB                                        |VNB                                        
VPB                                        |VPB                                        
VPWR                                       |VPWR                                       
X                                          |X                                          
---------------------------------------------------------------------------------------
Cell pin lists are equivalent.
Device classes sky130_fd_sc_hd__and2b_2 and sky130_fd_sc_hd__and2b_2 are equivalent.

Cell sky130_fd_sc_hd__a21o_2 (0) disconnected node: A1
Cell sky130_fd_sc_hd__a21o_2 (0) disconnected node: A2
Cell sky130_fd_sc_hd__a21o_2 (0) disconnected node: B1
Cell sky130_fd_sc_hd__a21o_2 (0) disconnected node: VGND
Cell sky130_fd_sc_hd__a21o_2 (0) disconnected node: VNB
Cell sky130_fd_sc_hd__a21o_2 (0) disconnected node: VPB
Cell sky130_fd_sc_hd__a21o_2 (0) disconnected node: VPWR
Cell sky130_fd_sc_hd__a21o_2 (0) disconnected node: X

Subcircuit pins:
Circuit 1: sky130_fd_sc_hd__a21o_2         |Circuit 2: sky130_fd_sc_hd__a21o_2         
-------------------------------------------|-------------------------------------------
A1                                         |A1                                         
A2                                         |A2                                         
B1                                         |B1                                         
VGND                                       |VGND                                       
VNB                                        |VNB                                        
VPB                                        |VPB                                        
VPWR                                       |VPWR                                       
X                                          |X                                          
---------------------------------------------------------------------------------------
Cell pin lists are equivalent.
Device classes sky130_fd_sc_hd__a21o_2 and sky130_fd_sc_hd__a21o_2 are equivalent.

Cell sky130_fd_sc_hd__nand2_2 (0) disconnected node: A
Cell sky130_fd_sc_hd__nand2_2 (0) disconnected node: B
Cell sky130_fd_sc_hd__nand2_2 (0) disconnected node: VGND
Cell sky130_fd_sc_hd__nand2_2 (0) disconnected node: VNB
Cell sky130_fd_sc_hd__nand2_2 (0) disconnected node: VPB
Cell sky130_fd_sc_hd__nand2_2 (0) disconnected node: VPWR
Cell sky130_fd_sc_hd__nand2_2 (0) disconnected node: Y

Subcircuit pins:
Circuit 1: sky130_fd_sc_hd__nand2_2        |Circuit 2: sky130_fd_sc_hd__nand2_2        
-------------------------------------------|-------------------------------------------
A                                          |A                                          
B                                          |B                                          
VGND                                       |VGND                                       
VNB                                        |VNB                                        
VPB                                        |VPB                                        
VPWR                                       |VPWR                                       
Y                                          |Y                                          
---------------------------------------------------------------------------------------
Cell pin lists are equivalent.
Device classes sky130_fd_sc_hd__nand2_2 and sky130_fd_sc_hd__nand2_2 are equivalent.

Cell sky130_fd_sc_hd__clkbuf_2 (0) disconnected node: A
Cell sky130_fd_sc_hd__clkbuf_2 (0) disconnected node: VGND
Cell sky130_fd_sc_hd__clkbuf_2 (0) disconnected node: VNB
Cell sky130_fd_sc_hd__clkbuf_2 (0) disconnected node: VPB
Cell sky130_fd_sc_hd__clkbuf_2 (0) disconnected node: VPWR
Cell sky130_fd_sc_hd__clkbuf_2 (0) disconnected node: X

Subcircuit pins:
Circuit 1: sky130_fd_sc_hd__clkbuf_2       |Circuit 2: sky130_fd_sc_hd__clkbuf_2       
-------------------------------------------|-------------------------------------------
A                                          |A                                          
VGND                                       |VGND                                       
VNB                                        |VNB                                        
VPB                                        |VPB                                        
VPWR                                       |VPWR                                       
X                                          |X                                          
---------------------------------------------------------------------------------------
Cell pin lists are equivalent.
Device classes sky130_fd_sc_hd__clkbuf_2 and sky130_fd_sc_hd__clkbuf_2 are equivalent.

Cell sky130_fd_sc_hd__clkbuf_8 (0) disconnected node: A
Cell sky130_fd_sc_hd__clkbuf_8 (0) disconnected node: VGND
Cell sky130_fd_sc_hd__clkbuf_8 (0) disconnected node: VNB
Cell sky130_fd_sc_hd__clkbuf_8 (0) disconnected node: VPB
Cell sky130_fd_sc_hd__clkbuf_8 (0) disconnected node: VPWR
Cell sky130_fd_sc_hd__clkbuf_8 (0) disconnected node: X

Subcircuit pins:
Circuit 1: sky130_fd_sc_hd__clkbuf_8       |Circuit 2: sky130_fd_sc_hd__clkbuf_8       
-------------------------------------------|-------------------------------------------
A                                          |A                                          
VGND                                       |VGND                                       
VNB                                        |VNB                                        
VPB                                        |VPB                                        
VPWR                                       |VPWR                                       
X                                          |X                                          
---------------------------------------------------------------------------------------
Cell pin lists are equivalent.
Device classes sky130_fd_sc_hd__clkbuf_8 and sky130_fd_sc_hd__clkbuf_8 are equivalent.

Cell sky130_fd_sc_hd__inv_2 (0) disconnected node: A
Cell sky130_fd_sc_hd__inv_2 (0) disconnected node: VGND
Cell sky130_fd_sc_hd__inv_2 (0) disconnected node: VNB
Cell sky130_fd_sc_hd__inv_2 (0) disconnected node: VPB
Cell sky130_fd_sc_hd__inv_2 (0) disconnected node: VPWR
Cell sky130_fd_sc_hd__inv_2 (0) disconnected node: Y

Subcircuit pins:
Circuit 1: sky130_fd_sc_hd__inv_2          |Circuit 2: sky130_fd_sc_hd__inv_2          
-------------------------------------------|-------------------------------------------
A                                          |A                                          
VGND                                       |VGND                                       
VNB                                        |VNB                                        
VPB                                        |VPB                                        
VPWR                                       |VPWR                                       
Y                                          |Y                                          
---------------------------------------------------------------------------------------
Cell pin lists are equivalent.
Device classes sky130_fd_sc_hd__inv_2 and sky130_fd_sc_hd__inv_2 are equivalent.

Cell sky130_fd_sc_hd__or4_2 (0) disconnected node: A
Cell sky130_fd_sc_hd__or4_2 (0) disconnected node: B
Cell sky130_fd_sc_hd__or4_2 (0) disconnected node: C
Cell sky130_fd_sc_hd__or4_2 (0) disconnected node: D
Cell sky130_fd_sc_hd__or4_2 (0) disconnected node: VGND
Cell sky130_fd_sc_hd__or4_2 (0) disconnected node: VNB
Cell sky130_fd_sc_hd__or4_2 (0) disconnected node: VPB
Cell sky130_fd_sc_hd__or4_2 (0) disconnected node: VPWR
Cell sky130_fd_sc_hd__or4_2 (0) disconnected node: X

Subcircuit pins:
Circuit 1: sky130_fd_sc_hd__or4_2          |Circuit 2: sky130_fd_sc_hd__or4_2          
-------------------------------------------|-------------------------------------------
A                                          |A                                          
B                                          |B                                          
C                                          |C                                          
D                                          |D                                          
VGND                                       |VGND                                       
VNB                                        |VNB                                        
VPB                                        |VPB                                        
VPWR                                       |VPWR                                       
X                                          |X                                          
---------------------------------------------------------------------------------------
Cell pin lists are equivalent.
Device classes sky130_fd_sc_hd__or4_2 and sky130_fd_sc_hd__or4_2 are equivalent.

Cell sky130_fd_sc_hd__nand3b_2 (0) disconnected node: A_N
Cell sky130_fd_sc_hd__nand3b_2 (0) disconnected node: B
Cell sky130_fd_sc_hd__nand3b_2 (0) disconnected node: C
Cell sky130_fd_sc_hd__nand3b_2 (0) disconnected node: VGND
Cell sky130_fd_sc_hd__nand3b_2 (0) disconnected node: VNB
Cell sky130_fd_sc_hd__nand3b_2 (0) disconnected node: VPB
Cell sky130_fd_sc_hd__nand3b_2 (0) disconnected node: VPWR
Cell sky130_fd_sc_hd__nand3b_2 (0) disconnected node: Y

Subcircuit pins:
Circuit 1: sky130_fd_sc_hd__nand3b_2       |Circuit 2: sky130_fd_sc_hd__nand3b_2       
-------------------------------------------|-------------------------------------------
A_N                                        |A_N                                        
B                                          |B                                          
C                                          |C                                          
VGND                                       |VGND                                       
VNB                                        |VNB                                        
VPB                                        |VPB                                        
VPWR                                       |VPWR                                       
Y                                          |Y                                          
---------------------------------------------------------------------------------------
Cell pin lists are equivalent.
Device classes sky130_fd_sc_hd__nand3b_2 and sky130_fd_sc_hd__nand3b_2 are equivalent.

Cell sky130_fd_sc_hd__xnor2_2 (0) disconnected node: A
Cell sky130_fd_sc_hd__xnor2_2 (0) disconnected node: B
Cell sky130_fd_sc_hd__xnor2_2 (0) disconnected node: VGND
Cell sky130_fd_sc_hd__xnor2_2 (0) disconnected node: VNB
Cell sky130_fd_sc_hd__xnor2_2 (0) disconnected node: VPB
Cell sky130_fd_sc_hd__xnor2_2 (0) disconnected node: VPWR
Cell sky130_fd_sc_hd__xnor2_2 (0) disconnected node: Y

Subcircuit pins:
Circuit 1: sky130_fd_sc_hd__xnor2_2        |Circuit 2: sky130_fd_sc_hd__xnor2_2        
-------------------------------------------|-------------------------------------------
A                                          |A                                          
B                                          |B                                          
VGND                                       |VGND                                       
VNB                                        |VNB                                        
VPB                                        |VPB                                        
VPWR                                       |VPWR                                       
Y                                          |Y                                          
---------------------------------------------------------------------------------------
Cell pin lists are equivalent.
Device classes sky130_fd_sc_hd__xnor2_2 and sky130_fd_sc_hd__xnor2_2 are equivalent.

Cell sky130_fd_sc_hd__and4_2 (0) disconnected node: A
Cell sky130_fd_sc_hd__and4_2 (0) disconnected node: B
Cell sky130_fd_sc_hd__and4_2 (0) disconnected node: C
Cell sky130_fd_sc_hd__and4_2 (0) disconnected node: D
Cell sky130_fd_sc_hd__and4_2 (0) disconnected node: VGND
Cell sky130_fd_sc_hd__and4_2 (0) disconnected node: VNB
Cell sky130_fd_sc_hd__and4_2 (0) disconnected node: VPB
Cell sky130_fd_sc_hd__and4_2 (0) disconnected node: VPWR
Cell sky130_fd_sc_hd__and4_2 (0) disconnected node: X

Subcircuit pins:
Circuit 1: sky130_fd_sc_hd__and4_2         |Circuit 2: sky130_fd_sc_hd__and4_2         
-------------------------------------------|-------------------------------------------
A                                          |A                                          
B                                          |B                                          
C                                          |C                                          
D                                          |D                                          
VGND                                       |VGND                                       
VNB                                        |VNB                                        
VPB                                        |VPB                                        
VPWR                                       |VPWR                                       
X                                          |X                                          
---------------------------------------------------------------------------------------
Cell pin lists are equivalent.
Device classes sky130_fd_sc_hd__and4_2 and sky130_fd_sc_hd__and4_2 are equivalent.

Cell sky130_fd_sc_hd__a2bb2o_2 (0) disconnected node: A1_N
Cell sky130_fd_sc_hd__a2bb2o_2 (0) disconnected node: A2_N
Cell sky130_fd_sc_hd__a2bb2o_2 (0) disconnected node: B1
Cell sky130_fd_sc_hd__a2bb2o_2 (0) disconnected node: B2
Cell sky130_fd_sc_hd__a2bb2o_2 (0) disconnected node: VGND
Cell sky130_fd_sc_hd__a2bb2o_2 (0) disconnected node: VNB
Cell sky130_fd_sc_hd__a2bb2o_2 (0) disconnected node: VPB
Cell sky130_fd_sc_hd__a2bb2o_2 (0) disconnected node: VPWR
Cell sky130_fd_sc_hd__a2bb2o_2 (0) disconnected node: X

Subcircuit pins:
Circuit 1: sky130_fd_sc_hd__a2bb2o_2       |Circuit 2: sky130_fd_sc_hd__a2bb2o_2       
-------------------------------------------|-------------------------------------------
A1_N                                       |A1_N                                       
A2_N                                       |A2_N                                       
B1                                         |B1                                         
B2                                         |B2                                         
VGND                                       |VGND                                       
VNB                                        |VNB                                        
VPB                                        |VPB                                        
VPWR                                       |VPWR                                       
X                                          |X                                          
---------------------------------------------------------------------------------------
Cell pin lists are equivalent.
Device classes sky130_fd_sc_hd__a2bb2o_2 and sky130_fd_sc_hd__a2bb2o_2 are equivalent.

Cell sky130_fd_sc_hd__a21oi_2 (0) disconnected node: A1
Cell sky130_fd_sc_hd__a21oi_2 (0) disconnected node: A2
Cell sky130_fd_sc_hd__a21oi_2 (0) disconnected node: B1
Cell sky130_fd_sc_hd__a21oi_2 (0) disconnected node: VGND
Cell sky130_fd_sc_hd__a21oi_2 (0) disconnected node: VNB
Cell sky130_fd_sc_hd__a21oi_2 (0) disconnected node: VPB
Cell sky130_fd_sc_hd__a21oi_2 (0) disconnected node: VPWR
Cell sky130_fd_sc_hd__a21oi_2 (0) disconnected node: Y

Subcircuit pins:
Circuit 1: sky130_fd_sc_hd__a21oi_2        |Circuit 2: sky130_fd_sc_hd__a21oi_2        
-------------------------------------------|-------------------------------------------
A1                                         |A1                                         
A2                                         |A2                                         
B1                                         |B1                                         
VGND                                       |VGND                                       
VNB                                        |VNB                                        
VPB                                        |VPB                                        
VPWR                                       |VPWR                                       
Y                                          |Y                                          
---------------------------------------------------------------------------------------
Cell pin lists are equivalent.
Device classes sky130_fd_sc_hd__a21oi_2 and sky130_fd_sc_hd__a21oi_2 are equivalent.

Cell sky130_fd_sc_hd__or3b_2 (0) disconnected node: A
Cell sky130_fd_sc_hd__or3b_2 (0) disconnected node: B
Cell sky130_fd_sc_hd__or3b_2 (0) disconnected node: C_N
Cell sky130_fd_sc_hd__or3b_2 (0) disconnected node: VGND
Cell sky130_fd_sc_hd__or3b_2 (0) disconnected node: VNB
Cell sky130_fd_sc_hd__or3b_2 (0) disconnected node: VPB
Cell sky130_fd_sc_hd__or3b_2 (0) disconnected node: VPWR
Cell sky130_fd_sc_hd__or3b_2 (0) disconnected node: X

Subcircuit pins:
Circuit 1: sky130_fd_sc_hd__or3b_2         |Circuit 2: sky130_fd_sc_hd__or3b_2         
-------------------------------------------|-------------------------------------------
A                                          |A                                          
B                                          |B                                          
C_N                                        |C_N                                        
VGND                                       |VGND                                       
VNB                                        |VNB                                        
VPB                                        |VPB                                        
VPWR                                       |VPWR                                       
X                                          |X                                          
---------------------------------------------------------------------------------------
Cell pin lists are equivalent.
Device classes sky130_fd_sc_hd__or3b_2 and sky130_fd_sc_hd__or3b_2 are equivalent.

Cell sky130_fd_sc_hd__o32a_2 (0) disconnected node: A1
Cell sky130_fd_sc_hd__o32a_2 (0) disconnected node: A2
Cell sky130_fd_sc_hd__o32a_2 (0) disconnected node: A3
Cell sky130_fd_sc_hd__o32a_2 (0) disconnected node: B1
Cell sky130_fd_sc_hd__o32a_2 (0) disconnected node: B2
Cell sky130_fd_sc_hd__o32a_2 (0) disconnected node: VGND
Cell sky130_fd_sc_hd__o32a_2 (0) disconnected node: VNB
Cell sky130_fd_sc_hd__o32a_2 (0) disconnected node: VPB
Cell sky130_fd_sc_hd__o32a_2 (0) disconnected node: VPWR
Cell sky130_fd_sc_hd__o32a_2 (0) disconnected node: X

Subcircuit pins:
Circuit 1: sky130_fd_sc_hd__o32a_2         |Circuit 2: sky130_fd_sc_hd__o32a_2         
-------------------------------------------|-------------------------------------------
A1                                         |A1                                         
A2                                         |A2                                         
A3                                         |A3                                         
B1                                         |B1                                         
B2                                         |B2                                         
VGND                                       |VGND                                       
VNB                                        |VNB                                        
VPB                                        |VPB                                        
VPWR                                       |VPWR                                       
X                                          |X                                          
---------------------------------------------------------------------------------------
Cell pin lists are equivalent.
Device classes sky130_fd_sc_hd__o32a_2 and sky130_fd_sc_hd__o32a_2 are equivalent.

Cell sky130_fd_sc_hd__diode_2 (0) disconnected node: DIODE
Cell sky130_fd_sc_hd__diode_2 (0) disconnected node: VGND
Cell sky130_fd_sc_hd__diode_2 (0) disconnected node: VNB
Cell sky130_fd_sc_hd__diode_2 (0) disconnected node: VPB
Cell sky130_fd_sc_hd__diode_2 (0) disconnected node: VPWR
Cell sky130_fd_sc_hd__diode_2 (1) disconnected node: VGND
Cell sky130_fd_sc_hd__diode_2 (1) disconnected node: VPB
Cell sky130_fd_sc_hd__diode_2 (1) disconnected node: VPWR

Subcircuit pins:
Circuit 1: sky130_fd_sc_hd__diode_2        |Circuit 2: sky130_fd_sc_hd__diode_2        
-------------------------------------------|-------------------------------------------
DIODE                                      |DIODE                                      
VGND                                       |VGND                                       
VNB                                        |VNB                                        
VPB                                        |VPB                                        
VPWR                                       |VPWR                                       
---------------------------------------------------------------------------------------
Cell pin lists are equivalent.
Device classes sky130_fd_sc_hd__diode_2 and sky130_fd_sc_hd__diode_2 are equivalent.

Cell sky130_fd_sc_hd__a21boi_2 (0) disconnected node: A1
Cell sky130_fd_sc_hd__a21boi_2 (0) disconnected node: A2
Cell sky130_fd_sc_hd__a21boi_2 (0) disconnected node: B1_N
Cell sky130_fd_sc_hd__a21boi_2 (0) disconnected node: VGND
Cell sky130_fd_sc_hd__a21boi_2 (0) disconnected node: VNB
Cell sky130_fd_sc_hd__a21boi_2 (0) disconnected node: VPB
Cell sky130_fd_sc_hd__a21boi_2 (0) disconnected node: VPWR
Cell sky130_fd_sc_hd__a21boi_2 (0) disconnected node: Y

Subcircuit pins:
Circuit 1: sky130_fd_sc_hd__a21boi_2       |Circuit 2: sky130_fd_sc_hd__a21boi_2       
-------------------------------------------|-------------------------------------------
A1                                         |A1                                         
A2                                         |A2                                         
B1_N                                       |B1_N                                       
VGND                                       |VGND                                       
VNB                                        |VNB                                        
VPB                                        |VPB                                        
VPWR                                       |VPWR                                       
Y                                          |Y                                          
---------------------------------------------------------------------------------------
Cell pin lists are equivalent.
Device classes sky130_fd_sc_hd__a21boi_2 and sky130_fd_sc_hd__a21boi_2 are equivalent.

Cell sky130_fd_sc_hd__a31oi_2 (0) disconnected node: A1
Cell sky130_fd_sc_hd__a31oi_2 (0) disconnected node: A2
Cell sky130_fd_sc_hd__a31oi_2 (0) disconnected node: A3
Cell sky130_fd_sc_hd__a31oi_2 (0) disconnected node: B1
Cell sky130_fd_sc_hd__a31oi_2 (0) disconnected node: VGND
Cell sky130_fd_sc_hd__a31oi_2 (0) disconnected node: VNB
Cell sky130_fd_sc_hd__a31oi_2 (0) disconnected node: VPB
Cell sky130_fd_sc_hd__a31oi_2 (0) disconnected node: VPWR
Cell sky130_fd_sc_hd__a31oi_2 (0) disconnected node: Y

Subcircuit pins:
Circuit 1: sky130_fd_sc_hd__a31oi_2        |Circuit 2: sky130_fd_sc_hd__a31oi_2        
-------------------------------------------|-------------------------------------------
A1                                         |A1                                         
A2                                         |A2                                         
A3                                         |A3                                         
B1                                         |B1                                         
VGND                                       |VGND                                       
VNB                                        |VNB                                        
VPB                                        |VPB                                        
VPWR                                       |VPWR                                       
Y                                          |Y                                          
---------------------------------------------------------------------------------------
Cell pin lists are equivalent.
Device classes sky130_fd_sc_hd__a31oi_2 and sky130_fd_sc_hd__a31oi_2 are equivalent.

Cell sky130_fd_sc_hd__a311o_2 (0) disconnected node: A1
Cell sky130_fd_sc_hd__a311o_2 (0) disconnected node: A2
Cell sky130_fd_sc_hd__a311o_2 (0) disconnected node: A3
Cell sky130_fd_sc_hd__a311o_2 (0) disconnected node: B1
Cell sky130_fd_sc_hd__a311o_2 (0) disconnected node: C1
Cell sky130_fd_sc_hd__a311o_2 (0) disconnected node: VGND
Cell sky130_fd_sc_hd__a311o_2 (0) disconnected node: VNB
Cell sky130_fd_sc_hd__a311o_2 (0) disconnected node: VPB
Cell sky130_fd_sc_hd__a311o_2 (0) disconnected node: VPWR
Cell sky130_fd_sc_hd__a311o_2 (0) disconnected node: X

Subcircuit pins:
Circuit 1: sky130_fd_sc_hd__a311o_2        |Circuit 2: sky130_fd_sc_hd__a311o_2        
-------------------------------------------|-------------------------------------------
A1                                         |A1                                         
A2                                         |A2                                         
A3                                         |A3                                         
B1                                         |B1                                         
C1                                         |C1                                         
VGND                                       |VGND                                       
VNB                                        |VNB                                        
VPB                                        |VPB                                        
VPWR                                       |VPWR                                       
X                                          |X                                          
---------------------------------------------------------------------------------------
Cell pin lists are equivalent.
Device classes sky130_fd_sc_hd__a311o_2 and sky130_fd_sc_hd__a311o_2 are equivalent.

Cell sky130_fd_sc_hd__o311a_2 (0) disconnected node: A1
Cell sky130_fd_sc_hd__o311a_2 (0) disconnected node: A2
Cell sky130_fd_sc_hd__o311a_2 (0) disconnected node: A3
Cell sky130_fd_sc_hd__o311a_2 (0) disconnected node: B1
Cell sky130_fd_sc_hd__o311a_2 (0) disconnected node: C1
Cell sky130_fd_sc_hd__o311a_2 (0) disconnected node: VGND
Cell sky130_fd_sc_hd__o311a_2 (0) disconnected node: VNB
Cell sky130_fd_sc_hd__o311a_2 (0) disconnected node: VPB
Cell sky130_fd_sc_hd__o311a_2 (0) disconnected node: VPWR
Cell sky130_fd_sc_hd__o311a_2 (0) disconnected node: X

Subcircuit pins:
Circuit 1: sky130_fd_sc_hd__o311a_2        |Circuit 2: sky130_fd_sc_hd__o311a_2        
-------------------------------------------|-------------------------------------------
A1                                         |A1                                         
A2                                         |A2                                         
A3                                         |A3                                         
B1                                         |B1                                         
C1                                         |C1                                         
VGND                                       |VGND                                       
VNB                                        |VNB                                        
VPB                                        |VPB                                        
VPWR                                       |VPWR                                       
X                                          |X                                          
---------------------------------------------------------------------------------------
Cell pin lists are equivalent.
Device classes sky130_fd_sc_hd__o311a_2 and sky130_fd_sc_hd__o311a_2 are equivalent.

Cell sky130_fd_sc_hd__clkinv_2 (0) disconnected node: A
Cell sky130_fd_sc_hd__clkinv_2 (0) disconnected node: VGND
Cell sky130_fd_sc_hd__clkinv_2 (0) disconnected node: VNB
Cell sky130_fd_sc_hd__clkinv_2 (0) disconnected node: VPB
Cell sky130_fd_sc_hd__clkinv_2 (0) disconnected node: VPWR
Cell sky130_fd_sc_hd__clkinv_2 (0) disconnected node: Y

Subcircuit pins:
Circuit 1: sky130_fd_sc_hd__clkinv_2       |Circuit 2: sky130_fd_sc_hd__clkinv_2       
-------------------------------------------|-------------------------------------------
A                                          |A                                          
VGND                                       |VGND                                       
VNB                                        |VNB                                        
VPB                                        |VPB                                        
VPWR                                       |VPWR                                       
Y                                          |Y                                          
---------------------------------------------------------------------------------------
Cell pin lists are equivalent.
Device classes sky130_fd_sc_hd__clkinv_2 and sky130_fd_sc_hd__clkinv_2 are equivalent.

Cell sky130_fd_sc_hd__a211oi_4 (0) disconnected node: A1
Cell sky130_fd_sc_hd__a211oi_4 (0) disconnected node: A2
Cell sky130_fd_sc_hd__a211oi_4 (0) disconnected node: B1
Cell sky130_fd_sc_hd__a211oi_4 (0) disconnected node: C1
Cell sky130_fd_sc_hd__a211oi_4 (0) disconnected node: VGND
Cell sky130_fd_sc_hd__a211oi_4 (0) disconnected node: VNB
Cell sky130_fd_sc_hd__a211oi_4 (0) disconnected node: VPB
Cell sky130_fd_sc_hd__a211oi_4 (0) disconnected node: VPWR
Cell sky130_fd_sc_hd__a211oi_4 (0) disconnected node: Y

Subcircuit pins:
Circuit 1: sky130_fd_sc_hd__a211oi_4       |Circuit 2: sky130_fd_sc_hd__a211oi_4       
-------------------------------------------|-------------------------------------------
A1                                         |A1                                         
A2                                         |A2                                         
B1                                         |B1                                         
C1                                         |C1                                         
VGND                                       |VGND                                       
VNB                                        |VNB                                        
VPB                                        |VPB                                        
VPWR                                       |VPWR                                       
Y                                          |Y                                          
---------------------------------------------------------------------------------------
Cell pin lists are equivalent.
Device classes sky130_fd_sc_hd__a211oi_4 and sky130_fd_sc_hd__a211oi_4 are equivalent.

Cell sky130_fd_sc_hd__o2111a_2 (0) disconnected node: A1
Cell sky130_fd_sc_hd__o2111a_2 (0) disconnected node: A2
Cell sky130_fd_sc_hd__o2111a_2 (0) disconnected node: B1
Cell sky130_fd_sc_hd__o2111a_2 (0) disconnected node: C1
Cell sky130_fd_sc_hd__o2111a_2 (0) disconnected node: D1
Cell sky130_fd_sc_hd__o2111a_2 (0) disconnected node: VGND
Cell sky130_fd_sc_hd__o2111a_2 (0) disconnected node: VNB
Cell sky130_fd_sc_hd__o2111a_2 (0) disconnected node: VPB
Cell sky130_fd_sc_hd__o2111a_2 (0) disconnected node: VPWR
Cell sky130_fd_sc_hd__o2111a_2 (0) disconnected node: X

Subcircuit pins:
Circuit 1: sky130_fd_sc_hd__o2111a_2       |Circuit 2: sky130_fd_sc_hd__o2111a_2       
-------------------------------------------|-------------------------------------------
A1                                         |A1                                         
A2                                         |A2                                         
B1                                         |B1                                         
C1                                         |C1                                         
D1                                         |D1                                         
VGND                                       |VGND                                       
VNB                                        |VNB                                        
VPB                                        |VPB                                        
VPWR                                       |VPWR                                       
X                                          |X                                          
---------------------------------------------------------------------------------------
Cell pin lists are equivalent.
Device classes sky130_fd_sc_hd__o2111a_2 and sky130_fd_sc_hd__o2111a_2 are equivalent.

Cell sky130_fd_sc_hd__a22oi_2 (0) disconnected node: A1
Cell sky130_fd_sc_hd__a22oi_2 (0) disconnected node: A2
Cell sky130_fd_sc_hd__a22oi_2 (0) disconnected node: B1
Cell sky130_fd_sc_hd__a22oi_2 (0) disconnected node: B2
Cell sky130_fd_sc_hd__a22oi_2 (0) disconnected node: VGND
Cell sky130_fd_sc_hd__a22oi_2 (0) disconnected node: VNB
Cell sky130_fd_sc_hd__a22oi_2 (0) disconnected node: VPB
Cell sky130_fd_sc_hd__a22oi_2 (0) disconnected node: VPWR
Cell sky130_fd_sc_hd__a22oi_2 (0) disconnected node: Y

Subcircuit pins:
Circuit 1: sky130_fd_sc_hd__a22oi_2        |Circuit 2: sky130_fd_sc_hd__a22oi_2        
-------------------------------------------|-------------------------------------------
A1                                         |A1                                         
A2                                         |A2                                         
B1                                         |B1                                         
B2                                         |B2                                         
VGND                                       |VGND                                       
VNB                                        |VNB                                        
VPB                                        |VPB                                        
VPWR                                       |VPWR                                       
Y                                          |Y                                          
---------------------------------------------------------------------------------------
Cell pin lists are equivalent.
Device classes sky130_fd_sc_hd__a22oi_2 and sky130_fd_sc_hd__a22oi_2 are equivalent.

Cell sky130_fd_sc_hd__o31a_2 (0) disconnected node: A1
Cell sky130_fd_sc_hd__o31a_2 (0) disconnected node: A2
Cell sky130_fd_sc_hd__o31a_2 (0) disconnected node: A3
Cell sky130_fd_sc_hd__o31a_2 (0) disconnected node: B1
Cell sky130_fd_sc_hd__o31a_2 (0) disconnected node: VGND
Cell sky130_fd_sc_hd__o31a_2 (0) disconnected node: VNB
Cell sky130_fd_sc_hd__o31a_2 (0) disconnected node: VPB
Cell sky130_fd_sc_hd__o31a_2 (0) disconnected node: VPWR
Cell sky130_fd_sc_hd__o31a_2 (0) disconnected node: X

Subcircuit pins:
Circuit 1: sky130_fd_sc_hd__o31a_2         |Circuit 2: sky130_fd_sc_hd__o31a_2         
-------------------------------------------|-------------------------------------------
A1                                         |A1                                         
A2                                         |A2                                         
A3                                         |A3                                         
B1                                         |B1                                         
VGND                                       |VGND                                       
VNB                                        |VNB                                        
VPB                                        |VPB                                        
VPWR                                       |VPWR                                       
X                                          |X                                          
---------------------------------------------------------------------------------------
Cell pin lists are equivalent.
Device classes sky130_fd_sc_hd__o31a_2 and sky130_fd_sc_hd__o31a_2 are equivalent.

Cell sky130_fd_sc_hd__xor2_2 (0) disconnected node: A
Cell sky130_fd_sc_hd__xor2_2 (0) disconnected node: B
Cell sky130_fd_sc_hd__xor2_2 (0) disconnected node: VGND
Cell sky130_fd_sc_hd__xor2_2 (0) disconnected node: VNB
Cell sky130_fd_sc_hd__xor2_2 (0) disconnected node: VPB
Cell sky130_fd_sc_hd__xor2_2 (0) disconnected node: VPWR
Cell sky130_fd_sc_hd__xor2_2 (0) disconnected node: X

Subcircuit pins:
Circuit 1: sky130_fd_sc_hd__xor2_2         |Circuit 2: sky130_fd_sc_hd__xor2_2         
-------------------------------------------|-------------------------------------------
A                                          |A                                          
B                                          |B                                          
VGND                                       |VGND                                       
VNB                                        |VNB                                        
VPB                                        |VPB                                        
VPWR                                       |VPWR                                       
X                                          |X                                          
---------------------------------------------------------------------------------------
Cell pin lists are equivalent.
Device classes sky130_fd_sc_hd__xor2_2 and sky130_fd_sc_hd__xor2_2 are equivalent.

Cell sky130_fd_sc_hd__o2bb2a_2 (0) disconnected node: A1_N
Cell sky130_fd_sc_hd__o2bb2a_2 (0) disconnected node: A2_N
Cell sky130_fd_sc_hd__o2bb2a_2 (0) disconnected node: B1
Cell sky130_fd_sc_hd__o2bb2a_2 (0) disconnected node: B2
Cell sky130_fd_sc_hd__o2bb2a_2 (0) disconnected node: VGND
Cell sky130_fd_sc_hd__o2bb2a_2 (0) disconnected node: VNB
Cell sky130_fd_sc_hd__o2bb2a_2 (0) disconnected node: VPB
Cell sky130_fd_sc_hd__o2bb2a_2 (0) disconnected node: VPWR
Cell sky130_fd_sc_hd__o2bb2a_2 (0) disconnected node: X

Subcircuit pins:
Circuit 1: sky130_fd_sc_hd__o2bb2a_2       |Circuit 2: sky130_fd_sc_hd__o2bb2a_2       
-------------------------------------------|-------------------------------------------
A1_N                                       |A1_N                                       
A2_N                                       |A2_N                                       
B1                                         |B1                                         
B2                                         |B2                                         
VGND                                       |VGND                                       
VNB                                        |VNB                                        
VPB                                        |VPB                                        
VPWR                                       |VPWR                                       
X                                          |X                                          
---------------------------------------------------------------------------------------
Cell pin lists are equivalent.
Device classes sky130_fd_sc_hd__o2bb2a_2 and sky130_fd_sc_hd__o2bb2a_2 are equivalent.

Cell sky130_fd_sc_hd__and4bb_2 (0) disconnected node: A_N
Cell sky130_fd_sc_hd__and4bb_2 (0) disconnected node: B_N
Cell sky130_fd_sc_hd__and4bb_2 (0) disconnected node: C
Cell sky130_fd_sc_hd__and4bb_2 (0) disconnected node: D
Cell sky130_fd_sc_hd__and4bb_2 (0) disconnected node: VGND
Cell sky130_fd_sc_hd__and4bb_2 (0) disconnected node: VNB
Cell sky130_fd_sc_hd__and4bb_2 (0) disconnected node: VPB
Cell sky130_fd_sc_hd__and4bb_2 (0) disconnected node: VPWR
Cell sky130_fd_sc_hd__and4bb_2 (0) disconnected node: X

Subcircuit pins:
Circuit 1: sky130_fd_sc_hd__and4bb_2       |Circuit 2: sky130_fd_sc_hd__and4bb_2       
-------------------------------------------|-------------------------------------------
A_N                                        |A_N                                        
B_N                                        |B_N                                        
C                                          |C                                          
D                                          |D                                          
VGND                                       |VGND                                       
VNB                                        |VNB                                        
VPB                                        |VPB                                        
VPWR                                       |VPWR                                       
X                                          |X                                          
---------------------------------------------------------------------------------------
Cell pin lists are equivalent.
Device classes sky130_fd_sc_hd__and4bb_2 and sky130_fd_sc_hd__and4bb_2 are equivalent.

Cell sky130_fd_sc_hd__o22ai_2 (0) disconnected node: A1
Cell sky130_fd_sc_hd__o22ai_2 (0) disconnected node: A2
Cell sky130_fd_sc_hd__o22ai_2 (0) disconnected node: B1
Cell sky130_fd_sc_hd__o22ai_2 (0) disconnected node: B2
Cell sky130_fd_sc_hd__o22ai_2 (0) disconnected node: VGND
Cell sky130_fd_sc_hd__o22ai_2 (0) disconnected node: VNB
Cell sky130_fd_sc_hd__o22ai_2 (0) disconnected node: VPB
Cell sky130_fd_sc_hd__o22ai_2 (0) disconnected node: VPWR
Cell sky130_fd_sc_hd__o22ai_2 (0) disconnected node: Y

Subcircuit pins:
Circuit 1: sky130_fd_sc_hd__o22ai_2        |Circuit 2: sky130_fd_sc_hd__o22ai_2        
-------------------------------------------|-------------------------------------------
A1                                         |A1                                         
A2                                         |A2                                         
B1                                         |B1                                         
B2                                         |B2                                         
VGND                                       |VGND                                       
VNB                                        |VNB                                        
VPB                                        |VPB                                        
VPWR                                       |VPWR                                       
Y                                          |Y                                          
---------------------------------------------------------------------------------------
Cell pin lists are equivalent.
Device classes sky130_fd_sc_hd__o22ai_2 and sky130_fd_sc_hd__o22ai_2 are equivalent.

Cell sky130_fd_sc_hd__nand4_1 (0) disconnected node: A
Cell sky130_fd_sc_hd__nand4_1 (0) disconnected node: B
Cell sky130_fd_sc_hd__nand4_1 (0) disconnected node: C
Cell sky130_fd_sc_hd__nand4_1 (0) disconnected node: D
Cell sky130_fd_sc_hd__nand4_1 (0) disconnected node: VGND
Cell sky130_fd_sc_hd__nand4_1 (0) disconnected node: VNB
Cell sky130_fd_sc_hd__nand4_1 (0) disconnected node: VPB
Cell sky130_fd_sc_hd__nand4_1 (0) disconnected node: VPWR
Cell sky130_fd_sc_hd__nand4_1 (0) disconnected node: Y

Subcircuit pins:
Circuit 1: sky130_fd_sc_hd__nand4_1        |Circuit 2: sky130_fd_sc_hd__nand4_1        
-------------------------------------------|-------------------------------------------
A                                          |A                                          
B                                          |B                                          
C                                          |C                                          
D                                          |D                                          
VGND                                       |VGND                                       
VNB                                        |VNB                                        
VPB                                        |VPB                                        
VPWR                                       |VPWR                                       
Y                                          |Y                                          
---------------------------------------------------------------------------------------
Cell pin lists are equivalent.
Device classes sky130_fd_sc_hd__nand4_1 and sky130_fd_sc_hd__nand4_1 are equivalent.

Cell sky130_fd_sc_hd__nand3_2 (0) disconnected node: A
Cell sky130_fd_sc_hd__nand3_2 (0) disconnected node: B
Cell sky130_fd_sc_hd__nand3_2 (0) disconnected node: C
Cell sky130_fd_sc_hd__nand3_2 (0) disconnected node: VGND
Cell sky130_fd_sc_hd__nand3_2 (0) disconnected node: VNB
Cell sky130_fd_sc_hd__nand3_2 (0) disconnected node: VPB
Cell sky130_fd_sc_hd__nand3_2 (0) disconnected node: VPWR
Cell sky130_fd_sc_hd__nand3_2 (0) disconnected node: Y

Subcircuit pins:
Circuit 1: sky130_fd_sc_hd__nand3_2        |Circuit 2: sky130_fd_sc_hd__nand3_2        
-------------------------------------------|-------------------------------------------
A                                          |A                                          
B                                          |B                                          
C                                          |C                                          
VGND                                       |VGND                                       
VNB                                        |VNB                                        
VPB                                        |VPB                                        
VPWR                                       |VPWR                                       
Y                                          |Y                                          
---------------------------------------------------------------------------------------
Cell pin lists are equivalent.
Device classes sky130_fd_sc_hd__nand3_2 and sky130_fd_sc_hd__nand3_2 are equivalent.

Cell sky130_fd_sc_hd__o211ai_2 (0) disconnected node: A1
Cell sky130_fd_sc_hd__o211ai_2 (0) disconnected node: A2
Cell sky130_fd_sc_hd__o211ai_2 (0) disconnected node: B1
Cell sky130_fd_sc_hd__o211ai_2 (0) disconnected node: C1
Cell sky130_fd_sc_hd__o211ai_2 (0) disconnected node: VGND
Cell sky130_fd_sc_hd__o211ai_2 (0) disconnected node: VNB
Cell sky130_fd_sc_hd__o211ai_2 (0) disconnected node: VPB
Cell sky130_fd_sc_hd__o211ai_2 (0) disconnected node: VPWR
Cell sky130_fd_sc_hd__o211ai_2 (0) disconnected node: Y

Subcircuit pins:
Circuit 1: sky130_fd_sc_hd__o211ai_2       |Circuit 2: sky130_fd_sc_hd__o211ai_2       
-------------------------------------------|-------------------------------------------
A1                                         |A1                                         
A2                                         |A2                                         
B1                                         |B1                                         
C1                                         |C1                                         
VGND                                       |VGND                                       
VNB                                        |VNB                                        
VPB                                        |VPB                                        
VPWR                                       |VPWR                                       
Y                                          |Y                                          
---------------------------------------------------------------------------------------
Cell pin lists are equivalent.
Device classes sky130_fd_sc_hd__o211ai_2 and sky130_fd_sc_hd__o211ai_2 are equivalent.

Cell sky130_fd_sc_hd__nor3_4 (0) disconnected node: A
Cell sky130_fd_sc_hd__nor3_4 (0) disconnected node: B
Cell sky130_fd_sc_hd__nor3_4 (0) disconnected node: C
Cell sky130_fd_sc_hd__nor3_4 (0) disconnected node: VGND
Cell sky130_fd_sc_hd__nor3_4 (0) disconnected node: VNB
Cell sky130_fd_sc_hd__nor3_4 (0) disconnected node: VPB
Cell sky130_fd_sc_hd__nor3_4 (0) disconnected node: VPWR
Cell sky130_fd_sc_hd__nor3_4 (0) disconnected node: Y

Subcircuit pins:
Circuit 1: sky130_fd_sc_hd__nor3_4         |Circuit 2: sky130_fd_sc_hd__nor3_4         
-------------------------------------------|-------------------------------------------
A                                          |A                                          
B                                          |B                                          
C                                          |C                                          
VGND                                       |VGND                                       
VNB                                        |VNB                                        
VPB                                        |VPB                                        
VPWR                                       |VPWR                                       
Y                                          |Y                                          
---------------------------------------------------------------------------------------
Cell pin lists are equivalent.
Device classes sky130_fd_sc_hd__nor3_4 and sky130_fd_sc_hd__nor3_4 are equivalent.

Cell sky130_fd_sc_hd__or4b_2 (0) disconnected node: A
Cell sky130_fd_sc_hd__or4b_2 (0) disconnected node: B
Cell sky130_fd_sc_hd__or4b_2 (0) disconnected node: C
Cell sky130_fd_sc_hd__or4b_2 (0) disconnected node: D_N
Cell sky130_fd_sc_hd__or4b_2 (0) disconnected node: VGND
Cell sky130_fd_sc_hd__or4b_2 (0) disconnected node: VNB
Cell sky130_fd_sc_hd__or4b_2 (0) disconnected node: VPB
Cell sky130_fd_sc_hd__or4b_2 (0) disconnected node: VPWR
Cell sky130_fd_sc_hd__or4b_2 (0) disconnected node: X

Subcircuit pins:
Circuit 1: sky130_fd_sc_hd__or4b_2         |Circuit 2: sky130_fd_sc_hd__or4b_2         
-------------------------------------------|-------------------------------------------
A                                          |A                                          
B                                          |B                                          
C                                          |C                                          
D_N                                        |D_N                                        
VGND                                       |VGND                                       
VNB                                        |VNB                                        
VPB                                        |VPB                                        
VPWR                                       |VPWR                                       
X                                          |X                                          
---------------------------------------------------------------------------------------
Cell pin lists are equivalent.
Device classes sky130_fd_sc_hd__or4b_2 and sky130_fd_sc_hd__or4b_2 are equivalent.

Cell sky130_fd_sc_hd__a311oi_2 (0) disconnected node: A1
Cell sky130_fd_sc_hd__a311oi_2 (0) disconnected node: A2
Cell sky130_fd_sc_hd__a311oi_2 (0) disconnected node: A3
Cell sky130_fd_sc_hd__a311oi_2 (0) disconnected node: B1
Cell sky130_fd_sc_hd__a311oi_2 (0) disconnected node: C1
Cell sky130_fd_sc_hd__a311oi_2 (0) disconnected node: VGND
Cell sky130_fd_sc_hd__a311oi_2 (0) disconnected node: VNB
Cell sky130_fd_sc_hd__a311oi_2 (0) disconnected node: VPB
Cell sky130_fd_sc_hd__a311oi_2 (0) disconnected node: VPWR
Cell sky130_fd_sc_hd__a311oi_2 (0) disconnected node: Y

Subcircuit pins:
Circuit 1: sky130_fd_sc_hd__a311oi_2       |Circuit 2: sky130_fd_sc_hd__a311oi_2       
-------------------------------------------|-------------------------------------------
A1                                         |A1                                         
A2                                         |A2                                         
A3                                         |A3                                         
B1                                         |B1                                         
C1                                         |C1                                         
VGND                                       |VGND                                       
VNB                                        |VNB                                        
VPB                                        |VPB                                        
VPWR                                       |VPWR                                       
Y                                          |Y                                          
---------------------------------------------------------------------------------------
Cell pin lists are equivalent.
Device classes sky130_fd_sc_hd__a311oi_2 and sky130_fd_sc_hd__a311oi_2 are equivalent.

Cell sky130_fd_sc_hd__nand2b_2 (0) disconnected node: A_N
Cell sky130_fd_sc_hd__nand2b_2 (0) disconnected node: B
Cell sky130_fd_sc_hd__nand2b_2 (0) disconnected node: VGND
Cell sky130_fd_sc_hd__nand2b_2 (0) disconnected node: VNB
Cell sky130_fd_sc_hd__nand2b_2 (0) disconnected node: VPB
Cell sky130_fd_sc_hd__nand2b_2 (0) disconnected node: VPWR
Cell sky130_fd_sc_hd__nand2b_2 (0) disconnected node: Y

Subcircuit pins:
Circuit 1: sky130_fd_sc_hd__nand2b_2       |Circuit 2: sky130_fd_sc_hd__nand2b_2       
-------------------------------------------|-------------------------------------------
A_N                                        |A_N                                        
B                                          |B                                          
VGND                                       |VGND                                       
VNB                                        |VNB                                        
VPB                                        |VPB                                        
VPWR                                       |VPWR                                       
Y                                          |Y                                          
---------------------------------------------------------------------------------------
Cell pin lists are equivalent.
Device classes sky130_fd_sc_hd__nand2b_2 and sky130_fd_sc_hd__nand2b_2 are equivalent.

Cell sky130_fd_sc_hd__o31ai_4 (0) disconnected node: A1
Cell sky130_fd_sc_hd__o31ai_4 (0) disconnected node: A2
Cell sky130_fd_sc_hd__o31ai_4 (0) disconnected node: A3
Cell sky130_fd_sc_hd__o31ai_4 (0) disconnected node: B1
Cell sky130_fd_sc_hd__o31ai_4 (0) disconnected node: VGND
Cell sky130_fd_sc_hd__o31ai_4 (0) disconnected node: VNB
Cell sky130_fd_sc_hd__o31ai_4 (0) disconnected node: VPB
Cell sky130_fd_sc_hd__o31ai_4 (0) disconnected node: VPWR
Cell sky130_fd_sc_hd__o31ai_4 (0) disconnected node: Y

Subcircuit pins:
Circuit 1: sky130_fd_sc_hd__o31ai_4        |Circuit 2: sky130_fd_sc_hd__o31ai_4        
-------------------------------------------|-------------------------------------------
A1                                         |A1                                         
A2                                         |A2                                         
A3                                         |A3                                         
B1                                         |B1                                         
VGND                                       |VGND                                       
VNB                                        |VNB                                        
VPB                                        |VPB                                        
VPWR                                       |VPWR                                       
Y                                          |Y                                          
---------------------------------------------------------------------------------------
Cell pin lists are equivalent.
Device classes sky130_fd_sc_hd__o31ai_4 and sky130_fd_sc_hd__o31ai_4 are equivalent.

Cell sky130_fd_sc_hd__clkinv_4 (0) disconnected node: A
Cell sky130_fd_sc_hd__clkinv_4 (0) disconnected node: VGND
Cell sky130_fd_sc_hd__clkinv_4 (0) disconnected node: VNB
Cell sky130_fd_sc_hd__clkinv_4 (0) disconnected node: VPB
Cell sky130_fd_sc_hd__clkinv_4 (0) disconnected node: VPWR
Cell sky130_fd_sc_hd__clkinv_4 (0) disconnected node: Y

Subcircuit pins:
Circuit 1: sky130_fd_sc_hd__clkinv_4       |Circuit 2: sky130_fd_sc_hd__clkinv_4       
-------------------------------------------|-------------------------------------------
A                                          |A                                          
VGND                                       |VGND                                       
VNB                                        |VNB                                        
VPB                                        |VPB                                        
VPWR                                       |VPWR                                       
Y                                          |Y                                          
---------------------------------------------------------------------------------------
Cell pin lists are equivalent.
Device classes sky130_fd_sc_hd__clkinv_4 and sky130_fd_sc_hd__clkinv_4 are equivalent.

Cell sky130_fd_sc_hd__nand4b_1 (0) disconnected node: A_N
Cell sky130_fd_sc_hd__nand4b_1 (0) disconnected node: B
Cell sky130_fd_sc_hd__nand4b_1 (0) disconnected node: C
Cell sky130_fd_sc_hd__nand4b_1 (0) disconnected node: D
Cell sky130_fd_sc_hd__nand4b_1 (0) disconnected node: VGND
Cell sky130_fd_sc_hd__nand4b_1 (0) disconnected node: VNB
Cell sky130_fd_sc_hd__nand4b_1 (0) disconnected node: VPB
Cell sky130_fd_sc_hd__nand4b_1 (0) disconnected node: VPWR
Cell sky130_fd_sc_hd__nand4b_1 (0) disconnected node: Y

Subcircuit pins:
Circuit 1: sky130_fd_sc_hd__nand4b_1       |Circuit 2: sky130_fd_sc_hd__nand4b_1       
-------------------------------------------|-------------------------------------------
A_N                                        |A_N                                        
B                                          |B                                          
C                                          |C                                          
D                                          |D                                          
VGND                                       |VGND                                       
VNB                                        |VNB                                        
VPB                                        |VPB                                        
VPWR                                       |VPWR                                       
Y                                          |Y                                          
---------------------------------------------------------------------------------------
Cell pin lists are equivalent.
Device classes sky130_fd_sc_hd__nand4b_1 and sky130_fd_sc_hd__nand4b_1 are equivalent.

Cell sky130_fd_sc_hd__a2111oi_4 (0) disconnected node: A1
Cell sky130_fd_sc_hd__a2111oi_4 (0) disconnected node: A2
Cell sky130_fd_sc_hd__a2111oi_4 (0) disconnected node: B1
Cell sky130_fd_sc_hd__a2111oi_4 (0) disconnected node: C1
Cell sky130_fd_sc_hd__a2111oi_4 (0) disconnected node: D1
Cell sky130_fd_sc_hd__a2111oi_4 (0) disconnected node: VGND
Cell sky130_fd_sc_hd__a2111oi_4 (0) disconnected node: VNB
Cell sky130_fd_sc_hd__a2111oi_4 (0) disconnected node: VPB
Cell sky130_fd_sc_hd__a2111oi_4 (0) disconnected node: VPWR
Cell sky130_fd_sc_hd__a2111oi_4 (0) disconnected node: Y

Subcircuit pins:
Circuit 1: sky130_fd_sc_hd__a2111oi_4      |Circuit 2: sky130_fd_sc_hd__a2111oi_4      
-------------------------------------------|-------------------------------------------
A1                                         |A1                                         
A2                                         |A2                                         
B1                                         |B1                                         
C1                                         |C1                                         
D1                                         |D1                                         
VGND                                       |VGND                                       
VNB                                        |VNB                                        
VPB                                        |VPB                                        
VPWR                                       |VPWR                                       
Y                                          |Y                                          
---------------------------------------------------------------------------------------
Cell pin lists are equivalent.
Device classes sky130_fd_sc_hd__a2111oi_4 and sky130_fd_sc_hd__a2111oi_4 are equivalent.

Cell sky130_fd_sc_hd__nor3_2 (0) disconnected node: A
Cell sky130_fd_sc_hd__nor3_2 (0) disconnected node: B
Cell sky130_fd_sc_hd__nor3_2 (0) disconnected node: C
Cell sky130_fd_sc_hd__nor3_2 (0) disconnected node: VGND
Cell sky130_fd_sc_hd__nor3_2 (0) disconnected node: VNB
Cell sky130_fd_sc_hd__nor3_2 (0) disconnected node: VPB
Cell sky130_fd_sc_hd__nor3_2 (0) disconnected node: VPWR
Cell sky130_fd_sc_hd__nor3_2 (0) disconnected node: Y

Subcircuit pins:
Circuit 1: sky130_fd_sc_hd__nor3_2         |Circuit 2: sky130_fd_sc_hd__nor3_2         
-------------------------------------------|-------------------------------------------
A                                          |A                                          
B                                          |B                                          
C                                          |C                                          
VGND                                       |VGND                                       
VNB                                        |VNB                                        
VPB                                        |VPB                                        
VPWR                                       |VPWR                                       
Y                                          |Y                                          
---------------------------------------------------------------------------------------
Cell pin lists are equivalent.
Device classes sky130_fd_sc_hd__nor3_2 and sky130_fd_sc_hd__nor3_2 are equivalent.

Cell sky130_fd_sc_hd__and4b_2 (0) disconnected node: A_N
Cell sky130_fd_sc_hd__and4b_2 (0) disconnected node: B
Cell sky130_fd_sc_hd__and4b_2 (0) disconnected node: C
Cell sky130_fd_sc_hd__and4b_2 (0) disconnected node: D
Cell sky130_fd_sc_hd__and4b_2 (0) disconnected node: VGND
Cell sky130_fd_sc_hd__and4b_2 (0) disconnected node: VNB
Cell sky130_fd_sc_hd__and4b_2 (0) disconnected node: VPB
Cell sky130_fd_sc_hd__and4b_2 (0) disconnected node: VPWR
Cell sky130_fd_sc_hd__and4b_2 (0) disconnected node: X

Subcircuit pins:
Circuit 1: sky130_fd_sc_hd__and4b_2        |Circuit 2: sky130_fd_sc_hd__and4b_2        
-------------------------------------------|-------------------------------------------
A_N                                        |A_N                                        
B                                          |B                                          
C                                          |C                                          
D                                          |D                                          
VGND                                       |VGND                                       
VNB                                        |VNB                                        
VPB                                        |VPB                                        
VPWR                                       |VPWR                                       
X                                          |X                                          
---------------------------------------------------------------------------------------
Cell pin lists are equivalent.
Device classes sky130_fd_sc_hd__and4b_2 and sky130_fd_sc_hd__and4b_2 are equivalent.

Cell sky130_fd_sc_hd__clkbuf_16 (0) disconnected node: A
Cell sky130_fd_sc_hd__clkbuf_16 (0) disconnected node: VGND
Cell sky130_fd_sc_hd__clkbuf_16 (0) disconnected node: VNB
Cell sky130_fd_sc_hd__clkbuf_16 (0) disconnected node: VPB
Cell sky130_fd_sc_hd__clkbuf_16 (0) disconnected node: VPWR
Cell sky130_fd_sc_hd__clkbuf_16 (0) disconnected node: X

Subcircuit pins:
Circuit 1: sky130_fd_sc_hd__clkbuf_16      |Circuit 2: sky130_fd_sc_hd__clkbuf_16      
-------------------------------------------|-------------------------------------------
A                                          |A                                          
VGND                                       |VGND                                       
VNB                                        |VNB                                        
VPB                                        |VPB                                        
VPWR                                       |VPWR                                       
X                                          |X                                          
---------------------------------------------------------------------------------------
Cell pin lists are equivalent.
Device classes sky130_fd_sc_hd__clkbuf_16 and sky130_fd_sc_hd__clkbuf_16 are equivalent.

Cell sky130_fd_sc_hd__buf_1 (0) disconnected node: A
Cell sky130_fd_sc_hd__buf_1 (0) disconnected node: VGND
Cell sky130_fd_sc_hd__buf_1 (0) disconnected node: VNB
Cell sky130_fd_sc_hd__buf_1 (0) disconnected node: VPB
Cell sky130_fd_sc_hd__buf_1 (0) disconnected node: VPWR
Cell sky130_fd_sc_hd__buf_1 (0) disconnected node: X

Subcircuit pins:
Circuit 1: sky130_fd_sc_hd__buf_1          |Circuit 2: sky130_fd_sc_hd__buf_1          
-------------------------------------------|-------------------------------------------
A                                          |A                                          
VGND                                       |VGND                                       
VNB                                        |VNB                                        
VPB                                        |VPB                                        
VPWR                                       |VPWR                                       
X                                          |X                                          
---------------------------------------------------------------------------------------
Cell pin lists are equivalent.
Device classes sky130_fd_sc_hd__buf_1 and sky130_fd_sc_hd__buf_1 are equivalent.

Cell sky130_fd_sc_hd__o21ba_2 (0) disconnected node: A1
Cell sky130_fd_sc_hd__o21ba_2 (0) disconnected node: A2
Cell sky130_fd_sc_hd__o21ba_2 (0) disconnected node: B1_N
Cell sky130_fd_sc_hd__o21ba_2 (0) disconnected node: VGND
Cell sky130_fd_sc_hd__o21ba_2 (0) disconnected node: VNB
Cell sky130_fd_sc_hd__o21ba_2 (0) disconnected node: VPB
Cell sky130_fd_sc_hd__o21ba_2 (0) disconnected node: VPWR
Cell sky130_fd_sc_hd__o21ba_2 (0) disconnected node: X

Subcircuit pins:
Circuit 1: sky130_fd_sc_hd__o21ba_2        |Circuit 2: sky130_fd_sc_hd__o21ba_2        
-------------------------------------------|-------------------------------------------
A1                                         |A1                                         
A2                                         |A2                                         
B1_N                                       |B1_N                                       
VGND                                       |VGND                                       
VNB                                        |VNB                                        
VPB                                        |VPB                                        
VPWR                                       |VPWR                                       
X                                          |X                                          
---------------------------------------------------------------------------------------
Cell pin lists are equivalent.
Device classes sky130_fd_sc_hd__o21ba_2 and sky130_fd_sc_hd__o21ba_2 are equivalent.

Cell sky130_fd_sc_hd__nand4_2 (0) disconnected node: A
Cell sky130_fd_sc_hd__nand4_2 (0) disconnected node: B
Cell sky130_fd_sc_hd__nand4_2 (0) disconnected node: C
Cell sky130_fd_sc_hd__nand4_2 (0) disconnected node: D
Cell sky130_fd_sc_hd__nand4_2 (0) disconnected node: VGND
Cell sky130_fd_sc_hd__nand4_2 (0) disconnected node: VNB
Cell sky130_fd_sc_hd__nand4_2 (0) disconnected node: VPB
Cell sky130_fd_sc_hd__nand4_2 (0) disconnected node: VPWR
Cell sky130_fd_sc_hd__nand4_2 (0) disconnected node: Y

Subcircuit pins:
Circuit 1: sky130_fd_sc_hd__nand4_2        |Circuit 2: sky130_fd_sc_hd__nand4_2        
-------------------------------------------|-------------------------------------------
A                                          |A                                          
B                                          |B                                          
C                                          |C                                          
D                                          |D                                          
VGND                                       |VGND                                       
VNB                                        |VNB                                        
VPB                                        |VPB                                        
VPWR                                       |VPWR                                       
Y                                          |Y                                          
---------------------------------------------------------------------------------------
Cell pin lists are equivalent.
Device classes sky130_fd_sc_hd__nand4_2 and sky130_fd_sc_hd__nand4_2 are equivalent.

Cell sky130_fd_sc_hd__a32oi_2 (0) disconnected node: A1
Cell sky130_fd_sc_hd__a32oi_2 (0) disconnected node: A2
Cell sky130_fd_sc_hd__a32oi_2 (0) disconnected node: A3
Cell sky130_fd_sc_hd__a32oi_2 (0) disconnected node: B1
Cell sky130_fd_sc_hd__a32oi_2 (0) disconnected node: B2
Cell sky130_fd_sc_hd__a32oi_2 (0) disconnected node: VGND
Cell sky130_fd_sc_hd__a32oi_2 (0) disconnected node: VNB
Cell sky130_fd_sc_hd__a32oi_2 (0) disconnected node: VPB
Cell sky130_fd_sc_hd__a32oi_2 (0) disconnected node: VPWR
Cell sky130_fd_sc_hd__a32oi_2 (0) disconnected node: Y

Subcircuit pins:
Circuit 1: sky130_fd_sc_hd__a32oi_2        |Circuit 2: sky130_fd_sc_hd__a32oi_2        
-------------------------------------------|-------------------------------------------
A1                                         |A1                                         
A2                                         |A2                                         
A3                                         |A3                                         
B1                                         |B1                                         
B2                                         |B2                                         
VGND                                       |VGND                                       
VNB                                        |VNB                                        
VPB                                        |VPB                                        
VPWR                                       |VPWR                                       
Y                                          |Y                                          
---------------------------------------------------------------------------------------
Cell pin lists are equivalent.
Device classes sky130_fd_sc_hd__a32oi_2 and sky130_fd_sc_hd__a32oi_2 are equivalent.

Cell sky130_fd_sc_hd__conb_1 (0) disconnected node: VGND
Cell sky130_fd_sc_hd__conb_1 (0) disconnected node: VNB
Cell sky130_fd_sc_hd__conb_1 (0) disconnected node: VPB
Cell sky130_fd_sc_hd__conb_1 (0) disconnected node: VPWR
Cell sky130_fd_sc_hd__conb_1 (0) disconnected node: HI
Cell sky130_fd_sc_hd__conb_1 (0) disconnected node: LO
Cell sky130_fd_sc_hd__conb_1 (1) disconnected node: VNB
Cell sky130_fd_sc_hd__conb_1 (1) disconnected node: VPB

Subcircuit pins:
Circuit 1: sky130_fd_sc_hd__conb_1         |Circuit 2: sky130_fd_sc_hd__conb_1         
-------------------------------------------|-------------------------------------------
VGND                                       |VGND                                       
VNB                                        |VNB                                        
VPB                                        |VPB                                        
VPWR                                       |VPWR                                       
HI                                         |HI                                         
LO                                         |LO                                         
---------------------------------------------------------------------------------------
Cell pin lists are equivalent.
Device classes sky130_fd_sc_hd__conb_1 and sky130_fd_sc_hd__conb_1 are equivalent.

Cell sky130_fd_sc_hd__bufinv_16 (0) disconnected node: A
Cell sky130_fd_sc_hd__bufinv_16 (0) disconnected node: VGND
Cell sky130_fd_sc_hd__bufinv_16 (0) disconnected node: VNB
Cell sky130_fd_sc_hd__bufinv_16 (0) disconnected node: VPB
Cell sky130_fd_sc_hd__bufinv_16 (0) disconnected node: VPWR
Cell sky130_fd_sc_hd__bufinv_16 (0) disconnected node: Y

Subcircuit pins:
Circuit 1: sky130_fd_sc_hd__bufinv_16      |Circuit 2: sky130_fd_sc_hd__bufinv_16      
-------------------------------------------|-------------------------------------------
A                                          |A                                          
VGND                                       |VGND                                       
VNB                                        |VNB                                        
VPB                                        |VPB                                        
VPWR                                       |VPWR                                       
Y                                          |Y                                          
---------------------------------------------------------------------------------------
Cell pin lists are equivalent.
Device classes sky130_fd_sc_hd__bufinv_16 and sky130_fd_sc_hd__bufinv_16 are equivalent.

Cell sky130_fd_sc_hd__a21oi_4 (0) disconnected node: A1
Cell sky130_fd_sc_hd__a21oi_4 (0) disconnected node: A2
Cell sky130_fd_sc_hd__a21oi_4 (0) disconnected node: B1
Cell sky130_fd_sc_hd__a21oi_4 (0) disconnected node: VGND
Cell sky130_fd_sc_hd__a21oi_4 (0) disconnected node: VNB
Cell sky130_fd_sc_hd__a21oi_4 (0) disconnected node: VPB
Cell sky130_fd_sc_hd__a21oi_4 (0) disconnected node: VPWR
Cell sky130_fd_sc_hd__a21oi_4 (0) disconnected node: Y

Subcircuit pins:
Circuit 1: sky130_fd_sc_hd__a21oi_4        |Circuit 2: sky130_fd_sc_hd__a21oi_4        
-------------------------------------------|-------------------------------------------
A1                                         |A1                                         
A2                                         |A2                                         
B1                                         |B1                                         
VGND                                       |VGND                                       
VNB                                        |VNB                                        
VPB                                        |VPB                                        
VPWR                                       |VPWR                                       
Y                                          |Y                                          
---------------------------------------------------------------------------------------
Cell pin lists are equivalent.
Device classes sky130_fd_sc_hd__a21oi_4 and sky130_fd_sc_hd__a21oi_4 are equivalent.

Cell sky130_fd_sc_hd__nand3_1 (0) disconnected node: A
Cell sky130_fd_sc_hd__nand3_1 (0) disconnected node: B
Cell sky130_fd_sc_hd__nand3_1 (0) disconnected node: C
Cell sky130_fd_sc_hd__nand3_1 (0) disconnected node: VGND
Cell sky130_fd_sc_hd__nand3_1 (0) disconnected node: VNB
Cell sky130_fd_sc_hd__nand3_1 (0) disconnected node: VPB
Cell sky130_fd_sc_hd__nand3_1 (0) disconnected node: VPWR
Cell sky130_fd_sc_hd__nand3_1 (0) disconnected node: Y

Subcircuit pins:
Circuit 1: sky130_fd_sc_hd__nand3_1        |Circuit 2: sky130_fd_sc_hd__nand3_1        
-------------------------------------------|-------------------------------------------
A                                          |A                                          
B                                          |B                                          
C                                          |C                                          
VGND                                       |VGND                                       
VNB                                        |VNB                                        
VPB                                        |VPB                                        
VPWR                                       |VPWR                                       
Y                                          |Y                                          
---------------------------------------------------------------------------------------
Cell pin lists are equivalent.
Device classes sky130_fd_sc_hd__nand3_1 and sky130_fd_sc_hd__nand3_1 are equivalent.

Cell sky130_fd_sc_hd__a221oi_2 (0) disconnected node: A1
Cell sky130_fd_sc_hd__a221oi_2 (0) disconnected node: A2
Cell sky130_fd_sc_hd__a221oi_2 (0) disconnected node: B1
Cell sky130_fd_sc_hd__a221oi_2 (0) disconnected node: B2
Cell sky130_fd_sc_hd__a221oi_2 (0) disconnected node: C1
Cell sky130_fd_sc_hd__a221oi_2 (0) disconnected node: VGND
Cell sky130_fd_sc_hd__a221oi_2 (0) disconnected node: VNB
Cell sky130_fd_sc_hd__a221oi_2 (0) disconnected node: VPB
Cell sky130_fd_sc_hd__a221oi_2 (0) disconnected node: VPWR
Cell sky130_fd_sc_hd__a221oi_2 (0) disconnected node: Y

Subcircuit pins:
Circuit 1: sky130_fd_sc_hd__a221oi_2       |Circuit 2: sky130_fd_sc_hd__a221oi_2       
-------------------------------------------|-------------------------------------------
A1                                         |A1                                         
A2                                         |A2                                         
B1                                         |B1                                         
B2                                         |B2                                         
C1                                         |C1                                         
VGND                                       |VGND                                       
VNB                                        |VNB                                        
VPB                                        |VPB                                        
VPWR                                       |VPWR                                       
Y                                          |Y                                          
---------------------------------------------------------------------------------------
Cell pin lists are equivalent.
Device classes sky130_fd_sc_hd__a221oi_2 and sky130_fd_sc_hd__a221oi_2 are equivalent.

Cell sky130_fd_sc_hd__o21ai_4 (0) disconnected node: A1
Cell sky130_fd_sc_hd__o21ai_4 (0) disconnected node: A2
Cell sky130_fd_sc_hd__o21ai_4 (0) disconnected node: B1
Cell sky130_fd_sc_hd__o21ai_4 (0) disconnected node: VGND
Cell sky130_fd_sc_hd__o21ai_4 (0) disconnected node: VNB
Cell sky130_fd_sc_hd__o21ai_4 (0) disconnected node: VPB
Cell sky130_fd_sc_hd__o21ai_4 (0) disconnected node: VPWR
Cell sky130_fd_sc_hd__o21ai_4 (0) disconnected node: Y

Subcircuit pins:
Circuit 1: sky130_fd_sc_hd__o21ai_4        |Circuit 2: sky130_fd_sc_hd__o21ai_4        
-------------------------------------------|-------------------------------------------
A1                                         |A1                                         
A2                                         |A2                                         
B1                                         |B1                                         
VGND                                       |VGND                                       
VNB                                        |VNB                                        
VPB                                        |VPB                                        
VPWR                                       |VPWR                                       
Y                                          |Y                                          
---------------------------------------------------------------------------------------
Cell pin lists are equivalent.
Device classes sky130_fd_sc_hd__o21ai_4 and sky130_fd_sc_hd__o21ai_4 are equivalent.

Cell sky130_fd_sc_hd__nor2_1 (0) disconnected node: A
Cell sky130_fd_sc_hd__nor2_1 (0) disconnected node: B
Cell sky130_fd_sc_hd__nor2_1 (0) disconnected node: VGND
Cell sky130_fd_sc_hd__nor2_1 (0) disconnected node: VNB
Cell sky130_fd_sc_hd__nor2_1 (0) disconnected node: VPB
Cell sky130_fd_sc_hd__nor2_1 (0) disconnected node: VPWR
Cell sky130_fd_sc_hd__nor2_1 (0) disconnected node: Y

Subcircuit pins:
Circuit 1: sky130_fd_sc_hd__nor2_1         |Circuit 2: sky130_fd_sc_hd__nor2_1         
-------------------------------------------|-------------------------------------------
A                                          |A                                          
B                                          |B                                          
VGND                                       |VGND                                       
VNB                                        |VNB                                        
VPB                                        |VPB                                        
VPWR                                       |VPWR                                       
Y                                          |Y                                          
---------------------------------------------------------------------------------------
Cell pin lists are equivalent.
Device classes sky130_fd_sc_hd__nor2_1 and sky130_fd_sc_hd__nor2_1 are equivalent.

Cell sky130_fd_sc_hd__a211oi_2 (0) disconnected node: A1
Cell sky130_fd_sc_hd__a211oi_2 (0) disconnected node: A2
Cell sky130_fd_sc_hd__a211oi_2 (0) disconnected node: B1
Cell sky130_fd_sc_hd__a211oi_2 (0) disconnected node: C1
Cell sky130_fd_sc_hd__a211oi_2 (0) disconnected node: VGND
Cell sky130_fd_sc_hd__a211oi_2 (0) disconnected node: VNB
Cell sky130_fd_sc_hd__a211oi_2 (0) disconnected node: VPB
Cell sky130_fd_sc_hd__a211oi_2 (0) disconnected node: VPWR
Cell sky130_fd_sc_hd__a211oi_2 (0) disconnected node: Y

Subcircuit pins:
Circuit 1: sky130_fd_sc_hd__a211oi_2       |Circuit 2: sky130_fd_sc_hd__a211oi_2       
-------------------------------------------|-------------------------------------------
A1                                         |A1                                         
A2                                         |A2                                         
B1                                         |B1                                         
C1                                         |C1                                         
VGND                                       |VGND                                       
VNB                                        |VNB                                        
VPB                                        |VPB                                        
VPWR                                       |VPWR                                       
Y                                          |Y                                          
---------------------------------------------------------------------------------------
Cell pin lists are equivalent.
Device classes sky130_fd_sc_hd__a211oi_2 and sky130_fd_sc_hd__a211oi_2 are equivalent.

Cell sky130_fd_sc_hd__a2111o_2 (0) disconnected node: A1
Cell sky130_fd_sc_hd__a2111o_2 (0) disconnected node: A2
Cell sky130_fd_sc_hd__a2111o_2 (0) disconnected node: B1
Cell sky130_fd_sc_hd__a2111o_2 (0) disconnected node: C1
Cell sky130_fd_sc_hd__a2111o_2 (0) disconnected node: D1
Cell sky130_fd_sc_hd__a2111o_2 (0) disconnected node: VGND
Cell sky130_fd_sc_hd__a2111o_2 (0) disconnected node: VNB
Cell sky130_fd_sc_hd__a2111o_2 (0) disconnected node: VPB
Cell sky130_fd_sc_hd__a2111o_2 (0) disconnected node: VPWR
Cell sky130_fd_sc_hd__a2111o_2 (0) disconnected node: X

Subcircuit pins:
Circuit 1: sky130_fd_sc_hd__a2111o_2       |Circuit 2: sky130_fd_sc_hd__a2111o_2       
-------------------------------------------|-------------------------------------------
A1                                         |A1                                         
A2                                         |A2                                         
B1                                         |B1                                         
C1                                         |C1                                         
D1                                         |D1                                         
VGND                                       |VGND                                       
VNB                                        |VNB                                        
VPB                                        |VPB                                        
VPWR                                       |VPWR                                       
X                                          |X                                          
---------------------------------------------------------------------------------------
Cell pin lists are equivalent.
Device classes sky130_fd_sc_hd__a2111o_2 and sky130_fd_sc_hd__a2111o_2 are equivalent.

Cell sky130_fd_sc_hd__nor4b_2 (0) disconnected node: A
Cell sky130_fd_sc_hd__nor4b_2 (0) disconnected node: B
Cell sky130_fd_sc_hd__nor4b_2 (0) disconnected node: C
Cell sky130_fd_sc_hd__nor4b_2 (0) disconnected node: D_N
Cell sky130_fd_sc_hd__nor4b_2 (0) disconnected node: VGND
Cell sky130_fd_sc_hd__nor4b_2 (0) disconnected node: VNB
Cell sky130_fd_sc_hd__nor4b_2 (0) disconnected node: VPB
Cell sky130_fd_sc_hd__nor4b_2 (0) disconnected node: VPWR
Cell sky130_fd_sc_hd__nor4b_2 (0) disconnected node: Y

Subcircuit pins:
Circuit 1: sky130_fd_sc_hd__nor4b_2        |Circuit 2: sky130_fd_sc_hd__nor4b_2        
-------------------------------------------|-------------------------------------------
A                                          |A                                          
B                                          |B                                          
C                                          |C                                          
D_N                                        |D_N                                        
VGND                                       |VGND                                       
VNB                                        |VNB                                        
VPB                                        |VPB                                        
VPWR                                       |VPWR                                       
Y                                          |Y                                          
---------------------------------------------------------------------------------------
Cell pin lists are equivalent.
Device classes sky130_fd_sc_hd__nor4b_2 and sky130_fd_sc_hd__nor4b_2 are equivalent.

Cell sky130_fd_sc_hd__o311ai_4 (0) disconnected node: A1
Cell sky130_fd_sc_hd__o311ai_4 (0) disconnected node: A2
Cell sky130_fd_sc_hd__o311ai_4 (0) disconnected node: A3
Cell sky130_fd_sc_hd__o311ai_4 (0) disconnected node: B1
Cell sky130_fd_sc_hd__o311ai_4 (0) disconnected node: C1
Cell sky130_fd_sc_hd__o311ai_4 (0) disconnected node: VGND
Cell sky130_fd_sc_hd__o311ai_4 (0) disconnected node: VNB
Cell sky130_fd_sc_hd__o311ai_4 (0) disconnected node: VPB
Cell sky130_fd_sc_hd__o311ai_4 (0) disconnected node: VPWR
Cell sky130_fd_sc_hd__o311ai_4 (0) disconnected node: Y

Subcircuit pins:
Circuit 1: sky130_fd_sc_hd__o311ai_4       |Circuit 2: sky130_fd_sc_hd__o311ai_4       
-------------------------------------------|-------------------------------------------
A1                                         |A1                                         
A2                                         |A2                                         
A3                                         |A3                                         
B1                                         |B1                                         
C1                                         |C1                                         
VGND                                       |VGND                                       
VNB                                        |VNB                                        
VPB                                        |VPB                                        
VPWR                                       |VPWR                                       
Y                                          |Y                                          
---------------------------------------------------------------------------------------
Cell pin lists are equivalent.
Device classes sky130_fd_sc_hd__o311ai_4 and sky130_fd_sc_hd__o311ai_4 are equivalent.

Cell sky130_fd_sc_hd__o31ai_2 (0) disconnected node: A1
Cell sky130_fd_sc_hd__o31ai_2 (0) disconnected node: A2
Cell sky130_fd_sc_hd__o31ai_2 (0) disconnected node: A3
Cell sky130_fd_sc_hd__o31ai_2 (0) disconnected node: B1
Cell sky130_fd_sc_hd__o31ai_2 (0) disconnected node: VGND
Cell sky130_fd_sc_hd__o31ai_2 (0) disconnected node: VNB
Cell sky130_fd_sc_hd__o31ai_2 (0) disconnected node: VPB
Cell sky130_fd_sc_hd__o31ai_2 (0) disconnected node: VPWR
Cell sky130_fd_sc_hd__o31ai_2 (0) disconnected node: Y

Subcircuit pins:
Circuit 1: sky130_fd_sc_hd__o31ai_2        |Circuit 2: sky130_fd_sc_hd__o31ai_2        
-------------------------------------------|-------------------------------------------
A1                                         |A1                                         
A2                                         |A2                                         
A3                                         |A3                                         
B1                                         |B1                                         
VGND                                       |VGND                                       
VNB                                        |VNB                                        
VPB                                        |VPB                                        
VPWR                                       |VPWR                                       
Y                                          |Y                                          
---------------------------------------------------------------------------------------
Cell pin lists are equivalent.
Device classes sky130_fd_sc_hd__o31ai_2 and sky130_fd_sc_hd__o31ai_2 are equivalent.

Cell sky130_fd_sc_hd__o2111ai_2 (0) disconnected node: A1
Cell sky130_fd_sc_hd__o2111ai_2 (0) disconnected node: A2
Cell sky130_fd_sc_hd__o2111ai_2 (0) disconnected node: B1
Cell sky130_fd_sc_hd__o2111ai_2 (0) disconnected node: C1
Cell sky130_fd_sc_hd__o2111ai_2 (0) disconnected node: D1
Cell sky130_fd_sc_hd__o2111ai_2 (0) disconnected node: VGND
Cell sky130_fd_sc_hd__o2111ai_2 (0) disconnected node: VNB
Cell sky130_fd_sc_hd__o2111ai_2 (0) disconnected node: VPB
Cell sky130_fd_sc_hd__o2111ai_2 (0) disconnected node: VPWR
Cell sky130_fd_sc_hd__o2111ai_2 (0) disconnected node: Y

Subcircuit pins:
Circuit 1: sky130_fd_sc_hd__o2111ai_2      |Circuit 2: sky130_fd_sc_hd__o2111ai_2      
-------------------------------------------|-------------------------------------------
A1                                         |A1                                         
A2                                         |A2                                         
B1                                         |B1                                         
C1                                         |C1                                         
D1                                         |D1                                         
VGND                                       |VGND                                       
VNB                                        |VNB                                        
VPB                                        |VPB                                        
VPWR                                       |VPWR                                       
Y                                          |Y                                          
---------------------------------------------------------------------------------------
Cell pin lists are equivalent.
Device classes sky130_fd_sc_hd__o2111ai_2 and sky130_fd_sc_hd__o2111ai_2 are equivalent.

Cell sky130_fd_sc_hd__clkinvlp_4 (0) disconnected node: A
Cell sky130_fd_sc_hd__clkinvlp_4 (0) disconnected node: VGND
Cell sky130_fd_sc_hd__clkinvlp_4 (0) disconnected node: VNB
Cell sky130_fd_sc_hd__clkinvlp_4 (0) disconnected node: VPB
Cell sky130_fd_sc_hd__clkinvlp_4 (0) disconnected node: VPWR
Cell sky130_fd_sc_hd__clkinvlp_4 (0) disconnected node: Y

Subcircuit pins:
Circuit 1: sky130_fd_sc_hd__clkinvlp_4     |Circuit 2: sky130_fd_sc_hd__clkinvlp_4     
-------------------------------------------|-------------------------------------------
A                                          |A                                          
VGND                                       |VGND                                       
VNB                                        |VNB                                        
VPB                                        |VPB                                        
VPWR                                       |VPWR                                       
Y                                          |Y                                          
---------------------------------------------------------------------------------------
Cell pin lists are equivalent.
Device classes sky130_fd_sc_hd__clkinvlp_4 and sky130_fd_sc_hd__clkinvlp_4 are equivalent.

Cell sky130_fd_sc_hd__nor4_2 (0) disconnected node: A
Cell sky130_fd_sc_hd__nor4_2 (0) disconnected node: B
Cell sky130_fd_sc_hd__nor4_2 (0) disconnected node: C
Cell sky130_fd_sc_hd__nor4_2 (0) disconnected node: D
Cell sky130_fd_sc_hd__nor4_2 (0) disconnected node: VGND
Cell sky130_fd_sc_hd__nor4_2 (0) disconnected node: VNB
Cell sky130_fd_sc_hd__nor4_2 (0) disconnected node: VPB
Cell sky130_fd_sc_hd__nor4_2 (0) disconnected node: VPWR
Cell sky130_fd_sc_hd__nor4_2 (0) disconnected node: Y

Subcircuit pins:
Circuit 1: sky130_fd_sc_hd__nor4_2         |Circuit 2: sky130_fd_sc_hd__nor4_2         
-------------------------------------------|-------------------------------------------
A                                          |A                                          
B                                          |B                                          
C                                          |C                                          
D                                          |D                                          
VGND                                       |VGND                                       
VNB                                        |VNB                                        
VPB                                        |VPB                                        
VPWR                                       |VPWR                                       
Y                                          |Y                                          
---------------------------------------------------------------------------------------
Cell pin lists are equivalent.
Device classes sky130_fd_sc_hd__nor4_2 and sky130_fd_sc_hd__nor4_2 are equivalent.

Cell sky130_fd_sc_hd__buf_8 (0) disconnected node: A
Cell sky130_fd_sc_hd__buf_8 (0) disconnected node: VGND
Cell sky130_fd_sc_hd__buf_8 (0) disconnected node: VNB
Cell sky130_fd_sc_hd__buf_8 (0) disconnected node: VPB
Cell sky130_fd_sc_hd__buf_8 (0) disconnected node: VPWR
Cell sky130_fd_sc_hd__buf_8 (0) disconnected node: X

Subcircuit pins:
Circuit 1: sky130_fd_sc_hd__buf_8          |Circuit 2: sky130_fd_sc_hd__buf_8          
-------------------------------------------|-------------------------------------------
A                                          |A                                          
VGND                                       |VGND                                       
VNB                                        |VNB                                        
VPB                                        |VPB                                        
VPWR                                       |VPWR                                       
X                                          |X                                          
---------------------------------------------------------------------------------------
Cell pin lists are equivalent.
Device classes sky130_fd_sc_hd__buf_8 and sky130_fd_sc_hd__buf_8 are equivalent.

Cell sky130_fd_sc_hd__a32oi_4 (0) disconnected node: A1
Cell sky130_fd_sc_hd__a32oi_4 (0) disconnected node: A2
Cell sky130_fd_sc_hd__a32oi_4 (0) disconnected node: A3
Cell sky130_fd_sc_hd__a32oi_4 (0) disconnected node: B1
Cell sky130_fd_sc_hd__a32oi_4 (0) disconnected node: B2
Cell sky130_fd_sc_hd__a32oi_4 (0) disconnected node: VGND
Cell sky130_fd_sc_hd__a32oi_4 (0) disconnected node: VNB
Cell sky130_fd_sc_hd__a32oi_4 (0) disconnected node: VPB
Cell sky130_fd_sc_hd__a32oi_4 (0) disconnected node: VPWR
Cell sky130_fd_sc_hd__a32oi_4 (0) disconnected node: Y

Subcircuit pins:
Circuit 1: sky130_fd_sc_hd__a32oi_4        |Circuit 2: sky130_fd_sc_hd__a32oi_4        
-------------------------------------------|-------------------------------------------
A1                                         |A1                                         
A2                                         |A2                                         
A3                                         |A3                                         
B1                                         |B1                                         
B2                                         |B2                                         
VGND                                       |VGND                                       
VNB                                        |VNB                                        
VPB                                        |VPB                                        
VPWR                                       |VPWR                                       
Y                                          |Y                                          
---------------------------------------------------------------------------------------
Cell pin lists are equivalent.
Device classes sky130_fd_sc_hd__a32oi_4 and sky130_fd_sc_hd__a32oi_4 are equivalent.

Cell tt_um_cleave (0) disconnected node: ena
Cell tt_um_cleave (0) disconnected node: ui_in[7]
Cell tt_um_cleave (0) disconnected node: uio_in[0]
Cell tt_um_cleave (0) disconnected node: uio_in[1]
Cell tt_um_cleave (0) disconnected node: uio_in[2]
Cell tt_um_cleave (0) disconnected node: uio_in[3]
Cell tt_um_cleave (0) disconnected node: uio_in[4]
Cell tt_um_cleave (0) disconnected node: uio_in[5]
Cell tt_um_cleave (0) disconnected node: uio_in[6]
Cell tt_um_cleave (0) disconnected node: uio_in[7]
Cell tt_um_cleave (1) disconnected node: ena
Cell tt_um_cleave (1) disconnected node: ui_in[7]
Cell tt_um_cleave (1) disconnected node: uio_in[7]
Cell tt_um_cleave (1) disconnected node: uio_in[6]
Cell tt_um_cleave (1) disconnected node: uio_in[5]
Cell tt_um_cleave (1) disconnected node: uio_in[4]
Cell tt_um_cleave (1) disconnected node: uio_in[3]
Cell tt_um_cleave (1) disconnected node: uio_in[2]
Cell tt_um_cleave (1) disconnected node: uio_in[1]
Cell tt_um_cleave (1) disconnected node: uio_in[0]
Class tt_um_cleave (0):  Merged 56879 parallel devices.
Class tt_um_cleave (1):  Merged 56879 parallel devices.
Cell tt_um_cleave (0) disconnected node: ena
Cell tt_um_cleave (0) disconnected node: ui_in[7]
Cell tt_um_cleave (0) disconnected node: uio_in[0]
Cell tt_um_cleave (0) disconnected node: uio_in[1]
Cell tt_um_cleave (0) disconnected node: uio_in[2]
Cell tt_um_cleave (0) disconnected node: uio_in[3]
Cell tt_um_cleave (0) disconnected node: uio_in[4]
Cell tt_um_cleave (0) disconnected node: uio_in[5]
Cell tt_um_cleave (0) disconnected node: uio_in[6]
Cell tt_um_cleave (0) disconnected node: uio_in[7]
Cell tt_um_cleave (1) disconnected node: ena
Cell tt_um_cleave (1) disconnected node: ui_in[7]
Cell tt_um_cleave (1) disconnected node: uio_in[7]
Cell tt_um_cleave (1) disconnected node: uio_in[6]
Cell tt_um_cleave (1) disconnected node: uio_in[5]
Cell tt_um_cleave (1) disconnected node: uio_in[4]
Cell tt_um_cleave (1) disconnected node: uio_in[3]
Cell tt_um_cleave (1) disconnected node: uio_in[2]
Cell tt_um_cleave (1) disconnected node: uio_in[1]
Cell tt_um_cleave (1) disconnected node: uio_in[0]
Subcircuit summary:
Circuit 1: tt_um_cleave                    |Circuit 2: tt_um_cleave                    
-------------------------------------------|-------------------------------------------
sky130_fd_sc_hd__decap_3 (41394->1)        |sky130_fd_sc_hd__decap_3 (41394->1)        
sky130_fd_sc_hd__fill_2 (4457->1)          |sky130_fd_sc_hd__fill_2 (4457->1)          
sky130_fd_sc_hd__o221a_2 (415)             |sky130_fd_sc_hd__o221a_2 (415)             
sky130_fd_sc_hd__dfxtp_2 (3102)            |sky130_fd_sc_hd__dfxtp_2 (3102)            
sky130_fd_sc_hd__tapvpwrvgnd_1 (5757->1)   |sky130_fd_sc_hd__tapvpwrvgnd_1 (5757->1)   
sky130_fd_sc_hd__fill_1 (5247->1)          |sky130_fd_sc_hd__fill_1 (5247->1)          
sky130_fd_sc_hd__clkbuf_4 (438)            |sky130_fd_sc_hd__clkbuf_4 (438)            
sky130_fd_sc_hd__clkdlybuf4s25_1 (1572)    |sky130_fd_sc_hd__clkdlybuf4s25_1 (1572)    
sky130_fd_sc_hd__mux4_2 (264)              |sky130_fd_sc_hd__mux4_2 (264)              
sky130_fd_sc_hd__a32o_2 (56)               |sky130_fd_sc_hd__a32o_2 (56)               
sky130_fd_sc_hd__and3b_2 (23)              |sky130_fd_sc_hd__and3b_2 (23)              
sky130_fd_sc_hd__a211o_2 (253)             |sky130_fd_sc_hd__a211o_2 (253)             
sky130_fd_sc_hd__or3_2 (151)               |sky130_fd_sc_hd__or3_2 (151)               
sky130_fd_sc_hd__mux2_1 (3731)             |sky130_fd_sc_hd__mux2_1 (3731)             
sky130_fd_sc_hd__o21a_2 (137)              |sky130_fd_sc_hd__o21a_2 (137)              
sky130_fd_sc_hd__o21ai_2 (93)              |sky130_fd_sc_hd__o21ai_2 (93)              
sky130_fd_sc_hd__o211a_2 (446)             |sky130_fd_sc_hd__o211a_2 (446)             
sky130_fd_sc_hd__and3_2 (307)              |sky130_fd_sc_hd__and3_2 (307)              
sky130_fd_sc_hd__buf_2 (152)               |sky130_fd_sc_hd__buf_2 (152)               
sky130_fd_sc_hd__or2_2 (359)               |sky130_fd_sc_hd__or2_2 (359)               
sky130_fd_sc_hd__a221o_2 (184)             |sky130_fd_sc_hd__a221o_2 (184)             
sky130_fd_sc_hd__o21bai_2 (6)              |sky130_fd_sc_hd__o21bai_2 (6)              
sky130_fd_sc_hd__a31o_2 (236)              |sky130_fd_sc_hd__a31o_2 (236)              
sky130_fd_sc_hd__o22a_2 (635)              |sky130_fd_sc_hd__o22a_2 (635)              
sky130_fd_sc_hd__dlygate4sd3_1 (3041)      |sky130_fd_sc_hd__dlygate4sd3_1 (3041)      
sky130_fd_sc_hd__buf_6 (16)                |sky130_fd_sc_hd__buf_6 (16)                
sky130_fd_sc_hd__a22o_2 (256)              |sky130_fd_sc_hd__a22o_2 (256)              
sky130_fd_sc_hd__and2_2 (116)              |sky130_fd_sc_hd__and2_2 (116)              
sky130_fd_sc_hd__nor2_4 (5)                |sky130_fd_sc_hd__nor2_4 (5)                
sky130_fd_sc_hd__a21bo_2 (92)              |sky130_fd_sc_hd__a21bo_2 (92)              
sky130_fd_sc_hd__nor2_2 (275)              |sky130_fd_sc_hd__nor2_2 (275)              
sky130_fd_sc_hd__or4bb_2 (6)               |sky130_fd_sc_hd__or4bb_2 (6)               
sky130_fd_sc_hd__buf_4 (316)               |sky130_fd_sc_hd__buf_4 (316)               
sky130_fd_sc_hd__and2b_2 (35)              |sky130_fd_sc_hd__and2b_2 (35)              
sky130_fd_sc_hd__a21o_2 (173)              |sky130_fd_sc_hd__a21o_2 (173)              
sky130_fd_sc_hd__nand2_2 (218)             |sky130_fd_sc_hd__nand2_2 (218)             
sky130_fd_sc_hd__clkbuf_2 (79)             |sky130_fd_sc_hd__clkbuf_2 (79)             
sky130_fd_sc_hd__clkbuf_8 (510)            |sky130_fd_sc_hd__clkbuf_8 (510)            
sky130_fd_sc_hd__inv_2 (102)               |sky130_fd_sc_hd__inv_2 (102)               
sky130_fd_sc_hd__or4_2 (21)                |sky130_fd_sc_hd__or4_2 (21)                
sky130_fd_sc_hd__nand3b_2 (3)              |sky130_fd_sc_hd__nand3b_2 (3)              
sky130_fd_sc_hd__xnor2_2 (98)              |sky130_fd_sc_hd__xnor2_2 (98)              
sky130_fd_sc_hd__and4_2 (12)               |sky130_fd_sc_hd__and4_2 (12)               
sky130_fd_sc_hd__a2bb2o_2 (31)             |sky130_fd_sc_hd__a2bb2o_2 (31)             
sky130_fd_sc_hd__a21oi_2 (116)             |sky130_fd_sc_hd__a21oi_2 (116)             
sky130_fd_sc_hd__or3b_2 (29)               |sky130_fd_sc_hd__or3b_2 (29)               
sky130_fd_sc_hd__o32a_2 (21)               |sky130_fd_sc_hd__o32a_2 (21)               
sky130_fd_sc_hd__diode_2 (96->68)          |sky130_fd_sc_hd__diode_2 (96->68)          
sky130_fd_sc_hd__a21boi_2 (6)              |sky130_fd_sc_hd__a21boi_2 (6)              
sky130_fd_sc_hd__a31oi_2 (5)               |sky130_fd_sc_hd__a31oi_2 (5)               
sky130_fd_sc_hd__a311o_2 (11)              |sky130_fd_sc_hd__a311o_2 (11)              
sky130_fd_sc_hd__o311a_2 (28)              |sky130_fd_sc_hd__o311a_2 (28)              
sky130_fd_sc_hd__clkinv_2 (27)             |sky130_fd_sc_hd__clkinv_2 (27)             
sky130_fd_sc_hd__a211oi_4 (1)              |sky130_fd_sc_hd__a211oi_4 (1)              
sky130_fd_sc_hd__o2111a_2 (11)             |sky130_fd_sc_hd__o2111a_2 (11)             
sky130_fd_sc_hd__a22oi_2 (14)              |sky130_fd_sc_hd__a22oi_2 (14)              
sky130_fd_sc_hd__o31a_2 (31)               |sky130_fd_sc_hd__o31a_2 (31)               
sky130_fd_sc_hd__xor2_2 (25)               |sky130_fd_sc_hd__xor2_2 (25)               
sky130_fd_sc_hd__o2bb2a_2 (31)             |sky130_fd_sc_hd__o2bb2a_2 (31)             
sky130_fd_sc_hd__and4bb_2 (3)              |sky130_fd_sc_hd__and4bb_2 (3)              
sky130_fd_sc_hd__o22ai_2 (7)               |sky130_fd_sc_hd__o22ai_2 (7)               
sky130_fd_sc_hd__nand4_1 (4)               |sky130_fd_sc_hd__nand4_1 (4)               
sky130_fd_sc_hd__nand3_2 (4)               |sky130_fd_sc_hd__nand3_2 (4)               
sky130_fd_sc_hd__o211ai_2 (12)             |sky130_fd_sc_hd__o211ai_2 (12)             
sky130_fd_sc_hd__nor3_4 (6)                |sky130_fd_sc_hd__nor3_4 (6)                
sky130_fd_sc_hd__or4b_2 (11)               |sky130_fd_sc_hd__or4b_2 (11)               
sky130_fd_sc_hd__a311oi_2 (3)              |sky130_fd_sc_hd__a311oi_2 (3)              
sky130_fd_sc_hd__nand2b_2 (33)             |sky130_fd_sc_hd__nand2b_2 (33)             
sky130_fd_sc_hd__o31ai_4 (1)               |sky130_fd_sc_hd__o31ai_4 (1)               
sky130_fd_sc_hd__clkinv_4 (1)              |sky130_fd_sc_hd__clkinv_4 (1)              
sky130_fd_sc_hd__nand4b_1 (1)              |sky130_fd_sc_hd__nand4b_1 (1)              
sky130_fd_sc_hd__a2111oi_4 (1)             |sky130_fd_sc_hd__a2111oi_4 (1)             
sky130_fd_sc_hd__nor3_2 (6)                |sky130_fd_sc_hd__nor3_2 (6)                
sky130_fd_sc_hd__and4b_2 (8)               |sky130_fd_sc_hd__and4b_2 (8)               
sky130_fd_sc_hd__clkbuf_16 (1)             |sky130_fd_sc_hd__clkbuf_16 (1)             
sky130_fd_sc_hd__buf_1 (5)                 |sky130_fd_sc_hd__buf_1 (5)                 
sky130_fd_sc_hd__o21ba_2 (9)               |sky130_fd_sc_hd__o21ba_2 (9)               
sky130_fd_sc_hd__nand4_2 (3)               |sky130_fd_sc_hd__nand4_2 (3)               
sky130_fd_sc_hd__a32oi_2 (1)               |sky130_fd_sc_hd__a32oi_2 (1)               
sky130_fd_sc_hd__conb_1 (16)               |sky130_fd_sc_hd__conb_1 (16)               
sky130_fd_sc_hd__bufinv_16 (2)             |sky130_fd_sc_hd__bufinv_16 (2)             
sky130_fd_sc_hd__a21oi_4 (1)               |sky130_fd_sc_hd__a21oi_4 (1)               
sky130_fd_sc_hd__nand3_1 (1)               |sky130_fd_sc_hd__nand3_1 (1)               
sky130_fd_sc_hd__a221oi_2 (3)              |sky130_fd_sc_hd__a221oi_2 (3)              
sky130_fd_sc_hd__o21ai_4 (2)               |sky130_fd_sc_hd__o21ai_4 (2)               
sky130_fd_sc_hd__nor2_1 (1)                |sky130_fd_sc_hd__nor2_1 (1)                
sky130_fd_sc_hd__a211oi_2 (6)              |sky130_fd_sc_hd__a211oi_2 (6)              
sky130_fd_sc_hd__a2111o_2 (1)              |sky130_fd_sc_hd__a2111o_2 (1)              
sky130_fd_sc_hd__nor4b_2 (2)               |sky130_fd_sc_hd__nor4b_2 (2)               
sky130_fd_sc_hd__o311ai_4 (1)              |sky130_fd_sc_hd__o311ai_4 (1)              
sky130_fd_sc_hd__o31ai_2 (3)               |sky130_fd_sc_hd__o31ai_2 (3)               
sky130_fd_sc_hd__o2111ai_2 (1)             |sky130_fd_sc_hd__o2111ai_2 (1)             
sky130_fd_sc_hd__clkinvlp_4 (1)            |sky130_fd_sc_hd__clkinvlp_4 (1)            
sky130_fd_sc_hd__nor4_2 (1)                |sky130_fd_sc_hd__nor4_2 (1)                
sky130_fd_sc_hd__buf_8 (1)                 |sky130_fd_sc_hd__buf_8 (1)                 
sky130_fd_sc_hd__a32oi_4 (1)               |sky130_fd_sc_hd__a32oi_4 (1)               
Number of devices: 18557                   |Number of devices: 18557                   
Number of nets: 18512                      |Number of nets: 18512                      
---------------------------------------------------------------------------------------
Resolving symmetries by property value.
Resolving symmetries by pin name.
Netlists match uniquely.

Subcircuit pins:
Circuit 1: tt_um_cleave                    |Circuit 2: tt_um_cleave                    
-------------------------------------------|-------------------------------------------
rst_n                                      |rst_n                                      
ui_in[0]                                   |ui_in[0]                                   
ui_in[3]                                   |ui_in[3]                                   
ui_in[2]                                   |ui_in[2]                                   
ui_in[1]                                   |ui_in[1]                                   
ui_in[4]                                   |ui_in[4]                                   
ui_in[5]                                   |ui_in[5]                                   
ui_in[6]                                   |ui_in[6]                                   
uo_out[5]                                  |uo_out[5]                                  
uo_out[7]                                  |uo_out[7]                                  
uo_out[3]                                  |uo_out[3]                                  
uo_out[6]                                  |uo_out[6]                                  
uo_out[0]                                  |uo_out[0]                                  
uo_out[1]                                  |uo_out[1]                                  
uo_out[2]                                  |uo_out[2]                                  
uo_out[4]                                  |uo_out[4]                                  
uio_oe[0]                                  |uio_oe[0]                                  
uio_oe[1]                                  |uio_oe[1]                                  
uio_oe[2]                                  |uio_oe[2]                                  
uio_oe[3]                                  |uio_oe[3]                                  
uio_oe[4]                                  |uio_oe[4]                                  
uio_oe[5]                                  |uio_oe[5]                                  
uio_oe[6]                                  |uio_oe[6]                                  
uio_oe[7]                                  |uio_oe[7]                                  
uio_out[0]                                 |uio_out[0]                                 
uio_out[1]                                 |uio_out[1]                                 
uio_out[2]                                 |uio_out[2]                                 
uio_out[3]                                 |uio_out[3]                                 
uio_out[4]                                 |uio_out[4]                                 
uio_out[5]                                 |uio_out[5]                                 
uio_out[6]                                 |uio_out[6]                                 
uio_out[7]                                 |uio_out[7]                                 
clk                                        |clk                                        
VGND                                       |VGND                                       
VPWR                                       |VPWR                                       
ena                                        |ena                                        
ui_in[7]                                   |ui_in[7]                                   
uio_in[0]                                  |uio_in[0]                                  
uio_in[1]                                  |uio_in[1]                                  
uio_in[2]                                  |uio_in[2]                                  
uio_in[3]                                  |uio_in[3]                                  
uio_in[4]                                  |uio_in[4]                                  
uio_in[5]                                  |uio_in[5]                                  
uio_in[6]                                  |uio_in[6]                                  
uio_in[7]                                  |uio_in[7]                                  
---------------------------------------------------------------------------------------
Cell pin lists are equivalent.
Device classes tt_um_cleave and tt_um_cleave are equivalent.

Final result: Circuits match uniquely.
.
