
===========================================================================
Violator List
============================================================================
[hold in-reg] rst_n -> _21479_/D : -19.642332
[hold in-reg] rst_n -> _21487_/D : -19.593590
[hold in-reg] rst_n -> _21473_/D : -19.443443
[hold in-reg] rst_n -> _18402_/D : -19.402605
[hold in-reg] rst_n -> _21474_/D : -19.361931
[hold in-reg] rst_n -> _21491_/D : -19.232599
[hold in-reg] rst_n -> _21489_/D : -19.231817
[hold in-reg] rst_n -> _21488_/D : -19.230877
[hold in-reg] rst_n -> _21503_/D : -19.224369
[hold in-reg] rst_n -> _21499_/D : -19.213322
[hold in-reg] rst_n -> _21501_/D : -19.212948
[hold in-reg] rst_n -> _21486_/D : -19.212626
[hold in-reg] rst_n -> _21495_/D : -19.212439
[hold in-reg] rst_n -> _21480_/D : -19.211233
[hold in-reg] rst_n -> _21497_/D : -19.211210
[hold in-reg] rst_n -> _21493_/D : -19.211094
[hold in-reg] rst_n -> _21500_/D : -19.168207
[hold in-reg] rst_n -> _21492_/D : -19.167831
[hold in-reg] rst_n -> _21494_/D : -19.167727
[hold in-reg] rst_n -> _21496_/D : -19.166685
[hold in-reg] rst_n -> _21502_/D : -19.166380
[hold in-reg] rst_n -> _21498_/D : -19.165955
[hold in-reg] rst_n -> _21485_/D : -19.165630
[hold in-reg] rst_n -> _21483_/D : -19.165245
[hold in-reg] rst_n -> _21482_/D : -19.165102
[hold in-reg] rst_n -> _21490_/D : -19.164972
[hold in-reg] rst_n -> _21484_/D : -19.164503
[hold in-reg] rst_n -> _21481_/D : -19.163868
[hold in-reg] rst_n -> _20455_/D : -19.078644
[hold in-reg] rst_n -> _21477_/D : -19.054501
[hold in-reg] rst_n -> _21478_/D : -19.001373
[hold in-reg] rst_n -> _20472_/D : -18.922321
[hold in-reg] rst_n -> _20461_/D : -18.892422
[hold in-reg] rst_n -> _20476_/D : -18.887207
[hold in-reg] rst_n -> _20471_/D : -18.884037
[hold in-reg] rst_n -> _20474_/D : -18.883318
[hold in-reg] rst_n -> _20467_/D : -18.879128
[hold in-reg] rst_n -> _20478_/D : -18.869297
[hold in-reg] rst_n -> _20451_/D : -18.856699
[hold in-reg] rst_n -> _20480_/D : -18.854666
[hold in-reg] rst_n -> _20458_/D : -18.850069
[hold in-reg] rst_n -> _20469_/D : -18.841204
[hold in-reg] rst_n -> _20452_/D : -18.812969
[hold in-reg] rst_n -> _20463_/D : -18.799690
[hold in-reg] rst_n -> _21475_/D : -18.798990
[hold in-reg] rst_n -> _20479_/D : -18.784351
[hold in-reg] rst_n -> _20460_/D : -18.750561
[hold in-reg] rst_n -> _20470_/D : -18.744143
[hold in-reg] rst_n -> _20454_/D : -18.736164
[hold in-reg] rst_n -> _20457_/D : -18.710754
[hold in-reg] rst_n -> _20453_/D : -18.698601
[hold in-reg] rst_n -> _20459_/D : -18.675583
[hold in-reg] rst_n -> _20456_/D : -18.665184
[hold in-reg] rst_n -> _20475_/D : -18.651346
[hold in-reg] rst_n -> _20462_/D : -18.596922
[hold in-reg] rst_n -> _20465_/D : -18.595102
[hold in-reg] rst_n -> _20477_/D : -18.593912
[hold in-reg] rst_n -> _20473_/D : -18.588066
[hold in-reg] rst_n -> _20464_/D : -18.556715
[hold in-reg] rst_n -> _20466_/D : -18.390574
[hold in-reg] rst_n -> _20468_/D : -18.308348
[hold in-reg] rst_n -> _21476_/D : -18.279617
[hold reg-reg] _21503_/Q -> _20738_/D : -1.168305
[hold reg-reg] _21503_/Q -> _20770_/D : -1.168244
[hold reg-reg] _21503_/Q -> _20706_/D : -1.166020
[hold reg-reg] _21503_/Q -> _20674_/D : -1.165471
[hold reg-reg] _21503_/Q -> _21154_/D : -1.161103
[hold reg-reg] _21503_/Q -> _21250_/D : -1.160993
[hold reg-reg] _21503_/Q -> _20802_/D : -1.160371
[hold reg-reg] _21503_/Q -> _21282_/D : -1.158064
[hold reg-reg] _21503_/Q -> _21314_/D : -1.156422
[hold reg-reg] _21503_/Q -> _21346_/D : -1.154936
[hold reg-reg] _21503_/Q -> _20642_/D : -1.154143
[hold reg-reg] _21503_/Q -> _20610_/D : -1.153975
[hold reg-reg] _21503_/Q -> _20546_/D : -1.153287
[hold reg-reg] _21474_/Q -> _20708_/D : -1.151427
[hold reg-reg] _21474_/Q -> _20676_/D : -1.151397
[hold reg-reg] _21503_/Q -> _20578_/D : -1.150825
[hold reg-reg] _21474_/Q -> _20772_/D : -1.150768
[hold reg-reg] _21474_/Q -> _20740_/D : -1.150696
[hold reg-reg] _21503_/Q -> _21410_/D : -1.150504
[hold reg-reg] _21503_/Q -> _21442_/D : -1.150477
[hold reg-reg] _21503_/Q -> _20482_/D : -1.150200
[hold reg-reg] _21503_/Q -> _20962_/D : -1.148532
[hold reg-reg] _21503_/Q -> _21026_/D : -1.148308
[hold reg-reg] _21474_/Q -> _20964_/D : -1.148020
[hold reg-reg] _21474_/Q -> _21028_/D : -1.146487
[hold reg-reg] _21503_/Q -> _21378_/D : -1.146359
[hold reg-reg] _21503_/Q -> _20514_/D : -1.141560
[hold reg-reg] _21474_/Q -> _20900_/D : -1.140210
[hold reg-reg] _21474_/Q -> _20932_/D : -1.140158
[hold reg-reg] _21503_/Q -> _20994_/D : -1.140149
[hold reg-reg] _21503_/Q -> _20898_/D : -1.139974
[hold reg-reg] _21503_/Q -> _21058_/D : -1.139714
[hold reg-reg] _21503_/Q -> _20930_/D : -1.139576
[hold reg-reg] _21474_/Q -> _20996_/D : -1.139446
[hold reg-reg] _21503_/Q -> _20866_/D : -1.139385
[hold reg-reg] _21503_/Q -> _20834_/D : -1.139309
[hold reg-reg] _21503_/Q -> _21218_/D : -1.139238
[hold reg-reg] _21503_/Q -> _21122_/D : -1.139194
[hold reg-reg] _21474_/Q -> _21412_/D : -1.139194
[hold reg-reg] _21474_/Q -> _21444_/D : -1.139094
[hold reg-reg] _21503_/Q -> _21090_/D : -1.139071
[hold reg-reg] _21503_/Q -> _21186_/D : -1.139016
[hold reg-reg] _21474_/Q -> _20484_/D : -1.138357
[hold reg-reg] _21474_/Q -> _21060_/D : -1.137444
[hold reg-reg] _21479_/Q -> _20969_/D : -1.136064
[hold reg-reg] _21474_/Q -> _21092_/D : -1.134653
[hold reg-reg] _21479_/Q -> _20777_/D : -1.134362
[hold reg-reg] _21474_/Q -> _21188_/D : -1.133776
[hold reg-reg] _21474_/Q -> _21124_/D : -1.133710
[hold reg-reg] _21479_/Q -> _20681_/D : -1.133660
[hold reg-reg] _21474_/Q -> _21220_/D : -1.133440
[hold reg-reg] _21479_/Q -> _20713_/D : -1.133154
[hold reg-reg] _21474_/Q -> _20580_/D : -1.130431
[hold reg-reg] _21474_/Q -> _20644_/D : -1.130401
[hold reg-reg] _21474_/Q -> _20868_/D : -1.130374
[hold reg-reg] _21474_/Q -> _20836_/D : -1.130344
[hold reg-reg] _21474_/Q -> _20516_/D : -1.129989
[hold reg-reg] _21474_/Q -> _20612_/D : -1.129793
[hold reg-reg] _21474_/Q -> _20548_/D : -1.129326
[hold reg-reg] _21479_/Q -> _21001_/D : -1.127598
[hold reg-reg] _21479_/Q -> _21065_/D : -1.127111
[hold reg-reg] _18402_/Q -> _20705_/D : -1.127043
[hold reg-reg] _18402_/Q -> _20769_/D : -1.126940
[hold reg-reg] _18402_/Q -> _20737_/D : -1.126928
[hold reg-reg] _21474_/Q -> _21156_/D : -1.126827
[hold reg-reg] _18402_/Q -> _20673_/D : -1.126825
[hold reg-reg] _21474_/Q -> _21252_/D : -1.126823
[hold reg-reg] _21474_/Q -> _20804_/D : -1.126290
[hold reg-reg] _21474_/Q -> _21284_/D : -1.126244
[hold reg-reg] _21474_/Q -> _21316_/D : -1.126216
[hold reg-reg] _21474_/Q -> _21348_/D : -1.124965
[hold reg-reg] _21476_/Q -> _21158_/D : -1.124203
[hold reg-reg] _21476_/Q -> _21254_/D : -1.124196
[hold reg-reg] _21476_/Q -> _20774_/D : -1.119950
[hold reg-reg] _21476_/Q -> _20710_/D : -1.119947
[hold reg-reg] _21482_/Q -> _21420_/D : -1.117696
[hold reg-reg] _21482_/Q -> _20492_/D : -1.117316
[hold reg-reg] _21480_/Q -> _20682_/D : -1.117071
[hold reg-reg] _21480_/Q -> _20714_/D : -1.117064
[hold reg-reg] _21474_/Q -> _21380_/D : -1.116423
[hold reg-reg] _21476_/Q -> _20870_/D : -1.115891
[hold reg-reg] _21476_/Q -> _20934_/D : -1.115858
[hold reg-reg] _21480_/Q -> _20746_/D : -1.115197
[hold reg-reg] _21480_/Q -> _20778_/D : -1.115184
[hold reg-reg] _18402_/Q -> _20801_/D : -1.113714
[hold reg-reg] _18402_/Q -> _21249_/D : -1.113477
[hold reg-reg] _18402_/Q -> _21153_/D : -1.113474
[hold reg-reg] _18402_/Q -> _21281_/D : -1.113140
[hold reg-reg] _18402_/Q -> _21313_/D : -1.112959
[hold reg-reg] _18402_/Q -> _21345_/D : -1.111992
[hold reg-reg] _21480_/Q -> _21354_/D : -1.111365
[hold reg-reg] _21482_/Q -> _21164_/D : -1.111129
[hold reg-reg] _21482_/Q -> _21260_/D : -1.111122
[hold reg-reg] _21482_/Q -> _20812_/D : -1.111109
[hold reg-reg] _21480_/Q -> _20874_/D : -1.109935
[hold reg-reg] _21480_/Q -> _20842_/D : -1.109918
[hold reg-reg] _21482_/Q -> _21452_/D : -1.109477
[hold reg-reg] _21480_/Q -> _20938_/D : -1.109472
[hold reg-reg] _21480_/Q -> _20970_/D : -1.109470
[hold reg-reg] _21482_/Q -> _21324_/D : -1.109429
[hold reg-reg] _21482_/Q -> _21292_/D : -1.109420
[hold reg-reg] _21480_/Q -> _20906_/D : -1.109418
[hold reg-reg] _21476_/Q -> _21414_/D : -1.109077
[hold reg-reg] _21476_/Q -> _20486_/D : -1.109038
[hold reg-reg] _21482_/Q -> _21356_/D : -1.108878
[hold reg-reg] _21476_/Q -> _21446_/D : -1.108376
[hold reg-reg] _21476_/Q -> _20966_/D : -1.108281
[hold reg-reg] _21482_/Q -> _20556_/D : -1.108154
[hold reg-reg] _21476_/Q -> _21030_/D : -1.107978
[hold reg-reg] _21482_/Q -> _20780_/D : -1.106475
[hold reg-reg] _21482_/Q -> _20748_/D : -1.106473
[hold reg-reg] _21482_/Q -> _20620_/D : -1.106445
[hold reg-reg] _21482_/Q -> _20588_/D : -1.105805
[hold reg-reg] _21482_/Q -> _20652_/D : -1.105770
[hold reg-reg] _18402_/Q -> _20961_/D : -1.105660
[hold reg-reg] _18402_/Q -> _21025_/D : -1.105580
[hold reg-reg] _18402_/Q -> _21121_/D : -1.104949
[hold reg-reg] _18402_/Q -> _21089_/D : -1.104935
[hold reg-reg] _18402_/Q -> _21377_/D : -1.103379
[hold reg-reg] _21476_/Q -> _21286_/D : -1.103066
[hold reg-reg] _21476_/Q -> _20678_/D : -1.102809
[hold reg-reg] _21476_/Q -> _21350_/D : -1.102682
[hold reg-reg] _21480_/Q -> _21386_/D : -1.102627
[hold reg-reg] _21476_/Q -> _21318_/D : -1.102539
[hold reg-reg] _21476_/Q -> _20742_/D : -1.102437
[hold reg-reg] _18402_/Q -> _20833_/D : -1.101670
[hold reg-reg] _18402_/Q -> _20897_/D : -1.101633
[hold reg-reg] _18402_/Q -> _20865_/D : -1.101602
[hold reg-reg] _21476_/Q -> _20806_/D : -1.101476
[hold reg-reg] _18402_/Q -> _20929_/D : -1.100988
[hold reg-reg] _21482_/Q -> _20524_/D : -1.100846
[hold reg-reg] _21480_/Q -> _21002_/D : -1.100723
[hold reg-reg] _18402_/Q -> _21217_/D : -1.100686
[hold reg-reg] _21482_/Q -> _21388_/D : -1.100439
[hold reg-reg] _18402_/Q -> _21185_/D : -1.100261
[hold reg-reg] _21482_/Q -> _21100_/D : -1.100251
[hold reg-reg] _21482_/Q -> _21196_/D : -1.099894
[hold reg-reg] _21482_/Q -> _21228_/D : -1.099878
[hold reg-reg] _21482_/Q -> _21132_/D : -1.099872
[hold reg-reg] _21476_/Q -> _20518_/D : -1.099799
[hold reg-reg] _21476_/Q -> _20646_/D : -1.099780
[hold reg-reg] _21476_/Q -> _21062_/D : -1.099773
[hold reg-reg] _21480_/Q -> _21418_/D : -1.099746
[hold reg-reg] _21476_/Q -> _20582_/D : -1.099721
[hold reg-reg] _21480_/Q -> _21450_/D : -1.099696
[hold reg-reg] _21476_/Q -> _20998_/D : -1.099631
[hold reg-reg] _21480_/Q -> _20490_/D : -1.099156
[hold reg-reg] _18402_/Q -> _20577_/D : -1.098895
[hold reg-reg] _18402_/Q -> _20545_/D : -1.098806
[hold reg-reg] _18402_/Q -> _20993_/D : -1.098075
[hold reg-reg] _18402_/Q -> _21057_/D : -1.097266
[hold reg-reg] _21480_/Q -> _20554_/D : -1.097124
[hold reg-reg] _21479_/Q -> _20489_/D : -1.096984
[hold reg-reg] _21480_/Q -> _20650_/D : -1.096927
[hold reg-reg] _21480_/Q -> _20586_/D : -1.096918
[hold reg-reg] _21480_/Q -> _20618_/D : -1.096849
[hold reg-reg] _21479_/Q -> _21449_/D : -1.096623
[hold reg-reg] _21479_/Q -> _21417_/D : -1.096572
[hold reg-reg] _21482_/Q -> _20716_/D : -1.096135
[hold reg-reg] _21482_/Q -> _20684_/D : -1.096128
[hold reg-reg] _21479_/Q -> _21161_/D : -1.095533
[hold reg-reg] _21479_/Q -> _21257_/D : -1.095520
[hold reg-reg] _21479_/Q -> _21353_/D : -1.094991
[hold reg-reg] _21476_/Q -> _20902_/D : -1.094659
[hold reg-reg] _21476_/Q -> _20550_/D : -1.094639
[hold reg-reg] _21476_/Q -> _20614_/D : -1.094602
[hold reg-reg] _21476_/Q -> _20838_/D : -1.094463
[hold reg-reg] _21476_/Q -> _21382_/D : -1.094159
[hold reg-reg] _21479_/Q -> _21321_/D : -1.094035
[hold reg-reg] _21476_/Q -> _21190_/D : -1.094000
[hold reg-reg] _21476_/Q -> _21222_/D : -1.093998
[hold reg-reg] _21479_/Q -> _21289_/D : -1.093950
[hold reg-reg] _21479_/Q -> _20809_/D : -1.093770
[hold reg-reg] _21479_/Q -> _20745_/D : -1.093490
[hold reg-reg] _21479_/Q -> _21033_/D : -1.093360
[hold reg-reg] _21480_/Q -> _21034_/D : -1.092943
[hold reg-reg] _21476_/Q -> _21094_/D : -1.092827
[hold reg-reg] _21476_/Q -> _21126_/D : -1.092760
[hold reg-reg] _21485_/Q -> _20751_/D : -1.092404
[hold reg-reg] _21485_/Q -> _20783_/D : -1.092328
[hold reg-reg] _21479_/Q -> _20553_/D : -1.091911
[hold reg-reg] _21479_/Q -> _21225_/D : -1.091753
[hold reg-reg] _21479_/Q -> _21097_/D : -1.091660
[hold reg-reg] _21479_/Q -> _21129_/D : -1.091530
[hold reg-reg] _21480_/Q -> _20522_/D : -1.090896
[hold reg-reg] _21479_/Q -> _20585_/D : -1.090324
[hold reg-reg] _21479_/Q -> _20649_/D : -1.090122
[hold reg-reg] _21479_/Q -> _20617_/D : -1.089603
[hold reg-reg] _21482_/Q -> _20876_/D : -1.088370
[hold reg-reg] _21482_/Q -> _20844_/D : -1.088344
[hold reg-reg] _21482_/Q -> _20908_/D : -1.088301
[hold reg-reg] _21482_/Q -> _20940_/D : -1.088257
[hold reg-reg] _21479_/Q -> _20521_/D : -1.088132
[hold reg-reg] _21485_/Q -> _21263_/D : -1.087118
[hold reg-reg] _21485_/Q -> _21167_/D : -1.087070
[hold reg-reg] _21485_/Q -> _20815_/D : -1.087029
[hold reg-reg] _21480_/Q -> _20810_/D : -1.086459
[hold reg-reg] _21480_/Q -> _21162_/D : -1.086438
[hold reg-reg] _21480_/Q -> _21322_/D : -1.086436
[hold reg-reg] _21480_/Q -> _21290_/D : -1.086390
[hold reg-reg] _21479_/Q -> _21385_/D : -1.086381
[hold reg-reg] _21480_/Q -> _21258_/D : -1.086294
[hold reg-reg] _21479_/Q -> _20841_/D : -1.085432
[hold reg-reg] _21479_/Q -> _20873_/D : -1.085096
[hold reg-reg] _21479_/Q -> _20937_/D : -1.085034
[hold reg-reg] _21479_/Q -> _20905_/D : -1.085029
[hold reg-reg] _21479_/Q -> _21193_/D : -1.084748
[hold reg-reg] _21480_/Q -> _21066_/D : -1.084354
[hold reg-reg] _21481_/Q -> _21419_/D : -1.084256
[hold reg-reg] _21481_/Q -> _21451_/D : -1.084137
[hold reg-reg] _21481_/Q -> _20491_/D : -1.083425
[hold reg-reg] _21485_/Q -> _20847_/D : -1.083308
[hold reg-reg] _21481_/Q -> _21323_/D : -1.083301
[hold reg-reg] _21481_/Q -> _21291_/D : -1.083293
[hold reg-reg] _21481_/Q -> _20747_/D : -1.082638
[hold reg-reg] _21481_/Q -> _20811_/D : -1.082563
[hold reg-reg] _21481_/Q -> _20779_/D : -1.082560
[hold reg-reg] _21485_/Q -> _20879_/D : -1.081475
[hold reg-reg] _21485_/Q -> _20943_/D : -1.081069
[hold reg-reg] _21485_/Q -> _20911_/D : -1.080867
[hold reg-reg] _21481_/Q -> _20683_/D : -1.080419
[hold reg-reg] _21481_/Q -> _20715_/D : -1.080339
[hold reg-reg] _21481_/Q -> _21355_/D : -1.079924
[hold reg-reg] _21481_/Q -> _20971_/D : -1.079917
[hold reg-reg] _21481_/Q -> _21259_/D : -1.079783
[hold reg-reg] _21481_/Q -> _21163_/D : -1.079782
[hold reg-reg] _21485_/Q -> _21359_/D : -1.079432
[hold reg-reg] _21481_/Q -> _20555_/D : -1.075522
[hold reg-reg] _21481_/Q -> _20587_/D : -1.075410
[hold reg-reg] _21481_/Q -> _20619_/D : -1.074753
[hold reg-reg] _21481_/Q -> _20523_/D : -1.074749
[hold reg-reg] _21481_/Q -> _20651_/D : -1.074683
[hold reg-reg] _20454_/Q -> _21396_/D : -1.073151
[hold reg-reg] _21481_/Q -> _20875_/D : -1.072854
[hold reg-reg] _21481_/Q -> _20843_/D : -1.072785
[hold reg-reg] _21481_/Q -> _20939_/D : -1.072033
[hold reg-reg] _21481_/Q -> _20907_/D : -1.071813
[hold reg-reg] _21481_/Q -> _21003_/D : -1.071580
[hold reg-reg] _21481_/Q -> _21387_/D : -1.071363
[hold reg-reg] _21481_/Q -> _21099_/D : -1.071186
[hold reg-reg] _21485_/Q -> _21391_/D : -1.070831
[hold reg-reg] _21485_/Q -> _20975_/D : -1.068033
[hold reg-reg] _21485_/Q -> _20719_/D : -1.068010
[hold reg-reg] _21485_/Q -> _21039_/D : -1.067578
[hold reg-reg] _21485_/Q -> _20687_/D : -1.067559
[hold reg-reg] _21485_/Q -> _21295_/D : -1.067448
[hold reg-reg] _21485_/Q -> _21327_/D : -1.067429
[hold reg-reg] _20454_/Q -> _21398_/D : -1.067411
[hold reg-reg] _20454_/Q -> _21406_/D : -1.066734
[hold reg-reg] _21482_/Q -> _20972_/D : -1.066599
[hold reg-reg] _21482_/Q -> _21036_/D : -1.066127
[hold reg-reg] _21480_/Q -> _21098_/D : -1.065800
[hold reg-reg] _21480_/Q -> _21130_/D : -1.065743
[hold reg-reg] _21480_/Q -> _21226_/D : -1.065573
[hold reg-reg] _21480_/Q -> _21194_/D : -1.065539
[hold reg-reg] _21478_/Q -> _21320_/D : -1.063015
[hold reg-reg] _21478_/Q -> _21288_/D : -1.062972
[hold reg-reg] _21485_/Q -> _21423_/D : -1.062876
[hold reg-reg] _21478_/Q -> _20680_/D : -1.062721
[hold reg-reg] _21478_/Q -> _20808_/D : -1.062721
[hold reg-reg] _21478_/Q -> _20744_/D : -1.062654
[hold reg-reg] _21478_/Q -> _21352_/D : -1.062618
[hold reg-reg] _21485_/Q -> _20495_/D : -1.062380
[hold reg-reg] _21485_/Q -> _21135_/D : -1.062201
[hold reg-reg] _21478_/Q -> _21160_/D : -1.061878
[hold reg-reg] _21478_/Q -> _21256_/D : -1.061872
[hold reg-reg] _21478_/Q -> _20776_/D : -1.061617
[hold reg-reg] _21485_/Q -> _21455_/D : -1.061560
[hold reg-reg] _21478_/Q -> _20712_/D : -1.061348
[hold reg-reg] _21478_/Q -> _21416_/D : -1.061292
[hold reg-reg] _21485_/Q -> _20559_/D : -1.060464
[hold reg-reg] _21485_/Q -> _20591_/D : -1.059762
[hold reg-reg] _21484_/Q -> _20974_/D : -1.059457
[hold reg-reg] _21485_/Q -> _21007_/D : -1.059350
[hold reg-reg] _21485_/Q -> _21071_/D : -1.059023
[hold reg-reg] _21485_/Q -> _21199_/D : -1.058931
[hold reg-reg] _21485_/Q -> _21231_/D : -1.058861
[hold reg-reg] _21484_/Q -> _21038_/D : -1.058856
[hold reg-reg] _21485_/Q -> _21103_/D : -1.058663
[hold reg-reg] _21484_/Q -> _21422_/D : -1.058577
[hold reg-reg] _21484_/Q -> _21454_/D : -1.058174
[hold reg-reg] _21482_/Q -> _21004_/D : -1.057948
[hold reg-reg] _21484_/Q -> _21326_/D : -1.057877
[hold reg-reg] _21484_/Q -> _21294_/D : -1.057828
[hold reg-reg] _21482_/Q -> _21068_/D : -1.057581
[hold reg-reg] _21485_/Q -> _20655_/D : -1.057281
[hold reg-reg] _21484_/Q -> _20494_/D : -1.057144
[hold reg-reg] _21484_/Q -> _21358_/D : -1.057035
[hold reg-reg] _21478_/Q -> _20904_/D : -1.055925
[hold reg-reg] _21478_/Q -> _20840_/D : -1.055398
[hold reg-reg] _21484_/Q -> _20686_/D : -1.055330
[hold reg-reg] _21484_/Q -> _20750_/D : -1.055261
[hold reg-reg] _21478_/Q -> _20936_/D : -1.054749
[hold reg-reg] _20454_/Q -> _20948_/D : -1.054533
[hold reg-reg] _21478_/Q -> _20872_/D : -1.054488
[hold reg-reg] _20454_/Q -> _21379_/D : -1.054415
[hold reg-reg] _21484_/Q -> _20718_/D : -1.054257
[hold reg-reg] _21484_/Q -> _20782_/D : -1.054191
[hold reg-reg] _21478_/Q -> _21384_/D : -1.054072
[hold reg-reg] _21475_/Q -> _20965_/D : -1.053202
[hold reg-reg] _21485_/Q -> _20527_/D : -1.053181
[hold reg-reg] _20454_/Q -> _21400_/D : -1.052806
[hold reg-reg] _21485_/Q -> _20623_/D : -1.052113
[hold reg-reg] _20454_/Q -> _20958_/D : -1.052019
[hold reg-reg] _21484_/Q -> _21166_/D : -1.051296
[hold reg-reg] _21484_/Q -> _21262_/D : -1.051294
[hold reg-reg] _21475_/Q -> _20869_/D : -1.051101
[hold reg-reg] _21475_/Q -> _20837_/D : -1.051074
[hold reg-reg] _21484_/Q -> _20814_/D : -1.050889
[hold reg-reg] _21484_/Q -> _21006_/D : -1.050774
[hold reg-reg] _21484_/Q -> _21070_/D : -1.050063
[hold reg-reg] _21484_/Q -> _21134_/D : -1.049717
[hold reg-reg] _21484_/Q -> _21102_/D : -1.049688
[hold reg-reg] _21484_/Q -> _20526_/D : -1.049429
[hold reg-reg] _21475_/Q -> _20933_/D : -1.049356
[hold reg-reg] _21475_/Q -> _20901_/D : -1.049292
[hold reg-reg] _20454_/Q -> _21402_/D : -1.049017
[hold reg-reg] _21475_/Q -> _21029_/D : -1.048903
[hold reg-reg] _21484_/Q -> _20590_/D : -1.048459
[hold reg-reg] _21484_/Q -> _21390_/D : -1.048454
[hold reg-reg] _21484_/Q -> _20654_/D : -1.048441
[hold reg-reg] _20454_/Q -> _21403_/D : -1.048347
[hold reg-reg] _20454_/Q -> _21395_/D : -1.048285
[hold reg-reg] _21484_/Q -> _21230_/D : -1.048029
[hold reg-reg] _21484_/Q -> _21198_/D : -1.047990
[hold reg-reg] _21484_/Q -> _20558_/D : -1.047798
[hold reg-reg] _21484_/Q -> _20622_/D : -1.047772
[hold reg-reg] _21481_/Q -> _21035_/D : -1.047630
[hold reg-reg] _20454_/Q -> _21392_/D : -1.047253
[hold reg-reg] _21484_/Q -> _20846_/D : -1.047010
[hold reg-reg] _20454_/Q -> _21389_/D : -1.046359
[hold reg-reg] _21484_/Q -> _20878_/D : -1.046121
[hold reg-reg] _21484_/Q -> _20910_/D : -1.044761
[hold reg-reg] _21475_/Q -> _20997_/D : -1.044757
[hold reg-reg] _21484_/Q -> _20942_/D : -1.044645
[hold reg-reg] _21496_/Q -> _21434_/D : -1.044343
[hold reg-reg] _21496_/Q -> _20506_/D : -1.044256
[hold reg-reg] _21496_/Q -> _20986_/D : -1.043762
[hold reg-reg] _21475_/Q -> _21413_/D : -1.043292
[hold reg-reg] _21496_/Q -> _21050_/D : -1.043185
[hold reg-reg] _21475_/Q -> _21445_/D : -1.043011
[hold reg-reg] _21496_/Q -> _20762_/D : -1.042690
[hold reg-reg] _21496_/Q -> _20698_/D : -1.042483
[hold reg-reg] _20454_/Q -> _21408_/D : -1.040897
[hold reg-reg] _21475_/Q -> _21061_/D : -1.040137
[hold reg-reg] _21481_/Q -> _21067_/D : -1.039252
[hold reg-reg] _21481_/Q -> _21195_/D : -1.039112
[hold reg-reg] _21481_/Q -> _21131_/D : -1.039053
[hold reg-reg] _21481_/Q -> _21227_/D : -1.039021
[hold reg-reg] _21475_/Q -> _20485_/D : -1.037648
[hold reg-reg] _21496_/Q -> _21306_/D : -1.036957
[hold reg-reg] _21496_/Q -> _21338_/D : -1.036954
[hold reg-reg] _21496_/Q -> _21178_/D : -1.036938
[hold reg-reg] _21496_/Q -> _20826_/D : -1.036932
[hold reg-reg] _21496_/Q -> _21274_/D : -1.036932
[hold reg-reg] _21496_/Q -> _21466_/D : -1.036508
[hold reg-reg] _21496_/Q -> _20730_/D : -1.036373
[hold reg-reg] _21496_/Q -> _20794_/D : -1.036304
[hold reg-reg] _21496_/Q -> _21370_/D : -1.036248
[hold reg-reg] _21475_/Q -> _21093_/D : -1.035572
[hold reg-reg] _21496_/Q -> _20634_/D : -1.035376
[hold reg-reg] _21496_/Q -> _20570_/D : -1.035223
[hold reg-reg] _21475_/Q -> _21125_/D : -1.035188
[hold reg-reg] _21496_/Q -> _21018_/D : -1.034852
[hold reg-reg] _21475_/Q -> _21189_/D : -1.034621
[hold reg-reg] _21496_/Q -> _21082_/D : -1.034570
[hold reg-reg] _21475_/Q -> _21221_/D : -1.034138
[hold reg-reg] _20454_/Q -> _20954_/D : -1.034135
[hold reg-reg] _21496_/Q -> _21210_/D : -1.033852
[hold reg-reg] _21496_/Q -> _21242_/D : -1.033694
[hold reg-reg] _20454_/Q -> _20947_/D : -1.033198
[hold reg-reg] _21475_/Q -> _21157_/D : -1.030225
[hold reg-reg] _21475_/Q -> _21253_/D : -1.030129
[hold reg-reg] _20454_/Q -> _20952_/D : -1.029983
[hold reg-reg] _21475_/Q -> _20709_/D : -1.029800
[hold reg-reg] _21475_/Q -> _20677_/D : -1.029786
[hold reg-reg] _21475_/Q -> _20517_/D : -1.029155
[hold reg-reg] _20454_/Q -> _20941_/D : -1.028962
[hold reg-reg] _21496_/Q -> _20890_/D : -1.028264
[hold reg-reg] _20454_/Q -> _20960_/D : -1.028138
[hold reg-reg] _21496_/Q -> _20538_/D : -1.028017
[hold reg-reg] _21475_/Q -> _20805_/D : -1.027800
[hold reg-reg] _21496_/Q -> _21114_/D : -1.027519
[hold reg-reg] _21496_/Q -> _21146_/D : -1.027470
[hold reg-reg] _21496_/Q -> _20666_/D : -1.027164
[hold reg-reg] _21496_/Q -> _20858_/D : -1.027134
[hold reg-reg] _21475_/Q -> _20773_/D : -1.027086
[hold reg-reg] _21496_/Q -> _20602_/D : -1.027070
[hold reg-reg] _21496_/Q -> _20922_/D : -1.027010
[hold reg-reg] _21475_/Q -> _20741_/D : -1.027008
[hold reg-reg] _20454_/Q -> _20949_/D : -1.025766
[hold reg-reg] _20454_/Q -> _21404_/D : -1.022110
[hold reg-reg] _20454_/Q -> _21405_/D : -1.022046
[hold reg-reg] _20454_/Q -> _21399_/D : -1.021979
[hold reg-reg] _20454_/Q -> _21401_/D : -1.021885
[hold reg-reg] _20454_/Q -> _20935_/D : -1.020046
[hold reg-reg] _21475_/Q -> _20613_/D : -1.019723
[hold reg-reg] _21475_/Q -> _20645_/D : -1.019505
[hold reg-reg] _20454_/Q -> _21407_/D : -1.019052
[hold reg-reg] _20454_/Q -> _21393_/D : -1.017563
[hold reg-reg] _20454_/Q -> _20957_/D : -1.009406
[hold reg-reg] _20454_/Q -> _21383_/D : -1.008626
[hold reg-reg] _20454_/Q -> _21397_/D : -1.007511
[hold reg-reg] _20454_/Q -> _21394_/D : -1.005860
[hold reg-reg] _20454_/Q -> _20956_/D : -1.005231
[hold reg-reg] _20456_/Q -> _20852_/D : -1.004905
[hold reg-reg] _20454_/Q -> _20950_/D : -1.003166
[hold reg-reg] _20456_/Q -> _20862_/D : -1.002501
[hold reg-reg] _21475_/Q -> _21349_/D : -1.002437
[hold reg-reg] _20454_/Q -> _20951_/D : -1.002235
[hold reg-reg] _20454_/Q -> _20945_/D : -1.001705
[hold reg-reg] _21475_/Q -> _21317_/D : -1.001622
[hold reg-reg] _21475_/Q -> _21285_/D : -1.001375
[hold reg-reg] _20454_/Q -> _20953_/D : -1.001183
[hold reg-reg] _20454_/Q -> _20955_/D : -0.999941
[hold reg-reg] _20454_/Q -> _20931_/D : -0.999380
[hold reg-reg] _20458_/Q -> _20884_/D : -0.996021
[hold reg-reg] _21475_/Q -> _21381_/D : -0.993760
[hold reg-reg] _20458_/Q -> _20894_/D : -0.993360
[hold reg-reg] _21475_/Q -> _20549_/D : -0.993216
[hold reg-reg] _21475_/Q -> _20581_/D : -0.993149
[hold reg-reg] _20454_/Q -> _20660_/D : -0.989694
[hold reg-reg] _20454_/Q -> _20662_/D : -0.988811
[hold reg-reg] _20478_/Q -> _21344_/D : -0.987649
[hold reg-reg] _20478_/Q -> _21312_/D : -0.987615
[hold reg-reg] _20478_/Q -> _21440_/D : -0.987345
[hold reg-reg] _20478_/Q -> _20832_/D : -0.987292
[hold reg-reg] _20478_/Q -> _21472_/D : -0.987123
[hold reg-reg] _20478_/Q -> _21376_/D : -0.987107
[hold reg-reg] _20478_/Q -> _20768_/D : -0.986979
[hold reg-reg] _20478_/Q -> _21184_/D : -0.986864
[hold reg-reg] _20478_/Q -> _21280_/D : -0.986857
[hold reg-reg] _20456_/Q -> _20835_/D : -0.986651
[hold reg-reg] _20478_/Q -> _20704_/D : -0.986173
[hold reg-reg] _20478_/Q -> _20800_/D : -0.986018
[hold reg-reg] _20478_/Q -> _20512_/D : -0.985976
[hold reg-reg] _20478_/Q -> _20736_/D : -0.985905
[hold reg-reg] _20478_/Q -> _20992_/D : -0.984576
[hold reg-reg] _20456_/Q -> _20916_/D : -0.983645
[hold reg-reg] _20478_/Q -> _21056_/D : -0.983590
[hold reg-reg] _20456_/Q -> _20851_/D : -0.983288
[hold reg-reg] _20456_/Q -> _20859_/D : -0.981126
[hold reg-reg] _20456_/Q -> _20926_/D : -0.980666
[hold reg-reg] _20456_/Q -> _21140_/D : -0.980133
[hold reg-reg] _20456_/Q -> _20845_/D : -0.979821
[hold reg-reg] _21500_/Q -> _20734_/D : -0.979481
[hold reg-reg] _21500_/Q -> _20798_/D : -0.979368
[hold reg-reg] _20456_/Q -> _20856_/D : -0.978767
[hold reg-reg] _20458_/Q -> _20867_/D : -0.978206
[hold reg-reg] _21500_/Q -> _21342_/D : -0.977742
[hold reg-reg] _21500_/Q -> _21310_/D : -0.977689
[hold reg-reg] _21500_/Q -> _20766_/D : -0.977440
[hold reg-reg] _20478_/Q -> _20640_/D : -0.977311
[hold reg-reg] _20478_/Q -> _20928_/D : -0.977058
[hold reg-reg] _20478_/Q -> _20544_/D : -0.976987
[hold reg-reg] _21500_/Q -> _20702_/D : -0.976909
[hold reg-reg] _21500_/Q -> _21374_/D : -0.976673
[hold reg-reg] _20478_/Q -> _20864_/D : -0.976609
[hold reg-reg] _21500_/Q -> _20830_/D : -0.976522
[hold reg-reg] _20478_/Q -> _20672_/D : -0.976375
[hold reg-reg] _20478_/Q -> _20896_/D : -0.976343
[hold reg-reg] _20478_/Q -> _20608_/D : -0.976291
[hold reg-reg] _20478_/Q -> _20576_/D : -0.976273
[hold reg-reg] _21500_/Q -> _21182_/D : -0.976176
[hold reg-reg] _21500_/Q -> _21278_/D : -0.976172
[hold reg-reg] _20454_/Q -> _20946_/D : -0.975918
[hold reg-reg] _20478_/Q -> _21120_/D : -0.975552
[hold reg-reg] _20478_/Q -> _21216_/D : -0.975069
[hold reg-reg] _20458_/Q -> _20883_/D : -0.975042
[hold reg-reg] _20454_/Q -> _21236_/D : -0.974275
[hold reg-reg] _20478_/Q -> _21088_/D : -0.974259
[hold reg-reg] _20454_/Q -> _21238_/D : -0.974019
[hold reg-reg] _20454_/Q -> _20659_/D : -0.973987
[hold reg-reg] _20478_/Q -> _21152_/D : -0.973941
[hold reg-reg] _20458_/Q -> _20880_/D : -0.973753
[hold reg-reg] _20454_/Q -> _21246_/D : -0.973431
[hold reg-reg] _20478_/Q -> _21248_/D : -0.973097
[hold reg-reg] _20454_/Q -> _20959_/D : -0.973046
[hold reg-reg] _20478_/Q -> _21024_/D : -0.972797
[hold reg-reg] _20456_/Q -> _20853_/D : -0.971960
[hold reg-reg] _20454_/Q -> _20532_/D : -0.971722
[hold reg-reg] _20454_/Q -> _20670_/D : -0.971051
[hold reg-reg] _21483_/Q -> _21037_/D : -0.970985
[hold reg-reg] _21500_/Q -> _21118_/D : -0.970578
[hold reg-reg] _20456_/Q -> _21142_/D : -0.969957
[hold reg-reg] _20458_/Q -> _20888_/D : -0.969928
[hold reg-reg] _21500_/Q -> _21150_/D : -0.969514
[hold reg-reg] _20454_/Q -> _20534_/D : -0.969102
[hold reg-reg] _21500_/Q -> _21214_/D : -0.968978
[hold reg-reg] _20458_/Q -> _20877_/D : -0.968583
[hold reg-reg] _20454_/Q -> _21240_/D : -0.968400
[hold reg-reg] _20458_/Q -> _20885_/D : -0.965583
[hold reg-reg] _20454_/Q -> _21084_/D : -0.965549
[hold reg-reg] _20456_/Q -> _21144_/D : -0.964810
[hold reg-reg] _21483_/Q -> _21421_/D : -0.964214
[hold reg-reg] _20456_/Q -> _20923_/D : -0.963649
[hold reg-reg] _20454_/Q -> _21235_/D : -0.963214
[hold reg-reg] _20454_/Q -> _20664_/D : -0.963080
[hold reg-reg] _21483_/Q -> _21069_/D : -0.962736
[hold reg-reg] _20454_/Q -> _20653_/D : -0.962592
[hold reg-reg] _21483_/Q -> _21293_/D : -0.962441
[hold reg-reg] _21483_/Q -> _21325_/D : -0.962396
[hold reg-reg] _21483_/Q -> _21357_/D : -0.962240
[hold reg-reg] _21483_/Q -> _20973_/D : -0.962089
[hold reg-reg] _20456_/Q -> _20915_/D : -0.961988
[hold reg-reg] _21483_/Q -> _20685_/D : -0.961824
[hold reg-reg] _21483_/Q -> _20749_/D : -0.961814
[hold reg-reg] _21500_/Q -> _21054_/D : -0.961322
[hold reg-reg] _21500_/Q -> _20990_/D : -0.961284
[hold reg-reg] _21500_/Q -> _21438_/D : -0.961027
[hold reg-reg] _20456_/Q -> _20839_/D : -0.960958
[hold reg-reg] _21500_/Q -> _21470_/D : -0.960954
[hold reg-reg] _20454_/Q -> _21229_/D : -0.960668
[hold reg-reg] _20456_/Q -> _20920_/D : -0.960503
[hold reg-reg] _21483_/Q -> _21101_/D : -0.960444
[hold reg-reg] _21498_/Q -> _20988_/D : -0.960259
[hold reg-reg] _21500_/Q -> _20510_/D : -0.960252
[hold reg-reg] _21489_/Q -> _20691_/D : -0.960045
[hold reg-reg] _21483_/Q -> _21133_/D : -0.960004
[hold reg-reg] _21489_/Q -> _20755_/D : -0.959824
[hold reg-reg] _21489_/Q -> _21427_/D : -0.959815
[hold reg-reg] _21489_/Q -> _20787_/D : -0.959774
[hold reg-reg] _21489_/Q -> _21043_/D : -0.959744
[hold reg-reg] _21489_/Q -> _20723_/D : -0.959718
[hold reg-reg] _21489_/Q -> _20979_/D : -0.959554
[hold reg-reg] _21489_/Q -> _20819_/D : -0.958972
[hold reg-reg] _21489_/Q -> _21267_/D : -0.958508
[hold reg-reg] _21489_/Q -> _21171_/D : -0.958506
[hold reg-reg] _21489_/Q -> _21363_/D : -0.958025
[hold reg-reg] _20456_/Q -> _20909_/D : -0.957849
[hold reg-reg] _21483_/Q -> _21197_/D : -0.957215
[hold reg-reg] _21492_/Q -> _21462_/D : -0.957149
[hold reg-reg] _21492_/Q -> _21430_/D : -0.957146
[hold reg-reg] _21489_/Q -> _21331_/D : -0.956680
[hold reg-reg] _21483_/Q -> _21453_/D : -0.956671
[hold reg-reg] _21492_/Q -> _20982_/D : -0.956653
[hold reg-reg] _21489_/Q -> _21299_/D : -0.956652
[hold reg-reg] _21492_/Q -> _21174_/D : -0.956623
[hold reg-reg] _21492_/Q -> _21270_/D : -0.956591
[hold reg-reg] _20456_/Q -> _21139_/D : -0.956588
[hold reg-reg] _21492_/Q -> _21046_/D : -0.955856
[hold reg-reg] _21492_/Q -> _21302_/D : -0.955730
[hold reg-reg] _21492_/Q -> _20822_/D : -0.955705
[hold reg-reg] _21492_/Q -> _20502_/D : -0.955639
[hold reg-reg] _21492_/Q -> _21334_/D : -0.955533
[hold reg-reg] _21495_/Q -> _21177_/D : -0.955389
[hold reg-reg] _21495_/Q -> _21273_/D : -0.955337
[hold reg-reg] _21495_/Q -> _20825_/D : -0.955231
[hold reg-reg] _21495_/Q -> _21337_/D : -0.955213
[hold reg-reg] _21495_/Q -> _21305_/D : -0.955193
[hold reg-reg] _21492_/Q -> _21366_/D : -0.955147
[hold reg-reg] _21492_/Q -> _20790_/D : -0.955010
[hold reg-reg] _21495_/Q -> _21369_/D : -0.954710
[hold reg-reg] _20454_/Q -> _21076_/D : -0.954515
[hold reg-reg] _21492_/Q -> _20758_/D : -0.954325
[hold reg-reg] _20454_/Q -> _21078_/D : -0.954316
[hold reg-reg] _21492_/Q -> _20694_/D : -0.954266
[hold reg-reg] _21495_/Q -> _20729_/D : -0.954264
[hold reg-reg] _21483_/Q -> _20781_/D : -0.954246
[hold reg-reg] _21497_/Q -> _21275_/D : -0.954243
[hold reg-reg] _21497_/Q -> _21179_/D : -0.954158
[hold reg-reg] _21483_/Q -> _20717_/D : -0.954095
[hold reg-reg] _21483_/Q -> _20813_/D : -0.954058
[hold reg-reg] _21495_/Q -> _20793_/D : -0.954048
[hold reg-reg] _21495_/Q -> _20985_/D : -0.953781
[hold reg-reg] _21483_/Q -> _21005_/D : -0.953703
[hold reg-reg] _20456_/Q -> _20854_/D : -0.953692
[hold reg-reg] _21497_/Q -> _21371_/D : -0.953635
[hold reg-reg] _20456_/Q -> _20860_/D : -0.953627
[hold reg-reg] _21495_/Q -> _21049_/D : -0.952996
[hold reg-reg] _21497_/Q -> _20763_/D : -0.952989
[hold reg-reg] _21495_/Q -> _20761_/D : -0.952976
[hold reg-reg] _21495_/Q -> _20697_/D : -0.952909
[hold reg-reg] _21497_/Q -> _20827_/D : -0.952884
[hold reg-reg] _21500_/Q -> _21022_/D : -0.952747
[hold reg-reg] _21497_/Q -> _20699_/D : -0.952742
[hold reg-reg] _21500_/Q -> _21086_/D : -0.952731
[hold reg-reg] _21497_/Q -> _21339_/D : -0.952674
[hold reg-reg] _21497_/Q -> _21307_/D : -0.952593
[hold reg-reg] _20454_/Q -> _20542_/D : -0.952412
[hold reg-reg] _20456_/Q -> _20849_/D : -0.952237
[hold reg-reg] _21478_/Q -> _20968_/D : -0.952005
[hold reg-reg] _21500_/Q -> _20606_/D : -0.951918
[hold reg-reg] _20456_/Q -> _20861_/D : -0.951779
[hold reg-reg] _21498_/Q -> _21020_/D : -0.951683
[hold reg-reg] _21489_/Q -> _20563_/D : -0.951449
[hold reg-reg] _20456_/Q -> _20857_/D : -0.951342
[hold reg-reg] _21489_/Q -> _21075_/D : -0.951109
[hold reg-reg] _20456_/Q -> _20917_/D : -0.950982
[hold reg-reg] _21489_/Q -> _20627_/D : -0.950857
[hold reg-reg] _21478_/Q -> _21032_/D : -0.950857
[hold reg-reg] _20458_/Q -> _20871_/D : -0.950781
[hold reg-reg] _21489_/Q -> _20595_/D : -0.950692
[hold reg-reg] _21478_/Q -> _21448_/D : -0.950596
[hold reg-reg] _20456_/Q -> _20855_/D : -0.950445
[hold reg-reg] _21489_/Q -> _21011_/D : -0.950324
[hold reg-reg] _21478_/Q -> _20488_/D : -0.949834
[hold reg-reg] _21489_/Q -> _21107_/D : -0.949770
[hold reg-reg] _21489_/Q -> _21203_/D : -0.949747
[hold reg-reg] _21492_/Q -> _20566_/D : -0.948347
[hold reg-reg] _21492_/Q -> _20598_/D : -0.948253
[hold reg-reg] _21492_/Q -> _21014_/D : -0.948253
[hold reg-reg] _21483_/Q -> _20589_/D : -0.947789
[hold reg-reg] _21492_/Q -> _21206_/D : -0.947711
[hold reg-reg] _21492_/Q -> _20630_/D : -0.947708
[hold reg-reg] _21492_/Q -> _21110_/D : -0.947303
[hold reg-reg] _20454_/Q -> _20668_/D : -0.947290
[hold reg-reg] _21483_/Q -> _20557_/D : -0.947120
[hold reg-reg] _20454_/Q -> _20643_/D : -0.947031
[hold reg-reg] _21498_/Q -> _21468_/D : -0.946748
[hold reg-reg] _21483_/Q -> _20621_/D : -0.946704
[hold reg-reg] _21498_/Q -> _21436_/D : -0.946672
[hold reg-reg] _21498_/Q -> _21180_/D : -0.946370
[hold reg-reg] _21498_/Q -> _21276_/D : -0.946359
[hold reg-reg] _21498_/Q -> _21340_/D : -0.946054
[hold reg-reg] _21498_/Q -> _21308_/D : -0.946034
[hold reg-reg] _20454_/Q -> _20536_/D : -0.945837
[hold reg-reg] _21495_/Q -> _21113_/D : -0.945835
[hold reg-reg] _20454_/Q -> _21059_/D : -0.945732
[hold reg-reg] _21500_/Q -> _20638_/D : -0.945709
[hold reg-reg] _21500_/Q -> _20574_/D : -0.945706
[hold reg-reg] _21495_/Q -> _21145_/D : -0.945651
[hold reg-reg] _21495_/Q -> _21241_/D : -0.945642
[hold reg-reg] _20458_/Q -> _20892_/D : -0.945599
[hold reg-reg] _21495_/Q -> _21209_/D : -0.945478
[hold reg-reg] _21495_/Q -> _21017_/D : -0.945237
[hold reg-reg] _21495_/Q -> _21081_/D : -0.945217
[hold reg-reg] _21490_/Q -> _21460_/D : -0.944947
[hold reg-reg] _20458_/Q -> _20886_/D : -0.944789
[hold reg-reg] _21490_/Q -> _21364_/D : -0.944690
[hold reg-reg] _20454_/Q -> _20667_/D : -0.944599
[hold reg-reg] _21490_/Q -> _20820_/D : -0.944580
[hold reg-reg] _21490_/Q -> _20788_/D : -0.944556
[hold reg-reg] _21490_/Q -> _20724_/D : -0.944137
[hold reg-reg] _21478_/Q -> _21000_/D : -0.943992
[hold reg-reg] _21490_/Q -> _20692_/D : -0.943983
[hold reg-reg] _21490_/Q -> _20756_/D : -0.943897
[hold reg-reg] _21490_/Q -> _21044_/D : -0.943656
[hold reg-reg] _21490_/Q -> _20980_/D : -0.943624
[hold reg-reg] _21478_/Q -> _21224_/D : -0.943375
[hold reg-reg] _21478_/Q -> _21096_/D : -0.943174
[hold reg-reg] _21478_/Q -> _21192_/D : -0.942890
[hold reg-reg] _21495_/Q -> _20889_/D : -0.942824
[hold reg-reg] _21478_/Q -> _21128_/D : -0.942624
[hold reg-reg] _21478_/Q -> _21064_/D : -0.942503
[hold reg-reg] _20458_/Q -> _20881_/D : -0.942480
[hold reg-reg] _21495_/Q -> _20921_/D : -0.942302
[hold reg-reg] _20458_/Q -> _20887_/D : -0.942066
[hold reg-reg] _20454_/Q -> _21239_/D : -0.941816
[hold reg-reg] _20458_/Q -> _20891_/D : -0.941730
[hold reg-reg] _21478_/Q -> _20616_/D : -0.941402
[hold reg-reg] _21478_/Q -> _20648_/D : -0.941370
[hold reg-reg] _21478_/Q -> _20584_/D : -0.941311
[hold reg-reg] _21478_/Q -> _20520_/D : -0.941299
[hold reg-reg] _21478_/Q -> _20552_/D : -0.941252
[hold reg-reg] _20454_/Q -> _21080_/D : -0.940332
[hold reg-reg] _20456_/Q -> _20903_/D : -0.938115
[hold reg-reg] _21498_/Q -> _20604_/D : -0.937865
[hold reg-reg] _21498_/Q -> _20572_/D : -0.937762
[hold reg-reg] _20454_/Q -> _20663_/D : -0.937463
[hold reg-reg] _21490_/Q -> _21108_/D : -0.936778
[hold reg-reg] _21490_/Q -> _20596_/D : -0.935852
[hold reg-reg] _21490_/Q -> _20628_/D : -0.935724
[hold reg-reg] _21490_/Q -> _20564_/D : -0.935573
[hold reg-reg] _21490_/Q -> _21204_/D : -0.935305
[hold reg-reg] _21490_/Q -> _21012_/D : -0.934858
[hold reg-reg] _20454_/Q -> _21243_/D : -0.933222
[hold reg-reg] _20456_/Q -> _21143_/D : -0.932916
[hold reg-reg] _20456_/Q -> _20913_/D : -0.932511
[hold reg-reg] _20456_/Q -> _20924_/D : -0.932253
[hold reg-reg] _20456_/Q -> _20925_/D : -0.932147
[hold reg-reg] _20456_/Q -> _20918_/D : -0.932104
[hold reg-reg] _20454_/Q -> _21237_/D : -0.931888
[hold reg-reg] _20456_/Q -> _20919_/D : -0.931120
[hold reg-reg] _21483_/Q -> _20493_/D : -0.931104
[hold reg-reg] _21490_/Q -> _21268_/D : -0.930765
[hold reg-reg] _21490_/Q -> _21172_/D : -0.930754
[hold reg-reg] _21490_/Q -> _21300_/D : -0.930518
[hold reg-reg] _20454_/Q -> _20519_/D : -0.930443
[hold reg-reg] _21490_/Q -> _21332_/D : -0.930347
[hold reg-reg] _21490_/Q -> _20500_/D : -0.930182
[hold reg-reg] _21490_/Q -> _21428_/D : -0.930065
[hold reg-reg] _20456_/Q -> _21148_/D : -0.929992
[hold reg-reg] _20454_/Q -> _21233_/D : -0.929509
[hold reg-reg] _21489_/Q -> _20499_/D : -0.929347
[hold reg-reg] _21489_/Q -> _21459_/D : -0.929347
[hold reg-reg] _20456_/Q -> _21141_/D : -0.928432
[hold reg-reg] _20454_/Q -> _20539_/D : -0.928051
[hold reg-reg] _20456_/Q -> _21147_/D : -0.928011
[hold reg-reg] _20454_/Q -> _20531_/D : -0.928010
[hold reg-reg] _20456_/Q -> _20899_/D : -0.927797
[hold reg-reg] _20456_/Q -> _20850_/D : -0.926708
[hold reg-reg] _21497_/Q -> _21467_/D : -0.925780
[hold reg-reg] _21497_/Q -> _21435_/D : -0.925521
[hold reg-reg] _21497_/Q -> _20507_/D : -0.925294
[hold reg-reg] _20454_/Q -> _21244_/D : -0.924949
[hold reg-reg] _20456_/Q -> _20863_/D : -0.923011
[hold reg-reg] _20454_/Q -> _21219_/D : -0.922968
[hold reg-reg] _21483_/Q -> _20525_/D : -0.922558
[hold reg-reg] _21483_/Q -> _21261_/D : -0.922311
[hold reg-reg] _21483_/Q -> _21165_/D : -0.922302
[hold reg-reg] _21497_/Q -> _21051_/D : -0.921238
[hold reg-reg] _20454_/Q -> _20671_/D : -0.921220
[hold reg-reg] _20454_/Q -> _20661_/D : -0.921110
[hold reg-reg] _20454_/Q -> _20535_/D : -0.921093
[hold reg-reg] _21497_/Q -> _20987_/D : -0.920965
[hold reg-reg] _20454_/Q -> _20944_/D : -0.920961
[hold reg-reg] _20456_/Q -> _21123_/D : -0.920688
[hold reg-reg] _21497_/Q -> _20795_/D : -0.920341
[hold reg-reg] _20454_/Q -> _20540_/D : -0.920176
[hold reg-reg] _21497_/Q -> _20731_/D : -0.920055
[hold reg-reg] _20454_/Q -> _20515_/D : -0.917927
[hold reg-reg] _20458_/Q -> _20882_/D : -0.917815
[hold reg-reg] _21497_/Q -> _20635_/D : -0.917035
[hold reg-reg] _20454_/Q -> _21079_/D : -0.917026
[hold reg-reg] _21497_/Q -> _20603_/D : -0.916739
[hold reg-reg] _21497_/Q -> _20571_/D : -0.916462
[hold reg-reg] _21497_/Q -> _21019_/D : -0.916433
[hold reg-reg] _21497_/Q -> _21083_/D : -0.916351
[hold reg-reg] _20454_/Q -> _20658_/D : -0.915717
[hold reg-reg] _20458_/Q -> _20895_/D : -0.914799
[hold reg-reg] _21494_/Q -> _21176_/D : -0.914097
[hold reg-reg] _21494_/Q -> _21272_/D : -0.914081
[hold reg-reg] _20454_/Q -> _21077_/D : -0.914056
[hold reg-reg] _20454_/Q -> _21223_/D : -0.912817
[hold reg-reg] _21497_/Q -> _21115_/D : -0.912562
[hold reg-reg] _21499_/Q -> _20829_/D : -0.912193
[hold reg-reg] _21499_/Q -> _21373_/D : -0.912191
[hold reg-reg] _21497_/Q -> _21211_/D : -0.912060
[hold reg-reg] _21494_/Q -> _21336_/D : -0.911690
[hold reg-reg] _21494_/Q -> _21304_/D : -0.911633
[hold reg-reg] _21499_/Q -> _20797_/D : -0.911314
[hold reg-reg] _21499_/Q -> _20733_/D : -0.911300
[hold reg-reg] _21499_/Q -> _21309_/D : -0.911209
[hold reg-reg] _21499_/Q -> _21341_/D : -0.911188
[hold reg-reg] _21499_/Q -> _21277_/D : -0.910925
[hold reg-reg] _20454_/Q -> _20647_/D : -0.910891
[hold reg-reg] _21499_/Q -> _21181_/D : -0.910738
[hold reg-reg] _21499_/Q -> _20701_/D : -0.910163
[hold reg-reg] _21499_/Q -> _20765_/D : -0.910163
[hold reg-reg] _21498_/Q -> _20828_/D : -0.909992
[hold reg-reg] _20454_/Q -> _21247_/D : -0.909866
[hold reg-reg] _21498_/Q -> _20732_/D : -0.909857
[hold reg-reg] _21498_/Q -> _20796_/D : -0.909790
[hold reg-reg] _21498_/Q -> _21372_/D : -0.909777
[hold reg-reg] _20456_/Q -> _21127_/D : -0.909619
[hold reg-reg] _21498_/Q -> _20508_/D : -0.909520
[hold reg-reg] _21498_/Q -> _20764_/D : -0.909196
[hold reg-reg] _21498_/Q -> _21052_/D : -0.909020
[hold reg-reg] _21498_/Q -> _20700_/D : -0.908850
[hold reg-reg] _21494_/Q -> _21016_/D : -0.907976
[hold reg-reg] _21494_/Q -> _21048_/D : -0.907484
[hold reg-reg] _21494_/Q -> _20984_/D : -0.907471
[hold reg-reg] _21494_/Q -> _20824_/D : -0.907136
[hold reg-reg] _20454_/Q -> _21234_/D : -0.906930
[hold reg-reg] _21494_/Q -> _21368_/D : -0.906859
[hold reg-reg] _21492_/Q -> _20726_/D : -0.906136
[hold reg-reg] _20456_/Q -> _20914_/D : -0.905313
[hold reg-reg] _21494_/Q -> _20728_/D : -0.904981
[hold reg-reg] _20454_/Q -> _20543_/D : -0.904882
[hold reg-reg] _21488_/Q -> _21298_/D : -0.904713
[hold reg-reg] _21488_/Q -> _21330_/D : -0.904047
[hold reg-reg] _21491_/Q -> _20789_/D : -0.902777
[hold reg-reg] _21491_/Q -> _20725_/D : -0.902707
[hold reg-reg] _21491_/Q -> _21173_/D : -0.902556
[hold reg-reg] _21491_/Q -> _21269_/D : -0.902556
[hold reg-reg] _20456_/Q -> _20927_/D : -0.902544
[hold reg-reg] _20454_/Q -> _21087_/D : -0.901796
[hold reg-reg] _20456_/Q -> _21151_/D : -0.901554
[hold reg-reg] _21498_/Q -> _20636_/D : -0.901270
[hold reg-reg] _21488_/Q -> _21362_/D : -0.900771
[hold reg-reg] _21498_/Q -> _21116_/D : -0.900442
[hold reg-reg] _21498_/Q -> _21212_/D : -0.900402
[hold reg-reg] _21494_/Q -> _21112_/D : -0.899245
[hold reg-reg] _21494_/Q -> _21208_/D : -0.898845
[hold reg-reg] _21494_/Q -> _21432_/D : -0.898391
[hold reg-reg] _21494_/Q -> _20504_/D : -0.898131
[hold reg-reg] _21494_/Q -> _21464_/D : -0.897694
[hold reg-reg] _21494_/Q -> _20760_/D : -0.897602
[hold reg-reg] _20454_/Q -> _20530_/D : -0.897050
[hold reg-reg] _21488_/Q -> _21042_/D : -0.896947
[hold reg-reg] _21491_/Q -> _20693_/D : -0.896897
[hold reg-reg] _21494_/Q -> _20696_/D : -0.896575
[hold reg-reg] _21491_/Q -> _20757_/D : -0.896053
[hold reg-reg] _21487_/Q -> _20817_/D : -0.895994
[hold reg-reg] _20456_/Q -> _21138_/D : -0.895977
[hold reg-reg] _21494_/Q -> _20792_/D : -0.895819
[hold reg-reg] _21501_/Q -> _20767_/D : -0.895664
[hold reg-reg] _21487_/Q -> _20753_/D : -0.895501
[hold reg-reg] _21487_/Q -> _20721_/D : -0.894701
[hold reg-reg] _21487_/Q -> _20689_/D : -0.894675
[hold reg-reg] _21487_/Q -> _21169_/D : -0.894641
[hold reg-reg] _21487_/Q -> _20785_/D : -0.894579
[hold reg-reg] _21487_/Q -> _21265_/D : -0.894470
[hold reg-reg] _21488_/Q -> _20690_/D : -0.894236
[hold reg-reg] _21488_/Q -> _20722_/D : -0.894126
[hold reg-reg] _21501_/Q -> _20799_/D : -0.894117
[hold reg-reg] _21487_/Q -> _21329_/D : -0.893888
[hold reg-reg] _21487_/Q -> _21297_/D : -0.893801
[hold reg-reg] _21487_/Q -> _21361_/D : -0.893555
[hold reg-reg] _20454_/Q -> _20533_/D : -0.892971
[hold reg-reg] _20454_/Q -> _21063_/D : -0.892971
[hold reg-reg] _21501_/Q -> _20831_/D : -0.892078
[hold reg-reg] _21488_/Q -> _21458_/D : -0.891204
[hold reg-reg] _20454_/Q -> _21074_/D : -0.891061
[hold reg-reg] _21488_/Q -> _20978_/D : -0.889560
[hold reg-reg] _21488_/Q -> _21426_/D : -0.887638
[hold reg-reg] _21491_/Q -> _20981_/D : -0.886931
[hold reg-reg] _21491_/Q -> _21045_/D : -0.886654
[hold reg-reg] _21494_/Q -> _20632_/D : -0.886532
[hold reg-reg] _21494_/Q -> _20600_/D : -0.886383
[hold reg-reg] _21494_/Q -> _20568_/D : -0.886340
[hold reg-reg] _21488_/Q -> _20498_/D : -0.885926
[hold reg-reg] _21488_/Q -> _20786_/D : -0.885422
[hold reg-reg] _21488_/Q -> _20754_/D : -0.885212
[hold reg-reg] _21488_/Q -> _20818_/D : -0.885171
[hold reg-reg] _21488_/Q -> _21170_/D : -0.885052
[hold reg-reg] _21488_/Q -> _21266_/D : -0.885045
[hold reg-reg] _21491_/Q -> _21109_/D : -0.885025
[hold reg-reg] _21491_/Q -> _21205_/D : -0.884850
[hold reg-reg] _21487_/Q -> _21105_/D : -0.884684
[hold reg-reg] _21487_/Q -> _21201_/D : -0.884649
[hold reg-reg] _21501_/Q -> _21343_/D : -0.884613
[hold reg-reg] _21501_/Q -> _21311_/D : -0.884606
[hold reg-reg] _21501_/Q -> _21375_/D : -0.884334
[hold reg-reg] _21488_/Q -> _21202_/D : -0.884262
[hold reg-reg] _21488_/Q -> _21010_/D : -0.880831
[hold reg-reg] _21488_/Q -> _21106_/D : -0.879604
[hold reg-reg] _21488_/Q -> _20562_/D : -0.879270
[hold reg-reg] _21488_/Q -> _20594_/D : -0.879087
[hold reg-reg] _21488_/Q -> _20626_/D : -0.878549
[hold reg-reg] _21491_/Q -> _21013_/D : -0.878066
[hold reg-reg] _21501_/Q -> _21023_/D : -0.872150
[hold reg-reg] _21491_/Q -> _21365_/D : -0.870438
[hold reg-reg] _21491_/Q -> _21301_/D : -0.870392
[hold reg-reg] _21491_/Q -> _21333_/D : -0.870239
[hold reg-reg] _21501_/Q -> _21471_/D : -0.868900
[hold reg-reg] _20456_/Q -> _20848_/D : -0.868829
[hold reg-reg] _21491_/Q -> _20821_/D : -0.868500
[hold reg-reg] _21501_/Q -> _20991_/D : -0.867416
[hold reg-reg] _21501_/Q -> _21055_/D : -0.867374
[hold reg-reg] _21501_/Q -> _21439_/D : -0.865901
[hold reg-reg] _21486_/Q -> _21360_/D : -0.865713
[hold reg-reg] _21486_/Q -> _21296_/D : -0.865537
[hold reg-reg] _21486_/Q -> _21328_/D : -0.865391
[hold reg-reg] _21501_/Q -> _20511_/D : -0.865123
[hold reg-reg] _21491_/Q -> _21429_/D : -0.864395
[hold reg-reg] _21486_/Q -> _20688_/D : -0.864157
[hold reg-reg] _21486_/Q -> _20720_/D : -0.863897
[hold reg-reg] _21491_/Q -> _20501_/D : -0.863828
[hold reg-reg] _21486_/Q -> _20784_/D : -0.863338
[hold reg-reg] _21486_/Q -> _20752_/D : -0.862768
[hold reg-reg] _21486_/Q -> _21168_/D : -0.860066
[hold reg-reg] _21486_/Q -> _21264_/D : -0.860053
[hold reg-reg] _20457_/Q -> _21015_/D : -0.859963
[hold reg-reg] _20457_/Q -> _20547_/D : -0.859739
[hold reg-reg] _21493_/Q -> _21175_/D : -0.859705
[hold reg-reg] _21493_/Q -> _21271_/D : -0.859705
[hold reg-reg] _21486_/Q -> _20816_/D : -0.859677
[hold reg-reg] _21501_/Q -> _20703_/D : -0.859371
[hold reg-reg] _21493_/Q -> _20727_/D : -0.859341
[hold reg-reg] _21493_/Q -> _20791_/D : -0.859300
[hold reg-reg] _21501_/Q -> _20735_/D : -0.859268
[hold reg-reg] _21501_/Q -> _21279_/D : -0.858485
[hold reg-reg] _21501_/Q -> _21183_/D : -0.858478
[hold reg-reg] _21493_/Q -> _20823_/D : -0.858385
[hold reg-reg] _20454_/Q -> _20656_/D : -0.857979
[hold reg-reg] _21501_/Q -> _21119_/D : -0.857410
[hold reg-reg] _21501_/Q -> _20575_/D : -0.857328
[hold reg-reg] _21501_/Q -> _21215_/D : -0.857192
[hold reg-reg] _21501_/Q -> _20639_/D : -0.857131
[hold reg-reg] _21501_/Q -> _20607_/D : -0.856774
[hold reg-reg] _20457_/Q -> _20567_/D : -0.855671
[hold reg-reg] _21491_/Q -> _20565_/D : -0.852538
[hold reg-reg] _20457_/Q -> _20611_/D : -0.852490
[hold reg-reg] _21491_/Q -> _20629_/D : -0.852335
[hold reg-reg] _20457_/Q -> _20631_/D : -0.850648
[hold reg-reg] _21491_/Q -> _20597_/D : -0.850401
[hold reg-reg] _20454_/Q -> _21232_/D : -0.850017
[hold reg-reg] _21493_/Q -> _21047_/D : -0.850008
[hold reg-reg] _21493_/Q -> _21335_/D : -0.849314
[hold reg-reg] _21493_/Q -> _21303_/D : -0.849271
[hold reg-reg] _20456_/Q -> _20912_/D : -0.849248
[hold reg-reg] _20457_/Q -> _20995_/D : -0.848695
[hold reg-reg] _21491_/Q -> _21461_/D : -0.847834
[hold reg-reg] _21493_/Q -> _20503_/D : -0.846617
[hold reg-reg] _21493_/Q -> _20759_/D : -0.846532
[hold reg-reg] _21493_/Q -> _20695_/D : -0.846356
[hold reg-reg] _21493_/Q -> _21367_/D : -0.844976
[hold reg-reg] _21493_/Q -> _21431_/D : -0.844814
[hold reg-reg] _21493_/Q -> _20983_/D : -0.844487
[hold reg-reg] _21493_/Q -> _21463_/D : -0.843670
[hold reg-reg] _21493_/Q -> _21207_/D : -0.842331
[hold reg-reg] _20456_/Q -> _21136_/D : -0.842206
[hold reg-reg] _21493_/Q -> _21111_/D : -0.841974
[hold reg-reg] _20454_/Q -> _20528_/D : -0.841125
[hold reg-reg] _20457_/Q -> _20999_/D : -0.836970
[hold reg-reg] _21493_/Q -> _20599_/D : -0.834286
[hold reg-reg] _20456_/Q -> _20579_/D : -0.826660
[hold reg-reg] _20457_/Q -> _20551_/D : -0.825109
[hold reg-reg] _20457_/Q -> _20615_/D : -0.821972
[hold reg-reg] _20454_/Q -> _21072_/D : -0.819044
[hold reg-reg] _20456_/Q -> _20583_/D : -0.798252
[hold reg-reg] _20451_/Q -> _21027_/D : -0.797616
[hold reg-reg] _20451_/Q -> _21251_/D : -0.791937
[hold reg-reg] _20451_/Q -> _21283_/D : -0.791916
[hold reg-reg] _20451_/Q -> _21315_/D : -0.791871
[hold reg-reg] _20451_/Q -> _21155_/D : -0.791545
[hold reg-reg] _20451_/Q -> _20803_/D : -0.790820
[hold reg-reg] _20451_/Q -> _21347_/D : -0.790545
[hold reg-reg] _20451_/Q -> _21091_/D : -0.788987
[hold reg-reg] _18402_/Q -> _21441_/D : -0.778025
[hold reg-reg] _18402_/Q -> _21409_/D : -0.777888
[hold reg-reg] _18402_/Q -> _20481_/D : -0.776451
[hold reg-reg] _20457_/Q -> _20624_/D : -0.768514
[hold reg-reg] _20457_/Q -> _21008_/D : -0.768141
[hold reg-reg] _18402_/Q -> _20609_/D : -0.768086
[hold reg-reg] _18402_/Q -> _20513_/D : -0.767924
[hold reg-reg] _18402_/Q -> _20641_/D : -0.767917
[hold reg-reg] _20457_/Q -> _20560_/D : -0.767836
[hold reg-reg] _20451_/Q -> _20963_/D : -0.758885
[hold reg-reg] _20451_/Q -> _20675_/D : -0.758527
[hold reg-reg] _20451_/Q -> _20707_/D : -0.758169
[hold reg-reg] _20451_/Q -> _20771_/D : -0.757234
[hold reg-reg] _20451_/Q -> _20739_/D : -0.757192
[hold reg-reg] _20451_/Q -> _20483_/D : -0.755184
[hold reg-reg] _20451_/Q -> _21411_/D : -0.754806
[hold reg-reg] _20451_/Q -> _21443_/D : -0.754463
[hold reg-reg] _21486_/Q -> _20976_/D : -0.750298
[hold reg-reg] _21486_/Q -> _21424_/D : -0.750283
[hold reg-reg] _21486_/Q -> _21456_/D : -0.750122
[hold reg-reg] _21486_/Q -> _21040_/D : -0.750010
[hold reg-reg] _21486_/Q -> _20496_/D : -0.749937
[hold reg-reg] _20451_/Q -> _21187_/D : -0.748393
[hold reg-reg] _20456_/Q -> _20592_/D : -0.745937
[hold reg-reg] _21486_/Q -> _21200_/D : -0.741482
[hold reg-reg] _21486_/Q -> _21104_/D : -0.741300
[hold reg-reg] _20454_/Q -> _20775_/D : -0.702375
[hold reg-reg] _20458_/Q -> _21191_/D : -0.685335
[hold reg-reg] _20458_/Q -> _21095_/D : -0.657519
[hold reg-reg] _20458_/Q -> _20679_/D : -0.653186
[hold reg-reg] _21477_/Q -> _20711_/D : -0.628587
[hold reg-reg] _20454_/Q -> _21351_/D : -0.628525
[hold reg-reg] _21477_/Q -> _20743_/D : -0.626473
[hold reg-reg] _21495_/Q -> _21433_/D : -0.617174
[hold reg-reg] _21477_/Q -> _20487_/D : -0.617023
[hold reg-reg] _21477_/Q -> _21415_/D : -0.616977
[hold reg-reg] _21477_/Q -> _21447_/D : -0.616868
[hold reg-reg] _21495_/Q -> _21465_/D : -0.616573
[hold reg-reg] _21495_/Q -> _20505_/D : -0.616183
[hold reg-reg] _20454_/Q -> _21255_/D : -0.614760
[hold reg-reg] _21495_/Q -> _20601_/D : -0.608674
[hold reg-reg] _21495_/Q -> _20569_/D : -0.608658
[hold reg-reg] _21495_/Q -> _20633_/D : -0.608003
[hold reg-reg] _21495_/Q -> _20665_/D : -0.607701
[hold reg-reg] _21495_/Q -> _20537_/D : -0.607573
[hold reg-reg] _20454_/Q -> _20657_/D : -0.606658
[hold reg-reg] _20454_/Q -> _20669_/D : -0.605297
[hold reg-reg] _20458_/Q -> _20893_/D : -0.605176
[hold reg-reg] _21477_/Q -> _21319_/D : -0.604580
[hold reg-reg] _21477_/Q -> _21287_/D : -0.604405
[hold reg-reg] _21477_/Q -> _21159_/D : -0.598327
[hold reg-reg] _21477_/Q -> _20967_/D : -0.597865
[hold reg-reg] _21477_/Q -> _20807_/D : -0.597806
[hold reg-reg] _21477_/Q -> _21031_/D : -0.597266
[hold reg-reg] _20454_/Q -> _21245_/D : -0.594115
[hold reg-reg] _20456_/Q -> _21137_/D : -0.589210
[hold reg-reg] _20454_/Q -> _20529_/D : -0.589095
[hold reg-reg] _20456_/Q -> _21149_/D : -0.588994
[hold reg-reg] _20454_/Q -> _20541_/D : -0.588564
[hold reg-reg] _20454_/Q -> _21073_/D : -0.573657
[hold reg-reg] _21499_/Q -> _21437_/D : -0.573655
[hold reg-reg] _21499_/Q -> _20509_/D : -0.573534
[hold reg-reg] _21499_/Q -> _21469_/D : -0.573357
[hold reg-reg] _20454_/Q -> _21085_/D : -0.572683
[hold reg-reg] _21499_/Q -> _20989_/D : -0.572360
[hold reg-reg] _21499_/Q -> _21053_/D : -0.572269
[hold reg-reg] _21499_/Q -> _20573_/D : -0.565107
[hold reg-reg] _21499_/Q -> _20605_/D : -0.564842
[hold reg-reg] _21499_/Q -> _20637_/D : -0.564734
[hold reg-reg] _21499_/Q -> _21117_/D : -0.564267
[hold reg-reg] _21499_/Q -> _21021_/D : -0.564052
[hold reg-reg] _21499_/Q -> _21213_/D : -0.563359
[hold reg-reg] _21487_/Q -> _21425_/D : -0.558348
[hold reg-reg] _21487_/Q -> _20977_/D : -0.558291
[hold reg-reg] _21487_/Q -> _20497_/D : -0.557552
[hold reg-reg] _21487_/Q -> _21041_/D : -0.557506
[hold reg-reg] _21487_/Q -> _21457_/D : -0.557483
[hold reg-reg] _21487_/Q -> _20593_/D : -0.549679
[hold reg-reg] _21487_/Q -> _21009_/D : -0.549603
[hold reg-reg] _21487_/Q -> _20561_/D : -0.549088
[hold reg-reg] _21487_/Q -> _20625_/D : -0.548919
[hold reg-reg] _20479_/Q -> _19357_/D : -0.523126
[hold reg-reg] _20479_/Q -> _19358_/D : -0.520537
[hold reg-reg] _20479_/Q -> _19359_/D : -0.514202
[hold reg-reg] _20479_/Q -> _19356_/D : -0.507738
[hold reg-reg] _20479_/Q -> _19230_/D : -0.505761
[hold reg-reg] _20479_/Q -> _19454_/D : -0.505711
[hold reg-reg] _20479_/Q -> _19294_/D : -0.504064
[hold reg-reg] _20479_/Q -> _19389_/D : -0.500249
[hold reg-reg] _20479_/Q -> _19390_/D : -0.498932
[hold reg-reg] _20479_/Q -> _19455_/D : -0.496996
[hold reg-reg] _20479_/Q -> _19452_/D : -0.493024
[hold reg-reg] _20479_/Q -> _19420_/D : -0.486905
[hold reg-reg] _20479_/Q -> _19260_/D : -0.486603
[hold reg-reg] _20479_/Q -> _19228_/D : -0.481974
[hold reg-reg] _20479_/Q -> _19388_/D : -0.477598
[hold reg-reg] _20479_/Q -> _19324_/D : -0.475925
[hold reg-reg] _20479_/Q -> _19292_/D : -0.474826
[hold reg-reg] _20479_/Q -> _19421_/D : -0.401940
[hold reg-reg] _20479_/Q -> _18430_/D : -0.401357
[hold reg-reg] _20479_/Q -> _19422_/D : -0.401194
[hold reg-reg] _20479_/Q -> _19425_/D : -0.400235
[hold reg-reg] _20479_/Q -> _20178_/D : -0.398039
[hold reg-reg] _20479_/Q -> _18432_/D : -0.397645
[hold reg-reg] _20479_/Q -> _19122_/D : -0.396719
[hold reg-reg] _20479_/Q -> _19261_/D : -0.395744
[hold reg-reg] _20479_/Q -> _19262_/D : -0.395470
[hold reg-reg] _20479_/Q -> _19325_/D : -0.391040
[hold reg-reg] _20479_/Q -> _19453_/D : -0.390866
[hold reg-reg] _20479_/Q -> _18433_/D : -0.390216
[hold reg-reg] _20479_/Q -> _19326_/D : -0.390214
[hold reg-reg] _20479_/Q -> _19457_/D : -0.390042
[hold reg-reg] _20479_/Q -> _19233_/D : -0.389702
[hold reg-reg] _20479_/Q -> _20338_/D : -0.388901
[hold reg-reg] _20479_/Q -> _19456_/D : -0.388518
[hold reg-reg] _20479_/Q -> _19328_/D : -0.388503
[hold reg-reg] _20479_/Q -> _19485_/D : -0.388077
[hold reg-reg] _20479_/Q -> _19297_/D : -0.388029
[hold reg-reg] _20479_/Q -> _19232_/D : -0.387544
[hold reg-reg] _20479_/Q -> _18412_/D : -0.386979
[hold reg-reg] _20479_/Q -> _20353_/D : -0.386766
[hold reg-reg] _20479_/Q -> _20333_/D : -0.386162
[hold reg-reg] _20479_/Q -> _18770_/D : -0.385461
[hold reg-reg] _20479_/Q -> _20350_/D : -0.385333
[hold reg-reg] _20479_/Q -> _19488_/D : -0.383471
[hold reg-reg] _20479_/Q -> _19826_/D : -0.382936
[hold reg-reg] _20479_/Q -> _19489_/D : -0.382347
[hold reg-reg] _20479_/Q -> _20337_/D : -0.381844
[hold reg-reg] _20479_/Q -> _19392_/D : -0.381741
[hold reg-reg] _20479_/Q -> _19474_/D : -0.381625
[hold reg-reg] _20479_/Q -> _18765_/D : -0.381379
[hold reg-reg] _20479_/Q -> _19487_/D : -0.380712
[hold reg-reg] _20479_/Q -> _19486_/D : -0.380348
[hold reg-reg] _20479_/Q -> _19250_/D : -0.378391
[hold reg-reg] _20479_/Q -> _19821_/D : -0.378387
[hold reg-reg] _20479_/Q -> _19247_/D : -0.378130
[hold reg-reg] _20479_/Q -> _19840_/D : -0.378115
[hold reg-reg] _20479_/Q -> _20332_/D : -0.378101
[hold reg-reg] _20479_/Q -> _19243_/D : -0.377817
[hold reg-reg] _20479_/Q -> _19278_/D : -0.377595
[hold reg-reg] _20479_/Q -> _19134_/D : -0.377540
[hold reg-reg] _20479_/Q -> _20189_/D : -0.377431
[hold reg-reg] _20479_/Q -> _19346_/D : -0.377403
[hold reg-reg] _20479_/Q -> _19339_/D : -0.377357
[hold reg-reg] _20479_/Q -> _19248_/D : -0.377304
[hold reg-reg] _20479_/Q -> _19343_/D : -0.377286
[hold reg-reg] _20479_/Q -> _19838_/D : -0.376760
[hold reg-reg] _20479_/Q -> _19246_/D : -0.376470
[hold reg-reg] _20479_/Q -> _19469_/D : -0.376422
[hold reg-reg] _20479_/Q -> _19344_/D : -0.376289
[hold reg-reg] _20479_/Q -> _20190_/D : -0.376284
[hold reg-reg] _20479_/Q -> _19342_/D : -0.376188
[hold reg-reg] _20479_/Q -> _19839_/D : -0.376108
[hold reg-reg] _20479_/Q -> _19825_/D : -0.375858
[hold reg-reg] _20479_/Q -> _18769_/D : -0.375799
[hold reg-reg] _20479_/Q -> _18784_/D : -0.375787
[hold reg-reg] _20479_/Q -> _20384_/D : -0.375689
[hold reg-reg] _20479_/Q -> _19406_/D : -0.375509
[hold reg-reg] _20479_/Q -> _20192_/D : -0.375504
[hold reg-reg] _20479_/Q -> _19137_/D : -0.374657
[hold reg-reg] _20479_/Q -> _19473_/D : -0.374433
[hold reg-reg] _20479_/Q -> _18764_/D : -0.373957
[hold reg-reg] _20479_/Q -> _20382_/D : -0.373573
[hold reg-reg] _20479_/Q -> _19282_/D : -0.371994
[hold reg-reg] _20479_/Q -> _19279_/D : -0.371578
[hold reg-reg] _20479_/Q -> _18782_/D : -0.371486
[hold reg-reg] _20479_/Q -> _19275_/D : -0.371296
[hold reg-reg] _20479_/Q -> _19280_/D : -0.370948
[hold reg-reg] _20479_/Q -> _19310_/D : -0.370093
[hold reg-reg] _20479_/Q -> _18785_/D : -0.369965
[hold reg-reg] _20479_/Q -> _19841_/D : -0.369633
[hold reg-reg] _20479_/Q -> _19820_/D : -0.369502
[hold reg-reg] _20479_/Q -> _20191_/D : -0.369422
[hold reg-reg] _20479_/Q -> _20385_/D : -0.368878
[hold reg-reg] _20479_/Q -> _19410_/D : -0.368871
[hold reg-reg] _20479_/Q -> _19403_/D : -0.368667
[hold reg-reg] _20479_/Q -> _19407_/D : -0.368431
[hold reg-reg] _20479_/Q -> _19965_/D : -0.368404
[hold reg-reg] _20479_/Q -> _19214_/D : -0.368235
[hold reg-reg] _20479_/Q -> _19439_/D : -0.368029
[hold reg-reg] _20479_/Q -> _19435_/D : -0.367926
[hold reg-reg] _20479_/Q -> _19442_/D : -0.367821
[hold reg-reg] _20479_/Q -> _19408_/D : -0.367681
[hold reg-reg] _20479_/Q -> _19440_/D : -0.366391
[hold reg-reg] _20479_/Q -> _19375_/D : -0.366343
[hold reg-reg] _20479_/Q -> _19378_/D : -0.366295
[hold reg-reg] _20479_/Q -> _20193_/D : -0.366152
[hold reg-reg] _20479_/Q -> _19438_/D : -0.366054
[hold reg-reg] _20479_/Q -> _19468_/D : -0.365668
[hold reg-reg] _20479_/Q -> _19371_/D : -0.365596
[hold reg-reg] _20479_/Q -> _19374_/D : -0.364773
[hold reg-reg] _20479_/Q -> _19376_/D : -0.364555
[hold reg-reg] _20479_/Q -> _19314_/D : -0.364510
[hold reg-reg] _20479_/Q -> _18415_/D : -0.364325
[hold reg-reg] _20479_/Q -> _18414_/D : -0.364194
[hold reg-reg] _20479_/Q -> _19307_/D : -0.363851
[hold reg-reg] _20479_/Q -> _19249_/D : -0.363825
[hold reg-reg] _20479_/Q -> _19311_/D : -0.363775
[hold reg-reg] _20479_/Q -> _19312_/D : -0.363219
[hold reg-reg] _20479_/Q -> _19345_/D : -0.362979
[hold reg-reg] _20479_/Q -> _19218_/D : -0.362100
[hold reg-reg] _20479_/Q -> _20175_/D : -0.361517
[hold reg-reg] _20479_/Q -> _19211_/D : -0.361469
[hold reg-reg] _20479_/Q -> _19215_/D : -0.361457
[hold reg-reg] _20479_/Q -> _19216_/D : -0.361279
[hold reg-reg] _20479_/Q -> _20367_/D : -0.359648
[hold reg-reg] _20479_/Q -> _19119_/D : -0.359641
[hold reg-reg] _20479_/Q -> _20366_/D : -0.359259
[hold reg-reg] _20479_/Q -> _19869_/D : -0.358673
[hold reg-reg] _20479_/Q -> _19120_/D : -0.358638
[hold reg-reg] _20479_/Q -> _19997_/D : -0.358567
[hold reg-reg] _20479_/Q -> _19118_/D : -0.358391
[hold reg-reg] _20479_/Q -> _19281_/D : -0.357836
[hold reg-reg] _20479_/Q -> _20368_/D : -0.357201
[hold reg-reg] _20479_/Q -> _18413_/D : -0.356360
[hold reg-reg] _20479_/Q -> _18418_/D : -0.356088
[hold reg-reg] _20479_/Q -> _18411_/D : -0.356007
[hold reg-reg] _20479_/Q -> _18416_/D : -0.355271
[hold reg-reg] _20479_/Q -> _20176_/D : -0.354849
[hold reg-reg] _20479_/Q -> _20173_/D : -0.354836
[hold reg-reg] _20479_/Q -> _19409_/D : -0.354705
[hold reg-reg] _20479_/Q -> _20174_/D : -0.354678
[hold reg-reg] _20479_/Q -> _20171_/D : -0.353825
[hold reg-reg] _20479_/Q -> _19441_/D : -0.353163
[hold reg-reg] _20479_/Q -> _19117_/D : -0.352703
[hold reg-reg] _20479_/Q -> _20335_/D : -0.352582
[hold reg-reg] _20479_/Q -> _20370_/D : -0.352177
[hold reg-reg] _20479_/Q -> _20365_/D : -0.352049
[hold reg-reg] _20479_/Q -> _19377_/D : -0.351458
[hold reg-reg] _20479_/Q -> _18417_/D : -0.351086
[hold reg-reg] _20461_/Q -> _19285_/D : -0.350692
[hold reg-reg] _20461_/Q -> _19381_/D : -0.349980
[hold reg-reg] _20479_/Q -> _19313_/D : -0.349651
[hold reg-reg] _20479_/Q -> _20177_/D : -0.348781
[hold reg-reg] _20479_/Q -> _20172_/D : -0.348679
[hold reg-reg] _20461_/Q -> _19413_/D : -0.348484
[hold reg-reg] _20461_/Q -> _19317_/D : -0.348145
[hold reg-reg] _20479_/Q -> _19121_/D : -0.347457
[hold reg-reg] _20479_/Q -> _19116_/D : -0.347232
[hold reg-reg] _20479_/Q -> _18766_/D : -0.347180
[hold reg-reg] _20479_/Q -> _18767_/D : -0.347168
[hold reg-reg] _20479_/Q -> _19217_/D : -0.347116
[hold reg-reg] _20479_/Q -> _20364_/D : -0.346978
[hold reg-reg] _20479_/Q -> _19115_/D : -0.346972
[hold reg-reg] _20479_/Q -> _20369_/D : -0.346304
[hold reg-reg] _20479_/Q -> _20363_/D : -0.346249
[hold reg-reg] _20461_/Q -> _19224_/D : -0.345882
[hold reg-reg] _20479_/Q -> _20336_/D : -0.345869
[hold reg-reg] _20461_/Q -> _19284_/D : -0.345750
[hold reg-reg] _20461_/Q -> _19412_/D : -0.345681
[hold reg-reg] _20479_/Q -> _20334_/D : -0.345604
[hold reg-reg] _20479_/Q -> _19822_/D : -0.345528
[hold reg-reg] _20479_/Q -> _19823_/D : -0.344492
[hold reg-reg] _20461_/Q -> _19384_/D : -0.343759
[hold reg-reg] _20479_/Q -> _19471_/D : -0.343672
[hold reg-reg] _20479_/Q -> _19470_/D : -0.343563
[hold reg-reg] _20479_/Q -> _20331_/D : -0.343558
[hold reg-reg] _20461_/Q -> _19379_/D : -0.343436
[hold reg-reg] _20461_/Q -> _19288_/D : -0.343023
[hold reg-reg] _20461_/Q -> _19252_/D : -0.342515
[hold reg-reg] _20461_/Q -> _19220_/D : -0.342412
[hold reg-reg] _20461_/Q -> _19448_/D : -0.342084
[hold reg-reg] _20461_/Q -> _19256_/D : -0.341178
[hold reg-reg] _20461_/Q -> _19411_/D : -0.340901
[hold reg-reg] _20479_/Q -> _18763_/D : -0.339762
[hold reg-reg] _20479_/Q -> _18768_/D : -0.339554
[hold reg-reg] _20461_/Q -> _19315_/D : -0.339249
[hold reg-reg] _20461_/Q -> _19380_/D : -0.338627
[hold reg-reg] _20461_/Q -> _19444_/D : -0.338151
[hold reg-reg] _20461_/Q -> _19449_/D : -0.337941
[hold reg-reg] _20479_/Q -> _19824_/D : -0.336890
[hold reg-reg] _20461_/Q -> _19416_/D : -0.336815
[hold reg-reg] _20479_/Q -> _19819_/D : -0.335874
[hold reg-reg] _20461_/Q -> _19320_/D : -0.335289
[hold reg-reg] _20479_/Q -> _19467_/D : -0.335120
[hold reg-reg] _20479_/Q -> _19472_/D : -0.334991
[hold reg-reg] _20461_/Q -> _19316_/D : -0.334628
[hold reg-reg] _20461_/Q -> _19321_/D : -0.334092
[hold reg-reg] _20461_/Q -> _19385_/D : -0.333596
[hold reg-reg] _20479_/Q -> _19773_/D : -0.333461
[hold reg-reg] _20461_/Q -> _19352_/D : -0.333163
[hold reg-reg] _20479_/Q -> _19244_/D : -0.332319
[hold reg-reg] _20479_/Q -> _19245_/D : -0.332232
[hold reg-reg] _20461_/Q -> _19348_/D : -0.331893
[hold reg-reg] _20479_/Q -> _19340_/D : -0.331440
[hold reg-reg] _20479_/Q -> _19341_/D : -0.331402
[hold reg-reg] _20461_/Q -> _19353_/D : -0.331273
[hold reg-reg] _20461_/Q -> _19225_/D : -0.328553
[hold reg-reg] _20461_/Q -> _19221_/D : -0.328416
[hold reg-reg] _20461_/Q -> _19219_/D : -0.327981
[hold reg-reg] _20479_/Q -> _19276_/D : -0.326082
[hold reg-reg] _20479_/Q -> _19277_/D : -0.325882
[hold reg-reg] _20461_/Q -> _19417_/D : -0.324206
[hold reg-reg] _20461_/Q -> _19289_/D : -0.324100
[hold reg-reg] _20461_/Q -> _19443_/D : -0.323793
[hold reg-reg] _20461_/Q -> _19283_/D : -0.323430
[hold reg-reg] _20479_/Q -> _19404_/D : -0.323089
[hold reg-reg] _20461_/Q -> _19445_/D : -0.322956
[hold reg-reg] _20479_/Q -> _19405_/D : -0.322789
[hold reg-reg] _20479_/Q -> _19437_/D : -0.322334
[hold reg-reg] _20461_/Q -> _19382_/D : -0.321659
[hold reg-reg] _20479_/Q -> _19436_/D : -0.321659
[hold reg-reg] _20461_/Q -> _19257_/D : -0.321508
[hold reg-reg] _20461_/Q -> _19251_/D : -0.320323
[hold reg-reg] _20479_/Q -> _19373_/D : -0.320147
[hold reg-reg] _20479_/Q -> _19372_/D : -0.319972
[hold reg-reg] _20461_/Q -> _19253_/D : -0.319787
[hold reg-reg] _20479_/Q -> _19309_/D : -0.318888
[hold reg-reg] _20461_/Q -> _19347_/D : -0.318551
[hold reg-reg] _20479_/Q -> _19308_/D : -0.318469
[hold reg-reg] _20461_/Q -> _19349_/D : -0.317376
[hold reg-reg] _20479_/Q -> _19213_/D : -0.316218
[hold reg-reg] _20479_/Q -> _19212_/D : -0.315772
[hold reg-reg] _20461_/Q -> _19222_/D : -0.314857
[hold reg-reg] _20461_/Q -> _19286_/D : -0.312927
[hold reg-reg] _20461_/Q -> _19318_/D : -0.310532
[hold reg-reg] _20461_/Q -> _19254_/D : -0.309749
[hold reg-reg] _20461_/Q -> _19446_/D : -0.306413
[hold reg-reg] _20461_/Q -> _19414_/D : -0.305882
[hold reg-reg] _20479_/Q -> _19663_/D : -0.305265
[hold reg-reg] _20461_/Q -> _19350_/D : -0.304086
[hold reg-reg] _20479_/Q -> _19666_/D : -0.303894
[hold reg-reg] _20479_/Q -> _19661_/D : -0.303317
[hold reg-reg] _20479_/Q -> _19665_/D : -0.302355
[hold reg-reg] _20479_/Q -> _19659_/D : -0.302270
[hold reg-reg] _20461_/Q -> _19383_/D : -0.302226
[hold reg-reg] _20479_/Q -> _19664_/D : -0.301863
[hold reg-reg] _20479_/Q -> _19660_/D : -0.301466
[hold reg-reg] _20479_/Q -> _19634_/D : -0.301387
[hold reg-reg] _20479_/Q -> _19730_/D : -0.301343
[hold reg-reg] _20479_/Q -> _19631_/D : -0.300737
[hold reg-reg] _20479_/Q -> _19662_/D : -0.300618
[hold reg-reg] _20479_/Q -> _19629_/D : -0.300405
[hold reg-reg] _20479_/Q -> _19725_/D : -0.300318
[hold reg-reg] _20479_/Q -> _19727_/D : -0.300053
[hold reg-reg] _20479_/Q -> _19723_/D : -0.299989
[hold reg-reg] _20479_/Q -> _19633_/D : -0.299693
[hold reg-reg] _20461_/Q -> _19354_/D : -0.299663
[hold reg-reg] _20479_/Q -> _19627_/D : -0.299496
[hold reg-reg] _20479_/Q -> _19728_/D : -0.299460
[hold reg-reg] _20461_/Q -> _20184_/D : -0.299252
[hold reg-reg] _20479_/Q -> _19533_/D : -0.299112
[hold reg-reg] _20479_/Q -> _19630_/D : -0.298948
[hold reg-reg] _20479_/Q -> _19729_/D : -0.298897
[hold reg-reg] _20479_/Q -> _19628_/D : -0.298881
[hold reg-reg] _20479_/Q -> _19538_/D : -0.298638
[hold reg-reg] _20479_/Q -> _19726_/D : -0.298572
[hold reg-reg] _20479_/Q -> _19632_/D : -0.298332
[hold reg-reg] _20479_/Q -> _19724_/D : -0.298265
[hold reg-reg] _20479_/Q -> _19535_/D : -0.297801
[hold reg-reg] _20461_/Q -> _19319_/D : -0.297391
[hold reg-reg] _20479_/Q -> _19531_/D : -0.296996
[hold reg-reg] _20479_/Q -> _19693_/D : -0.296760
[hold reg-reg] _20479_/Q -> _19537_/D : -0.296660
[hold reg-reg] _20479_/Q -> _19565_/D : -0.296600
[hold reg-reg] _20479_/Q -> _19570_/D : -0.296543
[hold reg-reg] _20479_/Q -> _19536_/D : -0.296364
[hold reg-reg] _20461_/Q -> _19351_/D : -0.296275
[hold reg-reg] _20479_/Q -> _19567_/D : -0.296183
[hold reg-reg] _20479_/Q -> _19532_/D : -0.296014
[hold reg-reg] _20461_/Q -> _20344_/D : -0.296012
[hold reg-reg] _20479_/Q -> _19695_/D : -0.295818
[hold reg-reg] _20479_/Q -> _19566_/D : -0.295545
[hold reg-reg] _20479_/Q -> _19698_/D : -0.295518
[hold reg-reg] _20479_/Q -> _19563_/D : -0.295243
[hold reg-reg] _20479_/Q -> _19564_/D : -0.295080
[hold reg-reg] _20479_/Q -> _19569_/D : -0.294850
[hold reg-reg] _20461_/Q -> _19128_/D : -0.294229
[hold reg-reg] _20479_/Q -> _19694_/D : -0.294204
[hold reg-reg] _20461_/Q -> _18419_/D : -0.294142
[hold reg-reg] _20479_/Q -> _19568_/D : -0.294021
[hold reg-reg] _20479_/Q -> _19697_/D : -0.293706
[hold reg-reg] _20479_/Q -> _19691_/D : -0.293650
[hold reg-reg] _20479_/Q -> _19696_/D : -0.292735
[hold reg-reg] _20479_/Q -> _19692_/D : -0.292323
[hold reg-reg] _20461_/Q -> _18776_/D : -0.289566
[hold reg-reg] _20479_/Q -> _19360_/D : -0.289551
[hold reg-reg] _20479_/Q -> _19355_/D : -0.289241
[hold reg-reg] _20479_/Q -> _19361_/D : -0.289077
[hold reg-reg] _20479_/Q -> _19970_/D : -0.288869
[hold reg-reg] _20461_/Q -> _20179_/D : -0.288827
[hold reg-reg] _20479_/Q -> _19803_/D : -0.288701
[hold reg-reg] _20479_/Q -> _19362_/D : -0.287818
[hold reg-reg] _20479_/Q -> _19597_/D : -0.287553
[hold reg-reg] _20479_/Q -> _19599_/D : -0.287212
[hold reg-reg] _20479_/Q -> _19806_/D : -0.286946
[hold reg-reg] _20479_/Q -> _19906_/D : -0.286942
[hold reg-reg] _20479_/Q -> _19902_/D : -0.286487
[hold reg-reg] _20479_/Q -> _19602_/D : -0.286009
[hold reg-reg] _20479_/Q -> _19595_/D : -0.285963
[hold reg-reg] _20479_/Q -> _19931_/D : -0.285437
[hold reg-reg] _20479_/Q -> _19423_/D : -0.285123
[hold reg-reg] _20479_/Q -> _19601_/D : -0.285077
[hold reg-reg] _20461_/Q -> _19832_/D : -0.284794
[hold reg-reg] _20479_/Q -> _19600_/D : -0.284688
[hold reg-reg] _20479_/Q -> _19419_/D : -0.284501
[hold reg-reg] _20479_/Q -> _19424_/D : -0.284413
[hold reg-reg] _20479_/Q -> _18434_/D : -0.284039
[hold reg-reg] _20479_/Q -> _19963_/D : -0.283977
[hold reg-reg] _20479_/Q -> _18429_/D : -0.283679
[hold reg-reg] _20479_/Q -> _20034_/D : -0.283661
[hold reg-reg] _20479_/Q -> _20027_/D : -0.283503
[hold reg-reg] _20479_/Q -> _19596_/D : -0.283325
[hold reg-reg] _20479_/Q -> _18428_/D : -0.282864
[hold reg-reg] _20479_/Q -> _19899_/D : -0.282427
[hold reg-reg] _20479_/Q -> _18431_/D : -0.282324
[hold reg-reg] _20479_/Q -> _19426_/D : -0.282006
[hold reg-reg] _20479_/Q -> _18427_/D : -0.281400
[hold reg-reg] _20479_/Q -> _19874_/D : -0.281180
[hold reg-reg] _20479_/Q -> _19867_/D : -0.280178
[hold reg-reg] _20479_/Q -> _19503_/D : -0.279496
[hold reg-reg] _20479_/Q -> _19501_/D : -0.279494
[hold reg-reg] _20479_/Q -> _19506_/D : -0.279286
[hold reg-reg] _20461_/Q -> _20182_/D : -0.279151
[hold reg-reg] _20479_/Q -> _19263_/D : -0.279119
[hold reg-reg] _20479_/Q -> _19264_/D : -0.279014
[hold reg-reg] _20479_/Q -> _19259_/D : -0.278925
[hold reg-reg] _20479_/Q -> _19265_/D : -0.278552
[hold reg-reg] _20461_/Q -> _19475_/D : -0.277632
[hold reg-reg] _20479_/Q -> _19502_/D : -0.277383
[hold reg-reg] _20479_/Q -> _19505_/D : -0.277215
[hold reg-reg] _20461_/Q -> _18422_/D : -0.277192
[hold reg-reg] _20479_/Q -> _19499_/D : -0.277135
[hold reg-reg] _20479_/Q -> _20354_/D : -0.276778
[hold reg-reg] _20479_/Q -> _19500_/D : -0.276668
[hold reg-reg] _20479_/Q -> _20349_/D : -0.276437
[hold reg-reg] _20479_/Q -> _19266_/D : -0.276158
[hold reg-reg] _20479_/Q -> _19504_/D : -0.275664
[hold reg-reg] _20479_/Q -> _20348_/D : -0.275634
[hold reg-reg] _20479_/Q -> _20352_/D : -0.275630
[hold reg-reg] _20479_/Q -> _20351_/D : -0.275367
[hold reg-reg] _20479_/Q -> _19995_/D : -0.274206
[hold reg-reg] _20479_/Q -> _20347_/D : -0.274124
[hold reg-reg] _20479_/Q -> _19327_/D : -0.274085
[hold reg-reg] _20479_/Q -> _19329_/D : -0.273495
[hold reg-reg] _20479_/Q -> _19229_/D : -0.273449
[hold reg-reg] _20479_/Q -> _19227_/D : -0.273131
[hold reg-reg] _20479_/Q -> _19231_/D : -0.272966
[hold reg-reg] _20479_/Q -> _19330_/D : -0.272882
[hold reg-reg] _20479_/Q -> _19451_/D : -0.272818
[hold reg-reg] _20479_/Q -> _19458_/D : -0.272410
[hold reg-reg] _20479_/Q -> _19323_/D : -0.272280
[hold reg-reg] _20479_/Q -> _19293_/D : -0.272012
[hold reg-reg] _20479_/Q -> _19296_/D : -0.271838
[hold reg-reg] _20479_/Q -> _19291_/D : -0.271678
[hold reg-reg] _20479_/Q -> _19234_/D : -0.271241
[hold reg-reg] _20479_/Q -> _19295_/D : -0.271204
[hold reg-reg] _20479_/Q -> _19490_/D : -0.271163
[hold reg-reg] _20479_/Q -> _19484_/D : -0.270585
[hold reg-reg] _20479_/Q -> _20155_/D : -0.269724
[hold reg-reg] _20479_/Q -> _19298_/D : -0.269653
[hold reg-reg] _20479_/Q -> _19483_/D : -0.269621
[hold reg-reg] _20461_/Q -> _19478_/D : -0.269052
[hold reg-reg] _20479_/Q -> _20283_/D : -0.268068
[hold reg-reg] _20479_/Q -> _19138_/D : -0.268034
[hold reg-reg] _20479_/Q -> _19391_/D : -0.267372
[hold reg-reg] _20479_/Q -> _19393_/D : -0.267232
[hold reg-reg] _20479_/Q -> _20251_/D : -0.267137
[hold reg-reg] _20479_/Q -> _19133_/D : -0.266894
[hold reg-reg] _20479_/Q -> _19136_/D : -0.266546
[hold reg-reg] _20461_/Q -> _20342_/D : -0.266414
[hold reg-reg] _20479_/Q -> _19387_/D : -0.266375
[hold reg-reg] _20479_/Q -> _19132_/D : -0.266180
[hold reg-reg] _20479_/Q -> _19135_/D : -0.265938
[hold reg-reg] _20479_/Q -> _20219_/D : -0.265436
[hold reg-reg] _20479_/Q -> _19394_/D : -0.265407
[hold reg-reg] _20479_/Q -> _19842_/D : -0.265008
[hold reg-reg] _20479_/Q -> _20386_/D : -0.264711
[hold reg-reg] _20479_/Q -> _19837_/D : -0.264583
[hold reg-reg] _20461_/Q -> _19830_/D : -0.264524
[hold reg-reg] _20479_/Q -> _20158_/D : -0.264347
[hold reg-reg] _20479_/Q -> _19131_/D : -0.264203
[hold reg-reg] _20479_/Q -> _19836_/D : -0.264007
[hold reg-reg] _20461_/Q -> _18426_/D : -0.263718
[hold reg-reg] _20479_/Q -> _19835_/D : -0.263423
[hold reg-reg] _20461_/Q -> _18423_/D : -0.263331
[hold reg-reg] _20479_/Q -> _20091_/D : -0.262983
[hold reg-reg] _20479_/Q -> _18540_/D : -0.262748
[hold reg-reg] _20479_/Q -> _20381_/D : -0.262668
[hold reg-reg] _20479_/Q -> _20380_/D : -0.262425
[hold reg-reg] _20479_/Q -> _20383_/D : -0.262377
[hold reg-reg] _20479_/Q -> _18546_/D : -0.262155
[hold reg-reg] _20479_/Q -> _18544_/D : -0.262132
[hold reg-reg] _20479_/Q -> _18542_/D : -0.262041
[hold reg-reg] _20479_/Q -> _20286_/D : -0.261952
[hold reg-reg] _20479_/Q -> _18539_/D : -0.261860
[hold reg-reg] _20479_/Q -> _18543_/D : -0.261721
[hold reg-reg] _20479_/Q -> _18786_/D : -0.261640
[hold reg-reg] _20479_/Q -> _20315_/D : -0.261135
[hold reg-reg] _20479_/Q -> _20379_/D : -0.261094
[hold reg-reg] _20479_/Q -> _20094_/D : -0.260709
[hold reg-reg] _20479_/Q -> _20194_/D : -0.260552
[hold reg-reg] _20479_/Q -> _18781_/D : -0.260432
[hold reg-reg] _20479_/Q -> _20188_/D : -0.259451
[hold reg-reg] _20479_/Q -> _19617_/D : -0.259439
[hold reg-reg] _20479_/Q -> _18780_/D : -0.259398
[hold reg-reg] _20479_/Q -> _18783_/D : -0.259236
[hold reg-reg] _20479_/Q -> _18541_/D : -0.259185
[hold reg-reg] _20479_/Q -> _20318_/D : -0.258906
[hold reg-reg] _20479_/Q -> _19615_/D : -0.258895
[hold reg-reg] _20479_/Q -> _19614_/D : -0.258773
[hold reg-reg] _20479_/Q -> _19616_/D : -0.258765
[hold reg-reg] _20479_/Q -> _19938_/D : -0.258712
[hold reg-reg] _20461_/Q -> _18424_/D : -0.258598
[hold reg-reg] _20479_/Q -> _19937_/D : -0.258312
[hold reg-reg] _20479_/Q -> _20285_/D : -0.258275
[hold reg-reg] _20479_/Q -> _20222_/D : -0.258167
[hold reg-reg] _20461_/Q -> _20186_/D : -0.258140
[hold reg-reg] _20479_/Q -> _19934_/D : -0.257854
[hold reg-reg] _20479_/Q -> _18779_/D : -0.257646
[hold reg-reg] _20479_/Q -> _18606_/D : -0.257595
[hold reg-reg] _20479_/Q -> _19936_/D : -0.257472
[hold reg-reg] _20479_/Q -> _18603_/D : -0.257463
[hold reg-reg] _20479_/Q -> _18604_/D : -0.257446
[hold reg-reg] _20479_/Q -> _19810_/D : -0.257314
[hold reg-reg] _20479_/Q -> _19618_/D : -0.257232
[hold reg-reg] _20479_/Q -> _19932_/D : -0.256962
[hold reg-reg] _20479_/Q -> _20254_/D : -0.256843
[hold reg-reg] _20479_/Q -> _20123_/D : -0.256774
[hold reg-reg] _20479_/Q -> _19551_/D : -0.256637
[hold reg-reg] _20479_/Q -> _19553_/D : -0.256605
[hold reg-reg] _20479_/Q -> _19969_/D : -0.256577
[hold reg-reg] _20479_/Q -> _19920_/D : -0.256515
[hold reg-reg] _20461_/Q -> _20183_/D : -0.256469
[hold reg-reg] _20479_/Q -> _19552_/D : -0.256383
[hold reg-reg] _20479_/Q -> _20187_/D : -0.256328
[hold reg-reg] _20479_/Q -> _19809_/D : -0.256307
[hold reg-reg] _20461_/Q -> _18425_/D : -0.256291
[hold reg-reg] _20461_/Q -> _18421_/D : -0.256126
[hold reg-reg] _20479_/Q -> _19967_/D : -0.256115
[hold reg-reg] _20479_/Q -> _20160_/D : -0.256106
[hold reg-reg] _20479_/Q -> _19804_/D : -0.256019
[hold reg-reg] _20479_/Q -> _20428_/D : -0.256016
[hold reg-reg] _20479_/Q -> _20427_/D : -0.256012
[hold reg-reg] _20479_/Q -> _19966_/D : -0.255945
[hold reg-reg] _20479_/Q -> _19550_/D : -0.255932
[hold reg-reg] _20479_/Q -> _18476_/D : -0.255810
[hold reg-reg] _20479_/Q -> _19964_/D : -0.255582
[hold reg-reg] _20479_/Q -> _19808_/D : -0.255575
[hold reg-reg] _20479_/Q -> _19774_/D : -0.255557
[hold reg-reg] _20479_/Q -> _19771_/D : -0.255524
[hold reg-reg] _20479_/Q -> _19935_/D : -0.255486
[hold reg-reg] _20479_/Q -> _18508_/D : -0.254916
[hold reg-reg] _20479_/Q -> _19554_/D : -0.254701
[hold reg-reg] _20479_/Q -> _20221_/D : -0.254632
[hold reg-reg] _20461_/Q -> _19126_/D : -0.254593
[hold reg-reg] _20479_/Q -> _19905_/D : -0.254564
[hold reg-reg] _20479_/Q -> _19968_/D : -0.254474
[hold reg-reg] _20479_/Q -> _20284_/D : -0.254449
[hold reg-reg] _20479_/Q -> _18475_/D : -0.254341
[hold reg-reg] _20461_/Q -> _19127_/D : -0.254330
[hold reg-reg] _20479_/Q -> _19613_/D : -0.254142
[hold reg-reg] _20479_/Q -> _19933_/D : -0.254126
[hold reg-reg] _20479_/Q -> _19612_/D : -0.254099
[hold reg-reg] _20479_/Q -> _19807_/D : -0.253959
[hold reg-reg] _20479_/Q -> _18514_/D : -0.253779
[hold reg-reg] _20479_/Q -> _18507_/D : -0.253646
[hold reg-reg] _20479_/Q -> _18605_/D : -0.253618
[hold reg-reg] _20461_/Q -> _18420_/D : -0.253376
[hold reg-reg] _20479_/Q -> _18511_/D : -0.253280
[hold reg-reg] _20479_/Q -> _20429_/D : -0.253133
[hold reg-reg] _20479_/Q -> _19611_/D : -0.252971
[hold reg-reg] _20479_/Q -> _20156_/D : -0.252960
[hold reg-reg] _20479_/Q -> _19900_/D : -0.252932
[hold reg-reg] _20479_/Q -> _20157_/D : -0.252523
[hold reg-reg] _20479_/Q -> _19805_/D : -0.252514
[hold reg-reg] _20479_/Q -> _19713_/D : -0.252451
[hold reg-reg] _20479_/Q -> _19904_/D : -0.252397
[hold reg-reg] _20479_/Q -> _19710_/D : -0.252095
[hold reg-reg] _20479_/Q -> _19903_/D : -0.252083
[hold reg-reg] _20479_/Q -> _19709_/D : -0.252065
[hold reg-reg] _20479_/Q -> _19708_/D : -0.251637
[hold reg-reg] _20479_/Q -> _18578_/D : -0.251633
[hold reg-reg] _20479_/Q -> _18477_/D : -0.251562
[hold reg-reg] _20479_/Q -> _19548_/D : -0.251539
[hold reg-reg] _20479_/Q -> _18572_/D : -0.251532
[hold reg-reg] _20479_/Q -> _19711_/D : -0.251520
[hold reg-reg] _20479_/Q -> _19901_/D : -0.251294
[hold reg-reg] _20479_/Q -> _20033_/D : -0.251278
[hold reg-reg] _20479_/Q -> _20288_/D : -0.251131
[hold reg-reg] _20479_/Q -> _19549_/D : -0.251095
[hold reg-reg] _20479_/Q -> _19547_/D : -0.251042
[hold reg-reg] _20479_/Q -> _19712_/D : -0.251019
[hold reg-reg] _20479_/Q -> _18575_/D : -0.250889
[hold reg-reg] _20479_/Q -> _20030_/D : -0.250848
[hold reg-reg] _20479_/Q -> _18571_/D : -0.250719
[hold reg-reg] _20479_/Q -> _19707_/D : -0.250589
[hold reg-reg] _20479_/Q -> _19743_/D : -0.250520
[hold reg-reg] _20479_/Q -> _20031_/D : -0.250475
[hold reg-reg] _20479_/Q -> _19744_/D : -0.250120
[hold reg-reg] _20479_/Q -> _20032_/D : -0.250115
[hold reg-reg] _20479_/Q -> _19680_/D : -0.250106
[hold reg-reg] _20461_/Q -> _20181_/D : -0.249999
[hold reg-reg] _20479_/Q -> _18509_/D : -0.249962
[hold reg-reg] _20479_/Q -> _19679_/D : -0.249916
[hold reg-reg] _20461_/Q -> _20185_/D : -0.249432
[hold reg-reg] _20479_/Q -> _18993_/D : -0.249303
[hold reg-reg] _20479_/Q -> _19870_/D : -0.249276
[hold reg-reg] _20479_/Q -> _19873_/D : -0.249218
[hold reg-reg] _20479_/Q -> _18444_/D : -0.249129
[hold reg-reg] _20479_/Q -> _20253_/D : -0.248995
[hold reg-reg] _20479_/Q -> _20028_/D : -0.248805
[hold reg-reg] _20479_/Q -> _19746_/D : -0.248706
[hold reg-reg] _20479_/Q -> _18989_/D : -0.248678
[hold reg-reg] _20479_/Q -> _18448_/D : -0.248585
[hold reg-reg] _20479_/Q -> _18992_/D : -0.248550
[hold reg-reg] _20479_/Q -> _18446_/D : -0.248441
[hold reg-reg] _20479_/Q -> _18443_/D : -0.248406
[hold reg-reg] _20479_/Q -> _19871_/D : -0.248239
[hold reg-reg] _20479_/Q -> _20224_/D : -0.248187
[hold reg-reg] _20479_/Q -> _18573_/D : -0.248148
[hold reg-reg] _20479_/Q -> _20001_/D : -0.247949
[hold reg-reg] _20479_/Q -> _19682_/D : -0.247946
[hold reg-reg] _20479_/Q -> _19998_/D : -0.247727
[hold reg-reg] _20479_/Q -> _20002_/D : -0.247489
[hold reg-reg] _20479_/Q -> _19872_/D : -0.247431
[hold reg-reg] _20479_/Q -> _20126_/D : -0.247342
[hold reg-reg] _20479_/Q -> _19647_/D : -0.247107
[hold reg-reg] _20479_/Q -> _19999_/D : -0.246885
[hold reg-reg] _20479_/Q -> _19648_/D : -0.246850
[hold reg-reg] _20461_/Q -> _19482_/D : -0.246825
[hold reg-reg] _20461_/Q -> _20180_/D : -0.246731
[hold reg-reg] _20479_/Q -> _19681_/D : -0.246718
[hold reg-reg] _20479_/Q -> _19745_/D : -0.246642
[hold reg-reg] _20479_/Q -> _19742_/D : -0.246562
[hold reg-reg] _20479_/Q -> _19714_/D : -0.246487
[hold reg-reg] _20461_/Q -> _19226_/D : -0.246432
[hold reg-reg] _20479_/Q -> _20256_/D : -0.246432
[hold reg-reg] _20461_/Q -> _20343_/D : -0.246315
[hold reg-reg] _20479_/Q -> _20029_/D : -0.246267
[hold reg-reg] _20479_/Q -> _19584_/D : -0.246239
[hold reg-reg] _20479_/Q -> _19526_/D : -0.246231
[hold reg-reg] _20479_/Q -> _19741_/D : -0.246223
[hold reg-reg] _20479_/Q -> _19952_/D : -0.246207
[hold reg-reg] _20461_/Q -> _19223_/D : -0.246150
[hold reg-reg] _20479_/Q -> _19868_/D : -0.246143
[hold reg-reg] _20479_/Q -> _19583_/D : -0.246063
[hold reg-reg] _20479_/Q -> _19677_/D : -0.245825
[hold reg-reg] _20479_/Q -> _19740_/D : -0.245734
[hold reg-reg] _20479_/Q -> _19678_/D : -0.245715
[hold reg-reg] _20479_/Q -> _19686_/D : -0.245505
[hold reg-reg] _20479_/Q -> _19996_/D : -0.245374
[hold reg-reg] _20479_/Q -> _18445_/D : -0.245361
[hold reg-reg] _20479_/Q -> _19676_/D : -0.245159
[hold reg-reg] _20479_/Q -> _20289_/D : -0.245100
[hold reg-reg] _20479_/Q -> _19739_/D : -0.245047
[hold reg-reg] _20461_/Q -> _19834_/D : -0.244716
[hold reg-reg] _20479_/Q -> _20000_/D : -0.244349
[hold reg-reg] _20479_/Q -> _20161_/D : -0.244224
[hold reg-reg] _20461_/Q -> _19831_/D : -0.244198
[hold reg-reg] _20461_/Q -> _19386_/D : -0.244182
[hold reg-reg] _20479_/Q -> _18690_/D : -0.244157
[hold reg-reg] _20479_/Q -> _20096_/D : -0.244018
[hold reg-reg] _20479_/Q -> _19649_/D : -0.243841
[hold reg-reg] _20479_/Q -> _20159_/D : -0.243750
[hold reg-reg] _20479_/Q -> _19675_/D : -0.243590
[hold reg-reg] _20479_/Q -> _19684_/D : -0.243453
[hold reg-reg] _20461_/Q -> _20374_/D : -0.243370
[hold reg-reg] _20479_/Q -> _19025_/D : -0.243320
[hold reg-reg] _20479_/Q -> _19089_/D : -0.243244
[hold reg-reg] _20479_/Q -> _20320_/D : -0.243011
[hold reg-reg] _20479_/Q -> _19057_/D : -0.242883
[hold reg-reg] _20461_/Q -> _19450_/D : -0.242826
[hold reg-reg] _20479_/Q -> _19585_/D : -0.242713
[hold reg-reg] _20479_/Q -> _18987_/D : -0.242590
[hold reg-reg] _20479_/Q -> _20287_/D : -0.242579
[hold reg-reg] _20479_/Q -> _19646_/D : -0.242553
[hold reg-reg] _20461_/Q -> _20375_/D : -0.242517
[hold reg-reg] _20479_/Q -> _19644_/D : -0.242380
[hold reg-reg] _20461_/Q -> _19447_/D : -0.242371
[hold reg-reg] _20461_/Q -> _19290_/D : -0.242327
[hold reg-reg] _20479_/Q -> _19153_/D : -0.242244
[hold reg-reg] _20461_/Q -> _19287_/D : -0.242078
[hold reg-reg] _20479_/Q -> _19582_/D : -0.242059
[hold reg-reg] _20479_/Q -> _19085_/D : -0.241659
[hold reg-reg] _20479_/Q -> _19021_/D : -0.241588
[hold reg-reg] _20461_/Q -> _19418_/D : -0.241551
[hold reg-reg] _20461_/Q -> _18774_/D : -0.241508
[hold reg-reg] _20479_/Q -> _19580_/D : -0.241466
[hold reg-reg] _20479_/Q -> _19053_/D : -0.241421
[hold reg-reg] _20479_/Q -> _20290_/D : -0.241378
[hold reg-reg] _20479_/Q -> _19149_/D : -0.241284
[hold reg-reg] _20461_/Q -> _19415_/D : -0.241082
[hold reg-reg] _20479_/Q -> _20225_/D : -0.241027
[hold reg-reg] _20479_/Q -> _20097_/D : -0.241013
[hold reg-reg] _20479_/Q -> _19643_/D : -0.240938
[hold reg-reg] _20479_/Q -> _20257_/D : -0.240782
[hold reg-reg] _20461_/Q -> _18778_/D : -0.240579
[hold reg-reg] _20479_/Q -> _19579_/D : -0.240505
[hold reg-reg] _20461_/Q -> _19480_/D : -0.240499
[hold reg-reg] _20479_/Q -> _19056_/D : -0.240327
[hold reg-reg] _20479_/Q -> _20223_/D : -0.240183
[hold reg-reg] _20479_/Q -> _18961_/D : -0.240100
[hold reg-reg] _20461_/Q -> _19477_/D : -0.240069
[hold reg-reg] _20461_/Q -> _19322_/D : -0.239877
[hold reg-reg] _20461_/Q -> _20339_/D : -0.239833
[hold reg-reg] _20479_/Q -> _19088_/D : -0.239702
[hold reg-reg] _20461_/Q -> _20341_/D : -0.239520
[hold reg-reg] _20479_/Q -> _19645_/D : -0.239439
[hold reg-reg] _20479_/Q -> _19984_/D : -0.239224
[hold reg-reg] _20479_/Q -> _19581_/D : -0.239201
[hold reg-reg] _20479_/Q -> _20321_/D : -0.239069
[hold reg-reg] _20461_/Q -> _19258_/D : -0.238991
[hold reg-reg] _20479_/Q -> _18957_/D : -0.238874
[hold reg-reg] _20479_/Q -> _19185_/D : -0.238703
[hold reg-reg] _20479_/Q -> _20255_/D : -0.238664
[hold reg-reg] _20479_/Q -> _20095_/D : -0.238652
[hold reg-reg] _20479_/Q -> _19055_/D : -0.238574
[hold reg-reg] _20479_/Q -> _20162_/D : -0.238559
[hold reg-reg] _20461_/Q -> _19255_/D : -0.238066
[hold reg-reg] _20479_/Q -> _18818_/D : -0.238005
[hold reg-reg] _20479_/Q -> _19087_/D : -0.237849
[hold reg-reg] _20479_/Q -> _19650_/D : -0.237671
[hold reg-reg] _20479_/Q -> _19586_/D : -0.237424
[hold reg-reg] _20479_/Q -> _19184_/D : -0.237376
[hold reg-reg] _20461_/Q -> _20345_/D : -0.237353
[hold reg-reg] _20479_/Q -> _19024_/D : -0.237236
[hold reg-reg] _20479_/Q -> _19588_/D : -0.237222
[hold reg-reg] _20479_/Q -> _19718_/D : -0.236980
[hold reg-reg] _20479_/Q -> _19181_/D : -0.236810
[hold reg-reg] _20479_/Q -> _18959_/D : -0.236506
[hold reg-reg] _20479_/Q -> _18850_/D : -0.236284
[hold reg-reg] _20479_/Q -> _19152_/D : -0.236236
[hold reg-reg] _20461_/Q -> _20371_/D : -0.236197
[hold reg-reg] _20479_/Q -> _19151_/D : -0.236161
[hold reg-reg] _20461_/Q -> _19833_/D : -0.236161
[hold reg-reg] _20479_/Q -> _18754_/D : -0.235957
[hold reg-reg] _20479_/Q -> _19519_/D : -0.235850
[hold reg-reg] _20461_/Q -> _20373_/D : -0.235772
[hold reg-reg] _20461_/Q -> _20376_/D : -0.235559
[hold reg-reg] _20479_/Q -> _20092_/D : -0.235531
[hold reg-reg] _20479_/Q -> _19147_/D : -0.235472
[hold reg-reg] _20479_/Q -> _20319_/D : -0.235463
[hold reg-reg] _20479_/Q -> _19083_/D : -0.235366
[hold reg-reg] _20461_/Q -> _20340_/D : -0.235174
[hold reg-reg] _20479_/Q -> _19019_/D : -0.235076
[hold reg-reg] _20479_/Q -> _20220_/D : -0.234980
[hold reg-reg] _20479_/Q -> _20098_/D : -0.234889
[hold reg-reg] _20479_/Q -> _19051_/D : -0.234246
[hold reg-reg] _20479_/Q -> _20258_/D : -0.234152
[hold reg-reg] _20479_/Q -> _20316_/D : -0.234126
[hold reg-reg] _20479_/Q -> _18845_/D : -0.234023
[hold reg-reg] _20479_/Q -> _18685_/D : -0.233898
[hold reg-reg] _20479_/Q -> _18955_/D : -0.233895
[hold reg-reg] _20479_/Q -> _18960_/D : -0.233831
[hold reg-reg] _20479_/Q -> _20252_/D : -0.233786
[hold reg-reg] _20479_/Q -> _20226_/D : -0.233767
[hold reg-reg] _20461_/Q -> _18777_/D : -0.233346
[hold reg-reg] _20479_/Q -> _20093_/D : -0.233182
[hold reg-reg] _20461_/Q -> _19124_/D : -0.232978
[hold reg-reg] _20479_/Q -> _20322_/D : -0.232976
[hold reg-reg] _20479_/Q -> _19183_/D : -0.232845
[hold reg-reg] _20479_/Q -> _20059_/D : -0.232513
[hold reg-reg] _20479_/Q -> _19521_/D : -0.232500
[hold reg-reg] _20479_/Q -> _19517_/D : -0.232479
[hold reg-reg] _20479_/Q -> _19516_/D : -0.232278
[hold reg-reg] _20479_/Q -> _19518_/D : -0.231703
[hold reg-reg] _20479_/Q -> _20317_/D : -0.231632
[hold reg-reg] _20479_/Q -> _19515_/D : -0.231603
[hold reg-reg] _20479_/Q -> _18749_/D : -0.231148
[hold reg-reg] _20479_/Q -> _19522_/D : -0.231060
[hold reg-reg] _20479_/Q -> _19520_/D : -0.230909
[hold reg-reg] _20479_/Q -> _20395_/D : -0.230440
[hold reg-reg] _20479_/Q -> _20396_/D : -0.230299
[hold reg-reg] _20479_/Q -> _19556_/D : -0.230243
[hold reg-reg] _20479_/Q -> _20129_/D : -0.230139
[hold reg-reg] _20479_/Q -> _18877_/D : -0.229651
[hold reg-reg] _20479_/Q -> _18848_/D : -0.229587
[hold reg-reg] _20479_/Q -> _20128_/D : -0.229534
[hold reg-reg] _20479_/Q -> _19179_/D : -0.229514
[hold reg-reg] _20479_/Q -> _18813_/D : -0.228287
[hold reg-reg] _20479_/Q -> _18752_/D : -0.228091
[hold reg-reg] _20479_/Q -> _20397_/D : -0.227663
[hold reg-reg] _20479_/Q -> _19590_/D : -0.226414
[hold reg-reg] _20479_/Q -> _19200_/D : -0.226262
[hold reg-reg] _20479_/Q -> _20062_/D : -0.226251
[hold reg-reg] _20461_/Q -> _19129_/D : -0.226194
[hold reg-reg] _20479_/Q -> _20130_/D : -0.226075
[hold reg-reg] _20479_/Q -> _20127_/D : -0.226027
[hold reg-reg] _20479_/Q -> _19622_/D : -0.225890
[hold reg-reg] _20461_/Q -> _19125_/D : -0.225857
[hold reg-reg] _20479_/Q -> _19524_/D : -0.225029
[hold reg-reg] _20479_/Q -> _20124_/D : -0.224901
[hold reg-reg] _20479_/Q -> _19620_/D : -0.224698
[hold reg-reg] _20479_/Q -> _19168_/D : -0.224516
[hold reg-reg] _20479_/Q -> _19777_/D : -0.223784
[hold reg-reg] _20479_/Q -> _19202_/D : -0.223659
[hold reg-reg] _20479_/Q -> _19778_/D : -0.223057
[hold reg-reg] _20479_/Q -> _19104_/D : -0.222650
[hold reg-reg] _20479_/Q -> _19775_/D : -0.222261
[hold reg-reg] _20479_/Q -> _20125_/D : -0.222132
[hold reg-reg] _20479_/Q -> _19654_/D : -0.222018
[hold reg-reg] _20479_/Q -> _19072_/D : -0.221911
[hold reg-reg] _20479_/Q -> _19772_/D : -0.221108
[hold reg-reg] _20479_/Q -> _19069_/D : -0.220805
[hold reg-reg] _20479_/Q -> _19652_/D : -0.220755
[hold reg-reg] _20479_/Q -> _19040_/D : -0.220725
[hold reg-reg] _20461_/Q -> _20372_/D : -0.220380
[hold reg-reg] _20479_/Q -> _19776_/D : -0.220167
[hold reg-reg] _20479_/Q -> _19005_/D : -0.219273
[hold reg-reg] _20479_/Q -> _18929_/D : -0.219270
[hold reg-reg] _20479_/Q -> _20134_/D : -0.219211
[hold reg-reg] _20479_/Q -> _19558_/D : -0.218883
[hold reg-reg] _20461_/Q -> _19481_/D : -0.218545
[hold reg-reg] _20461_/Q -> _19479_/D : -0.218526
[hold reg-reg] _20479_/Q -> _18925_/D : -0.218234
[hold reg-reg] _20479_/Q -> _19170_/D : -0.217549
[hold reg-reg] _20479_/Q -> _19760_/D : -0.217458
[hold reg-reg] _20479_/Q -> _18928_/D : -0.217264
[hold reg-reg] _20479_/Q -> _19716_/D : -0.216797
[hold reg-reg] _20461_/Q -> _19829_/D : -0.215714
[hold reg-reg] _20461_/Q -> _19476_/D : -0.215573
[hold reg-reg] _20479_/Q -> _19008_/D : -0.215493
[hold reg-reg] _20479_/Q -> _20061_/D : -0.215145
[hold reg-reg] _20479_/Q -> _18976_/D : -0.214282
[hold reg-reg] _20461_/Q -> _20377_/D : -0.213859
[hold reg-reg] _20479_/Q -> _20070_/D : -0.213291
[hold reg-reg] _20479_/Q -> _18927_/D : -0.212884
[hold reg-reg] _20479_/Q -> _18545_/D : -0.212696
[hold reg-reg] _20479_/Q -> _19074_/D : -0.212609
[hold reg-reg] _20461_/Q -> _18775_/D : -0.212587
[hold reg-reg] _20479_/Q -> _20262_/D : -0.212387
[hold reg-reg] _20461_/Q -> _18773_/D : -0.212301
[hold reg-reg] _20479_/Q -> _18923_/D : -0.211958
[hold reg-reg] _20479_/Q -> _19918_/D : -0.210933
[hold reg-reg] _20479_/Q -> _18610_/D : -0.210893
[hold reg-reg] _20461_/Q -> _19828_/D : -0.210735
[hold reg-reg] _20479_/Q -> _18607_/D : -0.210486
[hold reg-reg] _20479_/Q -> _18608_/D : -0.210013
[hold reg-reg] _20479_/Q -> _20434_/D : -0.209962
[hold reg-reg] _20479_/Q -> _18609_/D : -0.209727
[hold reg-reg] _20479_/Q -> _20432_/D : -0.209111
[hold reg-reg] _20479_/Q -> _19922_/D : -0.208985
[hold reg-reg] _20479_/Q -> _20430_/D : -0.208930
[hold reg-reg] _20479_/Q -> _19919_/D : -0.208804
[hold reg-reg] _20479_/Q -> _19917_/D : -0.208553
[hold reg-reg] _20479_/Q -> _19915_/D : -0.208431
[hold reg-reg] _20479_/Q -> _20433_/D : -0.208360
[hold reg-reg] _20479_/Q -> _19534_/D : -0.208246
[hold reg-reg] _20461_/Q -> _18772_/D : -0.208177
[hold reg-reg] _20479_/Q -> _20431_/D : -0.207837
[hold reg-reg] _20479_/Q -> _18482_/D : -0.207692
[hold reg-reg] _20479_/Q -> _19921_/D : -0.207610
[hold reg-reg] _20479_/Q -> _19916_/D : -0.207285
[hold reg-reg] _20479_/Q -> _18480_/D : -0.207278
[hold reg-reg] _20479_/Q -> _20294_/D : -0.207185
[hold reg-reg] _20479_/Q -> _18478_/D : -0.207066
[hold reg-reg] _20479_/Q -> _18479_/D : -0.206724
[hold reg-reg] _20479_/Q -> _18510_/D : -0.206688
[hold reg-reg] _20479_/Q -> _20064_/D : -0.206553
[hold reg-reg] _20479_/Q -> _18512_/D : -0.206509
[hold reg-reg] _20479_/Q -> _20065_/D : -0.206501
[hold reg-reg] _20479_/Q -> _18481_/D : -0.206432
[hold reg-reg] _20479_/Q -> _18513_/D : -0.205999
[hold reg-reg] _20479_/Q -> _20136_/D : -0.205203
[hold reg-reg] _20479_/Q -> _18978_/D : -0.205089
[hold reg-reg] _20479_/Q -> _19791_/D : -0.204921
[hold reg-reg] _20479_/Q -> _19792_/D : -0.204142
[hold reg-reg] _20479_/Q -> _20063_/D : -0.203997
[hold reg-reg] _20479_/Q -> _18574_/D : -0.203608
[hold reg-reg] _20479_/Q -> _18577_/D : -0.203464
[hold reg-reg] _20479_/Q -> _18576_/D : -0.203402
[hold reg-reg] _20479_/Q -> _19886_/D : -0.203300
[hold reg-reg] _20479_/Q -> _19888_/D : -0.202999
[hold reg-reg] _20479_/Q -> _19887_/D : -0.202792
[hold reg-reg] _20479_/Q -> _19794_/D : -0.202744
[hold reg-reg] _20479_/Q -> _19787_/D : -0.202469
[hold reg-reg] _20479_/Q -> _19789_/D : -0.202222
[hold reg-reg] _20479_/Q -> _19790_/D : -0.202144
[hold reg-reg] _20479_/Q -> _18450_/D : -0.201975
[hold reg-reg] _20479_/Q -> _19788_/D : -0.201714
[hold reg-reg] _20479_/Q -> _19793_/D : -0.201458
[hold reg-reg] _20479_/Q -> _20066_/D : -0.201364
[hold reg-reg] _20479_/Q -> _18592_/D : -0.201355
[hold reg-reg] _20479_/Q -> _19890_/D : -0.201268
[hold reg-reg] _20479_/Q -> _19883_/D : -0.201197
[hold reg-reg] _20479_/Q -> _20072_/D : -0.201151
[hold reg-reg] _20479_/Q -> _18447_/D : -0.201055
[hold reg-reg] _20479_/Q -> _19889_/D : -0.200592
[hold reg-reg] _20479_/Q -> _20448_/D : -0.200469
[hold reg-reg] _20479_/Q -> _19950_/D : -0.200464
[hold reg-reg] _20479_/Q -> _20060_/D : -0.200295
[hold reg-reg] _20479_/Q -> _18449_/D : -0.200286
[hold reg-reg] _20479_/Q -> _19884_/D : -0.200266
[hold reg-reg] _20479_/Q -> _18497_/D : -0.200190
[hold reg-reg] _20479_/Q -> _19856_/D : -0.200028
[hold reg-reg] _20479_/Q -> _18528_/D : -0.199954
[hold reg-reg] _20479_/Q -> _18496_/D : -0.199920
[hold reg-reg] _20479_/Q -> _20449_/D : -0.199737
[hold reg-reg] _20479_/Q -> _19951_/D : -0.199496
[hold reg-reg] _20479_/Q -> _18498_/D : -0.199442
[hold reg-reg] _20479_/Q -> _19947_/D : -0.199430
[hold reg-reg] _20479_/Q -> _19954_/D : -0.199247
[hold reg-reg] _20479_/Q -> _20240_/D : -0.199226
[hold reg-reg] _20479_/Q -> _20450_/D : -0.198725
[hold reg-reg] _20479_/Q -> _19949_/D : -0.198632
[hold reg-reg] _20479_/Q -> _19855_/D : -0.198609
[hold reg-reg] _20479_/Q -> _19857_/D : -0.198366
[hold reg-reg] _20479_/Q -> _19858_/D : -0.198174
[hold reg-reg] _20479_/Q -> _19953_/D : -0.198051
[hold reg-reg] _20479_/Q -> _19854_/D : -0.198007
[hold reg-reg] _20479_/Q -> _19948_/D : -0.197696
[hold reg-reg] _20479_/Q -> _19851_/D : -0.197671
[hold reg-reg] _20479_/Q -> _20016_/D : -0.197394
[hold reg-reg] _20479_/Q -> _18491_/D : -0.196939
[hold reg-reg] _20479_/Q -> _20014_/D : -0.196895
[hold reg-reg] _20479_/Q -> _20443_/D : -0.196588
[hold reg-reg] _20479_/Q -> _19598_/D : -0.196286
[hold reg-reg] _20479_/Q -> _18941_/D : -0.196099
[hold reg-reg] _20479_/Q -> _20200_/D : -0.196060
[hold reg-reg] _20479_/Q -> _20142_/D : -0.195698
[hold reg-reg] _20479_/Q -> _18653_/D : -0.195628
[hold reg-reg] _20479_/Q -> _18994_/D : -0.195609
[hold reg-reg] _20479_/Q -> _18560_/D : -0.195570
[hold reg-reg] _20479_/Q -> _20011_/D : -0.195486
[hold reg-reg] _20479_/Q -> _20015_/D : -0.195465
[hold reg-reg] _20479_/Q -> _20017_/D : -0.195401
[hold reg-reg] _20479_/Q -> _18529_/D : -0.195319
[hold reg-reg] _20479_/Q -> _20209_/D : -0.195293
[hold reg-reg] _20479_/Q -> _20018_/D : -0.195268
[hold reg-reg] _20479_/Q -> _20146_/D : -0.195197
[hold reg-reg] _20479_/Q -> _20242_/D : -0.195124
[hold reg-reg] _20479_/Q -> _18988_/D : -0.194905
[hold reg-reg] _20479_/Q -> _20141_/D : -0.194893
[hold reg-reg] _20479_/Q -> _20145_/D : -0.194849
[hold reg-reg] _20479_/Q -> _20143_/D : -0.194637
[hold reg-reg] _20479_/Q -> _20239_/D : -0.194602
[hold reg-reg] _20479_/Q -> _20304_/D : -0.194214
[hold reg-reg] _20479_/Q -> _20012_/D : -0.194182
[hold reg-reg] _20479_/Q -> _20274_/D : -0.194127
[hold reg-reg] _20479_/Q -> _20210_/D : -0.194058
[hold reg-reg] _20479_/Q -> _20241_/D : -0.193841
[hold reg-reg] _20479_/Q -> _18624_/D : -0.193676
[hold reg-reg] _20479_/Q -> _18466_/D : -0.193610
[hold reg-reg] _20479_/Q -> _20207_/D : -0.193589
[hold reg-reg] _20479_/Q -> _18990_/D : -0.193527
[hold reg-reg] _20479_/Q -> _18464_/D : -0.193495
[hold reg-reg] _20479_/Q -> _20205_/D : -0.193442
[hold reg-reg] _20479_/Q -> _20237_/D : -0.193381
[hold reg-reg] _20479_/Q -> _18465_/D : -0.193253
[hold reg-reg] _20479_/Q -> _20271_/D : -0.193250
[hold reg-reg] _20479_/Q -> _19852_/D : -0.193189
[hold reg-reg] _20479_/Q -> _20270_/D : -0.193179
[hold reg-reg] _20479_/Q -> _20238_/D : -0.192776
[hold reg-reg] _20479_/Q -> _20140_/D : -0.192610
[hold reg-reg] _20479_/Q -> _20204_/D : -0.192594
[hold reg-reg] _20479_/Q -> _20208_/D : -0.192568
[hold reg-reg] _20479_/Q -> _19982_/D : -0.192554
[hold reg-reg] _20479_/Q -> _20269_/D : -0.192399
[hold reg-reg] _20479_/Q -> _18944_/D : -0.192394
[hold reg-reg] _20479_/Q -> _20206_/D : -0.192388
[hold reg-reg] _20479_/Q -> _20203_/D : -0.192356
[hold reg-reg] _20479_/Q -> _19026_/D : -0.192202
[hold reg-reg] _20479_/Q -> _20273_/D : -0.192177
[hold reg-reg] _20479_/Q -> _19979_/D : -0.191937
[hold reg-reg] _20479_/Q -> _20272_/D : -0.191825
[hold reg-reg] _20479_/Q -> _19985_/D : -0.191822
[hold reg-reg] _20479_/Q -> _18523_/D : -0.191733
[hold reg-reg] _20479_/Q -> _20268_/D : -0.191648
[hold reg-reg] _20479_/Q -> _19986_/D : -0.191575
[hold reg-reg] _20479_/Q -> _18991_/D : -0.191557
[hold reg-reg] _20479_/Q -> _18656_/D : -0.191509
[hold reg-reg] _20479_/Q -> _19042_/D : -0.191442
[hold reg-reg] _20479_/Q -> _19983_/D : -0.191402
[hold reg-reg] _20479_/Q -> _20144_/D : -0.191349
[hold reg-reg] _20479_/Q -> _19052_/D : -0.191166
[hold reg-reg] _20479_/Q -> _19885_/D : -0.190793
[hold reg-reg] _20479_/Q -> _18688_/D : -0.190596
[hold reg-reg] _20479_/Q -> _18593_/D : -0.190248
[hold reg-reg] _20479_/Q -> _18530_/D : -0.190024
[hold reg-reg] _20479_/Q -> _20306_/D : -0.189921
[hold reg-reg] _20479_/Q -> _18962_/D : -0.189823
[hold reg-reg] _20479_/Q -> _20305_/D : -0.189736
[hold reg-reg] _20479_/Q -> _18459_/D : -0.189624
[hold reg-reg] _20479_/Q -> _20302_/D : -0.189452
[hold reg-reg] _20479_/Q -> _19084_/D : -0.189358
[hold reg-reg] _20479_/Q -> _20303_/D : -0.189308
[hold reg-reg] _20479_/Q -> _18801_/D : -0.189287
[hold reg-reg] _20479_/Q -> _18956_/D : -0.189184
[hold reg-reg] _20479_/Q -> _19106_/D : -0.189141
[hold reg-reg] _20479_/Q -> _18594_/D : -0.189058
[hold reg-reg] _20479_/Q -> _18882_/D : -0.189042
[hold reg-reg] _20479_/Q -> _18946_/D : -0.188919
[hold reg-reg] _20479_/Q -> _19853_/D : -0.188807
[hold reg-reg] _20479_/Q -> _18587_/D : -0.188727
[hold reg-reg] _20479_/Q -> _20301_/D : -0.188562
[hold reg-reg] _20479_/Q -> _20139_/D : -0.188555
[hold reg-reg] _20479_/Q -> _18689_/D : -0.188479
[hold reg-reg] _20479_/Q -> _18495_/D : -0.188416
[hold reg-reg] _20479_/Q -> _20299_/D : -0.188400
[hold reg-reg] _20479_/Q -> _18492_/D : -0.188276
[hold reg-reg] _20479_/Q -> _19020_/D : -0.188253
[hold reg-reg] _20479_/Q -> _18738_/D : -0.187855
[hold reg-reg] _20479_/Q -> _19154_/D : -0.187821
[hold reg-reg] _20479_/Q -> _18625_/D : -0.187805
[hold reg-reg] _20479_/Q -> _20078_/D : -0.187782
[hold reg-reg] _20479_/Q -> _18833_/D : -0.187766
[hold reg-reg] _20479_/Q -> _18734_/D : -0.187669
[hold reg-reg] _20479_/Q -> _18722_/D : -0.187640
[hold reg-reg] _20479_/Q -> _20082_/D : -0.187633
[hold reg-reg] _20479_/Q -> _20079_/D : -0.187606
[hold reg-reg] _20479_/Q -> _18588_/D : -0.187592
[hold reg-reg] _20479_/Q -> _18797_/D : -0.187521
[hold reg-reg] _20479_/Q -> _19148_/D : -0.187459
[hold reg-reg] _20479_/Q -> _20444_/D : -0.187422
[hold reg-reg] _20479_/Q -> _18834_/D : -0.187301
[hold reg-reg] _20479_/Q -> _18674_/D : -0.187018
[hold reg-reg] _20479_/Q -> _20236_/D : -0.186919
[hold reg-reg] _20479_/Q -> _18668_/D : -0.186775
[hold reg-reg] _20479_/Q -> _19980_/D : -0.186747
[hold reg-reg] _20479_/Q -> _20235_/D : -0.186741
[hold reg-reg] _20479_/Q -> _20114_/D : -0.186692
[hold reg-reg] _20479_/Q -> _20081_/D : -0.186649
[hold reg-reg] _20479_/Q -> _18796_/D : -0.186626
[hold reg-reg] _20479_/Q -> _18561_/D : -0.186580
[hold reg-reg] _20479_/Q -> _19010_/D : -0.186546
[hold reg-reg] _20479_/Q -> _20077_/D : -0.186493
[hold reg-reg] _20479_/Q -> _20076_/D : -0.186443
[hold reg-reg] _20479_/Q -> _19022_/D : -0.186377
[hold reg-reg] _20479_/Q -> _18829_/D : -0.186310
[hold reg-reg] _20479_/Q -> _19090_/D : -0.186294
[hold reg-reg] _20479_/Q -> _18460_/D : -0.186214
[hold reg-reg] _20479_/Q -> _20080_/D : -0.186153
[hold reg-reg] _20479_/Q -> _19058_/D : -0.186057
[hold reg-reg] _20479_/Q -> _18493_/D : -0.185812
[hold reg-reg] _20479_/Q -> _20013_/D : -0.185693
[hold reg-reg] _20479_/Q -> _18828_/D : -0.185546
[hold reg-reg] _20479_/Q -> _19180_/D : -0.185533
[hold reg-reg] _20479_/Q -> _18562_/D : -0.185523
[hold reg-reg] _20479_/Q -> _18881_/D : -0.185519
[hold reg-reg] _20479_/Q -> _18865_/D : -0.185432
[hold reg-reg] _20479_/Q -> _20264_/D : -0.185432
[hold reg-reg] _20479_/Q -> _18670_/D : -0.185386
[hold reg-reg] _20479_/Q -> _20267_/D : -0.185370
[hold reg-reg] _20479_/Q -> _18555_/D : -0.185116
[hold reg-reg] _20479_/Q -> _20113_/D : -0.184830
[hold reg-reg] _20479_/Q -> _19023_/D : -0.184681
[hold reg-reg] _20479_/Q -> _18866_/D : -0.184532
[hold reg-reg] _20479_/Q -> _20109_/D : -0.184269
[hold reg-reg] _20479_/Q -> _18671_/D : -0.184203
[hold reg-reg] _20479_/Q -> _18830_/D : -0.184134
[hold reg-reg] _20479_/Q -> _20112_/D : -0.184043
[hold reg-reg] _20479_/Q -> _20402_/D : -0.184025
[hold reg-reg] _20479_/Q -> _20111_/D : -0.183926
[hold reg-reg] _20479_/Q -> _18619_/D : -0.183892
[hold reg-reg] _20479_/Q -> _18556_/D : -0.183769
[hold reg-reg] _20479_/Q -> _18861_/D : -0.183766
[hold reg-reg] _20479_/Q -> _18732_/D : -0.183737
[hold reg-reg] _20479_/Q -> _18527_/D : -0.183670
[hold reg-reg] _20479_/Q -> _20398_/D : -0.183668
[hold reg-reg] _20479_/Q -> _18892_/D : -0.183583
[hold reg-reg] _20479_/Q -> _20110_/D : -0.183501
[hold reg-reg] _20479_/Q -> _19150_/D : -0.183450
[hold reg-reg] _20479_/Q -> _20401_/D : -0.183434
[hold reg-reg] _20479_/Q -> _20400_/D : -0.183345
[hold reg-reg] _20479_/Q -> _18524_/D : -0.183332
[hold reg-reg] _20479_/Q -> _18591_/D : -0.183160
[hold reg-reg] _20479_/Q -> _18731_/D : -0.183110
[hold reg-reg] _20479_/Q -> _18831_/D : -0.183071
[hold reg-reg] _20479_/Q -> _20104_/D : -0.182874
[hold reg-reg] _20479_/Q -> _20108_/D : -0.182515
[hold reg-reg] _20479_/Q -> _18735_/D : -0.182514
[hold reg-reg] _20479_/Q -> _18721_/D : -0.182384
[hold reg-reg] _20479_/Q -> _19186_/D : -0.182121
[hold reg-reg] _20479_/Q -> _18800_/D : -0.182091
[hold reg-reg] _20479_/Q -> _20399_/D : -0.182089
[hold reg-reg] _20479_/Q -> _19981_/D : -0.182082
[hold reg-reg] _20479_/Q -> _18626_/D : -0.182068
[hold reg-reg] _20479_/Q -> _18795_/D : -0.182046
[hold reg-reg] _20479_/Q -> _18799_/D : -0.182029
[hold reg-reg] _20479_/Q -> _18860_/D : -0.182023
[hold reg-reg] _20479_/Q -> _20300_/D : -0.181890
[hold reg-reg] _20479_/Q -> _19182_/D : -0.181801
[hold reg-reg] _20479_/Q -> _18832_/D : -0.181473
[hold reg-reg] _20479_/Q -> _18862_/D : -0.181275
[hold reg-reg] _20479_/Q -> _18914_/D : -0.180922
[hold reg-reg] _20479_/Q -> _18798_/D : -0.180608
[hold reg-reg] _20479_/Q -> _18802_/D : -0.180581
[hold reg-reg] _20479_/Q -> _19054_/D : -0.180577
[hold reg-reg] _20479_/Q -> _19086_/D : -0.180567
[hold reg-reg] _20479_/Q -> _18895_/D : -0.180345
[hold reg-reg] _20479_/Q -> _18912_/D : -0.179645
[hold reg-reg] _20479_/Q -> _20075_/D : -0.179538
[hold reg-reg] _20479_/Q -> _18706_/D : -0.179519
[hold reg-reg] _20479_/Q -> _18891_/D : -0.178977
[hold reg-reg] _20479_/Q -> _20107_/D : -0.178852
[hold reg-reg] _20479_/Q -> _18958_/D : -0.178149
[hold reg-reg] _20479_/Q -> _18864_/D : -0.178094
[hold reg-reg] _20479_/Q -> _18859_/D : -0.177911
[hold reg-reg] _20479_/Q -> _19268_/D : -0.177900
[hold reg-reg] _20479_/Q -> _18898_/D : -0.177684
[hold reg-reg] _20479_/Q -> _20296_/D : -0.177506
[hold reg-reg] _20479_/Q -> _18894_/D : -0.177401
[hold reg-reg] _20479_/Q -> _18702_/D : -0.177387
[hold reg-reg] _20479_/Q -> _18878_/D : -0.176465
[hold reg-reg] _20479_/Q -> _18863_/D : -0.176204
[hold reg-reg] _20479_/Q -> _18620_/D : -0.175607
[hold reg-reg] _20479_/Q -> _18718_/D : -0.175456
[hold reg-reg] _20479_/Q -> _20232_/D : -0.175209
[hold reg-reg] _20479_/Q -> _19428_/D : -0.174831
[hold reg-reg] _20479_/Q -> _18814_/D : -0.174685
[hold reg-reg] _20479_/Q -> _18913_/D : -0.174678
[hold reg-reg] _20479_/Q -> _18700_/D : -0.173285
[hold reg-reg] _20479_/Q -> _18703_/D : -0.173047
[hold reg-reg] _20479_/Q -> _19758_/D : -0.172468
[hold reg-reg] _20479_/Q -> _18683_/D : -0.172079
[hold reg-reg] _20479_/Q -> _19017_/D : -0.170720
[hold reg-reg] _20479_/Q -> _19081_/D : -0.170685
[hold reg-reg] _20479_/Q -> _18684_/D : -0.170584
[hold reg-reg] _20479_/Q -> _20416_/D : -0.170445
[hold reg-reg] _20479_/Q -> _19759_/D : -0.170370
[hold reg-reg] _20479_/Q -> _18686_/D : -0.170333
[hold reg-reg] _20479_/Q -> _19755_/D : -0.170306
[hold reg-reg] _20479_/Q -> _19762_/D : -0.170131
[hold reg-reg] _20479_/Q -> _19757_/D : -0.169694
[hold reg-reg] _20479_/Q -> _18687_/D : -0.169505
[hold reg-reg] _20479_/Q -> _19761_/D : -0.169464
[hold reg-reg] _20479_/Q -> _19236_/D : -0.169381
[hold reg-reg] _20479_/Q -> _18880_/D : -0.168345
[hold reg-reg] _20479_/Q -> _19756_/D : -0.168283
[hold reg-reg] _20479_/Q -> _20418_/D : -0.167756
[hold reg-reg] _20479_/Q -> _18875_/D : -0.167685
[hold reg-reg] _20479_/Q -> _18717_/D : -0.167194
[hold reg-reg] _20479_/Q -> _18715_/D : -0.167043
[hold reg-reg] _20479_/Q -> _18876_/D : -0.166812
[hold reg-reg] _20479_/Q -> _18720_/D : -0.166557
[hold reg-reg] _20479_/Q -> _20138_/D : -0.166255
[hold reg-reg] _20479_/Q -> _20046_/D : -0.166175
[hold reg-reg] _20479_/Q -> _20047_/D : -0.166107
[hold reg-reg] _20479_/Q -> _18879_/D : -0.166054
[hold reg-reg] _20479_/Q -> _18817_/D : -0.165912
[hold reg-reg] _20479_/Q -> _20132_/D : -0.165855
[hold reg-reg] _20479_/Q -> _20050_/D : -0.165835
[hold reg-reg] _20479_/Q -> _20045_/D : -0.165597
[hold reg-reg] _20479_/Q -> _20049_/D : -0.165423
[hold reg-reg] _20479_/Q -> _20048_/D : -0.165089
[hold reg-reg] _20479_/Q -> _18816_/D : -0.165079
[hold reg-reg] _20479_/Q -> _18930_/D : -0.164780
[hold reg-reg] _20479_/Q -> _18924_/D : -0.164553
[hold reg-reg] _20479_/Q -> _19594_/D : -0.164524
[hold reg-reg] _20479_/Q -> _18843_/D : -0.164523
[hold reg-reg] _20479_/Q -> _18849_/D : -0.163631
[hold reg-reg] _20479_/Q -> _19204_/D : -0.163611
[hold reg-reg] _20479_/Q -> _20044_/D : -0.163286
[hold reg-reg] _20479_/Q -> _18747_/D : -0.163046
[hold reg-reg] _20479_/Q -> _19049_/D : -0.162814
[hold reg-reg] _20479_/Q -> _20417_/D : -0.162412
[hold reg-reg] _20479_/Q -> _19587_/D : -0.162116
[hold reg-reg] _20479_/Q -> _19626_/D : -0.161895
[hold reg-reg] _20479_/Q -> _18753_/D : -0.161737
[hold reg-reg] _20479_/Q -> _19530_/D : -0.161712
[hold reg-reg] _20479_/Q -> _18750_/D : -0.161490
[hold reg-reg] _20479_/Q -> _20411_/D : -0.161416
[hold reg-reg] _20479_/Q -> _20068_/D : -0.161350
[hold reg-reg] _20479_/Q -> _19690_/D : -0.161119
[hold reg-reg] _20479_/Q -> _19267_/D : -0.161085
[hold reg-reg] _20479_/Q -> _19619_/D : -0.161041
[hold reg-reg] _20479_/Q -> _19523_/D : -0.160778
[hold reg-reg] _20479_/Q -> _18909_/D : -0.160700
[hold reg-reg] _20479_/Q -> _20074_/D : -0.160458
[hold reg-reg] _20479_/Q -> _18926_/D : -0.160378
[hold reg-reg] _20479_/Q -> _18908_/D : -0.160117
[hold reg-reg] _20479_/Q -> _19177_/D : -0.160110
[hold reg-reg] _20479_/Q -> _19235_/D : -0.160044
[hold reg-reg] _20479_/Q -> _18504_/D : -0.159931
[hold reg-reg] _20479_/Q -> _18911_/D : -0.159828
[hold reg-reg] _20479_/Q -> _19592_/D : -0.159618
[hold reg-reg] _20479_/Q -> _20266_/D : -0.159510
[hold reg-reg] _20479_/Q -> _18494_/D : -0.159346
[hold reg-reg] _20479_/Q -> _20043_/D : -0.158966
[hold reg-reg] _20479_/Q -> _19658_/D : -0.158403
[hold reg-reg] _20479_/Q -> _19589_/D : -0.158137
[hold reg-reg] _20479_/Q -> _20447_/D : -0.157918
[hold reg-reg] _20479_/Q -> _18811_/D : -0.157899
[hold reg-reg] _20479_/Q -> _19527_/D : -0.157735
[hold reg-reg] _20479_/Q -> _20446_/D : -0.157463
[hold reg-reg] _20479_/Q -> _19591_/D : -0.156941
[hold reg-reg] _20479_/Q -> _20202_/D : -0.156769
[hold reg-reg] _20479_/Q -> _20196_/D : -0.156650
[hold reg-reg] _20479_/Q -> _19562_/D : -0.156605
[hold reg-reg] _20479_/Q -> _20445_/D : -0.156415
[hold reg-reg] _20479_/Q -> _20106_/D : -0.156396
[hold reg-reg] _20479_/Q -> _20100_/D : -0.155737
[hold reg-reg] _20479_/Q -> _19300_/D : -0.155579
[hold reg-reg] _20479_/Q -> _19624_/D : -0.155573
[hold reg-reg] _20479_/Q -> _19623_/D : -0.155300
[hold reg-reg] _20479_/Q -> _19621_/D : -0.154994
[hold reg-reg] _20479_/Q -> _20412_/D : -0.154978
[hold reg-reg] _20479_/Q -> _20413_/D : -0.154879
[hold reg-reg] _20479_/Q -> _19528_/D : -0.154873
[hold reg-reg] _20479_/Q -> _20415_/D : -0.154810
[hold reg-reg] _20479_/Q -> _19145_/D : -0.154770
[hold reg-reg] _20479_/Q -> _18526_/D : -0.154701
[hold reg-reg] _20479_/Q -> _18636_/D : -0.154373
[hold reg-reg] _20479_/Q -> _20298_/D : -0.154213
[hold reg-reg] _20479_/Q -> _19683_/D : -0.154165
[hold reg-reg] _20479_/Q -> _18590_/D : -0.154081
[hold reg-reg] _20479_/Q -> _20292_/D : -0.154076
[hold reg-reg] _20479_/Q -> _19688_/D : -0.153900
[hold reg-reg] _20479_/Q -> _19364_/D : -0.153154
[hold reg-reg] _20479_/Q -> _19687_/D : -0.152861
[hold reg-reg] _20479_/Q -> _18642_/D : -0.152708
[hold reg-reg] _20479_/Q -> _19722_/D : -0.152701
[hold reg-reg] _20479_/Q -> _19685_/D : -0.152680
[hold reg-reg] _20479_/Q -> _19105_/D : -0.152676
[hold reg-reg] _20479_/Q -> _18638_/D : -0.152571
[hold reg-reg] _20479_/Q -> _19651_/D : -0.152397
[hold reg-reg] _20479_/Q -> _18639_/D : -0.152351
[hold reg-reg] _20479_/Q -> _18907_/D : -0.152150
[hold reg-reg] _20479_/Q -> _20228_/D : -0.151932
[hold reg-reg] _20479_/Q -> _19656_/D : -0.151809
[hold reg-reg] _20479_/Q -> _18463_/D : -0.151761
[hold reg-reg] _20479_/Q -> _18589_/D : -0.151598
[hold reg-reg] _20479_/Q -> _18525_/D : -0.151500
[hold reg-reg] _20479_/Q -> _19073_/D : -0.151278
[hold reg-reg] _20479_/Q -> _18462_/D : -0.151248
[hold reg-reg] _20479_/Q -> _20131_/D : -0.151106
[hold reg-reg] _20479_/Q -> _19203_/D : -0.151065
[hold reg-reg] _20479_/Q -> _19655_/D : -0.150740
[hold reg-reg] _20479_/Q -> _20260_/D : -0.150516
[hold reg-reg] _20479_/Q -> _19103_/D : -0.150370
[hold reg-reg] _20479_/Q -> _19041_/D : -0.150184
[hold reg-reg] _20479_/Q -> _19593_/D : -0.150150
[hold reg-reg] _20479_/Q -> _18558_/D : -0.150031
[hold reg-reg] _20479_/Q -> _19689_/D : -0.149937
[hold reg-reg] _20479_/Q -> _19555_/D : -0.149843
[hold reg-reg] _20479_/Q -> _18716_/D : -0.149770
[hold reg-reg] _20479_/Q -> _19198_/D : -0.149585
[hold reg-reg] _20479_/Q -> _19625_/D : -0.149578
[hold reg-reg] _20479_/Q -> _18461_/D : -0.149527
[hold reg-reg] _20479_/Q -> _19197_/D : -0.149504
[hold reg-reg] _20479_/Q -> _19560_/D : -0.149493
[hold reg-reg] _20479_/Q -> _18559_/D : -0.149438
[hold reg-reg] _20479_/Q -> _19201_/D : -0.149150
[hold reg-reg] _20479_/Q -> _19165_/D : -0.149010
[hold reg-reg] _20479_/Q -> _19525_/D : -0.148768
[hold reg-reg] _20479_/Q -> _19529_/D : -0.148747
[hold reg-reg] _20479_/Q -> _18985_/D : -0.148491
[hold reg-reg] _20479_/Q -> _19559_/D : -0.148409
[hold reg-reg] _20479_/Q -> _19169_/D : -0.148402
[hold reg-reg] _20479_/Q -> _18812_/D : -0.148372
[hold reg-reg] _20479_/Q -> _18719_/D : -0.148301
[hold reg-reg] _20479_/Q -> _18815_/D : -0.147638
[hold reg-reg] _20479_/Q -> _18557_/D : -0.147365
[hold reg-reg] _20479_/Q -> _18844_/D : -0.147173
[hold reg-reg] _20479_/Q -> _19427_/D : -0.147047
[hold reg-reg] _20479_/Q -> _18846_/D : -0.146933
[hold reg-reg] _20479_/Q -> _19715_/D : -0.146931
[hold reg-reg] _20479_/Q -> _19016_/D : -0.146930
[hold reg-reg] _20479_/Q -> _18658_/D : -0.146539
[hold reg-reg] _20479_/Q -> _20198_/D : -0.146455
[hold reg-reg] _20479_/Q -> _19009_/D : -0.146347
[hold reg-reg] _20479_/Q -> _20067_/D : -0.146144
[hold reg-reg] _20479_/Q -> _18622_/D : -0.146034
[hold reg-reg] _20479_/Q -> _18623_/D : -0.145990
[hold reg-reg] _20479_/Q -> _19080_/D : -0.145953
[hold reg-reg] _20479_/Q -> _18953_/D : -0.145747
[hold reg-reg] _20479_/Q -> _19199_/D : -0.145684
[hold reg-reg] _20479_/Q -> _20102_/D : -0.145533
[hold reg-reg] _20479_/Q -> _19720_/D : -0.145441
[hold reg-reg] _20479_/Q -> _19653_/D : -0.145429
[hold reg-reg] _20479_/Q -> _19037_/D : -0.145302
[hold reg-reg] _20479_/Q -> _19719_/D : -0.145276
[hold reg-reg] _20479_/Q -> _18748_/D : -0.145246
[hold reg-reg] _20479_/Q -> _19167_/D : -0.145203
[hold reg-reg] _20479_/Q -> _18847_/D : -0.145175
[hold reg-reg] _20479_/Q -> _19657_/D : -0.145020
[hold reg-reg] _20479_/Q -> _19166_/D : -0.144906
[hold reg-reg] _20479_/Q -> _18984_/D : -0.144885
[hold reg-reg] _20479_/Q -> _18621_/D : -0.144736
[hold reg-reg] _20479_/Q -> _18977_/D : -0.144331
[hold reg-reg] _20479_/Q -> _18751_/D : -0.143853
[hold reg-reg] _20479_/Q -> _19943_/D : -0.143848
[hold reg-reg] _20479_/Q -> _20259_/D : -0.143613
[hold reg-reg] _20479_/Q -> _19048_/D : -0.143102
[hold reg-reg] _20479_/Q -> _19561_/D : -0.143029
[hold reg-reg] _20479_/Q -> _19176_/D : -0.142764
[hold reg-reg] _20479_/Q -> _18952_/D : -0.142736
[hold reg-reg] _20479_/Q -> _19557_/D : -0.142697
[hold reg-reg] _20479_/Q -> _18910_/D : -0.142649
[hold reg-reg] _20479_/Q -> _19721_/D : -0.142609
[hold reg-reg] _20479_/Q -> _19102_/D : -0.142222
[hold reg-reg] _20479_/Q -> _19101_/D : -0.142183
[hold reg-reg] _20479_/Q -> _20230_/D : -0.142181
[hold reg-reg] _20479_/Q -> _19039_/D : -0.141947
[hold reg-reg] _20479_/Q -> _20137_/D : -0.141892
[hold reg-reg] _20479_/Q -> _18979_/D : -0.141851
[hold reg-reg] _20479_/Q -> _19038_/D : -0.141645
[hold reg-reg] _20479_/Q -> _18736_/D : -0.141581
[hold reg-reg] _20479_/Q -> _18737_/D : -0.141567
[hold reg-reg] _20479_/Q -> _18472_/D : -0.141535
[hold reg-reg] _20479_/Q -> _20099_/D : -0.141526
[hold reg-reg] _20479_/Q -> _20195_/D : -0.141352
[hold reg-reg] _20479_/Q -> _20135_/D : -0.140945
[hold reg-reg] _20479_/Q -> _19942_/D : -0.140393
[hold reg-reg] _20479_/Q -> _18657_/D : -0.140387
[hold reg-reg] _20479_/Q -> _19944_/D : -0.140338
[hold reg-reg] _20479_/Q -> _18673_/D : -0.139996
[hold reg-reg] _20479_/Q -> _19717_/D : -0.139982
[hold reg-reg] _20479_/Q -> _19075_/D : -0.139829
[hold reg-reg] _20479_/Q -> _18733_/D : -0.139794
[hold reg-reg] _20479_/Q -> _19043_/D : -0.139792
[hold reg-reg] _20479_/Q -> _20291_/D : -0.139774
[hold reg-reg] _20479_/Q -> _18947_/D : -0.139748
[hold reg-reg] _20479_/Q -> _19006_/D : -0.139657
[hold reg-reg] _20479_/Q -> _20133_/D : -0.139551
[hold reg-reg] _20479_/Q -> _19071_/D : -0.139520
[hold reg-reg] _20479_/Q -> _18669_/D : -0.139298
[hold reg-reg] _20479_/Q -> _18667_/D : -0.139167
[hold reg-reg] _20479_/Q -> _18672_/D : -0.139119
[hold reg-reg] _20479_/Q -> _19144_/D : -0.138956
[hold reg-reg] _20479_/Q -> _18897_/D : -0.137176
[hold reg-reg] _20479_/Q -> _19395_/D : -0.137076
[hold reg-reg] _20479_/Q -> _19070_/D : -0.137069
[hold reg-reg] _20479_/Q -> _19007_/D : -0.136977
[hold reg-reg] _20479_/Q -> _20227_/D : -0.136827
[hold reg-reg] _20479_/Q -> _19429_/D : -0.136763
[hold reg-reg] _20479_/Q -> _19171_/D : -0.136703
[hold reg-reg] _20479_/Q -> _20073_/D : -0.136534
[hold reg-reg] _20479_/Q -> _19196_/D : -0.136300
[hold reg-reg] _20479_/Q -> _18896_/D : -0.136154
[hold reg-reg] _20479_/Q -> _20071_/D : -0.135861
[hold reg-reg] _20479_/Q -> _18893_/D : -0.135687
[hold reg-reg] _20479_/Q -> _19299_/D : -0.135287
[hold reg-reg] _20479_/Q -> _18827_/D : -0.135245
[hold reg-reg] _20479_/Q -> _19195_/D : -0.134975
[hold reg-reg] _20479_/Q -> _19363_/D : -0.134120
[hold reg-reg] _20479_/Q -> _18973_/D : -0.133953
[hold reg-reg] _20479_/Q -> _19164_/D : -0.133841
[hold reg-reg] _20479_/Q -> _19163_/D : -0.133090
[hold reg-reg] _20479_/Q -> _20201_/D : -0.133088
[hold reg-reg] _20479_/Q -> _20105_/D : -0.132268
[hold reg-reg] _20479_/Q -> _20199_/D : -0.132189
[hold reg-reg] _20479_/Q -> _19139_/D : -0.132161
[hold reg-reg] _20479_/Q -> _19036_/D : -0.132083
[hold reg-reg] _20479_/Q -> _18975_/D : -0.131951
[hold reg-reg] _20479_/Q -> _18440_/D : -0.131845
[hold reg-reg] _20479_/Q -> _18705_/D : -0.131235
[hold reg-reg] _20479_/Q -> _18974_/D : -0.131017
[hold reg-reg] _20479_/Q -> _18704_/D : -0.130589
[hold reg-reg] _20479_/Q -> _19035_/D : -0.130367
[hold reg-reg] _20479_/Q -> _20007_/D : -0.130306
[hold reg-reg] _20479_/Q -> _18699_/D : -0.129775
[hold reg-reg] _20479_/Q -> _18701_/D : -0.129770
[hold reg-reg] _20479_/Q -> _19100_/D : -0.129594
[hold reg-reg] _20479_/Q -> _18982_/D : -0.128519
[hold reg-reg] _20479_/Q -> _19974_/D : -0.127976
[hold reg-reg] _20479_/Q -> _19976_/D : -0.127773
[hold reg-reg] _20479_/Q -> _19174_/D : -0.127656
[hold reg-reg] _20479_/Q -> _19099_/D : -0.127365
[hold reg-reg] _20479_/Q -> _19331_/D : -0.127324
[hold reg-reg] _20479_/Q -> _20008_/D : -0.127232
[hold reg-reg] _20479_/Q -> _19004_/D : -0.127105
[hold reg-reg] _20479_/Q -> _19011_/D : -0.127052
[hold reg-reg] _20479_/Q -> _19068_/D : -0.126880
[hold reg-reg] _20479_/Q -> _19067_/D : -0.126876
[hold reg-reg] _20479_/Q -> _20414_/D : -0.126736
[hold reg-reg] _20479_/Q -> _20231_/D : -0.126388
[hold reg-reg] _20479_/Q -> _18945_/D : -0.126201
[hold reg-reg] _20479_/Q -> _18950_/D : -0.126068
[hold reg-reg] _20479_/Q -> _18654_/D : -0.125123
[hold reg-reg] _20479_/Q -> _18943_/D : -0.124590
[hold reg-reg] _20479_/Q -> _19003_/D : -0.124526
[hold reg-reg] _20479_/Q -> _19269_/D : -0.123118
[hold reg-reg] _20479_/Q -> _19365_/D : -0.122190
[hold reg-reg] _20479_/Q -> _20261_/D : -0.121840
[hold reg-reg] _20479_/Q -> _19847_/D : -0.121627
[hold reg-reg] _20479_/Q -> _19237_/D : -0.121283
[hold reg-reg] _20479_/Q -> _19239_/D : -0.121222
[hold reg-reg] _20479_/Q -> _18972_/D : -0.120336
[hold reg-reg] _20479_/Q -> _19173_/D : -0.120050
[hold reg-reg] _20479_/Q -> _19431_/D : -0.119936
[hold reg-reg] _20479_/Q -> _19273_/D : -0.119750
[hold reg-reg] _20479_/Q -> _20101_/D : -0.119078
[hold reg-reg] _20479_/Q -> _19078_/D : -0.118922
[hold reg-reg] _20479_/Q -> _19046_/D : -0.118877
[hold reg-reg] _20479_/Q -> _19013_/D : -0.118773
[hold reg-reg] _20479_/Q -> _19045_/D : -0.118737
[hold reg-reg] _20479_/Q -> _18971_/D : -0.118495
[hold reg-reg] _20479_/Q -> _18651_/D : -0.118170
[hold reg-reg] _20479_/Q -> _19272_/D : -0.118099
[hold reg-reg] _20479_/Q -> _19241_/D : -0.117991
[hold reg-reg] _20479_/Q -> _19271_/D : -0.117376
[hold reg-reg] _20479_/Q -> _19433_/D : -0.117106
[hold reg-reg] _20479_/Q -> _19240_/D : -0.116637
[hold reg-reg] _20479_/Q -> _19205_/D : -0.116541
[hold reg-reg] _20461_/Q -> _19606_/D : -0.116442
[hold reg-reg] _20479_/Q -> _20234_/D : -0.115472
[hold reg-reg] _20479_/Q -> _19207_/D : -0.115397
[hold reg-reg] _20479_/Q -> _19432_/D : -0.115080
[hold reg-reg] _20479_/Q -> _18981_/D : -0.115076
[hold reg-reg] _20461_/Q -> _19702_/D : -0.114296
[hold reg-reg] _20479_/Q -> _19782_/D : -0.114163
[hold reg-reg] _20479_/Q -> _19783_/D : -0.114106
[hold reg-reg] _20479_/Q -> _19784_/D : -0.114039
[hold reg-reg] _20479_/Q -> _19077_/D : -0.113591
[hold reg-reg] _20479_/Q -> _18949_/D : -0.112919
[hold reg-reg] _20479_/Q -> _19018_/D : -0.112815
[hold reg-reg] _20479_/Q -> _19209_/D : -0.112324
[hold reg-reg] _20479_/Q -> _19397_/D : -0.112307
[hold reg-reg] _20479_/Q -> _19333_/D : -0.112280
[hold reg-reg] _20479_/Q -> _18954_/D : -0.112244
[hold reg-reg] _20479_/Q -> _18635_/D : -0.112165
[hold reg-reg] _20479_/Q -> _18641_/D : -0.112063
[hold reg-reg] _20479_/Q -> _18942_/D : -0.112026
[hold reg-reg] _20479_/Q -> _19014_/D : -0.111795
[hold reg-reg] _20479_/Q -> _19208_/D : -0.111761
[hold reg-reg] _20479_/Q -> _18640_/D : -0.111424
[hold reg-reg] _20479_/Q -> _20265_/D : -0.111198
[hold reg-reg] _20479_/Q -> _18637_/D : -0.110507
[hold reg-reg] _20479_/Q -> _18652_/D : -0.109402
[hold reg-reg] _20479_/Q -> _18986_/D : -0.109166
[hold reg-reg] _20479_/Q -> _19848_/D : -0.109079
[hold reg-reg] _20479_/Q -> _19368_/D : -0.108725
[hold reg-reg] _20479_/Q -> _19178_/D : -0.108681
[hold reg-reg] _20479_/Q -> _19141_/D : -0.108544
[hold reg-reg] _20479_/Q -> _19082_/D : -0.108308
[hold reg-reg] _20479_/Q -> _20069_/D : -0.108155
[hold reg-reg] _20479_/Q -> _19142_/D : -0.107967
[hold reg-reg] _20479_/Q -> _19050_/D : -0.107946
[hold reg-reg] _20479_/Q -> _19880_/D : -0.107653
[hold reg-reg] _20479_/Q -> _19301_/D : -0.107429
[hold reg-reg] _20479_/Q -> _18655_/D : -0.107244
[hold reg-reg] _20479_/Q -> _20297_/D : -0.106967
[hold reg-reg] _20479_/Q -> _19303_/D : -0.106551
[hold reg-reg] _20479_/Q -> _19367_/D : -0.106121
[hold reg-reg] _20479_/Q -> _20263_/D : -0.105841
[hold reg-reg] _20461_/Q -> _19510_/D : -0.105326
[hold reg-reg] _20479_/Q -> _19304_/D : -0.105272
[hold reg-reg] _20479_/Q -> _20233_/D : -0.104977
[hold reg-reg] _20479_/Q -> _19912_/D : -0.104897
[hold reg-reg] _20479_/Q -> _19911_/D : -0.104848
[hold reg-reg] _20479_/Q -> _19305_/D : -0.104771
[hold reg-reg] _20479_/Q -> _20197_/D : -0.104656
[hold reg-reg] _20479_/Q -> _19146_/D : -0.104034
[hold reg-reg] _20479_/Q -> _19369_/D : -0.103920
[hold reg-reg] _20461_/Q -> _19542_/D : -0.103562
[hold reg-reg] _20479_/Q -> _20103_/D : -0.102849
[hold reg-reg] _20479_/Q -> _19878_/D : -0.102361
[hold reg-reg] _20479_/Q -> _19879_/D : -0.102242
[hold reg-reg] _20479_/Q -> _20293_/D : -0.102082
[hold reg-reg] _20479_/Q -> _19975_/D : -0.101425
[hold reg-reg] _20479_/Q -> _20295_/D : -0.101361
[hold reg-reg] _20479_/Q -> _18939_/D : -0.101286
[hold reg-reg] _20479_/Q -> _18940_/D : -0.100824
[hold reg-reg] _20479_/Q -> _20229_/D : -0.100732
[hold reg-reg] _20479_/Q -> _19977_/D : -0.099265
[hold reg-reg] _20479_/Q -> _19460_/D : -0.098748
[hold reg-reg] _20479_/Q -> _19399_/D : -0.098630
[hold reg-reg] _20479_/Q -> _19913_/D : -0.098566
[hold reg-reg] _20479_/Q -> _19400_/D : -0.097998
[hold reg-reg] _20479_/Q -> _19336_/D : -0.097378
[hold reg-reg] _20461_/Q -> _19610_/D : -0.097035
[hold reg-reg] _20479_/Q -> _19401_/D : -0.096859
[hold reg-reg] _20479_/Q -> _20009_/D : -0.095950
[hold reg-reg] _20479_/Q -> _18983_/D : -0.095941
[hold reg-reg] _20479_/Q -> _19396_/D : -0.095465
[hold reg-reg] _20479_/Q -> _19337_/D : -0.095463
[hold reg-reg] _20479_/Q -> _19332_/D : -0.095076
[hold reg-reg] _20479_/Q -> _19335_/D : -0.094865
[hold reg-reg] _20479_/Q -> _19910_/D : -0.094444
[hold reg-reg] _20461_/Q -> _19734_/D : -0.094401
[hold reg-reg] _20479_/Q -> _19785_/D : -0.094298
[hold reg-reg] _20461_/Q -> _19670_/D : -0.094063
[hold reg-reg] _20479_/Q -> _19945_/D : -0.093991
[hold reg-reg] _20479_/Q -> _19015_/D : -0.092856
[hold reg-reg] _20461_/Q -> _19574_/D : -0.090560
[hold reg-reg] _20479_/Q -> _19461_/D : -0.090349
[hold reg-reg] _20461_/Q -> _19638_/D : -0.090063
[hold reg-reg] _20461_/Q -> _19578_/D : -0.089999
[hold reg-reg] _20461_/Q -> _19642_/D : -0.089901
[hold reg-reg] _20461_/Q -> _19706_/D : -0.088743
[hold reg-reg] _20479_/Q -> _20324_/D : -0.088415
[hold reg-reg] _20479_/Q -> _19812_/D : -0.085272
[hold reg-reg] _20479_/Q -> _18980_/D : -0.083631
[hold reg-reg] _20479_/Q -> _20006_/D : -0.082817
[hold reg-reg] _20479_/Q -> _19881_/D : -0.081794
[hold reg-reg] _20479_/Q -> _19044_/D : -0.081220
[hold reg-reg] _20479_/Q -> _19012_/D : -0.080325
[hold reg-reg] _20479_/Q -> _19813_/D : -0.076891
[hold reg-reg] _20479_/Q -> _18756_/D : -0.076250
[hold reg-reg] _20479_/Q -> _19939_/D : -0.072651
[hold reg-reg] _20479_/Q -> _19466_/D : -0.070481
[hold reg-reg] _20479_/Q -> _20357_/D : -0.070180
[hold reg-reg] _20479_/Q -> _19973_/D : -0.069495
[hold reg-reg] _20479_/Q -> _19849_/D : -0.069212
[hold reg-reg] _20479_/Q -> _19113_/D : -0.065771
[hold reg-reg] _20479_/Q -> _19109_/D : -0.065171
[hold reg-reg] _20479_/Q -> _20329_/D : -0.065164
[hold reg-reg] _20479_/Q -> _19464_/D : -0.064531
[hold reg-reg] _20479_/Q -> _19907_/D : -0.064306
[hold reg-reg] _20479_/Q -> _20325_/D : -0.064283
[hold reg-reg] _20479_/Q -> _19846_/D : -0.063546
[hold reg-reg] _20479_/Q -> _18405_/D : -0.062796
[hold reg-reg] _20479_/Q -> _19972_/D : -0.062707
[hold reg-reg] _20479_/Q -> _20327_/D : -0.061466
[hold reg-reg] _20479_/Q -> _20165_/D : -0.061315
[hold reg-reg] _20479_/Q -> _19780_/D : -0.060995
[hold reg-reg] _20479_/Q -> _20360_/D : -0.060348
[hold reg-reg] _20479_/Q -> _19940_/D : -0.060298
[hold reg-reg] _20479_/Q -> _18757_/D : -0.060238
[hold reg-reg] _20479_/Q -> _19875_/D : -0.059377
[hold reg-reg] _20479_/Q -> _19815_/D : -0.058883
[hold reg-reg] _20479_/Q -> _20362_/D : -0.056994
[hold reg-reg] _20461_/Q -> _19607_/D : -0.056527
[hold reg-reg] _20479_/Q -> _19112_/D : -0.055145
[hold reg-reg] _20479_/Q -> _20328_/D : -0.054909
[hold reg-reg] _20479_/Q -> _19946_/D : -0.054859
[hold reg-reg] _20479_/Q -> _19462_/D : -0.054277
[hold reg-reg] _20479_/Q -> _19463_/D : -0.052784
[hold reg-reg] _20479_/Q -> _19465_/D : -0.052754
[hold reg-reg] _20479_/Q -> _20168_/D : -0.051525
[hold reg-reg] _20479_/Q -> _20170_/D : -0.051092
[hold reg-reg] _20479_/Q -> _19816_/D : -0.050470
[hold reg-reg] _20479_/Q -> _19494_/D : -0.050187
[hold reg-reg] _20479_/Q -> _20358_/D : -0.049999
[hold reg-reg] _20479_/Q -> _20356_/D : -0.049701
[hold reg-reg] _20461_/Q -> _19575_/D : -0.049582
[hold reg-reg] _20479_/Q -> _20361_/D : -0.049015
[hold reg-reg] _20479_/Q -> _19492_/D : -0.048221
[hold reg-reg] _20479_/Q -> _20359_/D : -0.047379
[hold reg-reg] _20479_/Q -> _19108_/D : -0.044958
[hold reg-reg] _20479_/Q -> _19111_/D : -0.044230
[hold reg-reg] _20479_/Q -> _18760_/D : -0.043977
[hold reg-reg] _20479_/Q -> _18408_/D : -0.042505
[hold reg-reg] _20479_/Q -> _20166_/D : -0.041201
[hold reg-reg] _20479_/Q -> _20164_/D : -0.041110
[hold reg-reg] _20479_/Q -> _18762_/D : -0.041014
[hold reg-reg] _20479_/Q -> _19817_/D : -0.040599
[hold reg-reg] _20479_/Q -> _20169_/D : -0.040597
[hold reg-reg] _20479_/Q -> _19814_/D : -0.038945
[hold reg-reg] _20479_/Q -> _19459_/D : -0.036700
[hold reg-reg] _20479_/Q -> _20167_/D : -0.036588
[hold reg-reg] _20479_/Q -> _20326_/D : -0.035367
[hold reg-reg] _20479_/Q -> _18404_/D : -0.033840
[hold reg-reg] _20479_/Q -> _18409_/D : -0.033626
[hold reg-reg] _20479_/Q -> _18761_/D : -0.032941
[hold reg-reg] _20479_/Q -> _18407_/D : -0.032923
[hold reg-reg] _20479_/Q -> _20355_/D : -0.032479
[hold reg-reg] _20479_/Q -> _18759_/D : -0.029535
[hold reg-reg] _20479_/Q -> _19114_/D : -0.026313
[hold reg-reg] _20479_/Q -> _20330_/D : -0.026215
[hold reg-reg] _20479_/Q -> _19110_/D : -0.024780
[hold reg-reg] _20479_/Q -> _19818_/D : -0.023135
[hold reg-reg] _20479_/Q -> _20163_/D : -0.021881
[hold reg-reg] _20461_/Q -> _19130_/D : -0.019771
[hold reg-reg] _20461_/Q -> _19123_/D : -0.018046
[hold reg-reg] _20479_/Q -> _18758_/D : -0.017563
[hold reg-reg] _20479_/Q -> _20323_/D : -0.017005
[hold reg-reg] _20479_/Q -> _18410_/D : -0.015650
[hold reg-reg] _20479_/Q -> _19107_/D : -0.015081
[hold reg-reg] _20479_/Q -> _18406_/D : -0.014172
[hold reg-reg] _20479_/Q -> _18532_/D : -0.013525
[hold reg-reg] _20479_/Q -> _18500_/D : -0.012768
[hold reg-reg] _20479_/Q -> _18564_/D : -0.012028
[hold reg-reg] _20479_/Q -> _18755_/D : -0.011729
[hold reg-reg] _20479_/Q -> _18596_/D : -0.011656
[hold reg-reg] _20479_/Q -> _18501_/D : -0.011161
[hold reg-reg] _20461_/Q -> _20346_/D : -0.010434
[hold reg-reg] _20479_/Q -> _20420_/D : -0.010234
[hold reg-reg] _20479_/Q -> _20421_/D : -0.008669
[hold reg-reg] _20461_/Q -> _19827_/D : -0.008153
[hold reg-reg] _20461_/Q -> _20378_/D : -0.007550
[hold reg-reg] _20479_/Q -> _19811_/D : -0.007530
[hold reg-reg] _20479_/Q -> _18533_/D : -0.005661
[hold reg-reg] _20479_/Q -> _18597_/D : -0.005056
[hold reg-reg] _20461_/Q -> _18771_/D : -0.004601
[hold reg-reg] _20479_/Q -> _18565_/D : -0.004320
[hold reg-reg] _20479_/Q -> _19274_/D : -0.003665
[hold reg-reg] _20479_/Q -> _18436_/D : -0.003592
[hold reg-reg] _20479_/Q -> _19270_/D : -0.003165
[hold reg-reg] _20479_/Q -> _19242_/D : -0.002613
[hold reg-reg] _20479_/Q -> _18468_/D : -0.002572
[hold reg-reg] _20479_/Q -> _20424_/D : -0.002569
[hold reg-reg] _20479_/Q -> _19238_/D : -0.002066
[hold reg-reg] _20479_/Q -> _19434_/D : -0.001444
[hold reg-reg] _20479_/Q -> _19430_/D : -0.000965
Writing metric timing__hold_vio__count__corner:nom_tt_025C_1v80: 2550
Writing metric timing__hold_r2r__ws__corner:nom_tt_025C_1v80: -1.168305
Writing metric timing__hold_r2r_vio__count__corner:nom_tt_025C_1v80: 2488
Writing metric timing__setup_vio__count__corner:nom_tt_025C_1v80: 0
Writing metric timing__setup_r2r__ws__corner:nom_tt_025C_1v80: 12.607736
Writing metric timing__setup_r2r_vio__count__corner:nom_tt_025C_1v80: 0
